"row_id","canonical_tag","category","category_name","post_count","source_aliases","verified_aliases","existing_display_ja","existing_search_ja","existing_candidate_ja","existing_rejected_ja","related_copyright_candidates","display_ja","search_ja","translation_status","translation_note"
"I70-009501","fu_shun_(touqi_guaitan)","4","Character","298","","","","","符顺","","[{""copyright"":""touqi_guaitan"",""co_posts"":298,""character_coverage"":1.0},{""copyright"":""pokemon"",""co_posts"":2,""character_coverage"":0.006711},{""copyright"":""hito_mania_(utau)"",""co_posts"":1,""character_coverage"":0.003356},{""copyright"":""my_melody_(series)"",""co_posts"":1,""character_coverage"":0.003356},{""copyright"":""sanrio"",""co_posts"":1,""character_coverage"":0.003356}]","","","PENDING",""
"I70-009502","hoshizaki_akari","4","Character","298","","","","星咲あかり","","","[{""copyright"":""ongeki"",""co_posts"":277,""character_coverage"":1.0},{""copyright"":""comiket_107"",""co_posts"":4,""character_coverage"":0.01444},{""copyright"":""love_live!"",""co_posts"":3,""character_coverage"":0.01083},{""copyright"":""love_live!_hasu_no_sora_jogakuin_school_idol_club"",""co_posts"":3,""character_coverage"":0.01083},{""copyright"":""comiket_101"",""co_posts"":2,""character_coverage"":0.00722}]","","","PENDING",""
"I70-009503","isayama_mami","4","Character","298","","","","","諌山真実","","[{""copyright"":""cho_kaguya-hime!"",""co_posts"":251,""character_coverage"":1.0},{""copyright"":""animal_crossing"",""co_posts"":1,""character_coverage"":0.003984},{""copyright"":""bocchi_the_rock!"",""co_posts"":1,""character_coverage"":0.003984},{""copyright"":""crayon_shin-chan"",""co_posts"":1,""character_coverage"":0.003984},{""copyright"":""death_note"",""co_posts"":1,""character_coverage"":0.003984}]","","","PENDING",""
"I70-009504","kawashima_sapphire","4","Character","298","","","","","川島緑輝","","[{""copyright"":""hibike!_euphonium"",""co_posts"":286,""character_coverage"":1.0},{""copyright"":""gekijouban_hibike!_euphonium"",""co_posts"":13,""character_coverage"":0.045455},{""copyright"":""kyoto_animation"",""co_posts"":7,""character_coverage"":0.024476},{""copyright"":""animedia"",""co_posts"":5,""character_coverage"":0.017483},{""copyright"":""newtype"",""co_posts"":5,""character_coverage"":0.017483}]","","","PENDING",""
"I70-009505","kino_himari","4","Character","298","","","","木野ひまり","","","[{""copyright"":""sasayaku_you_ni_koi_wo_utau"",""co_posts"":293,""character_coverage"":1.0},{""copyright"":""kimi_to_tsuzuru_utakata"",""co_posts"":4,""character_coverage"":0.013652},{""copyright"":""alice's_adventures_in_wonderland"",""co_posts"":3,""character_coverage"":0.010239},{""copyright"":""sanrio"",""co_posts"":3,""character_coverage"":0.010239},{""copyright"":""fuwa_fuwa_cinnamoroll"",""co_posts"":2,""character_coverage"":0.006826}]","","","PENDING",""
"I70-009506","levi_the_slasher","4","Character","298","levi_russel,material-l","levi russel | material-l","","レヴィ・ザ・スラッシャー | レヴィ・ラッセル | 雷刃の襲撃者","","","[{""copyright"":""lyrical_nanoha"",""co_posts"":267,""character_coverage"":1.0},{""copyright"":""mahou_shoujo_lyrical_nanoha"",""co_posts"":196,""character_coverage"":0.734082},{""copyright"":""mahou_shoujo_lyrical_nanoha_a's"",""co_posts"":182,""character_coverage"":0.681648},{""copyright"":""mahou_shoujo_lyrical_nanoha_a's_portable:_the_battle_of_aces"",""co_posts"":165,""character_coverage"":0.617978},{""copyright"":""mahou_shoujo_lyrical_nanoha_innocent"",""co_posts"":45,""character_coverage"":0.168539}]","","","PENDING",""
"I70-009507","lost_robin_rondo","4","Character","298","","","","ロスト・ロビン・ロンド","","","[{""copyright"":""mahou_tsukai_no_yoru"",""co_posts"":204,""character_coverage"":0.747253},{""copyright"":""fate_(series)"",""co_posts"":128,""character_coverage"":0.468864},{""copyright"":""fate/grand_order"",""co_posts"":115,""character_coverage"":0.421245},{""copyright"":""fate/extra"",""co_posts"":29,""character_coverage"":0.106227},{""copyright"":""tsukihime"",""co_posts"":9,""character_coverage"":0.032967}]","","","PENDING",""
"I70-009508","matsumi_yuu","4","Character","298","","","","まつみゆう","松実宥","","[{""copyright"":""saki_(manga)"",""co_posts"":280,""character_coverage"":1.0},{""copyright"":""saki_achiga-hen"",""co_posts"":260,""character_coverage"":0.928571},{""copyright"":""mother_(series)"",""co_posts"":2,""character_coverage"":0.007143},{""copyright"":""mother_3"",""co_posts"":2,""character_coverage"":0.007143},{""copyright"":""nyantype"",""co_posts"":2,""character_coverage"":0.007143}]","","","PENDING",""
"I70-009509","mayuzumi_kai","4","Character","298","","","","","黛灰","","[{""copyright"":""nijisanji"",""co_posts"":294,""character_coverage"":1.0},{""copyright"":""nijisanji_id"",""co_posts"":10,""character_coverage"":0.034014},{""copyright"":""nijisanji_kr"",""co_posts"":10,""character_coverage"":0.034014},{""copyright"":""nijisanji_en"",""co_posts"":8,""character_coverage"":0.027211},{""copyright"":""nijisanji_koshien"",""co_posts"":4,""character_coverage"":0.013605}]","","","PENDING",""
"I70-009510","medama_oyaji","4","Character","298","","","","目玉おやじ","","","[{""copyright"":""gegege_no_kitarou"",""co_posts"":289,""character_coverage"":1.0},{""copyright"":""kitarou_tanjou:_gegege_no_nazo"",""co_posts"":61,""character_coverage"":0.211073},{""copyright"":""touhou"",""co_posts"":9,""character_coverage"":0.031142},{""copyright"":""neon_genesis_evangelion"",""co_posts"":6,""character_coverage"":0.020761},{""copyright"":""dragon_ball"",""co_posts"":5,""character_coverage"":0.017301}]","","","PENDING",""
"I70-009511","mizuki_kotori_(yu-gi-oh!)","4","Character","298","","","","","観月小鳥","","[{""copyright"":""yu-gi-oh!"",""co_posts"":270,""character_coverage"":1.0},{""copyright"":""yu-gi-oh!_zexal"",""co_posts"":269,""character_coverage"":0.996296},{""copyright"":""yu-gi-oh!_arc-v"",""co_posts"":61,""character_coverage"":0.225926},{""copyright"":""yu-gi-oh!_5d's"",""co_posts"":58,""character_coverage"":0.214815},{""copyright"":""yu-gi-oh!_gx"",""co_posts"":56,""character_coverage"":0.207407}]","","","PENDING",""
"I70-009512","morelull","4","Character","298","","","","ネマシュ","","","[{""copyright"":""pokemon"",""co_posts"":287,""character_coverage"":1.0},{""copyright"":""pokemon_sun_and_moon"",""co_posts"":32,""character_coverage"":0.111498},{""copyright"":""pokemon_sword_and_shield"",""co_posts"":19,""character_coverage"":0.066202},{""copyright"":""pokemon_(anime)"",""co_posts"":18,""character_coverage"":0.062718},{""copyright"":""pokemon_the_series:_sun_&_moon"",""co_posts"":10,""character_coverage"":0.034843}]","","","PENDING",""
"I70-009513","ninten","4","Character","298","","","","","ぼく(MOTHER)","","[{""copyright"":""mother_(series)"",""co_posts"":283,""character_coverage"":0.996479},{""copyright"":""mother_1"",""co_posts"":283,""character_coverage"":0.996479},{""copyright"":""mother_2"",""co_posts"":93,""character_coverage"":0.327465},{""copyright"":""mother_3"",""co_posts"":82,""character_coverage"":0.288732},{""copyright"":""mario_(series)"",""co_posts"":6,""character_coverage"":0.021127}]","","","PENDING",""
"I70-009514","nurse_robot_type_t","4","Character","298","","","","","ナースロボ_タイプT","","[{""copyright"":""utau"",""co_posts"":275,""character_coverage"":0.99278},{""copyright"":""voicevox"",""co_posts"":47,""character_coverage"":0.169675},{""copyright"":""vocaloid"",""co_posts"":45,""character_coverage"":0.162455},{""copyright"":""a.i._voice"",""co_posts"":18,""character_coverage"":0.064982},{""copyright"":""voisona"",""co_posts"":4,""character_coverage"":0.01444}]","","","PENDING",""
"I70-009515","regensburg_(azur_lane)","4","Character","298","","","","レーゲンスブルク | レーゲンスブルク(アズールレーン)","","","[{""copyright"":""azur_lane"",""co_posts"":261,""character_coverage"":1.0},{""copyright"":""comiket_106"",""co_posts"":2,""character_coverage"":0.007663},{""copyright"":""goddess_of_victory:_nikke"",""co_posts"":2,""character_coverage"":0.007663},{""copyright"":""comiket_105"",""co_posts"":1,""character_coverage"":0.003831},{""copyright"":""the_elder_scrolls"",""co_posts"":1,""character_coverage"":0.003831}]","","","PENDING",""
"I70-009516","silver_chariot","4","Character","298","","","","","シルバー・チャリオッツ","","[{""copyright"":""jojo_no_kimyou_na_bouken"",""co_posts"":289,""character_coverage"":1.0},{""copyright"":""stardust_crusaders"",""co_posts"":252,""character_coverage"":0.871972},{""copyright"":""vento_aureo"",""co_posts"":37,""character_coverage"":0.128028},{""copyright"":""diamond_wa_kudakenai"",""co_posts"":11,""character_coverage"":0.038062},{""copyright"":""steel_ball_run"",""co_posts"":8,""character_coverage"":0.027682}]","","","PENDING",""
"I70-009517","sophia_esteed","4","Character","298","","","","ソフィア・エスティード","","","[{""copyright"":""star_ocean"",""co_posts"":248,""character_coverage"":1.0},{""copyright"":""star_ocean:_till_the_end_of_time"",""co_posts"":246,""character_coverage"":0.991935},{""copyright"":""star_ocean:_anamnesis"",""co_posts"":19,""character_coverage"":0.076613},{""copyright"":""star_ocean:_the_last_hope"",""co_posts"":13,""character_coverage"":0.052419},{""copyright"":""star_ocean:_integrity_and_faithlessness"",""co_posts"":12,""character_coverage"":0.048387}]","","","PENDING",""
"I70-009518","tatsugiri_(stretchy)","4","Character","298","","","","","のびたすがた","","[{""copyright"":""pokemon"",""co_posts"":286,""character_coverage"":1.0},{""copyright"":""pokemon_scarlet_and_violet"",""co_posts"":41,""character_coverage"":0.143357},{""copyright"":""original"",""co_posts"":15,""character_coverage"":0.052448},{""copyright"":""pokemon_cafe_remix"",""co_posts"":7,""character_coverage"":0.024476},{""copyright"":""pokemon_tcg"",""co_posts"":5,""character_coverage"":0.017483}]","","","PENDING",""
"I70-009519","urd_(aa_megami-sama)","4","Character","298","","","","ウルド","","","[{""copyright"":""aa_megami-sama"",""co_posts"":202,""character_coverage"":1.0},{""copyright"":""megami_magazine"",""co_posts"":8,""character_coverage"":0.039604},{""copyright"":""megami_magazine_deluxe"",""co_posts"":5,""character_coverage"":0.024752},{""copyright"":""original"",""co_posts"":3,""character_coverage"":0.014851},{""copyright"":""tenchi_muyou!"",""co_posts"":3,""character_coverage"":0.014851}]","","","PENDING",""
"I70-009520","yandere-chan_(ramchi)","4","Character","298","","","","ヤンデレちゃん","","","[{""copyright"":""original"",""co_posts"":295,""character_coverage"":1.0},{""copyright"":""line_(naver)"",""co_posts"":1,""character_coverage"":0.00339},{""copyright"":""little_red_riding_hood_(fairy_tale)"",""co_posts"":1,""character_coverage"":0.00339}]","","","PENDING",""
"I70-009521","youngster_(pokemon)","4","Character","298","","","","たんぱんこぞう | たんパンこぞう(剣盾)","","","[{""copyright"":""pokemon"",""co_posts"":251,""character_coverage"":1.0},{""copyright"":""pokemon_sword_and_shield"",""co_posts"":126,""character_coverage"":0.501992},{""copyright"":""pokemon_black_and_white"",""co_posts"":36,""character_coverage"":0.143426},{""copyright"":""pokemon_x_and_y"",""co_posts"":32,""character_coverage"":0.12749},{""copyright"":""pokemon_heartgold_and_soulsilver"",""co_posts"":28,""character_coverage"":0.111554}]","","","PENDING",""
"I70-009522","zenos_yae_galvus","4","Character","298","","","","ゼノス | ゼノス・イェー・ガルヴァス","","","[{""copyright"":""final_fantasy"",""co_posts"":287,""character_coverage"":1.0},{""copyright"":""final_fantasy_xiv"",""co_posts"":287,""character_coverage"":1.0},{""copyright"":""original"",""co_posts"":26,""character_coverage"":0.090592},{""copyright"":""final_fantasy_vii"",""co_posts"":5,""character_coverage"":0.017422},{""copyright"":""square_enix"",""co_posts"":3,""character_coverage"":0.010453}]","","","PENDING",""
"I70-009523","aru_(new_year)_(blue_archive)","4","Character","297","rikuhachima_aru_(new_year)","rikuhachima aru (new year)","","アル(正月) | 陸八魔アル(正月)","","","[{""copyright"":""blue_archive"",""co_posts"":293,""character_coverage"":1.0},{""copyright"":""comiket_103"",""co_posts"":3,""character_coverage"":0.010239},{""copyright"":""irasutoya"",""co_posts"":2,""character_coverage"":0.006826},{""copyright"":""chainsaw_man"",""co_posts"":1,""character_coverage"":0.003413},{""copyright"":""mom's_touch"",""co_posts"":1,""character_coverage"":0.003413}]","","","PENDING",""
"I70-009524","black_jaguar_(kemono_friends)","4","Character","297","","","","ブラックジャガー(けものフレンズ)","","","[{""copyright"":""kemono_friends"",""co_posts"":283,""character_coverage"":1.0},{""copyright"":""kemono_friends_3"",""co_posts"":91,""character_coverage"":0.321555},{""copyright"":""crunchyroll"",""co_posts"":2,""character_coverage"":0.007067},{""copyright"":""keroro_gunsou"",""co_posts"":2,""character_coverage"":0.007067},{""copyright"":""coca-cola"",""co_posts"":1,""character_coverage"":0.003534}]","","","PENDING",""
"I70-009525","camille_(arknights)","4","Character","297","","","","","カミーユ","","[{""copyright"":""arknights"",""co_posts"":137,""character_coverage"":1.0},{""copyright"":""arknights:_endfield"",""co_posts"":136,""character_coverage"":0.992701},{""copyright"":""gundam"",""co_posts"":4,""character_coverage"":0.029197},{""copyright"":""zeta_gundam"",""co_posts"":4,""character_coverage"":0.029197}]","","","PENDING",""
"I70-009526","elsa_granhilte","4","Character","297","","","","エルザ・グランヒルテ","","","[{""copyright"":""re:zero_kara_hajimeru_isekai_seikatsu"",""co_posts"":260,""character_coverage"":1.0},{""copyright"":""re:zero_kara_ayamatsu_isekai_seikatsu"",""co_posts"":19,""character_coverage"":0.073077},{""copyright"":""re:zero_kara_hajimeru_isekai_seikatsu:_lost_in_memories"",""co_posts"":10,""character_coverage"":0.038462},{""copyright"":""bakuon!!"",""co_posts"":4,""character_coverage"":0.015385},{""copyright"":""netoge_no_yome_wa_onna_no_ko_janai_to_omotta?"",""co_posts"":4,""character_coverage"":0.015385}]","","","PENDING",""
"I70-009527","hanemiya_kazutora","4","Character","297","","","","","羽宮一虎","","[{""copyright"":""tokyo_revengers"",""co_posts"":282,""character_coverage"":1.0},{""copyright"":""tokyo_revengers_pazuribe!"",""co_posts"":15,""character_coverage"":0.053191},{""copyright"":""sanrio"",""co_posts"":7,""character_coverage"":0.024823},{""copyright"":""my_melody_(series)"",""co_posts"":5,""character_coverage"":0.01773},{""copyright"":""original"",""co_posts"":4,""character_coverage"":0.014184}]","","","PENDING",""
"I70-009528","hippolyta_(fate)","4","Character","297","","","","","ヒッポリュテ(Fate)","","[{""copyright"":""fate_(series)"",""co_posts"":289,""character_coverage"":0.996552},{""copyright"":""fate/strange_fake"",""co_posts"":240,""character_coverage"":0.827586},{""copyright"":""fate/grand_order"",""co_posts"":117,""character_coverage"":0.403448},{""copyright"":""fate/stay_night"",""co_posts"":6,""character_coverage"":0.02069},{""copyright"":""percy_jackson_and_the_olympians"",""co_posts"":2,""character_coverage"":0.006897}]","","","PENDING",""
"I70-009529","ichinose_honami_(youjitsu)","4","Character","297","","","","一之瀬帆波(ようこそ実力至上主義の教室へ)","一之瀬帆波","","[{""copyright"":""youkoso_jitsuryoku_shijou_shugi_no_kyoushitsu_e"",""co_posts"":245,""character_coverage"":1.0},{""copyright"":""hololive"",""co_posts"":2,""character_coverage"":0.008163},{""copyright"":""megami_magazine"",""co_posts"":2,""character_coverage"":0.008163},{""copyright"":""re:zero_kara_hajimeru_isekai_seikatsu"",""co_posts"":2,""character_coverage"":0.008163},{""copyright"":""bakemonogatari"",""co_posts"":1,""character_coverage"":0.004082}]","","","PENDING",""
"I70-009530","ike_eveland_(1st_costume)","4","Character","297","","","","","アイク・イーヴランド(通常)","","[{""copyright"":""nijisanji"",""co_posts"":294,""character_coverage"":1.0},{""copyright"":""nijisanji_en"",""co_posts"":294,""character_coverage"":1.0},{""copyright"":""holostars"",""co_posts"":9,""character_coverage"":0.030612},{""copyright"":""vocaloid"",""co_posts"":8,""character_coverage"":0.027211},{""copyright"":""noripro"",""co_posts"":5,""character_coverage"":0.017007}]","","","PENDING",""
"I70-009531","kate_(shadows_house)","4","Character","297","","","","ケイト | ケイト・シャドー","","","[{""copyright"":""shadows_house"",""co_posts"":287,""character_coverage"":0.996528},{""copyright"":""pokemon"",""co_posts"":4,""character_coverage"":0.013889},{""copyright"":""darling_in_the_franxx"",""co_posts"":2,""character_coverage"":0.006944},{""copyright"":""fate/stay_night"",""co_posts"":2,""character_coverage"":0.006944},{""copyright"":""fate_(series)"",""co_posts"":2,""character_coverage"":0.006944}]","","","PENDING",""
"I70-009532","kawamura_reo","4","Character","297","","","","","川村玲緒","","[{""copyright"":""sono_hanabira_ni_kuchizuke_wo"",""co_posts"":242,""character_coverage"":1.0},{""copyright"":""calpis"",""co_posts"":1,""character_coverage"":0.004132},{""copyright"":""cinderella_(fairy_tale)"",""co_posts"":1,""character_coverage"":0.004132},{""copyright"":""dengeki_hime"",""co_posts"":1,""character_coverage"":0.004132}]","","","PENDING",""
"I70-009533","kiryu_tsukasa_(idolmaster)","4","Character","297","kiryuu_tsukasa_(idolmaster)","kiryuu tsukasa (idolmaster)","","桐生つかさ","","","[{""copyright"":""idolmaster"",""co_posts"":290,""character_coverage"":1.0},{""copyright"":""idolmaster_cinderella_girls"",""co_posts"":290,""character_coverage"":1.0},{""copyright"":""idolmaster_cinderella_girls_starlight_stage"",""co_posts"":75,""character_coverage"":0.258621},{""copyright"":""cinderella_girls_gekijou"",""co_posts"":30,""character_coverage"":0.103448},{""copyright"":""idolmaster_million_live!"",""co_posts"":3,""character_coverage"":0.010345}]","","","PENDING",""
"I70-009534","knight_(yu-gi-oh!)","4","Character","297","","","","","騎士(遊戯王)","","[{""copyright"":""yu-gi-oh!"",""co_posts"":266,""character_coverage"":1.0},{""copyright"":""mega_man_(series)"",""co_posts"":6,""character_coverage"":0.022556},{""copyright"":""mega_man_battle_network_(series)"",""co_posts"":6,""character_coverage"":0.022556},{""copyright"":""yu-gi-oh!_5d's"",""co_posts"":6,""character_coverage"":0.022556},{""copyright"":""mega_man_battle_network_3"",""co_posts"":5,""character_coverage"":0.018797}]","","","PENDING",""
"I70-009535","long_island_(azur_lane)","4","Character","297","","","","ロングアイランド | ロングアイランド(アズールレーン) | ロング・アイランド | ロング・アイランド(アズールレーン)","长岛(碧蓝航线)","","[{""copyright"":""azur_lane"",""co_posts"":285,""character_coverage"":1.0},{""copyright"":""azur_lane:_slow_ahead"",""co_posts"":5,""character_coverage"":0.017544},{""copyright"":""coca-cola"",""co_posts"":5,""character_coverage"":0.017544},{""copyright"":""comiket_99"",""co_posts"":4,""character_coverage"":0.014035},{""copyright"":""neptune_(series)"",""co_posts"":3,""character_coverage"":0.010526}]","","","PENDING",""
"I70-009536","padparadscha_(houseki_no_kuni)","4","Character","297","","","","パパラチア","","","[{""copyright"":""houseki_no_kuni"",""co_posts"":285,""character_coverage"":1.0},{""copyright"":""alice's_adventures_in_wonderland"",""co_posts"":1,""character_coverage"":0.003509},{""copyright"":""jojo_no_kimyou_na_bouken"",""co_posts"":1,""character_coverage"":0.003509},{""copyright"":""naruto_(series)"",""co_posts"":1,""character_coverage"":0.003509},{""copyright"":""skullgirls"",""co_posts"":1,""character_coverage"":0.003509}]","","","PENDING",""
"I70-009537","rufus_shinra","4","Character","297","","","","","ルーファウス神羅","","[{""copyright"":""final_fantasy"",""co_posts"":280,""character_coverage"":1.0},{""copyright"":""final_fantasy_vii"",""co_posts"":280,""character_coverage"":1.0},{""copyright"":""final_fantasy_vii_remake"",""co_posts"":176,""character_coverage"":0.628571},{""copyright"":""final_fantasy_vii_rebirth"",""co_posts"":45,""character_coverage"":0.160714},{""copyright"":""final_fantasy_vii:_advent_children"",""co_posts"":35,""character_coverage"":0.125}]","","","PENDING",""
"I70-009538","sacred_claire","4","Character","297","","","","","セイクリッドクレール","","[{""copyright"":""genseishinki_sacred_virth"",""co_posts"":275,""character_coverage"":1.0}]","","","PENDING",""
"I70-009539","shikyoin_hibiki","4","Character","297","shikyouin_hibiki","shikyouin hibiki","","","紫京院ひびき","","[{""copyright"":""pretty_series"",""co_posts"":294,""character_coverage"":1.0},{""copyright"":""pripara"",""co_posts"":294,""character_coverage"":1.0},{""copyright"":""idol_time_pripara"",""co_posts"":12,""character_coverage"":0.040816},{""copyright"":""kiratto_pri_chan"",""co_posts"":6,""character_coverage"":0.020408},{""copyright"":""pretty_rhythm"",""co_posts"":6,""character_coverage"":0.020408}]","","","PENDING",""
"I70-009540","shion_(tensura)","4","Character","297","shion_(tensei_shitara_slime_datta_ken)","shion (tensei shitara slime datta ken)","","","シオン(転生したらスライムだった件)","","[{""copyright"":""tensei_shitara_slime_datta_ken"",""co_posts"":244,""character_coverage"":1.0},{""copyright"":""original"",""co_posts"":6,""character_coverage"":0.02459},{""copyright"":""kono_subarashii_sekai_ni_shukufuku_wo!"",""co_posts"":4,""character_coverage"":0.016393},{""copyright"":""spy_x_family"",""co_posts"":3,""character_coverage"":0.012295},{""copyright"":""world_dai_star"",""co_posts"":3,""character_coverage"":0.012295}]","","","PENDING",""
"I70-009541","tobisawa_misaki","4","Character","297","","","","鳶沢みさき","","","[{""copyright"":""ao_no_kanata_no_four_rhythm"",""co_posts"":285,""character_coverage"":1.0},{""copyright"":""fate/grand_order"",""co_posts"":4,""character_coverage"":0.014035},{""copyright"":""fate_(series)"",""co_posts"":4,""character_coverage"":0.014035},{""copyright"":""megami_magazine"",""co_posts"":2,""character_coverage"":0.007018},{""copyright"":""science_adventure"",""co_posts"":2,""character_coverage"":0.007018}]","","","PENDING",""
"I70-009542","toudou_naoya","4","Character","297","","","","ピアスの少年","朱雀院慈平 | 藤堂尚也 | 鳴海優也","boy_with_earring","[{""copyright"":""persona"",""co_posts"":264,""character_coverage"":1.0},{""copyright"":""persona_1"",""co_posts"":262,""character_coverage"":0.992424},{""copyright"":""persona_2"",""co_posts"":137,""character_coverage"":0.518939},{""copyright"":""persona_3"",""co_posts"":129,""character_coverage"":0.488636},{""copyright"":""persona_4"",""co_posts"":126,""character_coverage"":0.477273}]","","","PENDING",""
"I70-009543","uchida_momo","4","Character","297","","","","","内田桃","","[{""copyright"":""futsuu_no_keion-bu"",""co_posts"":296,""character_coverage"":1.0},{""copyright"":""bocchi_the_rock!"",""co_posts"":2,""character_coverage"":0.006757},{""copyright"":""bucchigiri?!"",""co_posts"":2,""character_coverage"":0.006757},{""copyright"":""love_je_t'aime"",""co_posts"":2,""character_coverage"":0.006757},{""copyright"":""sankyuu_pitch"",""co_posts"":2,""character_coverage"":0.006757}]","","","PENDING",""
"I70-009544","vanessa_(kof)","4","Character","297","","","","ヴァネッサ | ヴァネッサ(KOF)","温妮莎","","[{""copyright"":""the_king_of_fighters"",""co_posts"":254,""character_coverage"":1.0},{""copyright"":""the_king_of_fighters_2000"",""co_posts"":38,""character_coverage"":0.149606},{""copyright"":""the_king_of_fighters_xiv"",""co_posts"":31,""character_coverage"":0.122047},{""copyright"":""fatal_fury"",""co_posts"":27,""character_coverage"":0.106299},{""copyright"":""the_king_of_fighters_xv"",""co_posts"":20,""character_coverage"":0.07874}]","","","PENDING",""
"I70-009545","xemnas","4","Character","297","","","","","ゼムナス","","[{""copyright"":""kingdom_hearts"",""co_posts"":261,""character_coverage"":1.0},{""copyright"":""kingdom_hearts_ii"",""co_posts"":163,""character_coverage"":0.624521},{""copyright"":""kingdom_hearts_358/2_days"",""co_posts"":33,""character_coverage"":0.126437},{""copyright"":""kingdom_hearts_birth_by_sleep"",""co_posts"":20,""character_coverage"":0.076628},{""copyright"":""kingdom_hearts_iii"",""co_posts"":18,""character_coverage"":0.068966}]","","","PENDING",""
"I70-009546","akino_kaede","4","Character","296","","","","","秋野かえで","","[{""copyright"":""mahou_shoujo_madoka_magica"",""co_posts"":281,""character_coverage"":1.0},{""copyright"":""magia_record:_mahou_shoujo_madoka_magica_gaiden"",""co_posts"":280,""character_coverage"":0.996441},{""copyright"":""mahou_shoujo_madoka_magica_magia_exedra"",""co_posts"":15,""character_coverage"":0.053381},{""copyright"":""mahou_shoujo_madoka_magica_(anime)"",""co_posts"":10,""character_coverage"":0.035587},{""copyright"":""mahou_shoujo_madoka_magica:_hangyaku_no_monogatari"",""co_posts"":5,""character_coverage"":0.017794}]","","","PENDING",""
"I70-009547","aoi_nagisa","4","Character","296","","","","","蒼井渚砂","","[{""copyright"":""strawberry_panic!"",""co_posts"":238,""character_coverage"":1.0},{""copyright"":""dengeki_g's"",""co_posts"":6,""character_coverage"":0.02521},{""copyright"":""baby_princess"",""co_posts"":1,""character_coverage"":0.004202},{""copyright"":""bishoujo_senshi_sailor_moon"",""co_posts"":1,""character_coverage"":0.004202},{""copyright"":""formula_one"",""co_posts"":1,""character_coverage"":0.004202}]","","","PENDING",""
"I70-009548","ash_lynx","4","Character","296","","","","","アッシュ・リンクス","","[{""copyright"":""banana_fish"",""co_posts"":245,""character_coverage"":1.0},{""copyright"":""yuri!!!_on_ice"",""co_posts"":3,""character_coverage"":0.012245},{""copyright"":""fire_emblem"",""co_posts"":2,""character_coverage"":0.008163},{""copyright"":""one_piece"",""co_posts"":2,""character_coverage"":0.008163},{""copyright"":""promare"",""co_posts"":2,""character_coverage"":0.008163}]","","","PENDING",""
"I70-009549","atago_(school_traumerei)_(azur_lane)","4","Character","296","atago_(school_daydream)_(azur_lane)","atago (school daydream) (azur lane)","","学園トロイメライ","学园幻想曲","","[{""copyright"":""azur_lane"",""co_posts"":286,""character_coverage"":1.0},{""copyright"":""comiket_94"",""co_posts"":6,""character_coverage"":0.020979},{""copyright"":""2018_fifa_world_cup"",""co_posts"":1,""character_coverage"":0.003497},{""copyright"":""comiket_95"",""co_posts"":1,""character_coverage"":0.003497},{""copyright"":""goodbye_sengen_(vocaloid)"",""co_posts"":1,""character_coverage"":0.003497}]","","","PENDING",""
"I70-009550","double_(skullgirls)","4","Character","296","","","","ダブル","","","[{""copyright"":""skullgirls"",""co_posts"":254,""character_coverage"":1.0},{""copyright"":""jojo_no_kimyou_na_bouken"",""co_posts"":3,""character_coverage"":0.011811},{""copyright"":""darkstalkers"",""co_posts"":2,""character_coverage"":0.007874},{""copyright"":""fate_(series)"",""co_posts"":2,""character_coverage"":0.007874},{""copyright"":""guilty_gear"",""co_posts"":2,""character_coverage"":0.007874}]","","","PENDING",""
"I70-009551","douki-kun_(douki-chan)","4","Character","296","douki-kun_(yomu_(sgt_epper)),senpai_(yomu_(sgt_epper))","douki-kun (yomu (sgt epper)) | senpai (yomu (sgt epper))","","同期くん","","","[{""copyright"":""ganbare_douki-chan"",""co_posts"":289,""character_coverage"":1.0},{""copyright"":""original"",""co_posts"":8,""character_coverage"":0.027682},{""copyright"":""getsuyoubi_no_tawawa"",""co_posts"":5,""character_coverage"":0.017301},{""copyright"":""miru_tights"",""co_posts"":1,""character_coverage"":0.00346},{""copyright"":""where's_wally?"",""co_posts"":1,""character_coverage"":0.00346}]","","","PENDING",""
"I70-009552","eunectes_(forgemaster)_(arknights)","4","Character","296","","","","","eunectes（forgmaster）（arknights）","","[{""copyright"":""arknights"",""co_posts"":295,""character_coverage"":1.0},{""copyright"":""fire_emblem"",""co_posts"":2,""character_coverage"":0.00678},{""copyright"":""fire_emblem_awakening"",""co_posts"":2,""character_coverage"":0.00678},{""copyright"":""cytus"",""co_posts"":1,""character_coverage"":0.00339},{""copyright"":""cytus_ii"",""co_posts"":1,""character_coverage"":0.00339}]","","","PENDING",""
"I70-009553","hiyori_sou","4","Character","296","","","","","日和颯","","[{""copyright"":""kimi_ga_shine"",""co_posts"":269,""character_coverage"":1.0},{""copyright"":""danganronpa_(series)"",""co_posts"":6,""character_coverage"":0.022305},{""copyright"":""omori"",""co_posts"":6,""character_coverage"":0.022305},{""copyright"":""danganronpa_v3:_killing_harmony"",""co_posts"":5,""character_coverage"":0.018587},{""copyright"":""ib_(kouri)"",""co_posts"":5,""character_coverage"":0.018587}]","","","PENDING",""
"I70-009554","ibuki_(azur_lane)","4","Character","296","","","","伊吹(アズールレーン)","伊吹 | 峦","","[{""copyright"":""azur_lane"",""co_posts"":275,""character_coverage"":1.0},{""copyright"":""azur_lane:_slow_ahead"",""co_posts"":7,""character_coverage"":0.025455},{""copyright"":""world_of_warships"",""co_posts"":5,""character_coverage"":0.018182},{""copyright"":""to_love-ru"",""co_posts"":2,""character_coverage"":0.007273},{""copyright"":""goodsmile_company"",""co_posts"":1,""character_coverage"":0.003636}]","","","PENDING",""
"I70-009555","jack_skellington","4","Character","296","","","","","ジャック・スケリントン","","[{""copyright"":""the_nightmare_before_christmas"",""co_posts"":254,""character_coverage"":0.954887},{""copyright"":""twisted_wonderland"",""co_posts"":87,""character_coverage"":0.327068},{""copyright"":""kingdom_hearts"",""co_posts"":16,""character_coverage"":0.06015},{""copyright"":""original"",""co_posts"":12,""character_coverage"":0.045113},{""copyright"":""disney"",""co_posts"":10,""character_coverage"":0.037594}]","","","PENDING",""
"I70-009556","kamikoshi_sorawo","4","Character","296","","","","","紙越空魚","","[{""copyright"":""urasekai_picnic"",""co_posts"":271,""character_coverage"":1.0},{""copyright"":""japanese_urban_legends"",""co_posts"":4,""character_coverage"":0.01476},{""copyright"":""dandadan"",""co_posts"":2,""character_coverage"":0.00738},{""copyright"":""lycoris_recoil"",""co_posts"":2,""character_coverage"":0.00738},{""copyright"":""square_enix"",""co_posts"":2,""character_coverage"":0.00738}]","","","PENDING",""
"I70-009557","kizaru_(one_piece)","4","Character","296","borsalino_(one_piece),borsalino_(kizaru)","borsalino (kizaru) | borsalino (one piece)","","","ボルサリーノ","","[{""copyright"":""one_piece"",""co_posts"":273,""character_coverage"":1.0},{""copyright"":""one_piece_card_game"",""co_posts"":13,""character_coverage"":0.047619},{""copyright"":""original"",""co_posts"":6,""character_coverage"":0.021978},{""copyright"":""kemono_friends"",""co_posts"":4,""character_coverage"":0.014652},{""copyright"":""kemono_friends_v_project"",""co_posts"":4,""character_coverage"":0.014652}]","","","PENDING",""
"I70-009558","mamiya_takuji","4","Character","296","","","","","間宮卓司","","[{""copyright"":""subarashiki_hibi"",""co_posts"":126,""character_coverage"":0.857143},{""copyright"":""tsui_no_sora"",""co_posts"":26,""character_coverage"":0.176871},{""copyright"":""tsui_no_sora_(remake)"",""co_posts"":16,""character_coverage"":0.108844},{""copyright"":""sayonara_wo_oshiete"",""co_posts"":2,""character_coverage"":0.013605},{""copyright"":""the_last_supper"",""co_posts"":2,""character_coverage"":0.013605}]","","","PENDING",""
"I70-009559","martha_(swimsuit_ruler)_(third_ascension)_(fate)","4","Character","296","","","","","マーサ（水着の支配者）（第三の昇天）（運命）","","[{""copyright"":""fate/grand_order"",""co_posts"":274,""character_coverage"":1.0},{""copyright"":""fate_(series)"",""co_posts"":274,""character_coverage"":1.0},{""copyright"":""final_fantasy"",""co_posts"":3,""character_coverage"":0.010949},{""copyright"":""final_fantasy_vii"",""co_posts"":3,""character_coverage"":0.010949},{""copyright"":""fate/extra"",""co_posts"":2,""character_coverage"":0.007299}]","","","PENDING",""
"I70-009560","medic_(sekaiju)","4","Character","296","","","","メディ子","","","[{""copyright"":""sekaiju_no_meikyuu"",""co_posts"":204,""character_coverage"":1.0},{""copyright"":""sekaiju_no_meikyuu_1"",""co_posts"":139,""character_coverage"":0.681373},{""copyright"":""sekaiju_no_meikyuu_2"",""co_posts"":58,""character_coverage"":0.284314},{""copyright"":""sekaiju_no_meikyuu_hd"",""co_posts"":18,""character_coverage"":0.088235},{""copyright"":""sekaiju_no_meikyuu_3"",""co_posts"":11,""character_coverage"":0.053922}]","","","PENDING",""
"I70-009561","motomiya_daisuke","4","Character","296","","","","","本宮大輔","","[{""copyright"":""digimon"",""co_posts"":276,""character_coverage"":1.0},{""copyright"":""digimon_adventure_02"",""co_posts"":262,""character_coverage"":0.949275},{""copyright"":""digimon_adventure"",""co_posts"":57,""character_coverage"":0.206522},{""copyright"":""digimon_frontier"",""co_posts"":39,""character_coverage"":0.141304},{""copyright"":""digimon_tamers"",""co_posts"":38,""character_coverage"":0.137681}]","","","PENDING",""
"I70-009562","olive_laurentia","4","Character","296","ol-chan_(norman_maggot)","ol-chan (norman maggot)","","","オリーブ・ローレンティア","OL-chan | olchan","[{""copyright"":""original"",""co_posts"":289,""character_coverage"":1.0},{""copyright"":""ombok_diving_and_delivery_services"",""co_posts"":2,""character_coverage"":0.00692},{""copyright"":""premier_league"",""co_posts"":2,""character_coverage"":0.00692},{""copyright"":""grand_theft_auto"",""co_posts"":1,""character_coverage"":0.00346},{""copyright"":""grand_theft_auto_vi"",""co_posts"":1,""character_coverage"":0.00346}]","","","PENDING",""
"I70-009563","ookami_ryouko","4","Character","296","","","","","大神涼子","","[{""copyright"":""ookami-san"",""co_posts"":281,""character_coverage"":1.0},{""copyright"":""toradora!"",""co_posts"":11,""character_coverage"":0.039146},{""copyright"":""dengeki_g's"",""co_posts"":3,""character_coverage"":0.010676},{""copyright"":""megami_magazine"",""co_posts"":3,""character_coverage"":0.010676},{""copyright"":""nyantype"",""co_posts"":3,""character_coverage"":0.010676}]","","","PENDING",""
"I70-009564","sara_(granblue_fantasy)","4","Character","296","","","","サラ | サラ(グラブル)","","","[{""copyright"":""granblue_fantasy"",""co_posts"":289,""character_coverage"":1.0},{""copyright"":""shingeki_no_bahamut"",""co_posts"":9,""character_coverage"":0.031142},{""copyright"":""idolmaster"",""co_posts"":3,""character_coverage"":0.010381},{""copyright"":""idolmaster_cinderella_girls"",""co_posts"":3,""character_coverage"":0.010381},{""copyright"":""jojo_no_kimyou_na_bouken"",""co_posts"":2,""character_coverage"":0.00692}]","","","PENDING",""
"I70-009565","shizuki_soujuurou","4","Character","296","","","","","静希草十郎","","[{""copyright"":""mahou_tsukai_no_yoru"",""co_posts"":260,""character_coverage"":0.955882},{""copyright"":""fate_(series)"",""co_posts"":66,""character_coverage"":0.242647},{""copyright"":""fate/grand_order"",""co_posts"":55,""character_coverage"":0.202206},{""copyright"":""tsukihime"",""co_posts"":19,""character_coverage"":0.069853},{""copyright"":""kara_no_kyoukai"",""co_posts"":14,""character_coverage"":0.051471}]","","","PENDING",""
"I70-009566","sion_eltnam_sokaris","4","Character","296","","","","シオン・エルトナム・ソカリス","","","[{""copyright"":""fate/grand_order"",""co_posts"":275,""character_coverage"":1.0},{""copyright"":""fate_(series)"",""co_posts"":275,""character_coverage"":1.0},{""copyright"":""tsukihime"",""co_posts"":10,""character_coverage"":0.036364},{""copyright"":""melty_blood"",""co_posts"":8,""character_coverage"":0.029091},{""copyright"":""under_night_in-birth"",""co_posts"":4,""character_coverage"":0.014545}]","","","PENDING",""
"I70-009567","takamine_takane","4","Character","296","","","","","鷹峰高嶺","","[{""copyright"":""haite_kudasai_takamine-san"",""co_posts"":287,""character_coverage"":1.0},{""copyright"":""original"",""co_posts"":13,""character_coverage"":0.045296}]","","","PENDING",""
"I70-009568","tita_russell","4","Character","296","","","","ティータ・ラッセル","","","[{""copyright"":""eiyuu_densetsu"",""co_posts"":289,""character_coverage"":1.0},{""copyright"":""sora_no_kiseki"",""co_posts"":218,""character_coverage"":0.754325},{""copyright"":""sen_no_kiseki_(series)"",""co_posts"":83,""character_coverage"":0.287197},{""copyright"":""sen_no_kiseki_iii"",""co_posts"":63,""character_coverage"":0.217993},{""copyright"":""sen_no_kiseki_iv"",""co_posts"":21,""character_coverage"":0.072664}]","","","PENDING",""
"I70-009569","toyama_daifuku","4","Character","296","","","","","大福(プリキュア)","","[{""copyright"":""precure"",""co_posts"":275,""character_coverage"":1.0},{""copyright"":""wonderful_precure!"",""co_posts"":274,""character_coverage"":0.996364},{""copyright"":""hirogaru_sky!_precure"",""co_posts"":21,""character_coverage"":0.076364},{""copyright"":""mahou_girls_precure!"",""co_posts"":11,""character_coverage"":0.04},{""copyright"":""kimi_to_idol_precure"",""co_posts"":8,""character_coverage"":0.029091}]","","","PENDING",""
"I70-009570","turbo_byakuren","4","Character","296","","","","","OL白蓮 | 深秘録白蓮","","[{""copyright"":""touhou"",""co_posts"":258,""character_coverage"":1.0},{""copyright"":""urban_legend_in_limbo"",""co_posts"":138,""character_coverage"":0.534884},{""copyright"":""touhou_lostword"",""co_posts"":7,""character_coverage"":0.027132},{""copyright"":""touhou_(pc-98)"",""co_posts"":4,""character_coverage"":0.015504},{""copyright"":""antinomy_of_common_flowers"",""co_posts"":2,""character_coverage"":0.007752}]","","","PENDING",""
"I70-009571","yukizome_chisa","4","Character","296","","","","雪染ちさ","","","[{""copyright"":""danganronpa_(series)"",""co_posts"":284,""character_coverage"":1.0},{""copyright"":""danganronpa_3_(anime)"",""co_posts"":280,""character_coverage"":0.985915},{""copyright"":""danganronpa_2:_goodbye_despair"",""co_posts"":46,""character_coverage"":0.161972},{""copyright"":""danganronpa:_trigger_happy_havoc"",""co_posts"":30,""character_coverage"":0.105634},{""copyright"":""danganronpa_v3:_killing_harmony"",""co_posts"":26,""character_coverage"":0.091549}]","","","PENDING",""
"I70-009572","adelbert_steiner","4","Character","295","","","","","アデルバート・スタイナー","","[{""copyright"":""final_fantasy"",""co_posts"":268,""character_coverage"":1.0},{""copyright"":""final_fantasy_ix"",""co_posts"":268,""character_coverage"":1.0},{""copyright"":""final_fantasy_vii"",""co_posts"":5,""character_coverage"":0.018657},{""copyright"":""dissidia_final_fantasy"",""co_posts"":4,""character_coverage"":0.014925},{""copyright"":""final_fantasy_v"",""co_posts"":4,""character_coverage"":0.014925}]","","","PENDING",""
"I70-009573","alice_(megami_tensei)","4","Character","295","","","","魔人アリス","","","[{""copyright"":""shin_megami_tensei"",""co_posts"":206,""character_coverage"":0.78327},{""copyright"":""persona"",""co_posts"":66,""character_coverage"":0.250951},{""copyright"":""persona_3"",""co_posts"":34,""character_coverage"":0.129278},{""copyright"":""devil_summoner_(series)"",""co_posts"":24,""character_coverage"":0.091255},{""copyright"":""megami_tensei"",""co_posts"":24,""character_coverage"":0.091255}]","","","PENDING",""
"I70-009574","aya_(project_tokyo_dolls)","4","Character","295","","","","","アヤ(プロジェクト東京ドールズ)","","[{""copyright"":""project_tokyo_dolls"",""co_posts"":293,""character_coverage"":1.0},{""copyright"":""youtube"",""co_posts"":3,""character_coverage"":0.010239},{""copyright"":""dragon_ball"",""co_posts"":2,""character_coverage"":0.006826},{""copyright"":""gridman_universe"",""co_posts"":2,""character_coverage"":0.006826},{""copyright"":""nier:automata"",""co_posts"":2,""character_coverage"":0.006826}]","","","PENDING",""
"I70-009575","carro_pino","4","Character","295","","","","カルロ・ピノ | ピノの自由帳","","","[{""copyright"":"".live"",""co_posts"":278,""character_coverage"":0.996416},{""copyright"":""pokemon"",""co_posts"":6,""character_coverage"":0.021505},{""copyright"":""hololive"",""co_posts"":4,""character_coverage"":0.014337},{""copyright"":""dragon_ball"",""co_posts"":2,""character_coverage"":0.007168},{""copyright"":""re:act"",""co_posts"":2,""character_coverage"":0.007168}]","","","PENDING",""
"I70-009576","cithis","4","Character","295","","","","シスヒス","","","[{""copyright"":""dungeon_meshi"",""co_posts"":290,""character_coverage"":1.0},{""copyright"":""golden_kamuy"",""co_posts"":4,""character_coverage"":0.013793},{""copyright"":""chiikawa"",""co_posts"":1,""character_coverage"":0.003448},{""copyright"":""harry_potter_(series)"",""co_posts"":1,""character_coverage"":0.003448},{""copyright"":""houseki_no_kuni"",""co_posts"":1,""character_coverage"":0.003448}]","","","PENDING",""
"I70-009577","darumaka","4","Character","295","","","","ダルマッカ","","","[{""copyright"":""pokemon"",""co_posts"":286,""character_coverage"":1.0},{""copyright"":""pokemon_black_and_white"",""co_posts"":84,""character_coverage"":0.293706},{""copyright"":""pokemon_(anime)"",""co_posts"":20,""character_coverage"":0.06993},{""copyright"":""pokemon_black_2_and_white_2"",""co_posts"":14,""character_coverage"":0.048951},{""copyright"":""pokemon_the_series:_black_&_white"",""co_posts"":12,""character_coverage"":0.041958}]","","","PENDING",""
"I70-009578","e._honda","4","Character","295","edmond_honda","edmond honda","","","エドモンド本田","","[{""copyright"":""street_fighter"",""co_posts"":254,""character_coverage"":0.996078},{""copyright"":""street_fighter_ii_(series)"",""co_posts"":76,""character_coverage"":0.298039},{""copyright"":""street_fighter_6"",""co_posts"":59,""character_coverage"":0.231373},{""copyright"":""street_fighter_zero_(series)"",""co_posts"":46,""character_coverage"":0.180392},{""copyright"":""final_fight"",""co_posts"":21,""character_coverage"":0.082353}]","","","PENDING",""
"I70-009579","emilie_(genshin_impact)","4","Character","295","","","","エミリエ | エミリエ(原神)","艾梅莉埃","","[{""copyright"":""genshin_impact"",""co_posts"":281,""character_coverage"":1.0},{""copyright"":""honkai_(series)"",""co_posts"":3,""character_coverage"":0.010676},{""copyright"":""mihoyo"",""co_posts"":3,""character_coverage"":0.010676},{""copyright"":""2024_summer_olympics"",""co_posts"":2,""character_coverage"":0.007117},{""copyright"":""honkai_impact_3rd"",""co_posts"":2,""character_coverage"":0.007117}]","","","PENDING",""
"I70-009580","ethel_(xenoblade)","4","Character","295","","","","エセル | エセル(ゼノブレイド3)","","","[{""copyright"":""xenoblade_chronicles_(series)"",""co_posts"":269,""character_coverage"":1.0},{""copyright"":""xenoblade_chronicles_3"",""co_posts"":269,""character_coverage"":1.0},{""copyright"":""xenoblade_chronicles_2"",""co_posts"":10,""character_coverage"":0.037175},{""copyright"":""xenoblade_chronicles_1"",""co_posts"":4,""character_coverage"":0.01487},{""copyright"":""xenoblade_chronicles_3:_future_redeemed"",""co_posts"":4,""character_coverage"":0.01487}]","","","PENDING",""
"I70-009581","godzilla_(monsterverse)","4","Character","295","","","","GODZILLA(モンスターバース)","","","[{""copyright"":""godzilla_(series)"",""co_posts"":268,""character_coverage"":1.0},{""copyright"":""monsterverse"",""co_posts"":249,""character_coverage"":0.929104},{""copyright"":""king_kong_(series)"",""co_posts"":119,""character_coverage"":0.44403},{""copyright"":""godzilla:_king_of_the_monsters"",""co_posts"":91,""character_coverage"":0.339552},{""copyright"":""godzilla_(2014)"",""co_posts"":87,""character_coverage"":0.324627}]","","","PENDING",""
"I70-009582","gundula_rall","4","Character","295","","","","グンドュラ・ラル","","","[{""copyright"":""world_witches_series"",""co_posts"":277,""character_coverage"":1.0},{""copyright"":""brave_witches"",""co_posts"":272,""character_coverage"":0.981949},{""copyright"":""strike_witches"",""co_posts"":51,""character_coverage"":0.184116},{""copyright"":""noble_witches"",""co_posts"":13,""character_coverage"":0.046931},{""copyright"":""strike_witches:_kurenai_no_majo-tachi"",""co_posts"":13,""character_coverage"":0.046931}]","","","PENDING",""
"I70-009583","jett_(valorant)","4","Character","295","","","","ジェット","","jett","[{""copyright"":""valorant"",""co_posts"":278,""character_coverage"":0.996416},{""copyright"":""apex_legends"",""co_posts"":5,""character_coverage"":0.017921},{""copyright"":""nijisanji"",""co_posts"":4,""character_coverage"":0.014337},{""copyright"":""real_life"",""co_posts"":4,""character_coverage"":0.014337},{""copyright"":""hololive"",""co_posts"":3,""character_coverage"":0.010753}]","","","PENDING",""
"I70-009584","kanzaki_hideri","4","Character","295","","","","神崎ひでり","","칸자키히데리 | 히데리","[{""copyright"":""blend_s"",""co_posts"":172,""character_coverage"":0.99422},{""copyright"":""fate_(series)"",""co_posts"":22,""character_coverage"":0.127168},{""copyright"":""fate/grand_order"",""co_posts"":15,""character_coverage"":0.086705},{""copyright"":""re:zero_kara_hajimeru_isekai_seikatsu"",""co_posts"":8,""character_coverage"":0.046243},{""copyright"":""fate/apocrypha"",""co_posts"":7,""character_coverage"":0.040462}]","","","PENDING",""
"I70-009585","kikuri_(touhou)","4","Character","295","","","","キクリ","","kikuri","[{""copyright"":""touhou"",""co_posts"":278,""character_coverage"":1.0},{""copyright"":""touhou_(pc-98)"",""co_posts"":278,""character_coverage"":1.0},{""copyright"":""highly_responsive_to_prayers"",""co_posts"":68,""character_coverage"":0.244604},{""copyright"":""story_of_eastern_wonderland"",""co_posts"":22,""character_coverage"":0.079137},{""copyright"":""lotus_land_story"",""co_posts"":16,""character_coverage"":0.057554}]","","","PENDING",""
"I70-009586","kinu_kai_ni_(kancolle)","4","Character","295","","","","","Kinu Kai Ni（Kancolle）","","[{""copyright"":""kantai_collection"",""co_posts"":293,""character_coverage"":1.0},{""copyright"":""fate/grand_order"",""co_posts"":3,""character_coverage"":0.010239},{""copyright"":""fate_(series)"",""co_posts"":3,""character_coverage"":0.010239},{""copyright"":""gundam"",""co_posts"":3,""character_coverage"":0.010239},{""copyright"":""gundam_narrative"",""co_posts"":3,""character_coverage"":0.010239}]","","","PENDING",""
"I70-009587","kouhai-chan_(douki-chan)","4","Character","295","kouhai-chan_(yomu_(sgt_epper)),douki-chan's_rival_(yomu_(sgt_epper)),office_lady's_rival_(yomu_(sgt_epper))","douki-chan's rival (yomu (sgt epper)) | kouhai-chan (yomu (sgt epper)) | office lady's rival (yomu (sgt epper))","","後輩ちゃん(がんばれ同期ちゃん)","","","[{""copyright"":""ganbare_douki-chan"",""co_posts"":287,""character_coverage"":1.0},{""copyright"":""original"",""co_posts"":7,""character_coverage"":0.02439},{""copyright"":""fate/grand_order"",""co_posts"":6,""character_coverage"":0.020906},{""copyright"":""fate_(series)"",""co_posts"":6,""character_coverage"":0.020906},{""copyright"":""miru_tights"",""co_posts"":4,""character_coverage"":0.013937}]","","","PENDING",""
"I70-009588","last_rite_(arknights)","4","Character","295","","","","","ラストライト(エンドフィールド)","","[{""copyright"":""arknights"",""co_posts"":268,""character_coverage"":1.0},{""copyright"":""arknights:_endfield"",""co_posts"":268,""character_coverage"":1.0}]","","","PENDING",""
"I70-009589","lina_(michihasu)","4","Character","295","","","","リナ・ベル・ロール","","","[{""copyright"":""original"",""co_posts"":281,""character_coverage"":0.996454},{""copyright"":""azur_lane"",""co_posts"":3,""character_coverage"":0.010638},{""copyright"":""atelier_(series)"",""co_posts"":2,""character_coverage"":0.007092},{""copyright"":""atelier_ryza"",""co_posts"":2,""character_coverage"":0.007092},{""copyright"":""atelier_ryza_1"",""co_posts"":2,""character_coverage"":0.007092}]","","","PENDING",""
"I70-009590","mine_(idol)_(blue_archive)","4","Character","295","","","","","蒼森ミネ(アイドル)","","[{""copyright"":""blue_archive"",""co_posts"":279,""character_coverage"":1.0},{""copyright"":""blue_archive_the_animation"",""co_posts"":3,""character_coverage"":0.010753},{""copyright"":""comiket_105"",""co_posts"":3,""character_coverage"":0.010753},{""copyright"":""spongebob_squarepants_(series)"",""co_posts"":2,""character_coverage"":0.007168},{""copyright"":""fate/strange_fake"",""co_posts"":1,""character_coverage"":0.003584}]","","","PENDING",""
"I70-009591","princess_tutu_(character)","4","Character","295","","","","プリンセスチュチュ","彩夢芭蕾 | 彩梦芭蕾","princesstutu","[{""copyright"":""princess_tutu"",""co_posts"":276,""character_coverage"":0.99639},{""copyright"":""bishoujo_senshi_sailor_moon"",""co_posts"":10,""character_coverage"":0.036101},{""copyright"":""cardcaptor_sakura"",""co_posts"":10,""character_coverage"":0.036101},{""copyright"":""mermaid_melody_pichi_pichi_pitch"",""co_posts"":10,""character_coverage"":0.036101},{""copyright"":""ojamajo_doremi"",""co_posts"":8,""character_coverage"":0.028881}]","","","PENDING",""
"I70-009592","satono_crown_(emerald_journey)_(umamusume)","4","Character","295","","","","","黒翠千里行","","[{""copyright"":""umamusume"",""co_posts"":283,""character_coverage"":1.0},{""copyright"":""real_life"",""co_posts"":4,""character_coverage"":0.014134},{""copyright"":""bocchi_the_rock!"",""co_posts"":2,""character_coverage"":0.007067},{""copyright"":""yu-gi-oh!"",""co_posts"":2,""character_coverage"":0.007067},{""copyright"":""blue_archive"",""co_posts"":1,""character_coverage"":0.003534}]","","","PENDING",""
"I70-009593","shitodo_aoji","4","Character","295","","","","","鵐蒿雀","","[{""copyright"":""len'en"",""co_posts"":250,""character_coverage"":1.0},{""copyright"":""evanescent_existence"",""co_posts"":26,""character_coverage"":0.104},{""copyright"":""brilliant_pagoda_or_haze_castle"",""co_posts"":11,""character_coverage"":0.044},{""copyright"":""earthen_miraculous_sword"",""co_posts"":7,""character_coverage"":0.028},{""copyright"":""reactivate_majestical_imperial"",""co_posts"":6,""character_coverage"":0.024}]","","","PENDING",""
"I70-009594","sunny_(hospital_gown)_(omori)","4","Character","295","","","","","","","[{""copyright"":""omori"",""co_posts"":276,""character_coverage"":1.0},{""copyright"":""yume_nikki"",""co_posts"":3,""character_coverage"":0.01087},{""copyright"":""looney_tunes"",""co_posts"":2,""character_coverage"":0.007246},{""copyright"":""undertale"",""co_posts"":2,""character_coverage"":0.007246},{""copyright"":""utdr_(toby_fox)"",""co_posts"":2,""character_coverage"":0.007246}]","","","PENDING",""
"I70-009595","takayama_maria","4","Character","295","","","","高山マリア","","","[{""copyright"":""boku_wa_tomodachi_ga_sukunai"",""co_posts"":272,""character_coverage"":1.0},{""copyright"":""newtype"",""co_posts"":4,""character_coverage"":0.014706},{""copyright"":""megami_magazine"",""co_posts"":3,""character_coverage"":0.011029},{""copyright"":""nyantype"",""co_posts"":2,""character_coverage"":0.007353},{""copyright"":""shinryaku!_ikamusume"",""co_posts"":2,""character_coverage"":0.007353}]","","","PENDING",""
"I70-009596","tenochtitlan_(first_ascension)_(fate)","4","Character","295","","","","","","","[{""copyright"":""fate/grand_order"",""co_posts"":280,""character_coverage"":0.992908},{""copyright"":""fate_(series)"",""co_posts"":280,""character_coverage"":0.992908},{""copyright"":""fate/dream_striker"",""co_posts"":4,""character_coverage"":0.014184},{""copyright"":""tsukihime"",""co_posts"":2,""character_coverage"":0.007092},{""copyright"":""vocaloid"",""co_posts"":2,""character_coverage"":0.007092}]","","","PENDING",""
"I70-009597","tenzin_(arknights)","4","Character","295","","","","","テンジン（arknights）","","[{""copyright"":""arknights"",""co_posts"":288,""character_coverage"":1.0},{""copyright"":""ambience_synesthesia"",""co_posts"":18,""character_coverage"":0.0625},{""copyright"":""bilibili"",""co_posts"":2,""character_coverage"":0.006944},{""copyright"":""girls'_frontline"",""co_posts"":2,""character_coverage"":0.006944},{""copyright"":""twitter"",""co_posts"":2,""character_coverage"":0.006944}]","","","PENDING",""
"I70-009598","viichan","4","Character","295","","","","","","vlichan | 비챤","[{""copyright"":""isegye_idol"",""co_posts"":267,""character_coverage"":1.0},{""copyright"":""waktaverse"",""co_posts"":267,""character_coverage"":1.0},{""copyright"":""wuthering_waves"",""co_posts"":3,""character_coverage"":0.011236},{""copyright"":""alice's_adventures_in_wonderland"",""co_posts"":2,""character_coverage"":0.007491},{""copyright"":""minecraft"",""co_posts"":2,""character_coverage"":0.007491}]","","","PENDING",""
"I70-009599","wakabayashi_tomoka","4","Character","295","","","","","若林智香","","[{""copyright"":""idolmaster"",""co_posts"":283,""character_coverage"":1.0},{""copyright"":""idolmaster_cinderella_girls"",""co_posts"":283,""character_coverage"":1.0},{""copyright"":""idolmaster_cinderella_girls_starlight_stage"",""co_posts"":39,""character_coverage"":0.137809},{""copyright"":""cinderella_girls_gekijou"",""co_posts"":33,""character_coverage"":0.116608},{""copyright"":""idolmaster_(classic)"",""co_posts"":3,""character_coverage"":0.010601}]","","","PENDING",""
"I70-009600","willow_(reverse:1999)","4","Character","295","","","","","ヴィロー","","[{""copyright"":""reverse:1999"",""co_posts"":285,""character_coverage"":1.0},{""copyright"":""gundam"",""co_posts"":2,""character_coverage"":0.007018},{""copyright"":""gundam_suisei_no_majo"",""co_posts"":2,""character_coverage"":0.007018},{""copyright"":""assassin's_creed_(series)"",""co_posts"":1,""character_coverage"":0.003509},{""copyright"":""assassin's_creed_ii"",""co_posts"":1,""character_coverage"":0.003509}]","","","PENDING",""
"I70-009601","arimura_hinae","4","Character","294","","","","","雛絵祭り","","[{""copyright"":""chaos;child"",""co_posts"":279,""character_coverage"":1.0},{""copyright"":""science_adventure"",""co_posts"":279,""character_coverage"":1.0},{""copyright"":""chaos;child_love_chu_chu!!"",""co_posts"":28,""character_coverage"":0.100358},{""copyright"":""robotics;notes"",""co_posts"":3,""character_coverage"":0.010753},{""copyright"":""chaos;head"",""co_posts"":2,""character_coverage"":0.007168}]","","","PENDING",""
"I70-009602","azuki_(nekopara)","4","Character","294","azuki_(sayori)","azuki (sayori)","","アズキ | アズキ(ネコぱら)","","","[{""copyright"":""nekopara"",""co_posts"":272,""character_coverage"":1.0},{""copyright"":""nekopara_sekai_connect"",""co_posts"":6,""character_coverage"":0.022059},{""copyright"":""goodsmile_company"",""co_posts"":2,""character_coverage"":0.007353},{""copyright"":""2ch.ru"",""co_posts"":1,""character_coverage"":0.003676},{""copyright"":""everlasting_summer"",""co_posts"":1,""character_coverage"":0.003676}]","","","PENDING",""
"I70-009603","bradamante_(third_ascension)_(fate)","4","Character","294","","","","","ブラダマンテ（第三の昇天）（運命）","","[{""copyright"":""fate/grand_order"",""co_posts"":275,""character_coverage"":1.0},{""copyright"":""fate_(series)"",""co_posts"":275,""character_coverage"":1.0},{""copyright"":""fate/extella"",""co_posts"":2,""character_coverage"":0.007273},{""copyright"":""fate/extella_link"",""co_posts"":2,""character_coverage"":0.007273},{""copyright"":""fate/extra"",""co_posts"":2,""character_coverage"":0.007273}]","","","PENDING",""
"I70-009604","charlotte_katakuri","4","Character","294","","","","シャーロット・カタクリ","","","[{""copyright"":""one_piece"",""co_posts"":281,""character_coverage"":1.0},{""copyright"":""original"",""co_posts"":21,""character_coverage"":0.074733},{""copyright"":""one_piece_card_game"",""co_posts"":16,""character_coverage"":0.05694},{""copyright"":""pokemon"",""co_posts"":3,""character_coverage"":0.010676},{""copyright"":""jojo_no_kimyou_na_bouken"",""co_posts"":2,""character_coverage"":0.007117}]","","","PENDING",""
"I70-009605","gridman_(character)","4","Character","294","gridman_(denkou_choujin),gridman_(ssss)","gridman (denkou choujin) | gridman (ssss)","","","グリッドマン","","[{""copyright"":""gridman_universe"",""co_posts"":252,""character_coverage"":0.94382},{""copyright"":""ssss.gridman"",""co_posts"":204,""character_coverage"":0.764045},{""copyright"":""gridman_universe_(movie)"",""co_posts"":54,""character_coverage"":0.202247},{""copyright"":""denkou_choujin_gridman"",""co_posts"":46,""character_coverage"":0.172285},{""copyright"":""ultra_series"",""co_posts"":22,""character_coverage"":0.082397}]","","","PENDING",""
"I70-009606","hattori_shizuka","4","Character","294","","","","","服部静夏","","[{""copyright"":""world_witches_series"",""co_posts"":269,""character_coverage"":1.0},{""copyright"":""strike_witches"",""co_posts"":268,""character_coverage"":0.996283},{""copyright"":""strike_witches:_suomus_misfits_squadron"",""co_posts"":13,""character_coverage"":0.048327},{""copyright"":""brave_witches"",""co_posts"":12,""character_coverage"":0.04461},{""copyright"":""strike_witches:_katayoku_no_majo-tachi"",""co_posts"":11,""character_coverage"":0.040892}]","","","PENDING",""
"I70-009607","ishikirimaru","4","Character","294","","","","","石切丸(刀剣乱舞)","","[{""copyright"":""touken_ranbu"",""co_posts"":293,""character_coverage"":1.0},{""copyright"":""touken_ranbu:_hanamaru"",""co_posts"":6,""character_coverage"":0.020478},{""copyright"":""kantai_collection"",""co_posts"":3,""character_coverage"":0.010239},{""copyright"":""pokemon"",""co_posts"":3,""character_coverage"":0.010239},{""copyright"":""kekkai_sensen"",""co_posts"":2,""character_coverage"":0.006826}]","","","PENDING",""
"I70-009608","kachimachi_kosuzu_(summer_loungewear)","4","Character","294","","","","","","","[{""copyright"":""love_live!"",""co_posts"":286,""character_coverage"":1.0},{""copyright"":""love_live!_hasu_no_sora_jogakuin_school_idol_club"",""co_posts"":286,""character_coverage"":1.0},{""copyright"":""project_sekai"",""co_posts"":2,""character_coverage"":0.006993},{""copyright"":""aurora_flower_(love_live!)"",""co_posts"":1,""character_coverage"":0.003497},{""copyright"":""bloom_the_smile_bloom_the_dream!"",""co_posts"":1,""character_coverage"":0.003497}]","","","PENDING",""
"I70-009609","mitachurl_(genshin_impact)","4","Character","294","","","","","","","[{""copyright"":""genshin_impact"",""co_posts"":280,""character_coverage"":1.0},{""copyright"":""original"",""co_posts"":2,""character_coverage"":0.007143},{""copyright"":""doom_(series)"",""co_posts"":1,""character_coverage"":0.003571},{""copyright"":""doom_eternal"",""co_posts"":1,""character_coverage"":0.003571},{""copyright"":""gakkou_no_kaidan_(anime)"",""co_posts"":1,""character_coverage"":0.003571}]","","","PENDING",""
"I70-009610","naruse_mio","4","Character","294","","","","","成瀬澪","","[{""copyright"":""shinmai_maou_no_testament"",""co_posts"":227,""character_coverage"":1.0},{""copyright"":""nyantype"",""co_posts"":8,""character_coverage"":0.035242},{""copyright"":""megami_magazine"",""co_posts"":6,""character_coverage"":0.026432},{""copyright"":""high_school_dxd"",""co_posts"":3,""character_coverage"":0.013216},{""copyright"":""dengeki_g's"",""co_posts"":2,""character_coverage"":0.008811}]","","","PENDING",""
"I70-009611","okino_tsukasa","4","Character","294","","","","","堂路桐子 | 沖野司","","[{""copyright"":""juusan_kihei_bouei_ken"",""co_posts"":292,""character_coverage"":1.0},{""copyright"":""vanillaware"",""co_posts"":4,""character_coverage"":0.013699},{""copyright"":""atlus"",""co_posts"":2,""character_coverage"":0.006849},{""copyright"":""danganronpa_(series)"",""co_posts"":2,""character_coverage"":0.006849},{""copyright"":""blue_archive"",""co_posts"":1,""character_coverage"":0.003425}]","","","PENDING",""
"I70-009612","paladin_(ragnarok_online)","4","Character","294","","","","","パラディン","","[{""copyright"":""ragnarok_online"",""co_posts"":285,""character_coverage"":1.0},{""copyright"":""ragnarok:_guild_masters"",""co_posts"":24,""character_coverage"":0.084211},{""copyright"":""ragnarok_masters"",""co_posts"":8,""character_coverage"":0.02807},{""copyright"":""touhou"",""co_posts"":3,""character_coverage"":0.010526},{""copyright"":""comiket_75"",""co_posts"":2,""character_coverage"":0.007018}]","","","PENDING",""
"I70-009613","pina_(blue_archive)","4","Character","294","fiina_(blue_archive),asahina_pina","asahina pina | fiina (blue archive)","","フィーナ | 朝比奈フィーナ","","pina","[{""copyright"":""blue_archive"",""co_posts"":268,""character_coverage"":1.0},{""copyright"":""vocaloid"",""co_posts"":8,""character_coverage"":0.029851},{""copyright"":""cevio"",""co_posts"":1,""character_coverage"":0.003731},{""copyright"":""eve_(musician)"",""co_posts"":1,""character_coverage"":0.003731},{""copyright"":""goddess_of_victory:_nikke"",""co_posts"":1,""character_coverage"":0.003731}]","","","PENDING",""
"I70-009614","raqio","4","Character","294","","","","","ラキオ","","[{""copyright"":""gnosia"",""co_posts"":272,""character_coverage"":1.0},{""copyright"":""kirby_(series)"",""co_posts"":2,""character_coverage"":0.007353},{""copyright"":""newtype"",""co_posts"":2,""character_coverage"":0.007353},{""copyright"":""ace_attorney"",""co_posts"":1,""character_coverage"":0.003676},{""copyright"":""animal_crossing"",""co_posts"":1,""character_coverage"":0.003676}]","","","PENDING",""
"I70-009615","seolla_schweizer","4","Character","294","","","","ゼオラ・シュバイツァー","","","[{""copyright"":""super_robot_wars"",""co_posts"":268,""character_coverage"":1.0},{""copyright"":""super_robot_wars_original_generation"",""co_posts"":94,""character_coverage"":0.350746},{""copyright"":""super_robot_wars_alpha"",""co_posts"":18,""character_coverage"":0.067164},{""copyright"":""super_robot_wars_the_lord_of_elemental"",""co_posts"":6,""character_coverage"":0.022388},{""copyright"":""the_3rd_super_robot_wars_alpha"",""co_posts"":6,""character_coverage"":0.022388}]","","","PENDING",""
"I70-009616","star_butterfly","4","Character","294","","","","スターバタフライ | スター・バタフライ","","StarButterfly","[{""copyright"":""star_vs_the_forces_of_evil"",""co_posts"":212,""character_coverage"":0.990654},{""copyright"":""gravity_falls"",""co_posts"":8,""character_coverage"":0.037383},{""copyright"":""bishoujo_senshi_sailor_moon"",""co_posts"":5,""character_coverage"":0.023364},{""copyright"":""marvel"",""co_posts"":5,""character_coverage"":0.023364},{""copyright"":""cardcaptor_sakura"",""co_posts"":4,""character_coverage"":0.018692}]","","","PENDING",""
"I70-009617","suou_amane","4","Character","294","","","","あまねぇ","周防天音","","[{""copyright"":""grisaia_(series)"",""co_posts"":269,""character_coverage"":1.0},{""copyright"":""grisaia_no_kajitsu"",""co_posts"":167,""character_coverage"":0.620818},{""copyright"":""grisaia_no_meikyuu"",""co_posts"":42,""character_coverage"":0.156134},{""copyright"":""grisaia_no_rakuen"",""co_posts"":40,""character_coverage"":0.148699},{""copyright"":""grisaia_battlefield_barcarolle"",""co_posts"":30,""character_coverage"":0.111524}]","","","PENDING",""
"I70-009618","valkyrie_(vnd)","4","Character","294","","","","ワルキューレ | ワルキューレ(ナムコ)","","","[{""copyright"":""valkyrie_no_densetsu"",""co_posts"":266,""character_coverage"":0.988848},{""copyright"":""namco"",""co_posts"":16,""character_coverage"":0.05948},{""copyright"":""dragon_quest"",""co_posts"":13,""character_coverage"":0.048327},{""copyright"":""idolmaster"",""co_posts"":13,""character_coverage"":0.048327},{""copyright"":""idolmaster_(classic)"",""co_posts"":11,""character_coverage"":0.040892}]","","","PENDING",""
"I70-009619","wakaba_mutsumi_(doll)","4","Character","294","mortis_(doll)_(bang_dream!)","mortis (doll) (bang dream!)","","","モーティス人形","","[{""copyright"":""bang_dream!"",""co_posts"":285,""character_coverage"":1.0},{""copyright"":""bang_dream!_it's_mygo!!!!!"",""co_posts"":284,""character_coverage"":0.996491},{""copyright"":""arknights"",""co_posts"":9,""character_coverage"":0.031579},{""copyright"":""the_legend_of_zelda"",""co_posts"":3,""character_coverage"":0.010526},{""copyright"":""girls_band_cry"",""co_posts"":2,""character_coverage"":0.007018}]","","","PENDING",""
"I70-009620","yamato_suzuran","4","Character","294","","","","","大和鈴蘭","","[{""copyright"":""suigetsu"",""co_posts"":236,""character_coverage"":1.0},{""copyright"":""futaba_channel"",""co_posts"":49,""character_coverage"":0.207627},{""copyright"":""os-tan"",""co_posts"":19,""character_coverage"":0.080508},{""copyright"":""nijiura_maids"",""co_posts"":12,""character_coverage"":0.050847},{""copyright"":""rozen_maiden"",""co_posts"":8,""character_coverage"":0.033898}]","","","PENDING",""
"I70-009621","algerie_(azur_lane)","4","Character","293","","","","アルジェリー | アルジェリー(アズールレーン)","阿尔及利亚","","[{""copyright"":""azur_lane"",""co_posts"":258,""character_coverage"":1.0},{""copyright"":""azur_lane:_slow_ahead"",""co_posts"":17,""character_coverage"":0.065891},{""copyright"":""sora_no_kanata_no_dystopia"",""co_posts"":1,""character_coverage"":0.003876}]","","","PENDING",""
"I70-009622","altair_(re:creators)","4","Character","293","gunpuku_no_himegimi","gunpuku no himegimi","","アルタイル | 軍服の姫君","","","[{""copyright"":""re:creators"",""co_posts"":267,""character_coverage"":1.0},{""copyright"":""fate_(series)"",""co_posts"":3,""character_coverage"":0.011236},{""copyright"":""blend_s"",""co_posts"":2,""character_coverage"":0.007491},{""copyright"":""doki_doki_literature_club"",""co_posts"":2,""character_coverage"":0.007491},{""copyright"":""fate/grand_order"",""co_posts"":2,""character_coverage"":0.007491}]","","","PENDING",""
"I70-009623","amahane_madoka","4","Character","293","","","","天羽まどか","","","[{""copyright"":""aikatsu!_(series)"",""co_posts"":265,""character_coverage"":1.0},{""copyright"":""aikatsu!"",""co_posts"":262,""character_coverage"":0.988679},{""copyright"":""aikatsu!_x_pripara_the_movie_-deai_no_kiseki!-"",""co_posts"":13,""character_coverage"":0.049057},{""copyright"":""pretty_series"",""co_posts"":13,""character_coverage"":0.049057},{""copyright"":""pripara"",""co_posts"":11,""character_coverage"":0.041509}]","","","PENDING",""
"I70-009624","amakusa_juuza","4","Character","293","","","","","天草十三","","[{""copyright"":""umineko_no_naku_koro_ni"",""co_posts"":262,""character_coverage"":0.992424},{""copyright"":""higurashi_no_naku_koro_ni"",""co_posts"":7,""character_coverage"":0.026515},{""copyright"":""durarara!!"",""co_posts"":2,""character_coverage"":0.007576},{""copyright"":""alice's_adventures_in_wonderland"",""co_posts"":1,""character_coverage"":0.003788},{""copyright"":""higanbana_no_saku_yoru_ni"",""co_posts"":1,""character_coverage"":0.003788}]","","","PENDING",""
"I70-009625","asahi_(kancolle)","4","Character","293","","","","朝日(艦これ) | 朝日(艦隊これくしょん)","朝日","","[{""copyright"":""kantai_collection"",""co_posts"":286,""character_coverage"":1.0},{""copyright"":""mcdonald's"",""co_posts"":2,""character_coverage"":0.006993},{""copyright"":""powerpuff_girls"",""co_posts"":2,""character_coverage"":0.006993},{""copyright"":""coca-cola"",""co_posts"":1,""character_coverage"":0.003497},{""copyright"":""galaxy_angel"",""co_posts"":1,""character_coverage"":0.003497}]","","","PENDING",""
"I70-009626","cham-p","4","Character","293","","","","","Cham-P","","[{""copyright"":""danganronpa_(series)"",""co_posts"":287,""character_coverage"":1.0},{""copyright"":""danganronpa_2:_goodbye_despair"",""co_posts"":262,""character_coverage"":0.912892},{""copyright"":""danganronpa:_trigger_happy_havoc"",""co_posts"":45,""character_coverage"":0.156794},{""copyright"":""danganronpa_v3:_killing_harmony"",""co_posts"":31,""character_coverage"":0.108014},{""copyright"":""danganronpa_3_(anime)"",""co_posts"":30,""character_coverage"":0.10453}]","","","PENDING",""
"I70-009627","colossal_titan","4","Character","293","","","","","超大型巨人","","[{""copyright"":""shingeki_no_kyojin"",""co_posts"":249,""character_coverage"":1.0},{""copyright"":""touhou"",""co_posts"":7,""character_coverage"":0.028112},{""copyright"":""bleach"",""co_posts"":5,""character_coverage"":0.02008},{""copyright"":""one-punch_man"",""co_posts"":4,""character_coverage"":0.016064},{""copyright"":""hataraku_maou-sama!"",""co_posts"":3,""character_coverage"":0.012048}]","","","PENDING",""
"I70-009628","female_alear_(seaside_dragon)_(fire_emblem)","4","Character","293","alear_(female)_(seaside_dragon)_(fire_emblem)","alear (female) (seaside dragon) (fire emblem)","","","","","[{""copyright"":""fire_emblem"",""co_posts"":251,""character_coverage"":1.0},{""copyright"":""fire_emblem_engage"",""co_posts"":251,""character_coverage"":1.0},{""copyright"":""fire_emblem_heroes"",""co_posts"":249,""character_coverage"":0.992032},{""copyright"":""fire_emblem:_three_houses"",""co_posts"":11,""character_coverage"":0.043825},{""copyright"":""fire_emblem_awakening"",""co_posts"":6,""character_coverage"":0.023904}]","","","PENDING",""
"I70-009629","fukada_ichika","4","Character","293","shark_girl_(yukimoto_shuuji)","shark girl (yukimoto shuuji)","","","サメガール","","[{""copyright"":""original"",""co_posts"":292,""character_coverage"":1.0},{""copyright"":""ghostbusters"",""co_posts"":1,""character_coverage"":0.003425},{""copyright"":""gundam"",""co_posts"":1,""character_coverage"":0.003425},{""copyright"":""hololive"",""co_posts"":1,""character_coverage"":0.003425},{""copyright"":""hololive_english"",""co_posts"":1,""character_coverage"":0.003425}]","","","PENDING",""
"I70-009630","haruka_(dress)_(blue_archive)","4","Character","293","","","","伊草ハルカ(ドレス)","","","[{""copyright"":""blue_archive"",""co_posts"":278,""character_coverage"":1.0},{""copyright"":""fate/grand_order"",""co_posts"":1,""character_coverage"":0.003597},{""copyright"":""fate_(series)"",""co_posts"":1,""character_coverage"":0.003597},{""copyright"":""gakuen_idolmaster"",""co_posts"":1,""character_coverage"":0.003597},{""copyright"":""idolmaster"",""co_posts"":1,""character_coverage"":0.003597}]","","","PENDING",""
"I70-009631","harusaruhi","4","Character","293","","","","","春猿火 | 春猿火美術部","","[{""copyright"":""kamitsubaki_studio"",""co_posts"":267,""character_coverage"":1.0},{""copyright"":""cevio"",""co_posts"":5,""character_coverage"":0.018727},{""copyright"":""sinsekai_record"",""co_posts"":3,""character_coverage"":0.011236},{""copyright"":""mesmerizer_(vocaloid)"",""co_posts"":2,""character_coverage"":0.007491},{""copyright"":""cardcaptor_sakura"",""co_posts"":1,""character_coverage"":0.003745}]","","","PENDING",""
"I70-009632","hasegawa_langa","4","Character","293","langa_hasegawa","langa hasegawa","","","馳河ランガ","","[{""copyright"":""sk8_the_infinity"",""co_posts"":287,""character_coverage"":1.0},{""copyright"":""pokemon"",""co_posts"":4,""character_coverage"":0.013937},{""copyright"":""urusei_yatsura"",""co_posts"":2,""character_coverage"":0.006969},{""copyright"":""zootopia"",""co_posts"":2,""character_coverage"":0.006969},{""copyright"":""blue_lock"",""co_posts"":1,""character_coverage"":0.003484}]","","","PENDING",""
"I70-009633","hiizumi_rinne","4","Character","293","","","","","ひいずみりんね","","[{""copyright"":""sakura_no_sekai"",""co_posts"":293,""character_coverage"":1.0}]","","","PENDING",""
"I70-009634","k/da_all_out_ahri","4","Character","293","","","","","","","[{""copyright"":""league_of_legends"",""co_posts"":257,""character_coverage"":1.0},{""copyright"":""hololive"",""co_posts"":7,""character_coverage"":0.027237},{""copyright"":""hololive_english"",""co_posts"":6,""character_coverage"":0.023346},{""copyright"":""genshin_impact"",""co_posts"":3,""character_coverage"":0.011673},{""copyright"":""hololive_indonesia"",""co_posts"":3,""character_coverage"":0.011673}]","","","PENDING",""
"I70-009635","karol_capel","4","Character","293","","","","","カロル・カペル","","[{""copyright"":""tales_of_(series)"",""co_posts"":280,""character_coverage"":1.0},{""copyright"":""tales_of_vesperia"",""co_posts"":279,""character_coverage"":0.996429},{""copyright"":""tales_of_asteria"",""co_posts"":17,""character_coverage"":0.060714},{""copyright"":""tales_of_the_abyss"",""co_posts"":8,""character_coverage"":0.028571},{""copyright"":""tales_of_legendia"",""co_posts"":5,""character_coverage"":0.017857}]","","","PENDING",""
"I70-009636","kiryu_kuro","4","Character","293","kiryuu_kurou","kiryuu kurou","","","鬼龍紅郎","","[{""copyright"":""ensemble_stars!"",""co_posts"":289,""character_coverage"":1.0},{""copyright"":""little_red_riding_hood_(fairy_tale)"",""co_posts"":2,""character_coverage"":0.00692},{""copyright"":""black_jack_(series)"",""co_posts"":1,""character_coverage"":0.00346},{""copyright"":""danganronpa:_trigger_happy_havoc"",""co_posts"":1,""character_coverage"":0.00346},{""copyright"":""danganronpa_(series)"",""co_posts"":1,""character_coverage"":0.00346}]","","","PENDING",""
"I70-009637","kumacy","4","Character","293","","","","","カマシー","","[{""copyright"":""one_piece"",""co_posts"":266,""character_coverage"":0.996255},{""copyright"":""one_piece_card_game"",""co_posts"":7,""character_coverage"":0.026217},{""copyright"":""one_piece_treasure_cruise"",""co_posts"":6,""character_coverage"":0.022472},{""copyright"":""one_piece_film:_red"",""co_posts"":4,""character_coverage"":0.014981},{""copyright"":""gundam"",""co_posts"":2,""character_coverage"":0.007491}]","","","PENDING",""
"I70-009638","lloyd_bannings","4","Character","293","","","","ロイド・バニングス","","","[{""copyright"":""eiyuu_densetsu"",""co_posts"":280,""character_coverage"":1.0},{""copyright"":""zero_no_kiseki"",""co_posts"":232,""character_coverage"":0.828571},{""copyright"":""ao_no_kiseki"",""co_posts"":162,""character_coverage"":0.578571},{""copyright"":""sen_no_kiseki_(series)"",""co_posts"":48,""character_coverage"":0.171429},{""copyright"":""hajimari_no_kiseki"",""co_posts"":41,""character_coverage"":0.146429}]","","","PENDING",""
"I70-009639","minneapolis_(kancolle)","4","Character","293","","","","","ミネアポリス(艦隊これくしょん)","","[{""copyright"":""kantai_collection"",""co_posts"":273,""character_coverage"":1.0},{""copyright"":""comiket_106"",""co_posts"":1,""character_coverage"":0.003663},{""copyright"":""gundam"",""co_posts"":1,""character_coverage"":0.003663},{""copyright"":""gundam_08th_ms_team"",""co_posts"":1,""character_coverage"":0.003663},{""copyright"":""i_want_you"",""co_posts"":1,""character_coverage"":0.003663}]","","","PENDING",""
"I70-009640","mousse_(arknights)","4","Character","293","","","","ムース | ムース(アークナイツ)","慕斯","","[{""copyright"":""arknights"",""co_posts"":274,""character_coverage"":1.0},{""copyright"":""monster_hunter_(series)"",""co_posts"":4,""character_coverage"":0.014599},{""copyright"":""a_deer_of_nine_colors"",""co_posts"":3,""character_coverage"":0.010949},{""copyright"":""rainbow_six_siege"",""co_posts"":3,""character_coverage"":0.010949},{""copyright"":""jojo_no_kimyou_na_bouken"",""co_posts"":2,""character_coverage"":0.007299}]","","","PENDING",""
"I70-009641","olruggio_(tongari_boushi_no_atelier)","4","Character","293","","","","","オルーギオ","","[{""copyright"":""tongari_boushi_no_atelier"",""co_posts"":227,""character_coverage"":1.0},{""copyright"":""buddy_daddies"",""co_posts"":1,""character_coverage"":0.004405},{""copyright"":""cookie_run"",""co_posts"":1,""character_coverage"":0.004405},{""copyright"":""cookie_run:_kingdom"",""co_posts"":1,""character_coverage"":0.004405},{""copyright"":""genshin_impact"",""co_posts"":1,""character_coverage"":0.004405}]","","","PENDING",""
"I70-009642","project_bunny","4","Character","293","","","","重装ウサギ19c","重装小兔19c","","[{""copyright"":""honkai_(series)"",""co_posts"":277,""character_coverage"":1.0},{""copyright"":""honkai_impact_3rd"",""co_posts"":274,""character_coverage"":0.98917},{""copyright"":""honkai_gakuen"",""co_posts"":12,""character_coverage"":0.043321},{""copyright"":""honkai:_star_rail"",""co_posts"":5,""character_coverage"":0.018051},{""copyright"":""neon_genesis_evangelion"",""co_posts"":5,""character_coverage"":0.018051}]","","","PENDING",""
"I70-009643","saotome_noa","4","Character","293","","","","","早乙女望愛","","[{""copyright"":""noa-senpai_wa_tomodachi."",""co_posts"":280,""character_coverage"":1.0},{""copyright"":""kimi_ni_koisuru_satsujinki"",""co_posts"":3,""character_coverage"":0.010714},{""copyright"":""bereal"",""co_posts"":1,""character_coverage"":0.003571},{""copyright"":""cardcaptor_sakura"",""co_posts"":1,""character_coverage"":0.003571},{""copyright"":""cinderella_(fairy_tale)"",""co_posts"":1,""character_coverage"":0.003571}]","","","PENDING",""
"I70-009644","sendo_yuuhi","4","Character","293","","","","","千燈ゆうひ","","[{""copyright"":""vspo!"",""co_posts"":270,""character_coverage"":1.0},{""copyright"":""league_of_legends"",""co_posts"":14,""character_coverage"":0.051852},{""copyright"":""indie_virtual_youtuber"",""co_posts"":13,""character_coverage"":0.048148},{""copyright"":""hololive"",""co_posts"":7,""character_coverage"":0.025926},{""copyright"":""beatmania_iidx"",""co_posts"":3,""character_coverage"":0.011111}]","","","PENDING",""
"I70-009645","shi_huang_di_(fate)","4","Character","293","first_emperor_(fate),qin_shi_huang_(fate),qin_shi_huang_(fate/grand_order)","first emperor (fate) | qin shi huang (fate) | qin shi huang (fate/grand order)","","","始皇帝(Fate)","","[{""copyright"":""fate/grand_order"",""co_posts"":289,""character_coverage"":1.0},{""copyright"":""fate_(series)"",""co_posts"":289,""character_coverage"":1.0},{""copyright"":""fate/strange_fake"",""co_posts"":4,""character_coverage"":0.013841},{""copyright"":""fate/stay_night"",""co_posts"":3,""character_coverage"":0.010381},{""copyright"":""fate/zero"",""co_posts"":2,""character_coverage"":0.00692}]","","","PENDING",""
"I70-009646","shirakami_fubuki_(hololive_summer_2019)","4","Character","293","shirakami_fubuki_(2nd_costume)","shirakami fubuki (2nd costume)","","白上フブキ(ホロサマ2019) | 白上フブキ(ホロライブ・サマー2019)","","","[{""copyright"":""hololive"",""co_posts"":282,""character_coverage"":1.0},{""copyright"":""comiket_106"",""co_posts"":2,""character_coverage"":0.007092},{""copyright"":""hololive_english"",""co_posts"":2,""character_coverage"":0.007092},{""copyright"":""pokemon"",""co_posts"":2,""character_coverage"":0.007092},{""copyright"":""holostars"",""co_posts"":1,""character_coverage"":0.003546}]","","","PENDING",""
"I70-009647","shishiou_(touken_ranbu)","4","Character","293","shishiou","shishiou","","","獅子王(刀剣乱舞)","","[{""copyright"":""touken_ranbu"",""co_posts"":286,""character_coverage"":1.0},{""copyright"":""touken_ranbu:_hanamaru"",""co_posts"":7,""character_coverage"":0.024476},{""copyright"":""touhou"",""co_posts"":3,""character_coverage"":0.01049},{""copyright"":""idolmaster"",""co_posts"":2,""character_coverage"":0.006993},{""copyright"":""idolmaster_cinderella_girls"",""co_posts"":2,""character_coverage"":0.006993}]","","","PENDING",""
"I70-009648","sunset_shimmer_(human)","4","Character","293","","","","","サンセットシマー","","[{""copyright"":""my_little_pony"",""co_posts"":240,""character_coverage"":1.0},{""copyright"":""my_little_pony:_friendship_is_magic"",""co_posts"":240,""character_coverage"":1.0},{""copyright"":""my_little_pony:_equestria_girls"",""co_posts"":238,""character_coverage"":0.991667},{""copyright"":""equestria_girls:_rainbow_rocks"",""co_posts"":26,""character_coverage"":0.108333},{""copyright"":""equestria_girls:_better_together"",""co_posts"":12,""character_coverage"":0.05}]","","","PENDING",""
"I70-009649","suzuya_juuzou","4","Character","293","","","","","鈴屋什造","","[{""copyright"":""tokyo_ghoul"",""co_posts"":293,""character_coverage"":1.0},{""copyright"":""tokyo_ghoul:re"",""co_posts"":175,""character_coverage"":0.59727},{""copyright"":""comiket_88"",""co_posts"":2,""character_coverage"":0.006826},{""copyright"":""a_clockwork_orange"",""co_posts"":1,""character_coverage"":0.003413},{""copyright"":""b-project"",""co_posts"":1,""character_coverage"":0.003413}]","","","PENDING",""
"I70-009650","togami_byakuya_(danganronpa_2)","4","Character","293","","","","","トガミ・byakuya（danganronpa 2）","","[{""copyright"":""danganronpa_(series)"",""co_posts"":287,""character_coverage"":1.0},{""copyright"":""danganronpa_2:_goodbye_despair"",""co_posts"":267,""character_coverage"":0.930314},{""copyright"":""danganronpa:_trigger_happy_havoc"",""co_posts"":72,""character_coverage"":0.250871},{""copyright"":""danganronpa_3_(anime)"",""co_posts"":49,""character_coverage"":0.170732},{""copyright"":""danganronpa_v3:_killing_harmony"",""co_posts"":28,""character_coverage"":0.097561}]","","","PENDING",""
"I70-009651","tohno_shiki_(original)","4","Character","293","toono_shiki_(original),tohno_shiki_(2)","tohno shiki (2) | toono shiki (original)","","","遠野シキ","","[{""copyright"":""tsukihime"",""co_posts"":242,""character_coverage"":1.0},{""copyright"":""melty_blood"",""co_posts"":46,""character_coverage"":0.190083},{""copyright"":""type-moon"",""co_posts"":21,""character_coverage"":0.086777},{""copyright"":""kagetsu_tooya"",""co_posts"":18,""character_coverage"":0.07438},{""copyright"":""fate_(series)"",""co_posts"":17,""character_coverage"":0.070248}]","","","PENDING",""
"I70-009652","wiglett","4","Character","293","","","","ウミディグダ","","","[{""copyright"":""pokemon"",""co_posts"":279,""character_coverage"":1.0},{""copyright"":""pokemon_scarlet_and_violet"",""co_posts"":95,""character_coverage"":0.340502},{""copyright"":""pokemon_(anime)"",""co_posts"":14,""character_coverage"":0.050179},{""copyright"":""original"",""co_posts"":9,""character_coverage"":0.032258},{""copyright"":""pokemon_masters_ex"",""co_posts"":9,""character_coverage"":0.032258}]","","","PENDING",""
"I70-009653","bai_(granblue_fantasy)","4","Character","292","","","","パイ | パイ(グラブル)","","","[{""copyright"":""granblue_fantasy"",""co_posts"":285,""character_coverage"":0.996503},{""copyright"":""comiket_100"",""co_posts"":2,""character_coverage"":0.006993},{""copyright"":""cygames"",""co_posts"":2,""character_coverage"":0.006993},{""copyright"":""gochuumon_wa_usagi_desu_ka?"",""co_posts"":2,""character_coverage"":0.006993},{""copyright"":""tenga"",""co_posts"":2,""character_coverage"":0.006993}]","","","PENDING",""
"I70-009654","cinccino","4","Character","292","","","","","チラチーノ","","[{""copyright"":""pokemon"",""co_posts"":275,""character_coverage"":1.0},{""copyright"":""pokemon_black_and_white"",""co_posts"":32,""character_coverage"":0.116364},{""copyright"":""pokemon_black_2_and_white_2"",""co_posts"":20,""character_coverage"":0.072727},{""copyright"":""pokemon_(anime)"",""co_posts"":8,""character_coverage"":0.029091},{""copyright"":""original"",""co_posts"":7,""character_coverage"":0.025455}]","","","PENDING",""
"I70-009655","dewott","4","Character","292","","","","フタチマル","","","[{""copyright"":""pokemon"",""co_posts"":274,""character_coverage"":1.0},{""copyright"":""pokemon_black_and_white"",""co_posts"":69,""character_coverage"":0.251825},{""copyright"":""pokemon_black_2_and_white_2"",""co_posts"":37,""character_coverage"":0.135036},{""copyright"":""pokemon_(anime)"",""co_posts"":21,""character_coverage"":0.076642},{""copyright"":""pokemon_legends:_arceus"",""co_posts"":20,""character_coverage"":0.072993}]","","","PENDING",""
"I70-009656","drizzile","4","Character","292","","","","","ジメレオン","","[{""copyright"":""pokemon"",""co_posts"":287,""character_coverage"":1.0},{""copyright"":""pokemon_sword_and_shield"",""co_posts"":24,""character_coverage"":0.083624},{""copyright"":""pokemon_(anime)"",""co_posts"":16,""character_coverage"":0.055749},{""copyright"":""pokemon_journeys"",""co_posts"":16,""character_coverage"":0.055749},{""copyright"":""original"",""co_posts"":7,""character_coverage"":0.02439}]","","","PENDING",""
"I70-009657","eldegoss","4","Character","292","","","","ワタシラガ","","","[{""copyright"":""pokemon"",""co_posts"":285,""character_coverage"":1.0},{""copyright"":""pokemon_sword_and_shield"",""co_posts"":108,""character_coverage"":0.378947},{""copyright"":""pokemon_unite"",""co_posts"":26,""character_coverage"":0.091228},{""copyright"":""pokemon_(anime)"",""co_posts"":6,""character_coverage"":0.021053},{""copyright"":""pokemon_journeys"",""co_posts"":6,""character_coverage"":0.021053}]","","","PENDING",""
"I70-009658","ember_(selen_tatsuki)","4","Character","292","","","","エンバー(セレン・龍月)","","","[{""copyright"":""nijisanji"",""co_posts"":289,""character_coverage"":1.0},{""copyright"":""nijisanji_en"",""co_posts"":289,""character_coverage"":1.0},{""copyright"":""apex_legends"",""co_posts"":20,""character_coverage"":0.069204},{""copyright"":""nijisanji_id"",""co_posts"":4,""character_coverage"":0.013841},{""copyright"":""among_us"",""co_posts"":3,""character_coverage"":0.010381}]","","","PENDING",""
"I70-009659","female_tyrant_(swimsuit)_(stella_sora)","4","Character","292","","","","","女魔王(水着)","","[{""copyright"":""stella_sora"",""co_posts"":232,""character_coverage"":1.0},{""copyright"":""blue_archive"",""co_posts"":8,""character_coverage"":0.034483},{""copyright"":""aether_gazer"",""co_posts"":1,""character_coverage"":0.00431},{""copyright"":""arknights"",""co_posts"":1,""character_coverage"":0.00431},{""copyright"":""comiket_108"",""co_posts"":1,""character_coverage"":0.00431}]","","","PENDING",""
"I70-009660","gouden_leeuw_(azur_lane)","4","Character","292","","","","","ハウデン・リーウ","","[{""copyright"":""azur_lane"",""co_posts"":268,""character_coverage"":1.0},{""copyright"":""azur_lane:_slow_ahead"",""co_posts"":12,""character_coverage"":0.044776},{""copyright"":""world_of_warships"",""co_posts"":5,""character_coverage"":0.018657},{""copyright"":""blue_archive"",""co_posts"":2,""character_coverage"":0.007463},{""copyright"":""original"",""co_posts"":1,""character_coverage"":0.003731}]","","","PENDING",""
"I70-009661","haruka_(new_year)_(blue_archive)","4","Character","292","igusa_haruka_(new_year)","igusa haruka (new year)","","ハルカ(正月) | 伊草ハルカ(正月)","","","[{""copyright"":""blue_archive"",""co_posts"":274,""character_coverage"":1.0},{""copyright"":""blue_archive_the_animation"",""co_posts"":4,""character_coverage"":0.014599},{""copyright"":""comiket_103"",""co_posts"":2,""character_coverage"":0.007299},{""copyright"":""bocchi_the_rock!"",""co_posts"":1,""character_coverage"":0.00365},{""copyright"":""chainsaw_man"",""co_posts"":1,""character_coverage"":0.00365}]","","","PENDING",""
"I70-009662","james_moriarty_(ruler)_(fate)","4","Character","292","","","","ジェームズ・モリアーティ(ルーラー)","","","[{""copyright"":""fate/grand_order"",""co_posts"":267,""character_coverage"":1.0},{""copyright"":""fate_(series)"",""co_posts"":267,""character_coverage"":1.0},{""copyright"":""sweets_paradise"",""co_posts"":4,""character_coverage"":0.014981},{""copyright"":""pokemon"",""co_posts"":2,""character_coverage"":0.007491},{""copyright"":""ace_attorney"",""co_posts"":1,""character_coverage"":0.003745}]","","","PENDING",""
"I70-009663","kingu_(fate)","4","Character","292","","","","キングゥ","","","[{""copyright"":""fate_(series)"",""co_posts"":290,""character_coverage"":1.0},{""copyright"":""fate/grand_order"",""co_posts"":282,""character_coverage"":0.972414},{""copyright"":""fate/strange_fake"",""co_posts"":21,""character_coverage"":0.072414},{""copyright"":""fate/grand_order_arcade"",""co_posts"":5,""character_coverage"":0.017241},{""copyright"":""fate/stay_night"",""co_posts"":4,""character_coverage"":0.013793}]","","","PENDING",""
"I70-009664","kure_kirika","4","Character","292","","","","","呉キリカ","","[{""copyright"":""mahou_shoujo_madoka_magica"",""co_posts"":250,""character_coverage"":1.0},{""copyright"":""mahou_shoujo_oriko_magica"",""co_posts"":246,""character_coverage"":0.984},{""copyright"":""magia_record:_mahou_shoujo_madoka_magica_gaiden"",""co_posts"":36,""character_coverage"":0.144},{""copyright"":""mahou_shoujo_madoka_magica_magia_exedra"",""co_posts"":25,""character_coverage"":0.1},{""copyright"":""mahou_shoujo_kazumi_magica"",""co_posts"":10,""character_coverage"":0.04}]","","","PENDING",""
"I70-009665","layna_lazar","4","Character","292","","","","","","","[{""copyright"":""indie_virtual_youtuber"",""co_posts"":227,""character_coverage"":0.991266},{""copyright"":""vedal_ai"",""co_posts"":33,""character_coverage"":0.144105},{""copyright"":""vshojo"",""co_posts"":10,""character_coverage"":0.043668},{""copyright"":""dungeons_&_dragons"",""co_posts"":3,""character_coverage"":0.0131},{""copyright"":""gamer_supps"",""co_posts"":3,""character_coverage"":0.0131}]","","","PENDING",""
"I70-009666","makinami_(kancolle)","4","Character","292","","","","巻波(艦これ) | 巻波(艦隊これくしょん)","巻波","","[{""copyright"":""kantai_collection"",""co_posts"":288,""character_coverage"":1.0},{""copyright"":""neon_genesis_evangelion"",""co_posts"":4,""character_coverage"":0.013889},{""copyright"":""rebuild_of_evangelion"",""co_posts"":4,""character_coverage"":0.013889},{""copyright"":""evangelion:_2.0_you_can_(not)_advance"",""co_posts"":2,""character_coverage"":0.006944},{""copyright"":""real_life"",""co_posts"":2,""character_coverage"":0.006944}]","","","PENDING",""
"I70-009667","napstablook","4","Character","292","","","","","napstablook","","[{""copyright"":""utdr_(toby_fox)"",""co_posts"":263,""character_coverage"":1.0},{""copyright"":""undertale"",""co_posts"":249,""character_coverage"":0.946768},{""copyright"":""deltarune"",""co_posts"":20,""character_coverage"":0.076046},{""copyright"":""pokemon"",""co_posts"":11,""character_coverage"":0.041825},{""copyright"":""mario_(series)"",""co_posts"":9,""character_coverage"":0.034221}]","","","PENDING",""
"I70-009668","noda_(angel_beats!)","4","Character","292","","","","","野田","","[{""copyright"":""angel_beats!"",""co_posts"":262,""character_coverage"":1.0},{""copyright"":""little_busters!"",""co_posts"":6,""character_coverage"":0.022901},{""copyright"":""key_(company)"",""co_posts"":5,""character_coverage"":0.019084},{""copyright"":""air_(visual_novel)"",""co_posts"":4,""character_coverage"":0.015267},{""copyright"":""clannad"",""co_posts"":4,""character_coverage"":0.015267}]","","","PENDING",""
"I70-009669","noel_(cookie)","4","Character","292","","","","","NEL姉貴","","[{""copyright"":""cookie_(touhou)"",""co_posts"":268,""character_coverage"":1.0},{""copyright"":""touhou"",""co_posts"":268,""character_coverage"":1.0},{""copyright"":""manatsu_no_yo_no_inmu"",""co_posts"":35,""character_coverage"":0.130597},{""copyright"":""offside:_diyusi"",""co_posts"":15,""character_coverage"":0.05597},{""copyright"":""off_(game)"",""co_posts"":7,""character_coverage"":0.026119}]","","","PENDING",""
"I70-009670","nurse_dragonmaid","4","Character","292","","","","ドラゴンメイド・ナサリー","","","[{""copyright"":""yu-gi-oh!"",""co_posts"":273,""character_coverage"":1.0},{""copyright"":""blue_archive"",""co_posts"":2,""character_coverage"":0.007326},{""copyright"":""north_american_mythology"",""co_posts"":2,""character_coverage"":0.007326},{""copyright"":""yu-gi-oh!_master_duel"",""co_posts"":2,""character_coverage"":0.007326},{""copyright"":""kobayashi-san_chi_no_maidragon"",""co_posts"":1,""character_coverage"":0.003663}]","","","PENDING",""
"I70-009671","oczy","4","Character","292","","","","","オクジー","","[{""copyright"":""chi.:_chikyuu_no_undou_ni_tsuite"",""co_posts"":267,""character_coverage"":1.0},{""copyright"":""pokemon"",""co_posts"":3,""character_coverage"":0.011236},{""copyright"":""street_fighter"",""co_posts"":2,""character_coverage"":0.007491},{""copyright"":""street_fighter_6"",""co_posts"":2,""character_coverage"":0.007491},{""copyright"":""blade_runner_(series)"",""co_posts"":1,""character_coverage"":0.003745}]","","","PENDING",""
"I70-009672","oozora_subaru_(loungewear)","4","Character","292","oozora_subaru_(7th_costume)","oozora subaru (7th costume)","","大空スバル(お部屋着)","","","[{""copyright"":""hololive"",""co_posts"":277,""character_coverage"":1.0},{""copyright"":""indie_virtual_youtuber"",""co_posts"":9,""character_coverage"":0.032491},{""copyright"":""hololive_dev_is"",""co_posts"":7,""character_coverage"":0.025271},{""copyright"":""hololive_english"",""co_posts"":7,""character_coverage"":0.025271},{""copyright"":""vspo!"",""co_posts"":3,""character_coverage"":0.01083}]","","","PENDING",""
"I70-009673","privaty_(sharp_lesson)_(nikke)","4","Character","292","","","","","プリバティ:シャープレッスン","","[{""copyright"":""goddess_of_victory:_nikke"",""co_posts"":287,""character_coverage"":1.0},{""copyright"":""blue_archive"",""co_posts"":3,""character_coverage"":0.010453},{""copyright"":""fate/stay_night"",""co_posts"":2,""character_coverage"":0.006969},{""copyright"":""fate_(series)"",""co_posts"":2,""character_coverage"":0.006969},{""copyright"":""fire_emblem"",""co_posts"":1,""character_coverage"":0.003484}]","","","PENDING",""
"I70-009674","sugamo_mutsuki","4","Character","292","","","","","巣鴨睦月","","[{""copyright"":""sayonara_wo_oshiete"",""co_posts"":287,""character_coverage"":1.0},{""copyright"":""saya_no_uta"",""co_posts"":5,""character_coverage"":0.017422},{""copyright"":""sayonara_zetsubou_sensei"",""co_posts"":2,""character_coverage"":0.006969},{""copyright"":""arknights"",""co_posts"":1,""character_coverage"":0.003484},{""copyright"":""chainsaw_man"",""co_posts"":1,""character_coverage"":0.003484}]","","","PENDING",""
"I70-009675","tendo_teru","4","Character","292","tendou_teru","tendou teru","","","天道輝","","[{""copyright"":""idolmaster"",""co_posts"":277,""character_coverage"":1.0},{""copyright"":""idolmaster_side-m"",""co_posts"":277,""character_coverage"":1.0},{""copyright"":""idolmaster_cinderella_girls"",""co_posts"":59,""character_coverage"":0.212996},{""copyright"":""idolmaster_(classic)"",""co_posts"":52,""character_coverage"":0.187726},{""copyright"":""idolmaster_million_live!"",""co_posts"":49,""character_coverage"":0.176895}]","","","PENDING",""
"I70-009676","ty_lee","4","Character","292","","","","タイリー | タイリー(アバター伝説の少年アン)","泰丽","","[{""copyright"":""avatar_legends"",""co_posts"":212,""character_coverage"":1.0},{""copyright"":""avatar:_the_last_airbender"",""co_posts"":211,""character_coverage"":0.995283},{""copyright"":""the_legend_of_korra"",""co_posts"":9,""character_coverage"":0.042453},{""copyright"":""adventure_time"",""co_posts"":2,""character_coverage"":0.009434},{""copyright"":""arcane:_league_of_legends"",""co_posts"":2,""character_coverage"":0.009434}]","","","PENDING",""
"I70-009677","valencina_(project_moon)","4","Character","292","","","","","瓦伦希娜","","[{""copyright"":""project_moon"",""co_posts"":207,""character_coverage"":1.0},{""copyright"":""limbus_company"",""co_posts"":206,""character_coverage"":0.995169},{""copyright"":""umamusume"",""co_posts"":3,""character_coverage"":0.014493},{""copyright"":""arknights"",""co_posts"":2,""character_coverage"":0.009662},{""copyright"":""chiikawa"",""co_posts"":1,""character_coverage"":0.004831}]","","","PENDING",""
"I70-009678","vepley_(girls'_frontline_2)","4","Character","292","","","","","ヴェプリー(ドールズフロントライン2) | 维普蕾","VEPLEY | 베프리","[{""copyright"":""girls'_frontline"",""co_posts"":276,""character_coverage"":1.0},{""copyright"":""girls'_frontline_2:_exilium"",""co_posts"":276,""character_coverage"":1.0},{""copyright"":""counter-strike_(series)"",""co_posts"":2,""character_coverage"":0.007246},{""copyright"":""girls'_frontline_neural_cloud"",""co_posts"":2,""character_coverage"":0.007246},{""copyright"":""x-com"",""co_posts"":2,""character_coverage"":0.007246}]","","","PENDING",""
"I70-009679","v-mon","4","Character","292","veemon","veemon","","","ブイモン","","[{""copyright"":""digimon"",""co_posts"":273,""character_coverage"":1.0},{""copyright"":""digimon_adventure_02"",""co_posts"":116,""character_coverage"":0.424908},{""copyright"":""digimon_card_game"",""co_posts"":40,""character_coverage"":0.14652},{""copyright"":""digimon_adventure"",""co_posts"":34,""character_coverage"":0.124542},{""copyright"":""digimon_world_re:digitize"",""co_posts"":34,""character_coverage"":0.124542}]","","","PENDING",""
"I70-009680","yato_(arknights)","4","Character","292","","","","ヤトウ(アークナイツ)","夜刀","","[{""copyright"":""arknights"",""co_posts"":280,""character_coverage"":1.0},{""copyright"":""monster_hunter_(series)"",""co_posts"":194,""character_coverage"":0.692857},{""copyright"":""a_deer_of_nine_colors"",""co_posts"":3,""character_coverage"":0.010714},{""copyright"":""monster_hunter:_world"",""co_posts"":3,""character_coverage"":0.010714},{""copyright"":""rainbow_six_siege"",""co_posts"":3,""character_coverage"":0.010714}]","","","PENDING",""
"I70-009681","asanagi_yori","4","Character","291","","","","","朝凪依","","[{""copyright"":""sasayaku_you_ni_koi_wo_utau"",""co_posts"":287,""character_coverage"":1.0},{""copyright"":""kimi_to_tsuzuru_utakata"",""co_posts"":4,""character_coverage"":0.013937},{""copyright"":""fuwa_fuwa_cinnamoroll"",""co_posts"":2,""character_coverage"":0.006969},{""copyright"":""hello_kitty"",""co_posts"":2,""character_coverage"":0.006969},{""copyright"":""kero_kero_keroppi"",""co_posts"":2,""character_coverage"":0.006969}]","","","PENDING",""
"I70-009682","beelzebub_(umineko)","4","Character","291","","","","","Beelzebub（Umineko）","","[{""copyright"":""umineko_no_naku_koro_ni"",""co_posts"":256,""character_coverage"":1.0},{""copyright"":""higurashi_no_naku_koro_ni"",""co_posts"":4,""character_coverage"":0.015625},{""copyright"":""ougon_musou_kyoku"",""co_posts"":3,""character_coverage"":0.011719},{""copyright"":""end_of_the_golden_witch"",""co_posts"":1,""character_coverage"":0.003906},{""copyright"":""fullmetal_alchemist"",""co_posts"":1,""character_coverage"":0.003906}]","","","PENDING",""
"I70-009683","chariot_(black_rock_shooter)","4","Character","291","","","","シャリオ | チャリオット","","","[{""copyright"":""black_rock_shooter"",""co_posts"":277,""character_coverage"":1.0},{""copyright"":""black_rock_shooter_(game)"",""co_posts"":3,""character_coverage"":0.01083},{""copyright"":""koi_wa_sensou_(vocaloid)"",""co_posts"":2,""character_coverage"":0.00722},{""copyright"":""lol_-lots_of_laugh-_(vocaloid)"",""co_posts"":2,""character_coverage"":0.00722},{""copyright"":""rwby"",""co_posts"":2,""character_coverage"":0.00722}]","","","PENDING",""
"I70-009684","eiai_nano","4","Character","291","","","","","栄逢凪乃","","[{""copyright"":""kimi_no_koto_ga_dai_dai_dai_dai_daisuki_na_100-nin_no_kanojo"",""co_posts"":243,""character_coverage"":1.0},{""copyright"":""precure"",""co_posts"":3,""character_coverage"":0.012346},{""copyright"":""meitantei_precure!"",""co_posts"":2,""character_coverage"":0.00823},{""copyright"":""ruri_no_houseki"",""co_posts"":2,""character_coverage"":0.00823},{""copyright"":""16bit_sensation"",""co_posts"":1,""character_coverage"":0.004115}]","","","PENDING",""
"I70-009685","female_kana_(fire_emblem)","4","Character","291","kana_(female)_(fire_emblem),kana_(fire_emblem)_(female),kanna_(fire_emblem)_(female),kanna_(female)_(fire_emblem_if)","kana (female) (fire emblem) | kana (fire emblem) (female) | kanna (female) (fire emblem if) | kanna (fire emblem) (female)","","","カンナ(FEif)","","[{""copyright"":""fire_emblem"",""co_posts"":261,""character_coverage"":1.0},{""copyright"":""fire_emblem_fates"",""co_posts"":256,""character_coverage"":0.980843},{""copyright"":""fire_emblem_heroes"",""co_posts"":65,""character_coverage"":0.249042},{""copyright"":""fire_emblem_awakening"",""co_posts"":42,""character_coverage"":0.16092},{""copyright"":""fire_emblem:_the_sacred_stones"",""co_posts"":12,""character_coverage"":0.045977}]","","","PENDING",""
"I70-009686","galarian_zigzagoon","4","Character","291","","","","ガラルジグザグマ","","","[{""copyright"":""pokemon"",""co_posts"":282,""character_coverage"":1.0},{""copyright"":""pokemon_sword_and_shield"",""co_posts"":170,""character_coverage"":0.602837},{""copyright"":""project_voltage"",""co_posts"":10,""character_coverage"":0.035461},{""copyright"":""vocaloid"",""co_posts"":10,""character_coverage"":0.035461},{""copyright"":""original"",""co_posts"":7,""character_coverage"":0.024823}]","","","PENDING",""
"I70-009687","ganusgil","4","Character","291","","","","","ガヌスギル","","[{""copyright"":""kouyoku_senki_exs-tia"",""co_posts"":213,""character_coverage"":0.731959},{""copyright"":""kouyoku_senki_exs-tia_concert"",""co_posts"":78,""character_coverage"":0.268041},{""copyright"":""fairy_tail"",""co_posts"":5,""character_coverage"":0.017182},{""copyright"":""hololive"",""co_posts"":3,""character_coverage"":0.010309},{""copyright"":""hololive_indonesia"",""co_posts"":3,""character_coverage"":0.010309}]","","","PENDING",""
"I70-009688","gary_oak","4","Character","291","gary_(pokemon),ookido_shigeru,shigeru_(pokemon),shigeru_(pokemon),gary_(pokemon)","gary (pokemon) | ookido shigeru | shigeru (pokemon)","","サトシゲ | シゲサト | シゲル(アニポケ)","","","[{""copyright"":""pokemon"",""co_posts"":260,""character_coverage"":1.0},{""copyright"":""pokemon_(anime)"",""co_posts"":252,""character_coverage"":0.969231},{""copyright"":""pokemon_(classic_anime)"",""co_posts"":125,""character_coverage"":0.480769},{""copyright"":""pokemon_journeys"",""co_posts"":67,""character_coverage"":0.257692},{""copyright"":""pokemon_the_series:_diamond_and_pearl"",""co_posts"":47,""character_coverage"":0.180769}]","","","PENDING",""
"I70-009689","hellhound_(monster_girl_encyclopedia)","4","Character","291","","","","ヘルハウンド | ヘルハウンド(魔物娘図鑑)","","","[{""copyright"":""monster_girl_encyclopedia"",""co_posts"":259,""character_coverage"":0.992337},{""copyright"":""original"",""co_posts"":12,""character_coverage"":0.045977},{""copyright"":""boku_no_hero_academia"",""co_posts"":3,""character_coverage"":0.011494},{""copyright"":""indie_virtual_youtuber"",""co_posts"":3,""character_coverage"":0.011494},{""copyright"":""she-ra_and_the_princesses_of_power"",""co_posts"":3,""character_coverage"":0.011494}]","","","PENDING",""
"I70-009690","hootsie_(nanashi_mumei)","4","Character","291","","","","","Hootsie（Nanashi Mumei）","","[{""copyright"":""hololive"",""co_posts"":286,""character_coverage"":1.0},{""copyright"":""hololive_english"",""co_posts"":286,""character_coverage"":1.0},{""copyright"":""mumei_(song)_(hololive)"",""co_posts"":18,""character_coverage"":0.062937},{""copyright"":""hololive_indonesia"",""co_posts"":8,""character_coverage"":0.027972},{""copyright"":""minecraft"",""co_posts"":2,""character_coverage"":0.006993}]","","","PENDING",""
"I70-009691","huntress_wizard","4","Character","291","","","","","","","[{""copyright"":""adventure_time"",""co_posts"":239,""character_coverage"":1.0},{""copyright"":""adventure_time:_fionna_and_cake"",""co_posts"":71,""character_coverage"":0.297071},{""copyright"":""chainsaw_man"",""co_posts"":3,""character_coverage"":0.012552},{""copyright"":""avatar:_the_last_airbender"",""co_posts"":1,""character_coverage"":0.004184},{""copyright"":""avatar_legends"",""co_posts"":1,""character_coverage"":0.004184}]","","","PENDING",""
"I70-009692","ichii_tooru","4","Character","291","","","","トオル","一井透","","[{""copyright"":""a_channel"",""co_posts"":286,""character_coverage"":1.0},{""copyright"":""manga_time_kirara"",""co_posts"":19,""character_coverage"":0.066434},{""copyright"":""k-on!"",""co_posts"":8,""character_coverage"":0.027972},{""copyright"":""hidamari_sketch"",""co_posts"":6,""character_coverage"":0.020979},{""copyright"":""kirara_fantasia"",""co_posts"":6,""character_coverage"":0.020979}]","","","PENDING",""
"I70-009693","kozukata_yuuri","4","Character","291","","","","","不来方夕莉","","[{""copyright"":""fatal_frame"",""co_posts"":288,""character_coverage"":1.0},{""copyright"":""fatal_frame:_maiden_of_black_water"",""co_posts"":286,""character_coverage"":0.993056},{""copyright"":""fatal_frame_ii:_crimson_butterfly"",""co_posts"":5,""character_coverage"":0.017361},{""copyright"":""fatal_frame_1"",""co_posts"":4,""character_coverage"":0.013889},{""copyright"":""fatal_frame:_mask_of_the_lunar_eclipse"",""co_posts"":2,""character_coverage"":0.006944}]","","","PENDING",""
"I70-009694","kusunoki_yua","4","Character","291","","","","","楠優愛","","[{""copyright"":""chaos;head"",""co_posts"":291,""character_coverage"":1.0},{""copyright"":""science_adventure"",""co_posts"":291,""character_coverage"":1.0},{""copyright"":""chaos;head_love_chu_chu!"",""co_posts"":44,""character_coverage"":0.151203},{""copyright"":""blood_tune"",""co_posts"":20,""character_coverage"":0.068729},{""copyright"":""phantasm"",""co_posts"":3,""character_coverage"":0.010309}]","","","PENDING",""
"I70-009695","laguna_loire","4","Character","291","","","","","ラグナ・レウァール","","[{""copyright"":""final_fantasy"",""co_posts"":278,""character_coverage"":1.0},{""copyright"":""final_fantasy_viii"",""co_posts"":278,""character_coverage"":1.0},{""copyright"":""dissidia_final_fantasy"",""co_posts"":66,""character_coverage"":0.23741},{""copyright"":""dissidia_012_final_fantasy"",""co_posts"":38,""character_coverage"":0.136691},{""copyright"":""final_fantasy_x"",""co_posts"":26,""character_coverage"":0.093525}]","","","PENDING",""
"I70-009696","makino_ruki","4","Character","291","","","","","牧野留姫","","[{""copyright"":""digimon"",""co_posts"":240,""character_coverage"":1.0},{""copyright"":""digimon_tamers"",""co_posts"":239,""character_coverage"":0.995833},{""copyright"":""digimon_adventure"",""co_posts"":19,""character_coverage"":0.079167},{""copyright"":""digimon_adventure_02"",""co_posts"":19,""character_coverage"":0.079167},{""copyright"":""digimon_frontier"",""co_posts"":18,""character_coverage"":0.075}]","","","PENDING",""
"I70-009697","nana_(ice_climber)","4","Character","291","","","","ナナ","","","[{""copyright"":""ice_climber"",""co_posts"":259,""character_coverage"":1.0},{""copyright"":""super_smash_bros."",""co_posts"":196,""character_coverage"":0.756757},{""copyright"":""the_legend_of_zelda"",""co_posts"":166,""character_coverage"":0.640927},{""copyright"":""mario_(series)"",""co_posts"":165,""character_coverage"":0.637066},{""copyright"":""pokemon"",""co_posts"":157,""character_coverage"":0.606178}]","","","PENDING",""
"I70-009698","nyarla_(osiimi)","4","Character","291","","","","ニャールラ | ニヤラ","","","[{""copyright"":""crawling_dreams"",""co_posts"":247,""character_coverage"":0.995968},{""copyright"":""original"",""co_posts"":6,""character_coverage"":0.024194},{""copyright"":""indie_virtual_youtuber"",""co_posts"":4,""character_coverage"":0.016129},{""copyright"":""internet_explorer"",""co_posts"":3,""character_coverage"":0.012097},{""copyright"":""internet_explorer_(webcomic)"",""co_posts"":3,""character_coverage"":0.012097}]","","","PENDING",""
"I70-009699","oumi_shiori","4","Character","291","","","","","近江汐莉","","[{""copyright"":""watashi_wo_tabetai_hitodenashi"",""co_posts"":242,""character_coverage"":1.0},{""copyright"":""newtype"",""co_posts"":2,""character_coverage"":0.008264},{""copyright"":""yagate_kimi_ni_naru"",""co_posts"":2,""character_coverage"":0.008264},{""copyright"":""chainsaw_man"",""co_posts"":1,""character_coverage"":0.004132},{""copyright"":""hololive"",""co_posts"":1,""character_coverage"":0.004132}]","","","PENDING",""
"I70-009700","qubeley","4","Character","291","","","","キュベレイ","","AMX-004","[{""copyright"":""gundam"",""co_posts"":270,""character_coverage"":1.0},{""copyright"":""zeta_gundam"",""co_posts"":198,""character_coverage"":0.733333},{""copyright"":""gundam_zz"",""co_posts"":98,""character_coverage"":0.362963},{""copyright"":""arasa_ol_haman-sama"",""co_posts"":17,""character_coverage"":0.062963},{""copyright"":""sd_gundam"",""co_posts"":15,""character_coverage"":0.055556}]","","","PENDING",""
"I70-009701","relena_peacecraft","4","Character","291","","","","リリーナ・ドーリアン | リリーナ・ピースクラフト","","","[{""copyright"":""gundam"",""co_posts"":268,""character_coverage"":1.0},{""copyright"":""gundam_wing"",""co_posts"":268,""character_coverage"":1.0},{""copyright"":""gundam_wing:_endless_waltz"",""co_posts"":12,""character_coverage"":0.044776},{""copyright"":""mobile_suit_gundam"",""co_posts"":8,""character_coverage"":0.029851},{""copyright"":""gundam_seed"",""co_posts"":7,""character_coverage"":0.026119}]","","","PENDING",""
"I70-009702","shingyoku_(female)_(touhou)","4","Character","291","shingyoku_(female)","shingyoku (female)","","","新星（女性）","","[{""copyright"":""touhou"",""co_posts"":279,""character_coverage"":1.0},{""copyright"":""touhou_(pc-98)"",""co_posts"":279,""character_coverage"":1.0},{""copyright"":""highly_responsive_to_prayers"",""co_posts"":58,""character_coverage"":0.207885},{""copyright"":""story_of_eastern_wonderland"",""co_posts"":20,""character_coverage"":0.071685},{""copyright"":""lotus_land_story"",""co_posts"":18,""character_coverage"":0.064516}]","","","PENDING",""
"I70-009703","tsukikawa_chili","4","Character","291","tsukikawa_chiri","tsukikawa chiri","","","月川ちり","","[{""copyright"":""pretty_series"",""co_posts"":286,""character_coverage"":1.0},{""copyright"":""pripara"",""co_posts"":286,""character_coverage"":1.0},{""copyright"":""idol_time_pripara"",""co_posts"":29,""character_coverage"":0.101399},{""copyright"":""idol_land_pripara"",""co_posts"":5,""character_coverage"":0.017483},{""copyright"":""kiratto_pri_chan"",""co_posts"":3,""character_coverage"":0.01049}]","","","PENDING",""
"I70-009704","tsukishima_shijima","4","Character","291","tsukushima_shijima","tsukushima shijima","","月島しじま","","","[{""copyright"":""shimeji_simulation"",""co_posts"":247,""character_coverage"":0.995968},{""copyright"":""shoujo_shuumatsu_ryokou"",""co_posts"":26,""character_coverage"":0.104839},{""copyright"":""nichijou"",""co_posts"":5,""character_coverage"":0.020161},{""copyright"":""city_(arawi_keiichi)"",""co_posts"":4,""character_coverage"":0.016129},{""copyright"":""original"",""co_posts"":4,""character_coverage"":0.016129}]","","","PENDING",""
"I70-009705","vega_(street_fighter)","4","Character","291","claw_(street_fighter),balrog_(street_fighter)","balrog (street fighter) | claw (street fighter)","","バルログ(クッキー☆) | バルログ(ストリートファイター) | 爪(ストリートファイター)","","","[{""copyright"":""street_fighter"",""co_posts"":233,""character_coverage"":1.0},{""copyright"":""street_fighter_ii_(series)"",""co_posts"":65,""character_coverage"":0.27897},{""copyright"":""street_fighter_zero_(series)"",""co_posts"":52,""character_coverage"":0.223176},{""copyright"":""final_fight"",""co_posts"":28,""character_coverage"":0.120172},{""copyright"":""street_fighter_v"",""co_posts"":25,""character_coverage"":0.107296}]","","","PENDING",""
"I70-009706","alita","4","Character","290","gally","gally","","ガリィ","","","[{""copyright"":""battle_angel_alita"",""co_posts"":249,""character_coverage"":0.992032},{""copyright"":""alita:_battle_angel"",""co_posts"":44,""character_coverage"":0.175299},{""copyright"":""nier:automata"",""co_posts"":8,""character_coverage"":0.031873},{""copyright"":""nier_(series)"",""co_posts"":8,""character_coverage"":0.031873},{""copyright"":""ghost_in_the_shell"",""co_posts"":7,""character_coverage"":0.027888}]","","","PENDING",""
"I70-009707","armarouge","4","Character","290","","","","グレンアルマ","","","[{""copyright"":""pokemon"",""co_posts"":264,""character_coverage"":1.0},{""copyright"":""pokemon_scarlet_and_violet"",""co_posts"":56,""character_coverage"":0.212121},{""copyright"":""pokemon_(anime)"",""co_posts"":22,""character_coverage"":0.083333},{""copyright"":""pokemon_horizons"",""co_posts"":22,""character_coverage"":0.083333},{""copyright"":""mega_man_(series)"",""co_posts"":3,""character_coverage"":0.011364}]","","","PENDING",""
"I70-009708","cinnamon_(nekopara)","4","Character","290","cinnamon_(sayori)","cinnamon (sayori)","","シナモン | シナモン(ネコぱら)","","","[{""copyright"":""nekopara"",""co_posts"":257,""character_coverage"":1.0},{""copyright"":""nekopara_sekai_connect"",""co_posts"":6,""character_coverage"":0.023346},{""copyright"":""boku_to_koi_suru_ponkotsu_akuma."",""co_posts"":3,""character_coverage"":0.011673},{""copyright"":""goodsmile_company"",""co_posts"":2,""character_coverage"":0.007782},{""copyright"":""genshin_impact"",""co_posts"":1,""character_coverage"":0.003891}]","","","PENDING",""
"I70-009709","doppio_dropscythe","4","Character","290","","","","","ドッピオ・ドロップサイト","","[{""copyright"":""nijisanji"",""co_posts"":285,""character_coverage"":1.0},{""copyright"":""nijisanji_en"",""co_posts"":285,""character_coverage"":1.0},{""copyright"":""sanrio"",""co_posts"":4,""character_coverage"":0.014035},{""copyright"":""nijisanji_koshien"",""co_posts"":3,""character_coverage"":0.010526},{""copyright"":""nijisanji_kr"",""co_posts"":3,""character_coverage"":0.010526}]","","","PENDING",""
"I70-009710","ed_(street_fighter)","4","Character","290","","","","","エド(ストリートファイター)","","[{""copyright"":""street_fighter"",""co_posts"":267,""character_coverage"":0.98524},{""copyright"":""street_fighter_6"",""co_posts"":248,""character_coverage"":0.915129},{""copyright"":""hololive"",""co_posts"":37,""character_coverage"":0.136531},{""copyright"":""street_fighter_v"",""co_posts"":19,""character_coverage"":0.070111},{""copyright"":""fatal_fury"",""co_posts"":11,""character_coverage"":0.04059}]","","","PENDING",""
"I70-009711","faust_(arknights)","4","Character","290","","","","ファウスト(アークナイツ)","","","[{""copyright"":""arknights"",""co_posts"":281,""character_coverage"":1.0},{""copyright"":""bilibili"",""co_posts"":4,""character_coverage"":0.014235},{""copyright"":""jojo_no_kimyou_na_bouken"",""co_posts"":3,""character_coverage"":0.010676},{""copyright"":""limbus_company"",""co_posts"":2,""character_coverage"":0.007117},{""copyright"":""mili_(band)"",""co_posts"":2,""character_coverage"":0.007117}]","","","PENDING",""
"I70-009712","floating_fortress_(kancolle)","4","Character","290","floating_fortress_(kantai_collection)","floating fortress (kantai collection)","","","浮遊要塞","","[{""copyright"":""kantai_collection"",""co_posts"":284,""character_coverage"":1.0},{""copyright"":""gundam"",""co_posts"":3,""character_coverage"":0.010563},{""copyright"":""aoki_hagane_no_arpeggio"",""co_posts"":2,""character_coverage"":0.007042},{""copyright"":""final_fantasy"",""co_posts"":2,""character_coverage"":0.007042},{""copyright"":""line_(naver)"",""co_posts"":2,""character_coverage"":0.007042}]","","","PENDING",""
"I70-009713","fujimaru_ritsuka_(male)_(summer_street)","4","Character","290","","","","サマー・ストリート","","","[{""copyright"":""fate/grand_order"",""co_posts"":261,""character_coverage"":1.0},{""copyright"":""fate_(series)"",""co_posts"":261,""character_coverage"":1.0},{""copyright"":""fate/extra"",""co_posts"":3,""character_coverage"":0.011494},{""copyright"":""carnival_phantasm"",""co_posts"":1,""character_coverage"":0.003831},{""copyright"":""coca-cola"",""co_posts"":1,""character_coverage"":0.003831}]","","","PENDING",""
"I70-009714","gaap_(umineko)","4","Character","290","","","","ガァプ","","","[{""copyright"":""umineko_no_naku_koro_ni"",""co_posts"":264,""character_coverage"":1.0},{""copyright"":""durarara!!"",""co_posts"":4,""character_coverage"":0.015152},{""copyright"":""dawn_of_the_golden_witch"",""co_posts"":3,""character_coverage"":0.011364},{""copyright"":""end_of_the_golden_witch"",""co_posts"":3,""character_coverage"":0.011364},{""copyright"":""ars_goetia"",""co_posts"":1,""character_coverage"":0.003788}]","","","PENDING",""
"I70-009715","hiita_(yu-gi-oh!)","4","Character","290","","","","","hiita（yu-gi-oh！）","","[{""copyright"":""yu-gi-oh!"",""co_posts"":246,""character_coverage"":1.0},{""copyright"":""yu-gi-oh!_duel_monsters"",""co_posts"":10,""character_coverage"":0.04065},{""copyright"":""viprpg"",""co_posts"":6,""character_coverage"":0.02439},{""copyright"":""comiket_104"",""co_posts"":3,""character_coverage"":0.012195},{""copyright"":""touhou"",""co_posts"":3,""character_coverage"":0.012195}]","","","PENDING",""
"I70-009716","kaname_junko","4","Character","290","","","","","鹿目詢子","","[{""copyright"":""mahou_shoujo_madoka_magica"",""co_posts"":278,""character_coverage"":1.0},{""copyright"":""mahou_shoujo_madoka_magica_(anime)"",""co_posts"":250,""character_coverage"":0.899281},{""copyright"":""mahou_shoujo_madoka_magica:_hangyaku_no_monogatari"",""co_posts"":20,""character_coverage"":0.071942},{""copyright"":""gundam"",""co_posts"":5,""character_coverage"":0.017986},{""copyright"":""magia_record:_mahou_shoujo_madoka_magica_gaiden"",""co_posts"":5,""character_coverage"":0.017986}]","","","PENDING",""
"I70-009717","kyururu_(kemono_friends)","4","Character","290","","","","キュルル(けものフレンズ)","","","[{""copyright"":""kemono_friends"",""co_posts"":267,""character_coverage"":1.0},{""copyright"":""kemono_friends_2"",""co_posts"":222,""character_coverage"":0.831461},{""copyright"":""kemono_friends_3"",""co_posts"":11,""character_coverage"":0.041199},{""copyright"":""kemono_friends_v_project"",""co_posts"":3,""character_coverage"":0.011236},{""copyright"":""arai-san_mansion"",""co_posts"":2,""character_coverage"":0.007491}]","","","PENDING",""
"I70-009718","li_zeyan","4","Character","290","","","","","ゼン(恋とプロデューサー)","","[{""copyright"":""love_and_producer"",""co_posts"":289,""character_coverage"":1.0},{""copyright"":""original"",""co_posts"":3,""character_coverage"":0.010381},{""copyright"":""bungou_stray_dogs"",""co_posts"":1,""character_coverage"":0.00346},{""copyright"":""disneyland"",""co_posts"":1,""character_coverage"":0.00346},{""copyright"":""howl_no_ugoku_shiro"",""co_posts"":1,""character_coverage"":0.00346}]","","","PENDING",""
"I70-009719","maid-chan_(ramchi)","4","Character","290","","","","","メイドちゃん（ラムチ）","","[{""copyright"":""original"",""co_posts"":287,""character_coverage"":1.0},{""copyright"":""line_(naver)"",""co_posts"":1,""character_coverage"":0.003484}]","","","PENDING",""
"I70-009720","mephisto_(arknights)","4","Character","290","","","","メフィスト | メフィスト(アークナイツ)","梅菲斯特","","[{""copyright"":""arknights"",""co_posts"":273,""character_coverage"":1.0},{""copyright"":""bilibili"",""co_posts"":4,""character_coverage"":0.014652},{""copyright"":""omori"",""co_posts"":3,""character_coverage"":0.010989},{""copyright"":""mili_(band)"",""co_posts"":2,""character_coverage"":0.007326},{""copyright"":""pokemon"",""co_posts"":2,""character_coverage"":0.007326}]","","","PENDING",""
"I70-009721","pela_(honkai:_star_rail)","4","Character","290","pelageya_sergeyevna","pelageya sergeyevna","","ぺラ | ペラ","佩拉","Pela | 페라","[{""copyright"":""honkai:_star_rail"",""co_posts"":279,""character_coverage"":1.0},{""copyright"":""honkai_(series)"",""co_posts"":279,""character_coverage"":1.0},{""copyright"":""mihoyo"",""co_posts"":10,""character_coverage"":0.035842},{""copyright"":""genshin_impact"",""co_posts"":6,""character_coverage"":0.021505},{""copyright"":""honkai_impact_3rd"",""co_posts"":6,""character_coverage"":0.021505}]","","","PENDING",""
"I70-009722","regice","4","Character","290","","","","レジアイス","","","[{""copyright"":""pokemon"",""co_posts"":268,""character_coverage"":1.0},{""copyright"":""pokemon_ruby/sapphire/emerald"",""co_posts"":31,""character_coverage"":0.115672},{""copyright"":""pokemon_emerald"",""co_posts"":20,""character_coverage"":0.074627},{""copyright"":""pokemon_(anime)"",""co_posts"":12,""character_coverage"":0.044776},{""copyright"":""pokemon_diamond/pearl/platinum"",""co_posts"":11,""character_coverage"":0.041045}]","","","PENDING",""
"I70-009723","sawada_tsunayoshi","4","Character","290","","","","","沢田綱吉","","[{""copyright"":""katekyo_hitman_reborn!"",""co_posts"":267,""character_coverage"":1.0},{""copyright"":""naruto_(series)"",""co_posts"":7,""character_coverage"":0.026217},{""copyright"":""one_piece"",""co_posts"":7,""character_coverage"":0.026217},{""copyright"":""bleach"",""co_posts"":6,""character_coverage"":0.022472},{""copyright"":""dragon_ball"",""co_posts"":5,""character_coverage"":0.018727}]","","","PENDING",""
"I70-009724","shelly_(pokemon)","4","Character","290","izumi_(pokemon)","izumi (pokemon)","","イズミ | イズミ(トレーナー)","","","[{""copyright"":""pokemon"",""co_posts"":237,""character_coverage"":1.0},{""copyright"":""pokemon_omega_ruby_and_alpha_sapphire"",""co_posts"":195,""character_coverage"":0.822785},{""copyright"":""pokemon_ruby/sapphire/emerald"",""co_posts"":40,""character_coverage"":0.168776},{""copyright"":""pokemon_sword_and_shield"",""co_posts"":15,""character_coverage"":0.063291},{""copyright"":""pokemon_heartgold_and_soulsilver"",""co_posts"":10,""character_coverage"":0.042194}]","","","PENDING",""
"I70-009725","sideroca_(light_breeze)_(arknights)","4","Character","290","","","","","sideroca（light breaze）（arknights）","","[{""copyright"":""arknights"",""co_posts"":275,""character_coverage"":1.0},{""copyright"":""getting_over_it"",""co_posts"":1,""character_coverage"":0.003636},{""copyright"":""vrchat"",""co_posts"":1,""character_coverage"":0.003636}]","","","PENDING",""
"I70-009726","star_force_mega_man","4","Character","290","","","","","シューティングスター・ロックマン","","[{""copyright"":""mega_man_(series)"",""co_posts"":280,""character_coverage"":1.0},{""copyright"":""mega_man_star_force_(series)"",""co_posts"":280,""character_coverage"":1.0},{""copyright"":""mega_man_battle_network_(series)"",""co_posts"":61,""character_coverage"":0.217857},{""copyright"":""mega_man_(classic)"",""co_posts"":53,""character_coverage"":0.189286},{""copyright"":""mega_man_star_force_3"",""co_posts"":49,""character_coverage"":0.175}]","","","PENDING",""
"I70-009727","takatsuki_ichika","4","Character","290","","","","貴月イチカ","","","[{""copyright"":""ano_natsu_de_matteru"",""co_posts"":273,""character_coverage"":1.0},{""copyright"":""onegai_teacher"",""co_posts"":10,""character_coverage"":0.03663},{""copyright"":""megami_magazine"",""co_posts"":9,""character_coverage"":0.032967},{""copyright"":""newtype"",""co_posts"":6,""character_coverage"":0.021978},{""copyright"":""dengeki_moeoh"",""co_posts"":4,""character_coverage"":0.014652}]","","","PENDING",""
"I70-009728","tibetan_fox_(kemono_friends)","4","Character","290","tibetan_sand_fox_(kemono_friends)","tibetan sand fox (kemono friends)","","チベットスナギツネ(けものフレンズ)","","","[{""copyright"":""kemono_friends"",""co_posts"":273,""character_coverage"":1.0},{""copyright"":""kemono_friends_3"",""co_posts"":37,""character_coverage"":0.135531},{""copyright"":""kemono_friends_pavilion"",""co_posts"":5,""character_coverage"":0.018315},{""copyright"":""keroro_gunsou"",""co_posts"":3,""character_coverage"":0.010989},{""copyright"":""ghost_in_the_shell"",""co_posts"":2,""character_coverage"":0.007326}]","","","PENDING",""
"I70-009729","urashima_kotetsu","4","Character","290","","","","","浦島虎徹","","[{""copyright"":""touken_ranbu"",""co_posts"":285,""character_coverage"":1.0},{""copyright"":""idolmaster"",""co_posts"":2,""character_coverage"":0.007018},{""copyright"":""touken_ranbu:_hanamaru"",""co_posts"":2,""character_coverage"":0.007018},{""copyright"":""houseki_no_kuni"",""co_posts"":1,""character_coverage"":0.003509},{""copyright"":""idolmaster_(classic)"",""co_posts"":1,""character_coverage"":0.003509}]","","","PENDING",""
"I70-009730","vivi_(ac8231)","4","Character","290","","","","ヴィヴィ","","","[{""copyright"":""original"",""co_posts"":284,""character_coverage"":1.0}]","","","PENDING",""
"I70-009731","yorda","4","Character","290","","","","ヨルダ","","","[{""copyright"":""ico"",""co_posts"":259,""character_coverage"":1.0},{""copyright"":""shadow_of_the_colossus"",""co_posts"":16,""character_coverage"":0.061776},{""copyright"":""final_fantasy"",""co_posts"":2,""character_coverage"":0.007722},{""copyright"":""mario_(series)"",""co_posts"":2,""character_coverage"":0.007722},{""copyright"":""metal_gear_(series)"",""co_posts"":2,""character_coverage"":0.007722}]","","","PENDING",""
"I70-009732","yuri_leclerc","4","Character","290","","","","ユーリス=ルクレール","","","[{""copyright"":""fire_emblem"",""co_posts"":275,""character_coverage"":1.0},{""copyright"":""fire_emblem:_three_houses"",""co_posts"":275,""character_coverage"":1.0},{""copyright"":""fire_emblem_heroes"",""co_posts"":25,""character_coverage"":0.090909},{""copyright"":""fire_emblem_warriors:_three_hopes"",""co_posts"":17,""character_coverage"":0.061818},{""copyright"":""fire_emblem_fates"",""co_posts"":6,""character_coverage"":0.021818}]","","","PENDING",""
"I70-009733","zhu_bajie","4","Character","290","","","","","猪八戒","","[{""copyright"":""journey_to_the_west"",""co_posts"":285,""character_coverage"":1.0},{""copyright"":""original"",""co_posts"":7,""character_coverage"":0.024561},{""copyright"":""touhou"",""co_posts"":7,""character_coverage"":0.024561},{""copyright"":""toji_no_miko"",""co_posts"":6,""character_coverage"":0.021053},{""copyright"":""toji_no_miko:_kizamishi_issen_no_tomoshibi"",""co_posts"":6,""character_coverage"":0.021053}]","","","PENDING",""
"I70-009734","amajiki_tamaki","4","Character","289","suneater_(boku_no_hero_academia)","suneater (boku no hero academia)","","サンイーター","天喰環","","[{""copyright"":""boku_no_hero_academia"",""co_posts"":281,""character_coverage"":1.0},{""copyright"":""disney"",""co_posts"":2,""character_coverage"":0.007117},{""copyright"":""animal_crossing"",""co_posts"":1,""character_coverage"":0.003559},{""copyright"":""chiikawa"",""co_posts"":1,""character_coverage"":0.003559},{""copyright"":""dc_comics"",""co_posts"":1,""character_coverage"":0.003559}]","","","PENDING",""
"I70-009735","arulumaya","4","Character","289","","","","アルルメイヤ","","","[{""copyright"":""granblue_fantasy"",""co_posts"":278,""character_coverage"":1.0},{""copyright"":""shingeki_no_bahamut"",""co_posts"":3,""character_coverage"":0.010791},{""copyright"":""cygames"",""co_posts"":1,""character_coverage"":0.003597},{""copyright"":""fate/grand_order"",""co_posts"":1,""character_coverage"":0.003597},{""copyright"":""fate_(series)"",""co_posts"":1,""character_coverage"":0.003597}]","","","PENDING",""
"I70-009736","cure_bloom","4","Character","289","","","","キュアブルーム","","","[{""copyright"":""futari_wa_precure_splash_star"",""co_posts"":259,""character_coverage"":1.0},{""copyright"":""precure"",""co_posts"":259,""character_coverage"":1.0},{""copyright"":""futari_wa_precure"",""co_posts"":155,""character_coverage"":0.598456},{""copyright"":""yes!_precure_5"",""co_posts"":148,""character_coverage"":0.571429},{""copyright"":""fresh_precure!"",""co_posts"":143,""character_coverage"":0.552124}]","","","PENDING",""
"I70-009737","fecto_elfilis","4","Character","289","","","","","フェクト・エフィリス","","[{""copyright"":""kirby_(series)"",""co_posts"":267,""character_coverage"":1.0},{""copyright"":""kirby_and_the_forgotten_land"",""co_posts"":266,""character_coverage"":0.996255},{""copyright"":""kirby_star_allies"",""co_posts"":22,""character_coverage"":0.082397},{""copyright"":""kirby:_planet_robobot"",""co_posts"":16,""character_coverage"":0.059925},{""copyright"":""kirby's_return_to_dream_land"",""co_posts"":13,""character_coverage"":0.048689}]","","","PENDING",""
"I70-009738","female_esper_zero_(nte)","4","Character","289","female_esper_zero_(neverness_to_everness)","female esper zero (neverness to everness)","","","零(异环)","","[{""copyright"":""neverness_to_everness"",""co_posts"":218,""character_coverage"":1.0},{""copyright"":""grand_theft_auto"",""co_posts"":1,""character_coverage"":0.004587},{""copyright"":""gundam"",""co_posts"":1,""character_coverage"":0.004587},{""copyright"":""gundam_f91"",""co_posts"":1,""character_coverage"":0.004587},{""copyright"":""tower_of_fantasy"",""co_posts"":1,""character_coverage"":0.004587}]","","","PENDING",""
"I70-009739","finneon","4","Character","289","","","","ケイコウオ","","","[{""copyright"":""pokemon"",""co_posts"":273,""character_coverage"":1.0},{""copyright"":""pokemon_diamond/pearl/platinum"",""co_posts"":18,""character_coverage"":0.065934},{""copyright"":""pokemon_(anime)"",""co_posts"":14,""character_coverage"":0.051282},{""copyright"":""pokemon_sun_and_moon"",""co_posts"":11,""character_coverage"":0.040293},{""copyright"":""pokemon_(classic_anime)"",""co_posts"":10,""character_coverage"":0.03663}]","","","PENDING",""
"I70-009740","hakase_fuyuki_(1st_costume)","4","Character","289","","","","","葉加瀬冬雪(通常)","","[{""copyright"":""nijisanji"",""co_posts"":274,""character_coverage"":1.0},{""copyright"":""nijisanji_kr"",""co_posts"":3,""character_coverage"":0.010949},{""copyright"":""pokemon"",""co_posts"":3,""character_coverage"":0.010949},{""copyright"":""indie_virtual_youtuber"",""co_posts"":2,""character_coverage"":0.007299},{""copyright"":""nijisanji_en"",""co_posts"":2,""character_coverage"":0.007299}]","","","PENDING",""
"I70-009741","hana_(pangya)","4","Character","289","","","","","ハナ（パンヤ）","","[{""copyright"":""pangya"",""co_posts"":250,""character_coverage"":1.0},{""copyright"":""vocaloid"",""co_posts"":6,""character_coverage"":0.024},{""copyright"":""lyrical_nanoha"",""co_posts"":2,""character_coverage"":0.008},{""copyright"":""mahou_shoujo_lyrical_nanoha"",""co_posts"":2,""character_coverage"":0.008},{""copyright"":""alice's_adventures_in_wonderland"",""co_posts"":1,""character_coverage"":0.004}]","","","PENDING",""
"I70-009742","helen_(girls'_frontline_2)","4","Character","289","","","","","ヘレン(ドールズフロントライン2)","","[{""copyright"":""girls'_frontline"",""co_posts"":266,""character_coverage"":1.0},{""copyright"":""girls'_frontline_2:_exilium"",""co_posts"":266,""character_coverage"":1.0},{""copyright"":""blue_archive"",""co_posts"":2,""character_coverage"":0.007519},{""copyright"":""fire_emblem"",""co_posts"":2,""character_coverage"":0.007519},{""copyright"":""fire_emblem:_three_houses"",""co_posts"":2,""character_coverage"":0.007519}]","","","PENDING",""
"I70-009743","hollow_knight_(character)","4","Character","289","","","","","ホローナイト（キャラクター）","","[{""copyright"":""hollow_knight"",""co_posts"":274,""character_coverage"":1.0},{""copyright"":""hollow_knight:_silksong"",""co_posts"":24,""character_coverage"":0.087591},{""copyright"":""dark_souls_(series)"",""co_posts"":4,""character_coverage"":0.014599},{""copyright"":""dark_souls_i"",""co_posts"":4,""character_coverage"":0.014599},{""copyright"":""among_us"",""co_posts"":2,""character_coverage"":0.007299}]","","","PENDING",""
"I70-009744","kukuri_(mahoujin_guruguru)","4","Character","289","kukuri","kukuri","","ククリ | ククリ(魔法陣グルグル)","","","[{""copyright"":""mahoujin_guruguru"",""co_posts"":281,""character_coverage"":0.992933},{""copyright"":""pokemon"",""co_posts"":11,""character_coverage"":0.038869},{""copyright"":""cardcaptor_sakura"",""co_posts"":9,""character_coverage"":0.031802},{""copyright"":""ojamajo_doremi"",""co_posts"":9,""character_coverage"":0.031802},{""copyright"":""bishoujo_senshi_sailor_moon"",""co_posts"":8,""character_coverage"":0.028269}]","","","PENDING",""
"I70-009745","lala_(monster_musume)","4","Character","289","","","","ララ | ララ(モンスター娘のいる日常)","","","[{""copyright"":""monster_musume_no_iru_nichijou"",""co_posts"":266,""character_coverage"":1.0},{""copyright"":""durarara!!"",""co_posts"":4,""character_coverage"":0.015038},{""copyright"":""pokemon"",""co_posts"":4,""character_coverage"":0.015038},{""copyright"":""gundam"",""co_posts"":3,""character_coverage"":0.011278},{""copyright"":""demi-chan_wa_kataritai"",""co_posts"":1,""character_coverage"":0.003759}]","","","PENDING",""
"I70-009746","leylah_(honkai_impact)","4","Character","289","","","","","レーラ(崩壊3rd)","","[{""copyright"":""honkai_(series)"",""co_posts"":211,""character_coverage"":1.0},{""copyright"":""honkai_impact_3rd"",""co_posts"":211,""character_coverage"":1.0},{""copyright"":""honkai:_star_rail"",""co_posts"":19,""character_coverage"":0.090047},{""copyright"":""mihoyo"",""co_posts"":11,""character_coverage"":0.052133},{""copyright"":""genshin_impact"",""co_posts"":10,""character_coverage"":0.047393}]","","","PENDING",""
"I70-009747","lina_kontiola","4","Character","289","","","","","リーナ・コンティオラ","","[{""copyright"":""orc_wa_nozomanai"",""co_posts"":289,""character_coverage"":1.0}]","","","PENDING",""
"I70-009748","marta_lualdi","4","Character","289","","","","","マルタ・ルアルディ","","[{""copyright"":""tales_of_(series)"",""co_posts"":279,""character_coverage"":1.0},{""copyright"":""tales_of_symphonia"",""co_posts"":279,""character_coverage"":1.0},{""copyright"":""tales_of_symphonia_knight_of_ratatosk"",""co_posts"":272,""character_coverage"":0.97491},{""copyright"":""tales_of_asteria"",""co_posts"":31,""character_coverage"":0.111111},{""copyright"":""tales_of_the_abyss"",""co_posts"":20,""character_coverage"":0.071685}]","","","PENDING",""
"I70-009749","melantha_(arknights)","4","Character","289","","","","メランサ(アークナイツ)","玫兰莎","","[{""copyright"":""arknights"",""co_posts"":279,""character_coverage"":1.0},{""copyright"":""bilibili"",""co_posts"":3,""character_coverage"":0.010753},{""copyright"":""a_deer_of_nine_colors"",""co_posts"":2,""character_coverage"":0.007168},{""copyright"":""rainbow_six_siege"",""co_posts"":2,""character_coverage"":0.007168},{""copyright"":""assassin's_creed_(series)"",""co_posts"":1,""character_coverage"":0.003584}]","","","PENDING",""
"I70-009750","monk_(sekaiju)","4","Character","289","","","","モンク","","","[{""copyright"":""sekaiju_no_meikyuu"",""co_posts"":205,""character_coverage"":1.0},{""copyright"":""sekaiju_no_meikyuu_3"",""co_posts"":190,""character_coverage"":0.926829},{""copyright"":""sekaiju_no_meikyuu_hd"",""co_posts"":17,""character_coverage"":0.082927},{""copyright"":""sekaiju_no_meikyuu_2"",""co_posts"":15,""character_coverage"":0.073171},{""copyright"":""sekaiju_no_meikyuu_1"",""co_posts"":12,""character_coverage"":0.058537}]","","","PENDING",""
"I70-009751","nina_(breath_of_fire_iv)","4","Character","289","nina_iv","nina iv","","ニーナ(BOF4)","","","[{""copyright"":""breath_of_fire"",""co_posts"":250,""character_coverage"":1.0},{""copyright"":""breath_of_fire_iv"",""co_posts"":250,""character_coverage"":1.0},{""copyright"":""breath_of_fire_iii"",""co_posts"":39,""character_coverage"":0.156},{""copyright"":""breath_of_fire_v"",""co_posts"":34,""character_coverage"":0.136},{""copyright"":""breath_of_fire_ii"",""co_posts"":33,""character_coverage"":0.132}]","","","PENDING",""
"I70-009752","origami_cyclone","4","Character","289","","","","","折紙サイクロン","","[{""copyright"":""tiger_&_bunny"",""co_posts"":272,""character_coverage"":0.996337},{""copyright"":""pepsi"",""co_posts"":3,""character_coverage"":0.010989},{""copyright"":""k-on!"",""co_posts"":2,""character_coverage"":0.007326},{""copyright"":""kamen_rider"",""co_posts"":2,""character_coverage"":0.007326},{""copyright"":""pokemon"",""co_posts"":2,""character_coverage"":0.007326}]","","","PENDING",""
"I70-009753","paladin_(sekaiju)","4","Character","289","protector_(sekaiju)","protector (sekaiju)","","ししょー | パラディン","","","[{""copyright"":""sekaiju_no_meikyuu"",""co_posts"":235,""character_coverage"":1.0},{""copyright"":""sekaiju_no_meikyuu_1"",""co_posts"":124,""character_coverage"":0.52766},{""copyright"":""sekaiju_no_meikyuu_2"",""co_posts"":76,""character_coverage"":0.323404},{""copyright"":""sekaiju_no_meikyuu_3"",""co_posts"":19,""character_coverage"":0.080851},{""copyright"":""sekaiju_no_meikyuu_5"",""co_posts"":11,""character_coverage"":0.046809}]","","","PENDING",""
"I70-009754","pkp_(girls'_frontline)","4","Character","289","pkp_(girls_frontline)","pkp (girls frontline)","","PKP(ドールズフロントライン)","PKP(少女前線)","PKP","[{""copyright"":""girls'_frontline"",""co_posts"":282,""character_coverage"":1.0},{""copyright"":""kantai_collection"",""co_posts"":12,""character_coverage"":0.042553},{""copyright"":""metal_gear_(series)"",""co_posts"":2,""character_coverage"":0.007092},{""copyright"":""arknights"",""co_posts"":1,""character_coverage"":0.003546},{""copyright"":""batman_(series)"",""co_posts"":1,""character_coverage"":0.003546}]","","","PENDING",""
"I70-009755","polyester_(psg)","4","Character","289","","","","","ポリエステル","","[{""copyright"":""panty_&_stocking_with_garterbelt"",""co_posts"":281,""character_coverage"":1.0},{""copyright"":""trigger_(company)"",""co_posts"":4,""character_coverage"":0.014235},{""copyright"":""honkai:_star_rail"",""co_posts"":3,""character_coverage"":0.010676},{""copyright"":""honkai_(series)"",""co_posts"":3,""character_coverage"":0.010676},{""copyright"":""re:zero_kara_hajimeru_isekai_seikatsu"",""co_posts"":3,""character_coverage"":0.010676}]","","","PENDING",""
"I70-009756","r_dorothy_wayneright","4","Character","289","r._dorothy_wayneright","r. dorothy wayneright","","R・ドロシー・ウェインライト","","","[{""copyright"":""the_big_o"",""co_posts"":274,""character_coverage"":1.0},{""copyright"":""gundam"",""co_posts"":5,""character_coverage"":0.018248},{""copyright"":""mazinger_(series)"",""co_posts"":5,""character_coverage"":0.018248},{""copyright"":""tiger_&_bunny"",""co_posts"":5,""character_coverage"":0.018248},{""copyright"":""getter_robo"",""co_posts"":4,""character_coverage"":0.014599}]","","","PENDING",""
"I70-009757","rubuska","4","Character","289","","","","","野树莓","","[{""copyright"":""reverse:1999"",""co_posts"":285,""character_coverage"":1.0},{""copyright"":""aquaman_(series)"",""co_posts"":1,""character_coverage"":0.003509},{""copyright"":""dc_comics"",""co_posts"":1,""character_coverage"":0.003509},{""copyright"":""kyoufuu_all_back_(vocaloid)"",""co_posts"":1,""character_coverage"":0.003509},{""copyright"":""mcdonald's"",""co_posts"":1,""character_coverage"":0.003509}]","","","PENDING",""
"I70-009758","saria_(the_law)_(arknights)","4","Character","289","saria_(iron_law)_(arknights)","saria (iron law) (arknights)","","","Saria（The Law）（Arknights）","","[{""copyright"":""arknights"",""co_posts"":278,""character_coverage"":1.0},{""copyright"":""azur_lane"",""co_posts"":1,""character_coverage"":0.003597},{""copyright"":""bakemonogatari"",""co_posts"":1,""character_coverage"":0.003597},{""copyright"":""blue_archive"",""co_posts"":1,""character_coverage"":0.003597},{""copyright"":""breaking_bad"",""co_posts"":1,""character_coverage"":0.003597}]","","","PENDING",""
"I70-009759","sei_shounagon_(swimsuit_berserker)_(first_ascension)_(fate)","4","Character","289","","","","","清少納言(水着)","","[{""copyright"":""fate/grand_order"",""co_posts"":274,""character_coverage"":1.0},{""copyright"":""fate_(series)"",""co_posts"":274,""character_coverage"":1.0},{""copyright"":""fate/apocrypha"",""co_posts"":1,""character_coverage"":0.00365},{""copyright"":""fate/grand_order_arcade"",""co_posts"":1,""character_coverage"":0.00365},{""copyright"":""hololive"",""co_posts"":1,""character_coverage"":0.00365}]","","","PENDING",""
"I70-009760","shiva_(final_fantasy)","4","Character","289","","","","","シヴァ（ファイナルファンタジー）","","[{""copyright"":""final_fantasy"",""co_posts"":267,""character_coverage"":1.0},{""copyright"":""final_fantasy_xiv"",""co_posts"":75,""character_coverage"":0.280899},{""copyright"":""final_fantasy_xvi"",""co_posts"":73,""character_coverage"":0.273408},{""copyright"":""final_fantasy_x"",""co_posts"":37,""character_coverage"":0.138577},{""copyright"":""final_fantasy_viii"",""co_posts"":16,""character_coverage"":0.059925}]","","","PENDING",""
"I70-009761","s-snake","4","Character","289","","","","S-スネーク","","","[{""copyright"":""one_piece"",""co_posts"":268,""character_coverage"":1.0},{""copyright"":""one_piece_card_game"",""co_posts"":3,""character_coverage"":0.011194},{""copyright"":""one_piece_film:_red"",""co_posts"":2,""character_coverage"":0.007463},{""copyright"":""one_piece_everyday"",""co_posts"":1,""character_coverage"":0.003731},{""copyright"":""shukusei!!_loli-kami_requiem"",""co_posts"":1,""character_coverage"":0.003731}]","","","PENDING",""
"I70-009762","super_creek_(chiffon-wrapped_mummy)_(umamusume)","4","Character","289","super_creek_(chiffon_ribbon_mummy)_(umamusume)","super creek (chiffon ribbon mummy) (umamusume)","","","シフォンリボンマミー","","[{""copyright"":""umamusume"",""co_posts"":279,""character_coverage"":1.0},{""copyright"":""umamusume:_cinderella_gray"",""co_posts"":4,""character_coverage"":0.014337},{""copyright"":""akari_ga_yatte_kitazo_(vocaloid)"",""co_posts"":3,""character_coverage"":0.010753},{""copyright"":""idolmaster"",""co_posts"":3,""character_coverage"":0.010753},{""copyright"":""idolmaster_cinderella_girls"",""co_posts"":3,""character_coverage"":0.010753}]","","","PENDING",""
"I70-009763","symboli_kris_s_(onyx_soldier)_(umamusume)","4","Character","289","","","","","","","[{""copyright"":""umamusume"",""co_posts"":280,""character_coverage"":1.0},{""copyright"":""fate_(series)"",""co_posts"":3,""character_coverage"":0.010714},{""copyright"":""bleach"",""co_posts"":2,""character_coverage"":0.007143},{""copyright"":""comiket_102"",""co_posts"":2,""character_coverage"":0.007143},{""copyright"":""jojo_no_kimyou_na_bouken"",""co_posts"":2,""character_coverage"":0.007143}]","","","PENDING",""
"I70-009764","totsuka_saika","4","Character","289","","","","","戸塚彩加","","[{""copyright"":""yahari_ore_no_seishun_lovecome_wa_machigatteiru."",""co_posts"":220,""character_coverage"":1.0},{""copyright"":""fate_(series)"",""co_posts"":8,""character_coverage"":0.036364},{""copyright"":""ansatsu_kyoushitsu"",""co_posts"":6,""character_coverage"":0.027273},{""copyright"":""fate/grand_order"",""co_posts"":6,""character_coverage"":0.027273},{""copyright"":""baka_to_test_to_shoukanjuu"",""co_posts"":5,""character_coverage"":0.022727}]","","","PENDING",""
"I70-009765","wendy_(wendy's)","4","Character","289","","","","","ウェンディ（ウェンディーズ）","","[{""copyright"":""wendy's"",""co_posts"":237,""character_coverage"":0.995798},{""copyright"":""mcdonald's"",""co_posts"":43,""character_coverage"":0.180672},{""copyright"":""burger_king"",""co_posts"":11,""character_coverage"":0.046218},{""copyright"":""original"",""co_posts"":10,""character_coverage"":0.042017},{""copyright"":""yoru_mac"",""co_posts"":10,""character_coverage"":0.042017}]","","","PENDING",""
"I70-009766","yamask","4","Character","289","","","","デスマス","","","[{""copyright"":""pokemon"",""co_posts"":266,""character_coverage"":1.0},{""copyright"":""pokemon_black_and_white"",""co_posts"":45,""character_coverage"":0.169173},{""copyright"":""pokemon_(anime)"",""co_posts"":42,""character_coverage"":0.157895},{""copyright"":""pokemon_the_series:_black_&_white"",""co_posts"":17,""character_coverage"":0.06391},{""copyright"":""pokemon_(classic_anime)"",""co_posts"":13,""character_coverage"":0.048872}]","","","PENDING",""
"I70-009767","adiane","4","Character","288","","","","アディーネ","","","[{""copyright"":""tengen_toppa_gurren_lagann"",""co_posts"":254,""character_coverage"":1.0},{""copyright"":""tengen_toppa_gurren_lagann:_parallel_works"",""co_posts"":6,""character_coverage"":0.023622},{""copyright"":""neon_genesis_evangelion"",""co_posts"":5,""character_coverage"":0.019685},{""copyright"":""kill_la_kill"",""co_posts"":4,""character_coverage"":0.015748},{""copyright"":""top_wo_nerae!_(series)"",""co_posts"":3,""character_coverage"":0.011811}]","","","PENDING",""
"I70-009768","batsu_miku","4","Character","288","utaenai_miku","utaenai miku","","","歌えないミク","","[{""copyright"":""vocaloid"",""co_posts"":264,""character_coverage"":1.0},{""copyright"":""kowareta_sekai_to_utaenai_miku"",""co_posts"":263,""character_coverage"":0.996212},{""copyright"":""project_sekai"",""co_posts"":263,""character_coverage"":0.996212},{""copyright"":""black_rock_shooter"",""co_posts"":2,""character_coverage"":0.007576},{""copyright"":""girls_und_panzer"",""co_posts"":1,""character_coverage"":0.003788}]","","","PENDING",""
"I70-009769","blanc_(fortune_express)_(nikke)","4","Character","288","","","","","ブラン:フォーチュンエクスプレス","","[{""copyright"":""goddess_of_victory:_nikke"",""co_posts"":282,""character_coverage"":1.0},{""copyright"":""original"",""co_posts"":3,""character_coverage"":0.010638},{""copyright"":""blue_archive"",""co_posts"":2,""character_coverage"":0.007092},{""copyright"":""girls'_frontline"",""co_posts"":2,""character_coverage"":0.007092},{""copyright"":""girls'_frontline_2:_exilium"",""co_posts"":2,""character_coverage"":0.007092}]","","","PENDING",""
"I70-009770","brooke_(mleth)","4","Character","288","brooke_(mathias_leth)","brooke (mathias leth)","","","ブルック（マティアス・レス）","","[{""copyright"":""original"",""co_posts"":285,""character_coverage"":0.996503},{""copyright"":""crash_bandicoot_(series)"",""co_posts"":4,""character_coverage"":0.013986},{""copyright"":""doom_(2016)"",""co_posts"":4,""character_coverage"":0.013986},{""copyright"":""doom_(series)"",""co_posts"":4,""character_coverage"":0.013986},{""copyright"":""parappa_the_rapper"",""co_posts"":4,""character_coverage"":0.013986}]","","","PENDING",""
"I70-009771","c.c._lemon_(character)","4","Character","288","","","","","C.C.レモン","","[{""copyright"":""c.c._lemon"",""co_posts"":286,""character_coverage"":1.0},{""copyright"":""original"",""co_posts"":4,""character_coverage"":0.013986},{""copyright"":""code_geass"",""co_posts"":2,""character_coverage"":0.006993},{""copyright"":""coca-cola"",""co_posts"":1,""character_coverage"":0.003497}]","","","PENDING",""
"I70-009772","cutie_honey_(character)","4","Character","288","","","","キューティーハニー","","","[{""copyright"":""cutie_honey"",""co_posts"":242,""character_coverage"":0.991803},{""copyright"":""re:_cutie_honey"",""co_posts"":42,""character_coverage"":0.172131},{""copyright"":""bishoujo_senshi_sailor_moon"",""co_posts"":12,""character_coverage"":0.04918},{""copyright"":""precure"",""co_posts"":9,""character_coverage"":0.036885},{""copyright"":""gundam"",""co_posts"":8,""character_coverage"":0.032787}]","","","PENDING",""
"I70-009773","erica_fontaine","4","Character","288","","","","エリカ・フォンティーヌ","","","[{""copyright"":""sakura_taisen"",""co_posts"":258,""character_coverage"":1.0},{""copyright"":""sakura_taisen_iii"",""co_posts"":242,""character_coverage"":0.937984},{""copyright"":""sakura_taisen_v"",""co_posts"":43,""character_coverage"":0.166667},{""copyright"":""sega"",""co_posts"":24,""character_coverage"":0.093023},{""copyright"":""sakura_taisen_ii"",""co_posts"":14,""character_coverage"":0.054264}]","","","PENDING",""
"I70-009774","fei_rune","4","Character","288","","","","","フェイ・ルーン","","[{""copyright"":""inazuma_eleven_(series)"",""co_posts"":279,""character_coverage"":1.0},{""copyright"":""inazuma_eleven_go"",""co_posts"":278,""character_coverage"":0.996416},{""copyright"":""inazuma_eleven_go_chrono_stone"",""co_posts"":273,""character_coverage"":0.978495},{""copyright"":""inazuma_eleven"",""co_posts"":12,""character_coverage"":0.043011},{""copyright"":""inazuma_eleven_go_galaxy"",""co_posts"":9,""character_coverage"":0.032258}]","","","PENDING",""
"I70-009775","fuwawa_abyssgard_(casual)","4","Character","288","fuwawa_abyssgard_(3rd_costume)","fuwawa abyssgard (3rd costume)","","","","","[{""copyright"":""hololive"",""co_posts"":274,""character_coverage"":1.0},{""copyright"":""hololive_english"",""co_posts"":274,""character_coverage"":1.0},{""copyright"":""pokemon"",""co_posts"":4,""character_coverage"":0.014599},{""copyright"":""hololive_dev_is"",""co_posts"":3,""character_coverage"":0.010949},{""copyright"":""hololive_indonesia"",""co_posts"":2,""character_coverage"":0.007299}]","","","PENDING",""
"I70-009776","haneyama_kazuho","4","Character","288","pop_step_(boku_no_hero_academia)","pop step (boku no hero academia)","","","ポップ☆ステップ","","[{""copyright"":""boku_no_hero_academia"",""co_posts"":262,""character_coverage"":1.0},{""copyright"":""vigilante_-boku_no_hero_academia:_illegals-"",""co_posts"":254,""character_coverage"":0.969466},{""copyright"":""pokemon"",""co_posts"":4,""character_coverage"":0.015267},{""copyright"":""pokemon_(anime)"",""co_posts"":4,""character_coverage"":0.015267},{""copyright"":""microsoft_windows"",""co_posts"":3,""character_coverage"":0.01145}]","","","PENDING",""
"I70-009777","hiyama_kiyoteru","4","Character","288","hiyama_kiyoteru_(vocaloid4)","hiyama kiyoteru (vocaloid4)","","氷山キヨテル","","","[{""copyright"":""vocaloid"",""co_posts"":265,""character_coverage"":1.0},{""copyright"":""voiceroid"",""co_posts"":36,""character_coverage"":0.135849},{""copyright"":""utau"",""co_posts"":28,""character_coverage"":0.10566},{""copyright"":""evillious_nendaiki"",""co_posts"":16,""character_coverage"":0.060377},{""copyright"":""confessions_of_a_rotten_girl_(vocaloid)"",""co_posts"":10,""character_coverage"":0.037736}]","","","PENDING",""
"I70-009778","kakavasha_(honkai:_star_rail)","4","Character","288","","","","","カカワーシャ","","[{""copyright"":""honkai:_star_rail"",""co_posts"":287,""character_coverage"":1.0},{""copyright"":""honkai_(series)"",""co_posts"":287,""character_coverage"":1.0},{""copyright"":""genshin_impact"",""co_posts"":4,""character_coverage"":0.013937},{""copyright"":""mihoyo"",""co_posts"":4,""character_coverage"":0.013937},{""copyright"":""chainsaw_man"",""co_posts"":1,""character_coverage"":0.003484}]","","","PENDING",""
"I70-009779","kamiya_kaoru","4","Character","288","","","","","神谷薫","","[{""copyright"":""rurouni_kenshin"",""co_posts"":272,""character_coverage"":1.0},{""copyright"":""gintama"",""co_posts"":2,""character_coverage"":0.007353},{""copyright"":""hakuouki_shinsengumi_kitan"",""co_posts"":2,""character_coverage"":0.007353},{""copyright"":""idolmaster"",""co_posts"":2,""character_coverage"":0.007353},{""copyright"":""idolmaster_cinderella_girls"",""co_posts"":2,""character_coverage"":0.007353}]","","","PENDING",""
"I70-009780","kiroranke","4","Character","288","","","","","キロランケ","","[{""copyright"":""golden_kamuy"",""co_posts"":286,""character_coverage"":1.0},{""copyright"":""gintama"",""co_posts"":2,""character_coverage"":0.006993},{""copyright"":""darkstalkers"",""co_posts"":1,""character_coverage"":0.003497},{""copyright"":""ghostbusters"",""co_posts"":1,""character_coverage"":0.003497},{""copyright"":""jojo_no_kimyou_na_bouken"",""co_posts"":1,""character_coverage"":0.003497}]","","","PENDING",""
"I70-009781","koopa_troopa","4","Character","288","","","","ノコノコ","","","[{""copyright"":""mario_(series)"",""co_posts"":244,""character_coverage"":1.0},{""copyright"":""paper_mario_(series)"",""co_posts"":34,""character_coverage"":0.139344},{""copyright"":""new_super_mario_bros._u_deluxe"",""co_posts"":33,""character_coverage"":0.135246},{""copyright"":""super_mario_bros._1"",""co_posts"":29,""character_coverage"":0.118852},{""copyright"":""donkey_kong_(series)"",""co_posts"":21,""character_coverage"":0.086066}]","","","PENDING",""
"I70-009782","koyanskaya_(assassin)_(second_ascension)_(fate)","4","Character","288","","","","","光のコヤンスカヤ","","[{""copyright"":""fate/grand_order"",""co_posts"":271,""character_coverage"":1.0},{""copyright"":""fate_(series)"",""co_posts"":271,""character_coverage"":1.0},{""copyright"":""backrooms_(creepypasta)"",""co_posts"":2,""character_coverage"":0.00738},{""copyright"":""fate/strange_fake"",""co_posts"":2,""character_coverage"":0.00738},{""copyright"":""alice's_adventures_in_wonderland"",""co_posts"":1,""character_coverage"":0.00369}]","","","PENDING",""
"I70-009783","nikkari_aoe","4","Character","288","","","","","にっかり青江","","[{""copyright"":""touken_ranbu"",""co_posts"":283,""character_coverage"":1.0},{""copyright"":""touken_ranbu:_hanamaru"",""co_posts"":6,""character_coverage"":0.021201},{""copyright"":""pokemon"",""co_posts"":5,""character_coverage"":0.017668},{""copyright"":""axis_powers_hetalia"",""co_posts"":3,""character_coverage"":0.010601},{""copyright"":""choo_choo_train"",""co_posts"":1,""character_coverage"":0.003534}]","","","PENDING",""
"I70-009784","porygon2","4","Character","288","","","","ポリゴン2","","","[{""copyright"":""pokemon"",""co_posts"":267,""character_coverage"":1.0},{""copyright"":""pokemon_gold/silver/crystal"",""co_posts"":13,""character_coverage"":0.048689},{""copyright"":""pokemon_(anime)"",""co_posts"":9,""character_coverage"":0.033708},{""copyright"":""pokemon_heartgold_and_soulsilver"",""co_posts"":8,""character_coverage"":0.029963},{""copyright"":""pokemon_(classic_anime)"",""co_posts"":7,""character_coverage"":0.026217}]","","","PENDING",""
"I70-009785","ren_kougyoku","4","Character","288","","","","","練紅玉","","[{""copyright"":""magi_the_labyrinth_of_magic"",""co_posts"":274,""character_coverage"":1.0},{""copyright"":""bakemonogatari"",""co_posts"":2,""character_coverage"":0.007299},{""copyright"":""divine_gate"",""co_posts"":2,""character_coverage"":0.007299},{""copyright"":""gundam"",""co_posts"":2,""character_coverage"":0.007299},{""copyright"":""gundam_seed"",""co_posts"":2,""character_coverage"":0.007299}]","","","PENDING",""
"I70-009786","sabito_(kimetsu)","4","Character","288","","","","","锖兔","","[{""copyright"":""kimetsu_no_yaiba"",""co_posts"":277,""character_coverage"":1.0},{""copyright"":""kimetsu_gakuen"",""co_posts"":6,""character_coverage"":0.021661},{""copyright"":""batman_(series)"",""co_posts"":2,""character_coverage"":0.00722},{""copyright"":""dc_comics"",""co_posts"":2,""character_coverage"":0.00722},{""copyright"":""jujutsu_kaisen"",""co_posts"":2,""character_coverage"":0.00722}]","","","PENDING",""
"I70-009787","shiny_chariot","4","Character","288","","","","シャイニィシャリオ","莎莉欧","","[{""copyright"":""little_witch_academia"",""co_posts"":252,""character_coverage"":1.0},{""copyright"":""trigger_(company)"",""co_posts"":3,""character_coverage"":0.011905},{""copyright"":""original"",""co_posts"":2,""character_coverage"":0.007937},{""copyright"":""violet_evergarden_(series)"",""co_posts"":2,""character_coverage"":0.007937},{""copyright"":""battle_tendency"",""co_posts"":1,""character_coverage"":0.003968}]","","","PENDING",""
"I70-009788","shizuku_(kantoku)","4","Character","288","","","","","ぶら松（カントク）","","[{""copyright"":""original"",""co_posts"":276,""character_coverage"":1.0},{""copyright"":""melonbooks"",""co_posts"":2,""character_coverage"":0.007246},{""copyright"":""aikatsu!"",""co_posts"":1,""character_coverage"":0.003623},{""copyright"":""aikatsu!_(series)"",""co_posts"":1,""character_coverage"":0.003623},{""copyright"":""idolmaster"",""co_posts"":1,""character_coverage"":0.003623}]","","","PENDING",""
"I70-009789","sothe_(fire_emblem)","4","Character","288","","","","","サザ","","[{""copyright"":""fire_emblem"",""co_posts"":254,""character_coverage"":1.0},{""copyright"":""fire_emblem:_radiant_dawn"",""co_posts"":241,""character_coverage"":0.948819},{""copyright"":""fire_emblem_heroes"",""co_posts"":67,""character_coverage"":0.26378},{""copyright"":""fire_emblem:_path_of_radiance"",""co_posts"":32,""character_coverage"":0.125984},{""copyright"":""fire_emblem:_the_blazing_blade"",""co_posts"":11,""character_coverage"":0.043307}]","","","PENDING",""
"I70-009790","stellar_loussier","4","Character","288","","","","ステラ・ルーシェ","","","[{""copyright"":""gundam"",""co_posts"":233,""character_coverage"":1.0},{""copyright"":""gundam_seed"",""co_posts"":232,""character_coverage"":0.995708},{""copyright"":""gundam_seed_destiny"",""co_posts"":223,""character_coverage"":0.957082},{""copyright"":""gundam_seed_freedom"",""co_posts"":27,""character_coverage"":0.11588},{""copyright"":""zeta_gundam"",""co_posts"":17,""character_coverage"":0.072961}]","","","PENDING",""
"I70-009791","tri_(zelda)","4","Character","288","","","","","トリィ","","[{""copyright"":""the_legend_of_zelda"",""co_posts"":277,""character_coverage"":1.0},{""copyright"":""the_legend_of_zelda:_echoes_of_wisdom"",""co_posts"":277,""character_coverage"":1.0},{""copyright"":""the_legend_of_zelda:_tears_of_the_kingdom"",""co_posts"":22,""character_coverage"":0.079422},{""copyright"":""the_legend_of_zelda:_ocarina_of_time"",""co_posts"":13,""character_coverage"":0.046931},{""copyright"":""the_legend_of_zelda:_breath_of_the_wild"",""co_posts"":12,""character_coverage"":0.043321}]","","","PENDING",""
"I70-009792","tynamo","4","Character","288","","","","","シビシラス","","[{""copyright"":""pokemon"",""co_posts"":253,""character_coverage"":1.0},{""copyright"":""pokemon_legends:_z-a"",""co_posts"":101,""character_coverage"":0.399209},{""copyright"":""pokemon_black_and_white"",""co_posts"":40,""character_coverage"":0.158103},{""copyright"":""pokemon_scarlet_and_violet"",""co_posts"":14,""character_coverage"":0.055336},{""copyright"":""pokemon_black_2_and_white_2"",""co_posts"":9,""character_coverage"":0.035573}]","","","PENDING",""
"I70-009793","wynn_the_wind_charmer","4","Character","288","","","","風霊使いウィン","","","[{""copyright"":""yu-gi-oh!"",""co_posts"":248,""character_coverage"":1.0},{""copyright"":""yu-gi-oh!_duel_monsters"",""co_posts"":27,""character_coverage"":0.108871},{""copyright"":""touhou"",""co_posts"":4,""character_coverage"":0.016129},{""copyright"":""yu-gi-oh!_gx"",""co_posts"":4,""character_coverage"":0.016129},{""copyright"":""gochuumon_wa_usagi_desu_ka?"",""co_posts"":2,""character_coverage"":0.008065}]","","","PENDING",""
"I70-009794","z1_leberecht_maass_(swimsuit)_(kancolle)","4","Character","288","z1_leberecht_maass_(swimsuit_mode)_(kancolle)","z1 leberecht maass (swimsuit mode) (kancolle)","","","レーベ(水着)","","[{""copyright"":""kantai_collection"",""co_posts"":278,""character_coverage"":1.0},{""copyright"":""azur_lane"",""co_posts"":2,""character_coverage"":0.007194},{""copyright"":""comiket_108"",""co_posts"":2,""character_coverage"":0.007194},{""copyright"":""fate/grand_order"",""co_posts"":2,""character_coverage"":0.007194},{""copyright"":""fate_(series)"",""co_posts"":2,""character_coverage"":0.007194}]","","","PENDING",""
"I70-009795","argus_(reverse:1999)","4","Character","287","","","","","アルゴス(リバース:1999) | 阿尔古斯","","[{""copyright"":""reverse:1999"",""co_posts"":282,""character_coverage"":1.0},{""copyright"":""bocchi_the_rock!"",""co_posts"":1,""character_coverage"":0.003546},{""copyright"":""pokemon"",""co_posts"":1,""character_coverage"":0.003546},{""copyright"":""umamusume"",""co_posts"":1,""character_coverage"":0.003546}]","","","PENDING",""
"I70-009796","ariel_(oukoku_no_shugo_tenshi)","4","Character","287","","","","","","","[{""copyright"":""oukoku_no_shugo_tenshi"",""co_posts"":287,""character_coverage"":1.0}]","","","PENDING",""
"I70-009797","cassandra_cain","4","Character","287","","","","カサンドラ・ケイン","","","[{""copyright"":""dc_comics"",""co_posts"":243,""character_coverage"":1.0},{""copyright"":""batman_(series)"",""co_posts"":186,""character_coverage"":0.765432},{""copyright"":""superman_(series)"",""co_posts"":20,""character_coverage"":0.082305},{""copyright"":""dc:_dark_legion"",""co_posts"":5,""character_coverage"":0.020576},{""copyright"":""marvel"",""co_posts"":4,""character_coverage"":0.016461}]","","","PENDING",""
"I70-009798","cerberus_(shingeki_no_bahamut)","4","Character","287","cerberus_(granblue_fantasy)","cerberus (granblue fantasy)","","ケルベロス | ケルベロス(グラブル) | ケルベロス(神撃のバハムート)","","","[{""copyright"":""shingeki_no_bahamut"",""co_posts"":220,""character_coverage"":0.82397},{""copyright"":""granblue_fantasy"",""co_posts"":101,""character_coverage"":0.378277},{""copyright"":""shadowverse"",""co_posts"":57,""character_coverage"":0.213483},{""copyright"":""shingeki_no_bahamut:_genesis"",""co_posts"":13,""character_coverage"":0.048689},{""copyright"":""shadowverse:_worlds_beyond"",""co_posts"":9,""character_coverage"":0.033708}]","","","PENDING",""
"I70-009799","commander_shepard","4","Character","287","","","","","シェパード司令官","","[{""copyright"":""mass_effect_(series)"",""co_posts"":201,""character_coverage"":1.0},{""copyright"":""mass_effect_3"",""co_posts"":86,""character_coverage"":0.427861},{""copyright"":""mass_effect_2"",""co_posts"":35,""character_coverage"":0.174129},{""copyright"":""mass_effect_1"",""co_posts"":20,""character_coverage"":0.099502},{""copyright"":""halo_(series)"",""co_posts"":8,""character_coverage"":0.039801}]","","","PENDING",""
"I70-009800","deirdre_(fire_emblem)","4","Character","287","diadora_(fire_emblem)","diadora (fire emblem)","","ディアドラ","","","[{""copyright"":""fire_emblem"",""co_posts"":254,""character_coverage"":1.0},{""copyright"":""fire_emblem:_genealogy_of_the_holy_war"",""co_posts"":252,""character_coverage"":0.992126},{""copyright"":""fire_emblem_heroes"",""co_posts"":80,""character_coverage"":0.314961},{""copyright"":""fire_emblem:_the_blazing_blade"",""co_posts"":16,""character_coverage"":0.062992},{""copyright"":""fire_emblem:_the_sacred_stones"",""co_posts"":16,""character_coverage"":0.062992}]","","","PENDING",""
"I70-009801","feena_fam_earthlight","4","Character","287","","","","フィーナ・ファム・アーシュライト | フィーナ姫","","","[{""copyright"":""yoake_mae_yori_ruri_iro_na"",""co_posts"":236,""character_coverage"":1.0},{""copyright"":""fortune_arterial"",""co_posts"":11,""character_coverage"":0.04661},{""copyright"":""tsuki_wa_higashi_ni_hi_wa_nishi_ni"",""co_posts"":5,""character_coverage"":0.021186},{""copyright"":""idolmaster"",""co_posts"":4,""character_coverage"":0.016949},{""copyright"":""idolmaster_(classic)"",""co_posts"":4,""character_coverage"":0.016949}]","","","PENDING",""
"I70-009802","hayate_immelmann","4","Character","287","","","","","ハヤテ・インメルマン","","[{""copyright"":""macross"",""co_posts"":266,""character_coverage"":1.0},{""copyright"":""macross_delta"",""co_posts"":265,""character_coverage"":0.996241},{""copyright"":""macross_delta:_zettai_live!!!!!!"",""co_posts"":15,""character_coverage"":0.056391},{""copyright"":""tengen_toppa_gurren_lagann"",""co_posts"":3,""character_coverage"":0.011278},{""copyright"":""bandai"",""co_posts"":2,""character_coverage"":0.007519}]","","","PENDING",""
"I70-009803","hiiragi_kozue","4","Character","287","","","","","柊木梢","","[{""copyright"":""heaven_burns_red"",""co_posts"":276,""character_coverage"":1.0},{""copyright"":""key_(company)"",""co_posts"":7,""character_coverage"":0.025362},{""copyright"":""yostar"",""co_posts"":5,""character_coverage"":0.018116},{""copyright"":""angel_beats!"",""co_posts"":2,""character_coverage"":0.007246},{""copyright"":""bocchi_the_rock!"",""co_posts"":1,""character_coverage"":0.003623}]","","","PENDING",""
"I70-009804","hoshina_soshiro","4","Character","287","","","","","保科宗四郎","","[{""copyright"":""kaijuu_no._8"",""co_posts"":281,""character_coverage"":1.0},{""copyright"":""original"",""co_posts"":2,""character_coverage"":0.007117},{""copyright"":""godzilla:_king_of_the_monsters"",""co_posts"":1,""character_coverage"":0.003559},{""copyright"":""godzilla_(2014)"",""co_posts"":1,""character_coverage"":0.003559},{""copyright"":""godzilla_(series)"",""co_posts"":1,""character_coverage"":0.003559}]","","","PENDING",""
"I70-009805","ingrid_brandl_galatea_(timeskip)","4","Character","287","ingrid_brandl_galatea_(post_timeskip)","ingrid brandl galatea (post timeskip)","","","","","[{""copyright"":""fire_emblem"",""co_posts"":272,""character_coverage"":1.0},{""copyright"":""fire_emblem:_three_houses"",""co_posts"":272,""character_coverage"":1.0},{""copyright"":""fire_emblem_heroes"",""co_posts"":8,""character_coverage"":0.029412},{""copyright"":""star_wars"",""co_posts"":7,""character_coverage"":0.025735},{""copyright"":""fire_emblem_awakening"",""co_posts"":4,""character_coverage"":0.014706}]","","","PENDING",""
"I70-009806","itou_shinji_(chaos;child)","4","Character","287","","","","","伊藤真二","","[{""copyright"":""chaos;child"",""co_posts"":280,""character_coverage"":1.0},{""copyright"":""science_adventure"",""co_posts"":280,""character_coverage"":1.0},{""copyright"":""chaos;child_love_chu_chu!!"",""co_posts"":3,""character_coverage"":0.010714},{""copyright"":""chaos;head"",""co_posts"":3,""character_coverage"":0.010714},{""copyright"":""danshi_koukousei_no_nichijou"",""co_posts"":1,""character_coverage"":0.003571}]","","","PENDING",""
"I70-009807","itsuka_shido","4","Character","287","itsuka_shidou","itsuka shidou","","","五河士道","","[{""copyright"":""date_a_live"",""co_posts"":261,""character_coverage"":1.0},{""copyright"":""assault_lily"",""co_posts"":7,""character_coverage"":0.02682},{""copyright"":""azur_lane"",""co_posts"":7,""character_coverage"":0.02682},{""copyright"":""date_a_live:_spirit_pledge"",""co_posts"":7,""character_coverage"":0.02682},{""copyright"":""date_a_live:_rinne_utopia"",""co_posts"":3,""character_coverage"":0.011494}]","","","PENDING",""
"I70-009808","kousaka_china","4","Character","287","","","","コウサカ・チナ","","","[{""copyright"":""gundam"",""co_posts"":270,""character_coverage"":1.0},{""copyright"":""gundam_build_fighters"",""co_posts"":270,""character_coverage"":1.0},{""copyright"":""kantai_collection"",""co_posts"":5,""character_coverage"":0.018519},{""copyright"":""gundam_build_fighters_try"",""co_posts"":4,""character_coverage"":0.014815},{""copyright"":""sd_gundam"",""co_posts"":3,""character_coverage"":0.011111}]","","","PENDING",""
"I70-009809","maria_traydor","4","Character","287","","","","マリア・トレイター","","","[{""copyright"":""star_ocean"",""co_posts"":238,""character_coverage"":1.0},{""copyright"":""star_ocean:_till_the_end_of_time"",""co_posts"":238,""character_coverage"":1.0},{""copyright"":""star_ocean:_anamnesis"",""co_posts"":77,""character_coverage"":0.323529},{""copyright"":""square_enix"",""co_posts"":3,""character_coverage"":0.012605},{""copyright"":""star_ocean:_the_last_hope"",""co_posts"":3,""character_coverage"":0.012605}]","","","PENDING",""
"I70-009810","meyrin_hawke","4","Character","287","meyrin","meyrin","","メイリン・ホーク","","","[{""copyright"":""gundam"",""co_posts"":231,""character_coverage"":1.0},{""copyright"":""gundam_seed"",""co_posts"":231,""character_coverage"":1.0},{""copyright"":""gundam_seed_destiny"",""co_posts"":203,""character_coverage"":0.878788},{""copyright"":""gundam_seed_freedom"",""co_posts"":36,""character_coverage"":0.155844},{""copyright"":""g_gundam"",""co_posts"":2,""character_coverage"":0.008658}]","","","PENDING",""
"I70-009811","milky_rose","4","Character","287","","","","ミルキィローズ","","","[{""copyright"":""precure"",""co_posts"":264,""character_coverage"":1.0},{""copyright"":""yes!_precure_5"",""co_posts"":263,""character_coverage"":0.996212},{""copyright"":""yes!_precure_5_gogo!"",""co_posts"":263,""character_coverage"":0.996212},{""copyright"":""futari_wa_precure"",""co_posts"":91,""character_coverage"":0.344697},{""copyright"":""heartcatch_precure!"",""co_posts"":87,""character_coverage"":0.329545}]","","","PENDING",""
"I70-009812","minerva_(fire_emblem)","4","Character","287","","","","ミネルバ(ファイアーエムブレム)","","","[{""copyright"":""fire_emblem"",""co_posts"":258,""character_coverage"":1.0},{""copyright"":""fire_emblem:_mystery_of_the_emblem"",""co_posts"":240,""character_coverage"":0.930233},{""copyright"":""fire_emblem_heroes"",""co_posts"":93,""character_coverage"":0.360465},{""copyright"":""fire_emblem:_shadow_dragon"",""co_posts"":48,""character_coverage"":0.186047},{""copyright"":""fire_emblem:_shadow_dragon_and_the_blade_of_light"",""co_posts"":18,""character_coverage"":0.069767}]","","","PENDING",""
"I70-009813","miyako_(young)_(blue_archive)","4","Character","287","","","","","","","[{""copyright"":""blue_archive"",""co_posts"":276,""character_coverage"":1.0},{""copyright"":""comiket_106"",""co_posts"":7,""character_coverage"":0.025362},{""copyright"":""rabbit_hole_(vocaloid)"",""co_posts"":4,""character_coverage"":0.014493},{""copyright"":""coca-cola"",""co_posts"":1,""character_coverage"":0.003623},{""copyright"":""pringles"",""co_posts"":1,""character_coverage"":0.003623}]","","","PENDING",""
"I70-009814","nakaseko_kaori","4","Character","287","","","","","中世古香織","","[{""copyright"":""hibike!_euphonium"",""co_posts"":276,""character_coverage"":1.0},{""copyright"":""animedia"",""co_posts"":3,""character_coverage"":0.01087},{""copyright"":""gekijouban_hibike!_euphonium"",""co_posts"":2,""character_coverage"":0.007246},{""copyright"":""megami_magazine"",""co_posts"":2,""character_coverage"":0.007246},{""copyright"":""2018_fifa_world_cup"",""co_posts"":1,""character_coverage"":0.003623}]","","","PENDING",""
"I70-009815","nakigitsune's_fox","4","Character","287","","","","","Nakigitsuneのキツネ","","[{""copyright"":""touken_ranbu"",""co_posts"":285,""character_coverage"":1.0},{""copyright"":""touken_ranbu:_hanamaru"",""co_posts"":6,""character_coverage"":0.021053},{""copyright"":""nitroplus"",""co_posts"":2,""character_coverage"":0.007018},{""copyright"":""a3!"",""co_posts"":1,""character_coverage"":0.003509},{""copyright"":""axis_powers_hetalia"",""co_posts"":1,""character_coverage"":0.003509}]","","","PENDING",""
"I70-009816","nanashi_mumei_(new_year)","4","Character","287","nanashi_mumei_(2nd_costume)","nanashi mumei (2nd costume)","","七詩ムメイ(正月衣装)","","","[{""copyright"":""hololive"",""co_posts"":279,""character_coverage"":1.0},{""copyright"":""hololive_english"",""co_posts"":279,""character_coverage"":1.0},{""copyright"":""hololive_indonesia"",""co_posts"":8,""character_coverage"":0.028674},{""copyright"":""holostars"",""co_posts"":4,""character_coverage"":0.014337},{""copyright"":""mumei_(song)_(hololive)"",""co_posts"":4,""character_coverage"":0.014337}]","","","PENDING",""
"I70-009817","nekomura_iroha","4","Character","287","","","","猫村いろは","","","[{""copyright"":""vocaloid"",""co_posts"":271,""character_coverage"":0.996324},{""copyright"":""hello_kitty"",""co_posts"":93,""character_coverage"":0.341912},{""copyright"":""sanrio"",""co_posts"":93,""character_coverage"":0.341912},{""copyright"":""voiceroid"",""co_posts"":39,""character_coverage"":0.143382},{""copyright"":""evillious_nendaiki"",""co_posts"":28,""character_coverage"":0.102941}]","","","PENDING",""
"I70-009818","nel_zelpher","4","Character","287","","","","ネル・ゼルファー","","","[{""copyright"":""star_ocean"",""co_posts"":238,""character_coverage"":1.0},{""copyright"":""star_ocean:_till_the_end_of_time"",""co_posts"":232,""character_coverage"":0.97479},{""copyright"":""star_ocean:_anamnesis"",""co_posts"":25,""character_coverage"":0.105042},{""copyright"":""star_ocean:_the_second_story"",""co_posts"":5,""character_coverage"":0.021008},{""copyright"":""star_ocean:_first_departure"",""co_posts"":4,""character_coverage"":0.016807}]","","","PENDING",""
"I70-009819","nemesis_(girls'_frontline_2)","4","Character","287","","","","","ネメシス(ドールズフロントライン2) | 纳美西丝","","[{""copyright"":""girls'_frontline"",""co_posts"":251,""character_coverage"":1.0},{""copyright"":""girls'_frontline_2:_exilium"",""co_posts"":251,""character_coverage"":1.0},{""copyright"":""girls'_frontline_neural_cloud"",""co_posts"":6,""character_coverage"":0.023904},{""copyright"":""metal_gear_(series)"",""co_posts"":2,""character_coverage"":0.007968},{""copyright"":""metal_gear_solid_v:_the_phantom_pain"",""co_posts"":2,""character_coverage"":0.007968}]","","","PENDING",""
"I70-009820","ninomae_ina'nis_(new_year)","4","Character","287","ninomae_ina'nis_(4th_costume)","ninomae ina'nis (4th costume)","","","一伊那尓栖(正月衣装)","","[{""copyright"":""hololive"",""co_posts"":281,""character_coverage"":1.0},{""copyright"":""hololive_english"",""co_posts"":281,""character_coverage"":1.0},{""copyright"":""hololive_indonesia"",""co_posts"":3,""character_coverage"":0.010676},{""copyright"":""indie_virtual_youtuber"",""co_posts"":2,""character_coverage"":0.007117},{""copyright"":""elden_ring"",""co_posts"":1,""character_coverage"":0.003559}]","","","PENDING",""
"I70-009821","octillery","4","Character","287","","","","オクタン","","","[{""copyright"":""pokemon"",""co_posts"":260,""character_coverage"":1.0},{""copyright"":""pokemon_(anime)"",""co_posts"":17,""character_coverage"":0.065385},{""copyright"":""pokemon_heartgold_and_soulsilver"",""co_posts"":17,""character_coverage"":0.065385},{""copyright"":""pokemon_diamond/pearl/platinum"",""co_posts"":15,""character_coverage"":0.057692},{""copyright"":""pokemon_gold/silver/crystal"",""co_posts"":12,""character_coverage"":0.046154}]","","","PENDING",""
"I70-009822","sawamura_daichi","4","Character","287","","","","","大結 | 澤村大地","","[{""copyright"":""haikyuu!!"",""co_posts"":282,""character_coverage"":0.996466},{""copyright"":""love_live!"",""co_posts"":2,""character_coverage"":0.007067},{""copyright"":""love_live!_school_idol_project"",""co_posts"":2,""character_coverage"":0.007067},{""copyright"":""black_clover"",""co_posts"":1,""character_coverage"":0.003534},{""copyright"":""bokura_wa_ima_no_naka_de"",""co_posts"":1,""character_coverage"":0.003534}]","","","PENDING",""
"I70-009823","swiftsure_(azur_lane)","4","Character","287","","","","スウィフトシュア | スウィフトシュア(アズールレーン)","确捷","","[{""copyright"":""azur_lane"",""co_posts"":268,""character_coverage"":1.0},{""copyright"":""hololive"",""co_posts"":4,""character_coverage"":0.014925},{""copyright"":""azur_lane:_slow_ahead"",""co_posts"":3,""character_coverage"":0.011194},{""copyright"":""fate/grand_order"",""co_posts"":1,""character_coverage"":0.003731},{""copyright"":""fate_(series)"",""co_posts"":1,""character_coverage"":0.003731}]","","","PENDING",""
"I70-009824","tailred","4","Character","287","tail_red","tail red","","テイルレッド","","","[{""copyright"":""ore_twintail_ni_narimasu"",""co_posts"":271,""character_coverage"":1.0},{""copyright"":""black_rock_shooter"",""co_posts"":6,""character_coverage"":0.02214},{""copyright"":""vocaloid"",""co_posts"":6,""character_coverage"":0.02214},{""copyright"":""haiyore!_nyaruko-san"",""co_posts"":4,""character_coverage"":0.01476},{""copyright"":""joukamachi_no_dandelion"",""co_posts"":3,""character_coverage"":0.01107}]","","","PENDING",""
"I70-009825","tarou_tachi","4","Character","287","","","","","太郎太刀","","[{""copyright"":""touken_ranbu"",""co_posts"":285,""character_coverage"":1.0},{""copyright"":""touken_ranbu:_hanamaru"",""co_posts"":3,""character_coverage"":0.010526},{""copyright"":""kantai_collection"",""co_posts"":2,""character_coverage"":0.007018},{""copyright"":""danganronpa/zero"",""co_posts"":1,""character_coverage"":0.003509},{""copyright"":""danganronpa:_trigger_happy_havoc"",""co_posts"":1,""character_coverage"":0.003509}]","","","PENDING",""
"I70-009826","tsurumi_chiriko","4","Character","287","","","","","鶴見知利子","","[{""copyright"":""ano_hi_mita_hana_no_namae_wo_bokutachi_wa_mada_shiranai."",""co_posts"":280,""character_coverage"":1.0},{""copyright"":""ore_no_imouto_ga_konna_ni_kawaii_wake_ga_nai"",""co_posts"":4,""character_coverage"":0.014286},{""copyright"":""ao_no_exorcist"",""co_posts"":3,""character_coverage"":0.010714},{""copyright"":""kami_nomi_zo_shiru_sekai"",""co_posts"":3,""character_coverage"":0.010714},{""copyright"":""mahou_shoujo_madoka_magica"",""co_posts"":3,""character_coverage"":0.010714}]","","","PENDING",""
"I70-009827","viper_(valorant)","4","Character","287","","","","ヴァイパー","","","[{""copyright"":""valorant"",""co_posts"":247,""character_coverage"":1.0},{""copyright"":""apex_legends"",""co_posts"":3,""character_coverage"":0.012146},{""copyright"":""original"",""co_posts"":3,""character_coverage"":0.012146},{""copyright"":""hololive"",""co_posts"":2,""character_coverage"":0.008097},{""copyright"":""hololive_english"",""co_posts"":2,""character_coverage"":0.008097}]","","","PENDING",""
"I70-009828","virginia_maxwell","4","Character","287","","","","","ヴァージニア・マックスウェル","","[{""copyright"":""wild_arms"",""co_posts"":222,""character_coverage"":0.995516},{""copyright"":""wild_arms_3"",""co_posts"":222,""character_coverage"":0.995516},{""copyright"":""wild_arms_1"",""co_posts"":24,""character_coverage"":0.107623},{""copyright"":""wild_arms_2"",""co_posts"":23,""character_coverage"":0.103139},{""copyright"":""wild_arms_4"",""co_posts"":22,""character_coverage"":0.098655}]","","","PENDING",""
"I70-009829","aloe_(quiz_magic_academy)","4","Character","286","","","","アロエ","アロエ(QMA)","","[{""copyright"":""quiz_magic_academy"",""co_posts"":279,""character_coverage"":1.0},{""copyright"":""lucky_star"",""co_posts"":3,""character_coverage"":0.010753},{""copyright"":""quiz_magic_academy_the_world_evolve"",""co_posts"":3,""character_coverage"":0.010753},{""copyright"":""alice's_adventures_in_wonderland"",""co_posts"":1,""character_coverage"":0.003584},{""copyright"":""bombergirl"",""co_posts"":1,""character_coverage"":0.003584}]","","","PENDING",""
"I70-009830","athena_glory","4","Character","286","","","","アテナ・グローリィ","","","[{""copyright"":""aria_(manga)"",""co_posts"":245,""character_coverage"":0.995935},{""copyright"":""clannad"",""co_posts"":3,""character_coverage"":0.012195},{""copyright"":""suzumiya_haruhi_no_yuuutsu"",""co_posts"":3,""character_coverage"":0.012195},{""copyright"":""air_(visual_novel)"",""co_posts"":2,""character_coverage"":0.00813},{""copyright"":""cardcaptor_sakura"",""co_posts"":2,""character_coverage"":0.00813}]","","","PENDING",""
"I70-009831","butter_(trickcal)","4","Character","286","","","","","バター(トリッカル)","","[{""copyright"":""trickcal"",""co_posts"":222,""character_coverage"":1.0},{""copyright"":""blue_archive"",""co_posts"":4,""character_coverage"":0.018018},{""copyright"":""arknights"",""co_posts"":2,""character_coverage"":0.009009},{""copyright"":""goddess_of_victory:_nikke"",""co_posts"":2,""character_coverage"":0.009009},{""copyright"":""arknights:_endfield"",""co_posts"":1,""character_coverage"":0.004505}]","","","PENDING",""
"I70-009832","charles-henri_sanson_(fate)","4","Character","286","charles_henri_sanson_(fate/grand_order)","charles henri sanson (fate/grand order)","","シャルル=アンリ・サンソン(Fate)","","","[{""copyright"":""fate/grand_order"",""co_posts"":280,""character_coverage"":1.0},{""copyright"":""fate_(series)"",""co_posts"":280,""character_coverage"":1.0},{""copyright"":""fate/extra"",""co_posts"":17,""character_coverage"":0.060714},{""copyright"":""fate/apocrypha"",""co_posts"":4,""character_coverage"":0.014286},{""copyright"":""fate/extra_ccc"",""co_posts"":4,""character_coverage"":0.014286}]","","","PENDING",""
"I70-009833","chishima_mako","4","Character","286","","","","","千島まこ","","[{""copyright"":""soushisouai_lolita_no_seikatsu"",""co_posts"":181,""character_coverage"":0.632867},{""copyright"":""soushisouai_lolita"",""co_posts"":114,""character_coverage"":0.398601},{""copyright"":""cardcaptor_sakura"",""co_posts"":2,""character_coverage"":0.006993},{""copyright"":""granblue_fantasy"",""co_posts"":2,""character_coverage"":0.006993},{""copyright"":""hacka_doll"",""co_posts"":2,""character_coverage"":0.006993}]","","","PENDING",""
"I70-009834","chypre_(precure)","4","Character","286","chypre_(heartcatch_precure!)","chypre (heartcatch precure!)","","","Chypre（HeartCatch Precure！）","","[{""copyright"":""heartcatch_precure!"",""co_posts"":279,""character_coverage"":1.0},{""copyright"":""precure"",""co_posts"":279,""character_coverage"":1.0},{""copyright"":""suite_precure"",""co_posts"":24,""character_coverage"":0.086022},{""copyright"":""fresh_precure!"",""co_posts"":23,""character_coverage"":0.082437},{""copyright"":""futari_wa_precure"",""co_posts"":21,""character_coverage"":0.075269}]","","","PENDING",""
"I70-009835","crusch_karsten","4","Character","286","","","","クルシュカルステン | クルシュ・カルステン","","","[{""copyright"":""re:zero_kara_hajimeru_isekai_seikatsu"",""co_posts"":228,""character_coverage"":1.0},{""copyright"":""re:zero_kara_hajimeru_isekai_seikatsu:_lost_in_memories"",""co_posts"":10,""character_coverage"":0.04386},{""copyright"":""crash_fever"",""co_posts"":3,""character_coverage"":0.013158},{""copyright"":""divine_gate"",""co_posts"":2,""character_coverage"":0.008772},{""copyright"":""kono_subarashii_sekai_ni_shukufuku_wo!"",""co_posts"":2,""character_coverage"":0.008772}]","","","PENDING",""
"I70-009836","dera_mochimazzui","4","Character","286","tori_(tamako_market),dera_mochi'mazzui","dera mochi'mazzui | tori (tamako market)","","デラ・モチマッヅィ","","","[{""copyright"":""tamako_market"",""co_posts"":281,""character_coverage"":1.0},{""copyright"":""kyoto_animation"",""co_posts"":20,""character_coverage"":0.071174},{""copyright"":""k-on!"",""co_posts"":11,""character_coverage"":0.039146},{""copyright"":""chuunibyou_demo_koi_ga_shitai!"",""co_posts"":10,""character_coverage"":0.035587},{""copyright"":""hyouka"",""co_posts"":9,""character_coverage"":0.032028}]","","","PENDING",""
"I70-009837","electro_emilia","4","Character","286","","","","エレクトロエミリア","","","[{""copyright"":""original"",""co_posts"":276,""character_coverage"":1.0},{""copyright"":""kamen_rider"",""co_posts"":1,""character_coverage"":0.003623},{""copyright"":""kamen_rider_w"",""co_posts"":1,""character_coverage"":0.003623}]","","","PENDING",""
"I70-009838","ienaga_mugi","4","Character","286","","","","むぎあーと | 家長むぎ","","","[{""copyright"":""nijisanji"",""co_posts"":276,""character_coverage"":1.0},{""copyright"":""nijisanji_en"",""co_posts"":7,""character_coverage"":0.025362},{""copyright"":""nijisanji_kr"",""co_posts"":6,""character_coverage"":0.021739},{""copyright"":""mario_(series)"",""co_posts"":4,""character_coverage"":0.014493},{""copyright"":""nijisanji_id"",""co_posts"":4,""character_coverage"":0.014493}]","","","PENDING",""
"I70-009839","koby_(one_piece)","4","Character","286","coby_(one_piece)","coby (one piece)","","","コビー","","[{""copyright"":""one_piece"",""co_posts"":262,""character_coverage"":1.0},{""copyright"":""one_piece_film:_red"",""co_posts"":13,""character_coverage"":0.049618},{""copyright"":""one_piece_card_game"",""co_posts"":12,""character_coverage"":0.045802},{""copyright"":""one_piece_(live_action)"",""co_posts"":9,""character_coverage"":0.034351},{""copyright"":""one_piece_fan_letter"",""co_posts"":3,""character_coverage"":0.01145}]","","","PENDING",""
"I70-009840","kreide_(arknights)","4","Character","286","","","","","クライデ(アークナイツ) | 白垩","","[{""copyright"":""arknights"",""co_posts"":285,""character_coverage"":1.0},{""copyright"":""ambience_synesthesia"",""co_posts"":5,""character_coverage"":0.017544},{""copyright"":""fire_emblem"",""co_posts"":1,""character_coverage"":0.003509},{""copyright"":""fire_emblem:_the_blazing_blade"",""co_posts"":1,""character_coverage"":0.003509},{""copyright"":""granblue_fantasy"",""co_posts"":1,""character_coverage"":0.003509}]","","","PENDING",""
"I70-009841","li_meiling","4","Character","286","","","","","李苺鈴","","[{""copyright"":""cardcaptor_sakura"",""co_posts"":266,""character_coverage"":1.0},{""copyright"":""cardcaptor_sakura_clear_card_arc"",""co_posts"":9,""character_coverage"":0.033835},{""copyright"":""ranma_1/2"",""co_posts"":9,""character_coverage"":0.033835},{""copyright"":""cardcaptor_sakura:_memory_key"",""co_posts"":3,""character_coverage"":0.011278},{""copyright"":""darkstalkers"",""co_posts"":3,""character_coverage"":0.011278}]","","","PENDING",""
"I70-009842","might_guy","4","Character","286","maito_gai","maito gai","","","マイト・ガイ","","[{""copyright"":""naruto_(series)"",""co_posts"":223,""character_coverage"":1.0},{""copyright"":""naruto_shippuuden"",""co_posts"":95,""character_coverage"":0.426009},{""copyright"":""naruto_(classic)"",""co_posts"":78,""character_coverage"":0.349776},{""copyright"":""boruto_(series)"",""co_posts"":12,""character_coverage"":0.053812},{""copyright"":""boruto:_naruto_next_generations"",""co_posts"":10,""character_coverage"":0.044843}]","","","PENDING",""
"I70-009843","miss_christine_(arknights)","4","Character","286","christine_(arknights)","christine (arknights)","","","ミス・クリスティーン","","[{""copyright"":""arknights"",""co_posts"":277,""character_coverage"":1.0},{""copyright"":""ambience_synesthesia"",""co_posts"":17,""character_coverage"":0.061372},{""copyright"":""the_legend_of_luo_xiaohei"",""co_posts"":3,""character_coverage"":0.01083},{""copyright"":""2001_a_space_odyssey"",""co_posts"":1,""character_coverage"":0.00361},{""copyright"":""bang_dream!"",""co_posts"":1,""character_coverage"":0.00361}]","","","PENDING",""
"I70-009844","noya_(stella_sora)","4","Character","286","","","","","セイナ(ステラソラ)","","[{""copyright"":""stella_sora"",""co_posts"":245,""character_coverage"":1.0},{""copyright"":""blue_archive"",""co_posts"":5,""character_coverage"":0.020408},{""copyright"":""dragon_ball"",""co_posts"":2,""character_coverage"":0.008163},{""copyright"":""ace_attorney"",""co_posts"":1,""character_coverage"":0.004082},{""copyright"":""blue_archive_the_animation"",""co_posts"":1,""character_coverage"":0.004082}]","","","PENDING",""
"I70-009845","pardofelis_(reverist_calico)","4","Character","286","","","","","パルドフェリス(空夢・掠集の獣)","","[{""copyright"":""honkai_(series)"",""co_posts"":282,""character_coverage"":1.0},{""copyright"":""honkai_impact_3rd"",""co_posts"":282,""character_coverage"":1.0},{""copyright"":""genshin_impact"",""co_posts"":12,""character_coverage"":0.042553},{""copyright"":""mihoyo"",""co_posts"":12,""character_coverage"":0.042553},{""copyright"":""honkai:_star_rail"",""co_posts"":10,""character_coverage"":0.035461}]","","","PENDING",""
"I70-009846","pika_(pokemon)","4","Character","286","","","","ピカ","","","[{""copyright"":""pokemon"",""co_posts"":281,""character_coverage"":1.0},{""copyright"":""pokemon_adventures"",""co_posts"":281,""character_coverage"":1.0},{""copyright"":""pokemon_red/green/blue/yellow"",""co_posts"":20,""character_coverage"":0.071174},{""copyright"":""pokemon_firered_and_leafgreen"",""co_posts"":13,""character_coverage"":0.046263},{""copyright"":""pokemon_heartgold_and_soulsilver"",""co_posts"":10,""character_coverage"":0.035587}]","","","PENDING",""
"I70-009847","re_mii","4","Character","286","le_mii,lemii","le mii | lemii","","レ・ミィ","","","[{""copyright"":""zoids"",""co_posts"":206,""character_coverage"":1.0},{""copyright"":""zoids_genesis"",""co_posts"":203,""character_coverage"":0.985437},{""copyright"":""gundam"",""co_posts"":4,""character_coverage"":0.019417},{""copyright"":""gundam_seed"",""co_posts"":4,""character_coverage"":0.019417},{""copyright"":""gundam_seed_destiny"",""co_posts"":4,""character_coverage"":0.019417}]","","","PENDING",""
"I70-009848","remnan_(gnosia)","4","Character","286","","","","","レムナン","","[{""copyright"":""gnosia"",""co_posts"":274,""character_coverage"":1.0},{""copyright"":""pikmin_(series)"",""co_posts"":2,""character_coverage"":0.007299},{""copyright"":""king_(vocaloid)"",""co_posts"":1,""character_coverage"":0.00365},{""copyright"":""pikmin_3"",""co_posts"":1,""character_coverage"":0.00365},{""copyright"":""pikmin_4"",""co_posts"":1,""character_coverage"":0.00365}]","","","PENDING",""
"I70-009849","rilakkuma","4","Character","286","","","","","リラックマ","","[{""copyright"":""san-x"",""co_posts"":271,""character_coverage"":0.978339},{""copyright"":""rilakkuma_(series)"",""co_posts"":268,""character_coverage"":0.967509},{""copyright"":""original"",""co_posts"":131,""character_coverage"":0.472924},{""copyright"":""sanrio"",""co_posts"":54,""character_coverage"":0.194946},{""copyright"":""my_melody_(series)"",""co_posts"":34,""character_coverage"":0.122744}]","","","PENDING",""
"I70-009850","sekomumasada_sensei","4","Character","286","","","","セコムマサダ先生 | センチメンタル小室マイケル坂本ダダ先生","","","[{""copyright"":""yume_nikki"",""co_posts"":254,""character_coverage"":1.0},{""copyright"":""ib_(kouri)"",""co_posts"":13,""character_coverage"":0.051181},{""copyright"":""kirisame_ga_furu_mori"",""co_posts"":8,""character_coverage"":0.031496},{""copyright"":""kaii_shoukougun"",""co_posts"":5,""character_coverage"":0.019685},{""copyright"":""yume_2kki"",""co_posts"":5,""character_coverage"":0.019685}]","","","PENDING",""
"I70-009851","sumomo_(blue_archive)","4","Character","286","","","","スモモ | スモモ(ブルーアーカイブ)","","","[{""copyright"":""blue_archive"",""co_posts"":281,""character_coverage"":1.0},{""copyright"":""comiket_102"",""co_posts"":3,""character_coverage"":0.010676},{""copyright"":""pokemon"",""co_posts"":2,""character_coverage"":0.007117},{""copyright"":""kyu-kurarin_(cevio)"",""co_posts"":1,""character_coverage"":0.003559}]","","","PENDING",""
"I70-009852","togashi_yuuta","4","Character","286","","","","","富樫勇太","","[{""copyright"":""chuunibyou_demo_koi_ga_shitai!"",""co_posts"":259,""character_coverage"":1.0},{""copyright"":""newtype"",""co_posts"":8,""character_coverage"":0.030888},{""copyright"":""code_geass"",""co_posts"":3,""character_coverage"":0.011583},{""copyright"":""black_rock_shooter"",""co_posts"":2,""character_coverage"":0.007722},{""copyright"":""genshin_impact"",""co_posts"":2,""character_coverage"":0.007722}]","","","PENDING",""
"I70-009853","u-47_(azur_lane)","4","Character","286","","","","U-47(アズールレーン) | U47(アズールレーン)","","U-47","[{""copyright"":""azur_lane"",""co_posts"":270,""character_coverage"":1.0},{""copyright"":""captain_america:_the_winter_soldier"",""co_posts"":4,""character_coverage"":0.014815},{""copyright"":""captain_america_(series)"",""co_posts"":4,""character_coverage"":0.014815},{""copyright"":""marvel"",""co_posts"":4,""character_coverage"":0.014815},{""copyright"":""azur_lane:_slow_ahead"",""co_posts"":3,""character_coverage"":0.011111}]","","","PENDING",""
"I70-009854","wavecat_(blue_archive)","4","Character","286","","","","ウェーブキャット","","","[{""copyright"":""blue_archive"",""co_posts"":278,""character_coverage"":1.0},{""copyright"":""alice's_adventures_in_wonderland"",""co_posts"":2,""character_coverage"":0.007194},{""copyright"":""bakemonogatari"",""co_posts"":2,""character_coverage"":0.007194},{""copyright"":""kyoufuu_all_back_(vocaloid)"",""co_posts"":2,""character_coverage"":0.007194},{""copyright"":""monogatari_(series)"",""co_posts"":2,""character_coverage"":0.007194}]","","","PENDING",""
"I70-009855","yunomiya_agari","4","Character","286","","","","湯ノ宮あがり | 湯宮あがり","","","[{""copyright"":""original"",""co_posts"":284,""character_coverage"":1.0},{""copyright"":""pokemon"",""co_posts"":10,""character_coverage"":0.035211},{""copyright"":""pokemon_firered_and_leafgreen"",""co_posts"":3,""character_coverage"":0.010563},{""copyright"":""final_fantasy"",""co_posts"":2,""character_coverage"":0.007042},{""copyright"":""pokemon_heartgold_and_soulsilver"",""co_posts"":2,""character_coverage"":0.007042}]","","","PENDING",""
"I70-009856","adora_(she-ra)","4","Character","285","","","","","Adora（she-ra）","","[{""copyright"":""she-ra_and_the_princesses_of_power"",""co_posts"":227,""character_coverage"":0.995614},{""copyright"":""masters_of_the_universe"",""co_posts"":101,""character_coverage"":0.442982},{""copyright"":""avatar_legends"",""co_posts"":10,""character_coverage"":0.04386},{""copyright"":""adventure_time"",""co_posts"":8,""character_coverage"":0.035088},{""copyright"":""the_legend_of_korra"",""co_posts"":8,""character_coverage"":0.035088}]","","","PENDING",""
"I70-009857","aizawa_tomo","4","Character","285","","","","","相沢智","","[{""copyright"":""tomo-chan_wa_onna_no_ko"",""co_posts"":269,""character_coverage"":1.0},{""copyright"":""original"",""co_posts"":29,""character_coverage"":0.107807},{""copyright"":""hitomi-chan_wa_hitomishiri"",""co_posts"":2,""character_coverage"":0.007435},{""copyright"":""phase_connect"",""co_posts"":2,""character_coverage"":0.007435},{""copyright"":""binbougami_ga!"",""co_posts"":1,""character_coverage"":0.003717}]","","","PENDING",""
"I70-009858","bison_(arknights)","4","Character","285","","","","バイソン(アークナイツ)","拜松","Bison","[{""copyright"":""arknights"",""co_posts"":274,""character_coverage"":1.0},{""copyright"":""a_deer_of_nine_colors"",""co_posts"":4,""character_coverage"":0.014599},{""copyright"":""rainbow_six_siege"",""co_posts"":4,""character_coverage"":0.014599},{""copyright"":""bilibili"",""co_posts"":2,""character_coverage"":0.007299},{""copyright"":""monster_hunter_(series)"",""co_posts"":2,""character_coverage"":0.007299}]","","","PENDING",""
"I70-009859","death_(puss_in_boots)","4","Character","285","","","","","ウルフ(長ネコ)","","[{""copyright"":""puss_in_boots:_the_last_wish"",""co_posts"":268,""character_coverage"":0.996283},{""copyright"":""shrek_(series)"",""co_posts"":268,""character_coverage"":0.996283},{""copyright"":""elden_ring"",""co_posts"":6,""character_coverage"":0.022305},{""copyright"":""original"",""co_posts"":6,""character_coverage"":0.022305},{""copyright"":""the_bad_guys_(movie)"",""co_posts"":6,""character_coverage"":0.022305}]","","","PENDING",""
"I70-009860","eliza_(skullgirls)","4","Character","285","","","","イライザ","","","[{""copyright"":""skullgirls"",""co_posts"":258,""character_coverage"":0.996139},{""copyright"":""jojo_no_kimyou_na_bouken"",""co_posts"":9,""character_coverage"":0.034749},{""copyright"":""darkstalkers"",""co_posts"":6,""character_coverage"":0.023166},{""copyright"":""guilty_gear"",""co_posts"":5,""character_coverage"":0.019305},{""copyright"":""street_fighter"",""co_posts"":4,""character_coverage"":0.015444}]","","","PENDING",""
"I70-009861","en_ciel_rena_(sin)","4","Character","285","","","","","エンシェル・レナ","","[{""copyright"":""kourin_tenshi_en_ciel_rena"",""co_posts"":285,""character_coverage"":1.0}]","","","PENDING",""
"I70-009862","houshou_marine_(roomwear)","4","Character","285","houshou_marine_(loungewear),houshou_marine_(8th_costume)","houshou marine (8th costume) | houshou marine (loungewear)","","","","","[{""copyright"":""hololive"",""co_posts"":275,""character_coverage"":1.0},{""copyright"":""hololive_dev_is"",""co_posts"":3,""character_coverage"":0.010909},{""copyright"":""comiket_107"",""co_posts"":1,""character_coverage"":0.003636},{""copyright"":""hololive_grand_theft_auto"",""co_posts"":1,""character_coverage"":0.003636},{""copyright"":""mario_(series)"",""co_posts"":1,""character_coverage"":0.003636}]","","","PENDING",""
"I70-009863","huttslayer_leia","4","Character","285","slave_leia","slave leia","","","スレイブレイア","slave_leia_(cosplay)","[{""copyright"":""star_wars"",""co_posts"":228,""character_coverage"":0.995633},{""copyright"":""star_wars:_return_of_the_jedi"",""co_posts"":181,""character_coverage"":0.790393},{""copyright"":""fire_emblem"",""co_posts"":18,""character_coverage"":0.078603},{""copyright"":""original"",""co_posts"":9,""character_coverage"":0.039301},{""copyright"":""sousou_no_frieren"",""co_posts"":8,""character_coverage"":0.034934}]","","","PENDING",""
"I70-009864","iijima_renka","4","Character","285","","","","","飯島恋花","","[{""copyright"":""assault_lily"",""co_posts"":282,""character_coverage"":1.0},{""copyright"":""alice's_adventures_in_wonderland"",""co_posts"":2,""character_coverage"":0.007092},{""copyright"":""idolmaster"",""co_posts"":2,""character_coverage"":0.007092},{""copyright"":""watashi_ga_koibito_ni_nareru_wake_naijan_murimuri!"",""co_posts"":2,""character_coverage"":0.007092},{""copyright"":""alice_gear_aegis"",""co_posts"":1,""character_coverage"":0.003546}]","","","PENDING",""
"I70-009865","indigo_(arknights)","4","Character","285","","","","インディゴ(アークナイツ)","深靛","","[{""copyright"":""arknights"",""co_posts"":265,""character_coverage"":1.0},{""copyright"":""a_deer_of_nine_colors"",""co_posts"":3,""character_coverage"":0.011321},{""copyright"":""monster_hunter_(series)"",""co_posts"":3,""character_coverage"":0.011321},{""copyright"":""rainbow_six_siege"",""co_posts"":3,""character_coverage"":0.011321},{""copyright"":""among_us"",""co_posts"":2,""character_coverage"":0.007547}]","","","PENDING",""
"I70-009866","ishizu_ishtar","4","Character","285","","","","イシズ・イシュタール","","","[{""copyright"":""yu-gi-oh!"",""co_posts"":249,""character_coverage"":1.0},{""copyright"":""yu-gi-oh!_duel_monsters"",""co_posts"":213,""character_coverage"":0.855422},{""copyright"":""comiket_102"",""co_posts"":3,""character_coverage"":0.012048},{""copyright"":""pokemon"",""co_posts"":3,""character_coverage"":0.012048},{""copyright"":""pokemon_tcg"",""co_posts"":3,""character_coverage"":0.012048}]","","","PENDING",""
"I70-009867","kokona_(swimsuit)_(blue_archive)","4","Character","285","","","","","春原ココナ(水着)","","[{""copyright"":""blue_archive"",""co_posts"":189,""character_coverage"":1.0},{""copyright"":""bleach"",""co_posts"":1,""character_coverage"":0.005291},{""copyright"":""bocchi_the_rock!"",""co_posts"":1,""character_coverage"":0.005291},{""copyright"":""dragon_ball"",""co_posts"":1,""character_coverage"":0.005291}]","","","PENDING",""
"I70-009868","kosaka_yukiho","4","Character","285","kousaka_yukiho","kousaka yukiho","","","高坂雪穂","","[{""copyright"":""love_live!"",""co_posts"":277,""character_coverage"":1.0},{""copyright"":""love_live!_school_idol_project"",""co_posts"":277,""character_coverage"":1.0},{""copyright"":""bokura_wa_ima_no_naka_de"",""co_posts"":6,""character_coverage"":0.021661},{""copyright"":""sore_wa_bokutachi_no_kiseki"",""co_posts"":6,""character_coverage"":0.021661},{""copyright"":""love_live!_sunshine!!"",""co_posts"":5,""character_coverage"":0.018051}]","","","PENDING",""
"I70-009869","lagann","4","Character","285","","","","","ラガン","","[{""copyright"":""tengen_toppa_gurren_lagann"",""co_posts"":266,""character_coverage"":1.0},{""copyright"":""kill_la_kill"",""co_posts"":8,""character_coverage"":0.030075},{""copyright"":""tengen_toppa_gurren_lagann:_lagann-hen"",""co_posts"":7,""character_coverage"":0.026316},{""copyright"":""neon_genesis_evangelion"",""co_posts"":5,""character_coverage"":0.018797},{""copyright"":""panty_&_stocking_with_garterbelt"",""co_posts"":4,""character_coverage"":0.015038}]","","","PENDING",""
"I70-009870","manectric","4","Character","285","","","","","ライボルト","","[{""copyright"":""pokemon"",""co_posts"":261,""character_coverage"":1.0},{""copyright"":""pokemon_ruby/sapphire/emerald"",""co_posts"":41,""character_coverage"":0.157088},{""copyright"":""pokemon_omega_ruby_and_alpha_sapphire"",""co_posts"":19,""character_coverage"":0.072797},{""copyright"":""pokemon_emerald"",""co_posts"":14,""character_coverage"":0.05364},{""copyright"":""pokemon_legends:_z-a"",""co_posts"":14,""character_coverage"":0.05364}]","","","PENDING",""
"I70-009871","more_more_jump!_miku","4","Character","285","","","","","","","[{""copyright"":""vocaloid"",""co_posts"":279,""character_coverage"":1.0},{""copyright"":""project_sekai"",""co_posts"":278,""character_coverage"":0.996416},{""copyright"":""kowareta_sekai_to_utaenai_miku"",""co_posts"":10,""character_coverage"":0.035842},{""copyright"":""osomatsu-san"",""co_posts"":3,""character_coverage"":0.010753},{""copyright"":""osomatsu_(series)"",""co_posts"":3,""character_coverage"":0.010753}]","","","PENDING",""
"I70-009872","murata_ugetsu","4","Character","285","","","","","村田雨月","","[{""copyright"":""given"",""co_posts"":283,""character_coverage"":1.0},{""copyright"":""a3!"",""co_posts"":1,""character_coverage"":0.003534},{""copyright"":""daiya_no_ace"",""co_posts"":1,""character_coverage"":0.003534},{""copyright"":""ensemble_stars!"",""co_posts"":1,""character_coverage"":0.003534},{""copyright"":""harry_potter_(series)"",""co_posts"":1,""character_coverage"":0.003534}]","","","PENDING",""
"I70-009873","nazuna_(hidamari_sketch)","4","Character","285","nazuna","nazuna","","なずな","","","[{""copyright"":""hidamari_sketch"",""co_posts"":275,""character_coverage"":1.0},{""copyright"":""mahou_shoujo_madoka_magica"",""co_posts"":11,""character_coverage"":0.04},{""copyright"":""mahou_shoujo_madoka_magica_(anime)"",""co_posts"":9,""character_coverage"":0.032727},{""copyright"":""shaft_(company)"",""co_posts"":6,""character_coverage"":0.021818},{""copyright"":""ga_geijutsuka_art_design_class"",""co_posts"":4,""character_coverage"":0.014545}]","","","PENDING",""
"I70-009874","nun_bora","4","Character","285","","","","ヌンボラ | ヌン・ボラ","","Bora_art | Nunbo_live | Nunvoice | Sno_we | 눈보라","[{""copyright"":""nijisanji"",""co_posts"":280,""character_coverage"":1.0},{""copyright"":""nijisanji_kr"",""co_posts"":280,""character_coverage"":1.0},{""copyright"":""crazy_raccoon"",""co_posts"":21,""character_coverage"":0.075},{""copyright"":""hololive"",""co_posts"":21,""character_coverage"":0.075},{""copyright"":""apex_legends"",""co_posts"":18,""character_coverage"":0.064286}]","","","PENDING",""
"I70-009875","pattadol","4","Character","285","","","","パッタドル","","","[{""copyright"":""dungeon_meshi"",""co_posts"":285,""character_coverage"":1.0},{""copyright"":""golden_kamuy"",""co_posts"":4,""character_coverage"":0.014035},{""copyright"":""civilization_(series)"",""co_posts"":2,""character_coverage"":0.007018},{""copyright"":""rimworld"",""co_posts"":2,""character_coverage"":0.007018},{""copyright"":""slay_the_spire"",""co_posts"":2,""character_coverage"":0.007018}]","","","PENDING",""
"I70-009876","rama_(fate)","4","Character","285","rama_(fate/grand_order)","rama (fate/grand order)","","ラーマ(Fate)","","","[{""copyright"":""fate_(series)"",""co_posts"":273,""character_coverage"":1.0},{""copyright"":""fate/grand_order"",""co_posts"":271,""character_coverage"":0.992674},{""copyright"":""fate/grand_order_arcade"",""co_posts"":35,""character_coverage"":0.128205},{""copyright"":""fate/apocrypha"",""co_posts"":14,""character_coverage"":0.051282},{""copyright"":""fate/extra"",""co_posts"":12,""character_coverage"":0.043956}]","","","PENDING",""
"I70-009877","raphiel_shiraha_ainsworth","4","Character","285","shiraha_raphiel_ainsworth","shiraha raphiel ainsworth","","ラフィ | ラフィエル | ラフィサタ | 白羽=ラフィエル=エインズワース","","Raphi","[{""copyright"":""gabriel_dropout"",""co_posts"":263,""character_coverage"":1.0},{""copyright"":""comiket_95"",""co_posts"":3,""character_coverage"":0.011407},{""copyright"":""kobayashi-san_chi_no_maidragon"",""co_posts"":3,""character_coverage"":0.011407},{""copyright"":""blend_s"",""co_posts"":2,""character_coverage"":0.007605},{""copyright"":""dengeki_g's"",""co_posts"":2,""character_coverage"":0.007605}]","","","PENDING",""
"I70-009878","ray_(yakusoku_no_neverland)","4","Character","285","","","","","レイ","","[{""copyright"":""yakusoku_no_neverland"",""co_posts"":270,""character_coverage"":1.0},{""copyright"":""identity_v"",""co_posts"":6,""character_coverage"":0.022222},{""copyright"":""alice's_adventures_in_wonderland"",""co_posts"":3,""character_coverage"":0.011111},{""copyright"":""harry_potter_(series)"",""co_posts"":1,""character_coverage"":0.003704},{""copyright"":""hataraku_saibou"",""co_posts"":1,""character_coverage"":0.003704}]","","","PENDING",""
"I70-009879","ronove_(umineko)","4","Character","285","","","","ロノウェ","","","[{""copyright"":""umineko_no_naku_koro_ni"",""co_posts"":258,""character_coverage"":1.0},{""copyright"":""ougon_musou_kyoku"",""co_posts"":9,""character_coverage"":0.034884},{""copyright"":""durarara!!"",""co_posts"":5,""character_coverage"":0.01938},{""copyright"":""end_of_the_golden_witch"",""co_posts"":4,""character_coverage"":0.015504},{""copyright"":""dawn_of_the_golden_witch"",""co_posts"":3,""character_coverage"":0.011628}]","","","PENDING",""
"I70-009880","servine","4","Character","285","","","","ジャノビー","","","[{""copyright"":""pokemon"",""co_posts"":259,""character_coverage"":1.0},{""copyright"":""pokemon_black_and_white"",""co_posts"":65,""character_coverage"":0.250965},{""copyright"":""pokemon_black_2_and_white_2"",""co_posts"":46,""character_coverage"":0.177606},{""copyright"":""pokemon_adventures"",""co_posts"":11,""character_coverage"":0.042471},{""copyright"":""pokemon_(anime)"",""co_posts"":6,""character_coverage"":0.023166}]","","","PENDING",""
"I70-009881","sessyoin_kiara_(swimsuit_mooncancer)_(first_ascension)","4","Character","285","sesshouin_kiara_(swimsuit_mooncancer)_(first_ascension)","sesshouin kiara (swimsuit mooncancer) (first ascension)","","","殺生院キアラ(水着)","","[{""copyright"":""fate_(series)"",""co_posts"":270,""character_coverage"":1.0},{""copyright"":""fate/grand_order"",""co_posts"":269,""character_coverage"":0.996296},{""copyright"":""fate/extra"",""co_posts"":2,""character_coverage"":0.007407},{""copyright"":""fate/extra_ccc"",""co_posts"":2,""character_coverage"":0.007407},{""copyright"":""fire_emblem"",""co_posts"":2,""character_coverage"":0.007407}]","","","PENDING",""
"I70-009882","sparxie_(candy-coated_waves)_(honkai:_star_rail)","4","Character","285","","","","","火花「甘い夢の電波」","","[{""copyright"":""honkai:_star_rail"",""co_posts"":124,""character_coverage"":1.0},{""copyright"":""honkai_(series)"",""co_posts"":124,""character_coverage"":1.0},{""copyright"":""death_note"",""co_posts"":1,""character_coverage"":0.008065}]","","","PENDING",""
"I70-009883","suzuka_utako","4","Character","285","","","","詩子あーと","鈴鹿詩子","","[{""copyright"":""nijisanji"",""co_posts"":274,""character_coverage"":1.0},{""copyright"":""indie_virtual_youtuber"",""co_posts"":12,""character_coverage"":0.043796},{""copyright"":""nijisanji_kr"",""co_posts"":7,""character_coverage"":0.025547},{""copyright"":""nijisanji_en"",""co_posts"":5,""character_coverage"":0.018248},{""copyright"":""nijisanji_id"",""co_posts"":5,""character_coverage"":0.018248}]","","","PENDING",""
"I70-009884","taira_no_fumikado","4","Character","285","","","","","平文門","","[{""copyright"":""len'en"",""co_posts"":229,""character_coverage"":1.0},{""copyright"":""reactivate_majestical_imperial"",""co_posts"":14,""character_coverage"":0.061135},{""copyright"":""brilliant_pagoda_or_haze_castle"",""co_posts"":12,""character_coverage"":0.052402},{""copyright"":""touhou"",""co_posts"":7,""character_coverage"":0.030568},{""copyright"":""earthen_miraculous_sword"",""co_posts"":6,""character_coverage"":0.026201}]","","","PENDING",""
"I70-009885","usada_pekora_(prisoner)","4","Character","285","usada_pekora_(3rd_costume)","usada pekora (3rd costume)","","囚人兎田ぺこら","","","[{""copyright"":""hololive"",""co_posts"":274,""character_coverage"":1.0},{""copyright"":""hololive_english"",""co_posts"":21,""character_coverage"":0.076642},{""copyright"":""hololive_indonesia"",""co_posts"":21,""character_coverage"":0.076642},{""copyright"":""hololive_dev_is"",""co_posts"":6,""character_coverage"":0.021898},{""copyright"":""minecraft"",""co_posts"":6,""character_coverage"":0.021898}]","","","PENDING",""
"I70-009886","vivian_(paper_mario)","4","Character","285","","","","ビビアン | ビビアン(ペーパーマリオRPG)","","vivian | vivian_ttyd","[{""copyright"":""mario_(series)"",""co_posts"":244,""character_coverage"":1.0},{""copyright"":""paper_mario:_the_thousand-year_door"",""co_posts"":243,""character_coverage"":0.995902},{""copyright"":""paper_mario_(series)"",""co_posts"":243,""character_coverage"":0.995902},{""copyright"":""paper_mario_64"",""co_posts"":23,""character_coverage"":0.094262},{""copyright"":""super_paper_mario"",""co_posts"":14,""character_coverage"":0.057377}]","","","PENDING",""
"I70-009887","white_dragon_(kemono_friends)","4","Character","285","","","","白龍(けものフレンズ)","","","[{""copyright"":""kemono_friends"",""co_posts"":278,""character_coverage"":1.0},{""copyright"":""kemono_friends_3"",""co_posts"":184,""character_coverage"":0.661871},{""copyright"":""azur_lane"",""co_posts"":1,""character_coverage"":0.003597},{""copyright"":""bobobo-bo_bo-bobo"",""co_posts"":1,""character_coverage"":0.003597},{""copyright"":""dadadada_tenshi_(nanawo_akari)"",""co_posts"":1,""character_coverage"":0.003597}]","","","PENDING",""
"I70-009888","yui_(ceremonial)_(princess_connect!)","4","Character","285","","","","","ユイ(儀装束)","","[{""copyright"":""princess_connect!"",""co_posts"":278,""character_coverage"":1.0},{""copyright"":""love_live!"",""co_posts"":7,""character_coverage"":0.02518},{""copyright"":""fate/stay_night"",""co_posts"":6,""character_coverage"":0.021583},{""copyright"":""fate_(series)"",""co_posts"":6,""character_coverage"":0.021583},{""copyright"":""love_live!_nijigasaki_high_school_idol_club"",""co_posts"":6,""character_coverage"":0.021583}]","","","PENDING",""
"I70-009889","alpha:_crimson_abyss_(pgr)","4","Character","284","lucia:_crimson_abyss_(pgr),lucia:_crimson_abyss_(punishing:_gray_raven)","lucia: crimson abyss (pgr) | lucia: crimson abyss (punishing: gray raven)","","","ルシア・深淵ノ紅","","[{""copyright"":""punishing:_gray_raven"",""co_posts"":251,""character_coverage"":1.0},{""copyright"":""tententengokujigokugoku_(aiobahn)"",""co_posts"":4,""character_coverage"":0.015936},{""copyright"":""nier:automata"",""co_posts"":3,""character_coverage"":0.011952},{""copyright"":""nier_(series)"",""co_posts"":3,""character_coverage"":0.011952},{""copyright"":""bucchigiri?!"",""co_posts"":2,""character_coverage"":0.007968}]","","","PENDING",""
"I70-009890","anzai_romi","4","Character","284","anzai_chiyomi's_mother","anzai chiyomi's mother","","アローミ","安斎蕗美","","[{""copyright"":""girls_und_panzer"",""co_posts"":284,""character_coverage"":1.0},{""copyright"":""girls_und_panzer_saishuushou"",""co_posts"":2,""character_coverage"":0.007042},{""copyright"":""girls_und_panzer_gekijouban"",""co_posts"":1,""character_coverage"":0.003521}]","","","PENDING",""
"I70-009891","asmoday_(genshin_impact)","4","Character","284","unknown_god_(genshin_impact)","unknown god (genshin impact)","","","天理の調停者","","[{""copyright"":""genshin_impact"",""co_posts"":273,""character_coverage"":1.0},{""copyright"":""honkai_(series)"",""co_posts"":24,""character_coverage"":0.087912},{""copyright"":""mihoyo"",""co_posts"":24,""character_coverage"":0.087912},{""copyright"":""honkai_impact_3rd"",""co_posts"":21,""character_coverage"":0.076923},{""copyright"":""honkai_gakuen"",""co_posts"":9,""character_coverage"":0.032967}]","","","PENDING",""
"I70-009892","black_suit_(blue_archive)","4","Character","284","","","","黒服(ブルーアーカイブ)","","","[{""copyright"":""blue_archive"",""co_posts"":258,""character_coverage"":1.0},{""copyright"":""blue_archive_the_animation"",""co_posts"":32,""character_coverage"":0.124031},{""copyright"":""jujutsu_kaisen"",""co_posts"":8,""character_coverage"":0.031008},{""copyright"":""bereal"",""co_posts"":5,""character_coverage"":0.01938},{""copyright"":""kamen_rider"",""co_posts"":5,""character_coverage"":0.01938}]","","","PENDING",""
"I70-009893","bugsy_(pokemon)","4","Character","284","tsukushi_(pokemon)","tsukushi (pokemon)","","ツクシ | ツクシ(トレーナー) | ツクビオ","","","[{""copyright"":""pokemon"",""co_posts"":268,""character_coverage"":1.0},{""copyright"":""pokemon_heartgold_and_soulsilver"",""co_posts"":221,""character_coverage"":0.824627},{""copyright"":""pokemon_x_and_y"",""co_posts"":40,""character_coverage"":0.149254},{""copyright"":""pokemon_masters_ex"",""co_posts"":32,""character_coverage"":0.119403},{""copyright"":""pokemon_gold/silver/crystal"",""co_posts"":29,""character_coverage"":0.108209}]","","","PENDING",""
"I70-009894","chu_wanning","4","Character","284","","","","","楚晚宁","","[{""copyright"":""erha_he_ta_de_bai_mao_shizun"",""co_posts"":283,""character_coverage"":1.0},{""copyright"":""heaven_official's_blessing"",""co_posts"":2,""character_coverage"":0.007067},{""copyright"":""liu_yao"",""co_posts"":2,""character_coverage"":0.007067},{""copyright"":""qiang_jin_jiu"",""co_posts"":2,""character_coverage"":0.007067},{""copyright"":""bleach"",""co_posts"":1,""character_coverage"":0.003534}]","","","PENDING",""
"I70-009895","delthea_(fire_emblem)","4","Character","284","dyute_(fire_emblem)","dyute (fire emblem)","","デューテ","","","[{""copyright"":""fire_emblem"",""co_posts"":266,""character_coverage"":1.0},{""copyright"":""fire_emblem_echoes:_shadows_of_valentia"",""co_posts"":256,""character_coverage"":0.962406},{""copyright"":""fire_emblem_heroes"",""co_posts"":74,""character_coverage"":0.278195},{""copyright"":""fire_emblem:_mystery_of_the_emblem"",""co_posts"":16,""character_coverage"":0.06015},{""copyright"":""fire_emblem:_the_blazing_blade"",""co_posts"":16,""character_coverage"":0.06015}]","","","PENDING",""
"I70-009896","drowzee","4","Character","284","","","","スリープ | スリープ(ポケモン)","","","[{""copyright"":""pokemon"",""co_posts"":245,""character_coverage"":1.0},{""copyright"":""pokemon_(anime)"",""co_posts"":27,""character_coverage"":0.110204},{""copyright"":""pokemon_red/green/blue/yellow"",""co_posts"":23,""character_coverage"":0.093878},{""copyright"":""pokemon_firered_and_leafgreen"",""co_posts"":17,""character_coverage"":0.069388},{""copyright"":""pokemon_(classic_anime)"",""co_posts"":15,""character_coverage"":0.061224}]","","","PENDING",""
"I70-009897","garen_(league)","4","Character","284","garen_(league_of_legends),garen_crownguard","garen (league of legends) | garen crownguard","","","ガレン（リーグオブレジェンド）","","[{""copyright"":""league_of_legends"",""co_posts"":255,""character_coverage"":1.0},{""copyright"":""legends_of_runeterra"",""co_posts"":8,""character_coverage"":0.031373},{""copyright"":""arcane:_league_of_legends"",""co_posts"":2,""character_coverage"":0.007843},{""copyright"":""final_fantasy"",""co_posts"":2,""character_coverage"":0.007843},{""copyright"":""final_fantasy_viii"",""co_posts"":2,""character_coverage"":0.007843}]","","","PENDING",""
"I70-009898","genjii_(touhou)","4","Character","284","genjii","genjii","","","玄爺","겐지","[{""copyright"":""touhou"",""co_posts"":268,""character_coverage"":1.0},{""copyright"":""touhou_(pc-98)"",""co_posts"":264,""character_coverage"":0.985075},{""copyright"":""story_of_eastern_wonderland"",""co_posts"":55,""character_coverage"":0.205224},{""copyright"":""phantasmagoria_of_dim.dream"",""co_posts"":23,""character_coverage"":0.085821},{""copyright"":""mystic_square"",""co_posts"":21,""character_coverage"":0.078358}]","","","PENDING",""
"I70-009899","goinkyo","4","Character","284","","","","","ご隠居","","[{""copyright"":""ragnarok_online"",""co_posts"":222,""character_coverage"":0.792857},{""copyright"":""taimanin_(series)"",""co_posts"":51,""character_coverage"":0.182143},{""copyright"":""tree_of_savior"",""co_posts"":7,""character_coverage"":0.025},{""copyright"":""original"",""co_posts"":3,""character_coverage"":0.010714},{""copyright"":""ashita_no_joe"",""co_posts"":1,""character_coverage"":0.003571}]","","","PENDING",""
"I70-009900","gotou_moyoko","4","Character","284","","","","カモさんチーム | ゴモヨ | 後藤モヨ子","","","[{""copyright"":""girls_und_panzer"",""co_posts"":263,""character_coverage"":1.0},{""copyright"":""girls_und_panzer_motto_love_love_sakusen_desu!"",""co_posts"":24,""character_coverage"":0.091255},{""copyright"":""gekitotsu!_joshikousei_oiroke_sensha_gundan"",""co_posts"":6,""character_coverage"":0.022814},{""copyright"":""girls_und_panzer_senshadou_daisakusen!"",""co_posts"":5,""character_coverage"":0.019011},{""copyright"":""girls_und_panzer_gekijouban"",""co_posts"":2,""character_coverage"":0.007605}]","","","PENDING",""
"I70-009901","grimmsnarl","4","Character","284","","","","オーロンゲ","","","[{""copyright"":""pokemon"",""co_posts"":267,""character_coverage"":1.0},{""copyright"":""pokemon_sword_and_shield"",""co_posts"":107,""character_coverage"":0.400749},{""copyright"":""pokemon_scarlet_and_violet"",""co_posts"":29,""character_coverage"":0.108614},{""copyright"":""pokemon_masters_ex"",""co_posts"":27,""character_coverage"":0.101124},{""copyright"":""original"",""co_posts"":6,""character_coverage"":0.022472}]","","","PENDING",""
"I70-009902","hijikata-san_(m.m)","4","Character","284","","","","ヒジカタさん","","","[{""copyright"":""original"",""co_posts"":283,""character_coverage"":1.0},{""copyright"":""gundam"",""co_posts"":1,""character_coverage"":0.003534},{""copyright"":""gundam_msv"",""co_posts"":1,""character_coverage"":0.003534},{""copyright"":""monster_hunter_(series)"",""co_posts"":1,""character_coverage"":0.003534},{""copyright"":""monster_hunter_rise"",""co_posts"":1,""character_coverage"":0.003534}]","","","PENDING",""
"I70-009903","himeru_(ensemble_stars!)","4","Character","284","","","","","","","[{""copyright"":""ensemble_stars!"",""co_posts"":277,""character_coverage"":0.992832},{""copyright"":""genshin_impact"",""co_posts"":2,""character_coverage"":0.007168},{""copyright"":""re:act"",""co_posts"":2,""character_coverage"":0.007168},{""copyright"":""bloodborne"",""co_posts"":1,""character_coverage"":0.003584},{""copyright"":""mimukauwa_nice_try_(vocaloid)"",""co_posts"":1,""character_coverage"":0.003584}]","","","PENDING",""
"I70-009904","hoshino_(second_year)_(blue_archive)","4","Character","284","","","","","小鸟游星野(二年级)","","[{""copyright"":""blue_archive"",""co_posts"":274,""character_coverage"":1.0},{""copyright"":""kyu-kurarin_(cevio)"",""co_posts"":4,""character_coverage"":0.014599},{""copyright"":""cevio"",""co_posts"":1,""character_coverage"":0.00365},{""copyright"":""comiket_103"",""co_posts"":1,""character_coverage"":0.00365},{""copyright"":""doraemon"",""co_posts"":1,""character_coverage"":0.00365}]","","","PENDING",""
"I70-009905","huang_(granblue_fantasy)","4","Character","284","","","","フアン | フアン(グラブル)","","","[{""copyright"":""granblue_fantasy"",""co_posts"":277,""character_coverage"":0.996403},{""copyright"":""comiket_100"",""co_posts"":2,""character_coverage"":0.007194},{""copyright"":""cygames"",""co_posts"":2,""character_coverage"":0.007194},{""copyright"":""tenga"",""co_posts"":2,""character_coverage"":0.007194},{""copyright"":""comiket_102"",""co_posts"":1,""character_coverage"":0.003597}]","","","PENDING",""
"I70-009906","hubert_oswell","4","Character","284","hubert_ozwell","hubert ozwell","","","ヒューバート・オズウェル","","[{""copyright"":""tales_of_(series)"",""co_posts"":268,""character_coverage"":1.0},{""copyright"":""tales_of_graces"",""co_posts"":268,""character_coverage"":1.0},{""copyright"":""tales_of_vesperia"",""co_posts"":17,""character_coverage"":0.063433},{""copyright"":""tales_of_the_abyss"",""co_posts"":15,""character_coverage"":0.05597},{""copyright"":""tales_of_symphonia"",""co_posts"":12,""character_coverage"":0.044776}]","","","PENDING",""
"I70-009907","kamijo_haruna","4","Character","284","kamijou_haruna","kamijou haruna","","","上条春菜","","[{""copyright"":""idolmaster"",""co_posts"":277,""character_coverage"":1.0},{""copyright"":""idolmaster_cinderella_girls"",""co_posts"":277,""character_coverage"":1.0},{""copyright"":""idolmaster_cinderella_girls_starlight_stage"",""co_posts"":63,""character_coverage"":0.227437},{""copyright"":""cinderella_girls_gekijou"",""co_posts"":45,""character_coverage"":0.162455},{""copyright"":""idolmaster_(classic)"",""co_posts"":16,""character_coverage"":0.057762}]","","","PENDING",""
"I70-009908","kamishirasawa_keine_(hakutaku)","4","Character","284","","","","","カミシャサワ・ケイン（Hakutaku）","","[{""copyright"":""touhou"",""co_posts"":280,""character_coverage"":1.0},{""copyright"":""pokemon"",""co_posts"":3,""character_coverage"":0.010714},{""copyright"":""touhou_(pc-98)"",""co_posts"":3,""character_coverage"":0.010714},{""copyright"":""dragon_quest"",""co_posts"":2,""character_coverage"":0.007143},{""copyright"":""imperishable_night"",""co_posts"":2,""character_coverage"":0.007143}]","","","PENDING",""
"I70-009909","kaneda_shoutarou_(akira)","4","Character","284","","","","","金田正太郎 | 金田正太郎(AKIRA)","","[{""copyright"":""akira_(manga)"",""co_posts"":250,""character_coverage"":1.0},{""copyright"":""original"",""co_posts"":10,""character_coverage"":0.04},{""copyright"":""dragon_ball"",""co_posts"":7,""character_coverage"":0.028},{""copyright"":""gundam"",""co_posts"":7,""character_coverage"":0.028},{""copyright"":""neon_genesis_evangelion"",""co_posts"":7,""character_coverage"":0.028}]","","","PENDING",""
"I70-009910","karma_(nakiri_ayame)","4","Character","284","","","","","カルマ（ナキリアヤメ）","","[{""copyright"":""hololive"",""co_posts"":283,""character_coverage"":1.0},{""copyright"":""hololive_alternative"",""co_posts"":5,""character_coverage"":0.017668},{""copyright"":""azur_lane"",""co_posts"":3,""character_coverage"":0.010601},{""copyright"":""hololive_english"",""co_posts"":3,""character_coverage"":0.010601},{""copyright"":""hololive_indonesia"",""co_posts"":3,""character_coverage"":0.010601}]","","","PENDING",""
"I70-009911","kisaki_(kiki)_(blue_archive)","4","Character","284","","","","","キキ","","[]","","","PENDING",""
"I70-009912","kokoro_(darling_in_the_franxx)","4","Character","284","","","","ココロ(ダリフラ)","","","[{""copyright"":""darling_in_the_franxx"",""co_posts"":245,""character_coverage"":1.0},{""copyright"":""kimetsu_no_yaiba"",""co_posts"":8,""character_coverage"":0.032653},{""copyright"":""durarara!!"",""co_posts"":2,""character_coverage"":0.008163},{""copyright"":""kill_la_kill"",""co_posts"":2,""character_coverage"":0.008163},{""copyright"":""neon_genesis_evangelion"",""co_posts"":2,""character_coverage"":0.008163}]","","","PENDING",""
"I70-009913","otogibara_era","4","Character","284","","","","えらすとや | エラ画像","御伽原江良","","[{""copyright"":""nijisanji"",""co_posts"":278,""character_coverage"":1.0},{""copyright"":""ring_fit_adventure"",""co_posts"":8,""character_coverage"":0.028777},{""copyright"":""hololive"",""co_posts"":5,""character_coverage"":0.017986},{""copyright"":""cinderella_(fairy_tale)"",""co_posts"":4,""character_coverage"":0.014388},{""copyright"":""animal_crossing"",""co_posts"":3,""character_coverage"":0.010791}]","","","PENDING",""
"I70-009914","phainon_(fashion)_(honkai:_star_rail)","4","Character","284","","","","","ファイノン(ナナシの勲功)","","[{""copyright"":""honkai:_star_rail"",""co_posts"":278,""character_coverage"":1.0},{""copyright"":""honkai_(series)"",""co_posts"":278,""character_coverage"":1.0}]","","","PENDING",""
"I70-009915","powered_ciel","4","Character","284","powerd_ciel","powerd ciel","","完全武装シエル","","","[{""copyright"":""tsukihime"",""co_posts"":246,""character_coverage"":1.0},{""copyright"":""tsukihime_(remake)"",""co_posts"":114,""character_coverage"":0.463415},{""copyright"":""melty_blood"",""co_posts"":46,""character_coverage"":0.186992},{""copyright"":""melty_blood:_type_lumina"",""co_posts"":15,""character_coverage"":0.060976},{""copyright"":""fate_(series)"",""co_posts"":11,""character_coverage"":0.044715}]","","","PENDING",""
"I70-009916","saionji_kotoka","4","Character","284","","","","","西園寺琴歌","","[{""copyright"":""idolmaster"",""co_posts"":281,""character_coverage"":1.0},{""copyright"":""idolmaster_cinderella_girls"",""co_posts"":281,""character_coverage"":1.0},{""copyright"":""idolmaster_cinderella_girls_starlight_stage"",""co_posts"":73,""character_coverage"":0.259786},{""copyright"":""cinderella_girls_gekijou"",""co_posts"":33,""character_coverage"":0.117438},{""copyright"":""idolmaster_(classic)"",""co_posts"":4,""character_coverage"":0.014235}]","","","PENDING",""
"I70-009917","sakaki_yumiko","4","Character","284","","","","","榊由美子","","[{""copyright"":""grisaia_(series)"",""co_posts"":272,""character_coverage"":1.0},{""copyright"":""grisaia_no_kajitsu"",""co_posts"":168,""character_coverage"":0.617647},{""copyright"":""grisaia_no_rakuen"",""co_posts"":61,""character_coverage"":0.224265},{""copyright"":""grisaia_no_meikyuu"",""co_posts"":34,""character_coverage"":0.125},{""copyright"":""grisaia_battlefield_barcarolle"",""co_posts"":18,""character_coverage"":0.066176}]","","","PENDING",""
"I70-009918","slither_wing","4","Character","284","","","","チヲハウハネ","","","[{""copyright"":""pokemon"",""co_posts"":268,""character_coverage"":1.0},{""copyright"":""pokemon_scarlet_and_violet"",""co_posts"":38,""character_coverage"":0.141791},{""copyright"":""pokemon_tcg"",""co_posts"":7,""character_coverage"":0.026119},{""copyright"":""original"",""co_posts"":6,""character_coverage"":0.022388},{""copyright"":""pokemon_black_and_white"",""co_posts"":2,""character_coverage"":0.007463}]","","","PENDING",""
"I70-009919","sophie_twilight","4","Character","284","","","","ソフィー・トワイライト","","","[{""copyright"":""tonari_no_kyuuketsuki-san"",""co_posts"":268,""character_coverage"":1.0},{""copyright"":""gochuumon_wa_usagi_desu_ka?"",""co_posts"":3,""character_coverage"":0.011194},{""copyright"":""apple_inc."",""co_posts"":2,""character_coverage"":0.007463},{""copyright"":""kin-iro_mosaic"",""co_posts"":2,""character_coverage"":0.007463},{""copyright"":""anima_yell!"",""co_posts"":1,""character_coverage"":0.003731}]","","","PENDING",""
"I70-009920","toona","4","Character","284","","","","","トゥーナ","","[{""copyright"":""rune_factory"",""co_posts"":280,""character_coverage"":1.0},{""copyright"":""rune_factory_3"",""co_posts"":279,""character_coverage"":0.996429},{""copyright"":""rune_factory_4"",""co_posts"":4,""character_coverage"":0.014286},{""copyright"":""arknights"",""co_posts"":2,""character_coverage"":0.007143},{""copyright"":""azur_lane"",""co_posts"":1,""character_coverage"":0.003571}]","","","PENDING",""
"I70-009921","tweek_tweak","4","Character","284","","","","","トゥイーク・トゥイーク","","[{""copyright"":""south_park"",""co_posts"":269,""character_coverage"":1.0},{""copyright"":""south_park:_the_fractured_but_whole"",""co_posts"":11,""character_coverage"":0.040892},{""copyright"":""south_park:_the_stick_of_truth"",""co_posts"":8,""character_coverage"":0.02974},{""copyright"":""chainsaw_man"",""co_posts"":2,""character_coverage"":0.007435},{""copyright"":""hello_kitty"",""co_posts"":2,""character_coverage"":0.007435}]","","","PENDING",""
"I70-009922","yoko_(splatoon)","4","Character","284","","","","","","","[{""copyright"":""splatoon_(series)"",""co_posts"":277,""character_coverage"":1.0},{""copyright"":""splatoon_3"",""co_posts"":210,""character_coverage"":0.758123},{""copyright"":""splatoon_2"",""co_posts"":50,""character_coverage"":0.180505},{""copyright"":""splatoon_1"",""co_posts"":4,""character_coverage"":0.01444},{""copyright"":""pokemon"",""co_posts"":2,""character_coverage"":0.00722}]","","","PENDING",""
"I70-009923","cottonee","4","Character","283","","","","モンメン","","","[{""copyright"":""pokemon"",""co_posts"":273,""character_coverage"":1.0},{""copyright"":""pokemon_black_and_white"",""co_posts"":61,""character_coverage"":0.223443},{""copyright"":""pokemon_black_2_and_white_2"",""co_posts"":14,""character_coverage"":0.051282},{""copyright"":""pokemon_sun_and_moon"",""co_posts"":14,""character_coverage"":0.051282},{""copyright"":""pokemon_(anime)"",""co_posts"":12,""character_coverage"":0.043956}]","","","PENDING",""
"I70-009924","curren_chan_(casual)_(umamusume)","4","Character","283","","","","","","","[{""copyright"":""umamusume"",""co_posts"":271,""character_coverage"":1.0},{""copyright"":""instagram"",""co_posts"":3,""character_coverage"":0.01107},{""copyright"":""comiket_103"",""co_posts"":2,""character_coverage"":0.00738},{""copyright"":""starbucks"",""co_posts"":2,""character_coverage"":0.00738},{""copyright"":""umamusume:_road_to_the_top"",""co_posts"":2,""character_coverage"":0.00738}]","","","PENDING",""
"I70-009925","dhalsim","4","Character","283","","","","ダルシム","","धल्सिम","[{""copyright"":""street_fighter"",""co_posts"":253,""character_coverage"":0.996063},{""copyright"":""street_fighter_ii_(series)"",""co_posts"":78,""character_coverage"":0.307087},{""copyright"":""street_fighter_zero_(series)"",""co_posts"":40,""character_coverage"":0.15748},{""copyright"":""street_fighter_6"",""co_posts"":39,""character_coverage"":0.153543},{""copyright"":""street_fighter_v"",""co_posts"":29,""character_coverage"":0.114173}]","","","PENDING",""
"I70-009926","drossel_von_flugel","4","Character","283","drossel_von_flügel","drossel von flügel","","ドロッセル","","","[{""copyright"":""fireball_(series)"",""co_posts"":237,""character_coverage"":1.0},{""copyright"":""vocaloid"",""co_posts"":10,""character_coverage"":0.042194},{""copyright"":""my_life_as_a_teenage_robot"",""co_posts"":5,""character_coverage"":0.021097},{""copyright"":""g_gundam"",""co_posts"":4,""character_coverage"":0.016878},{""copyright"":""gundam"",""co_posts"":4,""character_coverage"":0.016878}]","","","PENDING",""
"I70-009927","exeggutor","4","Character","283","","","","ナッシー","","","[{""copyright"":""pokemon"",""co_posts"":261,""character_coverage"":1.0},{""copyright"":""pokemon_firered_and_leafgreen"",""co_posts"":40,""character_coverage"":0.153257},{""copyright"":""pokemon_red/green/blue/yellow"",""co_posts"":34,""character_coverage"":0.130268},{""copyright"":""pokemon_heartgold_and_soulsilver"",""co_posts"":20,""character_coverage"":0.076628},{""copyright"":""pokemon_(anime)"",""co_posts"":19,""character_coverage"":0.072797}]","","","PENDING",""
"I70-009928","frankenstein's_monster_(swimsuit_saber)_(first_ascension)_(fate)","4","Character","283","","","","","フランケンシュタインのモンスター（水着セイバー）（最初の昇天）（運命）","","[{""copyright"":""fate_(series)"",""co_posts"":281,""character_coverage"":1.0},{""copyright"":""fate/grand_order"",""co_posts"":278,""character_coverage"":0.989324},{""copyright"":""fate/apocrypha"",""co_posts"":81,""character_coverage"":0.288256},{""copyright"":""fate/extra"",""co_posts"":4,""character_coverage"":0.014235},{""copyright"":""frankenstein"",""co_posts"":2,""character_coverage"":0.007117}]","","","PENDING",""
"I70-009929","furen_e_lustario_(1st_costume)","4","Character","283","","","","フレン・E・ルスタリオ(通常)","","","[{""copyright"":""nijisanji"",""co_posts"":265,""character_coverage"":1.0},{""copyright"":""duel_masters"",""co_posts"":4,""character_coverage"":0.015094},{""copyright"":""kirby_(series)"",""co_posts"":3,""character_coverage"":0.011321},{""copyright"":""nijisanji_kr"",""co_posts"":3,""character_coverage"":0.011321},{""copyright"":""fate_(series)"",""co_posts"":2,""character_coverage"":0.007547}]","","","PENDING",""
"I70-009930","guillotine_(nikke)","4","Character","283","","","","ギロチン(NIKKE) | ギロチン(勝利の女神:NIKKE)","","길로틴(NIKKE)","[{""copyright"":""goddess_of_victory:_nikke"",""co_posts"":259,""character_coverage"":1.0},{""copyright"":""irasutoya"",""co_posts"":3,""character_coverage"":0.011583},{""copyright"":""bucchigiri?!"",""co_posts"":1,""character_coverage"":0.003861},{""copyright"":""chainsaw_man"",""co_posts"":1,""character_coverage"":0.003861},{""copyright"":""chromashift"",""co_posts"":1,""character_coverage"":0.003861}]","","","PENDING",""
"I70-009931","huyan_zhuo_(swimsuit_berserker)_(fate)","4","Character","283","huyan_zhuo_(swimsuit)_(fate)","huyan zhuo (swimsuit) (fate)","","","呼延灼(水着)","","[{""copyright"":""fate/grand_order"",""co_posts"":261,""character_coverage"":0.996183},{""copyright"":""fate_(series)"",""co_posts"":261,""character_coverage"":0.996183},{""copyright"":""indie_virtual_youtuber"",""co_posts"":2,""character_coverage"":0.007634},{""copyright"":""umamusume"",""co_posts"":2,""character_coverage"":0.007634},{""copyright"":""comiket_107"",""co_posts"":1,""character_coverage"":0.003817}]","","","PENDING",""
"I70-009932","i-19_(azur_lane)","4","Character","283","","","","伊19(アズールレーン)","","","[{""copyright"":""azur_lane"",""co_posts"":266,""character_coverage"":1.0},{""copyright"":""kantai_collection"",""co_posts"":4,""character_coverage"":0.015038},{""copyright"":""azur_lane:_slow_ahead"",""co_posts"":1,""character_coverage"":0.003759},{""copyright"":""monster_hunter_(series)"",""co_posts"":1,""character_coverage"":0.003759},{""copyright"":""the_moon_studio"",""co_posts"":1,""character_coverage"":0.003759}]","","","PENDING",""
"I70-009933","imai_kana","4","Character","283","","","","","今井加奈","","[{""copyright"":""idolmaster"",""co_posts"":274,""character_coverage"":1.0},{""copyright"":""idolmaster_cinderella_girls"",""co_posts"":274,""character_coverage"":1.0},{""copyright"":""idolmaster_cinderella_girls_starlight_stage"",""co_posts"":64,""character_coverage"":0.233577},{""copyright"":""cinderella_girls_gekijou"",""co_posts"":31,""character_coverage"":0.113139},{""copyright"":""idolmaster_(classic)"",""co_posts"":5,""character_coverage"":0.018248}]","","","PENDING",""
"I70-009934","inugami_korone_(street)","4","Character","283","inugami_korone_(2nd_costume)","inugami korone (2nd costume)","","戌神ころね(おでかけ) | 戌神ころね(おでかけ衣装) | 戌神ころね(運営)","","","[{""copyright"":""hololive"",""co_posts"":280,""character_coverage"":1.0},{""copyright"":""hololive_english"",""co_posts"":3,""character_coverage"":0.010714},{""copyright"":""among_us"",""co_posts"":2,""character_coverage"":0.007143},{""copyright"":""banjo-kazooie"",""co_posts"":2,""character_coverage"":0.007143},{""copyright"":""cuphead_(game)"",""co_posts"":2,""character_coverage"":0.007143}]","","","PENDING",""
"I70-009935","katou_hazuki","4","Character","283","","","","","加藤葉月","","[{""copyright"":""hibike!_euphonium"",""co_posts"":263,""character_coverage"":1.0},{""copyright"":""gekijouban_hibike!_euphonium"",""co_posts"":12,""character_coverage"":0.045627},{""copyright"":""animedia"",""co_posts"":5,""character_coverage"":0.019011},{""copyright"":""kyoto_animation"",""co_posts"":5,""character_coverage"":0.019011},{""copyright"":""newtype"",""co_posts"":5,""character_coverage"":0.019011}]","","","PENDING",""
"I70-009936","krolik_(girls'_frontline_2)","4","Character","283","charolic_(girls'_frontline_2)","charolic (girls' frontline 2)","","","キャロリック(ドールズフロントライン2) | 克罗丽科","클로리크","[{""copyright"":""girls'_frontline"",""co_posts"":249,""character_coverage"":1.0},{""copyright"":""girls'_frontline_2:_exilium"",""co_posts"":249,""character_coverage"":1.0},{""copyright"":""girls'_frontline_neural_cloud"",""co_posts"":5,""character_coverage"":0.02008},{""copyright"":""x-com"",""co_posts"":2,""character_coverage"":0.008032},{""copyright"":""blazblue"",""co_posts"":1,""character_coverage"":0.004016}]","","","PENDING",""
"I70-009937","lantern_(honkai_impact)","4","Character","283","","","","アカリ","灯","","[{""copyright"":""honkai_(series)"",""co_posts"":261,""character_coverage"":1.0},{""copyright"":""honkai_impact_3rd"",""co_posts"":261,""character_coverage"":1.0},{""copyright"":""cyberpunk:_edgerunners"",""co_posts"":6,""character_coverage"":0.022989},{""copyright"":""cyberpunk_(series)"",""co_posts"":6,""character_coverage"":0.022989},{""copyright"":""honkai:_star_rail"",""co_posts"":3,""character_coverage"":0.011494}]","","","PENDING",""
"I70-009938","mitarai_shouta","4","Character","283","","","","","御手洗翔太","","[{""copyright"":""idolmaster"",""co_posts"":274,""character_coverage"":1.0},{""copyright"":""idolmaster_side-m"",""co_posts"":187,""character_coverage"":0.682482},{""copyright"":""idolmaster_(classic)"",""co_posts"":115,""character_coverage"":0.419708},{""copyright"":""idolmaster_2"",""co_posts"":83,""character_coverage"":0.30292},{""copyright"":""idolmaster_side-m_growing_stars"",""co_posts"":28,""character_coverage"":0.10219}]","","","PENDING",""
"I70-009939","murasaki_shikibu_(swimsuit_rider)_(first_ascension)_(fate)","4","Character","283","","","","","紫式部(水着)","","[{""copyright"":""fate_(series)"",""co_posts"":261,""character_coverage"":1.0},{""copyright"":""fate/grand_order"",""co_posts"":260,""character_coverage"":0.996169},{""copyright"":""fate/stay_night"",""co_posts"":5,""character_coverage"":0.019157},{""copyright"":""fate/grand_order_arcade"",""co_posts"":1,""character_coverage"":0.003831},{""copyright"":""idolmaster"",""co_posts"":1,""character_coverage"":0.003831}]","","","PENDING",""
"I70-009940","nakamura_okuto","4","Character","283","","","","","中村男久斗","","[{""copyright"":""ganbare!_nakamura-kun!!"",""co_posts"":206,""character_coverage"":1.0},{""copyright"":""hikaru_ga_shinda_natsu"",""co_posts"":3,""character_coverage"":0.014563},{""copyright"":""bucchigiri?!"",""co_posts"":1,""character_coverage"":0.004854},{""copyright"":""ensemble_stars!"",""co_posts"":1,""character_coverage"":0.004854},{""copyright"":""love_je_t'aime"",""co_posts"":1,""character_coverage"":0.004854}]","","","PENDING",""
"I70-009941","nina_(breath_of_fire_iii)","4","Character","283","nina_iii","nina iii","","","ニーナ(BOF3)","","[{""copyright"":""breath_of_fire"",""co_posts"":235,""character_coverage"":1.0},{""copyright"":""breath_of_fire_iii"",""co_posts"":235,""character_coverage"":1.0},{""copyright"":""breath_of_fire_ii"",""co_posts"":34,""character_coverage"":0.144681},{""copyright"":""breath_of_fire_iv"",""co_posts"":33,""character_coverage"":0.140426},{""copyright"":""breath_of_fire_v"",""co_posts"":32,""character_coverage"":0.13617}]","","","PENDING",""
"I70-009942","robo_(chrono_trigger)","4","Character","283","","","","ロボ(クロノトリガー)","","","[{""copyright"":""chrono_trigger"",""co_posts"":258,""character_coverage"":1.0},{""copyright"":""dragon_quest"",""co_posts"":5,""character_coverage"":0.01938},{""copyright"":""chrono_cross"",""co_posts"":4,""character_coverage"":0.015504},{""copyright"":""dragon_ball"",""co_posts"":3,""character_coverage"":0.011628},{""copyright"":""dragon_quest_i"",""co_posts"":3,""character_coverage"":0.011628}]","","","PENDING",""
"I70-009943","rude_(ff7)","4","Character","283","","","","","ルード","","[{""copyright"":""final_fantasy"",""co_posts"":243,""character_coverage"":1.0},{""copyright"":""final_fantasy_vii"",""co_posts"":243,""character_coverage"":1.0},{""copyright"":""final_fantasy_vii_remake"",""co_posts"":125,""character_coverage"":0.514403},{""copyright"":""final_fantasy_vii_rebirth"",""co_posts"":28,""character_coverage"":0.115226},{""copyright"":""final_fantasy_vii:_advent_children"",""co_posts"":17,""character_coverage"":0.069959}]","","","PENDING",""
"I70-009944","rulue_(puyopuyo)","4","Character","283","","","","ルルー","","","[{""copyright"":""puyopuyo"",""co_posts"":256,""character_coverage"":1.0},{""copyright"":""puyopuyo_sun"",""co_posts"":65,""character_coverage"":0.253906},{""copyright"":""madou_monogatari"",""co_posts"":46,""character_coverage"":0.179688},{""copyright"":""puyopuyo_20th_anniversary"",""co_posts"":43,""character_coverage"":0.167969},{""copyright"":""puyopuyo_quest"",""co_posts"":40,""character_coverage"":0.15625}]","","","PENDING",""
"I70-009945","shoukaku_(sororal_wings)_(azur_lane)","4","Character","283","","","","疾翔の姉羽","疾速之鹤","","[{""copyright"":""azur_lane"",""co_posts"":252,""character_coverage"":1.0},{""copyright"":""arknights"",""co_posts"":2,""character_coverage"":0.007937},{""copyright"":""fate/grand_order"",""co_posts"":2,""character_coverage"":0.007937},{""copyright"":""fate_(series)"",""co_posts"":2,""character_coverage"":0.007937},{""copyright"":""umamusume"",""co_posts"":2,""character_coverage"":0.007937}]","","","PENDING",""
"I70-009946","tamamo_jk_(fate)","4","Character","283","tamamo_no_mae_(jk)_(fate)","tamamo no mae (jk) (fate)","","","ギャル狐","","[{""copyright"":""fate_(series)"",""co_posts"":274,""character_coverage"":1.0},{""copyright"":""fate/extra"",""co_posts"":238,""character_coverage"":0.868613},{""copyright"":""fate/extella"",""co_posts"":160,""character_coverage"":0.583942},{""copyright"":""fate/grand_order"",""co_posts"":101,""character_coverage"":0.368613},{""copyright"":""fate/extra_ccc"",""co_posts"":15,""character_coverage"":0.054745}]","","","PENDING",""
"I70-009947","tangrowth","4","Character","283","","","","モジャンボ","","","[{""copyright"":""pokemon"",""co_posts"":259,""character_coverage"":1.0},{""copyright"":""pokemon_pokopia"",""co_posts"":48,""character_coverage"":0.185328},{""copyright"":""pokemon_diamond/pearl/platinum"",""co_posts"":22,""character_coverage"":0.084942},{""copyright"":""pokemon_legends:_arceus"",""co_posts"":19,""character_coverage"":0.073359},{""copyright"":""pokemon_heartgold_and_soulsilver"",""co_posts"":16,""character_coverage"":0.061776}]","","","PENDING",""
"I70-009948","thelema_nutriscu_(mad_pleasure:_shadowbringer)","4","Character","283","","","","","","","[{""copyright"":""honkai_(series)"",""co_posts"":273,""character_coverage"":1.0},{""copyright"":""honkai_impact_3rd"",""co_posts"":273,""character_coverage"":1.0},{""copyright"":""honkai:_star_rail"",""co_posts"":3,""character_coverage"":0.010989}]","","","PENDING",""
"I70-009949","tomoe_gozen_(third_ascension)_(fate)","4","Character","283","","","","","","","[{""copyright"":""fate/grand_order"",""co_posts"":278,""character_coverage"":1.0},{""copyright"":""fate_(series)"",""co_posts"":278,""character_coverage"":1.0},{""copyright"":""fate/extra"",""co_posts"":2,""character_coverage"":0.007194},{""copyright"":""fate/zero"",""co_posts"":2,""character_coverage"":0.007194},{""copyright"":""mario_(series)"",""co_posts"":2,""character_coverage"":0.007194}]","","","PENDING",""
"I70-009950","zaraki_kenpachi","4","Character","283","","","","","更木剣八","","[{""copyright"":""bleach"",""co_posts"":236,""character_coverage"":1.0},{""copyright"":""bleach:_sennen_kessen-hen"",""co_posts"":103,""character_coverage"":0.436441},{""copyright"":""bleach:_epilogue"",""co_posts"":6,""character_coverage"":0.025424},{""copyright"":""naruto_(series)"",""co_posts"":6,""character_coverage"":0.025424},{""copyright"":""naruto_(classic)"",""co_posts"":5,""character_coverage"":0.021186}]","","","PENDING",""
"I70-009951","aizen_kunitoshi","4","Character","282","","","","","愛染国俊","","[{""copyright"":""touken_ranbu"",""co_posts"":279,""character_coverage"":1.0},{""copyright"":""touken_ranbu:_hanamaru"",""co_posts"":5,""character_coverage"":0.017921},{""copyright"":""kantai_collection"",""co_posts"":2,""character_coverage"":0.007168},{""copyright"":""panty_&_stocking_with_garterbelt"",""co_posts"":2,""character_coverage"":0.007168},{""copyright"":""bishoujo_senshi_sailor_moon"",""co_posts"":1,""character_coverage"":0.003584}]","","","PENDING",""
"I70-009952","alolan_meowth","4","Character","282","","","","","アローラニャース","","[{""copyright"":""pokemon"",""co_posts"":266,""character_coverage"":1.0},{""copyright"":""pokemon_sun_and_moon"",""co_posts"":88,""character_coverage"":0.330827},{""copyright"":""pokemon_(anime)"",""co_posts"":37,""character_coverage"":0.139098},{""copyright"":""pokemon_the_series:_sun_&_moon"",""co_posts"":31,""character_coverage"":0.116541},{""copyright"":""pokemon_black_and_white"",""co_posts"":9,""character_coverage"":0.033835}]","","","PENDING",""
"I70-009953","aozora_kyoka","4","Character","282","","","","ソラさん | ダウナー研究者お姉さん","青空杏花","","[{""copyright"":""original"",""co_posts"":280,""character_coverage"":1.0},{""copyright"":""pixiv"",""co_posts"":4,""character_coverage"":0.014286},{""copyright"":""animal_crossing"",""co_posts"":2,""character_coverage"":0.007143},{""copyright"":""indie_virtual_youtuber"",""co_posts"":1,""character_coverage"":0.003571},{""copyright"":""mahou_shoujo_ni_akogarete"",""co_posts"":1,""character_coverage"":0.003571}]","","","PENDING",""
"I70-009954","aya_brea","4","Character","282","","","","アヤ・ブレア","","","[{""copyright"":""parasite_eve_(series)"",""co_posts"":227,""character_coverage"":0.991266},{""copyright"":""parasite_eve_i"",""co_posts"":129,""character_coverage"":0.563319},{""copyright"":""parasite_eve_the_3rd_birthday"",""co_posts"":46,""character_coverage"":0.200873},{""copyright"":""final_fantasy"",""co_posts"":13,""character_coverage"":0.056769},{""copyright"":""final_fantasy_xiii"",""co_posts"":8,""character_coverage"":0.034934}]","","","PENDING",""
"I70-009955","belphegor_(umineko)","4","Character","282","","","","ベルフェゴール","","","[{""copyright"":""umineko_no_naku_koro_ni"",""co_posts"":249,""character_coverage"":1.0},{""copyright"":""higurashi_no_naku_koro_ni"",""co_posts"":5,""character_coverage"":0.02008},{""copyright"":""ougon_musou_kyoku"",""co_posts"":3,""character_coverage"":0.012048},{""copyright"":""fullmetal_alchemist"",""co_posts"":2,""character_coverage"":0.008032},{""copyright"":""aa_megami-sama"",""co_posts"":1,""character_coverage"":0.004016}]","","","PENDING",""
"I70-009956","biscione_(fate)","4","Character","282","","","","","ビショーネ(Fate)","","[{""copyright"":""fate/grand_order"",""co_posts"":184,""character_coverage"":1.0},{""copyright"":""fate_(series)"",""co_posts"":184,""character_coverage"":1.0},{""copyright"":""chainsaw_man"",""co_posts"":1,""character_coverage"":0.005435},{""copyright"":""comiket_106"",""co_posts"":1,""character_coverage"":0.005435},{""copyright"":""kimi_no_koto_ga_dai_dai_dai_dai_daisuki_na_100-nin_no_kanojo"",""co_posts"":1,""character_coverage"":0.005435}]","","","PENDING",""
"I70-009957","blonde_blazer","4","Character","282","","","","","金耀光","","[{""copyright"":""dispatch"",""co_posts"":266,""character_coverage"":1.0},{""copyright"":""invincible_(series)"",""co_posts"":4,""character_coverage"":0.015038},{""copyright"":""marvel"",""co_posts"":4,""character_coverage"":0.015038},{""copyright"":""fate/grand_order"",""co_posts"":3,""character_coverage"":0.011278},{""copyright"":""fate_(series)"",""co_posts"":3,""character_coverage"":0.011278}]","","","PENDING",""
"I70-009958","chibita","4","Character","282","","","","","チビ太","","[{""copyright"":""osomatsu_(series)"",""co_posts"":266,""character_coverage"":1.0},{""copyright"":""osomatsu-san"",""co_posts"":213,""character_coverage"":0.800752},{""copyright"":""osomatsu-kun"",""co_posts"":97,""character_coverage"":0.364662},{""copyright"":""osomatsu-san_the_movie"",""co_posts"":7,""character_coverage"":0.026316},{""copyright"":""street_fighter"",""co_posts"":4,""character_coverage"":0.015038}]","","","PENDING",""
"I70-009959","chinatsu_(hot_spring)_(blue_archive)","4","Character","282","hinomiya_chinatsu_(hot_spring)","hinomiya chinatsu (hot spring)","","チナツ(温泉)","","","[{""copyright"":""blue_archive"",""co_posts"":274,""character_coverage"":1.0},{""copyright"":""blue_archive_the_animation"",""co_posts"":2,""character_coverage"":0.007299},{""copyright"":""comiket_102"",""co_posts"":2,""character_coverage"":0.007299},{""copyright"":""ashita_no_joe"",""co_posts"":1,""character_coverage"":0.00365},{""copyright"":""boku_no_hero_academia"",""co_posts"":1,""character_coverage"":0.00365}]","","","PENDING",""
"I70-009960","dooby_(1st_costume)","4","Character","282","dooby_(1st_costume)_(vtuber)","dooby (1st costume) (vtuber)","","","","","[{""copyright"":""indie_virtual_youtuber"",""co_posts"":263,""character_coverage"":1.0},{""copyright"":""hololive"",""co_posts"":7,""character_coverage"":0.026616},{""copyright"":""hololive_english"",""co_posts"":7,""character_coverage"":0.026616},{""copyright"":""densetsu.exe"",""co_posts"":4,""character_coverage"":0.015209},{""copyright"":""counter-strike_(series)"",""co_posts"":3,""character_coverage"":0.011407}]","","","PENDING",""
"I70-009961","excadrill","4","Character","282","","","","","ドリュウズ","","[{""copyright"":""pokemon"",""co_posts"":269,""character_coverage"":1.0},{""copyright"":""pokemon_black_and_white"",""co_posts"":93,""character_coverage"":0.345725},{""copyright"":""pokemon_scarlet_and_violet"",""co_posts"":34,""character_coverage"":0.126394},{""copyright"":""pokemon_(anime)"",""co_posts"":24,""character_coverage"":0.089219},{""copyright"":""pokemon_black_2_and_white_2"",""co_posts"":18,""character_coverage"":0.066914}]","","","PENDING",""
"I70-009962","fighting_master_alleyne","4","Character","282","","","","戦闘教官アレイン","戦闘教官","","[{""copyright"":""queen's_blade"",""co_posts"":250,""character_coverage"":1.0},{""copyright"":""vanquished_queens"",""co_posts"":7,""character_coverage"":0.028},{""copyright"":""queen's_blade_rebellion"",""co_posts"":5,""character_coverage"":0.02},{""copyright"":""senran_kagura"",""co_posts"":4,""character_coverage"":0.016},{""copyright"":""senran_kagura_new_link"",""co_posts"":4,""character_coverage"":0.016}]","","","PENDING",""
"I70-009963","fubukihime","4","Character","282","","","","ふぶき姫 | ふぶき姫(妖怪ウォッチ)","","","[{""copyright"":""youkai_watch"",""co_posts"":268,""character_coverage"":1.0},{""copyright"":""youkai_watch_2"",""co_posts"":10,""character_coverage"":0.037313},{""copyright"":""youkai_watch_3"",""co_posts"":5,""character_coverage"":0.018657},{""copyright"":""youkai_watch_jam:_youkai_gakuen_y"",""co_posts"":3,""character_coverage"":0.011194},{""copyright"":""hooters"",""co_posts"":2,""character_coverage"":0.007463}]","","","PENDING",""
"I70-009964","fudou_akira","4","Character","282","","","","","不動明","","[{""copyright"":""devilman"",""co_posts"":215,""character_coverage"":1.0},{""copyright"":""devilman_crybaby"",""co_posts"":77,""character_coverage"":0.35814},{""copyright"":""mazinger_(series)"",""co_posts"":7,""character_coverage"":0.032558},{""copyright"":""mazinger_z"",""co_posts"":7,""character_coverage"":0.032558},{""copyright"":""cyborg_009"",""co_posts"":6,""character_coverage"":0.027907}]","","","PENDING",""
"I70-009965","guam_(azur_lane)","4","Character","282","","","","グアム | グアム(アズールレーン)","","","[{""copyright"":""azur_lane"",""co_posts"":256,""character_coverage"":1.0},{""copyright"":""azur_lane:_slow_ahead"",""co_posts"":8,""character_coverage"":0.03125},{""copyright"":""i_want_you"",""co_posts"":4,""character_coverage"":0.015625},{""copyright"":""comiket_107"",""co_posts"":1,""character_coverage"":0.003906},{""copyright"":""rabbit_hole_(vocaloid)"",""co_posts"":1,""character_coverage"":0.003906}]","","","PENDING",""
"I70-009966","hiiragi_nemu","4","Character","282","","","","","柊ねむ","","[{""copyright"":""mahou_shoujo_madoka_magica"",""co_posts"":273,""character_coverage"":1.0},{""copyright"":""magia_record:_mahou_shoujo_madoka_magica_gaiden"",""co_posts"":272,""character_coverage"":0.996337},{""copyright"":""mahou_shoujo_madoka_magica_magia_exedra"",""co_posts"":17,""character_coverage"":0.062271},{""copyright"":""mahou_shoujo_madoka_magica_(anime)"",""co_posts"":6,""character_coverage"":0.021978},{""copyright"":""mahou_shoujo_suzune_magica"",""co_posts"":6,""character_coverage"":0.021978}]","","","PENDING",""
"I70-009967","i-201_(kancolle)","4","Character","282","fuurei_(kancolle)","fuurei (kancolle)","","伊201(艦これ) | 伊201(艦隊これくしょん)","伊201","","[{""copyright"":""kantai_collection"",""co_posts"":280,""character_coverage"":1.0},{""copyright"":""gundam"",""co_posts"":2,""character_coverage"":0.007143},{""copyright"":""sousou_no_frieren"",""co_posts"":2,""character_coverage"":0.007143},{""copyright"":""umamusume"",""co_posts"":2,""character_coverage"":0.007143},{""copyright"":""comiket_101"",""co_posts"":1,""character_coverage"":0.003571}]","","","PENDING",""
"I70-009968","ishida_uryuu","4","Character","282","","","","","石田雨竜 | 石田雨龙","","[{""copyright"":""bleach"",""co_posts"":219,""character_coverage"":1.0},{""copyright"":""bleach:_sennen_kessen-hen"",""co_posts"":66,""character_coverage"":0.30137},{""copyright"":""bleach:_epilogue"",""co_posts"":7,""character_coverage"":0.031963},{""copyright"":""naruto_(series)"",""co_posts"":6,""character_coverage"":0.027397},{""copyright"":""death_note"",""co_posts"":5,""character_coverage"":0.022831}]","","","PENDING",""
"I70-009969","jubilee_(marvel)","4","Character","282","jubilee","jubilee","","","ジュビリー","","[{""copyright"":""marvel"",""co_posts"":149,""character_coverage"":1.0},{""copyright"":""x-men"",""co_posts"":145,""character_coverage"":0.973154},{""copyright"":""marvel_rivals"",""co_posts"":36,""character_coverage"":0.241611},{""copyright"":""x-men:_the_animated_series"",""co_posts"":17,""character_coverage"":0.114094},{""copyright"":""spider-man_(series)"",""co_posts"":12,""character_coverage"":0.080537}]","","","PENDING",""
"I70-009970","kagari_mimi","4","Character","282","","","","","カガリ・ミミ","","[{""copyright"":""kimi_ga_shinu_made_koi_wo_shitai"",""co_posts"":132,""character_coverage"":1.0},{""copyright"":""hololive"",""co_posts"":1,""character_coverage"":0.007576},{""copyright"":""hololive_dev_is"",""co_posts"":1,""character_coverage"":0.007576},{""copyright"":""indie_virtual_youtuber"",""co_posts"":1,""character_coverage"":0.007576},{""copyright"":""nijisanji"",""co_posts"":1,""character_coverage"":0.007576}]","","","PENDING",""
"I70-009971","kaonashi","4","Character","282","no-face_(spirited_away)","no-face (spirited away)","","カオナシ","","No-Face","[{""copyright"":""sen_to_chihiro_no_kamikakushi"",""co_posts"":250,""character_coverage"":0.968992},{""copyright"":""studio_ghibli"",""co_posts"":81,""character_coverage"":0.313953},{""copyright"":""tonari_no_totoro"",""co_posts"":48,""character_coverage"":0.186047},{""copyright"":""mononoke_hime"",""co_posts"":37,""character_coverage"":0.143411},{""copyright"":""majo_no_takkyuubin"",""co_posts"":36,""character_coverage"":0.139535}]","","","PENDING",""
"I70-009972","liliruca_arde","4","Character","282","liliruka_aede","liliruka aede","","リリルカ・アーデ","","","[{""copyright"":""dungeon_ni_deai_wo_motomeru_no_wa_machigatteiru_darou_ka"",""co_posts"":260,""character_coverage"":1.0},{""copyright"":""danmachi_battle_chronicle"",""co_posts"":25,""character_coverage"":0.096154},{""copyright"":""danmachi_memoria_freese"",""co_posts"":22,""character_coverage"":0.084615},{""copyright"":""kemono_friends"",""co_posts"":2,""character_coverage"":0.007692},{""copyright"":""megami_magazine"",""co_posts"":2,""character_coverage"":0.007692}]","","","PENDING",""
"I70-009973","lindy_harlaown","4","Character","282","lindy_hallaoun,lindy_haraoun","lindy hallaoun | lindy haraoun","","リンディ・ハラオウン","","","[{""copyright"":""lyrical_nanoha"",""co_posts"":237,""character_coverage"":1.0},{""copyright"":""mahou_shoujo_lyrical_nanoha"",""co_posts"":183,""character_coverage"":0.772152},{""copyright"":""mahou_shoujo_lyrical_nanoha_a's"",""co_posts"":70,""character_coverage"":0.295359},{""copyright"":""mahou_shoujo_lyrical_nanoha_strikers"",""co_posts"":56,""character_coverage"":0.236287},{""copyright"":""mahou_shoujo_lyrical_nanoha_the_movie_1st"",""co_posts"":12,""character_coverage"":0.050633}]","","","PENDING",""
"I70-009974","marshtomp","4","Character","282","","","","ヌマクロー","","","[{""copyright"":""pokemon"",""co_posts"":260,""character_coverage"":1.0},{""copyright"":""pokemon_ruby/sapphire/emerald"",""co_posts"":49,""character_coverage"":0.188462},{""copyright"":""pokemon_omega_ruby_and_alpha_sapphire"",""co_posts"":44,""character_coverage"":0.169231},{""copyright"":""pokemon_emerald"",""co_posts"":21,""character_coverage"":0.080769},{""copyright"":""pokemon_(anime)"",""co_posts"":16,""character_coverage"":0.061538}]","","","PENDING",""
"I70-009975","mejiro_mcqueen_(casual)_(umamusume)","4","Character","282","","","","","","","[{""copyright"":""umamusume"",""co_posts"":271,""character_coverage"":1.0},{""copyright"":""hanshin_tigers"",""co_posts"":5,""character_coverage"":0.01845},{""copyright"":""chainsaw_man"",""co_posts"":2,""character_coverage"":0.00738},{""copyright"":""kfc"",""co_posts"":2,""character_coverage"":0.00738},{""copyright"":""mcdonald's"",""co_posts"":2,""character_coverage"":0.00738}]","","","PENDING",""
"I70-009976","miyako_(princess_connect!)","4","Character","282","izumo_miyako","izumo miyako","","ミヤコ | ミヤコ(プリコネ)","出雲宮子","","[{""copyright"":""princess_connect!"",""co_posts"":275,""character_coverage"":0.99278},{""copyright"":""cygames"",""co_posts"":5,""character_coverage"":0.018051},{""copyright"":""idolmaster"",""co_posts"":4,""character_coverage"":0.01444},{""copyright"":""umamusume"",""co_posts"":4,""character_coverage"":0.01444},{""copyright"":""blue_archive"",""co_posts"":3,""character_coverage"":0.01083}]","","","PENDING",""
"I70-009977","moomintroll","4","Character","282","","","","","ムーミントロール","","[{""copyright"":""moomin"",""co_posts"":265,""character_coverage"":0.988806},{""copyright"":""kantai_collection"",""co_posts"":51,""character_coverage"":0.190299},{""copyright"":""girls_und_panzer"",""co_posts"":33,""character_coverage"":0.123134},{""copyright"":""touhou"",""co_posts"":20,""character_coverage"":0.074627},{""copyright"":""original"",""co_posts"":11,""character_coverage"":0.041045}]","","","PENDING",""
"I70-009978","nah_(fire_emblem)","4","Character","282","nn_(fire_emblem)","nn (fire emblem)","","ンン | ンン(ファイアーエムブレム)","","","[{""copyright"":""fire_emblem"",""co_posts"":266,""character_coverage"":1.0},{""copyright"":""fire_emblem_awakening"",""co_posts"":261,""character_coverage"":0.981203},{""copyright"":""fire_emblem_heroes"",""co_posts"":57,""character_coverage"":0.214286},{""copyright"":""fire_emblem:_mystery_of_the_emblem"",""co_posts"":27,""character_coverage"":0.101504},{""copyright"":""fire_emblem_fates"",""co_posts"":19,""character_coverage"":0.071429}]","","","PENDING",""
"I70-009979","no_reason_(umamusume)","4","Character","282","","","","ノーリーズン | ノーリーズン(ウマ娘)","","","[{""copyright"":""umamusume"",""co_posts"":273,""character_coverage"":1.0},{""copyright"":""real_life"",""co_posts"":4,""character_coverage"":0.014652},{""copyright"":""coca-cola"",""co_posts"":3,""character_coverage"":0.010989},{""copyright"":""umamusume:_cinderella_gray"",""co_posts"":2,""character_coverage"":0.007326},{""copyright"":""cygames"",""co_posts"":1,""character_coverage"":0.003663}]","","","PENDING",""
"I70-009980","predator_(character)","4","Character","282","predator","predator","","プレデター","","yautja","[{""copyright"":""predator_(series)"",""co_posts"":229,""character_coverage"":1.0},{""copyright"":""predator_(1987)"",""co_posts"":159,""character_coverage"":0.694323},{""copyright"":""alien_(series)"",""co_posts"":62,""character_coverage"":0.270742},{""copyright"":""touhou"",""co_posts"":62,""character_coverage"":0.270742},{""copyright"":""alien_vs._predator"",""co_posts"":53,""character_coverage"":0.231441}]","","","PENDING",""
"I70-009981","rerir_(genshin_impact)","4","Character","282","","","","","レリル","","[{""copyright"":""genshin_impact"",""co_posts"":280,""character_coverage"":1.0},{""copyright"":""honkai_(series)"",""co_posts"":5,""character_coverage"":0.017857},{""copyright"":""honkai:_star_rail"",""co_posts"":4,""character_coverage"":0.014286},{""copyright"":""mihoyo"",""co_posts"":3,""character_coverage"":0.010714},{""copyright"":""pokemon"",""co_posts"":2,""character_coverage"":0.007143}]","","","PENDING",""
"I70-009982","rir-chan","4","Character","282","","","","りるちゃん","","","[{""copyright"":""original"",""co_posts"":275,""character_coverage"":1.0},{""copyright"":""kyoufuu_all_back_(vocaloid)"",""co_posts"":2,""character_coverage"":0.007273},{""copyright"":""uber_eats"",""co_posts"":1,""character_coverage"":0.003636}]","","","PENDING",""
"I70-009983","skuld_(aa_megami-sama)","4","Character","282","","","","スクルド","","","[{""copyright"":""aa_megami-sama"",""co_posts"":182,""character_coverage"":1.0},{""copyright"":""megami_magazine"",""co_posts"":10,""character_coverage"":0.054945},{""copyright"":""megami_magazine_deluxe"",""co_posts"":4,""character_coverage"":0.021978},{""copyright"":""tenchi_muyou!"",""co_posts"":2,""character_coverage"":0.010989},{""copyright"":""3x3_eyes"",""co_posts"":1,""character_coverage"":0.005495}]","","","PENDING",""
"I70-009984","sokrates_(touhou)","4","Character","282","","","","ソクラテス","","소크라테스","[{""copyright"":""touhou"",""co_posts"":261,""character_coverage"":1.0},{""copyright"":""touhou_(pc-98)"",""co_posts"":260,""character_coverage"":0.996169},{""copyright"":""phantasmagoria_of_dim.dream"",""co_posts"":39,""character_coverage"":0.149425},{""copyright"":""story_of_eastern_wonderland"",""co_posts"":17,""character_coverage"":0.065134},{""copyright"":""highly_responsive_to_prayers"",""co_posts"":16,""character_coverage"":0.061303}]","","","PENDING",""
"I70-009985","super_sailor_mercury","4","Character","282","","","","スーパーセーラーマーキュリー","","","[{""copyright"":""bishoujo_senshi_sailor_moon"",""co_posts"":270,""character_coverage"":1.0},{""copyright"":""bishoujo_senshi_sailor_moon_supers"",""co_posts"":70,""character_coverage"":0.259259},{""copyright"":""bishoujo_senshi_sailor_moon_stars"",""co_posts"":35,""character_coverage"":0.12963},{""copyright"":""bishoujo_senshi_sailor_moon_crystal"",""co_posts"":8,""character_coverage"":0.02963},{""copyright"":""bishoujo_senshi_sailor_moon_r"",""co_posts"":7,""character_coverage"":0.025926}]","","","PENDING",""
"I70-009986","suzuki_tsudumi","4","Character","282","","","","","すずきつづみ","","[{""copyright"":""cevio"",""co_posts"":266,""character_coverage"":0.996255},{""copyright"":""voiceroid"",""co_posts"":33,""character_coverage"":0.123596},{""copyright"":""vocaloid"",""co_posts"":32,""character_coverage"":0.11985},{""copyright"":""synthesizer_v"",""co_posts"":15,""character_coverage"":0.05618},{""copyright"":""coefont"",""co_posts"":10,""character_coverage"":0.037453}]","","","PENDING",""
"I70-009987","takitsubo_rikou","4","Character","282","","","","","滝壺理后","","[{""copyright"":""toaru_majutsu_no_index"",""co_posts"":242,""character_coverage"":1.0},{""copyright"":""toaru_kagaku_no_railgun"",""co_posts"":97,""character_coverage"":0.400826},{""copyright"":""toaru_majutsu_no_index:_old_testament"",""co_posts"":49,""character_coverage"":0.202479},{""copyright"":""toaru_kagaku_no_railgun_s"",""co_posts"":45,""character_coverage"":0.18595},{""copyright"":""toaru_majutsu_no_index:_new_testament"",""co_posts"":36,""character_coverage"":0.14876}]","","","PENDING",""
"I70-009988","u-1196","4","Character","282","","","","白血球(はたらく細胞BLACK)","白血球U-1196番","U-1996 | U1196","[{""copyright"":""hataraku_saibou"",""co_posts"":264,""character_coverage"":1.0},{""copyright"":""hataraku_saibou_black"",""co_posts"":258,""character_coverage"":0.977273},{""copyright"":""azur_lane"",""co_posts"":2,""character_coverage"":0.007576},{""copyright"":""fate/grand_order"",""co_posts"":2,""character_coverage"":0.007576},{""copyright"":""fate_(series)"",""co_posts"":2,""character_coverage"":0.007576}]","","","PENDING",""
"I70-009989","white_mage_(fft)","4","Character","282","priest_(fft)","priest (fft)","","","ホワイトメイジ（FFT）","","[{""copyright"":""final_fantasy"",""co_posts"":265,""character_coverage"":0.996241},{""copyright"":""final_fantasy_tactics"",""co_posts"":258,""character_coverage"":0.969925},{""copyright"":""mahou_shoujo_madoka_magica"",""co_posts"":3,""character_coverage"":0.011278},{""copyright"":""original"",""co_posts"":3,""character_coverage"":0.011278},{""copyright"":""touhou"",""co_posts"":3,""character_coverage"":0.011278}]","","","PENDING",""
"I70-009990","yang_nari","4","Character","282","","","","ヤン・ナリ","","Nari_Art | 양나리","[{""copyright"":""nijisanji"",""co_posts"":273,""character_coverage"":1.0},{""copyright"":""nijisanji_kr"",""co_posts"":250,""character_coverage"":0.915751},{""copyright"":""nijisanji_en"",""co_posts"":35,""character_coverage"":0.128205},{""copyright"":""nijisanji_koshien"",""co_posts"":13,""character_coverage"":0.047619},{""copyright"":""nijisanji_id"",""co_posts"":7,""character_coverage"":0.025641}]","","","PENDING",""
"I70-009991","altera_the_santa_(fate)","4","Character","281","altera_the_santa","altera the santa","","アルテラ・ザ・サン〔タ〕","阿提拉圣诞","","[{""copyright"":""fate/grand_order"",""co_posts"":278,""character_coverage"":1.0},{""copyright"":""fate_(series)"",""co_posts"":278,""character_coverage"":1.0},{""copyright"":""fate/extra"",""co_posts"":6,""character_coverage"":0.021583},{""copyright"":""fate/extella"",""co_posts"":5,""character_coverage"":0.017986},{""copyright"":""fate/grand_order_arcade"",""co_posts"":4,""character_coverage"":0.014388}]","","","PENDING",""
"I70-009992","asama_tomo","4","Character","281","","","","浅間・智","","","[{""copyright"":""kyoukaisenjou_no_horizon"",""co_posts"":258,""character_coverage"":1.0},{""copyright"":""megami_magazine"",""co_posts"":6,""character_coverage"":0.023256},{""copyright"":""dengeki_g's"",""co_posts"":3,""character_coverage"":0.011628},{""copyright"":""newtype"",""co_posts"":2,""character_coverage"":0.007752},{""copyright"":""original"",""co_posts"":2,""character_coverage"":0.007752}]","","","PENDING",""
"I70-009993","bellezza_felutia","4","Character","281","","","","ベレッツァ_フェルティア","","Bellezza_Felutia","[{""copyright"":""original"",""co_posts"":232,""character_coverage"":1.0},{""copyright"":""hololive"",""co_posts"":25,""character_coverage"":0.107759},{""copyright"":""granblue_fantasy"",""co_posts"":9,""character_coverage"":0.038793},{""copyright"":""hololive_english"",""co_posts"":5,""character_coverage"":0.021552},{""copyright"":""mahou_shoujo_madoka_magica"",""co_posts"":5,""character_coverage"":0.021552}]","","","PENDING",""
"I70-009994","botan_(yu_yu_hakusho)","4","Character","281","","","","ぼたん | ぼたん(幽遊白書)","","","[{""copyright"":""yu_yu_hakusho"",""co_posts"":238,""character_coverage"":1.0},{""copyright"":""bishoujo_senshi_sailor_moon"",""co_posts"":3,""character_coverage"":0.012605},{""copyright"":""one_piece"",""co_posts"":3,""character_coverage"":0.012605},{""copyright"":""dragon_ball"",""co_posts"":2,""character_coverage"":0.008403},{""copyright"":""dragon_ball_z"",""co_posts"":2,""character_coverage"":0.008403}]","","","PENDING",""
"I70-009995","buzzwole","4","Character","281","","","","マッシブーン","","","[{""copyright"":""pokemon"",""co_posts"":270,""character_coverage"":1.0},{""copyright"":""pokemon_sun_and_moon"",""co_posts"":56,""character_coverage"":0.207407},{""copyright"":""original"",""co_posts"":35,""character_coverage"":0.12963},{""copyright"":""pokemon_ultra_sun_and_ultra_moon"",""co_posts"":18,""character_coverage"":0.066667},{""copyright"":""pokemon_sword_and_shield"",""co_posts"":13,""character_coverage"":0.048148}]","","","PENDING",""
"I70-009996","eria_the_water_charmer","4","Character","281","","","","水霊使いエリア","","","[{""copyright"":""yu-gi-oh!"",""co_posts"":256,""character_coverage"":0.996109},{""copyright"":""yu-gi-oh!_duel_monsters"",""co_posts"":31,""character_coverage"":0.120623},{""copyright"":""digimon"",""co_posts"":2,""character_coverage"":0.007782},{""copyright"":""final_fantasy"",""co_posts"":2,""character_coverage"":0.007782},{""copyright"":""final_fantasy_xi"",""co_posts"":2,""character_coverage"":0.007782}]","","","PENDING",""
"I70-009997","gawr_gura_(party_dress)","4","Character","281","gawr_gura_(3rd_costume)","gawr gura (3rd costume)","","","","","[{""copyright"":""hololive"",""co_posts"":268,""character_coverage"":1.0},{""copyright"":""hololive_english"",""co_posts"":268,""character_coverage"":1.0},{""copyright"":""reflect_(gawr_gura)"",""co_posts"":6,""character_coverage"":0.022388},{""copyright"":""hololive_indonesia"",""co_posts"":2,""character_coverage"":0.007463},{""copyright"":""kill_la_kill"",""co_posts"":2,""character_coverage"":0.007463}]","","","PENDING",""
"I70-009998","haruka_karibu","4","Character","281","","","","","Haruka Karibu","HarukArt","[{""copyright"":""vshojo"",""co_posts"":143,""character_coverage"":0.616379},{""copyright"":""indie_virtual_youtuber"",""co_posts"":114,""character_coverage"":0.491379},{""copyright"":""dungeons_&_dragons"",""co_posts"":4,""character_coverage"":0.017241},{""copyright"":""pokemon"",""co_posts"":3,""character_coverage"":0.012931},{""copyright"":""tsunderia"",""co_posts"":3,""character_coverage"":0.012931}]","","","PENDING",""
"I70-009999","healslime","4","Character","281","hoimi_slime","hoimi slime","","ホイミスライム","","","[{""copyright"":""dragon_quest"",""co_posts"":261,""character_coverage"":0.996183},{""copyright"":""dragon_quest_iv"",""co_posts"":69,""character_coverage"":0.263359},{""copyright"":""dragon_quest_v"",""co_posts"":59,""character_coverage"":0.225191},{""copyright"":""dragon_quest_iii"",""co_posts"":49,""character_coverage"":0.187023},{""copyright"":""dragon_quest_x"",""co_posts"":29,""character_coverage"":0.110687}]","","","PENDING",""
"I70-010000","helma_lennartz","4","Character","281","","","","ヘルマ・レンナルツ","","","[{""copyright"":""world_witches_series"",""co_posts"":264,""character_coverage"":1.0},{""copyright"":""strike_witches:_suomus_misfits_squadron"",""co_posts"":263,""character_coverage"":0.996212},{""copyright"":""strike_witches"",""co_posts"":108,""character_coverage"":0.409091},{""copyright"":""brave_witches"",""co_posts"":13,""character_coverage"":0.049242},{""copyright"":""strike_witches_zero"",""co_posts"":12,""character_coverage"":0.045455}]","","","PENDING",""
