"row_id","canonical_tag","category","category_name","post_count","source_aliases","verified_aliases","existing_display_ja","existing_search_ja","existing_candidate_ja","existing_rejected_ja","related_copyright_candidates","display_ja","search_ja","translation_status","translation_note"
"I70-019501","mochizuki_himari","4","Character","117","","","","","餅月ひまり","","[{""copyright"":""uni_create"",""co_posts"":100,""character_coverage"":0.884956},{""copyright"":""indie_virtual_youtuber"",""co_posts"":18,""character_coverage"":0.159292},{""copyright"":""sayonara_wo_oshiete"",""co_posts"":2,""character_coverage"":0.017699},{""copyright"":""muv-luv"",""co_posts"":1,""character_coverage"":0.00885},{""copyright"":""muv-luv_alternative"",""co_posts"":1,""character_coverage"":0.00885}]","","","PENDING",""
"I70-019502","mountain_hare_(kemono_friends)","4","Character","117","","","","","ユキウサギ(けものフレンズ)","","[{""copyright"":""kemono_friends"",""co_posts"":110,""character_coverage"":1.0},{""copyright"":""kemono_friends_3"",""co_posts"":24,""character_coverage"":0.218182},{""copyright"":""kemono_friends_kingdom"",""co_posts"":4,""character_coverage"":0.036364},{""copyright"":""touhou"",""co_posts"":3,""character_coverage"":0.027273},{""copyright"":""ghost_in_the_shell"",""co_posts"":2,""character_coverage"":0.018182}]","","","PENDING",""
"I70-019503","n102_(nikke)","4","Character","117","","","","","N102(勝利の女神:NIKKE)","","[{""copyright"":""goddess_of_victory:_nikke"",""co_posts"":110,""character_coverage"":1.0},{""copyright"":""blue_archive"",""co_posts"":1,""character_coverage"":0.009091},{""copyright"":""bucchigiri?!"",""co_posts"":1,""character_coverage"":0.009091},{""copyright"":""chainsaw_man"",""co_posts"":1,""character_coverage"":0.009091},{""copyright"":""love_je_t'aime"",""co_posts"":1,""character_coverage"":0.009091}]","","","PENDING",""
"I70-019504","nanashi_mumei_(owl)","4","Character","117","","","","","ナナシ・ムメイ（フクロウ）","","[{""copyright"":""hololive"",""co_posts"":117,""character_coverage"":1.0},{""copyright"":""hololive_english"",""co_posts"":117,""character_coverage"":1.0},{""copyright"":""hololive_indonesia"",""co_posts"":26,""character_coverage"":0.222222},{""copyright"":""ratatouille"",""co_posts"":4,""character_coverage"":0.034188},{""copyright"":""harry_potter_(series)"",""co_posts"":3,""character_coverage"":0.025641}]","","","PENDING",""
"I70-019505","narmaya_(holiday)_(granblue_fantasy)","4","Character","117","","","","","ナルマヤ（ホリデー）（グランブルーファンタジー）","","[{""copyright"":""granblue_fantasy"",""co_posts"":114,""character_coverage"":0.991304},{""copyright"":""comiket_97"",""co_posts"":3,""character_coverage"":0.026087}]","","","PENDING",""
"I70-019506","nekobus","4","Character","117","catbus","catbus","","","ネコバス","","[{""copyright"":""tonari_no_totoro"",""co_posts"":106,""character_coverage"":0.963636},{""copyright"":""studio_ghibli"",""co_posts"":36,""character_coverage"":0.327273},{""copyright"":""majo_no_takkyuubin"",""co_posts"":29,""character_coverage"":0.263636},{""copyright"":""tenkuu_no_shiro_laputa"",""co_posts"":19,""character_coverage"":0.172727},{""copyright"":""kaze_no_tani_no_nausicaa"",""co_posts"":18,""character_coverage"":0.163636}]","","","PENDING",""
"I70-019507","nelly_(project_moon)","4","Character","117","","","","","ネリー","","[{""copyright"":""limbus_company"",""co_posts"":112,""character_coverage"":1.0},{""copyright"":""project_moon"",""co_posts"":112,""character_coverage"":1.0},{""copyright"":""original"",""co_posts"":7,""character_coverage"":0.0625},{""copyright"":""library_of_ruina"",""co_posts"":6,""character_coverage"":0.053571},{""copyright"":""kekkai_sensen"",""co_posts"":2,""character_coverage"":0.017857}]","","","PENDING",""
"I70-019508","nerissa_ravencroft_(holonatsu_paradise)","4","Character","117","","","","","","","[{""copyright"":""hololive"",""co_posts"":100,""character_coverage"":1.0},{""copyright"":""hololive_english"",""co_posts"":100,""character_coverage"":1.0},{""copyright"":""shoujo_kakumei_utena"",""co_posts"":1,""character_coverage"":0.01},{""copyright"":""sonic_(series)"",""co_posts"":1,""character_coverage"":0.01},{""copyright"":""sono_bisque_doll_wa_koi_wo_suru"",""co_posts"":1,""character_coverage"":0.01}]","","","PENDING",""
"I70-019509","nincada","4","Character","117","","","","","ツチニン","","[{""copyright"":""pokemon"",""co_posts"":109,""character_coverage"":1.0},{""copyright"":""pokemon_ruby/sapphire/emerald"",""co_posts"":14,""character_coverage"":0.12844},{""copyright"":""pokemon_(anime)"",""co_posts"":6,""character_coverage"":0.055046},{""copyright"":""pokemon_emerald"",""co_posts"":6,""character_coverage"":0.055046},{""copyright"":""pokemon_(classic_anime)"",""co_posts"":5,""character_coverage"":0.045872}]","","","PENDING",""
"I70-019510","ning_rongrong_(douluo_dalu)","4","Character","117","","","","","宁荣荣","","[{""copyright"":""douluo_dalu"",""co_posts"":112,""character_coverage"":1.0}]","","","PENDING",""
"I70-019511","npc_(wuthering_waves)","4","Character","117","","","","","NPC(鸣潮)","","[{""copyright"":""wuthering_waves"",""co_posts"":109,""character_coverage"":1.0},{""copyright"":""cyberpunk:_edgerunners"",""co_posts"":3,""character_coverage"":0.027523},{""copyright"":""cyberpunk_(series)"",""co_posts"":3,""character_coverage"":0.027523}]","","","PENDING",""
"I70-019512","officer_caitlyn","4","Character","117","","","","","警官ケイトリン","","[{""copyright"":""league_of_legends"",""co_posts"":102,""character_coverage"":1.0},{""copyright"":""overwatch"",""co_posts"":1,""character_coverage"":0.009804},{""copyright"":""shin_sangoku_musou"",""co_posts"":1,""character_coverage"":0.009804},{""copyright"":""shin_sangoku_musou_7"",""co_posts"":1,""character_coverage"":0.009804}]","","","PENDING",""
"I70-019513","ogasawara_rinko","4","Character","117","","","","","小笠原綸子","","[{""copyright"":""shirobako"",""co_posts"":108,""character_coverage"":1.0},{""copyright"":""megami_magazine"",""co_posts"":2,""character_coverage"":0.018519},{""copyright"":""animedia"",""co_posts"":1,""character_coverage"":0.009259},{""copyright"":""blue_period"",""co_posts"":1,""character_coverage"":0.009259},{""copyright"":""comiket_88"",""co_posts"":1,""character_coverage"":0.009259}]","","","PENDING",""
"I70-019514","okishiro_momoka_(shin_no_tenpii)","4","Character","117","","","","","インナーカラー彼女","","[{""copyright"":""original"",""co_posts"":111,""character_coverage"":1.0},{""copyright"":""comiket_103"",""co_posts"":1,""character_coverage"":0.009009},{""copyright"":""comiket_104"",""co_posts"":1,""character_coverage"":0.009009},{""copyright"":""comiket_106"",""co_posts"":1,""character_coverage"":0.009009}]","","","PENDING",""
"I70-019515","olivia_(kureiji_ollie)","4","Character","117","","","","","オリビア（クレイジ・オリー）","","[{""copyright"":""hololive"",""co_posts"":113,""character_coverage"":1.0},{""copyright"":""hololive_indonesia"",""co_posts"":113,""character_coverage"":1.0},{""copyright"":""hololive_english"",""co_posts"":8,""character_coverage"":0.070796},{""copyright"":""apex_legends"",""co_posts"":5,""character_coverage"":0.044248},{""copyright"":""holostars"",""co_posts"":4,""character_coverage"":0.035398}]","","","PENDING",""
"I70-019516","onigiri_(vtuber)","4","Character","117","","","","","おにぎり","","[{""copyright"":""indie_virtual_youtuber"",""co_posts"":88,""character_coverage"":1.0},{""copyright"":""vshojo"",""co_posts"":9,""character_coverage"":0.102273},{""copyright"":""vedal_ai"",""co_posts"":4,""character_coverage"":0.045455},{""copyright"":""hololive"",""co_posts"":2,""character_coverage"":0.022727},{""copyright"":""hololive_english"",""co_posts"":2,""character_coverage"":0.022727}]","","","PENDING",""
"I70-019517","ooshima_niina","4","Character","117","","","","","大島二以奈","","[{""copyright"":""heaven_burns_red"",""co_posts"":114,""character_coverage"":1.0},{""copyright"":""key_(company)"",""co_posts"":5,""character_coverage"":0.04386},{""copyright"":""yostar"",""co_posts"":4,""character_coverage"":0.035088},{""copyright"":""angel_beats!"",""co_posts"":1,""character_coverage"":0.008772},{""copyright"":""bishoujo_senshi_sailor_moon"",""co_posts"":1,""character_coverage"":0.008772}]","","","PENDING",""
"I70-019518","ooyodo_(swimsuit)_(kancolle)","4","Character","117","","","","","大淀(水着)","","[{""copyright"":""kantai_collection"",""co_posts"":115,""character_coverage"":1.0},{""copyright"":""fate/grand_order"",""co_posts"":1,""character_coverage"":0.008696},{""copyright"":""fate_(series)"",""co_posts"":1,""character_coverage"":0.008696},{""copyright"":""neon_genesis_evangelion"",""co_posts"":1,""character_coverage"":0.008696}]","","","PENDING",""
"I70-019519","pirate_(sekaiju)","4","Character","117","buccaneer_(sekaiju)","buccaneer (sekaiju)","","","パイレーツ","","[{""copyright"":""sekaiju_no_meikyuu"",""co_posts"":74,""character_coverage"":1.0},{""copyright"":""sekaiju_no_meikyuu_3"",""co_posts"":71,""character_coverage"":0.959459},{""copyright"":""sekaiju_no_meikyuu_hd"",""co_posts"":9,""character_coverage"":0.121622},{""copyright"":""sekaiju_no_meikyuu_2"",""co_posts"":6,""character_coverage"":0.081081},{""copyright"":""sekaiju_no_meikyuu_1"",""co_posts"":5,""character_coverage"":0.067568}]","","","PENDING",""
"I70-019520","poniko_(lielos)","4","Character","117","poni_child,lielos'_ponytailed_girl","lielos' ponytailed girl | poni child","","ポニ子さん","","","[{""copyright"":""original"",""co_posts"":117,""character_coverage"":1.0},{""copyright"":""2channel"",""co_posts"":6,""character_coverage"":0.051282},{""copyright"":""the_king_of_fighters"",""co_posts"":4,""character_coverage"":0.034188},{""copyright"":""lawson"",""co_posts"":3,""character_coverage"":0.025641},{""copyright"":""street_fighter"",""co_posts"":3,""character_coverage"":0.025641}]","","","PENDING",""
"I70-019521","princess_peach_(wedding)","4","Character","117","","","","","","","[{""copyright"":""mario_(series)"",""co_posts"":102,""character_coverage"":1.0},{""copyright"":""super_mario_odyssey"",""co_posts"":90,""character_coverage"":0.882353},{""copyright"":""new_super_mario_bros._u_deluxe"",""co_posts"":8,""character_coverage"":0.078431},{""copyright"":""the_legend_of_zelda"",""co_posts"":6,""character_coverage"":0.058824},{""copyright"":""the_legend_of_zelda:_breath_of_the_wild"",""co_posts"":4,""character_coverage"":0.039216}]","","","PENDING",""
"I70-019522","qiubai_(arknights)","4","Character","117","","","","","チューバイ(アークナイツ)","","[{""copyright"":""arknights"",""co_posts"":108,""character_coverage"":1.0},{""copyright"":""a_deer_of_nine_colors"",""co_posts"":2,""character_coverage"":0.018519},{""copyright"":""monster_hunter_(series)"",""co_posts"":2,""character_coverage"":0.018519},{""copyright"":""rainbow_six_siege"",""co_posts"":2,""character_coverage"":0.018519},{""copyright"":""singin'_in_the_rain"",""co_posts"":2,""character_coverage"":0.018519}]","","","PENDING",""
"I70-019523","qucusaurus_(genshin_impact)","4","Character","117","","","","","クク竜","","[{""copyright"":""genshin_impact"",""co_posts"":113,""character_coverage"":1.0},{""copyright"":""honkai:_star_rail"",""co_posts"":2,""character_coverage"":0.017699},{""copyright"":""honkai_(series)"",""co_posts"":2,""character_coverage"":0.017699},{""copyright"":""mihoyo"",""co_posts"":2,""character_coverage"":0.017699},{""copyright"":""zenless_zone_zero"",""co_posts"":1,""character_coverage"":0.00885}]","","","PENDING",""
"I70-019524","renee_costa","4","Character","117","","","","レネ・コスタ","","","[{""copyright"":""gundam"",""co_posts"":112,""character_coverage"":1.0},{""copyright"":""gundam_suisei_no_majo"",""co_posts"":112,""character_coverage"":1.0},{""copyright"":""shoujo_kageki_revue_starlight"",""co_posts"":2,""character_coverage"":0.017857},{""copyright"":""victory_gundam"",""co_posts"":2,""character_coverage"":0.017857},{""copyright"":""alice's_adventures_in_wonderland"",""co_posts"":1,""character_coverage"":0.008929}]","","","PENDING",""
"I70-019525","reni_milchstrasse","4","Character","117","","","","","レニ・ミルヒシュトラーセ","","[{""copyright"":""sakura_taisen"",""co_posts"":113,""character_coverage"":1.0},{""copyright"":""sakura_taisen_ii"",""co_posts"":93,""character_coverage"":0.823009},{""copyright"":""sega"",""co_posts"":18,""character_coverage"":0.159292},{""copyright"":""sakura_taisen_v"",""co_posts"":16,""character_coverage"":0.141593},{""copyright"":""sakura_taisen_iii"",""co_posts"":13,""character_coverage"":0.115044}]","","","PENDING",""
"I70-019526","saginomiya_isumi","4","Character","117","","","","","鷺ノ宮伊澄","","[{""copyright"":""hayate_no_gotoku!"",""co_posts"":90,""character_coverage"":1.0},{""copyright"":""dead_or_alive"",""co_posts"":1,""character_coverage"":0.011111},{""copyright"":""dead_or_alive_xtreme"",""co_posts"":1,""character_coverage"":0.011111},{""copyright"":""di_gi_charat"",""co_posts"":1,""character_coverage"":0.011111},{""copyright"":""gundam"",""co_posts"":1,""character_coverage"":0.011111}]","","","PENDING",""
"I70-019527","saiki_ittetsu_(1st_costume)","4","Character","117","","","","","","","[{""copyright"":""nijisanji"",""co_posts"":114,""character_coverage"":1.0},{""copyright"":""nijisanji_en"",""co_posts"":5,""character_coverage"":0.04386},{""copyright"":""backrooms_(creepypasta)"",""co_posts"":1,""character_coverage"":0.008772},{""copyright"":""dream_pool"",""co_posts"":1,""character_coverage"":0.008772},{""copyright"":""hololive"",""co_posts"":1,""character_coverage"":0.008772}]","","","PENDING",""
"I70-019528","sakurai_tomoki","4","Character","117","","","","","桜井智樹","","[{""copyright"":""sora_no_otoshimono"",""co_posts"":101,""character_coverage"":1.0},{""copyright"":""newtype"",""co_posts"":10,""character_coverage"":0.09901},{""copyright"":""megami_magazine"",""co_posts"":6,""character_coverage"":0.059406},{""copyright"":""nyantype"",""co_posts"":3,""character_coverage"":0.029703},{""copyright"":""toaru_majutsu_no_index"",""co_posts"":3,""character_coverage"":0.029703}]","","","PENDING",""
"I70-019529","sasaki_touko","4","Character","117","touko_(kurai_ano_ko_to_shitai_koto)","touko (kurai ano ko to shitai koto)","","","佐々木透子","","[{""copyright"":""kurai_ano_ko_to_shitai_koto"",""co_posts"":116,""character_coverage"":1.0},{""copyright"":""original"",""co_posts"":6,""character_coverage"":0.051724}]","","","PENDING",""
"I70-019530","secretary-san_(zannen_onna-kanbu_black_general-san)","4","Character","117","","","","","秘書さん（Zannen Onna-Kanbu Black General-San）","","[{""copyright"":""zannen_onna-kanbu_black_general-san"",""co_posts"":116,""character_coverage"":1.0},{""copyright"":""original"",""co_posts"":35,""character_coverage"":0.301724}]","","","PENDING",""
"I70-019531","seira_(mermaid_melody_pichi_pichi_pitch)","4","Character","117","","","","","星羅","","[{""copyright"":""mermaid_melody_pichi_pichi_pitch"",""co_posts"":94,""character_coverage"":1.0},{""copyright"":""ai_tenshi_densetsu_wedding_peach"",""co_posts"":1,""character_coverage"":0.010638},{""copyright"":""bishoujo_senshi_sailor_moon"",""co_posts"":1,""character_coverage"":0.010638},{""copyright"":""blood+"",""co_posts"":1,""character_coverage"":0.010638},{""copyright"":""comiket_94"",""co_posts"":1,""character_coverage"":0.010638}]","","","PENDING",""
"I70-019532","seth_(fire_emblem)","4","Character","117","","","","","ゼト","","[{""copyright"":""fire_emblem"",""co_posts"":110,""character_coverage"":1.0},{""copyright"":""fire_emblem:_the_sacred_stones"",""co_posts"":109,""character_coverage"":0.990909},{""copyright"":""fire_emblem_heroes"",""co_posts"":18,""character_coverage"":0.163636},{""copyright"":""fire_emblem_awakening"",""co_posts"":5,""character_coverage"":0.045455},{""copyright"":""fire_emblem:_radiant_dawn"",""co_posts"":4,""character_coverage"":0.036364}]","","","PENDING",""
"I70-019533","shalnark","4","Character","117","","","","","シャルナーク","","[{""copyright"":""hunter_x_hunter"",""co_posts"":115,""character_coverage"":1.0},{""copyright"":""sanrio"",""co_posts"":3,""character_coverage"":0.026087},{""copyright"":""the_last_supper"",""co_posts"":3,""character_coverage"":0.026087},{""copyright"":""bishoujo_senshi_sailor_moon"",""co_posts"":1,""character_coverage"":0.008696},{""copyright"":""karigurashi_no_arrietty"",""co_posts"":1,""character_coverage"":0.008696}]","","","PENDING",""
"I70-019534","shigure_(lawson)_(kancolle)","4","Character","117","","","","ローソン時雨 | 時雨(ローソン)","","","[{""copyright"":""kantai_collection"",""co_posts"":117,""character_coverage"":1.0},{""copyright"":""lawson"",""co_posts"":2,""character_coverage"":0.017094},{""copyright"":""comiket_101"",""co_posts"":1,""character_coverage"":0.008547}]","","","PENDING",""
"I70-019535","shino_(housamo)","4","Character","117","","","","","シノ","","[{""copyright"":""tokyo_afterschool_summoners"",""co_posts"":116,""character_coverage"":1.0},{""copyright"":""live_a_hero"",""co_posts"":2,""character_coverage"":0.017241},{""copyright"":""original"",""co_posts"":2,""character_coverage"":0.017241},{""copyright"":""boku_no_hero_academia"",""co_posts"":1,""character_coverage"":0.008621},{""copyright"":""fire_emblem"",""co_posts"":1,""character_coverage"":0.008621}]","","","PENDING",""
"I70-019536","shizuku_(neet-chan)","4","Character","117","","","","","","","[{""copyright"":""shiawasena_neet_no_sodatekata"",""co_posts"":117,""character_coverage"":1.0},{""copyright"":""original"",""co_posts"":32,""character_coverage"":0.273504}]","","","PENDING",""
"I70-019537","shoji_mezo","4","Character","117","shouji_mezou,tentacole_(boku_no_hero_academia)","shouji mezou | tentacole (boku no hero academia)","","","障子目蔵","","[{""copyright"":""boku_no_hero_academia"",""co_posts"":112,""character_coverage"":1.0},{""copyright"":""among_us"",""co_posts"":1,""character_coverage"":0.008929},{""copyright"":""animal_crossing"",""co_posts"":1,""character_coverage"":0.008929},{""copyright"":""berserk"",""co_posts"":1,""character_coverage"":0.008929},{""copyright"":""choo_choo_train"",""co_posts"":1,""character_coverage"":0.008929}]","","","PENDING",""
"I70-019538","silvia_van_hossen","4","Character","117","","","","","シルヴィア=ファン・ホッセン","","[{""copyright"":""princess_lover"",""co_posts"":81,""character_coverage"":1.0},{""copyright"":""megami_magazine"",""co_posts"":3,""character_coverage"":0.037037},{""copyright"":""walkure_romanze"",""co_posts"":3,""character_coverage"":0.037037},{""copyright"":""nyantype"",""co_posts"":1,""character_coverage"":0.012346}]","","","PENDING",""
"I70-019539","simon_(iron_lung)","4","Character","117","","","","","","","[{""copyright"":""iron_lung_(movie)"",""co_posts"":111,""character_coverage"":1.0},{""copyright"":""project_hail_mary"",""co_posts"":13,""character_coverage"":0.117117},{""copyright"":""original"",""co_posts"":2,""character_coverage"":0.018018},{""copyright"":""my_little_pony"",""co_posts"":1,""character_coverage"":0.009009},{""copyright"":""my_little_pony:_friendship_is_magic"",""co_posts"":1,""character_coverage"":0.009009}]","","","PENDING",""
"I70-019540","sonetto_(parade_anthem)_(reverse:1999)","4","Character","117","","","","","十四行诗(巡礼颂)","","[{""copyright"":""reverse:1999"",""co_posts"":117,""character_coverage"":1.0},{""copyright"":""ipstar"",""co_posts"":3,""character_coverage"":0.025641}]","","","PENDING",""
"I70-019541","spider-man_noir","4","Character","117","","","","","スパイダーマン・ノワール","","[{""copyright"":""marvel"",""co_posts"":105,""character_coverage"":1.0},{""copyright"":""spider-man_(series)"",""co_posts"":105,""character_coverage"":1.0},{""copyright"":""spider-verse"",""co_posts"":93,""character_coverage"":0.885714},{""copyright"":""spider-man:_into_the_spider-verse"",""co_posts"":72,""character_coverage"":0.685714},{""copyright"":""spider-man:_across_the_spider-verse"",""co_posts"":18,""character_coverage"":0.171429}]","","","PENDING",""
"I70-019542","spore_(ragnarok_online)","4","Character","117","","","","","胞子（ラグナロクオンライン）","","[{""copyright"":""ragnarok_online"",""co_posts"":111,""character_coverage"":1.0},{""copyright"":""ragnarok_masters"",""co_posts"":4,""character_coverage"":0.036036},{""copyright"":""fate/stay_night"",""co_posts"":1,""character_coverage"":0.009009},{""copyright"":""fate_(series)"",""co_posts"":1,""character_coverage"":0.009009},{""copyright"":""hololive"",""co_posts"":1,""character_coverage"":0.009009}]","","","PENDING",""
"I70-019543","st._louis_(an_afternoon_on_the_lido_deck)_(azur_lane)","4","Character","117","","","","","プールデッキ・アフタヌーン","","[{""copyright"":""azur_lane"",""co_posts"":104,""character_coverage"":1.0}]","","","PENDING",""
"I70-019544","stella_(gnosia)","4","Character","117","","","","","ステラ","","[{""copyright"":""gnosia"",""co_posts"":112,""character_coverage"":1.0},{""copyright"":""danganronpa_(series)"",""co_posts"":2,""character_coverage"":0.017857},{""copyright"":""comiket_107"",""co_posts"":1,""character_coverage"":0.008929},{""copyright"":""splatoon_(series)"",""co_posts"":1,""character_coverage"":0.008929}]","","","PENDING",""
"I70-019545","tabris-xx","4","Character","117","","","","","タブリスXX","","[{""copyright"":""neon_genesis_evangelion"",""co_posts"":113,""character_coverage"":1.0},{""copyright"":""angel_chromosome_xx"",""co_posts"":110,""character_coverage"":0.973451},{""copyright"":""neon_genesis_evangelion_gakuen_datenroku"",""co_posts"":3,""character_coverage"":0.026549},{""copyright"":""original"",""co_posts"":3,""character_coverage"":0.026549},{""copyright"":""rebuild_of_evangelion"",""co_posts"":3,""character_coverage"":0.026549}]","","","PENDING",""
"I70-019546","tira_misu","4","Character","117","","","","","ティラ・ミス","","[{""copyright"":""bakuretsu_hunters"",""co_posts"":109,""character_coverage"":1.0},{""copyright"":""slayers"",""co_posts"":5,""character_coverage"":0.045872},{""copyright"":""blue_seed"",""co_posts"":3,""character_coverage"":0.027523},{""copyright"":""code_geass"",""co_posts"":3,""character_coverage"":0.027523},{""copyright"":""gundam"",""co_posts"":3,""character_coverage"":0.027523}]","","","PENDING",""
"I70-019547","tsukuyomi_shinshi_(kemono_friends)","4","Character","117","","","","","ツクヨミノシンシ(けものフレンズ)","","[{""copyright"":""kemono_friends"",""co_posts"":107,""character_coverage"":1.0},{""copyright"":""kemono_friends_3"",""co_posts"":45,""character_coverage"":0.420561},{""copyright"":""gundam"",""co_posts"":2,""character_coverage"":0.018692},{""copyright"":""hi_no_tori"",""co_posts"":2,""character_coverage"":0.018692},{""copyright"":""kemono_friends_v_project"",""co_posts"":2,""character_coverage"":0.018692}]","","","PENDING",""
"I70-019548","ukai_zero","4","Character","117","","","","","宇海零","","[{""copyright"":""tobaku_haouden_zero"",""co_posts"":100,""character_coverage"":1.0},{""copyright"":""fukumoto_mahjong"",""co_posts"":61,""character_coverage"":0.61},{""copyright"":""akagi:_yami_ni_oritatta_tensai"",""co_posts"":56,""character_coverage"":0.56},{""copyright"":""tobaku_mokushiroku_kaiji"",""co_posts"":42,""character_coverage"":0.42},{""copyright"":""buraiden_gai"",""co_posts"":40,""character_coverage"":0.4}]","","","PENDING",""
"I70-019549","unown_p","4","Character","117","","","","","アンノーンP","","[{""copyright"":""pokemon"",""co_posts"":109,""character_coverage"":1.0},{""copyright"":""pokemon_(anime)"",""co_posts"":9,""character_coverage"":0.082569},{""copyright"":""pokemon_gold/silver/crystal"",""co_posts"":8,""character_coverage"":0.073394},{""copyright"":""pokemon_(classic_anime)"",""co_posts"":7,""character_coverage"":0.06422},{""copyright"":""pokemon_heartgold_and_soulsilver"",""co_posts"":7,""character_coverage"":0.06422}]","","","PENDING",""
"I70-019550","usapyon","4","Character","117","","","","","USAピョン","","[{""copyright"":""youkai_watch"",""co_posts"":112,""character_coverage"":0.982456},{""copyright"":""youkai_watch_3"",""co_posts"":52,""character_coverage"":0.45614},{""copyright"":""youkai_watch_2"",""co_posts"":6,""character_coverage"":0.052632},{""copyright"":""youkai_watch_shadowside"",""co_posts"":3,""character_coverage"":0.026316},{""copyright"":""final_fantasy"",""co_posts"":2,""character_coverage"":0.017544}]","","","PENDING",""
"I70-019551","yamashiro_(retrofit)_(azur_lane)","4","Character","117","","","","","","","[{""copyright"":""azur_lane"",""co_posts"":115,""character_coverage"":1.0},{""copyright"":""comiket_101"",""co_posts"":1,""character_coverage"":0.008696},{""copyright"":""comiket_94"",""co_posts"":1,""character_coverage"":0.008696},{""copyright"":""kantai_collection"",""co_posts"":1,""character_coverage"":0.008696}]","","","PENDING",""
"I70-019552","yonebayashi_saiko","4","Character","117","","","","","米林才子","","[{""copyright"":""tokyo_ghoul"",""co_posts"":115,""character_coverage"":1.0},{""copyright"":""tokyo_ghoul:re"",""co_posts"":104,""character_coverage"":0.904348},{""copyright"":""beauty_and_the_beast_(disney)"",""co_posts"":2,""character_coverage"":0.017391},{""copyright"":""little_red_riding_hood_(fairy_tale)"",""co_posts"":2,""character_coverage"":0.017391},{""copyright"":""sleeping_beauty_(fairy_tale)"",""co_posts"":2,""character_coverage"":0.017391}]","","","PENDING",""
"I70-019553","zhao_linger","4","Character","117","","","","","赵灵儿","","[{""copyright"":""xianjian_qixia_zhuan"",""co_posts"":114,""character_coverage"":1.0},{""copyright"":""goodsmile_company"",""co_posts"":1,""character_coverage"":0.008772}]","","","PENDING",""
"I70-019554","achakura","4","Character","116","","","","","あちゃくらさん","","[{""copyright"":""suzumiya_haruhi_no_yuuutsu"",""co_posts"":104,""character_coverage"":1.0},{""copyright"":""suzumiya_haruhi-chan_no_yuuutsu"",""co_posts"":102,""character_coverage"":0.980769},{""copyright"":""suzumiya_haruhi_no_shoushitsu"",""co_posts"":10,""character_coverage"":0.096154},{""copyright"":""clannad"",""co_posts"":2,""character_coverage"":0.019231},{""copyright"":""k-on!"",""co_posts"":2,""character_coverage"":0.019231}]","","","PENDING",""
"I70-019555","aerith_gainsborough_(floral_delight)","4","Character","116","","","","","フローラルソレイユ","","[{""copyright"":""final_fantasy"",""co_posts"":104,""character_coverage"":1.0},{""copyright"":""final_fantasy_vii"",""co_posts"":104,""character_coverage"":1.0},{""copyright"":""final_fantasy_vii_remake"",""co_posts"":103,""character_coverage"":0.990385},{""copyright"":""final_fantasy_vii_rebirth"",""co_posts"":102,""character_coverage"":0.980769},{""copyright"":""crisis_core:_final_fantasy_vii"",""co_posts"":6,""character_coverage"":0.057692}]","","","PENDING",""
"I70-019556","ak-47_(girls'_frontline)","4","Character","116","ak47_(girls'_frontline),ak47_(girls_frontline)","ak47 (girls frontline) | ak47 (girls' frontline)","","AK-47(ドールズフロントライン)","AK-47(少女前線)","","[{""copyright"":""girls'_frontline"",""co_posts"":106,""character_coverage"":1.0},{""copyright"":""counter-strike_(series)"",""co_posts"":3,""character_coverage"":0.028302},{""copyright"":""counter-strike_2"",""co_posts"":3,""character_coverage"":0.028302},{""copyright"":""girls'_frontline_2:_exilium"",""co_posts"":2,""character_coverage"":0.018868},{""copyright"":""metal_gear_(series)"",""co_posts"":2,""character_coverage"":0.018868}]","","","PENDING",""
"I70-019557","akasaka_miyuki","4","Character","116","","","","","赤坂美雪","","[{""copyright"":""higurashi_no_naku_koro_ni"",""co_posts"":113,""character_coverage"":1.0},{""copyright"":""higurashi_no_naku_koro_ni_mei"",""co_posts"":109,""character_coverage"":0.964602},{""copyright"":""alice's_adventures_in_wonderland"",""co_posts"":1,""character_coverage"":0.00885},{""copyright"":""suzumiya_haruhi_no_yuuutsu"",""co_posts"":1,""character_coverage"":0.00885},{""copyright"":""umineko_no_naku_koro_ni"",""co_posts"":1,""character_coverage"":0.00885}]","","","PENDING",""
"I70-019558","amamiya_manami","4","Character","116","","","","","天宮学美","","[{""copyright"":""gakuen_utopia_manabi_straight!"",""co_posts"":89,""character_coverage"":1.0},{""copyright"":""megami_magazine"",""co_posts"":5,""character_coverage"":0.05618},{""copyright"":""newtype"",""co_posts"":4,""character_coverage"":0.044944},{""copyright"":""dog_days"",""co_posts"":1,""character_coverage"":0.011236},{""copyright"":""hayate_no_gotoku!"",""co_posts"":1,""character_coverage"":0.011236}]","","","PENDING",""
"I70-019559","angel_(drag-on_dragoon)","4","Character","116","angelus","angelus","","","アンヘル(DOD)","","[{""copyright"":""drag-on_dragoon"",""co_posts"":102,""character_coverage"":1.0},{""copyright"":""drag-on_dragoon_1"",""co_posts"":95,""character_coverage"":0.931373},{""copyright"":""drag-on_dragoon_2"",""co_posts"":18,""character_coverage"":0.176471},{""copyright"":""drag-on_dragoon_3"",""co_posts"":12,""character_coverage"":0.117647},{""copyright"":""nier_(series)"",""co_posts"":11,""character_coverage"":0.107843}]","","","PENDING",""
"I70-019560","anoko_(chiikawa)","4","Character","116","","","","","あのこ(ちいかわ)","","[{""copyright"":""chiikawa"",""co_posts"":111,""character_coverage"":1.0},{""copyright"":""dungeon_meshi"",""co_posts"":3,""character_coverage"":0.027027},{""copyright"":""overwatch"",""co_posts"":2,""character_coverage"":0.018018},{""copyright"":""vocaloid"",""co_posts"":2,""character_coverage"":0.018018},{""copyright"":""alien_stage"",""co_posts"":1,""character_coverage"":0.009009}]","","","PENDING",""
"I70-019561","aoi_nadeshiko","4","Character","116","","","","","藍井撫子","","[{""copyright"":""gakuen_idolmaster"",""co_posts"":112,""character_coverage"":1.0},{""copyright"":""idolmaster"",""co_posts"":112,""character_coverage"":1.0},{""copyright"":""idolmaster_shiny_colors"",""co_posts"":2,""character_coverage"":0.017857},{""copyright"":""campus_mode!!_(idolmaster)"",""co_posts"":1,""character_coverage"":0.008929},{""copyright"":""comiket_107"",""co_posts"":1,""character_coverage"":0.008929}]","","","PENDING",""
"I70-019562","aquarius_camus","4","Character","116","","","","","水瓶座のカミュ","","[{""copyright"":""saint_seiya"",""co_posts"":109,""character_coverage"":1.0},{""copyright"":""saint_seiya:_the_lost_canvas"",""co_posts"":4,""character_coverage"":0.036697},{""copyright"":""saint_seiya_omega"",""co_posts"":3,""character_coverage"":0.027523},{""copyright"":""mahou_shoujo_madoka_magica"",""co_posts"":2,""character_coverage"":0.018349},{""copyright"":""mahou_shoujo_madoka_magica_(anime)"",""co_posts"":2,""character_coverage"":0.018349}]","","","PENDING",""
"I70-019563","arue_(konosuba)","4","Character","116","","","","","あるえ(このすば)","","[{""copyright"":""kono_subarashii_sekai_ni_shukufuku_wo!"",""co_posts"":109,""character_coverage"":1.0},{""copyright"":""konosuba!_fantastic_days"",""co_posts"":37,""character_coverage"":0.33945},{""copyright"":""kono_subarashii_sekai_ni_bakuen_wo!"",""co_posts"":29,""character_coverage"":0.266055},{""copyright"":""toaru_kagaku_no_railgun"",""co_posts"":3,""character_coverage"":0.027523},{""copyright"":""toaru_majutsu_no_index"",""co_posts"":3,""character_coverage"":0.027523}]","","","PENDING",""
"I70-019564","aventurine_(final_victor)_(honkai:_star_rail)","4","Character","116","","","","","","","[{""copyright"":""honkai:_star_rail"",""co_posts"":115,""character_coverage"":1.0},{""copyright"":""honkai_(series)"",""co_posts"":115,""character_coverage"":1.0},{""copyright"":""monitoring_(vocaloid)"",""co_posts"":5,""character_coverage"":0.043478},{""copyright"":""squid_game"",""co_posts"":1,""character_coverage"":0.008696}]","","","PENDING",""
"I70-019565","bardiche_(riot_zanber_stinger)_(nanoha)","4","Character","116","bardiche_(riot_zanber_stinger)","bardiche (riot zanber stinger)","","","ライオットザンバー・スティンガー","","[{""copyright"":""lyrical_nanoha"",""co_posts"":114,""character_coverage"":1.0},{""copyright"":""mahou_shoujo_lyrical_nanoha_strikers"",""co_posts"":112,""character_coverage"":0.982456},{""copyright"":""mahou_shoujo_lyrical_nanoha"",""co_posts"":13,""character_coverage"":0.114035},{""copyright"":""mahou_shoujo_lyrical_nanoha_a's"",""co_posts"":8,""character_coverage"":0.070175},{""copyright"":""mahou_shoujo_lyrical_nanoha_the_movie_2nd_a's"",""co_posts"":2,""character_coverage"":0.017544}]","","","PENDING",""
"I70-019566","blue_cat_(precure)","4","Character","116","","","","","ブルーキャット","","[{""copyright"":""precure"",""co_posts"":109,""character_coverage"":1.0},{""copyright"":""star_twinkle_precure"",""co_posts"":109,""character_coverage"":1.0},{""copyright"":""doraemon"",""co_posts"":1,""character_coverage"":0.009174},{""copyright"":""kirakira_precure_a_la_mode"",""co_posts"":1,""character_coverage"":0.009174}]","","","PENDING",""
"I70-019567","capsakid","4","Character","116","","","","","カプサイジ","","[{""copyright"":""pokemon"",""co_posts"":107,""character_coverage"":1.0},{""copyright"":""pokemon_scarlet_and_violet"",""co_posts"":21,""character_coverage"":0.196262},{""copyright"":""pokemon_tcg"",""co_posts"":9,""character_coverage"":0.084112},{""copyright"":""original"",""co_posts"":3,""character_coverage"":0.028037},{""copyright"":""pokemon_(anime)"",""co_posts"":3,""character_coverage"":0.028037}]","","","PENDING",""
"I70-019568","caspar_von_bergliez_(timeskip)","4","Character","116","","","","","","","[{""copyright"":""fire_emblem"",""co_posts"":112,""character_coverage"":1.0},{""copyright"":""fire_emblem:_three_houses"",""co_posts"":112,""character_coverage"":1.0},{""copyright"":""fire_emblem_heroes"",""co_posts"":2,""character_coverage"":0.017857},{""copyright"":""fire_emblem:_radiant_dawn"",""co_posts"":1,""character_coverage"":0.008929},{""copyright"":""fire_emblem_cipher"",""co_posts"":1,""character_coverage"":0.008929}]","","","PENDING",""
"I70-019569","chiaki_riko","4","Character","116","","","","","千秋理子","","[{""copyright"":""mahou_shoujo_madoka_magica"",""co_posts"":101,""character_coverage"":1.0},{""copyright"":""magia_record:_mahou_shoujo_madoka_magica_gaiden"",""co_posts"":99,""character_coverage"":0.980198},{""copyright"":""mahou_shoujo_madoka_magica_magia_exedra"",""co_posts"":9,""character_coverage"":0.089109},{""copyright"":""mahou_shoujo_oriko_magica"",""co_posts"":6,""character_coverage"":0.059406},{""copyright"":""mahou_shoujo_tart_magica"",""co_posts"":5,""character_coverage"":0.049505}]","","","PENDING",""
"I70-019570","chirico_cuvie","4","Character","116","","","","","キリコ・キュービィ","","[{""copyright"":""soukou_kihei_votoms"",""co_posts"":107,""character_coverage"":1.0},{""copyright"":""gundam"",""co_posts"":11,""character_coverage"":0.102804},{""copyright"":""super_robot_wars"",""co_posts"":7,""character_coverage"":0.065421},{""copyright"":""sunrise_(company)"",""co_posts"":6,""character_coverage"":0.056075},{""copyright"":""ip_police_tsuduki-chan"",""co_posts"":5,""character_coverage"":0.046729}]","","","PENDING",""
"I70-019571","cia_(hyrule_warriors)","4","Character","116","cia_(zelda_musou)","cia (zelda musou)","","","シア","","[{""copyright"":""hyrule_warriors"",""co_posts"":101,""character_coverage"":1.0},{""copyright"":""the_legend_of_zelda"",""co_posts"":101,""character_coverage"":1.0},{""copyright"":""the_legend_of_zelda:_ocarina_of_time"",""co_posts"":7,""character_coverage"":0.069307},{""copyright"":""the_legend_of_zelda:_twilight_princess"",""co_posts"":7,""character_coverage"":0.069307},{""copyright"":""the_legend_of_zelda:_skyward_sword"",""co_posts"":6,""character_coverage"":0.059406}]","","","PENDING",""
"I70-019572","clarence_clayden_(godheim)","4","Character","116","","","","","司岚冕下","","[{""copyright"":""lovebrush_chronicles"",""co_posts"":113,""character_coverage"":1.0},{""copyright"":""arknights"",""co_posts"":1,""character_coverage"":0.00885},{""copyright"":""rapunzel_(fairy_tale)"",""co_posts"":1,""character_coverage"":0.00885}]","","","PENDING",""
"I70-019573","cologne_(ranma_1/2)","4","Character","116","","","","","コロン(らんま1/2)","","[{""copyright"":""ranma_1/2"",""co_posts"":109,""character_coverage"":1.0},{""copyright"":""tonari_no_totoro"",""co_posts"":3,""character_coverage"":0.027523},{""copyright"":""urusei_yatsura"",""co_posts"":3,""character_coverage"":0.027523},{""copyright"":""chibi_maruko-chan"",""co_posts"":2,""character_coverage"":0.018349},{""copyright"":""doraemon"",""co_posts"":2,""character_coverage"":0.018349}]","","","PENDING",""
"I70-019574","daniela_dimitrescu","4","Character","116","","","","","ダニエラ・ドミトレスク","","[{""copyright"":""resident_evil"",""co_posts"":102,""character_coverage"":1.0},{""copyright"":""resident_evil_village"",""co_posts"":101,""character_coverage"":0.990196},{""copyright"":""capcom"",""co_posts"":7,""character_coverage"":0.068627},{""copyright"":""demento"",""co_posts"":4,""character_coverage"":0.039216},{""copyright"":""chainsaw_man"",""co_posts"":3,""character_coverage"":0.029412}]","","","PENDING",""
"I70-019575","dark_hunter_4","4","Character","116","","","","","ドリ子","","[{""copyright"":""sekaiju_no_meikyuu"",""co_posts"":80,""character_coverage"":1.0},{""copyright"":""sekaiju_no_meikyuu_1"",""co_posts"":65,""character_coverage"":0.8125},{""copyright"":""sekaiju_no_meikyuu_2"",""co_posts"":12,""character_coverage"":0.15},{""copyright"":""7th_dragon"",""co_posts"":2,""character_coverage"":0.025},{""copyright"":""7th_dragon_(series)"",""co_posts"":2,""character_coverage"":0.025}]","","","PENDING",""
"I70-019576","darwin_watterson","4","Character","116","","","","","达文","","[{""copyright"":""the_amazing_world_of_gumball"",""co_posts"":82,""character_coverage"":1.0},{""copyright"":""pokemon"",""co_posts"":10,""character_coverage"":0.121951},{""copyright"":""adventure_time"",""co_posts"":9,""character_coverage"":0.109756},{""copyright"":""cartoon_network"",""co_posts"":7,""character_coverage"":0.085366},{""copyright"":""kirby_(series)"",""co_posts"":7,""character_coverage"":0.085366}]","","","PENDING",""
"I70-019577","eden_(degrees_of_lewdity)","4","Character","116","","","","","","","[{""copyright"":""degrees_of_lewdity"",""co_posts"":93,""character_coverage"":1.0},{""copyright"":""original"",""co_posts"":16,""character_coverage"":0.172043},{""copyright"":""buckshot_roulette"",""co_posts"":2,""character_coverage"":0.021505},{""copyright"":""grizzly_ni_osowaretara"",""co_posts"":1,""character_coverage"":0.010753}]","","","PENDING",""
"I70-019578","ekaterina_kurae","4","Character","116","","","","","エカテリーナ=クラエ","","[{""copyright"":""seikon_no_qwaser"",""co_posts"":69,""character_coverage"":1.0},{""copyright"":""megami_magazine"",""co_posts"":5,""character_coverage"":0.072464},{""copyright"":""fate_(series)"",""co_posts"":3,""character_coverage"":0.043478},{""copyright"":""k-on!"",""co_posts"":3,""character_coverage"":0.043478},{""copyright"":""queen's_blade"",""co_posts"":3,""character_coverage"":0.043478}]","","","PENDING",""
"I70-019579","eltnum_(under_night_in-birth)","4","Character","116","","","","","エルトナム","","[{""copyright"":""under_night_in-birth"",""co_posts"":100,""character_coverage"":0.990099},{""copyright"":""tsukihime"",""co_posts"":29,""character_coverage"":0.287129},{""copyright"":""melty_blood"",""co_posts"":28,""character_coverage"":0.277228},{""copyright"":""akatsuki_blitzkampf"",""co_posts"":6,""character_coverage"":0.059406},{""copyright"":""fate/grand_order"",""co_posts"":5,""character_coverage"":0.049505}]","","","PENDING",""
"I70-019580","ember_(arknights)","4","Character","116","","","","","エンバー","","[{""copyright"":""arknights"",""co_posts"":104,""character_coverage"":1.0},{""copyright"":""arknights:_endfield"",""co_posts"":103,""character_coverage"":0.990385},{""copyright"":""hololive"",""co_posts"":2,""character_coverage"":0.019231},{""copyright"":""hololive_english"",""co_posts"":2,""character_coverage"":0.019231},{""copyright"":""elden_ring"",""co_posts"":1,""character_coverage"":0.009615}]","","","PENDING",""
"I70-019581","exdeath","4","Character","116","","","","","エクスデス","","[{""copyright"":""final_fantasy"",""co_posts"":95,""character_coverage"":0.989583},{""copyright"":""final_fantasy_v"",""co_posts"":91,""character_coverage"":0.947917},{""copyright"":""dissidia_final_fantasy"",""co_posts"":43,""character_coverage"":0.447917},{""copyright"":""final_fantasy_iv"",""co_posts"":38,""character_coverage"":0.395833},{""copyright"":""final_fantasy_vi"",""co_posts"":36,""character_coverage"":0.375}]","","","PENDING",""
"I70-019582","fandead_(uruha_rushia)","4","Character","116","","","","","ファンディード（ウルハ・ラシア）","","[{""copyright"":""hololive"",""co_posts"":109,""character_coverage"":0.990909},{""copyright"":""indie_virtual_youtuber"",""co_posts"":2,""character_coverage"":0.018182},{""copyright"":""mcdonald's"",""co_posts"":1,""character_coverage"":0.009091},{""copyright"":""monster_hunter_(series)"",""co_posts"":1,""character_coverage"":0.009091},{""copyright"":""monster_hunter_rise"",""co_posts"":1,""character_coverage"":0.009091}]","","","PENDING",""
"I70-019583","ghostblade_(to_be_hero_x)","4","Character","116","","","","","ワン・イー","","[{""copyright"":""to_be_hero_x"",""co_posts"":114,""character_coverage"":1.0},{""copyright"":""pokemon"",""co_posts"":1,""character_coverage"":0.008772}]","","","PENDING",""
"I70-019584","gotcha!_girl_(pokemon)","4","Character","116","","","","","ゴッチャ！女の子（ポケモン）","","[{""copyright"":""gotcha!"",""co_posts"":115,""character_coverage"":1.0},{""copyright"":""pokemon"",""co_posts"":115,""character_coverage"":1.0},{""copyright"":""pokemon_black_and_white"",""co_posts"":8,""character_coverage"":0.069565},{""copyright"":""pokemon_firered_and_leafgreen"",""co_posts"":8,""character_coverage"":0.069565},{""copyright"":""pokemon_x_and_y"",""co_posts"":8,""character_coverage"":0.069565}]","","","PENDING",""
"I70-019585","grumpig","4","Character","116","","","","","ブーピッグ","","[{""copyright"":""pokemon"",""co_posts"":101,""character_coverage"":1.0},{""copyright"":""pokemon_ruby/sapphire/emerald"",""co_posts"":13,""character_coverage"":0.128713},{""copyright"":""pokemon_(anime)"",""co_posts"":6,""character_coverage"":0.059406},{""copyright"":""pokemon_emerald"",""co_posts"":6,""character_coverage"":0.059406},{""copyright"":""pokemon_(classic_anime)"",""co_posts"":5,""character_coverage"":0.049505}]","","","PENDING",""
"I70-019586","gundou_mirei_(1st_costume)","4","Character","116","","","","","郡道美玲(旧衣装)","","[{""copyright"":""nijisanji"",""co_posts"":110,""character_coverage"":1.0},{""copyright"":""indie_virtual_youtuber"",""co_posts"":2,""character_coverage"":0.018182},{""copyright"":""bayonetta_(series)"",""co_posts"":1,""character_coverage"":0.009091},{""copyright"":""fullmetal_alchemist"",""co_posts"":1,""character_coverage"":0.009091},{""copyright"":""game_club_project"",""co_posts"":1,""character_coverage"":0.009091}]","","","PENDING",""
"I70-019587","harukawa_fuki","4","Character","116","","","","","春川フキ","","[{""copyright"":""lycoris_recoil"",""co_posts"":115,""character_coverage"":1.0},{""copyright"":""hololive"",""co_posts"":2,""character_coverage"":0.017391},{""copyright"":""magia_record:_mahou_shoujo_madoka_magica_gaiden"",""co_posts"":2,""character_coverage"":0.017391},{""copyright"":""mahou_shoujo_madoka_magica"",""co_posts"":2,""character_coverage"":0.017391},{""copyright"":""disneyland"",""co_posts"":1,""character_coverage"":0.008696}]","","","PENDING",""
"I70-019588","hatsune_miku_(ribbon_girl)","4","Character","116","ribbon_girl_(module)","ribbon girl (module)","","","リボンガール","","[{""copyright"":""vocaloid"",""co_posts"":110,""character_coverage"":1.0},{""copyright"":""project_diva_(series)"",""co_posts"":107,""character_coverage"":0.972727},{""copyright"":""project_diva_f"",""co_posts"":35,""character_coverage"":0.318182},{""copyright"":""cat_food_(vocaloid)"",""co_posts"":4,""character_coverage"":0.036364},{""copyright"":""acute_(vocaloid)"",""co_posts"":3,""character_coverage"":0.027273}]","","","PENDING",""
"I70-019589","healer_girl_(yuuhagi_(amaretto-no-natsu))","4","Character","116","","","","","ヒーラーガール（ユハギ（アマレットノツナツ））","","[{""copyright"":""original"",""co_posts"":116,""character_coverage"":1.0}]","","","PENDING",""
"I70-019590","hinata_chinatsu","4","Character","116","","","","","日向千夏","","[{""copyright"":""ongeki"",""co_posts"":104,""character_coverage"":1.0},{""copyright"":""chunithm"",""co_posts"":5,""character_coverage"":0.048077},{""copyright"":""blue_archive"",""co_posts"":2,""character_coverage"":0.019231},{""copyright"":""arcaea"",""co_posts"":1,""character_coverage"":0.009615},{""copyright"":""bang_dream!"",""co_posts"":1,""character_coverage"":0.009615}]","","","PENDING",""
"I70-019591","hino_eiji","4","Character","116","","","","","火野映司","","[{""copyright"":""kamen_rider"",""co_posts"":106,""character_coverage"":1.0},{""copyright"":""kamen_rider_ooo_(series)"",""co_posts"":106,""character_coverage"":1.0},{""copyright"":""kamen_rider_w"",""co_posts"":9,""character_coverage"":0.084906},{""copyright"":""kamen_rider_fourze_(series)"",""co_posts"":8,""character_coverage"":0.075472},{""copyright"":""kamen_rider_gaim_(series)"",""co_posts"":8,""character_coverage"":0.075472}]","","","PENDING",""
"I70-019592","hk416_(midnight_evangelion)_(girls'_frontline)","4","Character","116","","","","","HK416（ミッドナイトエヴァンゲリオン）（女の子の最前線）","","[{""copyright"":""girls'_frontline"",""co_posts"":111,""character_coverage"":1.0},{""copyright"":""girls'_frontline_2:_exilium"",""co_posts"":1,""character_coverage"":0.009009},{""copyright"":""girls'_frontline_neural_cloud"",""co_posts"":1,""character_coverage"":0.009009},{""copyright"":""gundam"",""co_posts"":1,""character_coverage"":0.009009},{""copyright"":""neon_genesis_evangelion"",""co_posts"":1,""character_coverage"":0.009009}]","","","PENDING",""
"I70-019593","ibuki_(senran_kagura)","4","Character","116","","","","","伊吹(閃乱カグラ)","","[{""copyright"":""senran_kagura"",""co_posts"":116,""character_coverage"":1.0},{""copyright"":""senran_kagura_new_wave"",""co_posts"":98,""character_coverage"":0.844828},{""copyright"":""senran_kagura_new_link"",""co_posts"":15,""character_coverage"":0.12931},{""copyright"":""to_love-ru"",""co_posts"":2,""character_coverage"":0.017241},{""copyright"":""to_love-ru_darkness"",""co_posts"":2,""character_coverage"":0.017241}]","","","PENDING",""
"I70-019594","ichi_(madan_no_ichi)","4","Character","116","","","","","イチ(魔男のイチ)","","[{""copyright"":""madan_no_ichi"",""co_posts"":110,""character_coverage"":1.0},{""copyright"":""pokemon"",""co_posts"":4,""character_coverage"":0.036364},{""copyright"":""mairimashita!_iruma-kun"",""co_posts"":3,""character_coverage"":0.027273},{""copyright"":""shounen_jump"",""co_posts"":3,""character_coverage"":0.027273},{""copyright"":""kimetsu_no_yaiba"",""co_posts"":2,""character_coverage"":0.018182}]","","","PENDING",""
"I70-019595","ishmael_(the_pequod)_(project_moon)","4","Character","116","","","","","","","[{""copyright"":""limbus_company"",""co_posts"":103,""character_coverage"":1.0},{""copyright"":""project_moon"",""co_posts"":103,""character_coverage"":1.0},{""copyright"":""mili_(band)"",""co_posts"":1,""character_coverage"":0.009709},{""copyright"":""ultra_trailer_(synthesizer_v)"",""co_posts"":1,""character_coverage"":0.009709}]","","","PENDING",""
"I70-019596","itou_ittousai_(sengoku_bushouki_muramasa)","4","Character","116","","","","","伊東一刀斎","","[{""copyright"":""sengoku_bushouki_muramasa"",""co_posts"":102,""character_coverage"":0.980769},{""copyright"":""senran_kagura"",""co_posts"":2,""character_coverage"":0.019231},{""copyright"":""senran_kagura_new_wave"",""co_posts"":2,""character_coverage"":0.019231},{""copyright"":""kantai_collection"",""co_posts"":1,""character_coverage"":0.009615}]","","","PENDING",""
"I70-019597","ji_guang-hong","4","Character","116","","","","","ジ・グァンホン","","[{""copyright"":""yuri!!!_on_ice"",""co_posts"":115,""character_coverage"":1.0},{""copyright"":""comiket_95"",""co_posts"":1,""character_coverage"":0.008696},{""copyright"":""girls_und_panzer"",""co_posts"":1,""character_coverage"":0.008696},{""copyright"":""hamtaro_(series)"",""co_posts"":1,""character_coverage"":0.008696},{""copyright"":""jinrui_wa_suitai_shimashita"",""co_posts"":1,""character_coverage"":0.008696}]","","","PENDING",""
"I70-019598","johnathan_mar","4","Character","116","jonah_(jormungand)","jonah (jormungand)","","","ジョナサン・マル","","[{""copyright"":""jormungand_(manga)"",""co_posts"":113,""character_coverage"":1.0},{""copyright"":""kill_me_baby"",""co_posts"":3,""character_coverage"":0.026549},{""copyright"":""upotte!!"",""co_posts"":2,""character_coverage"":0.017699},{""copyright"":""chuunibyou_demo_koi_ga_shitai!"",""co_posts"":1,""character_coverage"":0.00885},{""copyright"":""disney"",""co_posts"":1,""character_coverage"":0.00885}]","","","PENDING",""
"I70-019599","kamen_rider_kuuga_(ultimate_form)","4","Character","116","","","","","アルティメットフォーム","","[{""copyright"":""kamen_rider"",""co_posts"":106,""character_coverage"":1.0},{""copyright"":""kamen_rider_kuuga_(series)"",""co_posts"":100,""character_coverage"":0.943396},{""copyright"":""kamen_rider_dcd"",""co_posts"":20,""character_coverage"":0.188679},{""copyright"":""kamen_rider_blade_(series)"",""co_posts"":14,""character_coverage"":0.132075},{""copyright"":""kamen_rider_agito_(series)"",""co_posts"":12,""character_coverage"":0.113208}]","","","PENDING",""
"I70-019600","kamen_rider_zeztz","4","Character","116","","","","","仮面ライダーゼッツ","","[{""copyright"":""kamen_rider"",""co_posts"":102,""character_coverage"":1.0},{""copyright"":""kamen_rider_zeztz_(series)"",""co_posts"":102,""character_coverage"":1.0},{""copyright"":""precure"",""co_posts"":5,""character_coverage"":0.04902},{""copyright"":""meitantei_precure!"",""co_posts"":3,""character_coverage"":0.029412},{""copyright"":""pokemon"",""co_posts"":3,""character_coverage"":0.029412}]","","","PENDING",""
"I70-019601","kaya_(kancolle)","4","Character","116","","","","","榧(艦隊これくしょん)","","[{""copyright"":""kantai_collection"",""co_posts"":106,""character_coverage"":1.0},{""copyright"":""c2_kikan"",""co_posts"":1,""character_coverage"":0.009434},{""copyright"":""google"",""co_posts"":1,""character_coverage"":0.009434},{""copyright"":""gundam"",""co_posts"":1,""character_coverage"":0.009434},{""copyright"":""gundam_08th_ms_team"",""co_posts"":1,""character_coverage"":0.009434}]","","","PENDING",""
"I70-019602","kiana_kaslana_(time_runner)","4","Character","116","","","","","時の追光者","","[{""copyright"":""honkai_(series)"",""co_posts"":112,""character_coverage"":1.0},{""copyright"":""honkai_impact_3rd"",""co_posts"":112,""character_coverage"":1.0},{""copyright"":""mihoyo"",""co_posts"":2,""character_coverage"":0.017857},{""copyright"":""genshin_impact"",""co_posts"":1,""character_coverage"":0.008929},{""copyright"":""original"",""co_posts"":1,""character_coverage"":0.008929}]","","","PENDING",""
"I70-019603","kiana_kaslana_(wintery_wishes)","4","Character","116","","","","","","","[{""copyright"":""honkai_(series)"",""co_posts"":113,""character_coverage"":1.0},{""copyright"":""honkai_impact_3rd"",""co_posts"":113,""character_coverage"":1.0},{""copyright"":""honkai:_star_rail"",""co_posts"":5,""character_coverage"":0.044248},{""copyright"":""coca-cola"",""co_posts"":1,""character_coverage"":0.00885}]","","","PENDING",""
"I70-019604","kirara_(inuyasha)","4","Character","116","","","","","雲母","","[{""copyright"":""inuyasha"",""co_posts"":108,""character_coverage"":1.0},{""copyright"":""pokemon"",""co_posts"":8,""character_coverage"":0.074074},{""copyright"":""pokemon:_the_electric_tale_of_pikachu"",""co_posts"":4,""character_coverage"":0.037037},{""copyright"":""ranma_1/2"",""co_posts"":4,""character_coverage"":0.037037},{""copyright"":""maison_ikkoku"",""co_posts"":3,""character_coverage"":0.027778}]","","","PENDING",""
"I70-019605","kiyoura_setsuna","4","Character","116","","","","","清浦刹那","","[{""copyright"":""school_days"",""co_posts"":76,""character_coverage"":1.0},{""copyright"":""higurashi_no_naku_koro_ni"",""co_posts"":6,""character_coverage"":0.078947},{""copyright"":""higurashi_no_naku_koro_ni_mei"",""co_posts"":6,""character_coverage"":0.078947},{""copyright"":""megami_magazine"",""co_posts"":3,""character_coverage"":0.039474},{""copyright"":""comp_h's"",""co_posts"":2,""character_coverage"":0.026316}]","","","PENDING",""
"I70-019606","kodama_shichirou","4","Character","116","","","","","児玉七郎","","[{""copyright"":""girls_und_panzer"",""co_posts"":114,""character_coverage"":1.0},{""copyright"":""girls_und_panzer_motto_love_love_sakusen_desu!"",""co_posts"":11,""character_coverage"":0.096491},{""copyright"":""gekitotsu!_joshikousei_oiroke_sensha_gundan"",""co_posts"":5,""character_coverage"":0.04386},{""copyright"":""girls_und_panzer_gekijouban"",""co_posts"":3,""character_coverage"":0.026316},{""copyright"":""bohemian_rhapsody"",""co_posts"":1,""character_coverage"":0.008772}]","","","PENDING",""
"I70-019607","kosaka_chihiro","4","Character","116","","","","","小阪ちひろ","","[{""copyright"":""kami_nomi_zo_shiru_sekai"",""co_posts"":113,""character_coverage"":1.0},{""copyright"":""queen_(band)"",""co_posts"":2,""character_coverage"":0.017699},{""copyright"":""animedia"",""co_posts"":1,""character_coverage"":0.00885},{""copyright"":""durarara!!"",""co_posts"":1,""character_coverage"":0.00885},{""copyright"":""k-on!"",""co_posts"":1,""character_coverage"":0.00885}]","","","PENDING",""
"I70-019608","kouyama_mitsuki","4","Character","116","","","","","神山満月","","[{""copyright"":""full_moon_wo_sagashite"",""co_posts"":98,""character_coverage"":1.0},{""copyright"":""kamikaze_kaitou_jeanne"",""co_posts"":5,""character_coverage"":0.05102},{""copyright"":""bishoujo_senshi_sailor_moon"",""co_posts"":3,""character_coverage"":0.030612},{""copyright"":""cardcaptor_sakura"",""co_posts"":3,""character_coverage"":0.030612},{""copyright"":""kaitou_saint_tail"",""co_posts"":3,""character_coverage"":0.030612}]","","","PENDING",""
"I70-019609","koyomi_(shironeko_project)","4","Character","116","","","","","雪国の小さな狼コヨミ","","[{""copyright"":""shironeko_project"",""co_posts"":115,""character_coverage"":1.0},{""copyright"":""apple_inc."",""co_posts"":1,""character_coverage"":0.008696},{""copyright"":""doki_doki_literature_club"",""co_posts"":1,""character_coverage"":0.008696},{""copyright"":""garo_(tokusatsu_series)"",""co_posts"":1,""character_coverage"":0.008696},{""copyright"":""google"",""co_posts"":1,""character_coverage"":0.008696}]","","","PENDING",""
"I70-019610","kuhouin_murasaki","4","Character","116","","","","","九鳳院紫","","[{""copyright"":""kure-nai"",""co_posts"":104,""character_coverage"":1.0},{""copyright"":""megami_magazine"",""co_posts"":3,""character_coverage"":0.028846},{""copyright"":""ichiban_ushiro_no_daimaou"",""co_posts"":2,""character_coverage"":0.019231},{""copyright"":""a_channel"",""co_posts"":1,""character_coverage"":0.009615},{""copyright"":""anyamal_tantei_kirumin_zoo"",""co_posts"":1,""character_coverage"":0.009615}]","","","PENDING",""
"I70-019611","kumagawa_misogi","4","Character","116","","","","","球磨川禊","","[{""copyright"":""medaka_box"",""co_posts"":108,""character_coverage"":1.0},{""copyright"":""touhou"",""co_posts"":11,""character_coverage"":0.101852},{""copyright"":""danganronpa_(series)"",""co_posts"":3,""character_coverage"":0.027778},{""copyright"":""danganronpa_2:_goodbye_despair"",""co_posts"":3,""character_coverage"":0.027778},{""copyright"":""monogatari_(series)"",""co_posts"":2,""character_coverage"":0.018519}]","","","PENDING",""
"I70-019612","kuraishi_tanpopo","4","Character","116","","","","","倉石たんぽぽ","","[{""copyright"":""witch_craft_works"",""co_posts"":109,""character_coverage"":1.0},{""copyright"":""animedia"",""co_posts"":1,""character_coverage"":0.009174},{""copyright"":""azumanga_daioh"",""co_posts"":1,""character_coverage"":0.009174},{""copyright"":""blazblue"",""co_posts"":1,""character_coverage"":0.009174},{""copyright"":""blazblue_remix_heart"",""co_posts"":1,""character_coverage"":0.009174}]","","","PENDING",""
"I70-019613","kurusu_makina_(divine_heart_makina)","4","Character","116","","","","","ディバインハートマキナ","","[{""copyright"":""divine_heart_makina"",""co_posts"":5,""character_coverage"":1.0}]","","","PENDING",""
"I70-019614","lapis_(homely_apron)_(fire_emblem)","4","Character","116","","","","","","","[{""copyright"":""fire_emblem"",""co_posts"":105,""character_coverage"":1.0},{""copyright"":""fire_emblem_engage"",""co_posts"":105,""character_coverage"":1.0},{""copyright"":""fire_emblem:_three_houses"",""co_posts"":2,""character_coverage"":0.019048},{""copyright"":""the_milkmaid"",""co_posts"":1,""character_coverage"":0.009524}]","","","PENDING",""
"I70-019615","liv:_lux_(pgr)","4","Character","116","liv:_lux_(punishing:_gray_raven)","liv: lux (punishing: gray raven)","","","流光","","[{""copyright"":""punishing:_gray_raven"",""co_posts"":105,""character_coverage"":1.0},{""copyright"":""kuro_games"",""co_posts"":1,""character_coverage"":0.009524},{""copyright"":""street_fighter"",""co_posts"":1,""character_coverage"":0.009524},{""copyright"":""wuthering_waves"",""co_posts"":1,""character_coverage"":0.009524}]","","","PENDING",""
"I70-019616","log-mi_(tonpuu)","4","Character","116","log-mi_(tongpoo)","log-mi (tongpoo)","","","log-mi（tonpuu）","","[{""copyright"":""original"",""co_posts"":115,""character_coverage"":1.0}]","","","PENDING",""
"I70-019617","lombre","4","Character","116","","","","","ハスブレロ","","[{""copyright"":""pokemon"",""co_posts"":109,""character_coverage"":1.0},{""copyright"":""pokemon_ruby/sapphire/emerald"",""co_posts"":15,""character_coverage"":0.137615},{""copyright"":""pokemon_(anime)"",""co_posts"":8,""character_coverage"":0.073394},{""copyright"":""pokemon_mystery_dungeon"",""co_posts"":7,""character_coverage"":0.06422},{""copyright"":""pokemon_diamond/pearl/platinum"",""co_posts"":6,""character_coverage"":0.055046}]","","","PENDING",""
"I70-019618","lucky_chloe","4","Character","116","","","","","ラッキー・クロエ","","[{""copyright"":""tekken"",""co_posts"":98,""character_coverage"":1.0},{""copyright"":""tekken_7"",""co_posts"":77,""character_coverage"":0.785714},{""copyright"":""tales_of_(series)"",""co_posts"":3,""character_coverage"":0.030612},{""copyright"":""tales_of_symphonia"",""co_posts"":3,""character_coverage"":0.030612},{""copyright"":""idolmaster"",""co_posts"":2,""character_coverage"":0.020408}]","","","PENDING",""
"I70-019619","makita_yuzu","4","Character","116","","","","","牧田柚子","","[{""copyright"":""doushitara_osananajimi_no_kanojo_ni_naremasu_ka!?"",""co_posts"":116,""character_coverage"":1.0},{""copyright"":""kamen_rider"",""co_posts"":2,""character_coverage"":0.017241},{""copyright"":""kamen_rider_build_(series)"",""co_posts"":2,""character_coverage"":0.017241},{""copyright"":""adachi_to_shimamura"",""co_posts"":1,""character_coverage"":0.008621},{""copyright"":""koharu_and_minato"",""co_posts"":1,""character_coverage"":0.008621}]","","","PENDING",""
"I70-019620","maria_marionette_(1st_costume)","4","Character","116","","","","","マリア・マリオネット(通常)","","[{""copyright"":""nijisanji"",""co_posts"":108,""character_coverage"":1.0},{""copyright"":""nijisanji_en"",""co_posts"":108,""character_coverage"":1.0}]","","","PENDING",""
"I70-019621","matt_(epic_battle_fantasy)","4","Character","116","","","","","","","[{""copyright"":""epic_battle_fantasy"",""co_posts"":106,""character_coverage"":1.0},{""copyright"":""a.i._voice"",""co_posts"":1,""character_coverage"":0.009434},{""copyright"":""chiikawa"",""co_posts"":1,""character_coverage"":0.009434},{""copyright"":""fuwa_fuwa_cinnamoroll"",""co_posts"":1,""character_coverage"":0.009434},{""copyright"":""kirby_(series)"",""co_posts"":1,""character_coverage"":0.009434}]","","","PENDING",""
"I70-019622","maya_(dq11)","4","Character","116","","","","","マヤ(DQ11)","","[{""copyright"":""dragon_quest"",""co_posts"":111,""character_coverage"":1.0},{""copyright"":""dragon_quest_xi"",""co_posts"":110,""character_coverage"":0.990991},{""copyright"":""animal_crossing"",""co_posts"":1,""character_coverage"":0.009009},{""copyright"":""battle_tendency"",""co_posts"":1,""character_coverage"":0.009009},{""copyright"":""crisis_core:_final_fantasy_vii"",""co_posts"":1,""character_coverage"":0.009009}]","","","PENDING",""
"I70-019623","mega_absol_z","4","Character","116","","","","","メガアブソルZ","","[{""copyright"":""pokemon"",""co_posts"":110,""character_coverage"":1.0},{""copyright"":""pokemon_legends:_z-a"",""co_posts"":3,""character_coverage"":0.027273},{""copyright"":""pokemon_unite"",""co_posts"":3,""character_coverage"":0.027273},{""copyright"":""original"",""co_posts"":1,""character_coverage"":0.009091},{""copyright"":""pokemon_scarlet_and_violet"",""co_posts"":1,""character_coverage"":0.009091}]","","","PENDING",""
"I70-019624","messer_ihlefeld","4","Character","116","","","","","メッサー・イーレフェルト","","[{""copyright"":""macross"",""co_posts"":86,""character_coverage"":1.0},{""copyright"":""macross_delta"",""co_posts"":86,""character_coverage"":1.0},{""copyright"":""bandai"",""co_posts"":2,""character_coverage"":0.023256},{""copyright"":""uta_macross_sumaho_deculture"",""co_posts"":2,""character_coverage"":0.023256},{""copyright"":""comiket_100"",""co_posts"":1,""character_coverage"":0.011628}]","","","PENDING",""
"I70-019625","mika_(lycoris_recoil)","4","Character","116","","","","","ミカ(リコリス・リコイル)","","[{""copyright"":""lycoris_recoil"",""co_posts"":113,""character_coverage"":1.0},{""copyright"":""leon_the_professional"",""co_posts"":3,""character_coverage"":0.026549},{""copyright"":""magia_record:_mahou_shoujo_madoka_magica_gaiden"",""co_posts"":2,""character_coverage"":0.017699},{""copyright"":""mahou_shoujo_madoka_magica"",""co_posts"":2,""character_coverage"":0.017699},{""copyright"":""black_jack_(series)"",""co_posts"":1,""character_coverage"":0.00885}]","","","PENDING",""
"I70-019626","miketa_ryouka","4","Character","116","","","","","ミケ太郎","","[{""copyright"":""medalist_(manga)"",""co_posts"":113,""character_coverage"":1.0},{""copyright"":""umamusume"",""co_posts"":2,""character_coverage"":0.017699},{""copyright"":""fate/grand_order"",""co_posts"":1,""character_coverage"":0.00885},{""copyright"":""fate_(series)"",""co_posts"":1,""character_coverage"":0.00885},{""copyright"":""hello_kitty"",""co_posts"":1,""character_coverage"":0.00885}]","","","PENDING",""
"I70-019627","minior_(indigo_core)","4","Character","116","","","","","あおいろのコア","","[{""copyright"":""pokemon"",""co_posts"":102,""character_coverage"":1.0},{""copyright"":""pokemon_scarlet_and_violet"",""co_posts"":7,""character_coverage"":0.068627},{""copyright"":""pokemon_sun_and_moon"",""co_posts"":5,""character_coverage"":0.04902},{""copyright"":""pokemon_ruby/sapphire/emerald"",""co_posts"":3,""character_coverage"":0.029412},{""copyright"":""pokemon_(anime)"",""co_posts"":2,""character_coverage"":0.019608}]","","","PENDING",""
"I70-019628","minya_(nyanko_daisensou)","4","Character","116","","","","","ミーニャ(にゃんこ大戦争)","","[{""copyright"":""nyanko_daisensou"",""co_posts"":62,""character_coverage"":1.0},{""copyright"":""jojo_no_kimyou_na_bouken"",""co_posts"":1,""character_coverage"":0.016129},{""copyright"":""rabbit_hole_(vocaloid)"",""co_posts"":1,""character_coverage"":0.016129}]","","","PENDING",""
"I70-019629","miyako_yoshika_(living)","4","Character","116","","","","","都良香","","[{""copyright"":""touhou"",""co_posts"":108,""character_coverage"":1.0},{""copyright"":""dolls_in_pseudo_paradise"",""co_posts"":1,""character_coverage"":0.009259},{""copyright"":""koishi_komeiji's_heart-throbbing_adventure"",""co_posts"":1,""character_coverage"":0.009259},{""copyright"":""osana_reimu"",""co_posts"":1,""character_coverage"":0.009259},{""copyright"":""wild_and_horned_hermit"",""co_posts"":1,""character_coverage"":0.009259}]","","","PENDING",""
"I70-019630","miyamoto_musashi_(pasela_resorts)_(fate)","4","Character","116","","","","","","","[{""copyright"":""fate_(series)"",""co_posts"":110,""character_coverage"":1.0},{""copyright"":""fate/grand_order"",""co_posts"":109,""character_coverage"":0.990909},{""copyright"":""fate/samurai_remnant"",""co_posts"":4,""character_coverage"":0.036364},{""copyright"":""arknights"",""co_posts"":2,""character_coverage"":0.018182},{""copyright"":""genshin_impact"",""co_posts"":2,""character_coverage"":0.018182}]","","","PENDING",""
"I70-019631","more_more_jump!_rin","4","Character","116","","","","","","","[{""copyright"":""project_sekai"",""co_posts"":112,""character_coverage"":1.0},{""copyright"":""vocaloid"",""co_posts"":112,""character_coverage"":1.0},{""copyright"":""idol_(yoasobi)"",""co_posts"":1,""character_coverage"":0.008929},{""copyright"":""kowareta_sekai_to_utaenai_miku"",""co_posts"":1,""character_coverage"":0.008929},{""copyright"":""oshi_no_ko"",""co_posts"":1,""character_coverage"":0.008929}]","","","PENDING",""
"I70-019632","morgan_le_fay_(academy_outfit)_(fate)","4","Character","116","","","","","英霊学装","","[]","","","PENDING",""
"I70-019633","nagase_mana","4","Character","116","","","","","長瀬麻奈","","[{""copyright"":""idoly_pride"",""co_posts"":110,""character_coverage"":1.0}]","","","PENDING",""
"I70-019634","nanami_lucia_(mermaid)","4","Character","116","","","","","","","[{""copyright"":""mermaid_melody_pichi_pichi_pitch"",""co_posts"":115,""character_coverage"":1.0},{""copyright"":""ashita_no_nadja"",""co_posts"":1,""character_coverage"":0.008696},{""copyright"":""cosmic_baton_girl_comet-san"",""co_posts"":1,""character_coverage"":0.008696},{""copyright"":""fushigiboshi_no_futago_hime"",""co_posts"":1,""character_coverage"":0.008696},{""copyright"":""fuwa_fuwa_cinnamoroll"",""co_posts"":1,""character_coverage"":0.008696}]","","","PENDING",""
"I70-019635","narehate_(mahou_shoujo_no_majo_saiban)","4","Character","116","","","","","","","[{""copyright"":""mahou_shoujo_no_majo_saiban"",""co_posts"":69,""character_coverage"":1.0}]","","","PENDING",""
"I70-019636","nazuka_(stella_sora)","4","Character","116","","","","","ナツカ(ステラソラ)","","[{""copyright"":""stella_sora"",""co_posts"":104,""character_coverage"":1.0}]","","","PENDING",""
"I70-019637","nekoha_shizuku","4","Character","116","","","","","猫羽雫","","[{""copyright"":""original"",""co_posts"":116,""character_coverage"":1.0},{""copyright"":""hololive"",""co_posts"":2,""character_coverage"":0.017241},{""copyright"":""hololive_english"",""co_posts"":2,""character_coverage"":0.017241},{""copyright"":""comiket_93"",""co_posts"":1,""character_coverage"":0.008621},{""copyright"":""comiket_96"",""co_posts"":1,""character_coverage"":0.008621}]","","","PENDING",""
"I70-019638","nekota_tsuna_(4th_costume)","4","Character","116","","","","","","","[{""copyright"":""vspo!"",""co_posts"":107,""character_coverage"":1.0},{""copyright"":""nijisanji"",""co_posts"":2,""character_coverage"":0.018692},{""copyright"":""crazy_raccoon"",""co_posts"":1,""character_coverage"":0.009346},{""copyright"":""girl_with_a_pearl_earring"",""co_posts"":1,""character_coverage"":0.009346},{""copyright"":""indie_virtual_youtuber"",""co_posts"":1,""character_coverage"":0.009346}]","","","PENDING",""
"I70-019639","nene_nene","4","Character","116","","","","","根音ネネ","","[{""copyright"":""utau"",""co_posts"":112,""character_coverage"":0.99115},{""copyright"":""original"",""co_posts"":58,""character_coverage"":0.513274},{""copyright"":""vocaloid"",""co_posts"":30,""character_coverage"":0.265487},{""copyright"":""metallica"",""co_posts"":4,""character_coverage"":0.035398},{""copyright"":""a.i._voice"",""co_posts"":3,""character_coverage"":0.026549}]","","","PENDING",""
"I70-019640","ninomae_ina'nis_(party_dress)","4","Character","116","ninomae_ina'nis_(3rd_costume)","ninomae ina'nis (3rd costume)","","","","","[{""copyright"":""hololive"",""co_posts"":114,""character_coverage"":1.0},{""copyright"":""hololive_english"",""co_posts"":114,""character_coverage"":1.0},{""copyright"":""among_us"",""co_posts"":1,""character_coverage"":0.008772},{""copyright"":""indie_virtual_youtuber"",""co_posts"":1,""character_coverage"":0.008772},{""copyright"":""jojo_no_kimyou_na_bouken"",""co_posts"":1,""character_coverage"":0.008772}]","","","PENDING",""
"I70-019641","nyx_(queen's_blade)","4","Character","116","","","","","ニクス","","[{""copyright"":""queen's_blade"",""co_posts"":99,""character_coverage"":1.0},{""copyright"":""queen's_blade_unlimited"",""co_posts"":15,""character_coverage"":0.151515},{""copyright"":""queen's_blade_white_triangle"",""co_posts"":13,""character_coverage"":0.131313},{""copyright"":""vanquished_queens"",""co_posts"":4,""character_coverage"":0.040404},{""copyright"":""queen's_blade_limit_break"",""co_posts"":2,""character_coverage"":0.020202}]","","","PENDING",""
"I70-019642","oozora_subaru_(new_year)","4","Character","116","oozora_subaru_(4th_costume)","oozora subaru (4th costume)","","大空スバル(正月衣装)","","","[{""copyright"":""hololive"",""co_posts"":116,""character_coverage"":1.0},{""copyright"":""hololive_english"",""co_posts"":4,""character_coverage"":0.034483},{""copyright"":""indie_virtual_youtuber"",""co_posts"":3,""character_coverage"":0.025862},{""copyright"":""hololive_dev_is"",""co_posts"":2,""character_coverage"":0.017241},{""copyright"":""hololive_indonesia"",""co_posts"":2,""character_coverage"":0.017241}]","","","PENDING",""
"I70-019643","perrserker","4","Character","116","","","","","ニャイキング","","[{""copyright"":""pokemon"",""co_posts"":112,""character_coverage"":1.0},{""copyright"":""pokemon_sword_and_shield"",""co_posts"":20,""character_coverage"":0.178571},{""copyright"":""pokemon_(anime)"",""co_posts"":6,""character_coverage"":0.053571},{""copyright"":""original"",""co_posts"":3,""character_coverage"":0.026786},{""copyright"":""pokemon:_arceus_and_the_jewel_of_life"",""co_posts"":3,""character_coverage"":0.026786}]","","","PENDING",""
"I70-019644","promised_consort_radahn","4","Character","116","","","","","","","[{""copyright"":""elden_ring"",""co_posts"":105,""character_coverage"":1.0},{""copyright"":""elden_ring:_shadow_of_the_erdtree"",""co_posts"":104,""character_coverage"":0.990476},{""copyright"":""blue_archive"",""co_posts"":2,""character_coverage"":0.019048},{""copyright"":""hololive"",""co_posts"":2,""character_coverage"":0.019048},{""copyright"":""hololive_english"",""co_posts"":2,""character_coverage"":0.019048}]","","","PENDING",""
"I70-019645","purifying_wind_(infinity_nikki)","4","Character","116","","","","","かの風に捧げる舞","","[{""copyright"":""infinity_nikki"",""co_posts"":93,""character_coverage"":1.0},{""copyright"":""nikki_(series)"",""co_posts"":93,""character_coverage"":1.0},{""copyright"":""the_legend_of_luo_xiaohei"",""co_posts"":2,""character_coverage"":0.021505},{""copyright"":""idolmaster"",""co_posts"":1,""character_coverage"":0.010753},{""copyright"":""original"",""co_posts"":1,""character_coverage"":0.010753}]","","","PENDING",""
"I70-019646","pyroar_(male)","4","Character","116","","","","","パロア（男性）","","[{""copyright"":""pokemon"",""co_posts"":106,""character_coverage"":1.0},{""copyright"":""pokemon_x_and_y"",""co_posts"":33,""character_coverage"":0.311321},{""copyright"":""pokemon_legends:_z-a"",""co_posts"":20,""character_coverage"":0.188679},{""copyright"":""pokemon_tcg"",""co_posts"":5,""character_coverage"":0.04717},{""copyright"":""pokemon_scarlet_and_violet"",""co_posts"":3,""character_coverage"":0.028302}]","","","PENDING",""
"I70-019647","ragdoll_(boku_no_hero_academia)","4","Character","116","shiretoko_tomoko","shiretoko tomoko","","","ラグドール","","[{""copyright"":""boku_no_hero_academia"",""co_posts"":107,""character_coverage"":1.0},{""copyright"":""original"",""co_posts"":2,""character_coverage"":0.018692},{""copyright"":""tenga"",""co_posts"":2,""character_coverage"":0.018692},{""copyright"":""animal_crossing"",""co_posts"":1,""character_coverage"":0.009346},{""copyright"":""darkstalkers"",""co_posts"":1,""character_coverage"":0.009346}]","","","PENDING",""
"I70-019648","reml","4","Character","116","","","","","りむる","","[{""copyright"":""denonbu"",""co_posts"":113,""character_coverage"":0.974138},{""copyright"":""cevio"",""co_posts"":22,""character_coverage"":0.189655},{""copyright"":""idolmaster"",""co_posts"":3,""character_coverage"":0.025862},{""copyright"":""idolmaster_va-liv"",""co_posts"":2,""character_coverage"":0.017241},{""copyright"":""tamagotchi"",""co_posts"":2,""character_coverage"":0.017241}]","","","PENDING",""
"I70-019649","sagami_jun","4","Character","116","","","","","佐上ジュン","","[{""copyright"":""bakusou_kyoudai_let's_&_go!!"",""co_posts"":106,""character_coverage"":1.0},{""copyright"":""bakusou_kyoudai_let's_&_go!!_max"",""co_posts"":4,""character_coverage"":0.037736},{""copyright"":""comiket_88"",""co_posts"":1,""character_coverage"":0.009434},{""copyright"":""kantai_collection"",""co_posts"":1,""character_coverage"":0.009434},{""copyright"":""mega_man_(classic)"",""co_posts"":1,""character_coverage"":0.009434}]","","","PENDING",""
"I70-019650","saitou_furoufushi","4","Character","116","saito_furofushi","saito furofushi","","","齋藤不老不死","","[{""copyright"":""bleach"",""co_posts"":101,""character_coverage"":1.0},{""copyright"":""bleach:_sennen_kessen-hen"",""co_posts"":99,""character_coverage"":0.980198},{""copyright"":""original"",""co_posts"":3,""character_coverage"":0.029703}]","","","PENDING",""
"I70-019651","saji_genpou_(true)","4","Character","116","","","","","左慈元放","","[{""copyright"":""ikkitousen"",""co_posts"":103,""character_coverage"":1.0},{""copyright"":""ikkitousen_extra_burst"",""co_posts"":22,""character_coverage"":0.213592},{""copyright"":""ikkitousen_great_guardians"",""co_posts"":1,""character_coverage"":0.009709},{""copyright"":""vocaloid"",""co_posts"":1,""character_coverage"":0.009709}]","","","PENDING",""
"I70-019652","sakura_miko_(hololive_summer_2019)","4","Character","116","sakura_miko_(2nd_costume)","sakura miko (2nd costume)","","さくらみこ(ホロサマ2019) | さくらみこ(ホロライブ・サマー2019)","","","[{""copyright"":""hololive"",""co_posts"":109,""character_coverage"":1.0},{""copyright"":""hololive_english"",""co_posts"":4,""character_coverage"":0.036697},{""copyright"":""hololive_dev_is"",""co_posts"":1,""character_coverage"":0.009174},{""copyright"":""nijisanji"",""co_posts"":1,""character_coverage"":0.009174},{""copyright"":""spongebob_squarepants_(series)"",""co_posts"":1,""character_coverage"":0.009174}]","","","PENDING",""
"I70-019653","savanna_striped_giant_slug_(kemono_friends)","4","Character","116","","","","","サバンナシマシマオオナメクジ","","[{""copyright"":""kemono_friends"",""co_posts"":110,""character_coverage"":0.990991},{""copyright"":""original"",""co_posts"":3,""character_coverage"":0.027027},{""copyright"":""umamusume"",""co_posts"":3,""character_coverage"":0.027027},{""copyright"":""fate/grand_order"",""co_posts"":2,""character_coverage"":0.018018},{""copyright"":""fate_(series)"",""co_posts"":2,""character_coverage"":0.018018}]","","","PENDING",""
"I70-019654","skeleton_(helltaker)","4","Character","116","","","","","スケルトン（ヘルテイカー）","","[{""copyright"":""helltaker"",""co_posts"":106,""character_coverage"":1.0},{""copyright"":""apple_inc."",""co_posts"":2,""character_coverage"":0.018868},{""copyright"":""avengers:_endgame"",""co_posts"":1,""character_coverage"":0.009434},{""copyright"":""avengers_(series)"",""co_posts"":1,""character_coverage"":0.009434},{""copyright"":""darkest_dungeon"",""co_posts"":1,""character_coverage"":0.009434}]","","","PENDING",""
"I70-019655","smithee_a._haysaca","4","Character","116","smithee_a._herthaka,haysaca_a._smithee","haysaca a. smithee | smithee a. herthaka","","","スミシー・A・ハーサカ","","[{""copyright"":""kaguya-sama_wa_kokurasetai_~tensai-tachi_no_renai_zunousen~"",""co_posts"":109,""character_coverage"":0.990909},{""copyright"":""jojo_no_kimyou_na_bouken"",""co_posts"":1,""character_coverage"":0.009091},{""copyright"":""never_gonna_give_you_up"",""co_posts"":1,""character_coverage"":0.009091},{""copyright"":""nichijou"",""co_posts"":1,""character_coverage"":0.009091},{""copyright"":""original"",""co_posts"":1,""character_coverage"":0.009091}]","","","PENDING",""
"I70-019656","suou_kuyou","4","Character","116","","","","","周防九曜","","[{""copyright"":""suzumiya_haruhi_no_yuuutsu"",""co_posts"":115,""character_coverage"":1.0},{""copyright"":""k-on!"",""co_posts"":7,""character_coverage"":0.06087},{""copyright"":""suzumiya_haruhi-chan_no_yuuutsu"",""co_posts"":3,""character_coverage"":0.026087},{""copyright"":""kyoto_animation"",""co_posts"":2,""character_coverage"":0.017391},{""copyright"":""potemayo"",""co_posts"":2,""character_coverage"":0.017391}]","","","PENDING",""
"I70-019657","swain_(league)","4","Character","116","swain_(league_of_legends),jericho_swain","jericho swain | swain (league of legends)","","","スウェイン（リーグオブレジェンド）","","[{""copyright"":""league_of_legends"",""co_posts"":108,""character_coverage"":1.0},{""copyright"":""adventure_time"",""co_posts"":1,""character_coverage"":0.009259},{""copyright"":""hokuto_no_ken"",""co_posts"":1,""character_coverage"":0.009259},{""copyright"":""jojo_no_kimyou_na_bouken"",""co_posts"":1,""character_coverage"":0.009259},{""copyright"":""journey_to_the_west"",""co_posts"":1,""character_coverage"":0.009259}]","","","PENDING",""
"I70-019658","symphony_len","4","Character","116","","","","","","","[{""copyright"":""vocaloid"",""co_posts"":113,""character_coverage"":1.0},{""copyright"":""miku_symphony_(vocaloid)"",""co_posts"":112,""character_coverage"":0.99115},{""copyright"":""utau"",""co_posts"":13,""character_coverage"":0.115044},{""copyright"":""the_birth_of_venus"",""co_posts"":2,""character_coverage"":0.017699},{""copyright"":""adolescence_(vocaloid)"",""co_posts"":1,""character_coverage"":0.00885}]","","","PENDING",""
"I70-019659","tachibana_chiaki_(megami_tensei)","4","Character","116","","","","","橘千晶","","[{""copyright"":""shin_megami_tensei"",""co_posts"":106,""character_coverage"":1.0},{""copyright"":""shin_megami_tensei_iii:_nocturne"",""co_posts"":106,""character_coverage"":1.0},{""copyright"":""persona"",""co_posts"":3,""character_coverage"":0.028302},{""copyright"":""devil_summoner_(series)"",""co_posts"":2,""character_coverage"":0.018868},{""copyright"":""persona_2"",""co_posts"":2,""character_coverage"":0.018868}]","","","PENDING",""
"I70-019660","tachibana_rui","4","Character","116","","","","","橘瑠衣","","[{""copyright"":""domestic_na_kanojo"",""co_posts"":109,""character_coverage"":1.0},{""copyright"":""megami_magazine"",""co_posts"":2,""character_coverage"":0.018349},{""copyright"":""darkstalkers"",""co_posts"":1,""character_coverage"":0.009174},{""copyright"":""instagram"",""co_posts"":1,""character_coverage"":0.009174},{""copyright"":""little_red_riding_hood_(fairy_tale)"",""co_posts"":1,""character_coverage"":0.009174}]","","","PENDING",""
"I70-019661","takenaka_hanbee_(oda_nobuna_no_yabou)","4","Character","116","takenaka_hanbei_(oda_nobuna_no_yabou)","takenaka hanbei (oda nobuna no yabou)","","","竹中半兵衛(織田信奈の野望)","","[{""copyright"":""oda_nobuna_no_yabou"",""co_posts"":111,""character_coverage"":1.0},{""copyright"":""nyantype"",""co_posts"":2,""character_coverage"":0.018018},{""copyright"":""animage"",""co_posts"":1,""character_coverage"":0.009009},{""copyright"":""comiket_83"",""co_posts"":1,""character_coverage"":0.009009},{""copyright"":""newtype"",""co_posts"":1,""character_coverage"":0.009009}]","","","PENDING",""
"I70-019662","tanaka_shinbei_(fate)","4","Character","116","","","","","田中新兵衛(Fate)","","[{""copyright"":""fate/grand_order"",""co_posts"":115,""character_coverage"":0.991379},{""copyright"":""fate_(series)"",""co_posts"":115,""character_coverage"":0.991379},{""copyright"":""fate/grand_order_arcade"",""co_posts"":3,""character_coverage"":0.025862},{""copyright"":""jojo_no_kimyou_na_bouken"",""co_posts"":1,""character_coverage"":0.008621},{""copyright"":""jojo_no_kimyou_na_bouken:_mirai_e_no_isan"",""co_posts"":1,""character_coverage"":0.008621}]","","","PENDING",""
"I70-019663","tapris_chisaki_sugarbell","4","Character","116","chisaki_tapris_sugarbell","chisaki tapris sugarbell","","","千咲=タプリス=シュガーベル","","[{""copyright"":""gabriel_dropout"",""co_posts"":108,""character_coverage"":1.0},{""copyright"":""blend_s"",""co_posts"":1,""character_coverage"":0.009259},{""copyright"":""coca-cola"",""co_posts"":1,""character_coverage"":0.009259},{""copyright"":""dadadada_tenshi_(nanawo_akari)"",""co_posts"":1,""character_coverage"":0.009259},{""copyright"":""dungeon_ni_deai_wo_motomeru_no_wa_machigatteiru_darou_ka"",""co_posts"":1,""character_coverage"":0.009259}]","","","PENDING",""
"I70-019664","torbjorn_(overwatch)","4","Character","116","torbjorn_lindholm","torbjorn lindholm","","","Torbjorn（オーバーウォッチ）","","[{""copyright"":""overwatch"",""co_posts"":100,""character_coverage"":1.0},{""copyright"":""gabriel_dropout"",""co_posts"":2,""character_coverage"":0.02},{""copyright"":""mario_&_luigi_rpg"",""co_posts"":2,""character_coverage"":0.02},{""copyright"":""mario_(series)"",""co_posts"":2,""character_coverage"":0.02},{""copyright"":""marvel_vs._capcom"",""co_posts"":2,""character_coverage"":0.02}]","","","PENDING",""
"I70-019665","tormod_(fire_emblem)","4","Character","116","","","","","トパック","","[{""copyright"":""fire_emblem"",""co_posts"":100,""character_coverage"":1.0},{""copyright"":""fire_emblem:_path_of_radiance"",""co_posts"":54,""character_coverage"":0.54},{""copyright"":""fire_emblem:_radiant_dawn"",""co_posts"":48,""character_coverage"":0.48},{""copyright"":""fire_emblem_heroes"",""co_posts"":9,""character_coverage"":0.09},{""copyright"":""fire_emblem_cipher"",""co_posts"":4,""character_coverage"":0.04}]","","","PENDING",""
"I70-019666","tosaki_mimi_(4th_costume)","4","Character","116","","","","","","","[{""copyright"":""vspo!"",""co_posts"":113,""character_coverage"":1.0},{""copyright"":""nijisanji"",""co_posts"":2,""character_coverage"":0.017699},{""copyright"":""apex_legends"",""co_posts"":1,""character_coverage"":0.00885},{""copyright"":""neo-porte"",""co_posts"":1,""character_coverage"":0.00885},{""copyright"":""zenless_zone_zero"",""co_posts"":1,""character_coverage"":0.00885}]","","","PENDING",""
"I70-019667","tunomon","4","Character","116","tsunomon","tsunomon","","","ツノモン","","[{""copyright"":""digimon"",""co_posts"":105,""character_coverage"":1.0},{""copyright"":""digimon_adventure"",""co_posts"":50,""character_coverage"":0.47619},{""copyright"":""digimon_story:_time_stranger"",""co_posts"":9,""character_coverage"":0.085714},{""copyright"":""digimon_card_game"",""co_posts"":7,""character_coverage"":0.066667},{""copyright"":""digimon_adventure_02"",""co_posts"":6,""character_coverage"":0.057143}]","","","PENDING",""
"I70-019668","type:_null","4","Character","116","","","","","タイプ:ヌル","","[{""copyright"":""pokemon"",""co_posts"":109,""character_coverage"":1.0},{""copyright"":""pokemon_sun_and_moon"",""co_posts"":54,""character_coverage"":0.495413},{""copyright"":""pokemon_(anime)"",""co_posts"":6,""character_coverage"":0.055046},{""copyright"":""pokemon_tcg"",""co_posts"":5,""character_coverage"":0.045872},{""copyright"":""pokemon_(classic_anime)"",""co_posts"":4,""character_coverage"":0.036697}]","","","PENDING",""
"I70-019669","urien","4","Character","116","","","","","ユリアン(ストリートファイター)","","[{""copyright"":""street_fighter"",""co_posts"":100,""character_coverage"":1.0},{""copyright"":""street_fighter_iii_(series)"",""co_posts"":67,""character_coverage"":0.67},{""copyright"":""street_fighter_v"",""co_posts"":28,""character_coverage"":0.28},{""copyright"":""capcom"",""co_posts"":13,""character_coverage"":0.13},{""copyright"":""capcom_fighting_jam"",""co_posts"":11,""character_coverage"":0.11}]","","","PENDING",""
"I70-019670","ussr-tan","4","Character","116","","","","","USSRたん","","[{""copyright"":""everlasting_summer"",""co_posts"":83,""character_coverage"":0.912088},{""copyright"":""2ch.ru"",""co_posts"":73,""character_coverage"":0.802198},{""copyright"":""original"",""co_posts"":20,""character_coverage"":0.21978},{""copyright"":""iichan.ru"",""co_posts"":14,""character_coverage"":0.153846},{""copyright"":""vocaloid"",""co_posts"":6,""character_coverage"":0.065934}]","","","PENDING",""
"I70-019671","van_gogh_(third_ascension)_(fate)","4","Character","116","","","","","","","[{""copyright"":""fate/grand_order"",""co_posts"":115,""character_coverage"":1.0},{""copyright"":""fate_(series)"",""co_posts"":115,""character_coverage"":1.0},{""copyright"":""starry_night_(van_gogh)"",""co_posts"":2,""character_coverage"":0.017391},{""copyright"":""chainsaw_man"",""co_posts"":1,""character_coverage"":0.008696},{""copyright"":""fate/extra"",""co_posts"":1,""character_coverage"":0.008696}]","","","PENDING",""
"I70-019672","wilbell_voll-ersleid","4","Character","116","","","","","ウィルベル・フォル=エルスリート","","[{""copyright"":""atelier_(series)"",""co_posts"":115,""character_coverage"":1.0},{""copyright"":""atelier_ayesha"",""co_posts"":68,""character_coverage"":0.591304},{""copyright"":""atelier_escha_&_logy"",""co_posts"":32,""character_coverage"":0.278261},{""copyright"":""atelier_shallie"",""co_posts"":19,""character_coverage"":0.165217},{""copyright"":""atelier_resleriana"",""co_posts"":13,""character_coverage"":0.113043}]","","","PENDING",""
"I70-019673","yuzu_(laneigu)","4","Character","116","","","","","","","[{""copyright"":""original"",""co_posts"":114,""character_coverage"":1.0}]","","","PENDING",""
"I70-019674","zuikaku_(valentine)_(kancolle)","4","Character","116","","","","","瑞鶴(バレンタイン)","","[{""copyright"":""kantai_collection"",""co_posts"":116,""character_coverage"":1.0},{""copyright"":""lawson"",""co_posts"":14,""character_coverage"":0.12069},{""copyright"":""line_(naver)"",""co_posts"":4,""character_coverage"":0.034483},{""copyright"":""azur_lane"",""co_posts"":2,""character_coverage"":0.017241}]","","","PENDING",""
"I70-019675","aisaka_sayo","4","Character","115","","","","","相坂さよ","","[{""copyright"":""mahou_sensei_negima!"",""co_posts"":85,""character_coverage"":1.0},{""copyright"":""megami_magazine"",""co_posts"":1,""character_coverage"":0.011765},{""copyright"":""metal_gear_(series)"",""co_posts"":1,""character_coverage"":0.011765},{""copyright"":""metal_gear_solid_3:_snake_eater"",""co_posts"":1,""character_coverage"":0.011765},{""copyright"":""saint_seiya"",""co_posts"":1,""character_coverage"":0.011765}]","","","PENDING",""
"I70-019676","alkaid_(.hack//)","4","Character","115","yowkow_(.hack//)","yowkow (.hack//)","","","揺光","","[{""copyright"":"".hack//"",""co_posts"":100,""character_coverage"":1.0},{""copyright"":"".hack//g.u."",""co_posts"":97,""character_coverage"":0.97},{""copyright"":""guilty_dragon"",""co_posts"":8,""character_coverage"":0.08},{""copyright"":"".hack//games"",""co_posts"":7,""character_coverage"":0.07},{""copyright"":"".hack//link"",""co_posts"":6,""character_coverage"":0.06}]","","","PENDING",""
"I70-019677","aozaki_touko_(mahou_tsukai_no_yoru)","4","Character","115","","","","","","","[{""copyright"":""mahou_tsukai_no_yoru"",""co_posts"":106,""character_coverage"":0.981481},{""copyright"":""fate_(series)"",""co_posts"":15,""character_coverage"":0.138889},{""copyright"":""kara_no_kyoukai"",""co_posts"":14,""character_coverage"":0.12963},{""copyright"":""fate/grand_order"",""co_posts"":7,""character_coverage"":0.064815},{""copyright"":""lord_el-melloi_ii_case_files"",""co_posts"":5,""character_coverage"":0.046296}]","","","PENDING",""
"I70-019678","arcane_survivor_jayce","4","Character","115","","","","","","","[{""copyright"":""league_of_legends"",""co_posts"":114,""character_coverage"":1.0},{""copyright"":""arcane:_league_of_legends"",""co_posts"":111,""character_coverage"":0.973684},{""copyright"":""no_i'm_not_a_human"",""co_posts"":2,""character_coverage"":0.017544},{""copyright"":""hades_(series)"",""co_posts"":1,""character_coverage"":0.008772},{""copyright"":""the_kiss"",""co_posts"":1,""character_coverage"":0.008772}]","","","PENDING",""
"I70-019679","asselin_bb_ii","4","Character","115","","","","","アスラン=ベルゼビュートII世","","[{""copyright"":""idolmaster"",""co_posts"":112,""character_coverage"":1.0},{""copyright"":""idolmaster_side-m"",""co_posts"":112,""character_coverage"":1.0},{""copyright"":""idolmaster_side-m_growing_stars"",""co_posts"":8,""character_coverage"":0.071429},{""copyright"":""idolmaster_cinderella_girls"",""co_posts"":7,""character_coverage"":0.0625},{""copyright"":""idolmaster_million_live!"",""co_posts"":3,""character_coverage"":0.026786}]","","","PENDING",""
"I70-019680","bachou_mouki_(ikkitousen)","4","Character","115","","","","","馬超孟起","","[{""copyright"":""ikkitousen"",""co_posts"":92,""character_coverage"":1.0},{""copyright"":""ikkitousen_extra_burst"",""co_posts"":21,""character_coverage"":0.228261},{""copyright"":""ikkitousen_xtreme_xecutor"",""co_posts"":11,""character_coverage"":0.119565},{""copyright"":""megami_magazine"",""co_posts"":2,""character_coverage"":0.021739},{""copyright"":""dengeki_g's"",""co_posts"":1,""character_coverage"":0.01087}]","","","PENDING",""
"I70-019681","belfast_(the_noble_attendant)_(azur_lane)","4","Character","115","","","","優雅にして高貴な従者 | 優雅にして高貴な従者(アズールレーン)","优雅而高贵的从者","","[{""copyright"":""azur_lane"",""co_posts"":112,""character_coverage"":1.0},{""copyright"":""comiket_100"",""co_posts"":2,""character_coverage"":0.017857},{""copyright"":""girls'_frontline"",""co_posts"":1,""character_coverage"":0.008929}]","","","PENDING",""
"I70-019682","biker_rosalina","4","Character","115","rosalina_(aero)","rosalina (aero)","","","","","[{""copyright"":""mario_(series)"",""co_posts"":94,""character_coverage"":1.0},{""copyright"":""mario_kart"",""co_posts"":92,""character_coverage"":0.978723},{""copyright"":""mario_kart_wii"",""co_posts"":39,""character_coverage"":0.414894},{""copyright"":""super_mario_galaxy"",""co_posts"":34,""character_coverage"":0.361702},{""copyright"":""mario_kart_8"",""co_posts"":17,""character_coverage"":0.180851}]","","","PENDING",""
"I70-019683","bossman_hero","4","Character","115","","","","","","","[{""copyright"":""omori"",""co_posts"":110,""character_coverage"":1.0},{""copyright"":""hazbin_hotel"",""co_posts"":3,""character_coverage"":0.027273},{""copyright"":""hellaverse"",""co_posts"":3,""character_coverage"":0.027273},{""copyright"":""bobobo-bo_bo-bobo"",""co_posts"":2,""character_coverage"":0.018182},{""copyright"":""jojo_no_kimyou_na_bouken"",""co_posts"":2,""character_coverage"":0.018182}]","","","PENDING",""
"I70-019684","chang_wufei","4","Character","115","","","","","チャン・ウーフェイ","","[{""copyright"":""gundam"",""co_posts"":94,""character_coverage"":1.0},{""copyright"":""gundam_wing"",""co_posts"":94,""character_coverage"":1.0},{""copyright"":""mobile_suit_gundam"",""co_posts"":21,""character_coverage"":0.223404},{""copyright"":""gundam_00"",""co_posts"":20,""character_coverage"":0.212766},{""copyright"":""char's_counterattack"",""co_posts"":19,""character_coverage"":0.202128}]","","","PENDING",""
"I70-019685","chao_lingshen","4","Character","115","lingshen_chao","lingshen chao","","","チャオリンシェン","","[{""copyright"":""mahou_sensei_negima!"",""co_posts"":88,""character_coverage"":1.0},{""copyright"":""bishoujo_senshi_sailor_moon"",""co_posts"":1,""character_coverage"":0.011364},{""copyright"":""megami_magazine"",""co_posts"":1,""character_coverage"":0.011364},{""copyright"":""metal_gear_(series)"",""co_posts"":1,""character_coverage"":0.011364},{""copyright"":""metal_gear_solid_3:_snake_eater"",""co_posts"":1,""character_coverage"":0.011364}]","","","PENDING",""
"I70-019686","cheongmyeong_(return_of_the_mount_hua_sect)","4","Character","115","cheongmyeong,chungmyung","cheongmyeong | chungmyung","","","靑明","","[{""copyright"":""return_of_the_mount_hua_sect"",""co_posts"":114,""character_coverage"":1.0},{""copyright"":""beacon_of_light_in_the_dark_sea"",""co_posts"":2,""character_coverage"":0.017544},{""copyright"":""lout_of_count's_family"",""co_posts"":2,""character_coverage"":0.017544},{""copyright"":""omniscient_reader's_viewpoint"",""co_posts"":2,""character_coverage"":0.017544},{""copyright"":""solo_leveling"",""co_posts"":2,""character_coverage"":0.017544}]","","","PENDING",""
"I70-019687","chibi_miku_(mayo_riyo)","4","Character","115","","","","","チビミク（マヨリヨ）","","[{""copyright"":""vocaloid"",""co_posts"":112,""character_coverage"":1.0},{""copyright"":""goodsmile_company"",""co_posts"":7,""character_coverage"":0.0625},{""copyright"":""goodsmile_racing"",""co_posts"":7,""character_coverage"":0.0625},{""copyright"":""koiiro_byoutou_(vocaloid)"",""co_posts"":3,""character_coverage"":0.026786},{""copyright"":""project_diva_(series)"",""co_posts"":3,""character_coverage"":0.026786}]","","","PENDING",""
"I70-019688","chum_(splatoon)","4","Character","115","","","","","シャケ(スプラトゥーン)","","[{""copyright"":""splatoon_(series)"",""co_posts"":106,""character_coverage"":1.0},{""copyright"":""splatoon_3"",""co_posts"":45,""character_coverage"":0.424528},{""copyright"":""splatoon_2"",""co_posts"":37,""character_coverage"":0.349057},{""copyright"":""splatoon_1"",""co_posts"":5,""character_coverage"":0.04717},{""copyright"":""splatoon_2:_octo_expansion"",""co_posts"":5,""character_coverage"":0.04717}]","","","PENDING",""
"I70-019689","cid_kagenou_(shadow)","4","Character","115","","","","","シャドウ(シド・カゲノー)","","[{""copyright"":""kage_no_jitsuryokusha_ni_naritakute!"",""co_posts"":102,""character_coverage"":0.990291},{""copyright"":""kage_no_jitsuryokusha_ni_naritakute!_master_of_garden"",""co_posts"":52,""character_coverage"":0.504854},{""copyright"":""dungeon_ni_deai_wo_motomeru_no_wa_machigatteiru_darou_ka"",""co_posts"":9,""character_coverage"":0.087379},{""copyright"":""kono_subarashii_sekai_ni_shukufuku_wo!"",""co_posts"":6,""character_coverage"":0.058252},{""copyright"":""konosuba!_fantastic_days"",""co_posts"":5,""character_coverage"":0.048544}]","","","PENDING",""
"I70-019690","ciel_(kamitsubaki_studio)","4","Character","115","","","","","空爽るーむ","","[{""copyright"":""kamitsubaki_studio"",""co_posts"":99,""character_coverage"":1.0},{""copyright"":""sinsekai_record"",""co_posts"":17,""character_coverage"":0.171717},{""copyright"":""girls_revolution_project"",""co_posts"":2,""character_coverage"":0.020202},{""copyright"":""cevio"",""co_posts"":1,""character_coverage"":0.010101},{""copyright"":""monark"",""co_posts"":1,""character_coverage"":0.010101}]","","","PENDING",""
"I70-019691","claudia_hortensia","4","Character","115","claudia_ortensia","claudia ortensia","","","クラウディア・オルテンシア","","[{""copyright"":""fate_(series)"",""co_posts"":108,""character_coverage"":1.0},{""copyright"":""fate/zero"",""co_posts"":91,""character_coverage"":0.842593},{""copyright"":""fate/stay_night"",""co_posts"":28,""character_coverage"":0.259259},{""copyright"":""fate/hollow_ataraxia"",""co_posts"":14,""character_coverage"":0.12963},{""copyright"":""fate/strange_fake"",""co_posts"":4,""character_coverage"":0.037037}]","","","PENDING",""
"I70-019692","clawitzer","4","Character","115","","","","","ブロスター","","[{""copyright"":""pokemon"",""co_posts"":109,""character_coverage"":1.0},{""copyright"":""pokemon_x_and_y"",""co_posts"":29,""character_coverage"":0.266055},{""copyright"":""pokemon_legends:_z-a"",""co_posts"":11,""character_coverage"":0.100917},{""copyright"":""pokemon_tcg"",""co_posts"":9,""character_coverage"":0.082569},{""copyright"":""pokemon_(anime)"",""co_posts"":6,""character_coverage"":0.055046}]","","","PENDING",""
"I70-019693","cloud_of_darkness","4","Character","115","","","","","暗闇の雲","","[{""copyright"":""final_fantasy"",""co_posts"":96,""character_coverage"":1.0},{""copyright"":""final_fantasy_iii"",""co_posts"":84,""character_coverage"":0.875},{""copyright"":""dissidia_final_fantasy"",""co_posts"":64,""character_coverage"":0.666667},{""copyright"":""final_fantasy_ii"",""co_posts"":32,""character_coverage"":0.333333},{""copyright"":""final_fantasy_viii"",""co_posts"":32,""character_coverage"":0.333333}]","","","PENDING",""
"I70-019694","cra_(wakfu)","4","Character","115","","","","","","","[{""copyright"":""wakfu"",""co_posts"":101,""character_coverage"":1.0},{""copyright"":""dofus"",""co_posts"":3,""character_coverage"":0.029703},{""copyright"":""boku_no_hero_academia"",""co_posts"":1,""character_coverage"":0.009901},{""copyright"":""doom_(2016)"",""co_posts"":1,""character_coverage"":0.009901},{""copyright"":""doom_(series)"",""co_posts"":1,""character_coverage"":0.009901}]","","","PENDING",""
"I70-019695","cu_sith_(housamo)","4","Character","115","cu_sith_(tokyo_houkago_summoners)","cu sith (tokyo houkago summoners)","","","カーシー","","[{""copyright"":""tokyo_afterschool_summoners"",""co_posts"":115,""character_coverage"":1.0},{""copyright"":""bishoujo_senshi_sailor_moon"",""co_posts"":1,""character_coverage"":0.008696},{""copyright"":""bishoujo_senshi_sailor_moon_s"",""co_posts"":1,""character_coverage"":0.008696},{""copyright"":""boku_no_hero_academia"",""co_posts"":1,""character_coverage"":0.008696},{""copyright"":""fire_emblem"",""co_posts"":1,""character_coverage"":0.008696}]","","","PENDING",""
"I70-019696","cyan_garamonde","4","Character","115","cayenne_garamonde","cayenne garamonde","","","カイエン・ガラモンド","","[{""copyright"":""final_fantasy"",""co_posts"":111,""character_coverage"":1.0},{""copyright"":""final_fantasy_vi"",""co_posts"":109,""character_coverage"":0.981982},{""copyright"":""final_fantasy_vii"",""co_posts"":15,""character_coverage"":0.135135},{""copyright"":""final_fantasy_vii:_ever_crisis"",""co_posts"":12,""character_coverage"":0.108108},{""copyright"":""final_fantasy_iv"",""co_posts"":5,""character_coverage"":0.045045}]","","","PENDING",""
"I70-019697","dieci_(nanoha)","4","Character","115","","","","","ディエチ・ナカジマ","","[{""copyright"":""lyrical_nanoha"",""co_posts"":98,""character_coverage"":1.0},{""copyright"":""mahou_shoujo_lyrical_nanoha_strikers"",""co_posts"":89,""character_coverage"":0.908163},{""copyright"":""mahou_shoujo_lyrical_nanoha_vivid"",""co_posts"":12,""character_coverage"":0.122449},{""copyright"":""mahou_shoujo_lyrical_nanoha"",""co_posts"":3,""character_coverage"":0.030612},{""copyright"":""mahou_senki_lyrical_nanoha_force"",""co_posts"":2,""character_coverage"":0.020408}]","","","PENDING",""
"I70-019698","dog_child_(doitsuken)","4","Character","115","","","","","犬の子供（doitsuken）","","[{""copyright"":""original"",""co_posts"":115,""character_coverage"":1.0},{""copyright"":""boston_dynamics"",""co_posts"":1,""character_coverage"":0.008696},{""copyright"":""doraemon"",""co_posts"":1,""character_coverage"":0.008696},{""copyright"":""pringles"",""co_posts"":1,""character_coverage"":0.008696}]","","","PENDING",""
"I70-019699","dorothy_gale","4","Character","115","","","","","ドロシー・ゲイル","","[{""copyright"":""the_wizard_of_oz"",""co_posts"":108,""character_coverage"":0.990826},{""copyright"":""original"",""co_posts"":9,""character_coverage"":0.082569},{""copyright"":""alice's_adventures_in_wonderland"",""co_posts"":7,""character_coverage"":0.06422},{""copyright"":""princess_royale"",""co_posts"":6,""character_coverage"":0.055046},{""copyright"":""harry_potter_(series)"",""co_posts"":4,""character_coverage"":0.036697}]","","","PENDING",""
"I70-019700","elder_cousin_(igarashi_kyouhei)","4","Character","115","","","","","いとこ長老（就学史）","","[{""copyright"":""itoko_no_onee-chan_ni_amaechau?"",""co_posts"":112,""character_coverage"":1.0},{""copyright"":""original"",""co_posts"":1,""character_coverage"":0.008929},{""copyright"":""ring_fit_adventure"",""co_posts"":1,""character_coverage"":0.008929}]","","","PENDING",""
"I70-019701","elisa_(girls'_frontline)","4","Character","115","elisa_(girls_frontline)","elisa (girls frontline)","","","エリザ(ドールズフロントライン)","","[{""copyright"":""girls'_frontline"",""co_posts"":104,""character_coverage"":1.0},{""copyright"":""metal_gear_(series)"",""co_posts"":2,""character_coverage"":0.019231},{""copyright"":""team_fortress_2"",""co_posts"":2,""character_coverage"":0.019231},{""copyright"":""invincible_(series)"",""co_posts"":1,""character_coverage"":0.009615},{""copyright"":""lawson"",""co_posts"":1,""character_coverage"":0.009615}]","","","PENDING",""
"I70-019702","endou_yuuji","4","Character","115","","","","","遠藤勇次","","[{""copyright"":""tobaku_mokushiroku_kaiji"",""co_posts"":113,""character_coverage"":1.0},{""copyright"":""fukumoto_mahjong"",""co_posts"":10,""character_coverage"":0.088496},{""copyright"":""akagi:_yami_ni_oritatta_tensai"",""co_posts"":9,""character_coverage"":0.079646},{""copyright"":""tobaku_haouden_zero"",""co_posts"":8,""character_coverage"":0.070796},{""copyright"":""ten_(manga)"",""co_posts"":7,""character_coverage"":0.061947}]","","","PENDING",""
"I70-019703","eunha_(closers)","4","Character","115","","","","","銀河","","[{""copyright"":""closers"",""co_posts"":115,""character_coverage"":1.0},{""copyright"":""blue_archive"",""co_posts"":1,""character_coverage"":0.008696}]","","","PENDING",""
"I70-019704","exploud","4","Character","115","","","","","バクオング","","[{""copyright"":""pokemon"",""co_posts"":105,""character_coverage"":1.0},{""copyright"":""pokemon_ruby/sapphire/emerald"",""co_posts"":12,""character_coverage"":0.114286},{""copyright"":""pokemon_omega_ruby_and_alpha_sapphire"",""co_posts"":8,""character_coverage"":0.07619},{""copyright"":""pokemon_(anime)"",""co_posts"":7,""character_coverage"":0.066667},{""copyright"":""pokemon_emerald"",""co_posts"":7,""character_coverage"":0.066667}]","","","PENDING",""
"I70-019705","fake_hisui_(cookie)","4","Character","115","","","","","偽物だがいいやつそうなHSIさん","","[{""copyright"":""cookie_(touhou)"",""co_posts"":111,""character_coverage"":1.0},{""copyright"":""touhou"",""co_posts"":111,""character_coverage"":1.0},{""copyright"":""manatsu_no_yo_no_inmu"",""co_posts"":15,""character_coverage"":0.135135},{""copyright"":""pokemon"",""co_posts"":11,""character_coverage"":0.099099},{""copyright"":""niconico"",""co_posts"":6,""character_coverage"":0.054054}]","","","PENDING",""
"I70-019706","female_professor_(neural_cloud)","4","Character","115","","","","","女性教授(ニューラルクラウド)","","[{""copyright"":""girls'_frontline"",""co_posts"":109,""character_coverage"":1.0},{""copyright"":""girls'_frontline_neural_cloud"",""co_posts"":109,""character_coverage"":1.0},{""copyright"":""science_adventure"",""co_posts"":6,""character_coverage"":0.055046},{""copyright"":""steins;gate"",""co_posts"":6,""character_coverage"":0.055046},{""copyright"":""girls'_frontline_2:_exilium"",""co_posts"":1,""character_coverage"":0.009174}]","","","PENDING",""
"I70-019707","flittle","4","Character","115","","","","","ヒラヒナ","","[{""copyright"":""pokemon"",""co_posts"":110,""character_coverage"":1.0},{""copyright"":""pokemon_scarlet_and_violet"",""co_posts"":27,""character_coverage"":0.245455},{""copyright"":""pokemon_tcg"",""co_posts"":9,""character_coverage"":0.081818},{""copyright"":""idolmaster"",""co_posts"":4,""character_coverage"":0.036364},{""copyright"":""idolmaster_shiny_colors"",""co_posts"":4,""character_coverage"":0.036364}]","","","PENDING",""
"I70-019708","fraeya_(vtuber)","4","Character","115","","","","","","","[{""copyright"":""indie_virtual_youtuber"",""co_posts"":98,""character_coverage"":1.0},{""copyright"":""original"",""co_posts"":4,""character_coverage"":0.040816}]","","","PENDING",""
"I70-019709","fujisawa_yayoi_(uchuu_no_stellvia)","4","Character","115","","","","","藤沢やよい","","[{""copyright"":""uchuu_no_stellvia"",""co_posts"":103,""character_coverage"":1.0},{""copyright"":""akira_(manga)"",""co_posts"":2,""character_coverage"":0.019417},{""copyright"":""azumanga_daioh"",""co_posts"":2,""character_coverage"":0.019417},{""copyright"":""devil_summoner:_soul_hackers"",""co_posts"":2,""character_coverage"":0.019417},{""copyright"":""devil_summoner_(series)"",""co_posts"":2,""character_coverage"":0.019417}]","","","PENDING",""
"I70-019710","fuyunyan","4","Character","115","","","","","フユニャン","","[{""copyright"":""youkai_watch"",""co_posts"":115,""character_coverage"":1.0},{""copyright"":""youkai_watch_2"",""co_posts"":87,""character_coverage"":0.756522},{""copyright"":""youkai_watch_3"",""co_posts"":4,""character_coverage"":0.034783},{""copyright"":""deltarune"",""co_posts"":2,""character_coverage"":0.017391},{""copyright"":""doraemon"",""co_posts"":2,""character_coverage"":0.017391}]","","","PENDING",""
"I70-019711","golett","4","Character","115","","","","","ゴビット","","[{""copyright"":""pokemon"",""co_posts"":110,""character_coverage"":1.0},{""copyright"":""pokemon_black_and_white"",""co_posts"":19,""character_coverage"":0.172727},{""copyright"":""pokemon_mystery_dungeon"",""co_posts"":8,""character_coverage"":0.072727},{""copyright"":""pokemon_diamond/pearl/platinum"",""co_posts"":6,""character_coverage"":0.054545},{""copyright"":""pokemon_ruby/sapphire/emerald"",""co_posts"":5,""character_coverage"":0.045455}]","","","PENDING",""
"I70-019712","graf_eisen_(hammerform)","4","Character","115","","","","","","","[{""copyright"":""lyrical_nanoha"",""co_posts"":107,""character_coverage"":1.0},{""copyright"":""mahou_shoujo_lyrical_nanoha"",""co_posts"":78,""character_coverage"":0.728972},{""copyright"":""mahou_shoujo_lyrical_nanoha_a's"",""co_posts"":71,""character_coverage"":0.663551},{""copyright"":""mahou_shoujo_lyrical_nanoha_strikers"",""co_posts"":44,""character_coverage"":0.411215},{""copyright"":""yuusha_ou_gaogaigar"",""co_posts"":2,""character_coverage"":0.018692}]","","","PENDING",""
"I70-019713","grave_(beautiful_you)_(nikke)","4","Character","115","","","","","グレイブ:ビューティフル・ユー","","[{""copyright"":""goddess_of_victory:_nikke"",""co_posts"":110,""character_coverage"":1.0},{""copyright"":""blue_archive"",""co_posts"":1,""character_coverage"":0.009091},{""copyright"":""comiket_106"",""co_posts"":1,""character_coverage"":0.009091},{""copyright"":""final_fantasy"",""co_posts"":1,""character_coverage"":0.009091},{""copyright"":""final_fantasy_xiv"",""co_posts"":1,""character_coverage"":0.009091}]","","","PENDING",""
"I70-019714","guam_(stage-setting_charmer)_(azur_lane)","4","Character","115","","","","","チャーミング・ステージング","","[{""copyright"":""azur_lane"",""co_posts"":105,""character_coverage"":1.0},{""copyright"":""i_want_you"",""co_posts"":4,""character_coverage"":0.038095},{""copyright"":""azur_lane:_slow_ahead"",""co_posts"":3,""character_coverage"":0.028571}]","","","PENDING",""
"I70-019715","guitar_little_sister_(hitomi_o)","4","Character","115","guitar_onee-san_(hitomi_o)","guitar onee-san (hitomi o)","","","ギターの妹（hitomi o）","","[{""copyright"":""original"",""co_posts"":64,""character_coverage"":0.566372},{""copyright"":""final_fantasy"",""co_posts"":8,""character_coverage"":0.070796},{""copyright"":""final_fantasy_vii"",""co_posts"":8,""character_coverage"":0.070796},{""copyright"":""wuthering_waves"",""co_posts"":8,""character_coverage"":0.070796},{""copyright"":""genshin_impact"",""co_posts"":6,""character_coverage"":0.053097}]","","","PENDING",""
"I70-019716","gundam_gp-03_stamen","4","Character","115","","","","","ガンダム試作3号機","","[{""copyright"":""gundam"",""co_posts"":111,""character_coverage"":1.0},{""copyright"":""gundam_0083"",""co_posts"":108,""character_coverage"":0.972973},{""copyright"":""sd_gundam"",""co_posts"":20,""character_coverage"":0.18018},{""copyright"":""zeta_gundam"",""co_posts"":13,""character_coverage"":0.117117},{""copyright"":""gundam_zz"",""co_posts"":10,""character_coverage"":0.09009}]","","","PENDING",""
"I70-019717","haruka_armitage","4","Character","115","","","","","ハルカ・アーミテージ","","[{""copyright"":""my-otome"",""co_posts"":74,""character_coverage"":1.0},{""copyright"":""my-hime"",""co_posts"":4,""character_coverage"":0.054054},{""copyright"":""giant_robo"",""co_posts"":1,""character_coverage"":0.013514},{""copyright"":""gundam"",""co_posts"":1,""character_coverage"":0.013514},{""copyright"":""megami_magazine"",""co_posts"":1,""character_coverage"":0.013514}]","","","PENDING",""
"I70-019718","havoc-chan","4","Character","115","","","","","ハボックちゃん","","[{""copyright"":""original"",""co_posts"":113,""character_coverage"":1.0},{""copyright"":""youtube"",""co_posts"":11,""character_coverage"":0.097345},{""copyright"":""instagram"",""co_posts"":6,""character_coverage"":0.053097},{""copyright"":""twitch.tv"",""co_posts"":5,""character_coverage"":0.044248},{""copyright"":""coca-cola"",""co_posts"":2,""character_coverage"":0.017699}]","","","PENDING",""
"I70-019719","helena_(meta)_(azur_lane)","4","Character","115","","","","","ヘレナ(META)","","[{""copyright"":""azur_lane"",""co_posts"":99,""character_coverage"":1.0},{""copyright"":""doki_doki_literature_club"",""co_posts"":2,""character_coverage"":0.020202},{""copyright"":""devil_may_cry_(series)"",""co_posts"":1,""character_coverage"":0.010101},{""copyright"":""devil_may_cry_5"",""co_posts"":1,""character_coverage"":0.010101},{""copyright"":""ender_lilies_quietus_of_the_knights"",""co_posts"":1,""character_coverage"":0.010101}]","","","PENDING",""
"I70-019720","henriette_mystere","4","Character","115","","","","","アンリエット・ミステール","","[{""copyright"":""tantei_opera_milky_holmes"",""co_posts"":105,""character_coverage"":1.0},{""copyright"":""megami_magazine"",""co_posts"":5,""character_coverage"":0.047619},{""copyright"":""nyantype"",""co_posts"":3,""character_coverage"":0.028571},{""copyright"":""amagami"",""co_posts"":1,""character_coverage"":0.009524},{""copyright"":""ano_natsu_de_matteru"",""co_posts"":1,""character_coverage"":0.009524}]","","","PENDING",""
"I70-019721","hilda_(stella_glow)","4","Character","115","","","","","ヒルダ(ステラグロウ)","","[{""copyright"":""stella_glow"",""co_posts"":104,""character_coverage"":1.0},{""copyright"":""fire_emblem"",""co_posts"":2,""character_coverage"":0.019231},{""copyright"":""fire_emblem_fates"",""co_posts"":2,""character_coverage"":0.019231},{""copyright"":""luminous_arc"",""co_posts"":2,""character_coverage"":0.019231},{""copyright"":""arknights"",""co_posts"":1,""character_coverage"":0.009615}]","","","PENDING",""
"I70-019722","hime_(himesama_goumon)","4","Character","115","hime_(hime-sama_""goumon""_no_jikan_desu)","hime (hime-sama ""goumon"" no jikan desu)","","","姫様(姫様“拷問”の時間です)","","[{""copyright"":""hime-sama_\""goumon\""_no_jikan_desu"",""co_posts"":115,""character_coverage"":1.0},{""copyright"":""love_live!"",""co_posts"":17,""character_coverage"":0.147826},{""copyright"":""love_live!_hasu_no_sora_jogakuin_school_idol_club"",""co_posts"":17,""character_coverage"":0.147826},{""copyright"":""gochuumon_wa_usagi_desu_ka?"",""co_posts"":4,""character_coverage"":0.034783},{""copyright"":""fate/grand_order"",""co_posts"":2,""character_coverage"":0.017391}]","","","PENDING",""
"I70-019723","hotori_(nte)","4","Character","115","hotori_(neverness_to_everness)","hotori (neverness to everness)","","","潯(nte)","","[{""copyright"":""neverness_to_everness"",""co_posts"":108,""character_coverage"":1.0},{""copyright"":""stella_sora"",""co_posts"":1,""character_coverage"":0.009259}]","","","PENDING",""
"I70-019724","ieiri_popo","4","Character","115","","","","","ポポのアーチョ","","[{""copyright"":""nanashi_inc."",""co_posts"":115,""character_coverage"":1.0},{""copyright"":""indie_virtual_youtuber"",""co_posts"":2,""character_coverage"":0.017391},{""copyright"":""bleach"",""co_posts"":1,""character_coverage"":0.008696},{""copyright"":""comiket_103"",""co_posts"":1,""character_coverage"":0.008696},{""copyright"":""don_quijote_(store)"",""co_posts"":1,""character_coverage"":0.008696}]","","","PENDING",""
"I70-019725","infinite_(sonic)","4","Character","115","","","","","インフィニット","","[{""copyright"":""sonic_(series)"",""co_posts"":106,""character_coverage"":1.0},{""copyright"":""sonic_forces"",""co_posts"":94,""character_coverage"":0.886792},{""copyright"":""sonic_the_hedgehog_(2006)"",""co_posts"":8,""character_coverage"":0.075472},{""copyright"":""sonic_adventure"",""co_posts"":5,""character_coverage"":0.04717},{""copyright"":""sonic_unleashed"",""co_posts"":4,""character_coverage"":0.037736}]","","","PENDING",""
"I70-019726","irie_kyousuke","4","Character","115","","","","","入江京介","","[{""copyright"":""higurashi_no_naku_koro_ni"",""co_posts"":92,""character_coverage"":1.0},{""copyright"":""umineko_no_naku_koro_ni"",""co_posts"":4,""character_coverage"":0.043478},{""copyright"":""team_fortress_2"",""co_posts"":3,""character_coverage"":0.032609},{""copyright"":""higurashi_no_naku_koro_ni_gou"",""co_posts"":2,""character_coverage"":0.021739},{""copyright"":""higurashi_no_naku_koro_ni_mei"",""co_posts"":2,""character_coverage"":0.021739}]","","","PENDING",""
"I70-019727","jessie_the_yodeling_cowgirl","4","Character","115","","","","","ジェシー(トイストーリー)","","[{""copyright"":""toy_story"",""co_posts"":70,""character_coverage"":1.0},{""copyright"":""original"",""co_posts"":7,""character_coverage"":0.1},{""copyright"":""majo_no_takkyuubin"",""co_posts"":6,""character_coverage"":0.085714},{""copyright"":""marvel"",""co_posts"":5,""character_coverage"":0.071429},{""copyright"":""disney"",""co_posts"":4,""character_coverage"":0.057143}]","","","PENDING",""
"I70-019728","jiraiya_(persona_4)","4","Character","115","","","","","ジライヤ","","[{""copyright"":""persona"",""co_posts"":108,""character_coverage"":1.0},{""copyright"":""persona_4"",""co_posts"":108,""character_coverage"":1.0},{""copyright"":""persona_3"",""co_posts"":4,""character_coverage"":0.037037},{""copyright"":""persona_4:_the_ultimate_in_mayonaka_arena"",""co_posts"":2,""character_coverage"":0.018519},{""copyright"":""persona_4_revival"",""co_posts"":2,""character_coverage"":0.018519}]","","","PENDING",""
"I70-019729","karla_(fire_emblem)","4","Character","115","","","","","カーラ（火の紋章）","","[{""copyright"":""fire_emblem"",""co_posts"":108,""character_coverage"":1.0},{""copyright"":""fire_emblem:_the_blazing_blade"",""co_posts"":103,""character_coverage"":0.953704},{""copyright"":""fire_emblem_heroes"",""co_posts"":52,""character_coverage"":0.481481},{""copyright"":""fire_emblem:_the_binding_blade"",""co_posts"":23,""character_coverage"":0.212963},{""copyright"":""fire_emblem:_the_sacred_stones"",""co_posts"":11,""character_coverage"":0.101852}]","","","PENDING",""
"I70-019730","katharine_o'hare","4","Character","115","","","","","キャサリン・オヘア","","[{""copyright"":""strike_witches:_suomus_misfits_squadron"",""co_posts"":105,""character_coverage"":1.0},{""copyright"":""world_witches_series"",""co_posts"":105,""character_coverage"":1.0},{""copyright"":""strike_witches"",""co_posts"":22,""character_coverage"":0.209524},{""copyright"":""strike_witches:_aurora_no_majo"",""co_posts"":12,""character_coverage"":0.114286},{""copyright"":""strike_witches_zero"",""co_posts"":9,""character_coverage"":0.085714}]","","","PENDING",""
"I70-019731","kevin_graham","4","Character","115","","","","","ケビン・グラハム","","[{""copyright"":""eiyuu_densetsu"",""co_posts"":109,""character_coverage"":1.0},{""copyright"":""sora_no_kiseki"",""co_posts"":89,""character_coverage"":0.816514},{""copyright"":""kuro_no_kiseki_(series)"",""co_posts"":25,""character_coverage"":0.229358},{""copyright"":""kai_no_kiseki"",""co_posts"":24,""character_coverage"":0.220183},{""copyright"":""ao_no_kiseki"",""co_posts"":12,""character_coverage"":0.110092}]","","","PENDING",""
"I70-019732","kidagakash","4","Character","115","","","","","キーダ","","[{""copyright"":""atlantis:_the_lost_empire"",""co_posts"":87,""character_coverage"":1.0},{""copyright"":""the_road_to_el_dorado"",""co_posts"":10,""character_coverage"":0.114943},{""copyright"":""disney"",""co_posts"":2,""character_coverage"":0.022989},{""copyright"":""hercules_(1997_movie)"",""co_posts"":2,""character_coverage"":0.022989},{""copyright"":""marvel"",""co_posts"":2,""character_coverage"":0.022989}]","","","PENDING",""
"I70-019733","kikuta_mokutaro","4","Character","115","","","","","菊田(ゴールデンカムイ)","","[{""copyright"":""golden_kamuy"",""co_posts"":115,""character_coverage"":1.0},{""copyright"":""pokemon"",""co_posts"":2,""character_coverage"":0.017391},{""copyright"":""among_us"",""co_posts"":1,""character_coverage"":0.008696},{""copyright"":""assassin's_creed_(series)"",""co_posts"":1,""character_coverage"":0.008696},{""copyright"":""assassin's_creed_iv:_black_flag"",""co_posts"":1,""character_coverage"":0.008696}]","","","PENDING",""
"I70-019734","kirari_hikaru","4","Character","115","","","","","煌里ひかる","","[{""copyright"":""magia_record:_mahou_shoujo_madoka_magica_gaiden"",""co_posts"":113,""character_coverage"":1.0},{""copyright"":""mahou_shoujo_madoka_magica"",""co_posts"":113,""character_coverage"":1.0},{""copyright"":""mahou_shoujo_suzune_magica"",""co_posts"":4,""character_coverage"":0.035398},{""copyright"":""mahou_shoujo_kazumi_magica"",""co_posts"":3,""character_coverage"":0.026549},{""copyright"":""lyrical_nanoha"",""co_posts"":2,""character_coverage"":0.017699}]","","","PENDING",""
"I70-019735","kirika_towa_alma","4","Character","115","","","","","キリカ・トワ・アルマ","","[{""copyright"":""shining_(series)"",""co_posts"":107,""character_coverage"":1.0},{""copyright"":""shining_resonance"",""co_posts"":105,""character_coverage"":0.981308},{""copyright"":""shining_blade"",""co_posts"":8,""character_coverage"":0.074766},{""copyright"":""phantasy_star"",""co_posts"":2,""character_coverage"":0.018692},{""copyright"":""phantasy_star_online_2"",""co_posts"":2,""character_coverage"":0.018692}]","","","PENDING",""
"I70-019736","knight_princess_annelotte","4","Character","115","","","","叛乱の騎士姫アンネロッテクロイツ | 叛乱の騎士姫アンネロッテ・クロイツ","","","[{""copyright"":""queen's_blade"",""co_posts"":109,""character_coverage"":1.0},{""copyright"":""queen's_blade_rebellion"",""co_posts"":109,""character_coverage"":1.0},{""copyright"":""queen's_blade_grimoire"",""co_posts"":8,""character_coverage"":0.073394},{""copyright"":""megami_magazine"",""co_posts"":4,""character_coverage"":0.036697},{""copyright"":""vanquished_queens"",""co_posts"":4,""character_coverage"":0.036697}]","","","PENDING",""
"I70-019737","kowata_makoto","4","Character","115","","","","","木幡真琴","","[{""copyright"":""flying_witch"",""co_posts"":110,""character_coverage"":1.0},{""copyright"":""little_witch_academia"",""co_posts"":3,""character_coverage"":0.027273},{""copyright"":""majo_no_takkyuubin"",""co_posts"":3,""character_coverage"":0.027273},{""copyright"":""ojamajo_doremi"",""co_posts"":3,""character_coverage"":0.027273},{""copyright"":""soul_eater"",""co_posts"":3,""character_coverage"":0.027273}]","","","PENDING",""
"I70-019738","kubota_junichirou","4","Character","115","","","","","久保田淳一郎","","[{""copyright"":""tomo-chan_wa_onna_no_ko"",""co_posts"":99,""character_coverage"":1.0},{""copyright"":""original"",""co_posts"":21,""character_coverage"":0.212121},{""copyright"":""boku_no_hero_academia"",""co_posts"":1,""character_coverage"":0.010101},{""copyright"":""cyberpunk:_edgerunners"",""co_posts"":1,""character_coverage"":0.010101},{""copyright"":""cyberpunk_(series)"",""co_posts"":1,""character_coverage"":0.010101}]","","","PENDING",""
"I70-019739","kurumizaka_ruri","4","Character","115","","","","","胡桃坂ルリ","","[{""copyright"":""imaizumin-chi_wa_douyara_gal_no_tamariba_ni_natteru_rashii"",""co_posts"":98,""character_coverage"":1.0}]","","","PENDING",""
"I70-019740","kuzunoha_amehiko","4","Character","115","","","","","葛之葉雨彦","","[{""copyright"":""idolmaster"",""co_posts"":115,""character_coverage"":1.0},{""copyright"":""idolmaster_side-m"",""co_posts"":115,""character_coverage"":1.0},{""copyright"":""idolmaster_side-m_growing_stars"",""co_posts"":8,""character_coverage"":0.069565},{""copyright"":""idolmaster_cinderella_girls"",""co_posts"":5,""character_coverage"":0.043478},{""copyright"":""idolmaster_(classic)"",""co_posts"":2,""character_coverage"":0.017391}]","","","PENDING",""
"I70-019741","lance_(epic_battle_fantasy)","4","Character","115","","","","","","","[{""copyright"":""epic_battle_fantasy"",""co_posts"":105,""character_coverage"":1.0},{""copyright"":""a.i._voice"",""co_posts"":1,""character_coverage"":0.009524},{""copyright"":""chiikawa"",""co_posts"":1,""character_coverage"":0.009524},{""copyright"":""kirby_(series)"",""co_posts"":1,""character_coverage"":0.009524},{""copyright"":""limbus_company"",""co_posts"":1,""character_coverage"":0.009524}]","","","PENDING",""
"I70-019742","laru_(stella_sora)","4","Character","115","","","","","ラール","","[{""copyright"":""stella_sora"",""co_posts"":114,""character_coverage"":1.0}]","","","PENDING",""
"I70-019743","ledo_(suisei_no_gargantia)","4","Character","115","","","","","レド（スイセイガンガンティアなし）","","[{""copyright"":""suisei_no_gargantia"",""co_posts"":111,""character_coverage"":1.0},{""copyright"":""nagi_no_asukara"",""co_posts"":3,""character_coverage"":0.027027},{""copyright"":""kakumeiki_valvrave"",""co_posts"":2,""character_coverage"":0.018018},{""copyright"":""aquarion_(series)"",""co_posts"":1,""character_coverage"":0.009009},{""copyright"":""aquarion_evol"",""co_posts"":1,""character_coverage"":0.009009}]","","","PENDING",""
"I70-019744","lena_liechtenauer","4","Character","115","","","","","レナ・リヒテナウアー","","[{""copyright"":""senren_banka"",""co_posts"":105,""character_coverage"":1.0},{""copyright"":""yuzusoft"",""co_posts"":9,""character_coverage"":0.085714},{""copyright"":""otogi_frontier"",""co_posts"":8,""character_coverage"":0.07619},{""copyright"":""riddle_joker"",""co_posts"":6,""character_coverage"":0.057143},{""copyright"":""amairo_islenauts"",""co_posts"":5,""character_coverage"":0.047619}]","","","PENDING",""
"I70-019745","lordly_trashcan_(honkai:_star_rail)","4","Character","115","","","","","王のゴミ箱","","[{""copyright"":""honkai:_star_rail"",""co_posts"":110,""character_coverage"":1.0},{""copyright"":""honkai_(series)"",""co_posts"":110,""character_coverage"":1.0},{""copyright"":""honkai_impact_3rd"",""co_posts"":8,""character_coverage"":0.072727},{""copyright"":""genshin_impact"",""co_posts"":6,""character_coverage"":0.054545},{""copyright"":""mihoyo"",""co_posts"":6,""character_coverage"":0.054545}]","","","PENDING",""
"I70-019746","lorem_(mazohaha)","4","Character","115","","","","","ローレム","","[{""copyright"":""musuko_ga_kawaikute_shikatanai_mazoku_no_hahaoya"",""co_posts"":103,""character_coverage"":1.0},{""copyright"":""aohada_bocchi"",""co_posts"":3,""character_coverage"":0.029126},{""copyright"":""kinjo_no_hito_no_nakimushi"",""co_posts"":2,""character_coverage"":0.019417},{""copyright"":""original"",""co_posts"":2,""character_coverage"":0.019417},{""copyright"":""yakunitatsu_node_chi_o_kudasai"",""co_posts"":2,""character_coverage"":0.019417}]","","","PENDING",""
"I70-019747","luxtia","4","Character","115","","","","","ルクスティア","","[{""copyright"":""kouyoku_senki_exs-tia"",""co_posts"":115,""character_coverage"":1.0},{""copyright"":""shakugan_no_shana"",""co_posts"":5,""character_coverage"":0.043478},{""copyright"":""original"",""co_posts"":2,""character_coverage"":0.017391},{""copyright"":""lusterise"",""co_posts"":1,""character_coverage"":0.008696}]","","","PENDING",""
"I70-019748","lyn_(brave_lady)_(fire_emblem)","4","Character","115","lyn_(glitters_of_hope)_(fire_emblem)","lyn (glitters of hope) (fire emblem)","","","","","[{""copyright"":""fire_emblem"",""co_posts"":106,""character_coverage"":1.0},{""copyright"":""fire_emblem:_the_blazing_blade"",""co_posts"":105,""character_coverage"":0.990566},{""copyright"":""fire_emblem_heroes"",""co_posts"":103,""character_coverage"":0.971698},{""copyright"":""fire_emblem_awakening"",""co_posts"":22,""character_coverage"":0.207547},{""copyright"":""fire_emblem:_path_of_radiance"",""co_posts"":16,""character_coverage"":0.150943}]","","","PENDING",""
"I70-019749","maggiore_baracca_(azur_lane)","4","Character","115","","","","","マッジョーレ・バラッカ(アズールレーン)","","[{""copyright"":""azur_lane"",""co_posts"":106,""character_coverage"":1.0},{""copyright"":""yu-gi-oh!"",""co_posts"":14,""character_coverage"":0.132075},{""copyright"":""vocaloid"",""co_posts"":1,""character_coverage"":0.009434},{""copyright"":""world_of_warships"",""co_posts"":1,""character_coverage"":0.009434}]","","","PENDING",""
"I70-019750","maki_natsuo","4","Character","115","","","","","マキ・ナツオ","","[{""copyright"":""love_lab_(manga)"",""co_posts"":97,""character_coverage"":1.0},{""copyright"":""megami_magazine"",""co_posts"":4,""character_coverage"":0.041237},{""copyright"":""mario_(series)"",""co_posts"":1,""character_coverage"":0.010309},{""copyright"":""nyantype"",""co_posts"":1,""character_coverage"":0.010309}]","","","PENDING",""
"I70-019751","margery_daw","4","Character","115","margerydaw","margerydaw","","","マージョリー・ドー","","[{""copyright"":""shakugan_no_shana"",""co_posts"":79,""character_coverage"":1.0},{""copyright"":""divine_gate"",""co_posts"":2,""character_coverage"":0.025316},{""copyright"":""higurashi_no_naku_koro_ni"",""co_posts"":2,""character_coverage"":0.025316},{""copyright"":""k-on!"",""co_posts"":2,""character_coverage"":0.025316},{""copyright"":""megami_magazine"",""co_posts"":2,""character_coverage"":0.025316}]","","","PENDING",""
"I70-019752","mejiro_dober_(casual)_(umamusume)","4","Character","115","","","","","","","[{""copyright"":""umamusume"",""co_posts"":111,""character_coverage"":1.0},{""copyright"":""bleach"",""co_posts"":1,""character_coverage"":0.009009},{""copyright"":""comiket_100"",""co_posts"":1,""character_coverage"":0.009009},{""copyright"":""jojo_no_kimyou_na_bouken"",""co_posts"":1,""character_coverage"":0.009009},{""copyright"":""real_life"",""co_posts"":1,""character_coverage"":0.009009}]","","","PENDING",""
"I70-019753","mike_haggar","4","Character","115","","","","","マイク・ハガー","","[{""copyright"":""final_fight"",""co_posts"":96,""character_coverage"":0.979592},{""copyright"":""street_fighter"",""co_posts"":44,""character_coverage"":0.44898},{""copyright"":""capcom"",""co_posts"":30,""character_coverage"":0.306122},{""copyright"":""darkstalkers"",""co_posts"":23,""character_coverage"":0.234694},{""copyright"":""marvel_vs._capcom"",""co_posts"":23,""character_coverage"":0.234694}]","","","PENDING",""
"I70-019754","minerva_(re:zero)","4","Character","115","","","","","ミネルヴァ","","[{""copyright"":""re:zero_kara_hajimeru_isekai_seikatsu"",""co_posts"":78,""character_coverage"":1.0},{""copyright"":""re:zero_kara_hajimeru_isekai_seikatsu:_lost_in_memories"",""co_posts"":5,""character_coverage"":0.064103},{""copyright"":""crash_fever"",""co_posts"":1,""character_coverage"":0.012821},{""copyright"":""youtube"",""co_posts"":1,""character_coverage"":0.012821}]","","","PENDING",""
"I70-019755","momo_(gundam_build_divers)","4","Character","115","","","","","モモ（ガンダムビルドダイバー）","","[{""copyright"":""gundam"",""co_posts"":108,""character_coverage"":1.0},{""copyright"":""gundam_build_divers"",""co_posts"":108,""character_coverage"":1.0},{""copyright"":""gundam_build_divers_re:rise"",""co_posts"":15,""character_coverage"":0.138889},{""copyright"":""gundam_00"",""co_posts"":2,""character_coverage"":0.018519},{""copyright"":""newtype"",""co_posts"":2,""character_coverage"":0.018519}]","","","PENDING",""
"I70-019756","mordred_(formal_dress)_(fate)","4","Character","115","","","","","英霊正装","","[{""copyright"":""fate_(series)"",""co_posts"":115,""character_coverage"":1.0},{""copyright"":""fate/grand_order"",""co_posts"":100,""character_coverage"":0.869565},{""copyright"":""fate/apocrypha"",""co_posts"":67,""character_coverage"":0.582609},{""copyright"":""fate/stay_night"",""co_posts"":3,""character_coverage"":0.026087},{""copyright"":""coca-cola"",""co_posts"":1,""character_coverage"":0.008696}]","","","PENDING",""
"I70-019757","moro_(mononoke_hime)","4","Character","115","","","","","モロ","","[{""copyright"":""mononoke_hime"",""co_posts"":111,""character_coverage"":1.0},{""copyright"":""studio_ghibli"",""co_posts"":20,""character_coverage"":0.18018},{""copyright"":""tonari_no_totoro"",""co_posts"":5,""character_coverage"":0.045045},{""copyright"":""majo_no_takkyuubin"",""co_posts"":4,""character_coverage"":0.036036},{""copyright"":""sen_to_chihiro_no_kamikakushi"",""co_posts"":4,""character_coverage"":0.036036}]","","","PENDING",""
"I70-019758","mozu_(fire_emblem)","4","Character","115","mozume_(fire_emblem_if)","mozume (fire emblem if)","","","モズメ","","[{""copyright"":""fire_emblem"",""co_posts"":102,""character_coverage"":1.0},{""copyright"":""fire_emblem_fates"",""co_posts"":102,""character_coverage"":1.0},{""copyright"":""fire_emblem_heroes"",""co_posts"":10,""character_coverage"":0.098039},{""copyright"":""fire_emblem:_three_houses"",""co_posts"":2,""character_coverage"":0.019608},{""copyright"":""fire_emblem_awakening"",""co_posts"":2,""character_coverage"":0.019608}]","","","PENDING",""
"I70-019759","nakayama_festa_(casual)_(umamusume)","4","Character","115","","","","","","","[{""copyright"":""umamusume"",""co_posts"":109,""character_coverage"":1.0},{""copyright"":""original"",""co_posts"":1,""character_coverage"":0.009174},{""copyright"":""twitter"",""co_posts"":1,""character_coverage"":0.009174}]","","","PENDING",""
"I70-019760","nekomiya_nono","4","Character","115","","","","","猫宮のの","","[{""copyright"":""yotsunoha"",""co_posts"":103,""character_coverage"":0.980952},{""copyright"":""megami_magazine"",""co_posts"":7,""character_coverage"":0.066667},{""copyright"":""sakura_sakura"",""co_posts"":4,""character_coverage"":0.038095},{""copyright"":""comp_h's"",""co_posts"":2,""character_coverage"":0.019048},{""copyright"":""air_(visual_novel)"",""co_posts"":1,""character_coverage"":0.009524}]","","","PENDING",""
"I70-019761","nishigoori_axel","4","Character","115","","","","","スケオタ三姉妹","","[{""copyright"":""yuri!!!_on_ice"",""co_posts"":115,""character_coverage"":1.0},{""copyright"":""101_dalmatians"",""co_posts"":1,""character_coverage"":0.008696},{""copyright"":""alice's_adventures_in_wonderland"",""co_posts"":1,""character_coverage"":0.008696},{""copyright"":""alice_in_wonderland_(disney)"",""co_posts"":1,""character_coverage"":0.008696},{""copyright"":""cat's_eye"",""co_posts"":1,""character_coverage"":0.008696}]","","","PENDING",""
"I70-019762","nishigoori_loop","4","Character","115","","","","","スケオタ三姉妹","","[{""copyright"":""yuri!!!_on_ice"",""co_posts"":115,""character_coverage"":1.0},{""copyright"":""101_dalmatians"",""co_posts"":1,""character_coverage"":0.008696},{""copyright"":""alice's_adventures_in_wonderland"",""co_posts"":1,""character_coverage"":0.008696},{""copyright"":""alice_in_wonderland_(disney)"",""co_posts"":1,""character_coverage"":0.008696},{""copyright"":""cat's_eye"",""co_posts"":1,""character_coverage"":0.008696}]","","","PENDING",""
"I70-019763","nishigoori_lutz","4","Character","115","","","","","スケオタ三姉妹","","[{""copyright"":""yuri!!!_on_ice"",""co_posts"":115,""character_coverage"":1.0},{""copyright"":""101_dalmatians"",""co_posts"":1,""character_coverage"":0.008696},{""copyright"":""alice's_adventures_in_wonderland"",""co_posts"":1,""character_coverage"":0.008696},{""copyright"":""alice_in_wonderland_(disney)"",""co_posts"":1,""character_coverage"":0.008696},{""copyright"":""cat's_eye"",""co_posts"":1,""character_coverage"":0.008696}]","","","PENDING",""
"I70-019764","obey_your_master_(racing)_(umamusume)","4","Character","115","obey_your_master_(america)_(racing)_(umamusume)","obey your master (america) (racing) (umamusume)","","","","","[{""copyright"":""umamusume"",""co_posts"":98,""character_coverage"":1.0},{""copyright"":""umamusume:_cinderella_gray"",""co_posts"":91,""character_coverage"":0.928571},{""copyright"":""original"",""co_posts"":2,""character_coverage"":0.020408},{""copyright"":""pukey_goddess_shot_trick"",""co_posts"":2,""character_coverage"":0.020408},{""copyright"":""animedia"",""co_posts"":1,""character_coverage"":0.010204}]","","","PENDING",""
"I70-019765","pallas's_cat_(kemono_friends)","4","Character","115","","","","","マヌルネコ","","[{""copyright"":""kemono_friends"",""co_posts"":110,""character_coverage"":1.0},{""copyright"":""kemono_friends_3"",""co_posts"":23,""character_coverage"":0.209091},{""copyright"":""breaking_bad"",""co_posts"":1,""character_coverage"":0.009091},{""copyright"":""crunchyroll"",""co_posts"":1,""character_coverage"":0.009091},{""copyright"":""where's_wally?"",""co_posts"":1,""character_coverage"":0.009091}]","","","PENDING",""
"I70-019766","pohwaran","4","Character","115","","","","ポー・ファラン","砲火蘭","","[{""copyright"":""blade_&_soul"",""co_posts"":114,""character_coverage"":1.0},{""copyright"":""code_geass"",""co_posts"":1,""character_coverage"":0.008772},{""copyright"":""original"",""co_posts"":1,""character_coverage"":0.008772}]","","","PENDING",""
"I70-019767","pyro_slime_(genshin_impact)","4","Character","115","","","","","炎スライム","","[{""copyright"":""genshin_impact"",""co_posts"":110,""character_coverage"":1.0},{""copyright"":""honkai_(series)"",""co_posts"":2,""character_coverage"":0.018182},{""copyright"":""honkai_impact_3rd"",""co_posts"":2,""character_coverage"":0.018182},{""copyright"":""mihoyo"",""co_posts"":2,""character_coverage"":0.018182},{""copyright"":""animal_crossing"",""co_posts"":1,""character_coverage"":0.009091}]","","","PENDING",""
"I70-019768","rene_(kuramochi_meruto)","4","Character","115","","","","","","","[{""copyright"":""nijisanji"",""co_posts"":111,""character_coverage"":1.0},{""copyright"":""little_red_riding_hood_(fairy_tale)"",""co_posts"":1,""character_coverage"":0.009009}]","","","PENDING",""
"I70-019769","rina_(durindana_7)","4","Character","115","","","","","","","[{""copyright"":""original"",""co_posts"":115,""character_coverage"":1.0},{""copyright"":""comiket_107"",""co_posts"":11,""character_coverage"":0.095652}]","","","PENDING",""
"I70-019770","rio_(g_(genesis1556))","4","Character","115","","","","","リオ（g（genesis1556））","","[{""copyright"":""original"",""co_posts"":107,""character_coverage"":1.0},{""copyright"":""gundam"",""co_posts"":1,""character_coverage"":0.009346},{""copyright"":""gundam:_hathaway's_flash"",""co_posts"":1,""character_coverage"":0.009346},{""copyright"":""japanese_urban_legends"",""co_posts"":1,""character_coverage"":0.009346},{""copyright"":""mario_(series)"",""co_posts"":1,""character_coverage"":0.009346}]","","","PENDING",""
"I70-019771","robobot_armor","4","Character","115","","","","","ロボボアーマー","","[{""copyright"":""kirby_(series)"",""co_posts"":108,""character_coverage"":1.0},{""copyright"":""kirby:_planet_robobot"",""co_posts"":98,""character_coverage"":0.907407},{""copyright"":""kirby:_squeak_squad"",""co_posts"":26,""character_coverage"":0.240741},{""copyright"":""kirby's_dream_land_3"",""co_posts"":24,""character_coverage"":0.222222},{""copyright"":""kirby's_return_to_dream_land"",""co_posts"":24,""character_coverage"":0.222222}]","","","PENDING",""
"I70-019772","sasaki_yukina","4","Character","115","","","","","佐々木ユキナ","","[{""copyright"":""imaizumin-chi_wa_douyara_gal_no_tamariba_ni_natteru_rashii"",""co_posts"":97,""character_coverage"":1.0}]","","","PENDING",""
"I70-019773","sclera_(asteroid_ill)","4","Character","115","sclera_(asuteroid)","sclera (asuteroid)","","","硬化症（小惑星病）","","[{""copyright"":""original"",""co_posts"":115,""character_coverage"":1.0}]","","","PENDING",""
"I70-019774","shiki_(yuureidoushi_(yuurei6214))","4","Character","115","","","","","シキ（Yuureidoushi（Yuurei6214））","","[{""copyright"":""original"",""co_posts"":114,""character_coverage"":0.991304},{""copyright"":""beyblade"",""co_posts"":1,""character_coverage"":0.008696},{""copyright"":""kantai_collection"",""co_posts"":1,""character_coverage"":0.008696},{""copyright"":""psycho-pass"",""co_posts"":1,""character_coverage"":0.008696},{""copyright"":""scp_foundation"",""co_posts"":1,""character_coverage"":0.008696}]","","","PENDING",""
"I70-019775","shinobu_akira_(madoka_magica)","4","Character","115","shinobu_akira_(magia_record)","shinobu akira (magia record)","","","志伸あきら","","[{""copyright"":""magia_record:_mahou_shoujo_madoka_magica_gaiden"",""co_posts"":113,""character_coverage"":1.0},{""copyright"":""mahou_shoujo_madoka_magica"",""co_posts"":113,""character_coverage"":1.0},{""copyright"":""mahou_shoujo_madoka_magica_magia_exedra"",""co_posts"":5,""character_coverage"":0.044248},{""copyright"":""mahou_shoujo_suzune_magica"",""co_posts"":5,""character_coverage"":0.044248},{""copyright"":""lyrical_nanoha"",""co_posts"":3,""character_coverage"":0.026549}]","","","PENDING",""
"I70-019776","shitaisan","4","Character","115","","","","","死体さん","","[{""copyright"":""yume_nikki"",""co_posts"":108,""character_coverage"":1.0},{""copyright"":""ib_(kouri)"",""co_posts"":5,""character_coverage"":0.046296},{""copyright"":""yume_2kki"",""co_posts"":4,""character_coverage"":0.037037},{""copyright"":"".flow"",""co_posts"":1,""character_coverage"":0.009259},{""copyright"":""durarara!!"",""co_posts"":1,""character_coverage"":0.009259}]","","","PENDING",""
"I70-019777","sidoh","4","Character","115","","","","","シドー","","[{""copyright"":""dragon_quest"",""co_posts"":109,""character_coverage"":1.0},{""copyright"":""dragon_quest_ii"",""co_posts"":77,""character_coverage"":0.706422},{""copyright"":""dragon_quest_builders_2"",""co_posts"":43,""character_coverage"":0.394495},{""copyright"":""dragon_quest_i"",""co_posts"":18,""character_coverage"":0.165138},{""copyright"":""dragon_quest_iii"",""co_posts"":17,""character_coverage"":0.155963}]","","","PENDING",""
"I70-019778","sky_child","4","Character","115","","","","","光之子","","[{""copyright"":""sky:_children_of_the_light"",""co_posts"":112,""character_coverage"":1.0},{""copyright"":""original"",""co_posts"":3,""character_coverage"":0.026786},{""copyright"":""journey"",""co_posts"":2,""character_coverage"":0.017857},{""copyright"":""alien_stage"",""co_posts"":1,""character_coverage"":0.008929},{""copyright"":""ena:_dream_bbq"",""co_posts"":1,""character_coverage"":0.008929}]","","","PENDING",""
"I70-019779","sohee","4","Character","115","","","","","ソヒー","","[{""copyright"":""ragnarok_online"",""co_posts"":109,""character_coverage"":1.0},{""copyright"":""fate/stay_night"",""co_posts"":2,""character_coverage"":0.018349},{""copyright"":""fate_(series)"",""co_posts"":2,""character_coverage"":0.018349},{""copyright"":""code_geass"",""co_posts"":1,""character_coverage"":0.009174},{""copyright"":""evangelion:_2.0_you_can_(not)_advance"",""co_posts"":1,""character_coverage"":0.009174}]","","","PENDING",""
"I70-019780","souryuu_(lawson)_(kancolle)","4","Character","115","","","","ローソン蒼龍 | 蒼龍(ローソン)","","","[{""copyright"":""kantai_collection"",""co_posts"":115,""character_coverage"":1.0},{""copyright"":""lawson"",""co_posts"":1,""character_coverage"":0.008696},{""copyright"":""real_life"",""co_posts"":1,""character_coverage"":0.008696}]","","","PENDING",""
"I70-019781","sousou_(koihime_musou)","4","Character","115","","","","","曹操","","[{""copyright"":""koihime_musou"",""co_posts"":106,""character_coverage"":1.0},{""copyright"":""shin_koihime_musou"",""co_posts"":9,""character_coverage"":0.084906},{""copyright"":""suzukuri_karin-chan"",""co_posts"":2,""character_coverage"":0.018868},{""copyright"":""comptiq"",""co_posts"":1,""character_coverage"":0.009434},{""copyright"":""deep_one_kyomu_to_mugen_no_fragment"",""co_posts"":1,""character_coverage"":0.009434}]","","","PENDING",""
"I70-019782","south_korea_(kokkimusume)","4","Character","115","south_korea_(ppfjvdjudk54073)","south korea (ppfjvdjudk54073)","","","韓国ちゃん","","[]","","","PENDING",""
"I70-019783","springtrap","4","Character","115","","","","","スプリングトラップ","","[{""copyright"":""five_nights_at_freddy's"",""co_posts"":94,""character_coverage"":1.0},{""copyright"":""five_nights_at_freddy's_3"",""co_posts"":63,""character_coverage"":0.670213},{""copyright"":""five_nights_at_freddy's:_security_breach"",""co_posts"":7,""character_coverage"":0.074468},{""copyright"":""the_amazing_digital_circus"",""co_posts"":6,""character_coverage"":0.06383},{""copyright"":""freddy_fazbear's_pizzeria_simulator"",""co_posts"":5,""character_coverage"":0.053191}]","","","PENDING",""
"I70-019784","strea_(sao)","4","Character","115","","","","","ストレア","","[{""copyright"":""sword_art_online"",""co_posts"":108,""character_coverage"":1.0},{""copyright"":""sword_art_online:_code_register"",""co_posts"":50,""character_coverage"":0.462963},{""copyright"":""sword_art_online:_hollow_fragment"",""co_posts"":16,""character_coverage"":0.148148},{""copyright"":""sword_art_online:_fatal_bullet"",""co_posts"":3,""character_coverage"":0.027778},{""copyright"":""sword_art_online:_hollow_realization"",""co_posts"":3,""character_coverage"":0.027778}]","","","PENDING",""
"I70-019785","sunomiya_sana","4","Character","115","","","","","須ノ宮さな","","[{""copyright"":""ijiranaide_nagatoro-san"",""co_posts"":100,""character_coverage"":1.0},{""copyright"":""warhammer_40k"",""co_posts"":2,""character_coverage"":0.02},{""copyright"":""megami_magazine"",""co_posts"":1,""character_coverage"":0.01},{""copyright"":""spy_x_family"",""co_posts"":1,""character_coverage"":0.01}]","","","PENDING",""
"I70-019786","sweet_lip","4","Character","115","","","","","スイートリップ","","[{""copyright"":""mahou_senshi_(series)"",""co_posts"":111,""character_coverage"":0.965217},{""copyright"":""mahou_senshi_sweet_knights"",""co_posts"":96,""character_coverage"":0.834783},{""copyright"":""mahou_senshi_sweet_knights_2"",""co_posts"":67,""character_coverage"":0.582609},{""copyright"":""mahou_senshi_princess_tear"",""co_posts"":28,""character_coverage"":0.243478},{""copyright"":""mahou_senshi_lemmtear_knights"",""co_posts"":5,""character_coverage"":0.043478}]","","","PENDING",""
"I70-019787","sylas_(league)","4","Character","115","sylas_(league_of_legends)","sylas (league of legends)","","","サイラス","","[{""copyright"":""league_of_legends"",""co_posts"":103,""character_coverage"":1.0},{""copyright"":""little_red_riding_hood_(fairy_tale)"",""co_posts"":2,""character_coverage"":0.019417},{""copyright"":""ace_attorney"",""co_posts"":1,""character_coverage"":0.009709},{""copyright"":""berserk"",""co_posts"":1,""character_coverage"":0.009709},{""copyright"":""elden_ring"",""co_posts"":1,""character_coverage"":0.009709}]","","","PENDING",""
"I70-019788","takanashi_kiara_(pajamas)","4","Character","115","takanashi_kiara_(cozy)","takanashi kiara (cozy)","","","","","[{""copyright"":""hololive"",""co_posts"":111,""character_coverage"":1.0},{""copyright"":""hololive_english"",""co_posts"":111,""character_coverage"":1.0},{""copyright"":""hololive_indonesia"",""co_posts"":7,""character_coverage"":0.063063},{""copyright"":""mage_arena"",""co_posts"":3,""character_coverage"":0.027027},{""copyright"":""hollow_knight"",""co_posts"":1,""character_coverage"":0.009009}]","","","PENDING",""
"I70-019789","temari_(nekomata_okayu)","4","Character","115","","","","","Temari（Nekomata okeu）","","[{""copyright"":""hololive"",""co_posts"":114,""character_coverage"":1.0},{""copyright"":""kimetsu_no_yaiba"",""co_posts"":2,""character_coverage"":0.017544},{""copyright"":""pokemon"",""co_posts"":2,""character_coverage"":0.017544},{""copyright"":""ring_fit_adventure"",""co_posts"":2,""character_coverage"":0.017544},{""copyright"":""comiket_101"",""co_posts"":1,""character_coverage"":0.008772}]","","","PENDING",""
"I70-019790","texas_(ambience_synesthesia_2022)_(arknights)","4","Character","115","","","","","","","[{""copyright"":""ambience_synesthesia"",""co_posts"":114,""character_coverage"":1.0},{""copyright"":""arknights"",""co_posts"":114,""character_coverage"":1.0},{""copyright"":""bang_dream!"",""co_posts"":2,""character_coverage"":0.017544},{""copyright"":""bang_dream!_it's_mygo!!!!!"",""co_posts"":2,""character_coverage"":0.017544},{""copyright"":""final_fantasy"",""co_posts"":1,""character_coverage"":0.008772}]","","","PENDING",""
"I70-019791","the_hand_(stand)","4","Character","115","","","","","ザ・ハンド","","[{""copyright"":""jojo_no_kimyou_na_bouken"",""co_posts"":111,""character_coverage"":0.991071},{""copyright"":""diamond_wa_kudakenai"",""co_posts"":108,""character_coverage"":0.964286},{""copyright"":""stone_ocean"",""co_posts"":8,""character_coverage"":0.071429},{""copyright"":""vento_aureo"",""co_posts"":8,""character_coverage"":0.071429},{""copyright"":""stardust_crusaders"",""co_posts"":7,""character_coverage"":0.0625}]","","","PENDING",""
"I70-019792","the_o_(mobile_suit)","4","Character","115","","","","","ジ・O","","[{""copyright"":""gundam"",""co_posts"":103,""character_coverage"":1.0},{""copyright"":""zeta_gundam"",""co_posts"":98,""character_coverage"":0.951456},{""copyright"":""original"",""co_posts"":9,""character_coverage"":0.087379},{""copyright"":""sd_gundam"",""co_posts"":9,""character_coverage"":0.087379},{""copyright"":""zeta_gundam_define"",""co_posts"":9,""character_coverage"":0.087379}]","","","PENDING",""
"I70-019793","throh","4","Character","115","","","","","ナゲキ","","[{""copyright"":""pokemon"",""co_posts"":106,""character_coverage"":1.0},{""copyright"":""pokemon_black_and_white"",""co_posts"":23,""character_coverage"":0.216981},{""copyright"":""pokemon_sword_and_shield"",""co_posts"":11,""character_coverage"":0.103774},{""copyright"":""pokemon_(anime)"",""co_posts"":4,""character_coverage"":0.037736},{""copyright"":""pokemon:_arceus_and_the_jewel_of_life"",""co_posts"":3,""character_coverage"":0.028302}]","","","PENDING",""
"I70-019794","timburr","4","Character","115","","","","","ドッコラー","","[{""copyright"":""pokemon"",""co_posts"":112,""character_coverage"":1.0},{""copyright"":""pokemon_black_and_white"",""co_posts"":24,""character_coverage"":0.214286},{""copyright"":""pokemon_tcg"",""co_posts"":19,""character_coverage"":0.169643},{""copyright"":""pokemon_(anime)"",""co_posts"":5,""character_coverage"":0.044643},{""copyright"":""pokemon_black_2_and_white_2"",""co_posts"":5,""character_coverage"":0.044643}]","","","PENDING",""
"I70-019795","tirtouga","4","Character","115","","","","","プロトーガ","","[{""copyright"":""pokemon"",""co_posts"":106,""character_coverage"":1.0},{""copyright"":""pokemon_black_and_white"",""co_posts"":17,""character_coverage"":0.160377},{""copyright"":""pokemon_tcg"",""co_posts"":15,""character_coverage"":0.141509},{""copyright"":""pokemon_(anime)"",""co_posts"":6,""character_coverage"":0.056604},{""copyright"":""pokemon_(classic_anime)"",""co_posts"":4,""character_coverage"":0.037736}]","","","PENDING",""
"I70-019796","tsukamoto_shuuichi","4","Character","115","","","","","塚本秀一","","[{""copyright"":""hibike!_euphonium"",""co_posts"":108,""character_coverage"":1.0},{""copyright"":""gekijouban_hibike!_euphonium"",""co_posts"":4,""character_coverage"":0.037037},{""copyright"":""7-eleven"",""co_posts"":1,""character_coverage"":0.009259},{""copyright"":""alice's_adventures_in_wonderland"",""co_posts"":1,""character_coverage"":0.009259},{""copyright"":""liz_to_aoi_tori"",""co_posts"":1,""character_coverage"":0.009259}]","","","PENDING",""
"I70-019797","uchicchii","4","Character","115","","","","","うちっちー","","[{""copyright"":""love_live!"",""co_posts"":111,""character_coverage"":1.0},{""copyright"":""love_live!_sunshine!!"",""co_posts"":110,""character_coverage"":0.990991},{""copyright"":""koi_ni_naritai_aquarium"",""co_posts"":7,""character_coverage"":0.063063},{""copyright"":""real_life"",""co_posts"":5,""character_coverage"":0.045045},{""copyright"":""love_live!_nijigasaki_high_school_idol_club"",""co_posts"":4,""character_coverage"":0.036036}]","","","PENDING",""
"I70-019798","uesugi_kenshin_(rance)","4","Character","115","uesugi_kenshin_(sengoku_rance)","uesugi kenshin (sengoku rance)","","","上杉謙信(ランスシリーズ)","","[{""copyright"":""rance_(series)"",""co_posts"":104,""character_coverage"":1.0},{""copyright"":""sengoku_rance"",""co_posts"":94,""character_coverage"":0.903846},{""copyright"":""rance_quest"",""co_posts"":5,""character_coverage"":0.048077},{""copyright"":""300_(movie)"",""co_posts"":1,""character_coverage"":0.009615},{""copyright"":""alicesoft"",""co_posts"":1,""character_coverage"":0.009615}]","","","PENDING",""
"I70-019799","ulforcev-dramon","4","Character","115","ulforceveedramon,ulforcevdramon","ulforcevdramon | ulforceveedramon","","","アルフォースブイドラモン","","[{""copyright"":""digimon"",""co_posts"":99,""character_coverage"":1.0},{""copyright"":""digimon_world_re:digitize"",""co_posts"":39,""character_coverage"":0.393939},{""copyright"":""digimon_story:_cyber_sleuth"",""co_posts"":17,""character_coverage"":0.171717},{""copyright"":""digimon_card_game"",""co_posts"":14,""character_coverage"":0.141414},{""copyright"":""digimon_adventure_v-tamer_01"",""co_posts"":12,""character_coverage"":0.121212}]","","","PENDING",""
"I70-019800","ulrich_von_hutten_(mayhem_maid)_(azur_lane)","4","Character","115","","","","","メドヘン・トリュンマー","","[{""copyright"":""azur_lane"",""co_posts"":97,""character_coverage"":1.0},{""copyright"":""comiket_102"",""co_posts"":1,""character_coverage"":0.010309}]","","","PENDING",""
"I70-019801","volcanion","4","Character","115","","","","","ボルケニオン","","[{""copyright"":""pokemon"",""co_posts"":108,""character_coverage"":1.0},{""copyright"":""pokemon_(anime)"",""co_posts"":36,""character_coverage"":0.333333},{""copyright"":""pokemon_the_series:_xy"",""co_posts"":33,""character_coverage"":0.305556},{""copyright"":""pokemon_the_movie:_volcanion_and_the_mechanical_marvel"",""co_posts"":31,""character_coverage"":0.287037},{""copyright"":""pokemon_masters_ex"",""co_posts"":12,""character_coverage"":0.111111}]","","","PENDING",""
"I70-019802","vullaby","4","Character","115","","","","","バルチャイ","","[{""copyright"":""pokemon"",""co_posts"":111,""character_coverage"":1.0},{""copyright"":""pokemon_black_and_white"",""co_posts"":26,""character_coverage"":0.234234},{""copyright"":""pokemon_adventures"",""co_posts"":10,""character_coverage"":0.09009},{""copyright"":""pokemon_(anime)"",""co_posts"":6,""character_coverage"":0.054054},{""copyright"":""pokemon_tcg"",""co_posts"":5,""character_coverage"":0.045045}]","","","PENDING",""
"I70-019803","wakaba_(kemurikusa)","4","Character","115","","","","","わかば(ケムリクサ)","","[{""copyright"":""kemurikusa"",""co_posts"":111,""character_coverage"":1.0},{""copyright"":""kemono_friends"",""co_posts"":17,""character_coverage"":0.153153},{""copyright"":""godzilla_(series)"",""co_posts"":1,""character_coverage"":0.009009},{""copyright"":""touhou"",""co_posts"":1,""character_coverage"":0.009009},{""copyright"":""usagi_drop"",""co_posts"":1,""character_coverage"":0.009009}]","","","PENDING",""
"I70-019804","watson_amelia_(new_year)","4","Character","115","watson_amelia_(4th_costume)","watson amelia (4th costume)","","","ワトソン・アメリア(正月衣装)","","[{""copyright"":""hololive"",""co_posts"":110,""character_coverage"":1.0},{""copyright"":""hololive_english"",""co_posts"":110,""character_coverage"":1.0},{""copyright"":""hololive_indonesia"",""co_posts"":2,""character_coverage"":0.018182},{""copyright"":""indie_virtual_youtuber"",""co_posts"":1,""character_coverage"":0.009091},{""copyright"":""kill_la_kill"",""co_posts"":1,""character_coverage"":0.009091}]","","","PENDING",""
"I70-019805","wugtrio","4","Character","115","","","","","ウミトリオ","","[{""copyright"":""pokemon"",""co_posts"":107,""character_coverage"":1.0},{""copyright"":""pokemon_scarlet_and_violet"",""co_posts"":27,""character_coverage"":0.252336},{""copyright"":""pokemon_(anime)"",""co_posts"":9,""character_coverage"":0.084112},{""copyright"":""pokemon_horizons"",""co_posts"":6,""character_coverage"":0.056075},{""copyright"":""pokemon_tcg"",""co_posts"":4,""character_coverage"":0.037383}]","","","PENDING",""
"I70-019806","yagatake_arashi_(nekoarashi)","4","Character","115","yagatake_arashi","yagatake arashi","","","夜ヶ岳嵐","","[{""copyright"":""original"",""co_posts"":115,""character_coverage"":1.0}]","","","PENDING",""
"I70-019807","yian_kut-ku","4","Character","115","","","","","イャンクック","","[{""copyright"":""monster_hunter_(series)"",""co_posts"":112,""character_coverage"":1.0},{""copyright"":""touhou"",""co_posts"":16,""character_coverage"":0.142857},{""copyright"":""monster_hunter_wilds"",""co_posts"":14,""character_coverage"":0.125},{""copyright"":""pokemon"",""co_posts"":5,""character_coverage"":0.044643},{""copyright"":""monster_hunter_3"",""co_posts"":3,""character_coverage"":0.026786}]","","","PENDING",""
"I70-019808","yuusha_(maoyuu)","4","Character","115","","","","","勇者(まおゆう)","","[{""copyright"":""maoyuu_maou_yuusha"",""co_posts"":110,""character_coverage"":1.0},{""copyright"":""newtype"",""co_posts"":2,""character_coverage"":0.018182},{""copyright"":""428:_fuusa_sareta_shibuya_de"",""co_posts"":1,""character_coverage"":0.009091},{""copyright"":""canaan_(series)"",""co_posts"":1,""character_coverage"":0.009091},{""copyright"":""comptiq"",""co_posts"":1,""character_coverage"":0.009091}]","","","PENDING",""
"I70-019809","zap_renfro","4","Character","115","","","","","ザップ・レンフロ","","[{""copyright"":""kekkai_sensen"",""co_posts"":113,""character_coverage"":1.0},{""copyright"":""steven_universe"",""co_posts"":4,""character_coverage"":0.035398},{""copyright"":""death_parade"",""co_posts"":1,""character_coverage"":0.00885},{""copyright"":""dragon_ball"",""co_posts"":1,""character_coverage"":0.00885},{""copyright"":""dragon_ball_super"",""co_posts"":1,""character_coverage"":0.00885}]","","","PENDING",""
"I70-019810","zero_(zero_kara_hajimeru_mahou_no_sho)","4","Character","115","","","","ゼロ | ゼロ(ゼロから始める魔法の書)","","","[{""copyright"":""zero_kara_hajimeru_mahou_no_sho"",""co_posts"":107,""character_coverage"":0.981651},{""copyright"":""kantai_collection"",""co_posts"":8,""character_coverage"":0.073394},{""copyright"":""mahoutsukai_reimeiki"",""co_posts"":5,""character_coverage"":0.045872},{""copyright"":""megami_magazine"",""co_posts"":4,""character_coverage"":0.036697},{""copyright"":""kono_subarashii_sekai_ni_shukufuku_wo!"",""co_posts"":3,""character_coverage"":0.027523}]","","","PENDING",""
"I70-019811","zexion","4","Character","115","","","","","ゼクシオン","","[{""copyright"":""kingdom_hearts"",""co_posts"":81,""character_coverage"":1.0},{""copyright"":""kingdom_hearts_358/2_days"",""co_posts"":28,""character_coverage"":0.345679},{""copyright"":""kingdom_hearts_ii"",""co_posts"":25,""character_coverage"":0.308642},{""copyright"":""kingdom_hearts:_chain_of_memories"",""co_posts"":12,""character_coverage"":0.148148},{""copyright"":""kingdom_hearts_birth_by_sleep"",""co_posts"":10,""character_coverage"":0.123457}]","","","PENDING",""
"I70-019812","zuikaku_(swimsuit)_(kancolle)","4","Character","115","","","","","瑞鶴(水着)","","[{""copyright"":""kantai_collection"",""co_posts"":103,""character_coverage"":1.0},{""copyright"":""chiikawa"",""co_posts"":1,""character_coverage"":0.009709}]","","","PENDING",""
"I70-019813","adam_smasher","4","Character","114","","","","","亚当·重锤","","[{""copyright"":""cyberpunk_(series)"",""co_posts"":106,""character_coverage"":1.0},{""copyright"":""cyberpunk:_edgerunners"",""co_posts"":99,""character_coverage"":0.933962},{""copyright"":""wuthering_waves"",""co_posts"":14,""character_coverage"":0.132075},{""copyright"":""cyberpunk_2077"",""co_posts"":6,""character_coverage"":0.056604},{""copyright"":""jojo_no_kimyou_na_bouken"",""co_posts"":3,""character_coverage"":0.028302}]","","","PENDING",""
"I70-019814","adjutant_(snowbreak)","4","Character","114","","","","","分析员","","[{""copyright"":""snowbreak:_containment_zone"",""co_posts"":108,""character_coverage"":1.0},{""copyright"":""goddess_of_victory:_nikke"",""co_posts"":1,""character_coverage"":0.009259},{""copyright"":""kimi_no_koto_ga_dai_dai_dai_dai_daisuki_na_100-nin_no_kanojo"",""co_posts"":1,""character_coverage"":0.009259},{""copyright"":""leon_the_professional"",""co_posts"":1,""character_coverage"":0.009259},{""copyright"":""mr._and_mrs._smith"",""co_posts"":1,""character_coverage"":0.009259}]","","","PENDING",""
"I70-019815","agate_crosner","4","Character","114","","","","","アガット・クロスナー","","[{""copyright"":""eiyuu_densetsu"",""co_posts"":114,""character_coverage"":1.0},{""copyright"":""sora_no_kiseki"",""co_posts"":85,""character_coverage"":0.745614},{""copyright"":""sen_no_kiseki_(series)"",""co_posts"":35,""character_coverage"":0.307018},{""copyright"":""sen_no_kiseki_iii"",""co_posts"":28,""character_coverage"":0.245614},{""copyright"":""sen_no_kiseki_iv"",""co_posts"":6,""character_coverage"":0.052632}]","","","PENDING",""
"I70-019816","aimono_jyushi","4","Character","114","aimono_juushi","aimono juushi","","","四十物十四","","[{""copyright"":""hypnosis_mic"",""co_posts"":112,""character_coverage"":1.0},{""copyright"":""my_melody_(series)"",""co_posts"":4,""character_coverage"":0.035714},{""copyright"":""sanrio"",""co_posts"":4,""character_coverage"":0.035714},{""copyright"":""original"",""co_posts"":2,""character_coverage"":0.017857},{""copyright"":""umamusume"",""co_posts"":2,""character_coverage"":0.017857}]","","","PENDING",""
"I70-019817","aizawa_chizuru","4","Character","114","","","","","相沢千鶴","","[{""copyright"":""shinryaku!_ikamusume"",""co_posts"":95,""character_coverage"":1.0},{""copyright"":""splatoon_(series)"",""co_posts"":5,""character_coverage"":0.052632},{""copyright"":""splatoon_1"",""co_posts"":5,""character_coverage"":0.052632},{""copyright"":""kill_me_baby"",""co_posts"":3,""character_coverage"":0.031579},{""copyright"":""dungeon_ni_deai_wo_motomeru_no_wa_machigatteiru_darou_ka"",""co_posts"":2,""character_coverage"":0.021053}]","","","PENDING",""
"I70-019818","aldrich_devourer_of_gods","4","Character","114","","","","","神々のアルドリッチの貪欲","","[{""copyright"":""dark_souls_(series)"",""co_posts"":112,""character_coverage"":1.0},{""copyright"":""dark_souls_iii"",""co_posts"":111,""character_coverage"":0.991071},{""copyright"":""dark_souls_i"",""co_posts"":34,""character_coverage"":0.303571},{""copyright"":""adventure_time"",""co_posts"":1,""character_coverage"":0.008929},{""copyright"":""fromsoftware"",""co_posts"":1,""character_coverage"":0.008929}]","","","PENDING",""
"I70-019819","alice_wishheart","4","Character","114","","","","","アリス・ウィッシュハート","","[{""copyright"":""magical_halloween"",""co_posts"":110,""character_coverage"":1.0},{""copyright"":""kaitou_tenshi_twin_angel"",""co_posts"":3,""character_coverage"":0.027273},{""copyright"":""twin_angel"",""co_posts"":3,""character_coverage"":0.027273},{""copyright"":""super_blackjack"",""co_posts"":2,""character_coverage"":0.018182},{""copyright"":""berserk"",""co_posts"":1,""character_coverage"":0.009091}]","","","PENDING",""
"I70-019820","amasawa_chigusa","4","Character","114","","","","","天沢千草","","[{""copyright"":""original"",""co_posts"":113,""character_coverage"":1.0},{""copyright"":""kantai_collection"",""co_posts"":1,""character_coverage"":0.00885}]","","","PENDING",""
"I70-019821","amumu_(league)","4","Character","114","amumu","amumu","","","アムム","","[{""copyright"":""league_of_legends"",""co_posts"":106,""character_coverage"":1.0},{""copyright"":""among_us"",""co_posts"":2,""character_coverage"":0.018868},{""copyright"":""animal_crossing"",""co_posts"":2,""character_coverage"":0.018868},{""copyright"":""blue_archive"",""co_posts"":2,""character_coverage"":0.018868},{""copyright"":""cookie_run"",""co_posts"":2,""character_coverage"":0.018868}]","","","PENDING",""
"I70-019822","aragami_oga_(1st_costume)","4","Character","114","","","","","","","[{""copyright"":""holostars"",""co_posts"":112,""character_coverage"":1.0},{""copyright"":""holostars_english"",""co_posts"":6,""character_coverage"":0.053571},{""copyright"":""nijisanji"",""co_posts"":2,""character_coverage"":0.017857},{""copyright"":""nijisanji_en"",""co_posts"":2,""character_coverage"":0.017857},{""copyright"":""gundam"",""co_posts"":1,""character_coverage"":0.008929}]","","","PENDING",""
"I70-019823","averythemayo","4","Character","114","","","","","","","[{""copyright"":""searching_for_a_world_that_doesn't_exist"",""co_posts"":109,""character_coverage"":1.0},{""copyright"":""alien_stage"",""co_posts"":3,""character_coverage"":0.027523},{""copyright"":""minecraft"",""co_posts"":3,""character_coverage"":0.027523},{""copyright"":""backrooms_(creepypasta)"",""co_posts"":1,""character_coverage"":0.009174},{""copyright"":""chainsaw_man"",""co_posts"":1,""character_coverage"":0.009174}]","","","PENDING",""
"I70-019824","bellri_zenam","4","Character","114","","","","","ベルリ・ゼナム","","[{""copyright"":""gundam"",""co_posts"":106,""character_coverage"":1.0},{""copyright"":""gundam_g_no_reconguista"",""co_posts"":106,""character_coverage"":1.0},{""copyright"":""mobile_suit_gundam"",""co_posts"":9,""character_coverage"":0.084906},{""copyright"":""gundam_f91"",""co_posts"":7,""character_coverage"":0.066038},{""copyright"":""turn_a_gundam"",""co_posts"":7,""character_coverage"":0.066038}]","","","PENDING",""
"I70-019825","boldore","4","Character","114","","","","","ガントル","","[{""copyright"":""pokemon"",""co_posts"":108,""character_coverage"":1.0},{""copyright"":""pokemon_(anime)"",""co_posts"":28,""character_coverage"":0.259259},{""copyright"":""pokemon_black_and_white"",""co_posts"":17,""character_coverage"":0.157407},{""copyright"":""pokemon_the_series:_black_&_white"",""co_posts"":13,""character_coverage"":0.12037},{""copyright"":""pokemon_(classic_anime)"",""co_posts"":11,""character_coverage"":0.101852}]","","","PENDING",""
"I70-019826","brigitta_(metaphor:_refantazio)","4","Character","114","brigitta_lycaon","brigitta lycaon","","","ベルギッタ","","[{""copyright"":""metaphor:_refantazio"",""co_posts"":95,""character_coverage"":0.989583},{""copyright"":""atlus"",""co_posts"":2,""character_coverage"":0.020833},{""copyright"":""amazon_(company)"",""co_posts"":1,""character_coverage"":0.010417},{""copyright"":""original"",""co_posts"":1,""character_coverage"":0.010417},{""copyright"":""sekaiju_no_meikyuu"",""co_posts"":1,""character_coverage"":0.010417}]","","","PENDING",""
"I70-019827","chaika_bogdan","4","Character","114","","","","チャイカ・ボフダーン","","","[{""copyright"":""hitsugi_no_chaika"",""co_posts"":110,""character_coverage"":1.0},{""copyright"":""fate_(series)"",""co_posts"":3,""character_coverage"":0.027273},{""copyright"":""newtype"",""co_posts"":2,""character_coverage"":0.018182},{""copyright"":""outbreak_company"",""co_posts"":2,""character_coverage"":0.018182},{""copyright"":""akame_ga_kill!"",""co_posts"":1,""character_coverage"":0.009091}]","","","PENDING",""
"I70-019828","chapman's_zebra_(kemono_friends)","4","Character","114","","","","","チャップマンシマウマ(けものフレンズ)","","[{""copyright"":""kemono_friends"",""co_posts"":105,""character_coverage"":1.0},{""copyright"":""kemono_friends_3"",""co_posts"":42,""character_coverage"":0.4},{""copyright"":""kemono_friends_v_project"",""co_posts"":3,""character_coverage"":0.028571},{""copyright"":""kemono_friends_festival"",""co_posts"":2,""character_coverage"":0.019048},{""copyright"":""ghost_in_the_shell"",""co_posts"":1,""character_coverage"":0.009524}]","","","PENDING",""
"I70-019829","choko_(arc_the_lad)","4","Character","114","","","","","choko（arc the lad）","","[{""copyright"":""arc_the_lad"",""co_posts"":100,""character_coverage"":1.0},{""copyright"":""arc_the_lad_ii"",""co_posts"":57,""character_coverage"":0.57},{""copyright"":""arc_the_lad_i"",""co_posts"":40,""character_coverage"":0.4},{""copyright"":""arc_the_lad_iii"",""co_posts"":7,""character_coverage"":0.07},{""copyright"":""bishoujo_terror"",""co_posts"":1,""character_coverage"":0.01}]","","","PENDING",""
"I70-019830","clair_lasbard","4","Character","114","","","","","クレア・ラーズバード","","[{""copyright"":""star_ocean"",""co_posts"":108,""character_coverage"":1.0},{""copyright"":""star_ocean:_till_the_end_of_time"",""co_posts"":105,""character_coverage"":0.972222},{""copyright"":""star_ocean:_anamnesis"",""co_posts"":27,""character_coverage"":0.25},{""copyright"":""star_ocean:_the_second_story"",""co_posts"":4,""character_coverage"":0.037037},{""copyright"":""star_ocean:_first_departure"",""co_posts"":2,""character_coverage"":0.018519}]","","","PENDING",""
"I70-019831","cream_(cream)","4","Character","114","","","","","クリーム（クリーム）","","[{""copyright"":""original"",""co_posts"":114,""character_coverage"":1.0}]","","","PENDING",""
"I70-019832","cynthia_riddle","4","Character","114","","","","","シンシア・リドル","","[{""copyright"":""mofu-mofu_after_school"",""co_posts"":106,""character_coverage"":0.938053},{""copyright"":""mofumofu_channel"",""co_posts"":103,""character_coverage"":0.911504},{""copyright"":""original"",""co_posts"":12,""character_coverage"":0.106195},{""copyright"":""dengeki_moeoh"",""co_posts"":2,""character_coverage"":0.017699},{""copyright"":""avengers_(series)"",""co_posts"":1,""character_coverage"":0.00885}]","","","PENDING",""
"I70-019833","denver_(azur_lane)","4","Character","114","","","","","デンバー(アズールレーン)","","[{""copyright"":""azur_lane"",""co_posts"":108,""character_coverage"":1.0},{""copyright"":""2channel"",""co_posts"":3,""character_coverage"":0.027778},{""copyright"":""national_basketball_association"",""co_posts"":3,""character_coverage"":0.027778},{""copyright"":""gekkan_shoujo_nozaki-kun"",""co_posts"":2,""character_coverage"":0.018519},{""copyright"":""kemono_friends"",""co_posts"":2,""character_coverage"":0.018519}]","","","PENDING",""
"I70-019834","doki_amber_doge_(dokibird)","4","Character","114","","","","","","","[{""copyright"":""indie_virtual_youtuber"",""co_posts"":98,""character_coverage"":1.0},{""copyright"":""vinesauce"",""co_posts"":3,""character_coverage"":0.030612},{""copyright"":""original"",""co_posts"":2,""character_coverage"":0.020408},{""copyright"":""3am"",""co_posts"":1,""character_coverage"":0.010204},{""copyright"":""densetsu.exe"",""co_posts"":1,""character_coverage"":0.010204}]","","","PENDING",""
"I70-019835","dracula_(castlevania)","4","Character","114","","","","","ドラキュラ(悪魔城ドラキュラ)","","[{""copyright"":""castlevania_(series)"",""co_posts"":101,""character_coverage"":1.0},{""copyright"":""castlevania:_symphony_of_the_night"",""co_posts"":24,""character_coverage"":0.237624},{""copyright"":""castlevania_(netflix)"",""co_posts"":18,""character_coverage"":0.178218},{""copyright"":""castlevania:_rondo_of_blood"",""co_posts"":10,""character_coverage"":0.09901},{""copyright"":""castlevania:_portrait_of_ruin"",""co_posts"":8,""character_coverage"":0.079208}]","","","PENDING",""
"I70-019836","dusk_(wayanfa)","4","Character","114","","","","","","","[{""copyright"":""original"",""co_posts"":89,""character_coverage"":0.988889},{""copyright"":""mega_man_(series)"",""co_posts"":6,""character_coverage"":0.066667},{""copyright"":""mega_man_zero_(series)"",""co_posts"":6,""character_coverage"":0.066667},{""copyright"":""digimon"",""co_posts"":2,""character_coverage"":0.022222},{""copyright"":""digimon_survive"",""co_posts"":2,""character_coverage"":0.022222}]","","","PENDING",""
"I70-019837","el_shaddoll_winda","4","Character","114","","","","","エルシャドール・ミドラーシュ","","[{""copyright"":""yu-gi-oh!"",""co_posts"":105,""character_coverage"":1.0},{""copyright"":""yu-gi-oh!_master_duel"",""co_posts"":3,""character_coverage"":0.028571},{""copyright"":""cookie_(touhou)"",""co_posts"":2,""character_coverage"":0.019048},{""copyright"":""original"",""co_posts"":2,""character_coverage"":0.019048},{""copyright"":""touhou"",""co_posts"":2,""character_coverage"":0.019048}]","","","PENDING",""
"I70-019838","ereshkigal_(lawson_2018)_(fate)","4","Character","114","ereshkigal_(fgo_x_lawson)_(fate)","ereshkigal (fgo x lawson) (fate)","","","","","[{""copyright"":""fate/grand_order"",""co_posts"":112,""character_coverage"":1.0},{""copyright"":""fate_(series)"",""co_posts"":112,""character_coverage"":1.0},{""copyright"":""lawson"",""co_posts"":6,""character_coverage"":0.053571},{""copyright"":""the_moon_studio"",""co_posts"":2,""character_coverage"":0.017857},{""copyright"":""touhou"",""co_posts"":2,""character_coverage"":0.017857}]","","","PENDING",""
"I70-019839","female_majin","4","Character","114","","","","","魔人ブウの許嫁","","[{""copyright"":""dragon_ball"",""co_posts"":99,""character_coverage"":1.0},{""copyright"":""dragon_ball_z"",""co_posts"":72,""character_coverage"":0.727273},{""copyright"":""pokemon"",""co_posts"":68,""character_coverage"":0.686869},{""copyright"":""dragon_ball_xenoverse"",""co_posts"":16,""character_coverage"":0.161616},{""copyright"":""original"",""co_posts"":10,""character_coverage"":0.10101}]","","","PENDING",""
"I70-019840","fungami_yuya","4","Character","114","","","","","ふんがみ•ゆうや","","[{""copyright"":""jojo_no_kimyou_na_bouken"",""co_posts"":113,""character_coverage"":1.0},{""copyright"":""diamond_wa_kudakenai"",""co_posts"":112,""character_coverage"":0.99115},{""copyright"":""vento_aureo"",""co_posts"":11,""character_coverage"":0.097345},{""copyright"":""stone_ocean"",""co_posts"":9,""character_coverage"":0.079646},{""copyright"":""battle_tendency"",""co_posts"":6,""character_coverage"":0.053097}]","","","PENDING",""
"I70-019841","gallerian_marlon","4","Character","114","","","","","ガレリアン=マーロン","","[{""copyright"":""evillious_nendaiki"",""co_posts"":103,""character_coverage"":1.0},{""copyright"":""vocaloid"",""co_posts"":103,""character_coverage"":1.0},{""copyright"":""akutoku_no_judgement_(vocaloid)"",""co_posts"":92,""character_coverage"":0.893204},{""copyright"":""enbizaka_no_shitateya_(vocaloid)"",""co_posts"":22,""character_coverage"":0.213592},{""copyright"":""nemurase_hime_kara_no_okurimono_(vocaloid)"",""co_posts"":22,""character_coverage"":0.213592}]","","","PENDING",""
"I70-019842","geara_doga","4","Character","114","","","","","ギラ・ドーガ","","[{""copyright"":""gundam"",""co_posts"":106,""character_coverage"":1.0},{""copyright"":""char's_counterattack"",""co_posts"":94,""character_coverage"":0.886792},{""copyright"":""original"",""co_posts"":23,""character_coverage"":0.216981},{""copyright"":""gundam_unicorn"",""co_posts"":14,""character_coverage"":0.132075},{""copyright"":""mobile_suit_gundam"",""co_posts"":7,""character_coverage"":0.066038}]","","","PENDING",""
"I70-019843","gokuchou","4","Character","114","","","","","ゴクチョー","","[{""copyright"":""mahou_shoujo_no_majo_saiban"",""co_posts"":69,""character_coverage"":0.985714},{""copyright"":""jojo_no_kimyou_na_bouken"",""co_posts"":2,""character_coverage"":0.028571},{""copyright"":""vento_aureo"",""co_posts"":2,""character_coverage"":0.028571},{""copyright"":""bokurano"",""co_posts"":1,""character_coverage"":0.014286},{""copyright"":""danganronpa_(series)"",""co_posts"":1,""character_coverage"":0.014286}]","","","PENDING",""
"I70-019844","grey_(mega_man)","4","Character","114","grey_(rockman)","grey (rockman)","","","グレイ(ロックマン)","","[{""copyright"":""mega_man_(series)"",""co_posts"":102,""character_coverage"":1.0},{""copyright"":""mega_man_zx"",""co_posts"":102,""character_coverage"":1.0},{""copyright"":""mega_man_zx_advent"",""co_posts"":98,""character_coverage"":0.960784},{""copyright"":""mega_man_zero_(series)"",""co_posts"":28,""character_coverage"":0.27451},{""copyright"":""mega_man_x_(series)"",""co_posts"":18,""character_coverage"":0.176471}]","","","PENDING",""
"I70-019845","haijima_ginka","4","Character","114","","","","","灰島銀華","","[{""copyright"":""denonbu"",""co_posts"":114,""character_coverage"":1.0},{""copyright"":""akroglam"",""co_posts"":2,""character_coverage"":0.017544},{""copyright"":""alice's_adventures_in_wonderland"",""co_posts"":1,""character_coverage"":0.008772},{""copyright"":""bandai_namco"",""co_posts"":1,""character_coverage"":0.008772}]","","","PENDING",""
"I70-019846","hanni_(newjeans)","4","Character","114","","","","","","","[{""copyright"":""newjeans"",""co_posts"":110,""character_coverage"":0.990991},{""copyright"":""real_life"",""co_posts"":98,""character_coverage"":0.882883},{""copyright"":""genshin_impact"",""co_posts"":11,""character_coverage"":0.099099},{""copyright"":""powerpuff_girls"",""co_posts"":4,""character_coverage"":0.036036},{""copyright"":""gundam"",""co_posts"":2,""character_coverage"":0.018018}]","","","PENDING",""
"I70-019847","hiiragi_akao","4","Character","114","","","","","柊赤緒","","[{""copyright"":""jinki"",""co_posts"":93,""character_coverage"":0.96875},{""copyright"":""kantai_collection"",""co_posts"":2,""character_coverage"":0.020833},{""copyright"":""megami_magazine"",""co_posts"":2,""character_coverage"":0.020833},{""copyright"":""dengeki"",""co_posts"":1,""character_coverage"":0.010417}]","","","PENDING",""
"I70-019848","hinoshita_kaho_(swimsuit)","4","Character","114","","","","","","","[{""copyright"":""love_live!"",""co_posts"":109,""character_coverage"":1.0},{""copyright"":""love_live!_hasu_no_sora_jogakuin_school_idol_club"",""co_posts"":109,""character_coverage"":1.0},{""copyright"":""love_live!_school_idol_project"",""co_posts"":4,""character_coverage"":0.036697},{""copyright"":""natsuiro_egao_de_1_2_jump!"",""co_posts"":4,""character_coverage"":0.036697},{""copyright"":""comiket_108"",""co_posts"":1,""character_coverage"":0.009174}]","","","PENDING",""
"I70-019849","houndstone","4","Character","114","","","","","ハカドッグ","","[{""copyright"":""pokemon"",""co_posts"":109,""character_coverage"":1.0},{""copyright"":""pokemon_scarlet_and_violet"",""co_posts"":25,""character_coverage"":0.229358},{""copyright"":""original"",""co_posts"":4,""character_coverage"":0.036697},{""copyright"":""pokemon_tcg"",""co_posts"":3,""character_coverage"":0.027523},{""copyright"":""monster_hunter_(series)"",""co_posts"":2,""character_coverage"":0.018349}]","","","PENDING",""
"I70-019850","iris_amicitia","4","Character","114","","","","イリス・アミシティア","","","[{""copyright"":""final_fantasy"",""co_posts"":110,""character_coverage"":1.0},{""copyright"":""final_fantasy_xv"",""co_posts"":110,""character_coverage"":1.0},{""copyright"":""final_fantasy_vii"",""co_posts"":3,""character_coverage"":0.027273},{""copyright"":""crisis_core:_final_fantasy_vii"",""co_posts"":2,""character_coverage"":0.018182},{""copyright"":""final_fantasy_iv"",""co_posts"":2,""character_coverage"":0.018182}]","","","PENDING",""
"I70-019851","iwashita_shima","4","Character","114","","","","","岩下志麻","","[{""copyright"":""bocchi_the_rock!"",""co_posts"":109,""character_coverage"":1.0},{""copyright"":""comiket_103"",""co_posts"":3,""character_coverage"":0.027523},{""copyright"":""instagram"",""co_posts"":2,""character_coverage"":0.018349},{""copyright"":""ore_no_imouto_ga_konna_ni_kawaii_wake_ga_nai"",""co_posts"":2,""character_coverage"":0.018349},{""copyright"":""persona"",""co_posts"":2,""character_coverage"":0.018349}]","","","PENDING",""
"I70-019852","kagamine_len_(nt)","4","Character","114","","","","","鏡音レンNT","","[{""copyright"":""vocaloid"",""co_posts"":110,""character_coverage"":1.0},{""copyright"":""piapro_studio"",""co_posts"":87,""character_coverage"":0.790909},{""copyright"":""cevio"",""co_posts"":1,""character_coverage"":0.009091}]","","","PENDING",""
"I70-019853","kamen_rider_fourze_(base_states)","4","Character","114","","","","","","","[{""copyright"":""kamen_rider"",""co_posts"":93,""character_coverage"":1.0},{""copyright"":""kamen_rider_fourze_(series)"",""co_posts"":92,""character_coverage"":0.989247},{""copyright"":""kamen_rider_ooo_(series)"",""co_posts"":19,""character_coverage"":0.204301},{""copyright"":""kamen_rider_dcd"",""co_posts"":17,""character_coverage"":0.182796},{""copyright"":""kamen_rider_hibiki_(series)"",""co_posts"":14,""character_coverage"":0.150538}]","","","PENDING",""
"I70-019854","kazakiri_hyouka","4","Character","114","","","","","風斬氷華","","[{""copyright"":""toaru_majutsu_no_index"",""co_posts"":97,""character_coverage"":1.0},{""copyright"":""toaru_majutsu_no_index:_old_testament"",""co_posts"":84,""character_coverage"":0.865979},{""copyright"":""toaru_kagaku_no_railgun"",""co_posts"":15,""character_coverage"":0.154639},{""copyright"":""toaru_majutsu_no_index:_new_testament"",""co_posts"":11,""character_coverage"":0.113402},{""copyright"":""toaru_majutsu_no_index:_endymion_no_kiseki"",""co_posts"":3,""character_coverage"":0.030928}]","","","PENDING",""
"I70-019855","kim_jaehee","4","Character","114","","","","","金材禧","","[{""copyright"":""beacon_of_light_in_the_dark_sea"",""co_posts"":114,""character_coverage"":1.0},{""copyright"":""pokemon"",""co_posts"":2,""character_coverage"":0.017544}]","","","PENDING",""
"I70-019856","king_bradley","4","Character","114","","","","","キング・ブラッドレイ","","[{""copyright"":""fullmetal_alchemist"",""co_posts"":105,""character_coverage"":1.0},{""copyright"":""final_fantasy"",""co_posts"":6,""character_coverage"":0.057143},{""copyright"":""one_piece"",""co_posts"":5,""character_coverage"":0.047619},{""copyright"":""touhou"",""co_posts"":5,""character_coverage"":0.047619},{""copyright"":""bleach"",""co_posts"":4,""character_coverage"":0.038095}]","","","PENDING",""
"I70-019857","kinoshita_shizuka","4","Character","114","girl_with_hair_over_one_eye_(k-on!)","girl with hair over one eye (k-on!)","","","木下しずか","","[{""copyright"":""k-on!"",""co_posts"":107,""character_coverage"":1.0},{""copyright"":""k-on!_movie"",""co_posts"":2,""character_coverage"":0.018692},{""copyright"":""alice's_adventures_in_wonderland"",""co_posts"":1,""character_coverage"":0.009346},{""copyright"":""azumanga_daioh"",""co_posts"":1,""character_coverage"":0.009346},{""copyright"":""coca-cola"",""co_posts"":1,""character_coverage"":0.009346}]","","","PENDING",""
"I70-019858","kite_(.hack//)","4","Character","114","","","","","カイト","","[{""copyright"":"".hack//"",""co_posts"":106,""character_coverage"":1.0},{""copyright"":"".hack//games"",""co_posts"":75,""character_coverage"":0.707547},{""copyright"":"".hack//link"",""co_posts"":27,""character_coverage"":0.254717},{""copyright"":"".hack//g.u."",""co_posts"":15,""character_coverage"":0.141509},{""copyright"":"".hack//sign"",""co_posts"":9,""character_coverage"":0.084906}]","","","PENDING",""
"I70-019859","kleavor","4","Character","114","","","","","バサギリ","","[{""copyright"":""pokemon"",""co_posts"":110,""character_coverage"":1.0},{""copyright"":""pokemon_legends:_arceus"",""co_posts"":39,""character_coverage"":0.354545},{""copyright"":""original"",""co_posts"":4,""character_coverage"":0.036364},{""copyright"":""pokemon_diamond/pearl/platinum"",""co_posts"":3,""character_coverage"":0.027273},{""copyright"":""pokemon_(anime)"",""co_posts"":2,""character_coverage"":0.018182}]","","","PENDING",""
"I70-019860","kokoa-chan_(pan_(mimi))","4","Character","114","","","","","ココアちゃん（パン（ミミ））","","[{""copyright"":""original"",""co_posts"":112,""character_coverage"":1.0},{""copyright"":""comiket_101"",""co_posts"":3,""character_coverage"":0.026786},{""copyright"":""comiket_90"",""co_posts"":1,""character_coverage"":0.008929},{""copyright"":""comiket_94"",""co_posts"":1,""character_coverage"":0.008929},{""copyright"":""dengeki_moeoh"",""co_posts"":1,""character_coverage"":0.008929}]","","","PENDING",""
"I70-019861","kujo_chiharu","4","Character","114","","","","","チハル","","[{""copyright"":""milky_subway"",""co_posts"":111,""character_coverage"":1.0},{""copyright"":""muse_dash"",""co_posts"":2,""character_coverage"":0.018018},{""copyright"":""original"",""co_posts"":2,""character_coverage"":0.018018},{""copyright"":""anpanman"",""co_posts"":1,""character_coverage"":0.009009},{""copyright"":""chainsaw_man"",""co_posts"":1,""character_coverage"":0.009009}]","","","PENDING",""
"I70-019862","kujou_subaru","4","Character","114","","","","","九条昴","","[{""copyright"":""sakura_taisen"",""co_posts"":97,""character_coverage"":1.0},{""copyright"":""sakura_taisen_v"",""co_posts"":96,""character_coverage"":0.989691},{""copyright"":""sakura_taisen_ii"",""co_posts"":11,""character_coverage"":0.113402},{""copyright"":""sakura_taisen_iii"",""co_posts"":10,""character_coverage"":0.103093},{""copyright"":""sega"",""co_posts"":8,""character_coverage"":0.082474}]","","","PENDING",""
"I70-019863","kyouno_natsumi_(spirit)","4","Character","114","","","","","","","[{""copyright"":""date_a_live"",""co_posts"":103,""character_coverage"":1.0},{""copyright"":""crash_fever"",""co_posts"":2,""character_coverage"":0.019417},{""copyright"":""date_a_live:_arusu_install"",""co_posts"":2,""character_coverage"":0.019417},{""copyright"":""date_a_live:_rinne_utopia"",""co_posts"":2,""character_coverage"":0.019417},{""copyright"":""fantasia_re:build"",""co_posts"":2,""character_coverage"":0.019417}]","","","PENDING",""
"I70-019864","left_(atomic_heart)","4","Character","114","","","","","","","[{""copyright"":""atomic_heart"",""co_posts"":51,""character_coverage"":1.0},{""copyright"":""reverse:1999"",""co_posts"":5,""character_coverage"":0.098039},{""copyright"":""girls'_frontline"",""co_posts"":2,""character_coverage"":0.039216},{""copyright"":""doom_(series)"",""co_posts"":1,""character_coverage"":0.019608},{""copyright"":""doom_eternal"",""co_posts"":1,""character_coverage"":0.019608}]","","","PENDING",""
"I70-019865","len_(cat)_(tsukihime)","4","Character","114","","","","","","","[{""copyright"":""tsukihime"",""co_posts"":93,""character_coverage"":0.989362},{""copyright"":""melty_blood"",""co_posts"":23,""character_coverage"":0.244681},{""copyright"":""kagetsu_tooya"",""co_posts"":11,""character_coverage"":0.117021},{""copyright"":""tsukihime_(remake)"",""co_posts"":9,""character_coverage"":0.095745},{""copyright"":""fate_(series)"",""co_posts"":5,""character_coverage"":0.053191}]","","","PENDING",""
"I70-019866","leo/need_kaito","4","Character","114","","","","","","","[{""copyright"":""project_sekai"",""co_posts"":110,""character_coverage"":1.0},{""copyright"":""vocaloid"",""co_posts"":110,""character_coverage"":1.0},{""copyright"":""evillious_nendaiki"",""co_posts"":1,""character_coverage"":0.009091},{""copyright"":""love_live!"",""co_posts"":1,""character_coverage"":0.009091},{""copyright"":""love_live!_hasu_no_sora_jogakuin_school_idol_club"",""co_posts"":1,""character_coverage"":0.009091}]","","","PENDING",""
"I70-019867","lifeguard_(lilo_&_stitch)","4","Character","114","","","","","","","[{""copyright"":""lilo_&_stitch"",""co_posts"":57,""character_coverage"":1.0},{""copyright"":""bleach"",""co_posts"":1,""character_coverage"":0.017544},{""copyright"":""darkstalkers"",""co_posts"":1,""character_coverage"":0.017544},{""copyright"":""flcl"",""co_posts"":1,""character_coverage"":0.017544},{""copyright"":""one_piece"",""co_posts"":1,""character_coverage"":0.017544}]","","","PENDING",""
"I70-019868","lillum","4","Character","114","","","","","リリム・ゼブル","","[{""copyright"":""kanan-sama_wa_akumade_choroi"",""co_posts"":89,""character_coverage"":1.0},{""copyright"":""megami_magazine"",""co_posts"":1,""character_coverage"":0.011236},{""copyright"":""original"",""co_posts"":1,""character_coverage"":0.011236},{""copyright"":""seitokai_ni_mo_ana_wa_aru!"",""co_posts"":1,""character_coverage"":0.011236}]","","","PENDING",""
"I70-019869","lin_hu_(nekojishi)","4","Character","114","","","","","虎爺林虎","","[{""copyright"":""nekojishi"",""co_posts"":111,""character_coverage"":0.991071},{""copyright"":""gyee"",""co_posts"":30,""character_coverage"":0.267857},{""copyright"":""arknights"",""co_posts"":5,""character_coverage"":0.044643},{""copyright"":""zero_kara_hajimeru_mahou_no_sho"",""co_posts"":4,""character_coverage"":0.035714},{""copyright"":""little_red_riding_hood_(fairy_tale)"",""co_posts"":1,""character_coverage"":0.008929}]","","","PENDING",""
"I70-019870","loli_ruri","4","Character","114","","","","","ロリルリ","","[{""copyright"":""ragnarok_online"",""co_posts"":111,""character_coverage"":1.0},{""copyright"":""touhou"",""co_posts"":2,""character_coverage"":0.018018},{""copyright"":""vocaloid"",""co_posts"":2,""character_coverage"":0.018018},{""copyright"":""hayate_no_gotoku!"",""co_posts"":1,""character_coverage"":0.009009},{""copyright"":""mahou_shoujo_madoka_magica"",""co_posts"":1,""character_coverage"":0.009009}]","","","PENDING",""
"I70-019871","lucius_(fire_emblem)","4","Character","114","","","","","ルセア","","[{""copyright"":""fire_emblem"",""co_posts"":108,""character_coverage"":1.0},{""copyright"":""fire_emblem:_the_blazing_blade"",""co_posts"":104,""character_coverage"":0.962963},{""copyright"":""fire_emblem_heroes"",""co_posts"":32,""character_coverage"":0.296296},{""copyright"":""fire_emblem:_the_sacred_stones"",""co_posts"":9,""character_coverage"":0.083333},{""copyright"":""fire_emblem_awakening"",""co_posts"":9,""character_coverage"":0.083333}]","","","PENDING",""
"I70-019872","marnie_(champion)_(pokemon)","4","Character","114","","","","","マリィ(チャンピオン)","","[{""copyright"":""pokemon"",""co_posts"":113,""character_coverage"":1.0},{""copyright"":""pokemon_masters_ex"",""co_posts"":113,""character_coverage"":1.0},{""copyright"":""pokemon_sword_and_shield"",""co_posts"":9,""character_coverage"":0.079646},{""copyright"":""pokemon_sun_and_moon"",""co_posts"":5,""character_coverage"":0.044248},{""copyright"":""pokemon_legends:_arceus"",""co_posts"":3,""character_coverage"":0.026549}]","","","PENDING",""
"I70-019873","mary_hunt","4","Character","114","","","","","メアリ・ハント","","[{""copyright"":""otome_game_no_hametsu_flag_shika_nai_akuyaku_reijou_ni_tensei_shite_shimatta"",""co_posts"":106,""character_coverage"":1.0},{""copyright"":""megami_magazine"",""co_posts"":2,""character_coverage"":0.018868},{""copyright"":""animedia"",""co_posts"":1,""character_coverage"":0.009434},{""copyright"":""kantai_collection"",""co_posts"":1,""character_coverage"":0.009434},{""copyright"":""newtype"",""co_posts"":1,""character_coverage"":0.009434}]","","","PENDING",""
"I70-019874","mayday_parker","4","Character","114","","","","","メイデイ・パーカー","","[{""copyright"":""marvel"",""co_posts"":104,""character_coverage"":1.0},{""copyright"":""spider-man_(series)"",""co_posts"":104,""character_coverage"":1.0},{""copyright"":""spider-verse"",""co_posts"":65,""character_coverage"":0.625},{""copyright"":""spider-man:_across_the_spider-verse"",""co_posts"":58,""character_coverage"":0.557692},{""copyright"":""spider-man:_into_the_spider-verse"",""co_posts"":7,""character_coverage"":0.067308}]","","","PENDING",""
"I70-019875","mecha_eli-chan_(fate)","4","Character","114","mecha_eli-chan,mecha_eli-chan_(fate/grand_order)","mecha eli-chan | mecha eli-chan (fate/grand order)","","","メカエリチャン","","[{""copyright"":""fate_(series)"",""co_posts"":107,""character_coverage"":1.0},{""copyright"":""fate/grand_order"",""co_posts"":106,""character_coverage"":0.990654},{""copyright"":""fate/extra"",""co_posts"":10,""character_coverage"":0.093458},{""copyright"":""fate/extra_ccc"",""co_posts"":5,""character_coverage"":0.046729},{""copyright"":""fate/apocrypha"",""co_posts"":2,""character_coverage"":0.018692}]","","","PENDING",""
"I70-019876","medusa_(kid_icarus)","4","Character","114","","","","","冥界女王メデューサ","","[{""copyright"":""kid_icarus"",""co_posts"":101,""character_coverage"":1.0},{""copyright"":""kid_icarus_uprising"",""co_posts"":84,""character_coverage"":0.831683},{""copyright"":""kid_icarus_(nes)"",""co_posts"":7,""character_coverage"":0.069307},{""copyright"":""donkey_kong_(series)"",""co_posts"":3,""character_coverage"":0.029703},{""copyright"":""super_smash_bros."",""co_posts"":3,""character_coverage"":0.029703}]","","","PENDING",""
"I70-019877","merlin_hermes","4","Character","114","","","","","梅林·赫尔墨斯","","[{""copyright"":""lord_of_the_mysteries"",""co_posts"":107,""character_coverage"":1.0},{""copyright"":""circle_of_inevitability"",""co_posts"":3,""character_coverage"":0.028037}]","","","PENDING",""
"I70-019878","merry_milk","4","Character","114","","","","","メリーミルク","","[{""copyright"":"".live"",""co_posts"":111,""character_coverage"":0.973684},{""copyright"":""indie_virtual_youtuber"",""co_posts"":5,""character_coverage"":0.04386},{""copyright"":""nijisanji"",""co_posts"":2,""character_coverage"":0.017544},{""copyright"":""300_(movie)"",""co_posts"":1,""character_coverage"":0.008772},{""copyright"":""hololive"",""co_posts"":1,""character_coverage"":0.008772}]","","","PENDING",""
"I70-019879","miichiru_(pripara)","4","Character","114","","","","","ミーチル","","[{""copyright"":""pretty_series"",""co_posts"":112,""character_coverage"":1.0},{""copyright"":""pripara"",""co_posts"":112,""character_coverage"":1.0},{""copyright"":""idol_time_pripara"",""co_posts"":111,""character_coverage"":0.991071},{""copyright"":""idol_land_pripara"",""co_posts"":2,""character_coverage"":0.017857},{""copyright"":""comiket_92"",""co_posts"":1,""character_coverage"":0.008929}]","","","PENDING",""
"I70-019880","miki_(shugo_chara!)","4","Character","114","miki_(shugo_chara)","miki (shugo chara)","","","ミキ","","[{""copyright"":""shugo_chara!"",""co_posts"":105,""character_coverage"":1.0},{""copyright"":""bishoujo_senshi_sailor_moon"",""co_posts"":2,""character_coverage"":0.019048},{""copyright"":""cardcaptor_sakura"",""co_posts"":2,""character_coverage"":0.019048},{""copyright"":""futari_wa_precure"",""co_posts"":2,""character_coverage"":0.019048},{""copyright"":""hidamari_sketch"",""co_posts"":2,""character_coverage"":0.019048}]","","","PENDING",""
"I70-019881","mila_(doa)","4","Character","114","","","","","ミラ","","[{""copyright"":""dead_or_alive"",""co_posts"":76,""character_coverage"":1.0},{""copyright"":""dead_or_alive_5"",""co_posts"":55,""character_coverage"":0.723684},{""copyright"":""dead_or_alive_6"",""co_posts"":5,""character_coverage"":0.065789},{""copyright"":""aikatsu!_(series)"",""co_posts"":1,""character_coverage"":0.013158},{""copyright"":""black_lagoon"",""co_posts"":1,""character_coverage"":0.013158}]","","","PENDING",""
"I70-019882","minagi_hiyori","4","Character","114","","","","","海凪ひより","","[{""copyright"":""slow_loop"",""co_posts"":107,""character_coverage"":1.0},{""copyright"":""manga_time_kirara"",""co_posts"":8,""character_coverage"":0.074766},{""copyright"":""koisuru_asteroid"",""co_posts"":3,""character_coverage"":0.028037},{""copyright"":""machikado_mazoku"",""co_posts"":3,""character_coverage"":0.028037},{""copyright"":""bocchi_the_rock!"",""co_posts"":2,""character_coverage"":0.018692}]","","","PENDING",""
"I70-019883","minami_kenjirou","4","Character","114","","","","","南健次郎","","[{""copyright"":""yuri!!!_on_ice"",""co_posts"":113,""character_coverage"":1.0},{""copyright"":""comiket_95"",""co_posts"":1,""character_coverage"":0.00885},{""copyright"":""hamtaro_(series)"",""co_posts"":1,""character_coverage"":0.00885},{""copyright"":""jinrui_wa_suitai_shimashita"",""co_posts"":1,""character_coverage"":0.00885},{""copyright"":""osawari_tantei"",""co_posts"":1,""character_coverage"":0.00885}]","","","PENDING",""
"I70-019884","mipple","4","Character","114","","","","","ミップル","","[{""copyright"":""precure"",""co_posts"":104,""character_coverage"":1.0},{""copyright"":""futari_wa_precure"",""co_posts"":103,""character_coverage"":0.990385},{""copyright"":""futari_wa_precure_max_heart"",""co_posts"":36,""character_coverage"":0.346154},{""copyright"":""futari_wa_precure_splash_star"",""co_posts"":18,""character_coverage"":0.173077},{""copyright"":""heartcatch_precure!"",""co_posts"":18,""character_coverage"":0.173077}]","","","PENDING",""
"I70-019885","molly_(omori)","4","Character","114","","","","","","","[{""copyright"":""omori"",""co_posts"":109,""character_coverage"":1.0},{""copyright"":""splatoon_(series)"",""co_posts"":2,""character_coverage"":0.018349},{""copyright"":""splatoon_2"",""co_posts"":2,""character_coverage"":0.018349},{""copyright"":""cookie_run"",""co_posts"":1,""character_coverage"":0.009174},{""copyright"":""cookie_run:_kingdom"",""co_posts"":1,""character_coverage"":0.009174}]","","","PENDING",""
"I70-019886","nekoyanagi_kirio","4","Character","114","","","","","猫柳キリオ","","[{""copyright"":""idolmaster"",""co_posts"":114,""character_coverage"":1.0},{""copyright"":""idolmaster_side-m"",""co_posts"":114,""character_coverage"":1.0},{""copyright"":""idolmaster_side-m_growing_stars"",""co_posts"":18,""character_coverage"":0.157895},{""copyright"":""idolmaster_side-m_live_on_stage!"",""co_posts"":15,""character_coverage"":0.131579},{""copyright"":""journey_to_the_west"",""co_posts"":2,""character_coverage"":0.017544}]","","","PENDING",""
"I70-019887","neo_metal_sonic","4","Character","114","","","","","ネオメタルソニック","","[{""copyright"":""sonic_(series)"",""co_posts"":104,""character_coverage"":1.0},{""copyright"":""sonic_heroes"",""co_posts"":72,""character_coverage"":0.692308},{""copyright"":""sonic_the_hedgehog_(idw)"",""co_posts"":25,""character_coverage"":0.240385},{""copyright"":""death_battle"",""co_posts"":10,""character_coverage"":0.096154},{""copyright"":""dragon_ball"",""co_posts"":8,""character_coverage"":0.076923}]","","","PENDING",""
"I70-019888","nico_(devil_may_cry)","4","Character","114","nicoletta_goldstein","nicoletta goldstein","","","ニコ(デビルメイクライ)","","[{""copyright"":""devil_may_cry_(series)"",""co_posts"":73,""character_coverage"":1.0},{""copyright"":""devil_may_cry_5"",""co_posts"":70,""character_coverage"":0.958904},{""copyright"":""devil_may_cry_3"",""co_posts"":3,""character_coverage"":0.041096},{""copyright"":""nijisanji"",""co_posts"":2,""character_coverage"":0.027397},{""copyright"":""nijisanji_en"",""co_posts"":2,""character_coverage"":0.027397}]","","","PENDING",""
"I70-019889","nishihara_tetsuya","4","Character","114","","","","","西原tetsuya","","[{""copyright"":""original"",""co_posts"":114,""character_coverage"":1.0},{""copyright"":""irasutoya"",""co_posts"":1,""character_coverage"":0.008772}]","","","PENDING",""
"I70-019890","north_flight_(looking_fly!)_(umamusume)","4","Character","114","","","","","","","[{""copyright"":""umamusume"",""co_posts"":112,""character_coverage"":1.0},{""copyright"":""real_life"",""co_posts"":2,""character_coverage"":0.017857},{""copyright"":""comiket_106"",""co_posts"":1,""character_coverage"":0.008929},{""copyright"":""umamusume:_star_blossom"",""co_posts"":1,""character_coverage"":0.008929},{""copyright"":""watashi_ni_tenshi_ga_maiorita!"",""co_posts"":1,""character_coverage"":0.008929}]","","","PENDING",""
"I70-019891","obi_(1hp_club)","4","Character","114","","","","","","","[{""copyright"":""1hp_club"",""co_posts"":107,""character_coverage"":1.0},{""copyright"":""indie_virtual_youtuber"",""co_posts"":3,""character_coverage"":0.028037},{""copyright"":""original"",""co_posts"":2,""character_coverage"":0.018692},{""copyright"":""dungeons_&_dragons"",""co_posts"":1,""character_coverage"":0.009346},{""copyright"":""marvel"",""co_posts"":1,""character_coverage"":0.009346}]","","","PENDING",""
"I70-019892","okuzora_kohaku","4","Character","114","","","","","奥空心白","","[{""copyright"":""idolmaster"",""co_posts"":108,""character_coverage"":1.0},{""copyright"":""idolmaster_starlit_season"",""co_posts"":108,""character_coverage"":1.0},{""copyright"":""idolmaster_(classic)"",""co_posts"":16,""character_coverage"":0.148148},{""copyright"":""idolmaster_million_live!"",""co_posts"":12,""character_coverage"":0.111111},{""copyright"":""idolmaster_stella_stage"",""co_posts"":10,""character_coverage"":0.092593}]","","","PENDING",""
"I70-019893","ootani_yuri","4","Character","114","","","","","大谷ゆり","","[{""copyright"":""alien_nine"",""co_posts"":110,""character_coverage"":1.0},{""copyright"":""chobits"",""co_posts"":1,""character_coverage"":0.009091},{""copyright"":""crayon_shin-chan"",""co_posts"":1,""character_coverage"":0.009091},{""copyright"":""di_gi_charat"",""co_posts"":1,""character_coverage"":0.009091},{""copyright"":""fushigi_mahou_fun_fun_pharmacy"",""co_posts"":1,""character_coverage"":0.009091}]","","","PENDING",""
"I70-019894","oranguru","4","Character","114","","","","","ヤレユータン","","[{""copyright"":""pokemon"",""co_posts"":112,""character_coverage"":1.0},{""copyright"":""pokemon_sun_and_moon"",""co_posts"":25,""character_coverage"":0.223214},{""copyright"":""pokemon_(anime)"",""co_posts"":17,""character_coverage"":0.151786},{""copyright"":""pokemon_the_series:_sun_&_moon"",""co_posts"":16,""character_coverage"":0.142857},{""copyright"":""pokemon_tcg"",""co_posts"":11,""character_coverage"":0.098214}]","","","PENDING",""
"I70-019895","otonose_kanade_(regloss_uniform)","4","Character","114","otonose_kanade_(2nd_costume)","otonose kanade (2nd costume)","","","","","[{""copyright"":""hololive"",""co_posts"":106,""character_coverage"":1.0},{""copyright"":""hololive_dev_is"",""co_posts"":106,""character_coverage"":1.0},{""copyright"":""hololive_english"",""co_posts"":4,""character_coverage"":0.037736},{""copyright"":""hololive_indonesia"",""co_posts"":4,""character_coverage"":0.037736},{""copyright"":""bocchi_the_rock!"",""co_posts"":1,""character_coverage"":0.009434}]","","","PENDING",""
"I70-019896","pandora_smith_(magister)","4","Character","114","","","","","パンダちゃん","","[{""copyright"":""original"",""co_posts"":95,""character_coverage"":0.931373},{""copyright"":""muchigaku"",""co_posts"":17,""character_coverage"":0.166667},{""copyright"":""blue_archive"",""co_posts"":4,""character_coverage"":0.039216},{""copyright"":""lawson"",""co_posts"":2,""character_coverage"":0.019608},{""copyright"":""idolmaster"",""co_posts"":1,""character_coverage"":0.009804}]","","","PENDING",""
"I70-019897","persia_(mahou_no_yousei_persia)","4","Character","114","","","","","ペルシャ","","[{""copyright"":""mahou_no_yousei_persia"",""co_posts"":93,""character_coverage"":1.0},{""copyright"":""mahou_no_idol_pastel_yumi"",""co_posts"":27,""character_coverage"":0.290323},{""copyright"":""mahou_no_tenshi_creamy_mami"",""co_posts"":20,""character_coverage"":0.215054},{""copyright"":""mahou_no_star_magical_emi"",""co_posts"":17,""character_coverage"":0.182796},{""copyright"":""bishoujo_senshi_sailor_moon"",""co_posts"":7,""character_coverage"":0.075269}]","","","PENDING",""
"I70-019898","presea_testarossa","4","Character","114","precia_testarossa","precia testarossa","","","プレシア・テスタロッサ","","[{""copyright"":""lyrical_nanoha"",""co_posts"":107,""character_coverage"":1.0},{""copyright"":""mahou_shoujo_lyrical_nanoha"",""co_posts"":86,""character_coverage"":0.803738},{""copyright"":""mahou_shoujo_lyrical_nanoha_a's"",""co_posts"":19,""character_coverage"":0.17757},{""copyright"":""mahou_shoujo_lyrical_nanoha_strikers"",""co_posts"":18,""character_coverage"":0.168224},{""copyright"":""mahou_shoujo_lyrical_nanoha_innocent"",""co_posts"":14,""character_coverage"":0.130841}]","","","PENDING",""
"I70-019899","princess_tear","4","Character","114","","","","","プリンセスティア","","[{""copyright"":""mahou_senshi_(series)"",""co_posts"":102,""character_coverage"":1.0},{""copyright"":""mahou_senshi_princess_tear"",""co_posts"":84,""character_coverage"":0.823529},{""copyright"":""mahou_senshi_sweet_knights_2"",""co_posts"":17,""character_coverage"":0.166667}]","","","PENDING",""
"I70-019900","ptolemy_(third_ascension)_(fate)","4","Character","114","","","","","","","[{""copyright"":""fate_(series)"",""co_posts"":113,""character_coverage"":1.0},{""copyright"":""fate/grand_order"",""co_posts"":99,""character_coverage"":0.876106},{""copyright"":""lord_el-melloi_ii_case_files"",""co_posts"":15,""character_coverage"":0.132743},{""copyright"":""fate/grand_order_arcade"",""co_posts"":3,""character_coverage"":0.026549},{""copyright"":""fate/zero"",""co_posts"":3,""character_coverage"":0.026549}]","","","PENDING",""
"I70-019901","rurune_(vrchat)","4","Character","114","","","","","ルルネ","","[{""copyright"":""vrchat"",""co_posts"":105,""character_coverage"":1.0},{""copyright"":""original"",""co_posts"":2,""character_coverage"":0.019048},{""copyright"":""monitoring_(vocaloid)"",""co_posts"":1,""character_coverage"":0.009524}]","","","PENDING",""
"I70-019902","ryu_hayabusa","4","Character","114","hayabusa_ryu,ryuu_hayabusa","hayabusa ryu | ryuu hayabusa","","","リュウ・ハヤブサ","","[{""copyright"":""ninja_gaiden"",""co_posts"":73,""character_coverage"":0.820225},{""copyright"":""dead_or_alive"",""co_posts"":31,""character_coverage"":0.348315},{""copyright"":""kirby_(series)"",""co_posts"":8,""character_coverage"":0.089888},{""copyright"":""mario_(series)"",""co_posts"":8,""character_coverage"":0.089888},{""copyright"":""mega_man_(series)"",""co_posts"":8,""character_coverage"":0.089888}]","","","PENDING",""
"I70-019903","saber_alter_(maid)","4","Character","114","","","","","","","[{""copyright"":""fate_(series)"",""co_posts"":110,""character_coverage"":1.0},{""copyright"":""fate/stay_night"",""co_posts"":91,""character_coverage"":0.827273},{""copyright"":""carnival_phantasm"",""co_posts"":77,""character_coverage"":0.7},{""copyright"":""fate/grand_order"",""co_posts"":25,""character_coverage"":0.227273},{""copyright"":""fate/hollow_ataraxia"",""co_posts"":5,""character_coverage"":0.045455}]","","","PENDING",""
"I70-019904","sagara_seiji","4","Character","114","","","","","相楽誠司","","[{""copyright"":""happinesscharge_precure!"",""co_posts"":111,""character_coverage"":1.0},{""copyright"":""precure"",""co_posts"":111,""character_coverage"":1.0},{""copyright"":""heartcatch_precure!"",""co_posts"":6,""character_coverage"":0.054054},{""copyright"":""dokidoki!_precure"",""co_posts"":5,""character_coverage"":0.045045},{""copyright"":""yes!_precure_5"",""co_posts"":5,""character_coverage"":0.045045}]","","","PENDING",""
"I70-019905","sanger_zonvolt","4","Character","114","zengar_zombolt","zengar zombolt","","","ゼンガー・ゾンボルト","","[{""copyright"":""super_robot_wars"",""co_posts"":108,""character_coverage"":0.990826},{""copyright"":""super_robot_wars_original_generation"",""co_posts"":28,""character_coverage"":0.256881},{""copyright"":""super_robot_wars_alpha"",""co_posts"":8,""character_coverage"":0.073394},{""copyright"":""the_3rd_super_robot_wars_alpha"",""co_posts"":6,""character_coverage"":0.055046},{""copyright"":""super_robot_wars_original_generation_2"",""co_posts"":4,""character_coverage"":0.036697}]","","","PENDING",""
"I70-019906","scarlet_(ff7)","4","Character","114","","","","","スカーレット(FF7)","","[{""copyright"":""final_fantasy"",""co_posts"":87,""character_coverage"":0.988636},{""copyright"":""final_fantasy_vii"",""co_posts"":87,""character_coverage"":0.988636},{""copyright"":""final_fantasy_vii_remake"",""co_posts"":54,""character_coverage"":0.613636},{""copyright"":""final_fantasy_vii_rebirth"",""co_posts"":5,""character_coverage"":0.056818},{""copyright"":""batman_(series)"",""co_posts"":1,""character_coverage"":0.011364}]","","","PENDING",""
"I70-019907","sealand_(hetalia)","4","Character","114","peter_kirkland","peter kirkland","","","ピーター・カークランド","","[{""copyright"":""axis_powers_hetalia"",""co_posts"":104,""character_coverage"":1.0},{""copyright"":""harry_potter_(series)"",""co_posts"":2,""character_coverage"":0.019231},{""copyright"":""ragnarok_online"",""co_posts"":2,""character_coverage"":0.019231},{""copyright"":""wizarding_world"",""co_posts"":2,""character_coverage"":0.019231},{""copyright"":""hello_kitty"",""co_posts"":1,""character_coverage"":0.009615}]","","","PENDING",""
"I70-019908","sean_matsuda","4","Character","114","","","","","ショーン・マツダ","","[{""copyright"":""street_fighter"",""co_posts"":98,""character_coverage"":1.0},{""copyright"":""street_fighter_iii_(series)"",""co_posts"":82,""character_coverage"":0.836735},{""copyright"":""street_fighter_v"",""co_posts"":17,""character_coverage"":0.173469},{""copyright"":""capcom"",""co_posts"":13,""character_coverage"":0.132653},{""copyright"":""final_fight"",""co_posts"":9,""character_coverage"":0.091837}]","","","PENDING",""
"I70-019909","secco","4","Character","114","","","","","セッコ","","[{""copyright"":""jojo_no_kimyou_na_bouken"",""co_posts"":110,""character_coverage"":1.0},{""copyright"":""vento_aureo"",""co_posts"":108,""character_coverage"":0.981818},{""copyright"":""diamond_wa_kudakenai"",""co_posts"":7,""character_coverage"":0.063636},{""copyright"":""stardust_crusaders"",""co_posts"":4,""character_coverage"":0.036364},{""copyright"":""steel_ball_run"",""co_posts"":4,""character_coverage"":0.036364}]","","","PENDING",""
"I70-019910","sena_airi","4","Character","114","","","","","瀬名愛理","","[{""copyright"":""mashiroiro_symphony"",""co_posts"":111,""character_coverage"":1.0},{""copyright"":""megami_magazine"",""co_posts"":2,""character_coverage"":0.018018},{""copyright"":""9-nine-"",""co_posts"":1,""character_coverage"":0.009009},{""copyright"":""dengeki_g's"",""co_posts"":1,""character_coverage"":0.009009},{""copyright"":""dengeki_moeoh"",""co_posts"":1,""character_coverage"":0.009009}]","","","PENDING",""
"I70-019911","shihoudou_narika","4","Character","114","","","","","四方堂ナリカ","","[{""copyright"":""choukou_(alicesoft)"",""co_posts"":106,""character_coverage"":1.0},{""copyright"":""choukou_sennin_haruka"",""co_posts"":106,""character_coverage"":1.0},{""copyright"":""choukou_taisen_escalation_heroines"",""co_posts"":5,""character_coverage"":0.04717},{""copyright"":""otogi_frontier"",""co_posts"":5,""character_coverage"":0.04717},{""copyright"":""alicesoft"",""co_posts"":4,""character_coverage"":0.037736}]","","","PENDING",""
"I70-019912","shijou_mitsuki","4","Character","114","shijyo_mitsuki","shijyo mitsuki","","","祇条深月","","[{""copyright"":""kimi_kiss"",""co_posts"":110,""character_coverage"":1.0},{""copyright"":""gakuen_utopia_manabi_straight!"",""co_posts"":2,""character_coverage"":0.018182},{""copyright"":""megami_magazine"",""co_posts"":1,""character_coverage"":0.009091},{""copyright"":""shakugan_no_shana"",""co_posts"":1,""character_coverage"":0.009091},{""copyright"":""techgian"",""co_posts"":1,""character_coverage"":0.009091}]","","","PENDING",""
"I70-019913","shin_(path_to_nowhere)","4","Character","114","","","","","源津","","[{""copyright"":""path_to_nowhere"",""co_posts"":94,""character_coverage"":1.0},{""copyright"":""chainsaw_man"",""co_posts"":1,""character_coverage"":0.010638},{""copyright"":""the_weaker_sex_1_(gibson)"",""co_posts"":1,""character_coverage"":0.010638},{""copyright"":""tomie"",""co_posts"":1,""character_coverage"":0.010638}]","","","PENDING",""
"I70-019914","shindou_hikari","4","Character","114","","","","","新道光","","[{""copyright"":""soukou_senki_prism_reica"",""co_posts"":109,""character_coverage"":1.0},{""copyright"":""soukou_senki_prism_shine"",""co_posts"":109,""character_coverage"":1.0}]","","","PENDING",""
"I70-019915","shiny_heart_(alice_girls)","4","Character","114","","","","","光沢のある心（アリスガールズ）","","[{""copyright"":""alice_girls_shiny_heart"",""co_posts"":114,""character_coverage"":1.0},{""copyright"":""super_heroine_boy"",""co_posts"":114,""character_coverage"":1.0},{""copyright"":""line_(naver)"",""co_posts"":1,""character_coverage"":0.008772}]","","","PENDING",""
"I70-019916","shiomi_hotaru","4","Character","114","","","","","汐見蛍","","[{""copyright"":""bang_dream!"",""co_posts"":87,""character_coverage"":1.0},{""copyright"":""bang_dream!_our_notes"",""co_posts"":86,""character_coverage"":0.988506},{""copyright"":""bang_dream!_it's_mygo!!!!!"",""co_posts"":7,""character_coverage"":0.08046},{""copyright"":""alice_gear_aegis"",""co_posts"":3,""character_coverage"":0.034483},{""copyright"":""bang_dream!_yumemita"",""co_posts"":3,""character_coverage"":0.034483}]","","","PENDING",""
"I70-019917","shiraishi_yuzuki","4","Character","114","","","","","白石結月","","[{""copyright"":""sora_yori_mo_tooi_basho"",""co_posts"":109,""character_coverage"":1.0},{""copyright"":""yurucamp"",""co_posts"":4,""character_coverage"":0.036697},{""copyright"":""arknights"",""co_posts"":1,""character_coverage"":0.009174},{""copyright"":""doraemon"",""co_posts"":1,""character_coverage"":0.009174},{""copyright"":""fate/grand_order"",""co_posts"":1,""character_coverage"":0.009174}]","","","PENDING",""
"I70-019918","shirogane_takeru","4","Character","114","","","","","白銀武","","[{""copyright"":""muv-luv"",""co_posts"":108,""character_coverage"":1.0},{""copyright"":""muv-luv_alternative"",""co_posts"":64,""character_coverage"":0.592593},{""copyright"":""muv-luv_alternative_(anime)"",""co_posts"":23,""character_coverage"":0.212963},{""copyright"":""muv-luv_unlimited:_the_day_after"",""co_posts"":4,""character_coverage"":0.037037},{""copyright"":""muv-luv:_dimensions"",""co_posts"":3,""character_coverage"":0.027778}]","","","PENDING",""
"I70-019919","silque_(fire_emblem)","4","Character","114","silk_(fire_emblem)","silk (fire emblem)","","","シルク(FE外伝)","","[{""copyright"":""fire_emblem"",""co_posts"":109,""character_coverage"":1.0},{""copyright"":""fire_emblem_echoes:_shadows_of_valentia"",""co_posts"":102,""character_coverage"":0.93578},{""copyright"":""fire_emblem_heroes"",""co_posts"":26,""character_coverage"":0.238532},{""copyright"":""fire_emblem_gaiden"",""co_posts"":11,""character_coverage"":0.100917},{""copyright"":""fire_emblem:_mystery_of_the_emblem"",""co_posts"":10,""character_coverage"":0.091743}]","","","PENDING",""
"I70-019920","skrelp","4","Character","114","","","","","クズモー","","[{""copyright"":""pokemon"",""co_posts"":110,""character_coverage"":1.0},{""copyright"":""pokemon_x_and_y"",""co_posts"":12,""character_coverage"":0.109091},{""copyright"":""pokemon_legends:_z-a"",""co_posts"":9,""character_coverage"":0.081818},{""copyright"":""pokemon_tcg"",""co_posts"":8,""character_coverage"":0.072727},{""copyright"":""pokemon_(anime)"",""co_posts"":6,""character_coverage"":0.054545}]","","","PENDING",""
"I70-019921","sonya_(schan)","4","Character","114","","","","","ソーニャ（シャン）","","[{""copyright"":""original"",""co_posts"":114,""character_coverage"":1.0},{""copyright"":""inabakumori"",""co_posts"":1,""character_coverage"":0.008772},{""copyright"":""lagtrain_(vocaloid)"",""co_posts"":1,""character_coverage"":0.008772}]","","","PENDING",""
"I70-019922","sophia_(pgr)","4","Character","114","sophia_(punishing:_gray_raven)","sophia (punishing: gray raven)","","","苏菲亚","","[{""copyright"":""punishing:_gray_raven"",""co_posts"":105,""character_coverage"":1.0},{""copyright"":""snowbreak:_containment_zone"",""co_posts"":2,""character_coverage"":0.019048},{""copyright"":""alchemy_stars"",""co_posts"":1,""character_coverage"":0.009524},{""copyright"":""tenga"",""co_posts"":1,""character_coverage"":0.009524}]","","","PENDING",""
"I70-019923","sorbet_(jojo)","4","Character","114","","","","","ソルベ(ジョジョの奇妙な冒険)","","[{""copyright"":""jojo_no_kimyou_na_bouken"",""co_posts"":112,""character_coverage"":1.0},{""copyright"":""vento_aureo"",""co_posts"":112,""character_coverage"":1.0},{""copyright"":""diamond_wa_kudakenai"",""co_posts"":6,""character_coverage"":0.053571},{""copyright"":""battle_tendency"",""co_posts"":5,""character_coverage"":0.044643},{""copyright"":""stardust_crusaders"",""co_posts"":5,""character_coverage"":0.044643}]","","","PENDING",""
"I70-019924","sovetskaya_rossiya_(the_lackadaisical_lookout)_(azur_lane)","4","Character","114","","","","","怠けぬ監視者","","[{""copyright"":""azur_lane"",""co_posts"":101,""character_coverage"":1.0},{""copyright"":""fire_emblem"",""co_posts"":2,""character_coverage"":0.019802},{""copyright"":""fire_emblem_heroes"",""co_posts"":2,""character_coverage"":0.019802},{""copyright"":""arknights"",""co_posts"":1,""character_coverage"":0.009901},{""copyright"":""poptepipic"",""co_posts"":1,""character_coverage"":0.009901}]","","","PENDING",""
"I70-019925","squawkabilly","4","Character","114","","","","","イキリンコ","","[{""copyright"":""pokemon"",""co_posts"":107,""character_coverage"":1.0},{""copyright"":""pokemon_scarlet_and_violet"",""co_posts"":23,""character_coverage"":0.214953},{""copyright"":""original"",""co_posts"":5,""character_coverage"":0.046729},{""copyright"":""pokemon_tcg"",""co_posts"":5,""character_coverage"":0.046729},{""copyright"":""pokemon_(anime)"",""co_posts"":2,""character_coverage"":0.018692}]","","","PENDING",""
"I70-019926","subatomo_(big)","4","Character","114","","","","","","","[{""copyright"":""hololive"",""co_posts"":93,""character_coverage"":1.0},{""copyright"":""hololive_dev_is"",""co_posts"":3,""character_coverage"":0.032258},{""copyright"":""hololive_dreams"",""co_posts"":1,""character_coverage"":0.010753},{""copyright"":""indie_virtual_youtuber"",""co_posts"":1,""character_coverage"":0.010753},{""copyright"":""monster_hunter_(series)"",""co_posts"":1,""character_coverage"":0.010753}]","","","PENDING",""
"I70-019927","tadakuni_(alterkyon)","4","Character","114","","","","","","","[{""copyright"":""magicorps_(alterkyon)"",""co_posts"":96,""character_coverage"":0.941176},{""copyright"":""original"",""co_posts"":76,""character_coverage"":0.745098},{""copyright"":""fate_(series)"",""co_posts"":2,""character_coverage"":0.019608},{""copyright"":""twitter"",""co_posts"":2,""character_coverage"":0.019608},{""copyright"":""backrooms_(2026_movie)"",""co_posts"":1,""character_coverage"":0.009804}]","","","PENDING",""
"I70-019928","takamatsu_(angel_beats!)","4","Character","114","","","","","高松","","[{""copyright"":""angel_beats!"",""co_posts"":108,""character_coverage"":1.0},{""copyright"":""air_(visual_novel)"",""co_posts"":3,""character_coverage"":0.027778},{""copyright"":""clannad"",""co_posts"":3,""character_coverage"":0.027778},{""copyright"":""key_(company)"",""co_posts"":3,""character_coverage"":0.027778},{""copyright"":""dango_daikazoku"",""co_posts"":2,""character_coverage"":0.018519}]","","","PENDING",""
"I70-019929","takaoka_yukari","4","Character","114","","","","","高岡由香里","","[{""copyright"":""super_heroine_boy"",""co_posts"":114,""character_coverage"":1.0},{""copyright"":""alice_girls_shiny_heart"",""co_posts"":22,""character_coverage"":0.192982},{""copyright"":""alice's_adventures_in_wonderland"",""co_posts"":1,""character_coverage"":0.008772},{""copyright"":""splatoon_(series)"",""co_posts"":1,""character_coverage"":0.008772},{""copyright"":""splatoon_2"",""co_posts"":1,""character_coverage"":0.008772}]","","","PENDING",""
"I70-019930","tomachop","4","Character","114","","","","","とまチョップ","","[{""copyright"":""umamusume"",""co_posts"":107,""character_coverage"":1.0},{""copyright"":""jojo_no_kimyou_na_bouken"",""co_posts"":4,""character_coverage"":0.037383},{""copyright"":""original"",""co_posts"":3,""character_coverage"":0.028037},{""copyright"":""precure"",""co_posts"":2,""character_coverage"":0.018692},{""copyright"":""gundam"",""co_posts"":1,""character_coverage"":0.009346}]","","","PENDING",""
"I70-019931","tsurugi_hina","4","Character","114","","","","","鶴木陽渚","","[{""copyright"":""houkago_teibou_nisshi"",""co_posts"":109,""character_coverage"":1.0},{""copyright"":""animedia"",""co_posts"":1,""character_coverage"":0.009174},{""copyright"":""gekkan_shoujo_nozaki-kun"",""co_posts"":1,""character_coverage"":0.009174},{""copyright"":""megami_magazine"",""co_posts"":1,""character_coverage"":0.009174},{""copyright"":""new_game!"",""co_posts"":1,""character_coverage"":0.009174}]","","","PENDING",""
"I70-019932","twintail-chan_(white-stew)","4","Character","114","","","","","","","[{""copyright"":""original"",""co_posts"":114,""character_coverage"":1.0}]","","","PENDING",""
"I70-019933","ujiie_mutsumi","4","Character","114","","","","","氏家むつみ","","[{""copyright"":""idolmaster"",""co_posts"":102,""character_coverage"":1.0},{""copyright"":""idolmaster_cinderella_girls"",""co_posts"":102,""character_coverage"":1.0},{""copyright"":""cinderella_girls_gekijou"",""co_posts"":22,""character_coverage"":0.215686},{""copyright"":""idolmaster_cinderella_girls_starlight_stage"",""co_posts"":18,""character_coverage"":0.176471},{""copyright"":""idolmaster_(classic)"",""co_posts"":4,""character_coverage"":0.039216}]","","","PENDING",""
"I70-019934","unown_g","4","Character","114","","","","","アンノーンG","","[{""copyright"":""pokemon"",""co_posts"":106,""character_coverage"":1.0},{""copyright"":""pokemon_heartgold_and_soulsilver"",""co_posts"":13,""character_coverage"":0.122642},{""copyright"":""pokemon_gold/silver/crystal"",""co_posts"":10,""character_coverage"":0.09434},{""copyright"":""pokemon_diamond/pearl/platinum"",""co_posts"":9,""character_coverage"":0.084906},{""copyright"":""pokemon_(anime)"",""co_posts"":8,""character_coverage"":0.075472}]","","","PENDING",""
"I70-019935","usuta_sumire","4","Character","114","","","","","臼田スミレ","","[{""copyright"":""tokyo_7th_sisters"",""co_posts"":111,""character_coverage"":1.0},{""copyright"":""aikatsu!"",""co_posts"":1,""character_coverage"":0.009009},{""copyright"":""aikatsu!_(series)"",""co_posts"":1,""character_coverage"":0.009009},{""copyright"":""azur_lane"",""co_posts"":1,""character_coverage"":0.009009},{""copyright"":""comiket_88"",""co_posts"":1,""character_coverage"":0.009009}]","","","PENDING",""
"I70-019936","wakka","4","Character","114","","","","","ワッカ","","[{""copyright"":""final_fantasy"",""co_posts"":95,""character_coverage"":0.979381},{""copyright"":""final_fantasy_x"",""co_posts"":95,""character_coverage"":0.979381},{""copyright"":""kingdom_hearts"",""co_posts"":7,""character_coverage"":0.072165},{""copyright"":""umamusume"",""co_posts"":7,""character_coverage"":0.072165},{""copyright"":""final_fantasy_viii"",""co_posts"":6,""character_coverage"":0.061856}]","","","PENDING",""
"I70-019937","yamaguchi_chihiro_(assault_lily)","4","Character","114","","","","","甲の花","","[{""copyright"":""assault_lily"",""co_posts"":111,""character_coverage"":1.0},{""copyright"":""magia_record:_mahou_shoujo_madoka_magica_gaiden"",""co_posts"":1,""character_coverage"":0.009009},{""copyright"":""mahou_shoujo_madoka_magica"",""co_posts"":1,""character_coverage"":0.009009}]","","","PENDING",""
"I70-019938","yamanami_keisuke_(third_ascension)_(fate)","4","Character","114","","","","","","","[{""copyright"":""fate/grand_order"",""co_posts"":113,""character_coverage"":1.0},{""copyright"":""fate_(series)"",""co_posts"":113,""character_coverage"":1.0},{""copyright"":""koha-ace"",""co_posts"":4,""character_coverage"":0.035398},{""copyright"":""pokemon"",""co_posts"":1,""character_coverage"":0.00885}]","","","PENDING",""
"I70-019939","young_xehanort","4","Character","114","","","","","ゼアノート","","[{""copyright"":""kingdom_hearts"",""co_posts"":102,""character_coverage"":1.0},{""copyright"":""kingdom_hearts_iii"",""co_posts"":38,""character_coverage"":0.372549},{""copyright"":""kingdom_hearts_3d:_dream_drop_distance"",""co_posts"":14,""character_coverage"":0.137255},{""copyright"":""kingdom_hearts_birth_by_sleep"",""co_posts"":14,""character_coverage"":0.137255},{""copyright"":""kingdom_hearts_ii"",""co_posts"":14,""character_coverage"":0.137255}]","","","PENDING",""
"I70-019940","yui_(summer_memories)","4","Character","114","","","","","結衣(あまえんぼ)","","[{""copyright"":""summer_memories"",""co_posts"":53,""character_coverage"":0.654321},{""copyright"":""winter_memories"",""co_posts"":28,""character_coverage"":0.345679}]","","","PENDING",""
"I70-019941","yukimi_koume","4","Character","114","","","","","雪見小梅","","[{""copyright"":""urara_meirochou"",""co_posts"":105,""character_coverage"":1.0},{""copyright"":""kirara_fantasia"",""co_posts"":6,""character_coverage"":0.057143},{""copyright"":""manga_time_kirara"",""co_posts"":5,""character_coverage"":0.047619},{""copyright"":""megami_magazine"",""co_posts"":3,""character_coverage"":0.028571},{""copyright"":""kantai_collection"",""co_posts"":2,""character_coverage"":0.019048}]","","","PENDING",""
"I70-019942","zenith_greyrat","4","Character","114","","","","","ゼニス・グレイラット","","[{""copyright"":""mushoku_tensei"",""co_posts"":100,""character_coverage"":1.0},{""copyright"":""mushoku_tensei:_game_ni_nattemo_honki_dasu"",""co_posts"":7,""character_coverage"":0.07},{""copyright"":""original"",""co_posts"":3,""character_coverage"":0.03}]","","","PENDING",""
"I70-019943","aegir_(one-on-one_leisure_time)_(azur_lane)","4","Character","113","","","","","閑暇の魔に憩いの時間を","","[{""copyright"":""azur_lane"",""co_posts"":105,""character_coverage"":1.0}]","","","PENDING",""
"I70-019944","alexstrasza","4","Character","113","","","","","阿莱克斯塔萨","","[{""copyright"":""warcraft"",""co_posts"":102,""character_coverage"":0.990291},{""copyright"":""world_of_warcraft"",""co_posts"":93,""character_coverage"":0.902913},{""copyright"":""heroes_of_the_storm"",""co_posts"":10,""character_coverage"":0.097087},{""copyright"":""blizzard_entertainment"",""co_posts"":3,""character_coverage"":0.029126},{""copyright"":""bural_chingu"",""co_posts"":1,""character_coverage"":0.009709}]","","","PENDING",""
"I70-019945","amethyst_(houseki_no_kuni)","4","Character","113","","","","","アメシスト","","[{""copyright"":""houseki_no_kuni"",""co_posts"":109,""character_coverage"":1.0},{""copyright"":""alice's_adventures_in_wonderland"",""co_posts"":2,""character_coverage"":0.018349}]","","","PENDING",""
"I70-019946","anastasia_valeria","4","Character","113","","","","","アナスタシア・ルン・ヴァレリア","","[{""copyright"":""wild_arms"",""co_posts"":86,""character_coverage"":1.0},{""copyright"":""wild_arms_2"",""co_posts"":86,""character_coverage"":1.0},{""copyright"":""wild_arms_5"",""co_posts"":4,""character_coverage"":0.046512},{""copyright"":""senki_zesshou_symphogear"",""co_posts"":3,""character_coverage"":0.034884},{""copyright"":""wild_arms_1"",""co_posts"":3,""character_coverage"":0.034884}]","","","PENDING",""
"I70-019947","ansem_seeker_of_darkness","4","Character","113","","","","","暗闇のアンセムシーカー","","[{""copyright"":""kingdom_hearts"",""co_posts"":100,""character_coverage"":1.0},{""copyright"":""kingdom_hearts_i"",""co_posts"":29,""character_coverage"":0.29},{""copyright"":""kingdom_hearts_ii"",""co_posts"":28,""character_coverage"":0.28},{""copyright"":""kingdom_hearts_iii"",""co_posts"":15,""character_coverage"":0.15},{""copyright"":""kingdom_hearts_3d:_dream_drop_distance"",""co_posts"":14,""character_coverage"":0.14}]","","","PENDING",""
"I70-019948","arai_motoha","4","Character","113","","","","","新井素羽","","[{""copyright"":""persona"",""co_posts"":105,""character_coverage"":1.0},{""copyright"":""persona_5"",""co_posts"":105,""character_coverage"":1.0},{""copyright"":""persona_5:_the_phantom_x"",""co_posts"":105,""character_coverage"":1.0},{""copyright"":""atlus"",""co_posts"":6,""character_coverage"":0.057143},{""copyright"":""sega"",""co_posts"":6,""character_coverage"":0.057143}]","","","PENDING",""
"I70-019949","ariake_(ooe)","4","Character","113","","","","","有明","","[{""copyright"":""animal_crossing"",""co_posts"":1,""character_coverage"":0.009524},{""copyright"":""mahoutsukai_no_yakusoku"",""co_posts"":1,""character_coverage"":0.009524}]","","","PENDING",""
"I70-019950","asahina_akane_(nijisanji)","4","Character","113","","","","","朝日南アカネ","","[{""copyright"":""nijisanji"",""co_posts"":111,""character_coverage"":1.0},{""copyright"":""nijisanji_kr"",""co_posts"":7,""character_coverage"":0.063063},{""copyright"":""nijisanji_id"",""co_posts"":5,""character_coverage"":0.045045},{""copyright"":""nijisanji_en"",""co_posts"":3,""character_coverage"":0.027027},{""copyright"":""nijisanji_koshien"",""co_posts"":2,""character_coverage"":0.018018}]","","","PENDING",""
"I70-019951","baltimore_(muse)_(azur_lane)","4","Character","113","","","","","ボルチモア(μ兵装)","","[{""copyright"":""azur_lane"",""co_posts"":98,""character_coverage"":1.0},{""copyright"":""princess_connect!"",""co_posts"":2,""character_coverage"":0.020408},{""copyright"":""original"",""co_posts"":1,""character_coverage"":0.010204}]","","","PENDING",""
"I70-019952","barrel_(live_a_hero)","4","Character","113","","","","","バレル（生きるヒーロー）","","[{""copyright"":""live_a_hero"",""co_posts"":111,""character_coverage"":1.0},{""copyright"":""tokyo_afterschool_summoners"",""co_posts"":8,""character_coverage"":0.072072},{""copyright"":""original"",""co_posts"":2,""character_coverage"":0.018018},{""copyright"":""2024_summer_olympics"",""co_posts"":1,""character_coverage"":0.009009},{""copyright"":""olympics"",""co_posts"":1,""character_coverage"":0.009009}]","","","PENDING",""
"I70-019953","belo_betty","4","Character","113","","","","","ベロ・ベティ","","[{""copyright"":""one_piece"",""co_posts"":78,""character_coverage"":1.0},{""copyright"":""one_piece_card_game"",""co_posts"":4,""character_coverage"":0.051282},{""copyright"":""one_piece_treasure_cruise"",""co_posts"":2,""character_coverage"":0.025641},{""copyright"":""umamusume"",""co_posts"":2,""character_coverage"":0.025641},{""copyright"":""batman_(series)"",""co_posts"":1,""character_coverage"":0.012821}]","","","PENDING",""
"I70-019954","beryl_gut","4","Character","113","","","","","ベリル・ガット","","[{""copyright"":""fate/grand_order"",""co_posts"":111,""character_coverage"":1.0},{""copyright"":""fate_(series)"",""co_posts"":111,""character_coverage"":1.0},{""copyright"":""fate/grail_league"",""co_posts"":5,""character_coverage"":0.045045},{""copyright"":""fate/strange_fake"",""co_posts"":2,""character_coverage"":0.018018},{""copyright"":""learning_with_manga!_fgo"",""co_posts"":2,""character_coverage"":0.018018}]","","","PENDING",""
"I70-019955","blackberry_cookie","4","Character","113","","","","","ブラックベリークッキー","","[{""copyright"":""cookie_run"",""co_posts"":85,""character_coverage"":1.0},{""copyright"":""cookie_run:_ovenbreak"",""co_posts"":19,""character_coverage"":0.223529},{""copyright"":""cookie_run:_kingdom"",""co_posts"":7,""character_coverage"":0.082353},{""copyright"":""dc_comics"",""co_posts"":4,""character_coverage"":0.047059},{""copyright"":""panty_&_stocking_with_garterbelt"",""co_posts"":4,""character_coverage"":0.047059}]","","","PENDING",""
"I70-019956","bramblin","4","Character","113","","","","","アノクサ","","[{""copyright"":""pokemon"",""co_posts"":108,""character_coverage"":1.0},{""copyright"":""pokemon_scarlet_and_violet"",""co_posts"":21,""character_coverage"":0.194444},{""copyright"":""original"",""co_posts"":5,""character_coverage"":0.046296},{""copyright"":""pokemon_tcg"",""co_posts"":5,""character_coverage"":0.046296},{""copyright"":""pokemon_diamond/pearl/platinum"",""co_posts"":2,""character_coverage"":0.018519}]","","","PENDING",""
"I70-019957","burgerpants","4","Character","113","","","","","バーガーパンツ","","[{""copyright"":""utdr_(toby_fox)"",""co_posts"":105,""character_coverage"":1.0},{""copyright"":""undertale"",""co_posts"":97,""character_coverage"":0.92381},{""copyright"":""downtown_no_gaki_no_tsukai_ya_arahende!!"",""co_posts"":19,""character_coverage"":0.180952},{""copyright"":""deltarune"",""co_posts"":12,""character_coverage"":0.114286},{""copyright"":""famitsu"",""co_posts"":2,""character_coverage"":0.019048}]","","","PENDING",""
"I70-019958","burning_blaze","4","Character","113","","","","","バーニングブレイズ","","[{""copyright"":""sonic_(series)"",""co_posts"":102,""character_coverage"":1.0},{""copyright"":""sonic_rush"",""co_posts"":60,""character_coverage"":0.588235},{""copyright"":""sonic_rush_adventure"",""co_posts"":20,""character_coverage"":0.196078},{""copyright"":""mario_&_sonic_(series)"",""co_posts"":1,""character_coverage"":0.009804},{""copyright"":""mario_&_sonic_at_the_london_2012_olympic_games"",""co_posts"":1,""character_coverage"":0.009804}]","","","PENDING",""
"I70-019959","cazador_szarr","4","Character","113","cazador_(baldur's_gate)","cazador (baldur's gate)","","","カザドール","","[{""copyright"":""baldur's_gate"",""co_posts"":113,""character_coverage"":1.0},{""copyright"":""baldur's_gate_3"",""co_posts"":113,""character_coverage"":1.0},{""copyright"":""dungeons_&_dragons"",""co_posts"":113,""character_coverage"":1.0},{""copyright"":""hai_yorokonde"",""co_posts"":1,""character_coverage"":0.00885}]","","","PENDING",""
"I70-019960","ceobe_(summer_flowers)_(arknights)","4","Character","113","","","","","セビ（夏の花）（arknights）","","[{""copyright"":""arknights"",""co_posts"":110,""character_coverage"":1.0},{""copyright"":""dark_souls_(series)"",""co_posts"":1,""character_coverage"":0.009091},{""copyright"":""dark_souls_i"",""co_posts"":1,""character_coverage"":0.009091},{""copyright"":""manatsu_no_yo_no_inmu"",""co_posts"":1,""character_coverage"":0.009091}]","","","PENDING",""
"I70-019961","chestnut_horse_(kemono_friends)","4","Character","113","chestnut_thoroughbred_(kemono_friends)","chestnut thoroughbred (kemono friends)","","","サラブレッドくりげ(けものフレンズ)","","[]","","","PENDING",""
"I70-019962","chinatsu_(suzutsuki_kurara)","4","Character","113","","","","","チャイナツ（uzutsuki kurara）","","[{""copyright"":""original"",""co_posts"":111,""character_coverage"":0.982301},{""copyright"":""melonbooks"",""co_posts"":2,""character_coverage"":0.017699}]","","","PENDING",""
"I70-019963","clementine_(overlord)","4","Character","113","","","","","クレマンティーヌ","","[{""copyright"":""overlord_(maruyama)"",""co_posts"":87,""character_coverage"":1.0},{""copyright"":""a_channel"",""co_posts"":1,""character_coverage"":0.011494},{""copyright"":""isekai_quartet"",""co_posts"":1,""character_coverage"":0.011494},{""copyright"":""kadokawa"",""co_posts"":1,""character_coverage"":0.011494},{""copyright"":""mahou_shoujo_madoka_magica"",""co_posts"":1,""character_coverage"":0.011494}]","","","PENDING",""
"I70-019964","crabrawler","4","Character","113","","","","","マケンカニ","","[{""copyright"":""pokemon"",""co_posts"":108,""character_coverage"":1.0},{""copyright"":""pokemon_sun_and_moon"",""co_posts"":14,""character_coverage"":0.12963},{""copyright"":""pokemon_tcg"",""co_posts"":6,""character_coverage"":0.055556},{""copyright"":""pokemon_(anime)"",""co_posts"":5,""character_coverage"":0.046296},{""copyright"":""pokemon_scarlet_and_violet"",""co_posts"":5,""character_coverage"":0.046296}]","","","PENDING",""
"I70-019965","croix_meridies","4","Character","113","","","","","クロワ・メリディエス","","[{""copyright"":""little_witch_academia"",""co_posts"":97,""character_coverage"":1.0},{""copyright"":""battle_tendency"",""co_posts"":1,""character_coverage"":0.010309},{""copyright"":""boku_no_hero_academia"",""co_posts"":1,""character_coverage"":0.010309},{""copyright"":""carole_&_tuesday"",""co_posts"":1,""character_coverage"":0.010309},{""copyright"":""diamond_wa_kudakenai"",""co_posts"":1,""character_coverage"":0.010309}]","","","PENDING",""
"I70-019966","den_den_mushi","4","Character","113","","","","","電伝虫","","[{""copyright"":""one_piece"",""co_posts"":108,""character_coverage"":1.0},{""copyright"":""original"",""co_posts"":9,""character_coverage"":0.083333},{""copyright"":""one_piece_card_game"",""co_posts"":6,""character_coverage"":0.055556},{""copyright"":""one_piece_treasure_cruise"",""co_posts"":6,""character_coverage"":0.055556},{""copyright"":""one_piece_film:_red"",""co_posts"":5,""character_coverage"":0.046296}]","","","PENDING",""
"I70-019967","desha_(ousama_ranking)","4","Character","113","","","","","デシャ（オサマランキング）","","[{""copyright"":""ousama_ranking"",""co_posts"":112,""character_coverage"":1.0},{""copyright"":""pikmin_(series)"",""co_posts"":2,""character_coverage"":0.017857},{""copyright"":""mario_(series)"",""co_posts"":1,""character_coverage"":0.008929},{""copyright"":""pokemon"",""co_posts"":1,""character_coverage"":0.008929}]","","","PENDING",""
"I70-019968","dezel_(tales)","4","Character","113","","","","","デゼル","","[{""copyright"":""tales_of_(series)"",""co_posts"":112,""character_coverage"":1.0},{""copyright"":""tales_of_zestiria"",""co_posts"":112,""character_coverage"":1.0},{""copyright"":""tales_of_asteria"",""co_posts"":17,""character_coverage"":0.151786},{""copyright"":""bandai_namco"",""co_posts"":2,""character_coverage"":0.017857},{""copyright"":""tales_of_berseria"",""co_posts"":2,""character_coverage"":0.017857}]","","","PENDING",""
"I70-019969","donovan_baine","4","Character","113","","","","","ドノヴァン・バイン","","[{""copyright"":""darkstalkers"",""co_posts"":103,""character_coverage"":1.0},{""copyright"":""street_fighter"",""co_posts"":17,""character_coverage"":0.165049},{""copyright"":""capcom"",""co_posts"":15,""character_coverage"":0.145631},{""copyright"":""street_fighter_zero_(series)"",""co_posts"":6,""character_coverage"":0.058252},{""copyright"":""cyberbots"",""co_posts"":4,""character_coverage"":0.038835}]","","","PENDING",""
"I70-019970","dur-nar_(arknights)","4","Character","113","","","","","ジュナー","","[{""copyright"":""arknights"",""co_posts"":108,""character_coverage"":1.0},{""copyright"":""a_deer_of_nine_colors"",""co_posts"":3,""character_coverage"":0.027778},{""copyright"":""rainbow_six_siege"",""co_posts"":3,""character_coverage"":0.027778},{""copyright"":""monster_hunter_(series)"",""co_posts"":2,""character_coverage"":0.018519},{""copyright"":""the_legend_of_luo_xiaohei"",""co_posts"":2,""character_coverage"":0.018519}]","","","PENDING",""
"I70-019971","electric_miku_(project_voltage)","4","Character","113","","","","","でんきミク","","[{""copyright"":""pokemon"",""co_posts"":113,""character_coverage"":1.0},{""copyright"":""project_voltage"",""co_posts"":113,""character_coverage"":1.0},{""copyright"":""vocaloid"",""co_posts"":113,""character_coverage"":1.0},{""copyright"":""magical_mirai_(vocaloid)"",""co_posts"":4,""character_coverage"":0.035398},{""copyright"":""pokemon_scarlet_and_violet"",""co_posts"":4,""character_coverage"":0.035398}]","","","PENDING",""
"I70-019972","eunoia_(frozen_soul)","4","Character","113","eunoia_(dream_game)","eunoia (dream game)","","","","","[{""copyright"":""frozen_soul"",""co_posts"":108,""character_coverage"":1.0},{""copyright"":""roblox"",""co_posts"":106,""character_coverage"":0.981481},{""copyright"":""forsaken_(roblox)"",""co_posts"":1,""character_coverage"":0.009259},{""copyright"":""i_love_amy"",""co_posts"":1,""character_coverage"":0.009259},{""copyright"":""identity_v"",""co_posts"":1,""character_coverage"":0.009259}]","","","PENDING",""
"I70-019973","exs-tia_avalas","4","Character","113","","","","","エクスティア・アヴァラス","","[{""copyright"":""kouyoku_senki_exs-tia_concert"",""co_posts"":113,""character_coverage"":1.0}]","","","PENDING",""
"I70-019974","falcon_armor_x_(mega_man)","4","Character","113","","","","","ファルコンアーマー","","[{""copyright"":""mega_man_(series)"",""co_posts"":110,""character_coverage"":1.0},{""copyright"":""mega_man_x_(series)"",""co_posts"":110,""character_coverage"":1.0},{""copyright"":""mega_man_x5"",""co_posts"":30,""character_coverage"":0.272727},{""copyright"":""mega_man_x6"",""co_posts"":10,""character_coverage"":0.090909},{""copyright"":""mega_man_x_dive"",""co_posts"":4,""character_coverage"":0.036364}]","","","PENDING",""
"I70-019975","finn_ames","4","Character","113","","","","","","","[{""copyright"":""mashle"",""co_posts"":113,""character_coverage"":1.0},{""copyright"":""alice's_adventures_in_wonderland"",""co_posts"":1,""character_coverage"":0.00885},{""copyright"":""blue_lock"",""co_posts"":1,""character_coverage"":0.00885},{""copyright"":""bungou_stray_dogs"",""co_posts"":1,""character_coverage"":0.00885},{""copyright"":""chiikawa"",""co_posts"":1,""character_coverage"":0.00885}]","","","PENDING",""
"I70-019976","flash_man","4","Character","113","flashman","flashman","","","フラッシュマン","","[{""copyright"":""mega_man_(classic)"",""co_posts"":103,""character_coverage"":1.0},{""copyright"":""mega_man_(series)"",""co_posts"":103,""character_coverage"":1.0},{""copyright"":""mega_man_2"",""co_posts"":99,""character_coverage"":0.961165},{""copyright"":""mega_man_3"",""co_posts"":18,""character_coverage"":0.174757},{""copyright"":""mega_man_1"",""co_posts"":13,""character_coverage"":0.126214}]","","","PENDING",""
"I70-019977","futaba_aoi_(naomi)","4","Character","113","","","","","双葉葵","","[{""copyright"":""original"",""co_posts"":113,""character_coverage"":1.0}]","","","PENDING",""
"I70-019978","galdino","4","Character","113","","","","","ギャルディーノ","","[{""copyright"":""one_piece"",""co_posts"":104,""character_coverage"":1.0},{""copyright"":""one_piece_card_game"",""co_posts"":8,""character_coverage"":0.076923},{""copyright"":""one_piece_treasure_cruise"",""co_posts"":4,""character_coverage"":0.038462},{""copyright"":""one_piece_(live_action)"",""co_posts"":2,""character_coverage"":0.019231},{""copyright"":""one_piece_everyday"",""co_posts"":1,""character_coverage"":0.009615}]","","","PENDING",""
"I70-019979","hagane_miku","4","Character","113","","","","","鋼音ミク","","[{""copyright"":""vocaloid"",""co_posts"":110,""character_coverage"":1.0},{""copyright"":""ca_(deino)"",""co_posts"":5,""character_coverage"":0.045455},{""copyright"":""original"",""co_posts"":4,""character_coverage"":0.036364},{""copyright"":""black_rock_shooter"",""co_posts"":3,""character_coverage"":0.027273},{""copyright"":""1925_(vocaloid)"",""co_posts"":2,""character_coverage"":0.018182}]","","","PENDING",""
"I70-019980","hakos_baelz_(holonatsu_paradise)","4","Character","113","","","","","","","[{""copyright"":""hololive"",""co_posts"":99,""character_coverage"":1.0},{""copyright"":""hololive_english"",""co_posts"":99,""character_coverage"":1.0}]","","","PENDING",""
"I70-019981","hira_hikari","4","Character","113","","","","","飛良ひかり","","[{""copyright"":""nanashi_inc."",""co_posts"":109,""character_coverage"":1.0},{""copyright"":"".live"",""co_posts"":1,""character_coverage"":0.009174},{""copyright"":""alice's_adventures_in_wonderland"",""co_posts"":1,""character_coverage"":0.009174},{""copyright"":""cardcaptor_sakura"",""co_posts"":1,""character_coverage"":0.009174},{""copyright"":""don_quijote_(store)"",""co_posts"":1,""character_coverage"":0.009174}]","","","PENDING",""
"I70-019982","hoshii_miki_(beyond_the_wishes)","4","Character","113","beyond_the_wishes_(idolmaster)","beyond the wishes (idolmaster)","","","ビヨンドザウィッシュズ","","[{""copyright"":""idolmaster"",""co_posts"":109,""character_coverage"":1.0},{""copyright"":""idolmaster_(classic)"",""co_posts"":108,""character_coverage"":0.990826},{""copyright"":""idolmaster_sp"",""co_posts"":104,""character_coverage"":0.954128},{""copyright"":""idolmaster_1"",""co_posts"":9,""character_coverage"":0.082569},{""copyright"":""idolmaster_one_for_all"",""co_posts"":6,""character_coverage"":0.055046}]","","","PENDING",""
"I70-019983","ike_(vanguard_legend)_(fire_emblem)","4","Character","113","","","","","","","[{""copyright"":""fire_emblem"",""co_posts"":107,""character_coverage"":1.0},{""copyright"":""fire_emblem:_radiant_dawn"",""co_posts"":106,""character_coverage"":0.990654},{""copyright"":""fire_emblem_heroes"",""co_posts"":49,""character_coverage"":0.457944},{""copyright"":""fire_emblem:_path_of_radiance"",""co_posts"":23,""character_coverage"":0.214953},{""copyright"":""fire_emblem_fates"",""co_posts"":9,""character_coverage"":0.084112}]","","","PENDING",""
"I70-019984","inui_seishu","4","Character","113","","","","","乾青宗","","[{""copyright"":""tokyo_revengers"",""co_posts"":106,""character_coverage"":1.0},{""copyright"":""tokyo_revengers_pazuribe!"",""co_posts"":3,""character_coverage"":0.028302},{""copyright"":""sanrio"",""co_posts"":2,""character_coverage"":0.018868},{""copyright"":""apex_legends"",""co_posts"":1,""character_coverage"":0.009434},{""copyright"":""dead_by_daylight"",""co_posts"":1,""character_coverage"":0.009434}]","","","PENDING",""
"I70-019985","iria_animi","4","Character","113","","","","","イリア・アニーミ","","[{""copyright"":""tales_of_(series)"",""co_posts"":107,""character_coverage"":1.0},{""copyright"":""tales_of_innocence"",""co_posts"":107,""character_coverage"":1.0},{""copyright"":""tales_of_destiny"",""co_posts"":12,""character_coverage"":0.11215},{""copyright"":""tales_of_graces"",""co_posts"":11,""character_coverage"":0.102804},{""copyright"":""tales_of_symphonia"",""co_posts"":11,""character_coverage"":0.102804}]","","","PENDING",""
"I70-019986","iris_(en'en_no_shouboutai)","4","Character","113","","","","","シスター・アイリス","","[{""copyright"":""en'en_no_shouboutai"",""co_posts"":105,""character_coverage"":1.0},{""copyright"":""blue_archive"",""co_posts"":2,""character_coverage"":0.019048},{""copyright"":""fate_(series)"",""co_posts"":2,""character_coverage"":0.019048},{""copyright"":""ace_attorney"",""co_posts"":1,""character_coverage"":0.009524},{""copyright"":""aiyoku_no_eustia"",""co_posts"":1,""character_coverage"":0.009524}]","","","PENDING",""
"I70-019987","jasper_(steven_universe)","4","Character","113","","","","","ジャスパー(スティーブン・ユニバース)","","[{""copyright"":""steven_universe"",""co_posts"":94,""character_coverage"":1.0},{""copyright"":""steven_universe_future"",""co_posts"":48,""character_coverage"":0.510638},{""copyright"":""dragon_ball"",""co_posts"":4,""character_coverage"":0.042553},{""copyright"":""dragon_ball_z"",""co_posts"":2,""character_coverage"":0.021277},{""copyright"":""marvel"",""co_posts"":2,""character_coverage"":0.021277}]","","","PENDING",""
"I70-019988","kabuto_kouji","4","Character","113","kouji_kabuto","kouji kabuto","","","兜甲児","","[{""copyright"":""mazinger_(series)"",""co_posts"":97,""character_coverage"":1.0},{""copyright"":""mazinger_z"",""co_posts"":71,""character_coverage"":0.731959},{""copyright"":""super_robot_wars"",""co_posts"":33,""character_coverage"":0.340206},{""copyright"":""gundam"",""co_posts"":32,""character_coverage"":0.329897},{""copyright"":""getter_robo"",""co_posts"":28,""character_coverage"":0.28866}]","","","PENDING",""
"I70-019989","kaela_kovalskia_(4th_costume)","4","Character","113","","","","","","","[{""copyright"":""hololive"",""co_posts"":100,""character_coverage"":1.0},{""copyright"":""hololive_indonesia"",""co_posts"":100,""character_coverage"":1.0},{""copyright"":""hololive_english"",""co_posts"":27,""character_coverage"":0.27},{""copyright"":""umamusume"",""co_posts"":3,""character_coverage"":0.03},{""copyright"":""jujutsu_kaisen"",""co_posts"":2,""character_coverage"":0.02}]","","","PENDING",""
"I70-019990","kano_chinatsu","4","Character","113","","","","","鹿野千夏","","[{""copyright"":""ao_no_hako"",""co_posts"":107,""character_coverage"":1.0},{""copyright"":""shounen_jump"",""co_posts"":5,""character_coverage"":0.046729},{""copyright"":""jujutsu_kaisen"",""co_posts"":4,""character_coverage"":0.037383},{""copyright"":""nige_jouzu_no_wakagimi"",""co_posts"":4,""character_coverage"":0.037383},{""copyright"":""one_piece"",""co_posts"":4,""character_coverage"":0.037383}]","","","PENDING",""
"I70-019991","kass","4","Character","113","","","","","カッシーワ","","[{""copyright"":""the_legend_of_zelda"",""co_posts"":111,""character_coverage"":1.0},{""copyright"":""the_legend_of_zelda:_breath_of_the_wild"",""co_posts"":108,""character_coverage"":0.972973},{""copyright"":""the_legend_of_zelda:_tears_of_the_kingdom"",""co_posts"":14,""character_coverage"":0.126126},{""copyright"":""the_legend_of_zelda:_the_wind_waker"",""co_posts"":5,""character_coverage"":0.045045},{""copyright"":""the_legend_of_zelda:_twilight_princess"",""co_posts"":5,""character_coverage"":0.045045}]","","","PENDING",""
"I70-019992","kayano_futaba","4","Character","113","","","","","茅野ふたば","","[{""copyright"":""denonbu"",""co_posts"":113,""character_coverage"":1.0},{""copyright"":""animate_(company)"",""co_posts"":2,""character_coverage"":0.017699},{""copyright"":""real_life"",""co_posts"":2,""character_coverage"":0.017699},{""copyright"":""akroglam"",""co_posts"":1,""character_coverage"":0.00885},{""copyright"":""bandai_namco"",""co_posts"":1,""character_coverage"":0.00885}]","","","PENDING",""
"I70-019993","kiana_kaslana_(sunny_beach)","4","Character","113","","","","","","","[{""copyright"":""honkai_(series)"",""co_posts"":93,""character_coverage"":1.0},{""copyright"":""honkai_impact_3rd"",""co_posts"":93,""character_coverage"":1.0},{""copyright"":""honkai_gakuen"",""co_posts"":9,""character_coverage"":0.096774}]","","","PENDING",""
"I70-019994","konohoshi_umika","4","Character","113","","","","","小ノ星海果","","[{""copyright"":""hoshikuzu_telepath"",""co_posts"":107,""character_coverage"":1.0},{""copyright"":""manga_time_kirara"",""co_posts"":8,""character_coverage"":0.074766},{""copyright"":""megami_magazine"",""co_posts"":3,""character_coverage"":0.028037},{""copyright"":""blue_archive"",""co_posts"":1,""character_coverage"":0.009346},{""copyright"":""bocchi_the_rock!"",""co_posts"":1,""character_coverage"":0.009346}]","","","PENDING",""
"I70-019995","kotobuki_hisako","4","Character","113","","","","","古都吹寿子","","[{""copyright"":""seitokai_ni_mo_ana_wa_aru!"",""co_posts"":106,""character_coverage"":1.0},{""copyright"":""flcl"",""co_posts"":2,""character_coverage"":0.018868},{""copyright"":""mushoku_tensei"",""co_posts"":2,""character_coverage"":0.018868},{""copyright"":""onii-chan_wa_oshimai!"",""co_posts"":2,""character_coverage"":0.018868},{""copyright"":""boku_no_hero_academia"",""co_posts"":1,""character_coverage"":0.009434}]","","","PENDING",""
"I70-019996","kunizuka_yayoi","4","Character","113","","","","","六合塚弥生","","[{""copyright"":""psycho-pass"",""co_posts"":112,""character_coverage"":1.0},{""copyright"":""divine_gate"",""co_posts"":2,""character_coverage"":0.017857},{""copyright"":""fate/zero"",""co_posts"":2,""character_coverage"":0.017857},{""copyright"":""fate_(series)"",""co_posts"":2,""character_coverage"":0.017857},{""copyright"":""jojo_no_kimyou_na_bouken"",""co_posts"":1,""character_coverage"":0.008929}]","","","PENDING",""
"I70-019997","kyle_dunamis","4","Character","113","","","","","カイル・デュナミス","","[{""copyright"":""tales_of_(series)"",""co_posts"":104,""character_coverage"":1.0},{""copyright"":""tales_of_destiny"",""co_posts"":104,""character_coverage"":1.0},{""copyright"":""tales_of_destiny_2"",""co_posts"":104,""character_coverage"":1.0},{""copyright"":""tales_of_the_abyss"",""co_posts"":32,""character_coverage"":0.307692},{""copyright"":""tales_of_symphonia"",""co_posts"":31,""character_coverage"":0.298077}]","","","PENDING",""
"I70-019998","lakshmibai_(first_ascension)_(fate)","4","Character","113","","","","","","","[{""copyright"":""fate/grand_order"",""co_posts"":108,""character_coverage"":1.0},{""copyright"":""fate_(series)"",""co_posts"":108,""character_coverage"":1.0},{""copyright"":""fate/zero"",""co_posts"":3,""character_coverage"":0.027778},{""copyright"":""duke_nukem_(series)"",""co_posts"":2,""character_coverage"":0.018519},{""copyright"":""fate/apocrypha"",""co_posts"":2,""character_coverage"":0.018519}]","","","PENDING",""
"I70-019999","lance_crown","4","Character","113","","","","","ランス・クラウン","","[{""copyright"":""mashle"",""co_posts"":113,""character_coverage"":1.0},{""copyright"":""boku_no_hero_academia"",""co_posts"":3,""character_coverage"":0.026549},{""copyright"":""chainsaw_man"",""co_posts"":2,""character_coverage"":0.017699},{""copyright"":""jojo_no_kimyou_na_bouken"",""co_posts"":2,""character_coverage"":0.017699},{""copyright"":""one_piece"",""co_posts"":2,""character_coverage"":0.017699}]","","","PENDING",""
"I70-020000","leni_loud","4","Character","113","","","","","レニラウド","","[{""copyright"":""the_loud_house"",""co_posts"":72,""character_coverage"":1.0},{""copyright"":""fatal_fury"",""co_posts"":2,""character_coverage"":0.027778},{""copyright"":""the_king_of_fighters"",""co_posts"":2,""character_coverage"":0.027778},{""copyright"":""hyrule_warriors"",""co_posts"":1,""character_coverage"":0.013889},{""copyright"":""instagram"",""co_posts"":1,""character_coverage"":0.013889}]","","","PENDING",""
