"row_id","canonical_tag","category","category_name","post_count","source_aliases","verified_aliases","existing_display_ja","existing_search_ja","existing_candidate_ja","existing_rejected_ja","related_copyright_candidates","display_ja","search_ja","translation_status","translation_note"
"I70-029501","w_(summer)_(arknights)","4","Character","66","","","","","","","[{""copyright"":""arknights"",""co_posts"":63,""character_coverage"":1.0},{""copyright"":""ambience_synesthesia"",""co_posts"":1,""character_coverage"":0.015873},{""copyright"":""blue_archive"",""co_posts"":1,""character_coverage"":0.015873},{""copyright"":""tower_records"",""co_posts"":1,""character_coverage"":0.015873}]","","","PENDING",""
"I70-029502","wakura_yuina","4","Character","66","","","","","和倉結名","","[{""copyright"":""hanasaku_iroha"",""co_posts"":60,""character_coverage"":1.0},{""copyright"":""animage"",""co_posts"":2,""character_coverage"":0.033333},{""copyright"":""mahou_shoujo_madoka_magica"",""co_posts"":2,""character_coverage"":0.033333},{""copyright"":""mahou_shoujo_madoka_magica_(anime)"",""co_posts"":2,""character_coverage"":0.033333},{""copyright"":""newtype"",""co_posts"":2,""character_coverage"":0.033333}]","","","PENDING",""
"I70-029503","war_machine","4","Character","66","","","","","ウォーマシン","","[{""copyright"":""marvel"",""co_posts"":58,""character_coverage"":0.983051},{""copyright"":""avengers_(series)"",""co_posts"":17,""character_coverage"":0.288136},{""copyright"":""iron_man_(series)"",""co_posts"":17,""character_coverage"":0.288136},{""copyright"":""spider-man_(series)"",""co_posts"":17,""character_coverage"":0.288136},{""copyright"":""marvel_vs._capcom"",""co_posts"":14,""character_coverage"":0.237288}]","","","PENDING",""
"I70-029504","who's_who_(one_piece)","4","Character","66","","","","","フーズ・フー","","[{""copyright"":""one_piece"",""co_posts"":60,""character_coverage"":1.0},{""copyright"":""one_piece_card_game"",""co_posts"":5,""character_coverage"":0.083333},{""copyright"":""one_piece_treasure_cruise"",""co_posts"":1,""character_coverage"":0.016667},{""copyright"":""where's_wally?"",""co_posts"":1,""character_coverage"":0.016667}]","","","PENDING",""
"I70-029505","william_tell_(fate)","4","Character","66","william_tell_(fate/grand_order)","william tell (fate/grand order)","","","ウィリアム・テル(Fate)","","[{""copyright"":""fate/grand_order"",""co_posts"":66,""character_coverage"":1.0},{""copyright"":""fate_(series)"",""co_posts"":66,""character_coverage"":1.0},{""copyright"":""berserk"",""co_posts"":1,""character_coverage"":0.015152},{""copyright"":""bloodborne"",""co_posts"":1,""character_coverage"":0.015152},{""copyright"":""boku_no_hero_academia"",""co_posts"":1,""character_coverage"":0.015152}]","","","PENDING",""
"I70-029506","winning_ticket_(racehorse)","4","Character","66","","","","","ウイニングチケット","","[{""copyright"":""umamusume"",""co_posts"":64,""character_coverage"":0.969697},{""copyright"":""real_life"",""co_posts"":7,""character_coverage"":0.106061},{""copyright"":""umamusume:_cinderella_gray"",""co_posts"":1,""character_coverage"":0.015152}]","","","PENDING",""
"I70-029507","wowaka","4","Character","66","","","","","wowakaさん","","[{""copyright"":""vocaloid"",""co_posts"":60,""character_coverage"":0.967742},{""copyright"":""rolling_girl_(vocaloid)"",""co_posts"":36,""character_coverage"":0.580645},{""copyright"":""unknown_mother_goose_(vocaloid)"",""co_posts"":36,""character_coverage"":0.580645},{""copyright"":""unhappy_refrain_(vocaloid)"",""co_posts"":22,""character_coverage"":0.354839},{""copyright"":""ura-omote_lovers_(vocaloid)"",""co_posts"":19,""character_coverage"":0.306452}]","","","PENDING",""
"I70-029508","xu_mo","4","Character","66","","","","","许墨","","[{""copyright"":""love_and_producer"",""co_posts"":62,""character_coverage"":1.0},{""copyright"":""original"",""co_posts"":7,""character_coverage"":0.112903},{""copyright"":""bungou_stray_dogs"",""co_posts"":1,""character_coverage"":0.016129},{""copyright"":""disneyland"",""co_posts"":1,""character_coverage"":0.016129},{""copyright"":""howl_no_ugoku_shiro"",""co_posts"":1,""character_coverage"":0.016129}]","","","PENDING",""
"I70-029509","yaga_masamichi","4","Character","66","","","","","夜蛾正道","","[{""copyright"":""jujutsu_kaisen"",""co_posts"":65,""character_coverage"":1.0},{""copyright"":""studio_mappa"",""co_posts"":2,""character_coverage"":0.030769},{""copyright"":""five_nights_at_freddy's"",""co_posts"":1,""character_coverage"":0.015385},{""copyright"":""kekkai_sensen"",""co_posts"":1,""character_coverage"":0.015385}]","","","PENDING",""
"I70-029510","yamagami_karuta_(orihimeboshi)","4","Character","66","yamagami_karuta_(4th_costume)","yamagami karuta (4th costume)","","","山神カルタ(織姫星新衣装)","","[{""copyright"":""nijisanji"",""co_posts"":61,""character_coverage"":1.0},{""copyright"":""yu-gi-oh!"",""co_posts"":4,""character_coverage"":0.065574},{""copyright"":""twitter"",""co_posts"":1,""character_coverage"":0.016393}]","","","PENDING",""
"I70-029511","yamasaka_aimi","4","Character","66","","","","","よしみ","","[{""copyright"":""cookie_(touhou)"",""co_posts"":60,""character_coverage"":1.0},{""copyright"":""touhou"",""co_posts"":60,""character_coverage"":1.0},{""copyright"":""manatsu_no_yo_no_inmu"",""co_posts"":7,""character_coverage"":0.116667},{""copyright"":""algodoo"",""co_posts"":3,""character_coverage"":0.05},{""copyright"":""pokemon"",""co_posts"":3,""character_coverage"":0.05}]","","","PENDING",""
"I70-029512","yasaku_rei","4","Character","66","","","","","矢差暮礼","","[{""copyright"":""do_it_yourself!!"",""co_posts"":63,""character_coverage"":1.0},{""copyright"":""chainsaw_man"",""co_posts"":2,""character_coverage"":0.031746},{""copyright"":""bang_dream!"",""co_posts"":1,""character_coverage"":0.015873},{""copyright"":""bang_dream!_girls_band_party!"",""co_posts"":1,""character_coverage"":0.015873},{""copyright"":""blue_archive"",""co_posts"":1,""character_coverage"":0.015873}]","","","PENDING",""
"I70-029513","yin_(guweiz)","4","Character","66","","","","","","","[{""copyright"":""original"",""co_posts"":66,""character_coverage"":1.0}]","","","PENDING",""
"I70-029514","yokoyama_azusa","4","Character","66","","","","","横山梓","","[{""copyright"":""assault_lily"",""co_posts"":53,""character_coverage"":1.0}]","","","PENDING",""
"I70-029515","yona_(zelda)","4","Character","66","","","","","ヨナ(ティアーズオブザキングダム)","","[{""copyright"":""the_legend_of_zelda"",""co_posts"":55,""character_coverage"":1.0},{""copyright"":""the_legend_of_zelda:_tears_of_the_kingdom"",""co_posts"":55,""character_coverage"":1.0}]","","","PENDING",""
"I70-029516","york_(azur_lane)","4","Character","66","","","","","ヨーク(アズールレーン)","","[{""copyright"":""azur_lane"",""co_posts"":64,""character_coverage"":1.0},{""copyright"":""love_live!"",""co_posts"":1,""character_coverage"":0.015625},{""copyright"":""love_live!_sunshine!!"",""co_posts"":1,""character_coverage"":0.015625},{""copyright"":""monty_python"",""co_posts"":1,""character_coverage"":0.015625},{""copyright"":""yu-gi-oh!"",""co_posts"":1,""character_coverage"":0.015625}]","","","PENDING",""
"I70-029517","yoshioka_haru","4","Character","66","","","","","吉岡ハル","","[{""copyright"":""neko_no_ongaeshi"",""co_posts"":61,""character_coverage"":0.983871},{""copyright"":""studio_ghibli"",""co_posts"":20,""character_coverage"":0.322581},{""copyright"":""howl_no_ugoku_shiro"",""co_posts"":9,""character_coverage"":0.145161},{""copyright"":""majo_no_takkyuubin"",""co_posts"":9,""character_coverage"":0.145161},{""copyright"":""gake_no_ue_no_ponyo"",""co_posts"":8,""character_coverage"":0.129032}]","","","PENDING",""
"I70-029518","younger_twin_sister_(muninshiki)","4","Character","66","","","","","若い双子の姉妹（ムニンシキ）","","[{""copyright"":""original"",""co_posts"":66,""character_coverage"":1.0}]","","","PENDING",""
"I70-029519","yuko_(chainsaw_man)","4","Character","66","","","","","ユウコ(チェンソーマン)","","[{""copyright"":""chainsaw_man"",""co_posts"":64,""character_coverage"":1.0},{""copyright"":""abbey_road"",""co_posts"":2,""character_coverage"":0.03125},{""copyright"":""arcane:_league_of_legends"",""co_posts"":2,""character_coverage"":0.03125},{""copyright"":""league_of_legends"",""co_posts"":2,""character_coverage"":0.03125},{""copyright"":""neon_genesis_evangelion"",""co_posts"":2,""character_coverage"":0.03125}]","","","PENDING",""
"I70-029520","yumykon_(yumykon)","4","Character","66","","","","","","","[{""copyright"":""original"",""co_posts"":36,""character_coverage"":0.553846},{""copyright"":""yumyverse"",""co_posts"":28,""character_coverage"":0.430769},{""copyright"":""league_of_legends"",""co_posts"":2,""character_coverage"":0.030769},{""copyright"":""pokemon"",""co_posts"":2,""character_coverage"":0.030769},{""copyright"":""animal_crossing"",""co_posts"":1,""character_coverage"":0.015385}]","","","PENDING",""
"I70-029521","yunyun_(yunyun_denpa_syndrome)","4","Character","66","","","","","","","[{""copyright"":""yunyun_denpa_syndrome"",""co_posts"":60,""character_coverage"":1.0},{""copyright"":""microsoft_windows"",""co_posts"":1,""character_coverage"":0.016667},{""copyright"":""original"",""co_posts"":1,""character_coverage"":0.016667},{""copyright"":""pokemon"",""co_posts"":1,""character_coverage"":0.016667},{""copyright"":""windows_98"",""co_posts"":1,""character_coverage"":0.016667}]","","","PENDING",""
"I70-029522","yuria_(makigai)","4","Character","66","","","","","ユリア・グラスフィールド","","[{""copyright"":""original"",""co_posts"":61,""character_coverage"":1.0},{""copyright"":""alice's_adventures_in_wonderland"",""co_posts"":1,""character_coverage"":0.016393}]","","","PENDING",""
"I70-029523","yurie_the_last_scholar","4","Character","66","","","","","最後の学者のユーリー","","[{""copyright"":""bloodborne"",""co_posts"":64,""character_coverage"":1.0},{""copyright"":""project_moon"",""co_posts"":4,""character_coverage"":0.0625},{""copyright"":""fate/grand_order"",""co_posts"":3,""character_coverage"":0.046875},{""copyright"":""fate_(series)"",""co_posts"":3,""character_coverage"":0.046875},{""copyright"":""library_of_ruina"",""co_posts"":2,""character_coverage"":0.03125}]","","","PENDING",""
"I70-029524","yuuki_nona","4","Character","66","","","","","結城ノナ","","[{""copyright"":""nanatsuiro_drops"",""co_posts"":59,""character_coverage"":1.0},{""copyright"":""comp_h's"",""co_posts"":1,""character_coverage"":0.016949},{""copyright"":""dengeki_g's"",""co_posts"":1,""character_coverage"":0.016949},{""copyright"":""lucky_star"",""co_posts"":1,""character_coverage"":0.016949},{""copyright"":""megami_magazine"",""co_posts"":1,""character_coverage"":0.016949}]","","","PENDING",""
"I70-029525","yuzuyu_(cookie)","4","Character","66","","","","","クソデブ姉貴","","[{""copyright"":""cookie_(touhou)"",""co_posts"":65,""character_coverage"":1.0},{""copyright"":""touhou"",""co_posts"":65,""character_coverage"":1.0},{""copyright"":""manatsu_no_yo_no_inmu"",""co_posts"":12,""character_coverage"":0.184615},{""copyright"":""niconico"",""co_posts"":3,""character_coverage"":0.046154},{""copyright"":""dies_irae"",""co_posts"":2,""character_coverage"":0.030769}]","","","PENDING",""
"I70-029526","zaaro_(arknights)","4","Character","66","","","","","扎罗","","[{""copyright"":""arknights"",""co_posts"":63,""character_coverage"":1.0},{""copyright"":""arknights:_endfield"",""co_posts"":2,""character_coverage"":0.031746},{""copyright"":""hongshan_forest_zoo"",""co_posts"":2,""character_coverage"":0.031746},{""copyright"":""bang_dream!"",""co_posts"":1,""character_coverage"":0.015873},{""copyright"":""bang_dream!_it's_mygo!!!!!"",""co_posts"":1,""character_coverage"":0.015873}]","","","PENDING",""
"I70-029527","zenith_(brown_dust)","4","Character","66","","","","","ジェニス","","[{""copyright"":""brown_dust_(series)"",""co_posts"":63,""character_coverage"":1.0},{""copyright"":""brown_dust_2"",""co_posts"":62,""character_coverage"":0.984127},{""copyright"":""snow_white_(fairy_tale)"",""co_posts"":4,""character_coverage"":0.063492},{""copyright"":""alice's_adventures_in_wonderland"",""co_posts"":1,""character_coverage"":0.015873},{""copyright"":""brown_dust"",""co_posts"":1,""character_coverage"":0.015873}]","","","PENDING",""
"I70-029528","zenpouji_isaku","4","Character","66","","","","","善法寺伊作","","[{""copyright"":""rakudai_ninja_rantarou"",""co_posts"":64,""character_coverage"":1.0},{""copyright"":""fate/grand_order"",""co_posts"":1,""character_coverage"":0.015625},{""copyright"":""fate_(series)"",""co_posts"":1,""character_coverage"":0.015625},{""copyright"":""grizzly_ni_osowaretara"",""co_posts"":1,""character_coverage"":0.015625},{""copyright"":""higurashi_no_naku_koro_ni"",""co_posts"":1,""character_coverage"":0.015625}]","","","PENDING",""
"I70-029529","1000-nen-chan","4","Character","65","sen'nen-chan,iki_(iyowa)","iki (iyowa) | sen'nen-chan","","","1000年生きてる","","[{""copyright"":""1000-nen_ikiteru_(vocaloid)"",""co_posts"":62,""character_coverage"":0.984127},{""copyright"":""iyowa_girls"",""co_posts"":62,""character_coverage"":0.984127},{""copyright"":""vocaloid"",""co_posts"":23,""character_coverage"":0.365079},{""copyright"":""apricot_(vocaloid)"",""co_posts"":7,""character_coverage"":0.111111},{""copyright"":""cevio"",""co_posts"":6,""character_coverage"":0.095238}]","","","PENDING",""
"I70-029530","66_(roro)","4","Character","65","","","","","66(ロロ)","","[{""copyright"":""vocaloid"",""co_posts"":61,""character_coverage"":0.983871},{""copyright"":""voiceroid"",""co_posts"":6,""character_coverage"":0.096774},{""copyright"":""a.i._voice"",""co_posts"":4,""character_coverage"":0.064516},{""copyright"":""confessions_of_a_rotten_girl_(vocaloid)"",""co_posts"":4,""character_coverage"":0.064516},{""copyright"":""utau"",""co_posts"":4,""character_coverage"":0.064516}]","","","PENDING",""
"I70-029531","a-91_(girls'_frontline)","4","Character","65","","","","","A-91(ドールズフロントライン)","","[{""copyright"":""girls'_frontline"",""co_posts"":60,""character_coverage"":1.0},{""copyright"":""metal_gear_(series)"",""co_posts"":2,""character_coverage"":0.033333},{""copyright"":""va-11_hall-a"",""co_posts"":2,""character_coverage"":0.033333}]","","","PENDING",""
"I70-029532","adela_(path_to_nowhere)","4","Character","65","","","","","阿黛拉","","[{""copyright"":""path_to_nowhere"",""co_posts"":62,""character_coverage"":1.0},{""copyright"":""blue_lock"",""co_posts"":1,""character_coverage"":0.016129},{""copyright"":""fate/grand_order"",""co_posts"":1,""character_coverage"":0.016129},{""copyright"":""fate_(series)"",""co_posts"":1,""character_coverage"":0.016129},{""copyright"":""original"",""co_posts"":1,""character_coverage"":0.016129}]","","","PENDING",""
"I70-029533","aiba_reika","4","Character","65","","","","","愛葉礼華","","[{""copyright"":""idol_wars"",""co_posts"":65,""character_coverage"":1.0}]","","","PENDING",""
"I70-029534","aizawa_ema_(2nd_costume)","4","Character","65","","","","","","","[{""copyright"":""vspo!"",""co_posts"":64,""character_coverage"":1.0},{""copyright"":""hololive"",""co_posts"":4,""character_coverage"":0.0625},{""copyright"":""nijisanji"",""co_posts"":4,""character_coverage"":0.0625},{""copyright"":""apex_legends"",""co_posts"":2,""character_coverage"":0.03125},{""copyright"":""neo-porte"",""co_posts"":2,""character_coverage"":0.03125}]","","","PENDING",""
"I70-029535","akane_(cookie)","4","Character","65","","","","","AKN姉貴","","[{""copyright"":""cookie_(touhou)"",""co_posts"":63,""character_coverage"":1.0},{""copyright"":""touhou"",""co_posts"":63,""character_coverage"":1.0},{""copyright"":""manatsu_no_yo_no_inmu"",""co_posts"":5,""character_coverage"":0.079365},{""copyright"":""pokemon"",""co_posts"":4,""character_coverage"":0.063492},{""copyright"":""algodoo"",""co_posts"":3,""character_coverage"":0.047619}]","","","PENDING",""
"I70-029536","akemi_homura_(swimsuit_ver.)","4","Character","65","","","","","水着ほむら","","[{""copyright"":""mahou_shoujo_madoka_magica"",""co_posts"":60,""character_coverage"":1.0},{""copyright"":""magia_record:_mahou_shoujo_madoka_magica_gaiden"",""co_posts"":59,""character_coverage"":0.983333},{""copyright"":""mahou_shoujo_madoka_magica_(anime)"",""co_posts"":11,""character_coverage"":0.183333},{""copyright"":""mahou_shoujo_madoka_magica:_hangyaku_no_monogatari"",""co_posts"":2,""character_coverage"":0.033333},{""copyright"":""mahou_shoujo_madoka_magica_magia_exedra"",""co_posts"":2,""character_coverage"":0.033333}]","","","PENDING",""
"I70-029537","akiyama_toru_(pepper0)","4","Character","65","blue_shirt_brother_(pepper0)","blue shirt brother (pepper0)","","","","","[{""copyright"":""original"",""co_posts"":46,""character_coverage"":1.0}]","","","PENDING",""
"I70-029538","alice_(arcaea)","4","Character","65","","","","","アリス","","[{""copyright"":""arcaea"",""co_posts"":63,""character_coverage"":1.0}]","","","PENDING",""
"I70-029539","alina_(girls'_frontline)","4","Character","65","nyto_alina_(girls'_frontline),nyto_white_(girls_frontline),nyto_polarday_(girls_frontline)","nyto alina (girls' frontline) | nyto polarday (girls frontline) | nyto white (girls frontline)","","","アリーナ(ドールズフロントライン)","","[{""copyright"":""girls'_frontline"",""co_posts"":60,""character_coverage"":1.0},{""copyright"":""lawson"",""co_posts"":1,""character_coverage"":0.016667},{""copyright"":""mario_(series)"",""co_posts"":1,""character_coverage"":0.016667},{""copyright"":""mario_kart"",""co_posts"":1,""character_coverage"":0.016667}]","","","PENDING",""
"I70-029540","altessa_(futagohime)","4","Character","65","","","","","アルテッサ","","[{""copyright"":""fushigiboshi_no_futago_hime"",""co_posts"":37,""character_coverage"":1.0},{""copyright"":""fushigiboshi_no_futago_hime_gyu"",""co_posts"":2,""character_coverage"":0.054054},{""copyright"":""grand_theft_auto"",""co_posts"":1,""character_coverage"":0.027027},{""copyright"":""grand_theft_auto:_san_andreas"",""co_posts"":1,""character_coverage"":0.027027},{""copyright"":""jojo_no_kimyou_na_bouken"",""co_posts"":1,""character_coverage"":0.027027}]","","","PENDING",""
"I70-029541","amagase_muyu","4","Character","65","","","","","天ヶ瀬むゆ","","[{""copyright"":""nijisanji"",""co_posts"":59,""character_coverage"":1.0},{""copyright"":""nijisanji_kr"",""co_posts"":4,""character_coverage"":0.067797},{""copyright"":""nijisanji_en"",""co_posts"":3,""character_coverage"":0.050847},{""copyright"":""nijisanji_id"",""co_posts"":3,""character_coverage"":0.050847},{""copyright"":""nijisanji_koshien"",""co_posts"":2,""character_coverage"":0.033898}]","","","PENDING",""
"I70-029542","amamiya_kokoro_(4th_costume)","4","Character","65","","","","","天宮こころ(セーラー服)","","[{""copyright"":""nijisanji"",""co_posts"":64,""character_coverage"":1.0},{""copyright"":""yu-gi-oh!"",""co_posts"":1,""character_coverage"":0.015625}]","","","PENDING",""
"I70-029543","ameli_(girls'_frontline)","4","Character","65","cetme_ameli_(girls'_frontline),cetme_ameli_(girls_frontline)","cetme ameli (girls frontline) | cetme ameli (girls' frontline)","","","Ameli(ドールズフロントライン)","","[{""copyright"":""girls'_frontline"",""co_posts"":60,""character_coverage"":1.0},{""copyright"":""metal_gear_(series)"",""co_posts"":2,""character_coverage"":0.033333},{""copyright"":""fate_(series)"",""co_posts"":1,""character_coverage"":0.016667},{""copyright"":""getsuyoubi_no_tawawa"",""co_posts"":1,""character_coverage"":0.016667},{""copyright"":""gundam"",""co_posts"":1,""character_coverage"":0.016667}]","","","PENDING",""
"I70-029544","american_oppai-san","4","Character","65","","","","","アメリカンオッパイサン","","[{""copyright"":""original"",""co_posts"":64,""character_coverage"":1.0}]","","","PENDING",""
"I70-029545","amiya_(ambience_synesthesia_2022)_(arknights)","4","Character","65","","","","","","","[{""copyright"":""arknights"",""co_posts"":65,""character_coverage"":1.0},{""copyright"":""ambience_synesthesia"",""co_posts"":63,""character_coverage"":0.969231}]","","","PENDING",""
"I70-029546","amou_june","4","Character","65","","","","","天羽ジュネ","","[{""copyright"":""pretty_rhythm"",""co_posts"":65,""character_coverage"":1.0},{""copyright"":""pretty_series"",""co_posts"":65,""character_coverage"":1.0},{""copyright"":""pretty_rhythm_rainbow_live"",""co_posts"":60,""character_coverage"":0.923077},{""copyright"":""king_of_prism"",""co_posts"":6,""character_coverage"":0.092308},{""copyright"":""pripara"",""co_posts"":4,""character_coverage"":0.061538}]","","","PENDING",""
"I70-029547","an-94_(mod3)_(girls'_frontline)","4","Character","65","","","","","","","[{""copyright"":""girls'_frontline"",""co_posts"":54,""character_coverage"":1.0}]","","","PENDING",""
"I70-029548","anaxa_(whatsamatta)_(honkai:_star_rail)","4","Character","65","","","","","","","[{""copyright"":""honkai:_star_rail"",""co_posts"":64,""character_coverage"":1.0},{""copyright"":""honkai_(series)"",""co_posts"":64,""character_coverage"":1.0},{""copyright"":""genshin_impact"",""co_posts"":1,""character_coverage"":0.015625},{""copyright"":""ore_no_imouto_ga_konna_ni_kawaii_wake_ga_nai"",""co_posts"":1,""character_coverage"":0.015625}]","","","PENDING",""
"I70-029549","anna_(girls'_frontline)","4","Character","65","","","","","アンナ(ドールズフロントライン)","","[{""copyright"":""girls'_frontline"",""co_posts"":57,""character_coverage"":1.0},{""copyright"":""girls'_frontline_2:_exilium"",""co_posts"":3,""character_coverage"":0.052632},{""copyright"":""jojo_no_kimyou_na_bouken"",""co_posts"":3,""character_coverage"":0.052632},{""copyright"":""girls'_frontline_neural_cloud"",""co_posts"":2,""character_coverage"":0.035088},{""copyright"":""among_us"",""co_posts"":1,""character_coverage"":0.017544}]","","","PENDING",""
"I70-029550","ari_(shichigatsu)","4","Character","65","","","","","ari（shichigatsu）","","[{""copyright"":""original"",""co_posts"":65,""character_coverage"":1.0}]","","","PENDING",""
"I70-029551","ariaria_(netsuki)","4","Character","65","","","","","アリアリア","","[{""copyright"":""original"",""co_posts"":65,""character_coverage"":1.0}]","","","PENDING",""
"I70-029552","arjuna_(versus)_(fate)","4","Character","65","","","","","ヴァーサス","","[{""copyright"":""fate/grand_order"",""co_posts"":64,""character_coverage"":1.0},{""copyright"":""fate_(series)"",""co_posts"":64,""character_coverage"":1.0},{""copyright"":""fate/apocrypha"",""co_posts"":6,""character_coverage"":0.09375},{""copyright"":""fate/extra"",""co_posts"":1,""character_coverage"":0.015625}]","","","PENDING",""
"I70-029553","asakura_ageha","4","Character","65","","","","","麻倉アゲハ","","[{""copyright"":""yumeochi_-_yume_de_bokura_wa_koi_ni_ochiru"",""co_posts"":65,""character_coverage"":1.0},{""copyright"":""no_more_eiga_dorobou"",""co_posts"":1,""character_coverage"":0.015385}]","","","PENDING",""
"I70-029554","asclepius_(third_ascension)_(fate)","4","Character","65","","","","","","","[{""copyright"":""fate/grand_order"",""co_posts"":65,""character_coverage"":1.0},{""copyright"":""fate_(series)"",""co_posts"":65,""character_coverage"":1.0},{""copyright"":""fate/apocrypha"",""co_posts"":3,""character_coverage"":0.046154},{""copyright"":""fate/extra"",""co_posts"":1,""character_coverage"":0.015385},{""copyright"":""fate/extra_ccc"",""co_posts"":1,""character_coverage"":0.015385}]","","","PENDING",""
"I70-029555","asha_(monster_world)","4","Character","65","","","","","アシャ（モンスターワールド）","","[{""copyright"":""monster_world"",""co_posts"":55,""character_coverage"":1.0},{""copyright"":""monster_world_iv"",""co_posts"":53,""character_coverage"":0.963636},{""copyright"":""wonder_boy"",""co_posts"":33,""character_coverage"":0.6},{""copyright"":""puyopuyo"",""co_posts"":7,""character_coverage"":0.127273},{""copyright"":""sonic_(series)"",""co_posts"":7,""character_coverage"":0.127273}]","","","PENDING",""
"I70-029556","atlanta_(warship_girls_r)","4","Character","65","","","","","アトランタ","","[{""copyright"":""warship_girls_r"",""co_posts"":59,""character_coverage"":1.0},{""copyright"":""kantai_collection"",""co_posts"":3,""character_coverage"":0.050847},{""copyright"":""azur_lane"",""co_posts"":2,""character_coverage"":0.033898},{""copyright"":""grand_theft_auto"",""co_posts"":1,""character_coverage"":0.016949},{""copyright"":""grand_theft_auto_v"",""co_posts"":1,""character_coverage"":0.016949}]","","","PENDING",""
"I70-029557","awashima_seri","4","Character","65","","","","","淡島世理","","[{""copyright"":""k-project"",""co_posts"":54,""character_coverage"":1.0},{""copyright"":""428:_fuusa_sareta_shibuya_de"",""co_posts"":2,""character_coverage"":0.037037},{""copyright"":""ace_attorney"",""co_posts"":2,""character_coverage"":0.037037},{""copyright"":""adventure_time"",""co_posts"":2,""character_coverage"":0.037037},{""copyright"":""arakawa_under_the_bridge"",""co_posts"":2,""character_coverage"":0.037037}]","","","PENDING",""
"I70-029558","ayako_(slam_dunk)","4","Character","65","","","","","彩子(スラムダンク)","","[{""copyright"":""slam_dunk_(series)"",""co_posts"":64,""character_coverage"":1.0},{""copyright"":""los_angeles_lakers"",""co_posts"":2,""character_coverage"":0.03125},{""copyright"":""national_basketball_association"",""co_posts"":2,""character_coverage"":0.03125},{""copyright"":""taiko_no_tatsujin"",""co_posts"":2,""character_coverage"":0.03125},{""copyright"":""gundam"",""co_posts"":1,""character_coverage"":0.015625}]","","","PENDING",""
"I70-029559","bachou_(koihime_musou)","4","Character","65","bachou","bachou","","","翠(恋姫†無双)","","[{""copyright"":""koihime_musou"",""co_posts"":58,""character_coverage"":1.0},{""copyright"":""megami_magazine"",""co_posts"":2,""character_coverage"":0.034483},{""copyright"":""shin_koihime_musou"",""co_posts"":2,""character_coverage"":0.034483},{""copyright"":""dengeki_g's"",""co_posts"":1,""character_coverage"":0.017241}]","","","PENDING",""
"I70-029560","barbary_lion_(kemono_friends)","4","Character","65","","","","","バーバリライオン(けものフレンズ)","","[{""copyright"":""kemono_friends"",""co_posts"":57,""character_coverage"":1.0},{""copyright"":""godzilla_(series)"",""co_posts"":15,""character_coverage"":0.263158},{""copyright"":""shin_godzilla"",""co_posts"":15,""character_coverage"":0.263158},{""copyright"":""kemono_friends_3"",""co_posts"":8,""character_coverage"":0.140351},{""copyright"":""keroro_gunsou"",""co_posts"":3,""character_coverage"":0.052632}]","","","PENDING",""
"I70-029561","beerko","4","Character","65","","","","","ビール子","","[{""copyright"":""akihabara_beer_fair"",""co_posts"":63,""character_coverage"":0.984375},{""copyright"":""touhou"",""co_posts"":21,""character_coverage"":0.328125},{""copyright"":""touhou_(pc-98)"",""co_posts"":11,""character_coverage"":0.171875},{""copyright"":""seihou"",""co_posts"":9,""character_coverage"":0.140625},{""copyright"":""dolls_in_pseudo_paradise"",""co_posts"":8,""character_coverage"":0.125}]","","","PENDING",""
"I70-029562","believe_(purity)_(umamusume)","4","Character","65","","","","","精粋(ウマ娘)","","[{""copyright"":""umamusume"",""co_posts"":62,""character_coverage"":1.0},{""copyright"":""pakatube"",""co_posts"":3,""character_coverage"":0.048387},{""copyright"":""original"",""co_posts"":2,""character_coverage"":0.032258},{""copyright"":""cygames"",""co_posts"":1,""character_coverage"":0.016129},{""copyright"":""jujutsu_kaisen"",""co_posts"":1,""character_coverage"":0.016129}]","","","PENDING",""
"I70-029563","beni-enma_alter","4","Character","65","benienma_alter_(fate)","benienma alter (fate)","","","紅閻魔・オルタ","","[{""copyright"":""fate/grand_order"",""co_posts"":57,""character_coverage"":1.0},{""copyright"":""fate_(series)"",""co_posts"":57,""character_coverage"":1.0},{""copyright"":""dragon_ball"",""co_posts"":1,""character_coverage"":0.017544},{""copyright"":""dragon_ball_z"",""co_posts"":1,""character_coverage"":0.017544},{""copyright"":""fate/dream_striker"",""co_posts"":1,""character_coverage"":0.017544}]","","","PENDING",""
"I70-029564","biryu_soso","4","Character","65","","","","","","","[{""copyright"":""original"",""co_posts"":49,""character_coverage"":1.0}]","","","PENDING",""
"I70-029565","black_tri-stars","4","Character","65","","","","","黒い三連星","","[{""copyright"":""gundam"",""co_posts"":61,""character_coverage"":1.0},{""copyright"":""mobile_suit_gundam"",""co_posts"":53,""character_coverage"":0.868852},{""copyright"":""mobile_suit_gundam_the_origin"",""co_posts"":7,""character_coverage"":0.114754},{""copyright"":""gundam_arsenal_base"",""co_posts"":5,""character_coverage"":0.081967},{""copyright"":""gundam_msv"",""co_posts"":3,""character_coverage"":0.04918}]","","","PENDING",""
"I70-029566","brown_(among_us)","4","Character","65","","","","","ブラウン（私たちの間）","","[{""copyright"":""among_us"",""co_posts"":60,""character_coverage"":0.983607},{""copyright"":""hololive"",""co_posts"":8,""character_coverage"":0.131148},{""copyright"":""original"",""co_posts"":7,""character_coverage"":0.114754},{""copyright"":""umamusume"",""co_posts"":6,""character_coverage"":0.098361},{""copyright"":""hololive_english"",""co_posts"":4,""character_coverage"":0.065574}]","","","PENDING",""
"I70-029567","call_e","4","Character","65","call_(ishikawa_hideki)","call (ishikawa hideki)","","","eに電話してください","","[{""copyright"":""mighty_no._9"",""co_posts"":49,""character_coverage"":1.0},{""copyright"":""mega_man_(series)"",""co_posts"":2,""character_coverage"":0.040816},{""copyright"":""little_witch_academia"",""co_posts"":1,""character_coverage"":0.020408},{""copyright"":""mega_man_x_(series)"",""co_posts"":1,""character_coverage"":0.020408}]","","","PENDING",""
"I70-029568","cardinal_armand","4","Character","65","","","","","枢機Armand","","[{""copyright"":""last_origin"",""co_posts"":65,""character_coverage"":1.0},{""copyright"":""teenage_mutant_ninja_turtles"",""co_posts"":1,""character_coverage"":0.015385}]","","","PENDING",""
"I70-029569","cheery_pink","4","Character","65","","","","","チアリーピンク","","[{""copyright"":""aigan_tenshi_cheery_pink"",""co_posts"":52,""character_coverage"":0.962963},{""copyright"":""original"",""co_posts"":15,""character_coverage"":0.277778},{""copyright"":""the_king_of_fighters"",""co_posts"":2,""character_coverage"":0.037037},{""copyright"":""fatal_fury"",""co_posts"":1,""character_coverage"":0.018519}]","","","PENDING",""
"I70-029570","chiemon_(fate)","4","Character","65","","","","","地右衛門","","[{""copyright"":""fate/samurai_remnant"",""co_posts"":65,""character_coverage"":1.0},{""copyright"":""fate_(series)"",""co_posts"":65,""character_coverage"":1.0},{""copyright"":""fate/grand_order"",""co_posts"":12,""character_coverage"":0.184615},{""copyright"":""gintama"",""co_posts"":1,""character_coverage"":0.015385},{""copyright"":""pieta"",""co_posts"":1,""character_coverage"":0.015385}]","","","PENDING",""
"I70-029571","chimumu","4","Character","65","","","","","チムム","","[{""copyright"":""pretty_series"",""co_posts"":64,""character_coverage"":1.0},{""copyright"":""waccha_primagi!"",""co_posts"":64,""character_coverage"":1.0},{""copyright"":""real_life"",""co_posts"":3,""character_coverage"":0.046875},{""copyright"":""idol_time_pripara"",""co_posts"":2,""character_coverage"":0.03125},{""copyright"":""pokemon"",""co_posts"":2,""character_coverage"":0.03125}]","","","PENDING",""
"I70-029572","cleo_(king's_raid)","4","Character","65","","","","","クレオ(キンスレ)","","[{""copyright"":""king's_raid"",""co_posts"":46,""character_coverage"":1.0}]","","","PENDING",""
"I70-029573","colt_walker_(girls'_frontline)","4","Character","65","","","","","マギー・ポンジ","","[{""copyright"":""girls'_frontline"",""co_posts"":47,""character_coverage"":1.0},{""copyright"":""metal_gear_(series)"",""co_posts"":2,""character_coverage"":0.042553},{""copyright"":""coca-cola"",""co_posts"":1,""character_coverage"":0.021277},{""copyright"":""girls'_frontline_2:_exilium"",""co_posts"":1,""character_coverage"":0.021277},{""copyright"":""girls'_frontline_neural_cloud"",""co_posts"":1,""character_coverage"":0.021277}]","","","PENDING",""
"I70-029574","cookie_monster","4","Character","65","","","","","クッキーモンスター","","[{""copyright"":""sesame_street"",""co_posts"":46,""character_coverage"":0.958333},{""copyright"":""original"",""co_posts"":13,""character_coverage"":0.270833},{""copyright"":""sanrio"",""co_posts"":9,""character_coverage"":0.1875},{""copyright"":""hello_kitty"",""co_posts"":8,""character_coverage"":0.166667},{""copyright"":""coca-cola"",""co_posts"":7,""character_coverage"":0.145833}]","","","PENDING",""
"I70-029575","cyclops_(girls'_frontline)","4","Character","65","","","","","サイクロプス(ドールズフロントライン)","","[{""copyright"":""girls'_frontline"",""co_posts"":64,""character_coverage"":1.0},{""copyright"":""andersen's_fairy_tales"",""co_posts"":3,""character_coverage"":0.046875},{""copyright"":""blue_archive"",""co_posts"":1,""character_coverage"":0.015625},{""copyright"":""girls'_frontline_2:_exilium"",""co_posts"":1,""character_coverage"":0.015625},{""copyright"":""the_creation_of_adam"",""co_posts"":1,""character_coverage"":0.015625}]","","","PENDING",""
"I70-029576","daqiao_(shin_sangoku_musou)","4","Character","65","da_qiao_(shin_sangoku_musou)","da qiao (shin sangoku musou)","","","大喬(真・三國無双)","","[{""copyright"":""shin_sangoku_musou"",""co_posts"":60,""character_coverage"":1.0},{""copyright"":""shin_sangoku_musou_4"",""co_posts"":18,""character_coverage"":0.3},{""copyright"":""shin_sangoku_musou_6"",""co_posts"":13,""character_coverage"":0.216667},{""copyright"":""shin_sangoku_musou_7"",""co_posts"":12,""character_coverage"":0.2},{""copyright"":""musou_orochi"",""co_posts"":2,""character_coverage"":0.033333}]","","","PENDING",""
"I70-029577","dark_eclair","4","Character","65","","","","","ダークエクレール","","[{""copyright"":""la_pucelle_tactics"",""co_posts"":52,""character_coverage"":1.0},{""copyright"":""disgaea"",""co_posts"":3,""character_coverage"":0.057692},{""copyright"":""marl_kingdom"",""co_posts"":3,""character_coverage"":0.057692},{""copyright"":""disgaea_rpg"",""co_posts"":2,""character_coverage"":0.038462},{""copyright"":""makai_senki_disgaea_2"",""co_posts"":1,""character_coverage"":0.019231}]","","","PENDING",""
"I70-029578","deku_scrub","4","Character","65","","","","","デクナッツ","","[{""copyright"":""the_legend_of_zelda"",""co_posts"":58,""character_coverage"":1.0},{""copyright"":""the_legend_of_zelda:_majora's_mask"",""co_posts"":40,""character_coverage"":0.689655},{""copyright"":""the_legend_of_zelda:_ocarina_of_time"",""co_posts"":17,""character_coverage"":0.293103},{""copyright"":""the_legend_of_zelda:_the_wind_waker"",""co_posts"":7,""character_coverage"":0.12069},{""copyright"":""the_legend_of_zelda:_skyward_sword"",""co_posts"":6,""character_coverage"":0.103448}]","","","PENDING",""
"I70-029579","devil_dinosaur","4","Character","65","","","","","","","[{""copyright"":""marvel"",""co_posts"":53,""character_coverage"":1.0},{""copyright"":""marvel_rivals"",""co_posts"":47,""character_coverage"":0.886792},{""copyright"":""moon_girl_and_devil_dinosaur"",""co_posts"":45,""character_coverage"":0.849057},{""copyright"":""guardians_of_the_galaxy"",""co_posts"":10,""character_coverage"":0.188679},{""copyright"":""x-men"",""co_posts"":9,""character_coverage"":0.169811}]","","","PENDING",""
"I70-029580","devilboo_(zenless_zone_zero)","4","Character","65","","","","","アクマデボンプ","","[{""copyright"":""zenless_zone_zero"",""co_posts"":60,""character_coverage"":1.0},{""copyright"":""original"",""co_posts"":15,""character_coverage"":0.25},{""copyright"":""dragon_ball"",""co_posts"":1,""character_coverage"":0.016667},{""copyright"":""dragon_ball_z"",""co_posts"":1,""character_coverage"":0.016667},{""copyright"":""honkai:_star_rail"",""co_posts"":1,""character_coverage"":0.016667}]","","","PENDING",""
"I70-029581","diva_(blood+)","4","Character","65","","","","","ディーヴァ","","[{""copyright"":""blood+"",""co_posts"":56,""character_coverage"":1.0},{""copyright"":""idolmaster"",""co_posts"":2,""character_coverage"":0.035714},{""copyright"":""accel_world"",""co_posts"":1,""character_coverage"":0.017857},{""copyright"":""akame_ga_kill!"",""co_posts"":1,""character_coverage"":0.017857},{""copyright"":""amagami"",""co_posts"":1,""character_coverage"":0.017857}]","","","PENDING",""
"I70-029582","dragonmaid_nudyarl","4","Character","65","","","","","ドラゴンメイド・フルス","","[{""copyright"":""yu-gi-oh!"",""co_posts"":63,""character_coverage"":1.0},{""copyright"":""digimon"",""co_posts"":3,""character_coverage"":0.047619},{""copyright"":""yu-gi-oh!_master_duel"",""co_posts"":2,""character_coverage"":0.031746},{""copyright"":""akira_(manga)"",""co_posts"":1,""character_coverage"":0.015873},{""copyright"":""death_note"",""co_posts"":1,""character_coverage"":0.015873}]","","","PENDING",""
"I70-029583","ebihara_minase","4","Character","65","","","","","海老原みなせ","","[{""copyright"":""bra-ban!"",""co_posts"":56,""character_coverage"":1.0},{""copyright"":""yuzusoft"",""co_posts"":2,""character_coverage"":0.035714},{""copyright"":""akai_ito"",""co_posts"":1,""character_coverage"":0.017857},{""copyright"":""aozora_no_mieru_oka"",""co_posts"":1,""character_coverage"":0.017857},{""copyright"":""baldr_(series)"",""co_posts"":1,""character_coverage"":0.017857}]","","","PENDING",""
"I70-029584","echidna_(fire_emblem)","4","Character","65","","","","","エキドナ(ファイアーエムブレム)","","[{""copyright"":""fire_emblem"",""co_posts"":56,""character_coverage"":1.0},{""copyright"":""fire_emblem:_the_binding_blade"",""co_posts"":55,""character_coverage"":0.982143},{""copyright"":""fire_emblem_heroes"",""co_posts"":10,""character_coverage"":0.178571},{""copyright"":""fire_emblem:_the_blazing_blade"",""co_posts"":6,""character_coverage"":0.107143},{""copyright"":""fire_emblem:_the_sacred_stones"",""co_posts"":6,""character_coverage"":0.107143}]","","","PENDING",""
"I70-029585","echidna_(last_origin)","4","Character","65","","","","","エキドナ(ラストオリジン)","","[{""copyright"":""last_origin"",""co_posts"":64,""character_coverage"":1.0},{""copyright"":""soulworker"",""co_posts"":1,""character_coverage"":0.015625}]","","","PENDING",""
"I70-029586","ei_chan_(endless_overhaul)","4","Character","65","","","","","","","[{""copyright"":""endless_overhaul"",""co_posts"":65,""character_coverage"":1.0},{""copyright"":""original"",""co_posts"":4,""character_coverage"":0.061538}]","","","PENDING",""
"I70-029587","eilie_(witch's_island)","4","Character","65","","","","","","","[{""copyright"":""witch's_island"",""co_posts"":64,""character_coverage"":0.984615},{""copyright"":""alice's_adventures_in_wonderland"",""co_posts"":1,""character_coverage"":0.015385},{""copyright"":""the_bible"",""co_posts"":1,""character_coverage"":0.015385}]","","","PENDING",""
"I70-029588","eleanor_forte","4","Character","65","","","","","エレノア・フォルテ","","[{""copyright"":""synthesizer_v"",""co_posts"":59,""character_coverage"":1.0},{""copyright"":""utau"",""co_posts"":6,""character_coverage"":0.101695},{""copyright"":""cevio"",""co_posts"":5,""character_coverage"":0.084746},{""copyright"":""vocaloid"",""co_posts"":5,""character_coverage"":0.084746},{""copyright"":""voiceroid"",""co_posts"":3,""character_coverage"":0.050847}]","","","PENDING",""
"I70-029589","electro_wave_human_tackle","4","Character","65","","","","","電波人間タックル","","[{""copyright"":""kamen_rider"",""co_posts"":54,""character_coverage"":0.857143},{""copyright"":""toujima_tanzaburou_wa_kamen_rider_ni_naritai"",""co_posts"":37,""character_coverage"":0.587302},{""copyright"":""kamen_rider_stronger_(series)"",""co_posts"":31,""character_coverage"":0.492063},{""copyright"":""kamen_rider_(1st_series)"",""co_posts"":9,""character_coverage"":0.142857},{""copyright"":""kamen_rider_v3_(series)"",""co_posts"":5,""character_coverage"":0.079365}]","","","PENDING",""
"I70-029590","ellone","4","Character","65","","","","","エルオーネ","","[{""copyright"":""final_fantasy"",""co_posts"":62,""character_coverage"":1.0},{""copyright"":""final_fantasy_viii"",""co_posts"":62,""character_coverage"":1.0},{""copyright"":""final_fantasy_vii"",""co_posts"":2,""character_coverage"":0.032258},{""copyright"":""kingdom_hearts"",""co_posts"":2,""character_coverage"":0.032258},{""copyright"":""kingdom_hearts_ii"",""co_posts"":2,""character_coverage"":0.032258}]","","","PENDING",""
"I70-029591","elmer_vissel","4","Character","65","","","","","","","[{""copyright"":""mahoutsukai_linn_no_shiawase_na_kekkon"",""co_posts"":65,""character_coverage"":1.0},{""copyright"":""street_fighter"",""co_posts"":1,""character_coverage"":0.015385}]","","","PENDING",""
"I70-029592","enoa_(crymachina)","4","Character","65","","","","","","","[{""copyright"":""crymachina"",""co_posts"":62,""character_coverage"":1.0},{""copyright"":""crystar"",""co_posts"":3,""character_coverage"":0.048387}]","","","PENDING",""
"I70-029593","eric_(disney)","4","Character","65","","","","","エリック王子","","[{""copyright"":""the_little_mermaid_(disney)"",""co_posts"":55,""character_coverage"":0.964912},{""copyright"":""disney"",""co_posts"":12,""character_coverage"":0.210526},{""copyright"":""aladdin_(movie)"",""co_posts"":11,""character_coverage"":0.192982},{""copyright"":""beauty_and_the_beast_(disney)"",""co_posts"":11,""character_coverage"":0.192982},{""copyright"":""tangled"",""co_posts"":10,""character_coverage"":0.175439}]","","","PENDING",""
"I70-029594","eska_(cookie)","4","Character","65","","","","","ESK姉貴","","[{""copyright"":""cookie_(touhou)"",""co_posts"":64,""character_coverage"":1.0},{""copyright"":""touhou"",""co_posts"":64,""character_coverage"":1.0},{""copyright"":""manatsu_no_yo_no_inmu"",""co_posts"":27,""character_coverage"":0.421875},{""copyright"":""niconico"",""co_posts"":4,""character_coverage"":0.0625},{""copyright"":""pokemon"",""co_posts"":4,""character_coverage"":0.0625}]","","","PENDING",""
"I70-029595","esther_(project_moon)","4","Character","65","esther_(library_of_ruina)","esther (library of ruina)","","","以斯帖","","[{""copyright"":""library_of_ruina"",""co_posts"":64,""character_coverage"":1.0},{""copyright"":""project_moon"",""co_posts"":64,""character_coverage"":1.0},{""copyright"":""limbus_company"",""co_posts"":3,""character_coverage"":0.046875},{""copyright"":""bloodborne"",""co_posts"":2,""character_coverage"":0.03125},{""copyright"":""fuwa_fuwa_cinnamoroll"",""co_posts"":1,""character_coverage"":0.015625}]","","","PENDING",""
"I70-029596","executioner_smough","4","Character","65","","","","","executioner smough","","[{""copyright"":""dark_souls_(series)"",""co_posts"":62,""character_coverage"":1.0},{""copyright"":""dark_souls_i"",""co_posts"":60,""character_coverage"":0.967742},{""copyright"":""demon's_souls"",""co_posts"":3,""character_coverage"":0.048387},{""copyright"":""mario_(series)"",""co_posts"":3,""character_coverage"":0.048387},{""copyright"":""touhou"",""co_posts"":3,""character_coverage"":0.048387}]","","","PENDING",""
"I70-029597","fennery_(show_by_rock!!)","4","Character","65","fennely_(show_by_rock!!)","fennely (show by rock!!)","","","フェネリィ","","[{""copyright"":""show_by_rock!!"",""co_posts"":63,""character_coverage"":1.0},{""copyright"":""kemono_friends"",""co_posts"":1,""character_coverage"":0.015873}]","","","PENDING",""
"I70-029598","fina_(ffbe)","4","Character","65","","","","","","","[{""copyright"":""final_fantasy"",""co_posts"":59,""character_coverage"":1.0},{""copyright"":""final_fantasy_brave_exvius"",""co_posts"":58,""character_coverage"":0.983051},{""copyright"":""war_of_the_visions:_final_fantasy_brave_exvius"",""co_posts"":3,""character_coverage"":0.050847},{""copyright"":""final_fantasy_iii"",""co_posts"":2,""character_coverage"":0.033898},{""copyright"":""final_fantasy_ix"",""co_posts"":2,""character_coverage"":0.033898}]","","","PENDING",""
"I70-029599","fn-49_(girls'_frontline)","4","Character","65","fn49_(girls'_frontline),fn-49_(girls_frontline)","fn-49 (girls frontline) | fn49 (girls' frontline)","","","FN49(ドールズフロントライン)","","[{""copyright"":""girls'_frontline"",""co_posts"":62,""character_coverage"":1.0},{""copyright"":""metal_gear_(series)"",""co_posts"":2,""character_coverage"":0.032258}]","","","PENDING",""
"I70-029600","frank_west","4","Character","65","","","","","フランク・ウェスト","","[{""copyright"":""dead_rising"",""co_posts"":49,""character_coverage"":0.960784},{""copyright"":""capcom"",""co_posts"":22,""character_coverage"":0.431373},{""copyright"":""marvel_vs._capcom"",""co_posts"":21,""character_coverage"":0.411765},{""copyright"":""mega_man_(series)"",""co_posts"":21,""character_coverage"":0.411765},{""copyright"":""darkstalkers"",""co_posts"":19,""character_coverage"":0.372549}]","","","PENDING",""
"I70-029601","freki_and_geri_(fate)","4","Character","65","","","","","","","[{""copyright"":""fate/grand_order"",""co_posts"":64,""character_coverage"":1.0},{""copyright"":""fate_(series)"",""co_posts"":64,""character_coverage"":1.0},{""copyright"":""fate/stay_night"",""co_posts"":7,""character_coverage"":0.109375},{""copyright"":""fate/grand_order_arcade"",""co_posts"":6,""character_coverage"":0.09375},{""copyright"":""fate/grand_order:_first_order"",""co_posts"":2,""character_coverage"":0.03125}]","","","PENDING",""
"I70-029602","frimomen_(voicepeak)","4","Character","65","","","","","フリモメン","","[{""copyright"":""voicepeak"",""co_posts"":44,""character_coverage"":0.758621},{""copyright"":""synthesizer_v"",""co_posts"":31,""character_coverage"":0.534483},{""copyright"":""utau"",""co_posts"":22,""character_coverage"":0.37931},{""copyright"":""vocaloid"",""co_posts"":12,""character_coverage"":0.206897},{""copyright"":""voiceroid"",""co_posts"":11,""character_coverage"":0.189655}]","","","PENDING",""
"I70-029603","fubuki_(anniversary)_(kancolle)","4","Character","65","","","","","吹雪(記念日)","","[{""copyright"":""kantai_collection"",""co_posts"":65,""character_coverage"":1.0}]","","","PENDING",""
"I70-029604","fubuki_(warship_girls_r)","4","Character","65","","","","","吹雪(戦艦少女)","","[{""copyright"":""warship_girls_r"",""co_posts"":62,""character_coverage"":1.0},{""copyright"":""kantai_collection"",""co_posts"":2,""character_coverage"":0.032258},{""copyright"":""mahou_shoujo_madoka_magica"",""co_posts"":2,""character_coverage"":0.032258},{""copyright"":""mahou_shoujo_madoka_magica_(anime)"",""co_posts"":2,""character_coverage"":0.032258},{""copyright"":""pokemon"",""co_posts"":1,""character_coverage"":0.016129}]","","","PENDING",""
"I70-029605","fubuki_kai_san_go_(type_6)_(kancolle)","4","Character","65","","","","","吹雪改三護(六式)","","[{""copyright"":""kantai_collection"",""co_posts"":58,""character_coverage"":1.0},{""copyright"":""famitsu"",""co_posts"":3,""character_coverage"":0.051724}]","","","PENDING",""
"I70-029606","fujimiya_amane","4","Character","65","","","","","藤宮周","","[{""copyright"":""otonari_no_tenshi-sama_ni_itsu_no_mani_ka_dame_ningen_ni_sarete_ita_ken"",""co_posts"":63,""character_coverage"":1.0},{""copyright"":""ga_bunko"",""co_posts"":1,""character_coverage"":0.015873},{""copyright"":""newtype"",""co_posts"":1,""character_coverage"":0.015873}]","","","PENDING",""
"I70-029607","fullertom_(dungeon_meshi)","4","Character","65","","","","","フラートム","","[{""copyright"":""dungeon_meshi"",""co_posts"":65,""character_coverage"":1.0}]","","","PENDING",""
"I70-029608","fusaishi_haruaki","4","Character","65","","","","","房石陽明","","[{""copyright"":""raging_loop"",""co_posts"":60,""character_coverage"":1.0},{""copyright"":""ace_attorney"",""co_posts"":3,""character_coverage"":0.05},{""copyright"":""hades_(series)"",""co_posts"":2,""character_coverage"":0.033333},{""copyright"":""hades_1"",""co_posts"":2,""character_coverage"":0.033333},{""copyright"":""the_great_ace_attorney"",""co_posts"":2,""character_coverage"":0.033333}]","","","PENDING",""
"I70-029609","future_princess","4","Character","65","","","","","未来姫(ガーディアンテイルズ)","","[{""copyright"":""guardian_tales"",""co_posts"":58,""character_coverage"":1.0},{""copyright"":""alice's_adventures_in_wonderland"",""co_posts"":2,""character_coverage"":0.034483},{""copyright"":""last_origin"",""co_posts"":2,""character_coverage"":0.034483},{""copyright"":""original"",""co_posts"":1,""character_coverage"":0.017241}]","","","PENDING",""
"I70-029610","gawain_(code_geass)","4","Character","65","","","","","ガウェイン（コードギアズ）","","[{""copyright"":""code_geass"",""co_posts"":64,""character_coverage"":0.984615},{""copyright"":""code_geass:_lost_stories"",""co_posts"":23,""character_coverage"":0.353846},{""copyright"":""eureka_seven"",""co_posts"":4,""character_coverage"":0.061538},{""copyright"":""eureka_seven_(series)"",""co_posts"":4,""character_coverage"":0.061538},{""copyright"":""gundam"",""co_posts"":4,""character_coverage"":0.061538}]","","","PENDING",""
"I70-029611","gekkogahara_miaya","4","Character","65","gekkougahara_miaya","gekkougahara miaya","","","月光ヶ原美彩","","[{""copyright"":""danganronpa_(series)"",""co_posts"":65,""character_coverage"":1.0},{""copyright"":""danganronpa_3_(anime)"",""co_posts"":64,""character_coverage"":0.984615},{""copyright"":""danganronpa:_trigger_happy_havoc"",""co_posts"":7,""character_coverage"":0.107692},{""copyright"":""danganronpa_another_episode:_ultra_despair_girls"",""co_posts"":7,""character_coverage"":0.107692},{""copyright"":""danganronpa_2:_goodbye_despair"",""co_posts"":6,""character_coverage"":0.092308}]","","","PENDING",""
"I70-029612","gentildonna_(casual)_(umamusume)","4","Character","65","","","","","","","[{""copyright"":""umamusume"",""co_posts"":63,""character_coverage"":1.0},{""copyright"":""dragon_ball"",""co_posts"":1,""character_coverage"":0.015873},{""copyright"":""dragon_ball_z"",""co_posts"":1,""character_coverage"":0.015873},{""copyright"":""invincible_(series)"",""co_posts"":1,""character_coverage"":0.015873},{""copyright"":""metal_gear_(series)"",""co_posts"":1,""character_coverage"":0.015873}]","","","PENDING",""
"I70-029613","ginny_(one_piece)","4","Character","65","","","","","ジニー(ONEPIECE)","","[{""copyright"":""one_piece"",""co_posts"":62,""character_coverage"":1.0},{""copyright"":""one_piece:_stampede"",""co_posts"":1,""character_coverage"":0.016129},{""copyright"":""one_piece_card_game"",""co_posts"":1,""character_coverage"":0.016129},{""copyright"":""one_piece_film:_gold"",""co_posts"":1,""character_coverage"":0.016129}]","","","PENDING",""
"I70-029614","grandma_(cookie_clicker)","4","Character","65","","","","","クッキーババア","","[{""copyright"":""cookie_clicker"",""co_posts"":60,""character_coverage"":1.0},{""copyright"":""kantai_collection"",""co_posts"":26,""character_coverage"":0.433333},{""copyright"":""idolmaster"",""co_posts"":3,""character_coverage"":0.05},{""copyright"":""idolmaster_cinderella_girls"",""co_posts"":3,""character_coverage"":0.05},{""copyright"":""jojo_no_kimyou_na_bouken"",""co_posts"":3,""character_coverage"":0.05}]","","","PENDING",""
"I70-029615","grim_(grim_adventures)","4","Character","65","","","","","グリム（厳しい冒険）","","[{""copyright"":""the_grim_adventures_of_billy_&_mandy"",""co_posts"":50,""character_coverage"":1.0},{""copyright"":""powerpuff_girls"",""co_posts"":14,""character_coverage"":0.28},{""copyright"":""samurai_jack"",""co_posts"":10,""character_coverage"":0.2},{""copyright"":""foster's_home_for_imaginary_friends"",""co_posts"":9,""character_coverage"":0.18},{""copyright"":""cartoon_network"",""co_posts"":8,""character_coverage"":0.16}]","","","PENDING",""
"I70-029616","gu_xun_er_(doupo_cangqiong)","4","Character","65","","","","","古薰儿","","[{""copyright"":""doupo_cangqiong"",""co_posts"":62,""character_coverage"":1.0}]","","","PENDING",""
"I70-029617","guichen_(azur_lane)","4","Character","65","","","","","ギシャン(アズールレーン)","","[{""copyright"":""azur_lane"",""co_posts"":61,""character_coverage"":1.0},{""copyright"":""azur_lane:_slow_ahead"",""co_posts"":12,""character_coverage"":0.196721}]","","","PENDING",""
"I70-029618","gyaru_kawaii_puniru","4","Character","65","","","","","ギャルぷにる","","[{""copyright"":""puniru_wa_kawaii_slime"",""co_posts"":65,""character_coverage"":1.0},{""copyright"":""puyopuyo"",""co_posts"":7,""character_coverage"":0.107692},{""copyright"":""puyopuyo_quest"",""co_posts"":7,""character_coverage"":0.107692},{""copyright"":""irasutoya"",""co_posts"":1,""character_coverage"":0.015385}]","","","PENDING",""
"I70-029619","halluel_(granblue_fantasy)","4","Character","65","harut_(granblue_fantasy)","harut (granblue fantasy)","","","ハールート","","[{""copyright"":""granblue_fantasy"",""co_posts"":63,""character_coverage"":1.0},{""copyright"":""shingeki_no_bahamut"",""co_posts"":2,""character_coverage"":0.031746},{""copyright"":""cygames"",""co_posts"":1,""character_coverage"":0.015873}]","","","PENDING",""
"I70-029620","ham_na-bi","4","Character","65","","","","","ハムna-bi","","[{""copyright"":""bural_chingu"",""co_posts"":65,""character_coverage"":1.0},{""copyright"":""original"",""co_posts"":29,""character_coverage"":0.446154},{""copyright"":""ore_no_imouto_ga_konna_ni_kawaii_wake_ga_nai"",""co_posts"":2,""character_coverage"":0.030769},{""copyright"":""kaguya-sama_wa_kokurasetai_~tensai-tachi_no_renai_zunousen~"",""co_posts"":1,""character_coverage"":0.015385},{""copyright"":""suicide_boy"",""co_posts"":1,""character_coverage"":0.015385}]","","","PENDING",""
"I70-029621","hambrabi","4","Character","65","","","","","RX-139ハンブラビ","","[{""copyright"":""gundam"",""co_posts"":61,""character_coverage"":1.0},{""copyright"":""zeta_gundam"",""co_posts"":54,""character_coverage"":0.885246},{""copyright"":""original"",""co_posts"":8,""character_coverage"":0.131148},{""copyright"":""gundam_gquuuuuux"",""co_posts"":7,""character_coverage"":0.114754},{""copyright"":""gundam_perfect_file"",""co_posts"":6,""character_coverage"":0.098361}]","","","PENDING",""
"I70-029622","hanamiya_nagisa","4","Character","65","","","","","華宮凪沙","","[{""copyright"":""ushinawareta_mirai_wo_motomete"",""co_posts"":61,""character_coverage"":1.0},{""copyright"":""megami_magazine"",""co_posts"":1,""character_coverage"":0.016393},{""copyright"":""nyantype"",""co_posts"":1,""character_coverage"":0.016393}]","","","PENDING",""
"I70-029623","hanazono_kirara","4","Character","65","","","","","花園きらら","","[{""copyright"":""aikatsu!_(series)"",""co_posts"":58,""character_coverage"":1.0},{""copyright"":""aikatsu_stars!"",""co_posts"":58,""character_coverage"":1.0},{""copyright"":""aikatsu!"",""co_posts"":5,""character_coverage"":0.086207},{""copyright"":""aikatsu_on_parade!"",""co_posts"":2,""character_coverage"":0.034483},{""copyright"":""idolmaster"",""co_posts"":2,""character_coverage"":0.034483}]","","","PENDING",""
"I70-029624","hansel_(black_lagoon)","4","Character","65","","","","","ヘンセル（ブラックラグーン）","","[{""copyright"":""black_lagoon"",""co_posts"":57,""character_coverage"":1.0},{""copyright"":""animal_crossing"",""co_posts"":2,""character_coverage"":0.035088},{""copyright"":""berserk"",""co_posts"":2,""character_coverage"":0.035088},{""copyright"":""winnie_the_pooh"",""co_posts"":2,""character_coverage"":0.035088},{""copyright"":""akira_(manga)"",""co_posts"":1,""character_coverage"":0.017544}]","","","PENDING",""
"I70-029625","hatsune_miku_(vocaloid4)_(chinese)","4","Character","65","","","","","Hatsune Miku（Vocaloid4）（中国語）","","[{""copyright"":""vocaloid"",""co_posts"":61,""character_coverage"":1.0},{""copyright"":""piapro_studio"",""co_posts"":18,""character_coverage"":0.295082},{""copyright"":""hatsune_miku_happy_16th_birthday_-dear_creators-"",""co_posts"":6,""character_coverage"":0.098361},{""copyright"":""magical_mirai_(vocaloid)"",""co_posts"":5,""character_coverage"":0.081967},{""copyright"":""miku_symphony_(vocaloid)"",""co_posts"":5,""character_coverage"":0.081967}]","","","PENDING",""
"I70-029626","heather_(fire_emblem)","4","Character","65","","","","","ヘザー","","[{""copyright"":""fire_emblem"",""co_posts"":57,""character_coverage"":1.0},{""copyright"":""fire_emblem:_radiant_dawn"",""co_posts"":57,""character_coverage"":1.0},{""copyright"":""fire_emblem_heroes"",""co_posts"":13,""character_coverage"":0.22807},{""copyright"":""fire_emblem:_path_of_radiance"",""co_posts"":6,""character_coverage"":0.105263},{""copyright"":""fire_emblem_fates"",""co_posts"":6,""character_coverage"":0.105263}]","","","PENDING",""
"I70-029627","higuchi_kaede_(casual)","4","Character","65","higuchi_kaede_(2nd_costume)","higuchi kaede (2nd costume)","","","樋口楓(私服)","","[{""copyright"":""nijisanji"",""co_posts"":64,""character_coverage"":1.0},{""copyright"":""ring_fit_adventure"",""co_posts"":3,""character_coverage"":0.046875},{""copyright"":""oishinbo"",""co_posts"":2,""character_coverage"":0.03125},{""copyright"":""pokemon"",""co_posts"":2,""character_coverage"":0.03125},{""copyright"":""aoi_ch."",""co_posts"":1,""character_coverage"":0.015625}]","","","PENDING",""
"I70-029628","hiiragi_anri","4","Character","65","","","","","柊杏璃","","[{""copyright"":""happiness!"",""co_posts"":58,""character_coverage"":1.0},{""copyright"":""canvas_(cocktail_soft)"",""co_posts"":1,""character_coverage"":0.017241},{""copyright"":""canvas_2"",""co_posts"":1,""character_coverage"":0.017241},{""copyright"":""comp_h's"",""co_posts"":1,""character_coverage"":0.017241},{""copyright"":""megami_magazine"",""co_posts"":1,""character_coverage"":0.017241}]","","","PENDING",""
"I70-029629","hijikata_(senran_kagura)","4","Character","65","","","","","土方(閃乱カグラ)","","[{""copyright"":""senran_kagura"",""co_posts"":63,""character_coverage"":1.0},{""copyright"":""senran_kagura_new_wave"",""co_posts"":63,""character_coverage"":1.0}]","","","PENDING",""
"I70-029630","himoo_yuina","4","Character","65","","","","","紐緒結奈","","[{""copyright"":""tokimeki_memorial"",""co_posts"":59,""character_coverage"":1.0},{""copyright"":""tokimeki_memorial_1"",""co_posts"":56,""character_coverage"":0.949153},{""copyright"":""konami"",""co_posts"":4,""character_coverage"":0.067797},{""copyright"":""tokimeki_memorial_2"",""co_posts"":2,""character_coverage"":0.033898},{""copyright"":""dirty_pair"",""co_posts"":1,""character_coverage"":0.016949}]","","","PENDING",""
"I70-029631","honami_hisame","4","Character","65","","","","","穂波氷雨","","[{""copyright"":""shoujo_kageki_revue_starlight"",""co_posts"":63,""character_coverage"":1.0},{""copyright"":""shoujo_kageki_revue_starlight_-re_live-"",""co_posts"":12,""character_coverage"":0.190476},{""copyright"":""romance_of_the_three_kingdoms"",""co_posts"":2,""character_coverage"":0.031746},{""copyright"":""andersen's_fairy_tales"",""co_posts"":1,""character_coverage"":0.015873},{""copyright"":""snow_white_(fairy_tale)"",""co_posts"":1,""character_coverage"":0.015873}]","","","PENDING",""
"I70-029632","hotsuin_miyako","4","Character","65","","","","","峰津院都","","[{""copyright"":""devil_survivor_(series)"",""co_posts"":38,""character_coverage"":1.0},{""copyright"":""devil_survivor_2"",""co_posts"":38,""character_coverage"":1.0},{""copyright"":""megami_tensei"",""co_posts"":5,""character_coverage"":0.131579},{""copyright"":""valkyrie_drive"",""co_posts"":1,""character_coverage"":0.026316},{""copyright"":""valkyrie_drive_-mermaid-"",""co_posts"":1,""character_coverage"":0.026316}]","","","PENDING",""
"I70-029633","hourai_orihime","4","Character","65","","","","","蓬莱織姫","","[{""copyright"":""fuuki_iinchou_seira"",""co_posts"":37,""character_coverage"":1.0}]","","","PENDING",""
"I70-029634","houtsuin_yamato","4","Character","65","","","","","峰津院大和","","[{""copyright"":""devil_survivor_(series)"",""co_posts"":35,""character_coverage"":1.0},{""copyright"":""devil_survivor_2"",""co_posts"":35,""character_coverage"":1.0},{""copyright"":""megami_tensei"",""co_posts"":11,""character_coverage"":0.314286},{""copyright"":""atlus"",""co_posts"":2,""character_coverage"":0.057143},{""copyright"":""persona"",""co_posts"":1,""character_coverage"":0.028571}]","","","PENDING",""
"I70-029635","howa_kurea_(civilian)","4","Character","65","","","","","帆羽くれあ","","[]","","","PENDING",""
"I70-029636","howler_(owler)","4","Character","65","","","","","ハウラー（Owler）","","[{""copyright"":""original"",""co_posts"":54,""character_coverage"":1.0},{""copyright"":""kangoku_senkan"",""co_posts"":2,""character_coverage"":0.037037},{""copyright"":""avatar_legends"",""co_posts"":1,""character_coverage"":0.018519},{""copyright"":""bunny_and_fox_world"",""co_posts"":1,""character_coverage"":0.018519},{""copyright"":""gantz"",""co_posts"":1,""character_coverage"":0.018519}]","","","PENDING",""
"I70-029637","hraesvelgr_(fire_emblem)","4","Character","65","","","","","フレスベルグ","","[{""copyright"":""fire_emblem"",""co_posts"":61,""character_coverage"":1.0},{""copyright"":""fire_emblem_heroes"",""co_posts"":61,""character_coverage"":1.0},{""copyright"":""fire_emblem:_the_sacred_stones"",""co_posts"":5,""character_coverage"":0.081967},{""copyright"":""fire_emblem_fates"",""co_posts"":5,""character_coverage"":0.081967},{""copyright"":""fire_emblem:_three_houses"",""co_posts"":3,""character_coverage"":0.04918}]","","","PENDING",""
"I70-029638","huacaya_alpaca_(kemono_friends)","4","Character","65","alpaca_huacaya_(kemono_friends)","alpaca huacaya (kemono friends)","","","アルパカ・ワカイヤ(けものフレンズ)","","[]","","","PENDING",""
"I70-029639","hypnos_(hades)","4","Character","65","","","","","Hypnos（Hades）","","[{""copyright"":""hades_(series)"",""co_posts"":65,""character_coverage"":1.0},{""copyright"":""hades_1"",""co_posts"":55,""character_coverage"":0.846154},{""copyright"":""hades_2"",""co_posts"":10,""character_coverage"":0.153846},{""copyright"":""animal_crossing"",""co_posts"":1,""character_coverage"":0.015385},{""copyright"":""di_gi_charat"",""co_posts"":1,""character_coverage"":0.015385}]","","","PENDING",""
"I70-029640","interdimensional_magolor","4","Character","65","","","","","異空のマホロア","","[{""copyright"":""kirby_(series)"",""co_posts"":63,""character_coverage"":1.0},{""copyright"":""kirby's_return_to_dream_land_deluxe"",""co_posts"":62,""character_coverage"":0.984127},{""copyright"":""magolor_epilogue"",""co_posts"":62,""character_coverage"":0.984127},{""copyright"":""kirby's_return_to_dream_land"",""co_posts"":17,""character_coverage"":0.269841},{""copyright"":""kirby's_dream_land_2"",""co_posts"":4,""character_coverage"":0.063492}]","","","PENDING",""
"I70-029641","isei_(iyowa)","4","Character","65","","","","","異星ちゃん","","[{""copyright"":""isei_ni_ikou_ne_(cevio)"",""co_posts"":63,""character_coverage"":1.0},{""copyright"":""iyowa_girls"",""co_posts"":63,""character_coverage"":1.0},{""copyright"":""cevio"",""co_posts"":31,""character_coverage"":0.492063},{""copyright"":""chikyuu_no_ura_(cevio)"",""co_posts"":12,""character_coverage"":0.190476},{""copyright"":""vocaloid"",""co_posts"":8,""character_coverage"":0.126984}]","","","PENDING",""
"I70-029642","ishigami_nozomi_(2nd_costume)","4","Character","65","","","","","","","[{""copyright"":""nijisanji"",""co_posts"":60,""character_coverage"":1.0},{""copyright"":""little_nightmares"",""co_posts"":1,""character_coverage"":0.016667},{""copyright"":""pokemon"",""co_posts"":1,""character_coverage"":0.016667}]","","","PENDING",""
"I70-029643","itou_chitose","4","Character","65","","","","","伊東ちとせ","","[{""copyright"":""iya_na_kao_sare_nagara_opantsu_misete_moraitai"",""co_posts"":62,""character_coverage"":1.0},{""copyright"":""iya_na_kao_sare_nagara_opantsu_misete_moraitai_yo_wa_pantsu_ga_mitai_zo"",""co_posts"":9,""character_coverage"":0.145161},{""copyright"":""original"",""co_posts"":4,""character_coverage"":0.064516},{""copyright"":""fate/grand_order"",""co_posts"":1,""character_coverage"":0.016129},{""copyright"":""fate_(series)"",""co_posts"":1,""character_coverage"":0.016129}]","","","PENDING",""
"I70-029644","itsumi_erika's_loader","4","Character","65","","","","","エリカ車装填手","","[{""copyright"":""girls_und_panzer"",""co_posts"":63,""character_coverage"":1.0},{""copyright"":""girls_und_panzer_motto_love_love_sakusen_desu!"",""co_posts"":3,""character_coverage"":0.047619},{""copyright"":""girls_und_panzer_saishuushou"",""co_posts"":2,""character_coverage"":0.031746},{""copyright"":""arika"",""co_posts"":1,""character_coverage"":0.015873},{""copyright"":""girls_und_panzer_phase_erika"",""co_posts"":1,""character_coverage"":0.015873}]","","","PENDING",""
"I70-029645","jack_the_ripper_(fate/strange_fake)","4","Character","65","jack_the_ripper_(berserker)_(fate)","jack the ripper (berserker) (fate)","","","バーサーカー(strangefake)","","[{""copyright"":""fate_(series)"",""co_posts"":64,""character_coverage"":1.0},{""copyright"":""fate/strange_fake"",""co_posts"":62,""character_coverage"":0.96875},{""copyright"":""fate/grand_order"",""co_posts"":9,""character_coverage"":0.140625},{""copyright"":""fate/apocrypha"",""co_posts"":8,""character_coverage"":0.125},{""copyright"":""lord_el-melloi_ii_case_files"",""co_posts"":1,""character_coverage"":0.015625}]","","","PENDING",""
"I70-029646","jin_(avatar)","4","Character","65","","","","","アン(アバター伝説の少年アン)","","[{""copyright"":""avatar:_the_last_airbender"",""co_posts"":50,""character_coverage"":1.0},{""copyright"":""avatar_legends"",""co_posts"":50,""character_coverage"":1.0},{""copyright"":""the_legend_of_korra"",""co_posts"":5,""character_coverage"":0.1},{""copyright"":""samurai_champloo"",""co_posts"":3,""character_coverage"":0.06},{""copyright"":""tangled"",""co_posts"":3,""character_coverage"":0.06}]","","","PENDING",""
"I70-029647","jose_carioca","4","Character","65","","","","","ホセ・キャリオカ","","[{""copyright"":""mickey_mouse_&_friends"",""co_posts"":56,""character_coverage"":1.0},{""copyright"":""the_three_caballeros"",""co_posts"":56,""character_coverage"":1.0},{""copyright"":""disney"",""co_posts"":8,""character_coverage"":0.142857},{""copyright"":""pokemon"",""co_posts"":4,""character_coverage"":0.071429},{""copyright"":""vocaloid"",""co_posts"":4,""character_coverage"":0.071429}]","","","PENDING",""
"I70-029648","jubjub_(black_souls)","4","Character","65","","","","","狂鳥ジャブジャブ","","[{""copyright"":""black_souls"",""co_posts"":55,""character_coverage"":1.0},{""copyright"":""black_souls_2"",""co_posts"":46,""character_coverage"":0.836364},{""copyright"":""project_moon"",""co_posts"":2,""character_coverage"":0.036364},{""copyright"":""arknights"",""co_posts"":1,""character_coverage"":0.018182},{""copyright"":""arknights:_endfield"",""co_posts"":1,""character_coverage"":0.018182}]","","","PENDING",""
"I70-029649","juna_unagi","4","Character","65","","","","","","","[{""copyright"":""chromashift"",""co_posts"":42,""character_coverage"":0.763636},{""copyright"":""indie_virtual_youtuber"",""co_posts"":14,""character_coverage"":0.254545},{""copyright"":""pokemon"",""co_posts"":3,""character_coverage"":0.054545},{""copyright"":""the_birth_of_venus"",""co_posts"":3,""character_coverage"":0.054545},{""copyright"":""phase_connect"",""co_posts"":1,""character_coverage"":0.018182}]","","","PENDING",""
"I70-029650","k/da_all_out_seraphine_superstar","4","Character","65","","","","","","","[{""copyright"":""league_of_legends"",""co_posts"":56,""character_coverage"":1.0},{""copyright"":""hololive"",""co_posts"":2,""character_coverage"":0.035714},{""copyright"":""hololive_english"",""co_posts"":2,""character_coverage"":0.035714},{""copyright"":""naruto_(series)"",""co_posts"":1,""character_coverage"":0.017857},{""copyright"":""one-punch_man"",""co_posts"":1,""character_coverage"":0.017857}]","","","PENDING",""
"I70-029651","k_k_(deltarune)","4","Character","65","","","","","","","[{""copyright"":""deltarune"",""co_posts"":62,""character_coverage"":1.0},{""copyright"":""utdr_(toby_fox)"",""co_posts"":62,""character_coverage"":1.0},{""copyright"":""undertale"",""co_posts"":3,""character_coverage"":0.048387},{""copyright"":""naruto_(series)"",""co_posts"":2,""character_coverage"":0.032258},{""copyright"":""naruto_shippuuden"",""co_posts"":2,""character_coverage"":0.032258}]","","","PENDING",""
"I70-029652","kaga_(warship_girls_r)","4","Character","65","","","","","加贺","","[{""copyright"":""warship_girls_r"",""co_posts"":63,""character_coverage"":1.0},{""copyright"":""kantai_collection"",""co_posts"":2,""character_coverage"":0.031746},{""copyright"":""world_of_warships"",""co_posts"":2,""character_coverage"":0.031746},{""copyright"":""bokura_wa_ima_no_naka_de"",""co_posts"":1,""character_coverage"":0.015873},{""copyright"":""future_gpx_cyber_formula"",""co_posts"":1,""character_coverage"":0.015873}]","","","PENDING",""
"I70-029653","kanadate_ruri","4","Character","65","","","","","金建ルリ","","[{""copyright"":""original"",""co_posts"":58,""character_coverage"":1.0}]","","","PENDING",""
"I70-029654","kanna_(eleazarmikai)","4","Character","65","","","","","","","[{""copyright"":""original"",""co_posts"":65,""character_coverage"":1.0},{""copyright"":""7-eleven"",""co_posts"":1,""character_coverage"":0.015385},{""copyright"":""blue_archive"",""co_posts"":1,""character_coverage"":0.015385},{""copyright"":""coca-cola"",""co_posts"":1,""character_coverage"":0.015385},{""copyright"":""kfc"",""co_posts"":1,""character_coverage"":0.015385}]","","","PENDING",""
"I70-029655","karva_(granblue_fantasy)","4","Character","65","karuba_(granblue_fantasy)","karuba (granblue fantasy)","","","カルバ","","[{""copyright"":""granblue_fantasy"",""co_posts"":63,""character_coverage"":1.0},{""copyright"":""shingeki_no_bahamut"",""co_posts"":24,""character_coverage"":0.380952},{""copyright"":""cygames"",""co_posts"":1,""character_coverage"":0.015873},{""copyright"":""idolmaster"",""co_posts"":1,""character_coverage"":0.015873},{""copyright"":""idolmaster_side-m"",""co_posts"":1,""character_coverage"":0.015873}]","","","PENDING",""
"I70-029656","kayo_(watamote)","4","Character","65","","","","","カヨ（ワタモート）","","[{""copyright"":""watashi_ga_motenai_no_wa_dou_kangaetemo_omaera_ga_warui!"",""co_posts"":62,""character_coverage"":1.0},{""copyright"":""snow_white_(fairy_tale)"",""co_posts"":2,""character_coverage"":0.032258},{""copyright"":""chiba_lotte_marines"",""co_posts"":1,""character_coverage"":0.016129},{""copyright"":""witch_craft_works"",""co_posts"":1,""character_coverage"":0.016129}]","","","PENDING",""
"I70-029657","keith_shadis","4","Character","65","","","","","キースシェーディス","","[{""copyright"":""shingeki_no_kyojin"",""co_posts"":60,""character_coverage"":0.983607},{""copyright"":""perfume_(band)"",""co_posts"":6,""character_coverage"":0.098361},{""copyright"":""jojo_no_kimyou_na_bouken"",""co_posts"":4,""character_coverage"":0.065574},{""copyright"":""bocchi_the_rock!"",""co_posts"":3,""character_coverage"":0.04918},{""copyright"":""anpanman"",""co_posts"":2,""character_coverage"":0.032787}]","","","PENDING",""
"I70-029658","kiana_kaslana_(winter_princess)","4","Character","65","","","","","","","[{""copyright"":""honkai_(series)"",""co_posts"":61,""character_coverage"":1.0},{""copyright"":""honkai_impact_3rd"",""co_posts"":61,""character_coverage"":1.0},{""copyright"":""honkai:_star_rail"",""co_posts"":2,""character_coverage"":0.032787},{""copyright"":""honkai_gakuen"",""co_posts"":1,""character_coverage"":0.016393}]","","","PENDING",""
"I70-029659","kidd_coega","4","Character","65","","","","","キッド・コーガ","","[{""copyright"":""tengen_toppa_gurren_lagann"",""co_posts"":61,""character_coverage"":1.0},{""copyright"":""tengen_toppa_gurren_lagann:_lagann-hen"",""co_posts"":5,""character_coverage"":0.081967},{""copyright"":""neon_genesis_evangelion"",""co_posts"":2,""character_coverage"":0.032787},{""copyright"":""top_wo_nerae!_(series)"",""co_posts"":2,""character_coverage"":0.032787},{""copyright"":""top_wo_nerae_2!"",""co_posts"":2,""character_coverage"":0.032787}]","","","PENDING",""
"I70-029660","kido_shinji","4","Character","65","","","","","城戸真司","","[{""copyright"":""kamen_rider"",""co_posts"":56,""character_coverage"":1.0},{""copyright"":""kamen_rider_ryuki_(series)"",""co_posts"":56,""character_coverage"":1.0},{""copyright"":""kamen_rider_555"",""co_posts"":10,""character_coverage"":0.178571},{""copyright"":""kamen_rider_blade_(series)"",""co_posts"":10,""character_coverage"":0.178571},{""copyright"":""kamen_rider_agito_(series)"",""co_posts"":6,""character_coverage"":0.107143}]","","","PENDING",""
"I70-029661","kimiyoshi_natsumi","4","Character","65","","","","","公由夏美","","[{""copyright"":""higurashi_no_naku_koro_ni"",""co_posts"":63,""character_coverage"":1.0},{""copyright"":""higurashi_no_naku_koro_ni_mei"",""co_posts"":19,""character_coverage"":0.301587},{""copyright"":""idolmaster"",""co_posts"":1,""character_coverage"":0.015873},{""copyright"":""idolmaster_(classic)"",""co_posts"":1,""character_coverage"":0.015873},{""copyright"":""idolmaster_dearly_stars"",""co_posts"":1,""character_coverage"":0.015873}]","","","PENDING",""
"I70-029662","king_kittan","4","Character","65","","","","","キッタン","","[{""copyright"":""tengen_toppa_gurren_lagann"",""co_posts"":60,""character_coverage"":1.0},{""copyright"":""gainax"",""co_posts"":2,""character_coverage"":0.033333},{""copyright"":""panty_&_stocking_with_garterbelt"",""co_posts"":2,""character_coverage"":0.033333},{""copyright"":""yuusha_ou_gaogaigar"",""co_posts"":2,""character_coverage"":0.033333},{""copyright"":""yuusha_series"",""co_posts"":2,""character_coverage"":0.033333}]","","","PENDING",""
"I70-029663","kinoshita_kaede","4","Character","65","","","","","木下カエデ","","[{""copyright"":""tenshi_souzou_re-boot!"",""co_posts"":60,""character_coverage"":0.983607},{""copyright"":""yuzusoft"",""co_posts"":3,""character_coverage"":0.04918},{""copyright"":""sanoba_witch"",""co_posts"":2,""character_coverage"":0.032787},{""copyright"":""ai_scream!_(love_live!)"",""co_posts"":1,""character_coverage"":0.016393},{""copyright"":""amairo_islenauts"",""co_posts"":1,""character_coverage"":0.016393}]","","","PENDING",""
"I70-029664","kisaki_(christmas_dress)_(blue_archive)","4","Character","65","","","","","","","[]","","","PENDING",""
"I70-029665","kitayama_shizuku","4","Character","65","","","","","北山雫","","[{""copyright"":""mahouka_koukou_no_rettousei"",""co_posts"":53,""character_coverage"":1.0},{""copyright"":""divine_gate"",""co_posts"":2,""character_coverage"":0.037736},{""copyright"":""toji_no_miko"",""co_posts"":2,""character_coverage"":0.037736},{""copyright"":""toji_no_miko:_kizamishi_issen_no_tomoshibi"",""co_posts"":2,""character_coverage"":0.037736},{""copyright"":""crash_fever"",""co_posts"":1,""character_coverage"":0.018868}]","","","PENDING",""
"I70-029666","kord_(girls'_frontline)","4","Character","65","kord_(girls_frontline)","kord (girls frontline)","","","Kord(ドールズフロントライン)","","[{""copyright"":""girls'_frontline"",""co_posts"":62,""character_coverage"":0.984127},{""copyright"":""original"",""co_posts"":4,""character_coverage"":0.063492},{""copyright"":""metal_gear_(series)"",""co_posts"":2,""character_coverage"":0.031746},{""copyright"":""team_fortress_2"",""co_posts"":1,""character_coverage"":0.015873}]","","","PENDING",""
"I70-029667","kotohira_nagi","4","Character","65","","","","","琴平凪","","[{""copyright"":""bang_dream!"",""co_posts"":50,""character_coverage"":1.0},{""copyright"":""bang_dream!_our_notes"",""co_posts"":50,""character_coverage"":1.0},{""copyright"":""alice_gear_aegis"",""co_posts"":3,""character_coverage"":0.06},{""copyright"":""bang_dream!_it's_mygo!!!!!"",""co_posts"":3,""character_coverage"":0.06},{""copyright"":""princess_connect!"",""co_posts"":3,""character_coverage"":0.06}]","","","PENDING",""
"I70-029668","koucha_shinshi","4","Character","65","tea_gentleman","tea gentleman","","","紅茶紳士","","[{""copyright"":""higanbana_no_saku_yoru_ni"",""co_posts"":64,""character_coverage"":1.0},{""copyright"":""kantai_collection"",""co_posts"":1,""character_coverage"":0.015625},{""copyright"":""little_red_riding_hood_(fairy_tale)"",""co_posts"":1,""character_coverage"":0.015625}]","","","PENDING",""
"I70-029669","kumiromi_of_harvest","4","Character","65","","","","","収穫のクミロミ","","[{""copyright"":""elona"",""co_posts"":64,""character_coverage"":1.0},{""copyright"":""my_melody_(series)"",""co_posts"":1,""character_coverage"":0.015625},{""copyright"":""sanrio"",""co_posts"":1,""character_coverage"":0.015625}]","","","PENDING",""
"I70-029670","kunitomi_ryouka","4","Character","65","","","","","國富菱夏","","[{""copyright"":""original"",""co_posts"":63,""character_coverage"":1.0},{""copyright"":""comiket_102"",""co_posts"":1,""character_coverage"":0.015873},{""copyright"":""comiket_104"",""co_posts"":1,""character_coverage"":0.015873},{""copyright"":""comiket_105"",""co_posts"":1,""character_coverage"":0.015873},{""copyright"":""disneyland"",""co_posts"":1,""character_coverage"":0.015873}]","","","PENDING",""
"I70-029671","kurona_(neko_musume_michikusa_nikki)","4","Character","65","","","","","黒菜","","[{""copyright"":""neko_musume_michikusa_nikki"",""co_posts"":64,""character_coverage"":1.0},{""copyright"":""monster_musume_no_iru_nichijou"",""co_posts"":3,""character_coverage"":0.046875},{""copyright"":""street_fighter"",""co_posts"":3,""character_coverage"":0.046875},{""copyright"":""hitomi_sensei_no_hokenshitsu"",""co_posts"":1,""character_coverage"":0.015625}]","","","PENDING",""
"I70-029672","kurosaki_makoto","4","Character","65","","","","","黒裂真命","","[{""copyright"":""inazuma_eleven_(series)"",""co_posts"":64,""character_coverage"":1.0},{""copyright"":""inazuma_eleven_go"",""co_posts"":64,""character_coverage"":1.0},{""copyright"":""inazuma_eleven_go_galaxy"",""co_posts"":15,""character_coverage"":0.234375},{""copyright"":""inazuma_eleven_go_chrono_stone"",""co_posts"":6,""character_coverage"":0.09375},{""copyright"":""inazuma_eleven"",""co_posts"":4,""character_coverage"":0.0625}]","","","PENDING",""
"I70-029673","kurosu_owari","4","Character","65","","","","","黒須おわり","","[{""copyright"":""kokoro_iroduku_koi_ga_shitai"",""co_posts"":65,""character_coverage"":1.0}]","","","PENDING",""
"I70-029674","kuze_kiriha","4","Character","65","","","","","紅瀬桐葉","","[{""copyright"":""fortune_arterial"",""co_posts"":60,""character_coverage"":1.0},{""copyright"":""comptiq"",""co_posts"":2,""character_coverage"":0.033333},{""copyright"":""megami_magazine"",""co_posts"":1,""character_coverage"":0.016667},{""copyright"":""newtype"",""co_posts"":1,""character_coverage"":0.016667},{""copyright"":""yoake_mae_yori_ruri_iro_na"",""co_posts"":1,""character_coverage"":0.016667}]","","","PENDING",""
"I70-029675","lapis_(forager_of_the_sea)_(fire_emblem)","4","Character","65","","","","","","","[{""copyright"":""fire_emblem"",""co_posts"":58,""character_coverage"":1.0},{""copyright"":""fire_emblem_engage"",""co_posts"":58,""character_coverage"":1.0},{""copyright"":""fire_emblem_heroes"",""co_posts"":58,""character_coverage"":1.0}]","","","PENDING",""
"I70-029676","ledo_vassar","4","Character","65","","","","","レド・ヴァッサー","","[{""copyright"":""pop-up_story"",""co_posts"":65,""character_coverage"":1.0},{""copyright"":""mikakunin_de_shinkoukei"",""co_posts"":1,""character_coverage"":0.015385},{""copyright"":""poptepipic"",""co_posts"":1,""character_coverage"":0.015385}]","","","PENDING",""
"I70-029677","lewis_(girls'_frontline_2)","4","Character","65","","","","","ルイス(ドールズフロントライン2)","","[{""copyright"":""girls'_frontline"",""co_posts"":61,""character_coverage"":1.0},{""copyright"":""girls'_frontline_2:_exilium"",""co_posts"":61,""character_coverage"":1.0},{""copyright"":""girls'_frontline_neural_cloud"",""co_posts"":1,""character_coverage"":0.016393}]","","","PENDING",""
"I70-029678","lian_(pokemon)","4","Character","65","kikui_(pokemon)","kikui (pokemon)","","","キクイ","","[{""copyright"":""pokemon"",""co_posts"":62,""character_coverage"":1.0},{""copyright"":""pokemon_legends:_arceus"",""co_posts"":62,""character_coverage"":1.0},{""copyright"":""pokemon_scarlet_and_violet"",""co_posts"":3,""character_coverage"":0.048387},{""copyright"":""pokemon_tcg"",""co_posts"":3,""character_coverage"":0.048387},{""copyright"":""original"",""co_posts"":1,""character_coverage"":0.016129}]","","","PENDING",""
"I70-029679","lily_(nier:automata)","4","Character","65","lily_(nier_automata)","lily (nier automata)","","","リリィ(NieR)","","[{""copyright"":""nier:automata"",""co_posts"":45,""character_coverage"":1.0},{""copyright"":""nier_(series)"",""co_posts"":45,""character_coverage"":1.0},{""copyright"":""fate/grand_order"",""co_posts"":1,""character_coverage"":0.022222},{""copyright"":""fate_(series)"",""co_posts"":1,""character_coverage"":0.022222}]","","","PENDING",""
"I70-029680","lin_ling_(to_be_hero_x)","4","Character","65","","","","","リン・リン","","[{""copyright"":""to_be_hero_x"",""co_posts"":64,""character_coverage"":1.0},{""copyright"":""alice's_adventures_in_wonderland"",""co_posts"":1,""character_coverage"":0.015625}]","","","PENDING",""
"I70-029681","lotta_(girls'_frontline_2)","4","Character","65","","","","","ロッタ(ドールズフロントライン2)","","[{""copyright"":""girls'_frontline"",""co_posts"":64,""character_coverage"":1.0},{""copyright"":""girls'_frontline_2:_exilium"",""co_posts"":64,""character_coverage"":1.0},{""copyright"":""guilty_gear"",""co_posts"":1,""character_coverage"":0.015625},{""copyright"":""miside"",""co_posts"":1,""character_coverage"":0.015625}]","","","PENDING",""
"I70-029682","luan_loud","4","Character","65","","","","","ルアンラウド","","[{""copyright"":""the_loud_house"",""co_posts"":51,""character_coverage"":1.0},{""copyright"":""invincible_(series)"",""co_posts"":1,""character_coverage"":0.019608},{""copyright"":""newgrounds"",""co_posts"":1,""character_coverage"":0.019608},{""copyright"":""pixiv"",""co_posts"":1,""character_coverage"":0.019608},{""copyright"":""the_incredibles"",""co_posts"":1,""character_coverage"":0.019608}]","","","PENDING",""
"I70-029683","luchino_(identity_v)","4","Character","65","","","","","魔トカゲ","","[{""copyright"":""identity_v"",""co_posts"":60,""character_coverage"":1.0},{""copyright"":""animate_(company)"",""co_posts"":1,""character_coverage"":0.016667}]","","","PENDING",""
"I70-029684","lukas_(fire_emblem)","4","Character","65","","","","","ルーカス（火の紋章）","","[{""copyright"":""fire_emblem"",""co_posts"":62,""character_coverage"":1.0},{""copyright"":""fire_emblem_echoes:_shadows_of_valentia"",""co_posts"":60,""character_coverage"":0.967742},{""copyright"":""fire_emblem_heroes"",""co_posts"":22,""character_coverage"":0.354839},{""copyright"":""fire_emblem_gaiden"",""co_posts"":7,""character_coverage"":0.112903},{""copyright"":""fire_emblem_awakening"",""co_posts"":6,""character_coverage"":0.096774}]","","","PENDING",""
"I70-029685","lulu_(dokusen_yoku_ga_tsuyo_sugiru_yandere_kai_neko-chan)","4","Character","65","","","","","","","[{""copyright"":""dokusen_yoku_ga_tsuyo_sugiru_yandere_kai_neko-chan"",""co_posts"":58,""character_coverage"":1.0},{""copyright"":""original"",""co_posts"":2,""character_coverage"":0.034483}]","","","PENDING",""
"I70-029686","luluna_(pri_chan)","4","Character","65","","","","","ルルナ","","[{""copyright"":""kiratto_pri_chan"",""co_posts"":64,""character_coverage"":1.0},{""copyright"":""pretty_series"",""co_posts"":64,""character_coverage"":1.0},{""copyright"":""pripara"",""co_posts"":3,""character_coverage"":0.046875},{""copyright"":""bishoujo_senshi_sailor_moon"",""co_posts"":1,""character_coverage"":0.015625},{""copyright"":""idol_time_pripara"",""co_posts"":1,""character_coverage"":0.015625}]","","","PENDING",""
"I70-029687","maid_ane_(maoyuu)","4","Character","65","big_sister_maid_(maoyuu)","big sister maid (maoyuu)","","","メイド姉","","[{""copyright"":""maoyuu_maou_yuusha"",""co_posts"":58,""character_coverage"":1.0},{""copyright"":""newtype"",""co_posts"":2,""character_coverage"":0.034483},{""copyright"":""nyantype"",""co_posts"":2,""character_coverage"":0.034483},{""copyright"":""dengeki_g's"",""co_posts"":1,""character_coverage"":0.017241},{""copyright"":""doraemon"",""co_posts"":1,""character_coverage"":0.017241}]","","","PENDING",""
"I70-029688","manaka_nemu","4","Character","65","","","","","真中合歓","","[{""copyright"":""euphoria_(clockup)"",""co_posts"":61,""character_coverage"":1.0},{""copyright"":""bang_dream!"",""co_posts"":1,""character_coverage"":0.016393},{""copyright"":""bang_dream!_it's_mygo!!!!!"",""co_posts"":1,""character_coverage"":0.016393},{""copyright"":""caligula_(series)"",""co_posts"":1,""character_coverage"":0.016393},{""copyright"":""caligula_2"",""co_posts"":1,""character_coverage"":0.016393}]","","","PENDING",""
"I70-029689","margherita_(wuthering_waves)","4","Character","65","","","","","玛格烈特","","[{""copyright"":""wuthering_waves"",""co_posts"":65,""character_coverage"":1.0},{""copyright"":""pizza-la"",""co_posts"":2,""character_coverage"":0.030769},{""copyright"":""blank_room_soup"",""co_posts"":1,""character_coverage"":0.015385},{""copyright"":""cyberpunk:_edgerunners"",""co_posts"":1,""character_coverage"":0.015385},{""copyright"":""cyberpunk_(series)"",""co_posts"":1,""character_coverage"":0.015385}]","","","PENDING",""
"I70-029690","mari_(delightfully_fuckable_and_unrefined!!)","4","Character","65","","","","","マリ（楽しくて洗練されていない!!）","","[{""copyright"":""delightfully_fuckable_and_unrefined!!"",""co_posts"":56,""character_coverage"":0.933333},{""copyright"":""hooters"",""co_posts"":54,""character_coverage"":0.9},{""copyright"":""original"",""co_posts"":7,""character_coverage"":0.116667},{""copyright"":""little_red_riding_hood_(fairy_tale)"",""co_posts"":6,""character_coverage"":0.1},{""copyright"":""tenga"",""co_posts"":6,""character_coverage"":0.1}]","","","PENDING",""
"I70-029691","marina_(grand_festival)_(splatoon)","4","Character","65","","","","","","","[{""copyright"":""splatoon_(series)"",""co_posts"":64,""character_coverage"":1.0},{""copyright"":""splatoon_3"",""co_posts"":62,""character_coverage"":0.96875},{""copyright"":""splatoon_2"",""co_posts"":4,""character_coverage"":0.0625},{""copyright"":""splatoon_1"",""co_posts"":2,""character_coverage"":0.03125}]","","","PENDING",""
"I70-029692","mark_kruger","4","Character","65","mark_kluger","mark kluger","","","マーク・クルーガー","","[{""copyright"":""inazuma_eleven_(series)"",""co_posts"":65,""character_coverage"":1.0},{""copyright"":""inazuma_eleven"",""co_posts"":60,""character_coverage"":0.923077},{""copyright"":""inazuma_eleven_go"",""co_posts"":4,""character_coverage"":0.061538},{""copyright"":""idolmaster"",""co_posts"":1,""character_coverage"":0.015385},{""copyright"":""idolmaster_(classic)"",""co_posts"":1,""character_coverage"":0.015385}]","","","PENDING",""
"I70-029693","mega_latios","4","Character","65","","","","","メガラティオス","","[{""copyright"":""pokemon"",""co_posts"":55,""character_coverage"":1.0},{""copyright"":""pokemon_omega_ruby_and_alpha_sapphire"",""co_posts"":18,""character_coverage"":0.327273},{""copyright"":""pokemon_sun_and_moon"",""co_posts"":7,""character_coverage"":0.127273},{""copyright"":""pokemon_(anime)"",""co_posts"":5,""character_coverage"":0.090909},{""copyright"":""pokemon_x_and_y"",""co_posts"":4,""character_coverage"":0.072727}]","","","PENDING",""
"I70-029694","metal_gear_rex","4","Character","65","","","","","メタルギアREX","","[{""copyright"":""metal_gear_(series)"",""co_posts"":59,""character_coverage"":0.983333},{""copyright"":""metal_gear_solid"",""co_posts"":44,""character_coverage"":0.733333},{""copyright"":""metal_gear_solid_4:_guns_of_the_patriots"",""co_posts"":7,""character_coverage"":0.116667},{""copyright"":""gundam"",""co_posts"":6,""character_coverage"":0.1},{""copyright"":""touhou"",""co_posts"":5,""character_coverage"":0.083333}]","","","PENDING",""
"I70-029695","mey_mey_(precure)","4","Character","65","mey_mey_(wonderful_precure!),mehmeh_(wonderful_precure!)","mehmeh (wonderful precure!) | mey mey (wonderful precure!)","","","メエメエ","","[{""copyright"":""precure"",""co_posts"":59,""character_coverage"":1.0},{""copyright"":""wonderful_precure!"",""co_posts"":59,""character_coverage"":1.0},{""copyright"":""hirogaru_sky!_precure"",""co_posts"":3,""character_coverage"":0.050847},{""copyright"":""kirakira_precure_a_la_mode"",""co_posts"":3,""character_coverage"":0.050847},{""copyright"":""mahou_girls_precure!"",""co_posts"":3,""character_coverage"":0.050847}]","","","PENDING",""
"I70-029696","micaiah_(summer's_dawn)_(fire_emblem)","4","Character","65","micaiah_(hoshidan_summer)_(fire_emblem)","micaiah (hoshidan summer) (fire emblem)","","","","","[{""copyright"":""fire_emblem"",""co_posts"":60,""character_coverage"":1.0},{""copyright"":""fire_emblem:_radiant_dawn"",""co_posts"":60,""character_coverage"":1.0},{""copyright"":""fire_emblem_heroes"",""co_posts"":60,""character_coverage"":1.0},{""copyright"":""fire_emblem:_path_of_radiance"",""co_posts"":6,""character_coverage"":0.1},{""copyright"":""fire_emblem_cipher"",""co_posts"":4,""character_coverage"":0.066667}]","","","PENDING",""
"I70-029697","mii_(jungle_de_ikou)","4","Character","65","","","","","ミイ(ジャングルDEいこう!)","","[{""copyright"":""jungle_de_ikou"",""co_posts"":34,""character_coverage"":1.0},{""copyright"":""eiken"",""co_posts"":3,""character_coverage"":0.088235},{""copyright"":""highschool_of_the_dead"",""co_posts"":1,""character_coverage"":0.029412},{""copyright"":""oshiete!_galko-chan"",""co_posts"":1,""character_coverage"":0.029412}]","","","PENDING",""
"I70-029698","miki_(virtuareal)","4","Character","65","","","","","弥希","","[{""copyright"":""nijisanji"",""co_posts"":64,""character_coverage"":1.0},{""copyright"":""virtuareal"",""co_posts"":64,""character_coverage"":1.0},{""copyright"":""virtuareal_link"",""co_posts"":4,""character_coverage"":0.0625},{""copyright"":""mcdonald's"",""co_posts"":1,""character_coverage"":0.015625},{""copyright"":""nijisanji_en"",""co_posts"":1,""character_coverage"":0.015625}]","","","PENDING",""
"I70-029699","minagawa_yuki","4","Character","65","","","","","皆川由紀","","[{""copyright"":""tsurezure_children"",""co_posts"":65,""character_coverage"":1.0}]","","","PENDING",""
"I70-029700","minato_(zegapain)","4","Character","65","","","","","港（Zegapain）","","[{""copyright"":""zegapain"",""co_posts"":60,""character_coverage"":1.0},{""copyright"":""2006_fifa_world_cup"",""co_posts"":1,""character_coverage"":0.016667},{""copyright"":""original"",""co_posts"":1,""character_coverage"":0.016667},{""copyright"":""world_cup"",""co_posts"":1,""character_coverage"":0.016667}]","","","PENDING",""
"I70-029701","minato_shachiko","4","Character","65","","","","","湊しゃち子","","[{""copyright"":""sachiiro_hanamizuki"",""co_posts"":52,""character_coverage"":0.8},{""copyright"":""original"",""co_posts"":15,""character_coverage"":0.230769},{""copyright"":""machikado_mazoku"",""co_posts"":2,""character_coverage"":0.030769},{""copyright"":""fate/grand_order"",""co_posts"":1,""character_coverage"":0.015385},{""copyright"":""fate_(series)"",""co_posts"":1,""character_coverage"":0.015385}]","","","PENDING",""
"I70-029702","mink_(dramatical_murder)","4","Character","65","","","","","ミンク","","[{""copyright"":""dramatical_murder"",""co_posts"":58,""character_coverage"":1.0},{""copyright"":""nitro+_chiral"",""co_posts"":9,""character_coverage"":0.155172},{""copyright"":""chiikawa"",""co_posts"":1,""character_coverage"":0.017241},{""copyright"":""evanescence"",""co_posts"":1,""character_coverage"":0.017241},{""copyright"":""final_fantasy"",""co_posts"":1,""character_coverage"":0.017241}]","","","PENDING",""
"I70-029703","minnie_doe_alma","4","Character","65","","","","","ミニー・ドゥ・アルマ","","[{""copyright"":""emil_chronicle_online"",""co_posts"":57,""character_coverage"":1.0},{""copyright"":""log_horizon"",""co_posts"":1,""character_coverage"":0.017544}]","","","PENDING",""
"I70-029704","mio_(tsuki_ga_michibiku_isekai_douchuu)","4","Character","65","","","","","澪(月が導く異世界道中)","","[{""copyright"":""tsuki_ga_michibiku_isekai_douchuu"",""co_posts"":61,""character_coverage"":1.0},{""copyright"":""kumo_desu_ga_nani_ka?"",""co_posts"":1,""character_coverage"":0.016393},{""copyright"":""re:zero_kara_hajimeru_isekai_seikatsu"",""co_posts"":1,""character_coverage"":0.016393}]","","","PENDING",""
"I70-029705","miyaguchi_kei","4","Character","65","","","","","宮口kei","","[{""copyright"":""original"",""co_posts"":60,""character_coverage"":1.0}]","","","PENDING",""
"I70-029706","miyano_akemi","4","Character","65","","","","","宮野明美","","[{""copyright"":""meitantei_conan"",""co_posts"":64,""character_coverage"":1.0},{""copyright"":""meitantei_conan_card_game"",""co_posts"":3,""character_coverage"":0.046875},{""copyright"":""magic_kaito"",""co_posts"":1,""character_coverage"":0.015625}]","","","PENDING",""
"I70-029707","mizuo_kurage","4","Character","65","","","","","水尾海月","","[{""copyright"":""someone_hertz"",""co_posts"":50,""character_coverage"":1.0},{""copyright"":""jujutsu_kaisen"",""co_posts"":4,""character_coverage"":0.08},{""copyright"":""jujutsu_kaisen_modulo"",""co_posts"":4,""character_coverage"":0.08},{""copyright"":""akane-banashi"",""co_posts"":1,""character_coverage"":0.02},{""copyright"":""ao_no_hako"",""co_posts"":1,""character_coverage"":0.02}]","","","PENDING",""
"I70-029708","moon_(helltaker)","4","Character","65","faceless_(helltaker)","faceless (helltaker)","","","","","[]","","","PENDING",""
"I70-029709","mori_calliope_(the_story_thus_far)","4","Character","65","","","","","","","[{""copyright"":""hololive"",""co_posts"":64,""character_coverage"":1.0},{""copyright"":""hololive_english"",""co_posts"":64,""character_coverage"":1.0},{""copyright"":""hololive_indonesia"",""co_posts"":2,""character_coverage"":0.03125}]","","","PENDING",""
"I70-029710","mother_spider_demon_(kimetsu_no_yaiba)","4","Character","65","","","","","母蜘蛛","","[{""copyright"":""kimetsu_no_yaiba"",""co_posts"":57,""character_coverage"":1.0},{""copyright"":""dark_souls_(series)"",""co_posts"":1,""character_coverage"":0.017544},{""copyright"":""dark_souls_i"",""co_posts"":1,""character_coverage"":0.017544},{""copyright"":""fate/grand_order"",""co_posts"":1,""character_coverage"":0.017544},{""copyright"":""fate_(series)"",""co_posts"":1,""character_coverage"":0.017544}]","","","PENDING",""
"I70-029711","mualani_(hot_springs)_(genshin_impact)","4","Character","65","","","","","","","[{""copyright"":""genshin_impact"",""co_posts"":59,""character_coverage"":1.0}]","","","PENDING",""
"I70-029712","murayama_(high_school_dxd)","4","Character","65","","","","","村山","","[{""copyright"":""high_school_dxd"",""co_posts"":62,""character_coverage"":1.0},{""copyright"":""high_school_dxd_new"",""co_posts"":2,""character_coverage"":0.032258},{""copyright"":""valkyrie_drive"",""co_posts"":2,""character_coverage"":0.032258},{""copyright"":""valkyrie_drive_-mermaid-"",""co_posts"":2,""character_coverage"":0.032258}]","","","PENDING",""
"I70-029713","mustang_(nikke)","4","Character","65","","","","","マスタング(勝利の女神:NIKKE)","","[{""copyright"":""goddess_of_victory:_nikke"",""co_posts"":58,""character_coverage"":1.0},{""copyright"":""kfc"",""co_posts"":1,""character_coverage"":0.017241}]","","","PENDING",""
"I70-029714","mythos_zero_(mega_man)","4","Character","65","","","","","ミュトス","","[{""copyright"":""mega_man_(series)"",""co_posts"":63,""character_coverage"":1.0},{""copyright"":""mega_man_zero_(series)"",""co_posts"":63,""character_coverage"":1.0},{""copyright"":""mega_man_x_(series)"",""co_posts"":2,""character_coverage"":0.031746},{""copyright"":""mega_man_x:_command_mission"",""co_posts"":1,""character_coverage"":0.015873},{""copyright"":""mega_man_zero_3"",""co_posts"":1,""character_coverage"":0.015873}]","","","PENDING",""
"I70-029715","nacht_(dolphin_wave)","4","Character","65","","","","","ナハト(ドルウェブ)","","[{""copyright"":""dolphin_wave"",""co_posts"":62,""character_coverage"":1.0},{""copyright"":""to_love-ru"",""co_posts"":2,""character_coverage"":0.032258},{""copyright"":""to_love-ru_darkness"",""co_posts"":2,""character_coverage"":0.032258},{""copyright"":""atelier_(series)"",""co_posts"":1,""character_coverage"":0.016129},{""copyright"":""atelier_ryza"",""co_posts"":1,""character_coverage"":0.016129}]","","","PENDING",""
"I70-029716","nana_(kurisustinah)","4","Character","65","","","","","ナナ（kurisustinah）","","[{""copyright"":""original"",""co_posts"":65,""character_coverage"":1.0}]","","","PENDING",""
"I70-029717","nanase_miyuki","4","Character","65","","","","","七瀬美雪","","[{""copyright"":""kindaichi_shounen_no_jikenbo"",""co_posts"":27,""character_coverage"":1.0},{""copyright"":""meitantei_conan"",""co_posts"":5,""character_coverage"":0.185185},{""copyright"":""idolmaster"",""co_posts"":1,""character_coverage"":0.037037},{""copyright"":""idolmaster_cinderella_girls"",""co_posts"":1,""character_coverage"":0.037037},{""copyright"":""inuyasha"",""co_posts"":1,""character_coverage"":0.037037}]","","","PENDING",""
"I70-029718","narita_brian_(hungry_wolves)_(umamusume)","4","Character","65","","","","","餓狼(ウマ娘)","","[{""copyright"":""umamusume"",""co_posts"":64,""character_coverage"":1.0},{""copyright"":""bleach"",""co_posts"":1,""character_coverage"":0.015625},{""copyright"":""original"",""co_posts"":1,""character_coverage"":0.015625},{""copyright"":""pokemon"",""co_posts"":1,""character_coverage"":0.015625}]","","","PENDING",""
"I70-029719","naruko_shoukichi","4","Character","65","","","","","鳴子章吉","","[{""copyright"":""yowamushi_pedal"",""co_posts"":63,""character_coverage"":1.0},{""copyright"":""buraiden_gai"",""co_posts"":1,""character_coverage"":0.015873},{""copyright"":""codename:_kids_next_door"",""co_posts"":1,""character_coverage"":0.015873},{""copyright"":""dc_comics"",""co_posts"":1,""character_coverage"":0.015873},{""copyright"":""fukumoto_mahjong"",""co_posts"":1,""character_coverage"":0.015873}]","","","PENDING",""
"I70-029720","nepheli_loux","4","Character","65","","","","","戦士ネフェリ・ルー","","[{""copyright"":""elden_ring"",""co_posts"":60,""character_coverage"":1.0},{""copyright"":""elden_ring:_shadow_of_the_erdtree"",""co_posts"":2,""character_coverage"":0.033333},{""copyright"":""elden_ring_nightreign"",""co_posts"":1,""character_coverage"":0.016667},{""copyright"":""helltaker"",""co_posts"":1,""character_coverage"":0.016667}]","","","PENDING",""
"I70-029721","nimue_(kaku-san-sei_million_arthur)","4","Character","65","","","","","ニムエ","","[{""copyright"":""million_arthur_(series)"",""co_posts"":65,""character_coverage"":1.0},{""copyright"":""kai-ri-sei_million_arthur"",""co_posts"":34,""character_coverage"":0.523077},{""copyright"":""kaku-san-sei_million_arthur"",""co_posts"":32,""character_coverage"":0.492308},{""copyright"":""vocaloid"",""co_posts"":2,""character_coverage"":0.030769},{""copyright"":""grimms_notes"",""co_posts"":1,""character_coverage"":0.015385}]","","","PENDING",""
"I70-029722","nina_tucker","4","Character","65","","","","","ニーナ・タッカー","","[{""copyright"":""fullmetal_alchemist"",""co_posts"":53,""character_coverage"":1.0},{""copyright"":""neon_genesis_evangelion"",""co_posts"":3,""character_coverage"":0.056604},{""copyright"":""bleach"",""co_posts"":2,""character_coverage"":0.037736},{""copyright"":""made_in_abyss"",""co_posts"":2,""character_coverage"":0.037736},{""copyright"":""one_piece"",""co_posts"":2,""character_coverage"":0.037736}]","","","PENDING",""
"I70-029723","nishikino_maki_(summer_training_wear)","4","Character","65","","","","","","","[{""copyright"":""love_live!"",""co_posts"":62,""character_coverage"":1.0},{""copyright"":""love_live!_school_idol_project"",""co_posts"":62,""character_coverage"":1.0},{""copyright"":""bokutachi_wa_hitotsu_no_hikari"",""co_posts"":1,""character_coverage"":0.016129},{""copyright"":""happy_maker!"",""co_posts"":1,""character_coverage"":0.016129},{""copyright"":""love_live!_the_school_idol_movie"",""co_posts"":1,""character_coverage"":0.016129}]","","","PENDING",""
"I70-029724","nizimine_kakoi","4","Character","65","nijimine_kakoi","nijimine kakoi","","","滲音かこい","","[{""copyright"":""utau"",""co_posts"":63,""character_coverage"":1.0},{""copyright"":""a.i._voice"",""co_posts"":4,""character_coverage"":0.063492},{""copyright"":""vocaloid"",""co_posts"":3,""character_coverage"":0.047619},{""copyright"":""voiceroid"",""co_posts"":3,""character_coverage"":0.047619},{""copyright"":""cevio"",""co_posts"":2,""character_coverage"":0.031746}]","","","PENDING",""
"I70-029725","nue_(nue_no_onmyouji)","4","Character","65","","","","","鵺(鵺の陰陽師)","","[{""copyright"":""nue_no_onmyouji"",""co_posts"":55,""character_coverage"":1.0}]","","","PENDING",""
"I70-029726","nura_rikuo","4","Character","65","","","","","奴良リクオ","","[{""copyright"":""nurarihyon_no_mago"",""co_posts"":54,""character_coverage"":1.0},{""copyright"":""onmyoji"",""co_posts"":2,""character_coverage"":0.037037},{""copyright"":""durarara!!"",""co_posts"":1,""character_coverage"":0.018519},{""copyright"":""touhou"",""co_posts"":1,""character_coverage"":0.018519}]","","","PENDING",""
"I70-029727","octavia_(helluva_boss)","4","Character","65","","","","","薇娅","","[{""copyright"":""hellaverse"",""co_posts"":59,""character_coverage"":1.0},{""copyright"":""helluva_boss"",""co_posts"":59,""character_coverage"":1.0},{""copyright"":""the_ring"",""co_posts"":1,""character_coverage"":0.016949}]","","","PENDING",""
"I70-029728","ogma_(fire_emblem)","4","Character","65","oguma","oguma","","","オグマ","","[{""copyright"":""fire_emblem"",""co_posts"":64,""character_coverage"":1.0},{""copyright"":""fire_emblem:_mystery_of_the_emblem"",""co_posts"":55,""character_coverage"":0.859375},{""copyright"":""fire_emblem_heroes"",""co_posts"":19,""character_coverage"":0.296875},{""copyright"":""fire_emblem:_shadow_dragon"",""co_posts"":11,""character_coverage"":0.171875},{""copyright"":""fire_emblem_cipher"",""co_posts"":11,""character_coverage"":0.171875}]","","","PENDING",""
"I70-029729","oki_kouji","4","Character","65","","","","","隠岐孝二","","[{""copyright"":""world_trigger"",""co_posts"":65,""character_coverage"":1.0}]","","","PENDING",""
"I70-029730","oklahoma_(azur_lane)","4","Character","65","","","","","オクラホマ(アズールレーン)","","[{""copyright"":""azur_lane"",""co_posts"":59,""character_coverage"":1.0},{""copyright"":""neptune_(series)"",""co_posts"":2,""character_coverage"":0.033898},{""copyright"":""2channel"",""co_posts"":1,""character_coverage"":0.016949},{""copyright"":""carnival_phantasm"",""co_posts"":1,""character_coverage"":0.016949},{""copyright"":""comiket_106"",""co_posts"":1,""character_coverage"":0.016949}]","","","PENDING",""
"I70-029731","older_twin_sister_(muninshiki)","4","Character","65","","","","","双子の姉妹（ムニンシキ）","","[{""copyright"":""original"",""co_posts"":65,""character_coverage"":1.0}]","","","PENDING",""
"I70-029732","omoriboy","4","Character","65","","","","","","","[{""copyright"":""omori"",""co_posts"":50,""character_coverage"":1.0},{""copyright"":""end_roll"",""co_posts"":1,""character_coverage"":0.02},{""copyright"":""yume_nikki"",""co_posts"":1,""character_coverage"":0.02}]","","","PENDING",""
"I70-029733","orlando_reeve","4","Character","65","","","","","オーランド・リーヴ","","[{""copyright"":""fate_(series)"",""co_posts"":65,""character_coverage"":1.0},{""copyright"":""fate/strange_fake"",""co_posts"":64,""character_coverage"":0.984615},{""copyright"":""fate/grand_order"",""co_posts"":4,""character_coverage"":0.061538},{""copyright"":""fate/apocrypha"",""co_posts"":1,""character_coverage"":0.015385},{""copyright"":""fate/stay_night"",""co_posts"":1,""character_coverage"":0.015385}]","","","PENDING",""
"I70-029734","osakabehime_(foxy_lady)_(fate)","4","Character","65","osakabe-hime_(foxy_lady)_(fate),lady_foxy","lady foxy | osakabe-hime (foxy lady) (fate)","","","レディ・フォクシー","","[{""copyright"":""fate/grand_order"",""co_posts"":63,""character_coverage"":1.0},{""copyright"":""fate_(series)"",""co_posts"":63,""character_coverage"":1.0}]","","","PENDING",""
"I70-029735","oskar_von_reuenthal","4","Character","65","","","","","オスカー・フォン・ロイエンタール","","[{""copyright"":""ginga_eiyuu_densetsu"",""co_posts"":56,""character_coverage"":1.0},{""copyright"":""kantai_collection"",""co_posts"":7,""character_coverage"":0.125},{""copyright"":""code_geass"",""co_posts"":2,""character_coverage"":0.035714},{""copyright"":""real_life"",""co_posts"":2,""character_coverage"":0.035714},{""copyright"":""umamusume"",""co_posts"":2,""character_coverage"":0.035714}]","","","PENDING",""
"I70-029736","oudou_tsuguhiko","4","Character","65","","","","","魔王エイダム","","[{""copyright"":""choukou_(alicesoft)"",""co_posts"":65,""character_coverage"":1.0},{""copyright"":""choukou_shinki_ixseal"",""co_posts"":65,""character_coverage"":1.0}]","","","PENDING",""
"I70-029737","ozymandias_(second_ascension)_(fate)","4","Character","65","","","","","","","[{""copyright"":""fate_(series)"",""co_posts"":60,""character_coverage"":1.0},{""copyright"":""fate/grand_order"",""co_posts"":34,""character_coverage"":0.566667},{""copyright"":""fate/prototype"",""co_posts"":33,""character_coverage"":0.55},{""copyright"":""fate/prototype:_fragments_of_blue_and_silver"",""co_posts"":32,""character_coverage"":0.533333},{""copyright"":""cinderella_(fairy_tale)"",""co_posts"":1,""character_coverage"":0.016667}]","","","PENDING",""
"I70-029738","pav_(fear_&_hunger)","4","Character","65","","","","","","","[{""copyright"":""fear_&_hunger_(series)"",""co_posts"":55,""character_coverage"":1.0},{""copyright"":""fear_&_hunger_2:_termina"",""co_posts"":55,""character_coverage"":1.0},{""copyright"":""fear_&_hunger_1"",""co_posts"":3,""character_coverage"":0.054545},{""copyright"":""carnival_phantasm"",""co_posts"":1,""character_coverage"":0.018182},{""copyright"":""fuwa_fuwa_cinnamoroll"",""co_posts"":1,""character_coverage"":0.018182}]","","","PENDING",""
"I70-029739","percival_(sonic)","4","Character","65","","","","","パーシヴァル","","[{""copyright"":""sonic_(series)"",""co_posts"":61,""character_coverage"":1.0},{""copyright"":""sonic_and_the_black_knight"",""co_posts"":59,""character_coverage"":0.967213},{""copyright"":""sonic_forces:_speed_battle"",""co_posts"":2,""character_coverage"":0.032787},{""copyright"":""mario_&_sonic_(series)"",""co_posts"":1,""character_coverage"":0.016393},{""copyright"":""mario_&_sonic_at_the_london_2012_olympic_games"",""co_posts"":1,""character_coverage"":0.016393}]","","","PENDING",""
"I70-029740","persia_(rune_factory)","4","Character","65","pia_(rune_factory)","pia (rune factory)","","","ペルシャ","","[{""copyright"":""rune_factory"",""co_posts"":57,""character_coverage"":1.0},{""copyright"":""rune_factory_3"",""co_posts"":56,""character_coverage"":0.982456},{""copyright"":""durarara!!"",""co_posts"":1,""character_coverage"":0.017544},{""copyright"":""re:zero_kara_hajimeru_isekai_seikatsu"",""co_posts"":1,""character_coverage"":0.017544},{""copyright"":""rune_factory_4"",""co_posts"":1,""character_coverage"":0.017544}]","","","PENDING",""
"I70-029741","petra_parker_(otrebot)","4","Character","65","","","","","","","[]","","","PENDING",""
"I70-029742","phoebe_(vtuber)","4","Character","65","","","","","","","[{""copyright"":""densetsu.exe"",""co_posts"":48,""character_coverage"":0.90566},{""copyright"":""indie_virtual_youtuber"",""co_posts"":9,""character_coverage"":0.169811},{""copyright"":""vinesauce"",""co_posts"":5,""character_coverage"":0.09434},{""copyright"":""beastiez"",""co_posts"":1,""character_coverage"":0.018868},{""copyright"":""hololive"",""co_posts"":1,""character_coverage"":0.018868}]","","","PENDING",""
"I70-029743","pichu_brothers","4","Character","65","","","","","ピチュー兄弟","","[{""copyright"":""pokemon"",""co_posts"":63,""character_coverage"":1.0},{""copyright"":""pokemon_(anime)"",""co_posts"":14,""character_coverage"":0.222222},{""copyright"":""pokemon_(classic_anime)"",""co_posts"":8,""character_coverage"":0.126984},{""copyright"":""pokemon_the_series:_black_&_white"",""co_posts"":2,""character_coverage"":0.031746},{""copyright"":""detective_pikachu_(series)"",""co_posts"":1,""character_coverage"":0.015873}]","","","PENDING",""
"I70-029744","pico_(boku_no_pico)","4","Character","65","","","","","ぴこ","","[{""copyright"":""boku_no_pico"",""co_posts"":45,""character_coverage"":1.0},{""copyright"":""guilty_gear"",""co_posts"":3,""character_coverage"":0.066667},{""copyright"":""guilty_gear_xx"",""co_posts"":3,""character_coverage"":0.066667},{""copyright"":""boku_no_hero_academia"",""co_posts"":2,""character_coverage"":0.044444},{""copyright"":""kobayashi-san_chi_no_maidragon"",""co_posts"":2,""character_coverage"":0.044444}]","","","PENDING",""
"I70-029745","pingu","4","Character","65","","","","","ピングー","","[{""copyright"":""pingu_(series)"",""co_posts"":51,""character_coverage"":0.944444},{""copyright"":""original"",""co_posts"":9,""character_coverage"":0.166667},{""copyright"":""chainsaw_man"",""co_posts"":6,""character_coverage"":0.111111},{""copyright"":""touhou"",""co_posts"":6,""character_coverage"":0.111111},{""copyright"":""cookie_(touhou)"",""co_posts"":5,""character_coverage"":0.092593}]","","","PENDING",""
"I70-029746","plue","4","Character","65","","","","","プルー","","[{""copyright"":""fairy_tail"",""co_posts"":46,""character_coverage"":0.836364},{""copyright"":""rave_(manga)"",""co_posts"":14,""character_coverage"":0.254545},{""copyright"":""pokemon"",""co_posts"":5,""character_coverage"":0.090909},{""copyright"":""eden's_zero"",""co_posts"":4,""character_coverage"":0.072727},{""copyright"":""lucky_star"",""co_posts"":4,""character_coverage"":0.072727}]","","","PENDING",""
"I70-029747","pool_party_caitlyn","4","Character","65","","","","","プールパーティーケイトリン","","[{""copyright"":""league_of_legends"",""co_posts"":60,""character_coverage"":1.0},{""copyright"":""arcane:_league_of_legends"",""co_posts"":7,""character_coverage"":0.116667},{""copyright"":""2xko"",""co_posts"":2,""character_coverage"":0.033333},{""copyright"":""kirby_(series)"",""co_posts"":2,""character_coverage"":0.033333},{""copyright"":""alia's_carnival!"",""co_posts"":1,""character_coverage"":0.016667}]","","","PENDING",""
"I70-029748","potemayo_(character)","4","Character","65","","","","","ポテマヨ（キャラクター）","","[{""copyright"":""potemayo"",""co_posts"":48,""character_coverage"":1.0},{""copyright"":""darker_than_black"",""co_posts"":3,""character_coverage"":0.0625},{""copyright"":""bakemonogatari"",""co_posts"":2,""character_coverage"":0.041667},{""copyright"":""black_rock_shooter"",""co_posts"":2,""character_coverage"":0.041667},{""copyright"":""idolmaster"",""co_posts"":2,""character_coverage"":0.041667}]","","","PENDING",""
"I70-029749","prince_fluff","4","Character","65","","","","","フラッフ","","[{""copyright"":""kirby_(series)"",""co_posts"":62,""character_coverage"":1.0},{""copyright"":""kirby's_epic_yarn"",""co_posts"":42,""character_coverage"":0.677419},{""copyright"":""kirby's_star_stacker"",""co_posts"":33,""character_coverage"":0.532258},{""copyright"":""kirby_64"",""co_posts"":32,""character_coverage"":0.516129},{""copyright"":""kirby's_dream_land_3"",""co_posts"":30,""character_coverage"":0.483871}]","","","PENDING",""
"I70-029750","princess_daisy_(touring)","4","Character","65","","","","","","","[{""copyright"":""mario_(series)"",""co_posts"":61,""character_coverage"":1.0},{""copyright"":""mario_kart"",""co_posts"":61,""character_coverage"":1.0},{""copyright"":""mario_kart_world"",""co_posts"":61,""character_coverage"":1.0},{""copyright"":""dragon_ball"",""co_posts"":2,""character_coverage"":0.032787},{""copyright"":""dragon_ball_(classic)"",""co_posts"":2,""character_coverage"":0.032787}]","","","PENDING",""
"I70-029751","pulao:_dragontoll_(pgr)","4","Character","65","","","","","华钟","","[{""copyright"":""punishing:_gray_raven"",""co_posts"":61,""character_coverage"":1.0},{""copyright"":""akira_(manga)"",""co_posts"":1,""character_coverage"":0.016393}]","","","PENDING",""
"I70-029752","ran_(7th_dragon)","4","Character","65","","","","","ラン（7番目のドラゴン）","","[{""copyright"":""7th_dragon_(series)"",""co_posts"":65,""character_coverage"":1.0},{""copyright"":""7th_dragon"",""co_posts"":61,""character_coverage"":0.938462},{""copyright"":""7th_dragon_2020"",""co_posts"":4,""character_coverage"":0.061538},{""copyright"":""7th_dragon_iii"",""co_posts"":3,""character_coverage"":0.046154},{""copyright"":""k-on!"",""co_posts"":1,""character_coverage"":0.015385}]","","","PENDING",""
"I70-029753","rana_ru","4","Character","65","","","","","","","[{""copyright"":""monsters_raid"",""co_posts"":65,""character_coverage"":1.0}]","","","PENDING",""
"I70-029754","ranger_(final_fantasy)","4","Character","65","","","","","狩人","","[{""copyright"":""final_fantasy"",""co_posts"":62,""character_coverage"":1.0},{""copyright"":""final_fantasy_xi"",""co_posts"":36,""character_coverage"":0.580645},{""copyright"":""final_fantasy_v"",""co_posts"":20,""character_coverage"":0.322581},{""copyright"":""final_fantasy_iii"",""co_posts"":7,""character_coverage"":0.112903},{""copyright"":""touhou"",""co_posts"":3,""character_coverage"":0.048387}]","","","PENDING",""
"I70-029755","raora_panthera_(goth)","4","Character","65","","","","","","","[{""copyright"":""hololive"",""co_posts"":63,""character_coverage"":1.0},{""copyright"":""hololive_english"",""co_posts"":63,""character_coverage"":1.0},{""copyright"":""coca-cola"",""co_posts"":1,""character_coverage"":0.015873},{""copyright"":""pepsi"",""co_posts"":1,""character_coverage"":0.015873}]","","","PENDING",""
"I70-029756","revolver_(yu-gi-oh!)","4","Character","65","","","","","リボルバー","","[{""copyright"":""yu-gi-oh!"",""co_posts"":57,""character_coverage"":1.0},{""copyright"":""yu-gi-oh!_vrains"",""co_posts"":57,""character_coverage"":1.0},{""copyright"":""yu-gi-oh!_5d's"",""co_posts"":4,""character_coverage"":0.070175},{""copyright"":""beatmania_iidx"",""co_posts"":2,""character_coverage"":0.035088},{""copyright"":""bemani"",""co_posts"":2,""character_coverage"":0.035088}]","","","PENDING",""
"I70-029757","ricardo_milos","4","Character","65","","","","","リカルド・ミロス","","[{""copyright"":""gachimuchi"",""co_posts"":37,""character_coverage"":0.74},{""copyright"":""arknights"",""co_posts"":8,""character_coverage"":0.16},{""copyright"":""real_life"",""co_posts"":6,""character_coverage"":0.12},{""copyright"":""touhou"",""co_posts"":5,""character_coverage"":0.1},{""copyright"":""azur_lane"",""co_posts"":4,""character_coverage"":0.08}]","","","PENDING",""
"I70-029758","riderman","4","Character","65","","","","","ライダーマン","","[{""copyright"":""kamen_rider"",""co_posts"":61,""character_coverage"":0.968254},{""copyright"":""kamen_rider_v3_(series)"",""co_posts"":59,""character_coverage"":0.936508},{""copyright"":""kamen_rider_(1st_series)"",""co_posts"":35,""character_coverage"":0.555556},{""copyright"":""kamen_rider_stronger_(series)"",""co_posts"":35,""character_coverage"":0.555556},{""copyright"":""kamen_rider_x_(series)"",""co_posts"":33,""character_coverage"":0.52381}]","","","PENDING",""
"I70-029759","ridget_(suisei_no_gargantia)","4","Character","65","ridgett_(suisei_no_gargantia)","ridgett (suisei no gargantia)","","","リジット","","[{""copyright"":""suisei_no_gargantia"",""co_posts"":61,""character_coverage"":1.0}]","","","PENDING",""
"I70-029760","rishetta_(30ms)","4","Character","65","","","","","リシェッタ","","[{""copyright"":""30_minutes_sisters"",""co_posts"":65,""character_coverage"":1.0},{""copyright"":""bandai"",""co_posts"":16,""character_coverage"":0.246154},{""copyright"":""idolmaster"",""co_posts"":4,""character_coverage"":0.061538},{""copyright"":""idolmaster_shiny_colors"",""co_posts"":4,""character_coverage"":0.061538},{""copyright"":""frame_arms_girl"",""co_posts"":2,""character_coverage"":0.030769}]","","","PENDING",""
"I70-029761","robo_head_(cytus)","4","Character","65","","","","","","","[{""copyright"":""cytus"",""co_posts"":3,""character_coverage"":1.0},{""copyright"":""arknights"",""co_posts"":2,""character_coverage"":0.666667},{""copyright"":""cytus_ii"",""co_posts"":2,""character_coverage"":0.666667}]","","","PENDING",""
"I70-029762","roland:_flambeau_(pgr)","4","Character","65","","","","","","","[{""copyright"":""punishing:_gray_raven"",""co_posts"":60,""character_coverage"":1.0}]","","","PENDING",""
"I70-029763","rou_leila","4","Character","65","","","","","楼レイラ","","[{""copyright"":""girls_und_panzer"",""co_posts"":13,""character_coverage"":1.0},{""copyright"":""girls_und_panzer_phase_erika"",""co_posts"":12,""character_coverage"":0.923077},{""copyright"":""girls_und_panzer_little_army"",""co_posts"":1,""character_coverage"":0.076923}]","","","PENDING",""
"I70-029764","ruby_(ff9)","4","Character","65","","","","","ルビィ(FF9)","","[{""copyright"":""final_fantasy"",""co_posts"":59,""character_coverage"":1.0},{""copyright"":""final_fantasy_ix"",""co_posts"":57,""character_coverage"":0.966102},{""copyright"":""another_eden"",""co_posts"":1,""character_coverage"":0.016949},{""copyright"":""dissidia_duellum_final_fantasy"",""co_posts"":1,""character_coverage"":0.016949},{""copyright"":""dissidia_final_fantasy"",""co_posts"":1,""character_coverage"":0.016949}]","","","PENDING",""
"I70-029765","ryugasaki_rene_(4th_costume)","4","Character","65","","","","","","","[{""copyright"":""nanashi_inc."",""co_posts"":54,""character_coverage"":1.0},{""copyright"":""aogiri_koukou"",""co_posts"":1,""character_coverage"":0.018519},{""copyright"":""nijisanji"",""co_posts"":1,""character_coverage"":0.018519},{""copyright"":""nijisanji_en"",""co_posts"":1,""character_coverage"":0.018519},{""copyright"":""yu-gi-oh!"",""co_posts"":1,""character_coverage"":0.018519}]","","","PENDING",""
"I70-029766","sakuyamon:_miko_mode","4","Character","65","","","","","サクヤモン巫女モード","","[{""copyright"":""digimon"",""co_posts"":48,""character_coverage"":1.0},{""copyright"":""digimon_card_game"",""co_posts"":4,""character_coverage"":0.083333},{""copyright"":""digimon_tamers"",""co_posts"":3,""character_coverage"":0.0625},{""copyright"":""gundam"",""co_posts"":1,""character_coverage"":0.020833},{""copyright"":""gundam_tekketsu_no_orphans"",""co_posts"":1,""character_coverage"":0.020833}]","","","PENDING",""
"I70-029767","salt_(maimai)","4","Character","65","","","","","ソルト(maimai)","","[{""copyright"":""maimai_(game)"",""co_posts"":49,""character_coverage"":1.0},{""copyright"":""world_dai_star"",""co_posts"":2,""character_coverage"":0.040816},{""copyright"":""ongeki"",""co_posts"":1,""character_coverage"":0.020408}]","","","PENDING",""
"I70-029768","salvatore_(disgaea)","4","Character","65","","","","","極上のサルバトーレ","","[{""copyright"":""disgaea"",""co_posts"":60,""character_coverage"":1.0},{""copyright"":""makai_senki_disgaea_3"",""co_posts"":55,""character_coverage"":0.916667},{""copyright"":""makai_senki_disgaea"",""co_posts"":4,""character_coverage"":0.066667},{""copyright"":""nippon_ichi"",""co_posts"":4,""character_coverage"":0.066667},{""copyright"":""phantom_kingdom"",""co_posts"":4,""character_coverage"":0.066667}]","","","PENDING",""
"I70-029769","sammy_(kung-fu-piggy)","4","Character","65","","","","","シャミィ","","[{""copyright"":""kung-fu-piggy"",""co_posts"":61,""character_coverage"":1.0},{""copyright"":""zutto_mayonaka_de_ii_no_ni"",""co_posts"":22,""character_coverage"":0.360656},{""copyright"":""obenkyou_shitoiteyo"",""co_posts"":20,""character_coverage"":0.327869},{""copyright"":""kuraku_kuroku_(zutomayo)"",""co_posts"":5,""character_coverage"":0.081967},{""copyright"":""86_-eightysix-"",""co_posts"":1,""character_coverage"":0.016393}]","","","PENDING",""
"I70-029770","saotome_suzume","4","Character","65","","","","","saotome suzume","","[{""copyright"":""hyakko"",""co_posts"":60,""character_coverage"":1.0},{""copyright"":""gainax"",""co_posts"":1,""character_coverage"":0.016667},{""copyright"":""hanamaru_youchien"",""co_posts"":1,""character_coverage"":0.016667},{""copyright"":""heartcatch_precure!"",""co_posts"":1,""character_coverage"":0.016667},{""copyright"":""mitsudomoe_(manga)"",""co_posts"":1,""character_coverage"":0.016667}]","","","PENDING",""
"I70-029771","sasagawa_kanon","4","Character","65","","","","","A子","","[{""copyright"":""girls_und_panzer"",""co_posts"":63,""character_coverage"":1.0},{""copyright"":""girls_und_panzer_motto_love_love_sakusen_desu!"",""co_posts"":16,""character_coverage"":0.253968},{""copyright"":""gekitotsu!_joshikousei_oiroke_sensha_gundan"",""co_posts"":4,""character_coverage"":0.063492},{""copyright"":""girls_und_panzer_gekijouban"",""co_posts"":2,""character_coverage"":0.031746},{""copyright"":""bohemian_rhapsody"",""co_posts"":1,""character_coverage"":0.015873}]","","","PENDING",""
"I70-029772","sa-x","4","Character","65","","","","","サックス","","[{""copyright"":""metroid"",""co_posts"":54,""character_coverage"":1.0},{""copyright"":""metroid_fusion"",""co_posts"":54,""character_coverage"":1.0},{""copyright"":""metroid:_other_m"",""co_posts"":8,""character_coverage"":0.148148},{""copyright"":""metroid_prime_2:_echoes"",""co_posts"":8,""character_coverage"":0.148148},{""copyright"":""metroid_prime_3:_corruption"",""co_posts"":8,""character_coverage"":0.148148}]","","","PENDING",""
"I70-029773","scarlet_el_vandimion","4","Character","65","","","","","スカーレット・エル・ヴァンディミオン","","[{""copyright"":""saigo_ni_hitotsu_dake_onegai_shite_mo_yoroshii_deshou_ka"",""co_posts"":64,""character_coverage"":1.0},{""copyright"":""akuyaku_reijou_tensei_ojisan"",""co_posts"":1,""character_coverage"":0.015625},{""copyright"":""iya_na_kao_sare_nagara_opantsu_misete_moraitai"",""co_posts"":1,""character_coverage"":0.015625},{""copyright"":""kimi_no_koto_ga_dai_dai_dai_dai_daisuki_na_100-nin_no_kanojo"",""co_posts"":1,""character_coverage"":0.015625},{""copyright"":""newtype"",""co_posts"":1,""character_coverage"":0.015625}]","","","PENDING",""
"I70-029774","scathach-skadi_(second_ascension)_(fate)","4","Character","65","scathach_skadi_(second_ascension)_(fate)","scathach skadi (second ascension) (fate)","","","Scathach Skadi（2回目の昇天）（運命）","","[{""copyright"":""fate/grand_order"",""co_posts"":60,""character_coverage"":1.0},{""copyright"":""fate_(series)"",""co_posts"":60,""character_coverage"":1.0},{""copyright"":""arknights"",""co_posts"":2,""character_coverage"":0.033333},{""copyright"":""fate/kaleid_liner_prisma_illya"",""co_posts"":1,""character_coverage"":0.016667}]","","","PENDING",""
"I70-029775","senra_(utaite)","4","Character","65","senra_(singer)","senra (singer)","","","センラ","","[{""copyright"":""urashimasakatasen"",""co_posts"":52,""character_coverage"":1.0},{""copyright"":""indie_utaite"",""co_posts"":6,""character_coverage"":0.115385},{""copyright"":""shinkalion_(series)"",""co_posts"":2,""character_coverage"":0.038462},{""copyright"":""bang_dream!"",""co_posts"":1,""character_coverage"":0.019231},{""copyright"":""bang_dream!_girls_band_party!"",""co_posts"":1,""character_coverage"":0.019231}]","","","PENDING",""
"I70-029776","seto_miyako_(1st_costume)","4","Character","65","","","","","瀬戸美夜子(通常)","","[{""copyright"":""nijisanji"",""co_posts"":64,""character_coverage"":1.0},{""copyright"":""nijisanji_kr"",""co_posts"":2,""character_coverage"":0.03125},{""copyright"":""tengen_toppa_gurren_lagann"",""co_posts"":2,""character_coverage"":0.03125},{""copyright"":""nijisanji_en"",""co_posts"":1,""character_coverage"":0.015625},{""copyright"":""nijisanji_id"",""co_posts"":1,""character_coverage"":0.015625}]","","","PENDING",""
"I70-029777","shamir_nevrand_(summer)","4","Character","65","","","","","","","[{""copyright"":""fire_emblem"",""co_posts"":53,""character_coverage"":1.0},{""copyright"":""fire_emblem:_three_houses"",""co_posts"":53,""character_coverage"":1.0},{""copyright"":""fire_emblem_heroes"",""co_posts"":52,""character_coverage"":0.981132},{""copyright"":""fire_emblem_warriors:_three_hopes"",""co_posts"":4,""character_coverage"":0.075472},{""copyright"":""tokyo_mirage_sessions_fe"",""co_posts"":1,""character_coverage"":0.018868}]","","","PENDING",""
"I70-029778","shamshel_(evangelion)","4","Character","65","","","","","シャムシエル","","[{""copyright"":""neon_genesis_evangelion"",""co_posts"":56,""character_coverage"":1.0},{""copyright"":""rebuild_of_evangelion"",""co_posts"":13,""character_coverage"":0.232143},{""copyright"":""evangelion:_2.0_you_can_(not)_advance"",""co_posts"":7,""character_coverage"":0.125},{""copyright"":""kantai_collection"",""co_posts"":7,""character_coverage"":0.125},{""copyright"":""evangelion:_1.0_you_are_(not)_alone"",""co_posts"":3,""character_coverage"":0.053571}]","","","PENDING",""
"I70-029779","shima_(utaite)","4","Character","65","shima_(niconico)","shima (niconico)","","","シマ（ニコニコ）","","[{""copyright"":""urashimasakatasen"",""co_posts"":52,""character_coverage"":1.0},{""copyright"":""shinkalion_(series)"",""co_posts"":2,""character_coverage"":0.038462},{""copyright"":""starbucks"",""co_posts"":1,""character_coverage"":0.019231}]","","","PENDING",""
"I70-029780","shin_kuroi","4","Character","65","","","","","","","[{""copyright"":""morenatsu"",""co_posts"":60,""character_coverage"":0.952381},{""copyright"":""original"",""co_posts"":3,""character_coverage"":0.047619},{""copyright"":""kekkai_sensen"",""co_posts"":1,""character_coverage"":0.015873},{""copyright"":""log_horizon"",""co_posts"":1,""character_coverage"":0.015873},{""copyright"":""persona"",""co_posts"":1,""character_coverage"":0.015873}]","","","PENDING",""
"I70-029781","shinano_(vrchat)","4","Character","65","","","","","しなの","","[{""copyright"":""vrchat"",""co_posts"":61,""character_coverage"":1.0},{""copyright"":""original"",""co_posts"":3,""character_coverage"":0.04918}]","","","PENDING",""
"I70-029782","shirayuki_reid","4","Character","65","","","","","白雪レイド","","[{""copyright"":""neo-porte"",""co_posts"":54,""character_coverage"":0.870968},{""copyright"":""vspo!"",""co_posts"":36,""character_coverage"":0.580645},{""copyright"":""nijisanji"",""co_posts"":16,""character_coverage"":0.258065},{""copyright"":""nanashi_inc."",""co_posts"":12,""character_coverage"":0.193548},{""copyright"":""apex_legends"",""co_posts"":7,""character_coverage"":0.112903}]","","","PENDING",""
"I70-029783","soline_(frost_ticket)_(nikke)","4","Character","65","","","","","","","[{""copyright"":""goddess_of_victory:_nikke"",""co_posts"":63,""character_coverage"":1.0},{""copyright"":""bandai"",""co_posts"":1,""character_coverage"":0.015873},{""copyright"":""original"",""co_posts"":1,""character_coverage"":0.015873},{""copyright"":""poptepipic"",""co_posts"":1,""character_coverage"":0.015873},{""copyright"":""tamiya_incorporated"",""co_posts"":1,""character_coverage"":0.015873}]","","","PENDING",""
"I70-029784","sollyz_(sollyz)","4","Character","65","","","","","Sollyz（Sollyz）","","[{""copyright"":""original"",""co_posts"":46,""character_coverage"":0.884615},{""copyright"":""final_fantasy"",""co_posts"":13,""character_coverage"":0.25},{""copyright"":""final_fantasy_xiv"",""co_posts"":13,""character_coverage"":0.25},{""copyright"":""gate_-_jieitai_ka_no_chi_nite_kaku_tatakaeri"",""co_posts"":1,""character_coverage"":0.019231},{""copyright"":""league_of_legends"",""co_posts"":1,""character_coverage"":0.019231}]","","","PENDING",""
"I70-029785","spectre_(yu-gi-oh!)","4","Character","65","","","","","スペクター","","[{""copyright"":""yu-gi-oh!"",""co_posts"":58,""character_coverage"":1.0},{""copyright"":""yu-gi-oh!_vrains"",""co_posts"":58,""character_coverage"":1.0},{""copyright"":""yu-gi-oh!_arc-v"",""co_posts"":2,""character_coverage"":0.034483},{""copyright"":""yu-gi-oh!_5d's"",""co_posts"":1,""character_coverage"":0.017241},{""copyright"":""yu-gi-oh!_gx"",""co_posts"":1,""character_coverage"":0.017241}]","","","PENDING",""
"I70-029786","squirrel_(jjjjmmn_err)","4","Character","65","","","","","罐饼","","[{""copyright"":""original"",""co_posts"":65,""character_coverage"":1.0},{""copyright"":""chiikawa"",""co_posts"":1,""character_coverage"":0.015385}]","","","PENDING",""
"I70-029787","stay_gold_(gold-triumph)_(umamusume)","4","Character","65","","","","","","","[{""copyright"":""umamusume"",""co_posts"":65,""character_coverage"":1.0}]","","","PENDING",""
"I70-029788","suga_kenzo","4","Character","65","","","","","酸賀研造","","[{""copyright"":""kamen_rider"",""co_posts"":49,""character_coverage"":1.0},{""copyright"":""kamen_rider_gavv_(series)"",""co_posts"":49,""character_coverage"":1.0},{""copyright"":""blue_archive"",""co_posts"":1,""character_coverage"":0.020408},{""copyright"":""idolmaster"",""co_posts"":1,""character_coverage"":0.020408},{""copyright"":""idolmaster_cinderella_girls"",""co_posts"":1,""character_coverage"":0.020408}]","","","PENDING",""
"I70-029789","sun_wukong_(omniscient_reader's_viewpoint)","4","Character","65","","","","","","","[{""copyright"":""omniscient_reader's_viewpoint"",""co_posts"":63,""character_coverage"":1.0}]","","","PENDING",""
"I70-029790","sunny_(gino's)_(omori)","4","Character","65","","","","","","","[{""copyright"":""omori"",""co_posts"":62,""character_coverage"":1.0},{""copyright"":""original"",""co_posts"":3,""character_coverage"":0.048387},{""copyright"":""indie_virtual_youtuber"",""co_posts"":2,""character_coverage"":0.032258},{""copyright"":""domino's_pizza"",""co_posts"":1,""character_coverage"":0.016129}]","","","PENDING",""
"I70-029791","superbia_(bravern)","4","Character","65","","","","","スペルビア","","[{""copyright"":""yuuki_bakuhatsu_bang_bravern"",""co_posts"":64,""character_coverage"":1.0},{""copyright"":""cygames"",""co_posts"":4,""character_coverage"":0.0625},{""copyright"":""original"",""co_posts"":2,""character_coverage"":0.03125},{""copyright"":""umamusume"",""co_posts"":2,""character_coverage"":0.03125},{""copyright"":""golden_kamuy"",""co_posts"":1,""character_coverage"":0.015625}]","","","PENDING",""
"I70-029792","suri_solari","4","Character","65","","","","","","","[{""copyright"":""v&u_entertainment"",""co_posts"":58,""character_coverage"":1.0},{""copyright"":""how_to_train_your_dragon_(series)"",""co_posts"":1,""character_coverage"":0.017241},{""copyright"":""spice_and_wolf"",""co_posts"":1,""character_coverage"":0.017241}]","","","PENDING",""
"I70-029793","suzunomiya_lilisa","4","Character","65","","","","","鈴ノ宮りりさ","","[{""copyright"":""rock_wa_lady_no_tashinami_deshite"",""co_posts"":60,""character_coverage"":1.0},{""copyright"":""boku_no_hero_academia"",""co_posts"":1,""character_coverage"":0.016667},{""copyright"":""hirogaru_sky!_precure"",""co_posts"":1,""character_coverage"":0.016667},{""copyright"":""k-on!"",""co_posts"":1,""character_coverage"":0.016667},{""copyright"":""megami_magazine"",""co_posts"":1,""character_coverage"":0.016667}]","","","PENDING",""
"I70-029794","suzurikawa_euphrasie_ruika","4","Character","65","","","","","砚川·e·泪香","","[{""copyright"":""amakano_~second_season~"",""co_posts"":63,""character_coverage"":0.984375},{""copyright"":""amakano"",""co_posts"":10,""character_coverage"":0.15625},{""copyright"":""comic_exe"",""co_posts"":4,""character_coverage"":0.0625},{""copyright"":""amakano_2"",""co_posts"":2,""character_coverage"":0.03125},{""copyright"":""dengeki_moeoh"",""co_posts"":1,""character_coverage"":0.015625}]","","","PENDING",""
"I70-029795","suzuya_aki_(1st_costume)","4","Character","65","","","","","鈴谷アキ(通常)","","[{""copyright"":""nijisanji"",""co_posts"":65,""character_coverage"":1.0},{""copyright"":""nijisanji_en"",""co_posts"":3,""character_coverage"":0.046154},{""copyright"":""nijisanji_kr"",""co_posts"":3,""character_coverage"":0.046154},{""copyright"":""pokemon"",""co_posts"":2,""character_coverage"":0.030769},{""copyright"":""devilman"",""co_posts"":1,""character_coverage"":0.015385}]","","","PENDING",""
"I70-029796","taipan_(kemono_friends)","4","Character","65","","","","","タイパン(けものフレンズ)","","[{""copyright"":""kemono_friends"",""co_posts"":63,""character_coverage"":1.0},{""copyright"":""kemono_friends_3"",""co_posts"":28,""character_coverage"":0.444444},{""copyright"":""crunchyroll"",""co_posts"":1,""character_coverage"":0.015873},{""copyright"":""ghost_in_the_shell"",""co_posts"":1,""character_coverage"":0.015873},{""copyright"":""keroro_gunsou"",""co_posts"":1,""character_coverage"":0.015873}]","","","PENDING",""
"I70-029797","takahashi_tetsuo","4","Character","65","","","","","高橋鉄男","","[{""copyright"":""demi-chan_wa_kataritai"",""co_posts"":60,""character_coverage"":1.0},{""copyright"":""bram_stoker's_dracula"",""co_posts"":1,""character_coverage"":0.016667},{""copyright"":""gabriel_dropout"",""co_posts"":1,""character_coverage"":0.016667},{""copyright"":""jujutsu_kaisen"",""co_posts"":1,""character_coverage"":0.016667},{""copyright"":""kobayashi-san_chi_no_maidragon"",""co_posts"":1,""character_coverage"":0.016667}]","","","PENDING",""
"I70-029798","take_yutaka","4","Character","65","","","","","タッケ","","[{""copyright"":""real_life"",""co_posts"":49,""character_coverage"":0.830508},{""copyright"":""umamusume"",""co_posts"":48,""character_coverage"":0.813559},{""copyright"":""original"",""co_posts"":3,""character_coverage"":0.050847},{""copyright"":""pakatube"",""co_posts"":3,""character_coverage"":0.050847},{""copyright"":""umamusume:_cinderella_gray"",""co_posts"":3,""character_coverage"":0.050847}]","","","PENDING",""
"I70-029799","tanyuu_karibusa","4","Character","65","","","","","狩房淡幽","","[{""copyright"":""mushishi"",""co_posts"":36,""character_coverage"":1.0}]","","","PENDING",""
"I70-029800","theresa_apocalypse_(sugar_haw_child)","4","Character","65","","","","","","","[{""copyright"":""honkai_(series)"",""co_posts"":60,""character_coverage"":1.0},{""copyright"":""honkai_impact_3rd"",""co_posts"":60,""character_coverage"":1.0},{""copyright"":""genshin_impact"",""co_posts"":1,""character_coverage"":0.016667},{""copyright"":""mihoyo"",""co_posts"":1,""character_coverage"":0.016667}]","","","PENDING",""
"I70-029801","tidehunter_(dota)","4","Character","65","","","","","Tidehunter（dota）","","[{""copyright"":""kantai_collection"",""co_posts"":53,""character_coverage"":0.868852},{""copyright"":""dota_(series)"",""co_posts"":48,""character_coverage"":0.786885},{""copyright"":""dota_2"",""co_posts"":48,""character_coverage"":0.786885},{""copyright"":""real_life"",""co_posts"":2,""character_coverage"":0.032787},{""copyright"":""azur_lane"",""co_posts"":1,""character_coverage"":0.016393}]","","","PENDING",""
"I70-029802","togawa_rin","4","Character","65","","","","","戸川凛","","[{""copyright"":""hitozuma_kyoushi_ga_oshiego_no_joshikousei_ni_dohamari_suru_hanashi"",""co_posts"":56,""character_coverage"":1.0}]","","","PENDING",""
"I70-029803","toromi_(samegami)","4","Character","65","","","","","トロミ（サンガミ）","","[{""copyright"":""original"",""co_posts"":65,""character_coverage"":1.0},{""copyright"":""comiket_92"",""co_posts"":1,""character_coverage"":0.015385}]","","","PENDING",""
"I70-029804","tougou_tsuyoshi","4","Character","65","","","","","東郷毅","","[{""copyright"":""dai_(series)"",""co_posts"":51,""character_coverage"":1.0},{""copyright"":""daiteikoku"",""co_posts"":51,""character_coverage"":1.0},{""copyright"":""kantai_collection"",""co_posts"":1,""character_coverage"":0.019608}]","","","PENDING",""
"I70-029805","tsuina_(dohna_dohna)","4","Character","65","","","","","壬生終名","","[{""copyright"":""dohna_dohna_issho_ni_warui_koto_o_shiyou"",""co_posts"":22,""character_coverage"":1.0},{""copyright"":""hololive"",""co_posts"":2,""character_coverage"":0.090909},{""copyright"":""hololive_english"",""co_posts"":2,""character_coverage"":0.090909}]","","","PENDING",""
"I70-029806","tsukimiya_ringo","4","Character","65","","","","","月宮林檎","","[{""copyright"":""uta_no_prince-sama"",""co_posts"":63,""character_coverage"":1.0},{""copyright"":""macross"",""co_posts"":3,""character_coverage"":0.047619},{""copyright"":""macross_frontier"",""co_posts"":3,""character_coverage"":0.047619},{""copyright"":""uta_no_prince-sama_maji_love_2000%"",""co_posts"":2,""character_coverage"":0.031746},{""copyright"":""alice's_adventures_in_wonderland"",""co_posts"":1,""character_coverage"":0.015873}]","","","PENDING",""
"I70-029807","tsukushino_mitsugu","4","Character","65","","","","","ツクシノ・ミトゥグ","","[{""copyright"":""resort_boin"",""co_posts"":40,""character_coverage"":0.740741},{""copyright"":""boin"",""co_posts"":15,""character_coverage"":0.277778}]","","","PENDING",""
"I70-029808","tsukuyomi_shouta","4","Character","65","","","","","月読ショウタ","","[{""copyright"":""voiceroid"",""co_posts"":63,""character_coverage"":1.0},{""copyright"":""vocaloid"",""co_posts"":22,""character_coverage"":0.349206},{""copyright"":""cevio"",""co_posts"":10,""character_coverage"":0.15873},{""copyright"":""a.i._voice"",""co_posts"":9,""character_coverage"":0.142857},{""copyright"":""utau"",""co_posts"":7,""character_coverage"":0.111111}]","","","PENDING",""
"I70-029809","type_56-1_(girls'_frontline)","4","Character","65","type56-1_(girls'_frontline),type_56_assault_rifle_(girls'_frontline),type_56_assault_rifle_(girls_frontline)","type 56 assault rifle (girls frontline) | type 56 assault rifle (girls' frontline) | type56-1 (girls' frontline)","","","56-1式(ドールズフロントライン)","","[{""copyright"":""girls'_frontline"",""co_posts"":64,""character_coverage"":1.0},{""copyright"":""metal_gear_(series)"",""co_posts"":2,""character_coverage"":0.03125},{""copyright"":""rainbow_six_siege"",""co_posts"":2,""character_coverage"":0.03125},{""copyright"":""tvfilthyfrank"",""co_posts"":1,""character_coverage"":0.015625}]","","","PENDING",""
"I70-029810","ui_(trickcal)","4","Character","65","","","","","ウイ","","[{""copyright"":""trickcal"",""co_posts"":43,""character_coverage"":0.977273},{""copyright"":""blue_archive"",""co_posts"":1,""character_coverage"":0.022727},{""copyright"":""indie_virtual_youtuber"",""co_posts"":1,""character_coverage"":0.022727},{""copyright"":""instagram"",""co_posts"":1,""character_coverage"":0.022727},{""copyright"":""the_kiss"",""co_posts"":1,""character_coverage"":0.022727}]","","","PENDING",""
"I70-029811","ullrid_(girls'_frontline_2)","4","Character","65","","","","","ウルリド(ドールズフロントライン2)","","[{""copyright"":""girls'_frontline"",""co_posts"":62,""character_coverage"":1.0},{""copyright"":""girls'_frontline_2:_exilium"",""co_posts"":62,""character_coverage"":1.0},{""copyright"":""spongebob_squarepants_(series)"",""co_posts"":1,""character_coverage"":0.016129}]","","","PENDING",""
"I70-029812","unegu_(kenkon_no_washi)","4","Character","65","","","","","","","[{""copyright"":""kenkon_no_washi"",""co_posts"":65,""character_coverage"":1.0},{""copyright"":""original"",""co_posts"":1,""character_coverage"":0.015385}]","","","PENDING",""
"I70-029813","unown_z","4","Character","65","","","","","アンノーンZ","","[{""copyright"":""pokemon"",""co_posts"":59,""character_coverage"":1.0},{""copyright"":""pokemon_gold/silver/crystal"",""co_posts"":6,""character_coverage"":0.101695},{""copyright"":""pokemon_(anime)"",""co_posts"":5,""character_coverage"":0.084746},{""copyright"":""pokemon_(classic_anime)"",""co_posts"":4,""character_coverage"":0.067797},{""copyright"":""pokemon_3:_the_movie_-_spell_of_the_unown:_entei"",""co_posts"":3,""character_coverage"":0.050847}]","","","PENDING",""
"I70-029814","urataros","4","Character","65","","","","","ウラタロス","","[{""copyright"":""kamen_rider"",""co_posts"":58,""character_coverage"":1.0},{""copyright"":""kamen_rider_den-o_(series)"",""co_posts"":58,""character_coverage"":1.0},{""copyright"":""kamen_rider_dcd"",""co_posts"":5,""character_coverage"":0.086207},{""copyright"":""umamusume"",""co_posts"":4,""character_coverage"":0.068966},{""copyright"":""idolmaster"",""co_posts"":3,""character_coverage"":0.051724}]","","","PENDING",""
"I70-029815","vestia_zeta_(businesswoman)","4","Character","65","","","","","","","[{""copyright"":""hololive"",""co_posts"":61,""character_coverage"":1.0},{""copyright"":""hololive_indonesia"",""co_posts"":61,""character_coverage"":1.0},{""copyright"":""hololive_english"",""co_posts"":2,""character_coverage"":0.032787},{""copyright"":""jojo_no_kimyou_na_bouken"",""co_posts"":1,""character_coverage"":0.016393},{""copyright"":""vento_aureo"",""co_posts"":1,""character_coverage"":0.016393}]","","","PENDING",""
"I70-029816","viridiana_(girls_und_panzer)","4","Character","65","","","","","ヴィリディアナ","","[{""copyright"":""girls_und_panzer"",""co_posts"":52,""character_coverage"":1.0},{""copyright"":""girls_und_panzer_motto_love_love_sakusen_desu!"",""co_posts"":10,""character_coverage"":0.192308},{""copyright"":""gundam"",""co_posts"":1,""character_coverage"":0.019231},{""copyright"":""mobile_suit_gundam"",""co_posts"":1,""character_coverage"":0.019231}]","","","PENDING",""
"I70-029817","wakabayashi_ikuno","4","Character","65","","","","","若林郁乃","","[{""copyright"":""wakabayashi-kun_ga_nekasete_kurenai"",""co_posts"":65,""character_coverage"":1.0},{""copyright"":""doraemon"",""co_posts"":1,""character_coverage"":0.015385}]","","","PENDING",""
"I70-029818","wallace_(porforever)","4","Character","65","","","","","","","[{""copyright"":""original"",""co_posts"":65,""character_coverage"":1.0}]","","","PENDING",""
"I70-029819","washington_(warship_girls_r)","4","Character","65","","","","","ワシントン","","[{""copyright"":""warship_girls_r"",""co_posts"":59,""character_coverage"":1.0},{""copyright"":""kantai_collection"",""co_posts"":3,""character_coverage"":0.050847},{""copyright"":""the_godfather"",""co_posts"":1,""character_coverage"":0.016949},{""copyright"":""toaru_kagaku_no_railgun"",""co_posts"":1,""character_coverage"":0.016949},{""copyright"":""toaru_kagaku_no_railgun_s"",""co_posts"":1,""character_coverage"":0.016949}]","","","PENDING",""
"I70-029820","willford_diccard","4","Character","65","","","","","","","[{""copyright"":""dungeons_&_dragons"",""co_posts"":64,""character_coverage"":0.984615},{""copyright"":""original"",""co_posts"":64,""character_coverage"":0.984615},{""copyright"":""gachimuchi"",""co_posts"":1,""character_coverage"":0.015385}]","","","PENDING",""
"I70-029821","wirt_(over_the_garden_wall)","4","Character","65","","","","","","","[{""copyright"":""over_the_garden_wall"",""co_posts"":62,""character_coverage"":1.0},{""copyright"":""adventure_time"",""co_posts"":6,""character_coverage"":0.096774},{""copyright"":""gravity_falls"",""co_posts"":4,""character_coverage"":0.064516},{""copyright"":""cartoon_network"",""co_posts"":3,""character_coverage"":0.048387},{""copyright"":""dc_comics"",""co_posts"":3,""character_coverage"":0.048387}]","","","PENDING",""
"I70-029822","yamamoto_nanako","4","Character","65","","","","","山本ナナコ","","[{""copyright"":""hanamaru_youchien"",""co_posts"":60,""character_coverage"":1.0},{""copyright"":""aria_(manga)"",""co_posts"":3,""character_coverage"":0.05},{""copyright"":""kodomo_no_jikan"",""co_posts"":1,""character_coverage"":0.016667},{""copyright"":""kure-nai"",""co_posts"":1,""character_coverage"":0.016667},{""copyright"":""love_plus"",""co_posts"":1,""character_coverage"":0.016667}]","","","PENDING",""
"I70-029823","yorumi_rena_(5th_costume)","4","Character","65","","","","","夜見れな(メイド服)","","[{""copyright"":""nijisanji"",""co_posts"":64,""character_coverage"":1.0}]","","","PENDING",""
"I70-029824","yoshioka_yuki","4","Character","65","","","","","吉岡ゆき","","[{""copyright"":""mitsudomoe_(manga)"",""co_posts"":61,""character_coverage"":1.0},{""copyright"":""k-on!"",""co_posts"":3,""character_coverage"":0.04918},{""copyright"":""el_shaddai"",""co_posts"":1,""character_coverage"":0.016393},{""copyright"":""maria-sama_ga_miteru"",""co_posts"":1,""character_coverage"":0.016393}]","","","PENDING",""
"I70-029825","yugiri_(senran_kagura)","4","Character","65","","","","","夕霧(閃乱カグラ)","","[{""copyright"":""senran_kagura"",""co_posts"":65,""character_coverage"":1.0},{""copyright"":""senran_kagura_new_wave"",""co_posts"":63,""character_coverage"":0.969231}]","","","PENDING",""
"I70-029826","yugiri_tsuzuri_(summer_training_wear)","4","Character","65","yugiri_tsuzuri_(summer_training_outfit)","yugiri tsuzuri (summer training outfit)","","","","","[{""copyright"":""love_live!"",""co_posts"":65,""character_coverage"":1.0},{""copyright"":""love_live!_hasu_no_sora_jogakuin_school_idol_club"",""co_posts"":65,""character_coverage"":1.0},{""copyright"":""asdfmovie"",""co_posts"":2,""character_coverage"":0.030769},{""copyright"":""d4dj"",""co_posts"":2,""character_coverage"":0.030769},{""copyright"":""do_it_yourself!!"",""co_posts"":2,""character_coverage"":0.030769}]","","","PENDING",""
"I70-029827","yuiyui_(konosuba)","4","Character","65","","","","","ゆいゆい","","[{""copyright"":""kono_subarashii_sekai_ni_shukufuku_wo!"",""co_posts"":65,""character_coverage"":1.0},{""copyright"":""twitter"",""co_posts"":2,""character_coverage"":0.030769},{""copyright"":""kono_subarashii_sekai_ni_bakuen_wo!"",""co_posts"":1,""character_coverage"":0.015385}]","","","PENDING",""
"I70-029828","yukana","4","Character","65","","","","","ゆかな","","[{""copyright"":""code_geass"",""co_posts"":33,""character_coverage"":0.568966},{""copyright"":""precure"",""co_posts"":13,""character_coverage"":0.224138},{""copyright"":""futari_wa_precure"",""co_posts"":11,""character_coverage"":0.189655},{""copyright"":""aoki_hagane_no_arpeggio"",""co_posts"":7,""character_coverage"":0.12069},{""copyright"":""infinite_stratos"",""co_posts"":7,""character_coverage"":0.12069}]","","","PENDING",""
"I70-029829","yurishia_farandole","4","Character","65","","","","","ユリシア・ファランドール","","[{""copyright"":""masou_gakuen_hxh"",""co_posts"":41,""character_coverage"":1.0},{""copyright"":""megami_magazine"",""co_posts"":2,""character_coverage"":0.04878},{""copyright"":""dengeki_g's"",""co_posts"":1,""character_coverage"":0.02439},{""copyright"":""nyantype"",""co_posts"":1,""character_coverage"":0.02439}]","","","PENDING",""
"I70-029830","yusa_(jashin-chan_dropkick)","4","Character","65","","","","","遊佐(邪神ちゃんドロップキック)","","[{""copyright"":""jashin-chan_dropkick"",""co_posts"":59,""character_coverage"":1.0},{""copyright"":""maria-sama_ga_miteru"",""co_posts"":1,""character_coverage"":0.016949}]","","","PENDING",""
"I70-029831","z19_hermann_kunne_(azur_lane)","4","Character","65","","","","","Z19(アズールレーン)","","[{""copyright"":""azur_lane"",""co_posts"":61,""character_coverage"":1.0},{""copyright"":""carnival_phantasm"",""co_posts"":1,""character_coverage"":0.016393},{""copyright"":""comiket_104"",""co_posts"":1,""character_coverage"":0.016393},{""copyright"":""mega_man_(series)"",""co_posts"":1,""character_coverage"":0.016393},{""copyright"":""sekaiju_no_meikyuu"",""co_posts"":1,""character_coverage"":0.016393}]","","","PENDING",""
"I70-029832","zakuro_(otome_youkai_zakuro)","4","Character","65","","","","","ザクロ（Otome Youkai Zakuro）","","[{""copyright"":""otome_youkai_zakuro"",""co_posts"":63,""character_coverage"":1.0},{""copyright"":""kami_nomi_zo_shiru_sekai"",""co_posts"":3,""character_coverage"":0.047619},{""copyright"":""panty_&_stocking_with_garterbelt"",""co_posts"":2,""character_coverage"":0.031746},{""copyright"":""shinryaku!_ikamusume"",""co_posts"":2,""character_coverage"":0.031746},{""copyright"":""soredemo_machi_wa_mawatteiru"",""co_posts"":2,""character_coverage"":0.031746}]","","","PENDING",""
"I70-029833","zao_(housamo)","4","Character","65","zaou_(housamo),zaou_(tokyo_houkago_summoners)","zaou (housamo) | zaou (tokyo houkago summoners)","","","ザオウ","","[{""copyright"":""tokyo_afterschool_summoners"",""co_posts"":65,""character_coverage"":1.0},{""copyright"":""live_a_hero"",""co_posts"":1,""character_coverage"":0.015385},{""copyright"":""shoukan_yuusha_to_f-kei_kareshi"",""co_posts"":1,""character_coverage"":0.015385}]","","","PENDING",""
"I70-029834","zircon_(houseki_no_kuni)","4","Character","65","","","","","ジルコン","","[{""copyright"":""houseki_no_kuni"",""co_posts"":63,""character_coverage"":1.0},{""copyright"":""girls_und_panzer"",""co_posts"":2,""character_coverage"":0.031746},{""copyright"":""sanoba_witch"",""co_posts"":1,""character_coverage"":0.015873}]","","","PENDING",""
"I70-029835","zoushi_kanai","4","Character","65","","","","","ゾーシィ・カナイ","","[{""copyright"":""tengen_toppa_gurren_lagann"",""co_posts"":61,""character_coverage"":1.0},{""copyright"":""neon_genesis_evangelion"",""co_posts"":4,""character_coverage"":0.065574},{""copyright"":""tengen_toppa_gurren_lagann:_lagann-hen"",""co_posts"":4,""character_coverage"":0.065574},{""copyright"":""top_wo_nerae!_(series)"",""co_posts"":4,""character_coverage"":0.065574},{""copyright"":""top_wo_nerae_2!"",""co_posts"":4,""character_coverage"":0.065574}]","","","PENDING",""
"I70-029836","9a-91_(bullets_cafe)_(girls'_frontline)","4","Character","64","","","","","弾丸カフェ","","[{""copyright"":""girls'_frontline"",""co_posts"":61,""character_coverage"":1.0},{""copyright"":""comiket_101"",""co_posts"":1,""character_coverage"":0.016393}]","","","PENDING",""
"I70-029837","ageha_mia","4","Character","64","","","","","上葉みあ","","[{""copyright"":""pretty_rhythm"",""co_posts"":49,""character_coverage"":1.0},{""copyright"":""pretty_series"",""co_posts"":49,""character_coverage"":1.0},{""copyright"":""pretty_rhythm_dear_my_future"",""co_posts"":46,""character_coverage"":0.938776},{""copyright"":""pretty_rhythm_aurora_dream"",""co_posts"":19,""character_coverage"":0.387755},{""copyright"":""pretty_rhythm_rainbow_live"",""co_posts"":17,""character_coverage"":0.346939}]","","","PENDING",""
"I70-029838","aila_paivikki_linnamaa","4","Character","64","","","","","アイラ・ペイヴィッキ・リンナマー","","[{""copyright"":""luminous_witches"",""co_posts"":57,""character_coverage"":1.0},{""copyright"":""world_witches_series"",""co_posts"":57,""character_coverage"":1.0},{""copyright"":""mc_axis"",""co_posts"":4,""character_coverage"":0.070175},{""copyright"":""brave_witches"",""co_posts"":2,""character_coverage"":0.035088},{""copyright"":""strike_witches"",""co_posts"":2,""character_coverage"":0.035088}]","","","PENDING",""
"I70-029839","aino_mito","4","Character","64","","","","","相野みと","","[{""copyright"":""magia_record:_mahou_shoujo_madoka_magica_gaiden"",""co_posts"":61,""character_coverage"":1.0},{""copyright"":""mahou_shoujo_madoka_magica"",""co_posts"":61,""character_coverage"":1.0},{""copyright"":""mahou_shoujo_madoka_magica_magia_exedra"",""co_posts"":6,""character_coverage"":0.098361},{""copyright"":""mahou_shoujo_oriko_magica"",""co_posts"":4,""character_coverage"":0.065574},{""copyright"":""lyrical_nanoha"",""co_posts"":3,""character_coverage"":0.04918}]","","","PENDING",""
"I70-029840","aizawa_asahi_(unbalance)","4","Character","64","","","","","Aizawa Asahi（Unbalance）","","[{""copyright"":""original"",""co_posts"":59,""character_coverage"":1.0},{""copyright"":""dragon_quest"",""co_posts"":1,""character_coverage"":0.016949},{""copyright"":""dragon_quest_viii"",""co_posts"":1,""character_coverage"":0.016949},{""copyright"":""one_piece"",""co_posts"":1,""character_coverage"":0.016949}]","","","PENDING",""
"I70-029841","akiyama_shun","4","Character","64","","","","","秋山駿","","[{""copyright"":""ryuu_ga_gotoku_(series)"",""co_posts"":62,""character_coverage"":0.984127},{""copyright"":""ryuu_ga_gotoku_4"",""co_posts"":39,""character_coverage"":0.619048},{""copyright"":""ryuu_ga_gotoku_1"",""co_posts"":13,""character_coverage"":0.206349},{""copyright"":""ryuu_ga_gotoku_3"",""co_posts"":6,""character_coverage"":0.095238},{""copyright"":""ryuu_ga_gotoku_ishin!"",""co_posts"":5,""character_coverage"":0.079365}]","","","PENDING",""
"I70-029842","albacore_(warship_girls_r)","4","Character","64","","","","","アルバコア","","[{""copyright"":""warship_girls_r"",""co_posts"":62,""character_coverage"":1.0},{""copyright"":""kantai_collection"",""co_posts"":8,""character_coverage"":0.129032},{""copyright"":""azur_lane"",""co_posts"":2,""character_coverage"":0.032258},{""copyright"":""bokura_wa_ima_no_naka_de"",""co_posts"":1,""character_coverage"":0.016129},{""copyright"":""call_of_cthulhu"",""co_posts"":1,""character_coverage"":0.016129}]","","","PENDING",""
"I70-029843","alcryst_(ashen_outfit)_(fire_emblem)","4","Character","64","","","","","","","[{""copyright"":""fire_emblem"",""co_posts"":57,""character_coverage"":1.0},{""copyright"":""fire_emblem_engage"",""co_posts"":57,""character_coverage"":1.0},{""copyright"":""pokemon"",""co_posts"":1,""character_coverage"":0.017544}]","","","PENDING",""
"I70-029844","alexis_ness","4","Character","64","","","","","アレクシスネス","","[{""copyright"":""blue_lock"",""co_posts"":58,""character_coverage"":1.0},{""copyright"":""sousou_no_frieren"",""co_posts"":3,""character_coverage"":0.051724},{""copyright"":""chainsaw_man"",""co_posts"":1,""character_coverage"":0.017241},{""copyright"":""ganbare!_nakamura-kun!!"",""co_posts"":1,""character_coverage"":0.017241},{""copyright"":""twitter"",""co_posts"":1,""character_coverage"":0.017241}]","","","PENDING",""
"I70-029845","alleyway_watchdog_(project_moon)","4","Character","64","alleyway_watchdog_(limbus_company)","alleyway watchdog (limbus company)","","","","","[{""copyright"":""limbus_company"",""co_posts"":21,""character_coverage"":1.0},{""copyright"":""project_moon"",""co_posts"":21,""character_coverage"":1.0},{""copyright"":""library_of_ruina"",""co_posts"":3,""character_coverage"":0.142857},{""copyright"":""lobotomy_corporation"",""co_posts"":1,""character_coverage"":0.047619}]","","","PENDING",""
"I70-029846","alpha_(acerailgun)","4","Character","64","","","","","アルファ（acerailgun）","","[{""copyright"":""original"",""co_posts"":58,""character_coverage"":1.0}]","","","PENDING",""
"I70-029847","anchorage_(sweet_evening_milk)_(azur_lane)","4","Character","64","","","","","おいしいイブニング・ミルク","","[{""copyright"":""azur_lane"",""co_posts"":61,""character_coverage"":1.0},{""copyright"":""yostar"",""co_posts"":1,""character_coverage"":0.016393}]","","","PENDING",""
"I70-029848","angel_bunny","4","Character","64","angel_(my_little_pony)","angel (my little pony)","","","エンジェル","","[{""copyright"":""my_little_pony"",""co_posts"":53,""character_coverage"":1.0},{""copyright"":""my_little_pony:_friendship_is_magic"",""co_posts"":53,""character_coverage"":1.0},{""copyright"":""my_little_pony:_equestria_girls"",""co_posts"":18,""character_coverage"":0.339623},{""copyright"":""touhou"",""co_posts"":7,""character_coverage"":0.132075},{""copyright"":""marvel"",""co_posts"":5,""character_coverage"":0.09434}]","","","PENDING",""
"I70-029849","aono_tsukune","4","Character","64","","","","","青野月音","","[{""copyright"":""rosario+vampire"",""co_posts"":31,""character_coverage"":1.0}]","","","PENDING",""
"I70-029850","apple_magician_girl","4","Character","64","","","","","アップルマジシャンガール","","[{""copyright"":""yu-gi-oh!"",""co_posts"":62,""character_coverage"":1.0},{""copyright"":""yu-gi-oh!_the_dark_side_of_dimensions"",""co_posts"":22,""character_coverage"":0.354839},{""copyright"":""yu-gi-oh!_duel_monsters"",""co_posts"":3,""character_coverage"":0.048387},{""copyright"":""yu-gi-oh!_5d's"",""co_posts"":2,""character_coverage"":0.032258},{""copyright"":""yu-gi-oh!_gx"",""co_posts"":2,""character_coverage"":0.032258}]","","","PENDING",""
"I70-029851","arcueid_brunestud_(clad_in_glacier)","4","Character","64","","","","","氷河をまとう","","[{""copyright"":""tsukihime"",""co_posts"":57,""character_coverage"":1.0},{""copyright"":""tsukihime_(remake)"",""co_posts"":57,""character_coverage"":1.0},{""copyright"":""fate/grand_order"",""co_posts"":5,""character_coverage"":0.087719},{""copyright"":""fate_(series)"",""co_posts"":5,""character_coverage"":0.087719},{""copyright"":""haou_airen"",""co_posts"":1,""character_coverage"":0.017544}]","","","PENDING",""
"I70-029852","ariane_glenys_maple","4","Character","64","","","","","アリアン・グレニス・メープル","","[{""copyright"":""gaikotsu_kishi-sama_tadaima_isekai_e_odekake-chuu"",""co_posts"":52,""character_coverage"":1.0}]","","","PENDING",""
"I70-029853","aries_shion","4","Character","64","","","","","牡羊座のシオン","","[{""copyright"":""saint_seiya"",""co_posts"":60,""character_coverage"":1.0},{""copyright"":""saint_seiya:_the_lost_canvas"",""co_posts"":22,""character_coverage"":0.366667},{""copyright"":""saint_seiya_omega"",""co_posts"":6,""character_coverage"":0.1},{""copyright"":""saint_seiya_saintia_sho"",""co_posts"":1,""character_coverage"":0.016667},{""copyright"":""the_last_supper"",""co_posts"":1,""character_coverage"":0.016667}]","","","PENDING",""
"I70-029854","arisa_(charon_universe)","4","Character","64","","","","","","","[{""copyright"":""charon_universe"",""co_posts"":63,""character_coverage"":1.0},{""copyright"":""daten_route"",""co_posts"":1,""character_coverage"":0.015873},{""copyright"":""indie_virtual_youtuber"",""co_posts"":1,""character_coverage"":0.015873},{""copyright"":""league_of_legends"",""co_posts"":1,""character_coverage"":0.015873}]","","","PENDING",""
"I70-029855","armadimon","4","Character","64","armadillomon","armadillomon","","","アルマジモン","","[{""copyright"":""digimon"",""co_posts"":60,""character_coverage"":1.0},{""copyright"":""digimon_adventure_02"",""co_posts"":45,""character_coverage"":0.75},{""copyright"":""digimon_adventure"",""co_posts"":9,""character_coverage"":0.15},{""copyright"":""digimon_tamers"",""co_posts"":6,""character_coverage"":0.1},{""copyright"":""digimon_card_game"",""co_posts"":5,""character_coverage"":0.083333}]","","","PENDING",""
"I70-029856","atlas_(mega_man)","4","Character","64","atlas","atlas","","","アトラス(ロックマン)","","[{""copyright"":""mega_man_(series)"",""co_posts"":54,""character_coverage"":1.0},{""copyright"":""mega_man_zx"",""co_posts"":54,""character_coverage"":1.0},{""copyright"":""mega_man_zx_advent"",""co_posts"":51,""character_coverage"":0.944444},{""copyright"":""mega_man_zero_(series)"",""co_posts"":6,""character_coverage"":0.111111},{""copyright"":""darkstalkers"",""co_posts"":1,""character_coverage"":0.018519}]","","","PENDING",""
"I70-029857","azazel_(last_origin)","4","Character","64","","","","","アザゼル（最後の起源）","","[{""copyright"":""last_origin"",""co_posts"":61,""character_coverage"":1.0},{""copyright"":""doom_(series)"",""co_posts"":1,""character_coverage"":0.016393},{""copyright"":""doom_eternal"",""co_posts"":1,""character_coverage"":0.016393},{""copyright"":""helltaker"",""co_posts"":1,""character_coverage"":0.016393},{""copyright"":""trickcal"",""co_posts"":1,""character_coverage"":0.016393}]","","","PENDING",""
"I70-029858","azki_(gyaru)_(hololive)","4","Character","64","","","","","ギャルきち","","[{""copyright"":""hololive"",""co_posts"":61,""character_coverage"":1.0},{""copyright"":""musunde_hiraite_rasetsu_to_mukuro_(vocaloid)"",""co_posts"":1,""character_coverage"":0.016393}]","","","PENDING",""
"I70-029859","bagpipe_(echo_of_bagpipes)_(arknights)","4","Character","64","","","","","","","[{""copyright"":""arknights"",""co_posts"":60,""character_coverage"":1.0},{""copyright"":""the_milkmaid"",""co_posts"":1,""character_coverage"":0.016667}]","","","PENDING",""
"I70-029860","balam_shichiro","4","Character","64","balam_shichirou","balam shichirou","","","バラム","","[{""copyright"":""mairimashita!_iruma-kun"",""co_posts"":64,""character_coverage"":1.0}]","","","PENDING",""
"I70-029861","beatrix_amerhauser","4","Character","64","","","","","ベアトリクス・アメルハウザー","","[{""copyright"":""zom_100:_zombie_ni_naru_made_ni_shitai_100_no_koto"",""co_posts"":58,""character_coverage"":1.0},{""copyright"":""aharen-san_wa_hakarenai"",""co_posts"":1,""character_coverage"":0.017241},{""copyright"":""goblin_slayer!"",""co_posts"":1,""character_coverage"":0.017241},{""copyright"":""kaguya-sama_wa_kokurasetai_~tensai-tachi_no_renai_zunousen~"",""co_posts"":1,""character_coverage"":0.017241}]","","","PENDING",""
"I70-029862","bell_beast_(hollow_knight)","4","Character","64","","","","","","","[{""copyright"":""hollow_knight"",""co_posts"":64,""character_coverage"":1.0},{""copyright"":""hollow_knight:_silksong"",""co_posts"":64,""character_coverage"":1.0},{""copyright"":""gorillaz"",""co_posts"":1,""character_coverage"":0.015625},{""copyright"":""hololive"",""co_posts"":1,""character_coverage"":0.015625},{""copyright"":""hololive_english"",""co_posts"":1,""character_coverage"":0.015625}]","","","PENDING",""
"I70-029863","black_egrets","4","Character","64","","","","","黒い白s","","[{""copyright"":""skullgirls"",""co_posts"":49,""character_coverage"":0.98},{""copyright"":""ace_attorney"",""co_posts"":2,""character_coverage"":0.04},{""copyright"":""looney_tunes"",""co_posts"":2,""character_coverage"":0.04},{""copyright"":""phoenix_wright:_ace_attorney"",""co_posts"":2,""character_coverage"":0.04},{""copyright"":""space_jam"",""co_posts"":2,""character_coverage"":0.04}]","","","PENDING",""
"I70-029864","blackberry_baelz","4","Character","64","","","","","","","[{""copyright"":""hololive"",""co_posts"":63,""character_coverage"":1.0},{""copyright"":""hololive_english"",""co_posts"":63,""character_coverage"":1.0},{""copyright"":""mirage_(takanashi_kiara)"",""co_posts"":1,""character_coverage"":0.015873},{""copyright"":""warhammer_40k"",""co_posts"":1,""character_coverage"":0.015873}]","","","PENDING",""
"I70-029865","blue_star","4","Character","64","","","","","蒼星","","[{""copyright"":""project_moon"",""co_posts"":60,""character_coverage"":1.0},{""copyright"":""lobotomy_corporation"",""co_posts"":53,""character_coverage"":0.883333},{""copyright"":""library_of_ruina"",""co_posts"":9,""character_coverage"":0.15},{""copyright"":""limbus_company"",""co_posts"":5,""character_coverage"":0.083333},{""copyright"":""mili_(band)"",""co_posts"":1,""character_coverage"":0.016667}]","","","PENDING",""
"I70-029866","bye-bye_dust_(infinity_nikki)","4","Character","64","","","","","ふわもこに溺れる","","[{""copyright"":""infinity_nikki"",""co_posts"":60,""character_coverage"":1.0},{""copyright"":""nikki_(series)"",""co_posts"":60,""character_coverage"":1.0},{""copyright"":""shining_nikki"",""co_posts"":2,""character_coverage"":0.033333},{""copyright"":""miracle_nikki"",""co_posts"":1,""character_coverage"":0.016667},{""copyright"":""nikki_up2u2:_world_traveller"",""co_posts"":1,""character_coverage"":0.016667}]","","","PENDING",""
"I70-029867","calypso_(honkai:_star_rail)","4","Character","64","","","","","カリュプソー","","[{""copyright"":""honkai:_star_rail"",""co_posts"":63,""character_coverage"":1.0},{""copyright"":""honkai_(series)"",""co_posts"":63,""character_coverage"":1.0}]","","","PENDING",""
"I70-029868","car-mouth_kirby","4","Character","64","car_mouth","car mouth","","","くるまほおばり","","[{""copyright"":""kirby_(series)"",""co_posts"":63,""character_coverage"":1.0},{""copyright"":""kirby_and_the_forgotten_land"",""co_posts"":55,""character_coverage"":0.873016},{""copyright"":""kirby_cafe"",""co_posts"":9,""character_coverage"":0.142857},{""copyright"":""kirby's_dream_land"",""co_posts"":8,""character_coverage"":0.126984},{""copyright"":""kirby:_right_back_at_ya!"",""co_posts"":7,""character_coverage"":0.111111}]","","","PENDING",""
"I70-029869","cecilus_segmunt","4","Character","64","","","","","セシルス・セグムント","","[{""copyright"":""re:zero_kara_hajimeru_isekai_seikatsu"",""co_posts"":59,""character_coverage"":1.0},{""copyright"":""my_little_pony"",""co_posts"":1,""character_coverage"":0.016949},{""copyright"":""my_little_pony:_friendship_is_magic"",""co_posts"":1,""character_coverage"":0.016949},{""copyright"":""re:zero_kara_ayamatsu_isekai_seikatsu"",""co_posts"":1,""character_coverage"":0.016949},{""copyright"":""re:zero_kara_kasaneru_isekai_seikatsu"",""co_posts"":1,""character_coverage"":0.016949}]","","","PENDING",""
"I70-029870","charlotte_wiltshire_(q84)","4","Character","64","","","","","","","[{""copyright"":""hello_charlotte"",""co_posts"":55,""character_coverage"":1.0},{""copyright"":"".flow"",""co_posts"":2,""character_coverage"":0.036364},{""copyright"":""end_roll"",""co_posts"":2,""character_coverage"":0.036364},{""copyright"":""ib_(kouri)"",""co_posts"":2,""character_coverage"":0.036364},{""copyright"":""lisa_(series)"",""co_posts"":2,""character_coverage"":0.036364}]","","","PENDING",""
"I70-029871","chen_lio","4","Character","64","","","","","チェンリオ","","[{""copyright"":""ragnarok_online"",""co_posts"":62,""character_coverage"":1.0},{""copyright"":""ano_hi_mita_hana_no_namae_wo_bokutachi_wa_mada_shiranai."",""co_posts"":1,""character_coverage"":0.016129},{""copyright"":""bishoujo_senshi_sailor_moon"",""co_posts"":1,""character_coverage"":0.016129},{""copyright"":""black_rock_shooter"",""co_posts"":1,""character_coverage"":0.016129},{""copyright"":""bokujou_monogatari"",""co_posts"":1,""character_coverage"":0.016129}]","","","PENDING",""
"I70-029872","cherie_espoir","4","Character","64","","","","","シェリー・エスポワール","","[{""copyright"":""marl_kingdom"",""co_posts"":52,""character_coverage"":1.0},{""copyright"":""rhapsody"",""co_posts"":49,""character_coverage"":0.942308},{""copyright"":""little_princess"",""co_posts"":17,""character_coverage"":0.326923},{""copyright"":""la_pucelle_tactics"",""co_posts"":4,""character_coverage"":0.076923},{""copyright"":""nippon_ichi"",""co_posts"":3,""character_coverage"":0.057692}]","","","PENDING",""
"I70-029873","chroah_vatel","4","Character","64","croix_bartel","croix bartel","","","クロア・バーテル","","[{""copyright"":""ar_tonelico"",""co_posts"":62,""character_coverage"":1.0},{""copyright"":""ar_tonelico_ii"",""co_posts"":61,""character_coverage"":0.983871},{""copyright"":""ar_tonelico_i"",""co_posts"":3,""character_coverage"":0.048387},{""copyright"":""ac_japan"",""co_posts"":2,""character_coverage"":0.032258},{""copyright"":""ar_tonelico_iii"",""co_posts"":2,""character_coverage"":0.032258}]","","","PENDING",""
"I70-029874","cor_leonis","4","Character","64","","","","","コル・リオニス","","[{""copyright"":""final_fantasy"",""co_posts"":64,""character_coverage"":1.0},{""copyright"":""final_fantasy_xv"",""co_posts"":63,""character_coverage"":0.984375},{""copyright"":""final_fantasy_xiv"",""co_posts"":2,""character_coverage"":0.03125},{""copyright"":""crisis_core:_final_fantasy_vii"",""co_posts"":1,""character_coverage"":0.015625},{""copyright"":""dirge_of_cerberus:_final_fantasy_vii"",""co_posts"":1,""character_coverage"":0.015625}]","","","PENDING",""
"I70-029875","cure_march_(princess_form)","4","Character","64","","","","","プリンセスマーチ","","[{""copyright"":""precure"",""co_posts"":62,""character_coverage"":1.0},{""copyright"":""smile_precure!"",""co_posts"":62,""character_coverage"":1.0},{""copyright"":""kamen_rider"",""co_posts"":3,""character_coverage"":0.048387},{""copyright"":""kamen_rider_fourze_(series)"",""co_posts"":3,""character_coverage"":0.048387},{""copyright"":""yes!_precure_5"",""co_posts"":2,""character_coverage"":0.032258}]","","","PENDING",""
"I70-029876","czerny_(arknights)","4","Character","64","","","","","ツェルニー(アークナイツ)","","[{""copyright"":""arknights"",""co_posts"":64,""character_coverage"":1.0},{""copyright"":""a_deer_of_nine_colors"",""co_posts"":2,""character_coverage"":0.03125},{""copyright"":""monster_hunter_(series)"",""co_posts"":2,""character_coverage"":0.03125},{""copyright"":""rainbow_six_siege"",""co_posts"":2,""character_coverage"":0.03125},{""copyright"":""the_legend_of_luo_xiaohei"",""co_posts"":2,""character_coverage"":0.03125}]","","","PENDING",""
"I70-029877","d.mon_(overwatch)","4","Character","64","","","","","","","[{""copyright"":""overwatch"",""co_posts"":21,""character_coverage"":1.0}]","","","PENDING",""
"I70-029878","daisy_dandelion","4","Character","64","","","","","","","[{""copyright"":""chromashift"",""co_posts"":64,""character_coverage"":1.0},{""copyright"":""brown_dust_(series)"",""co_posts"":2,""character_coverage"":0.03125},{""copyright"":""brown_dust_2"",""co_posts"":2,""character_coverage"":0.03125},{""copyright"":""fate/grand_order"",""co_posts"":2,""character_coverage"":0.03125},{""copyright"":""fate_(series)"",""co_posts"":2,""character_coverage"":0.03125}]","","","PENDING",""
"I70-029879","danny_fenton","4","Character","64","daniel_fenton","daniel fenton","","","ダニー・フェントン","","[{""copyright"":""danny_phantom"",""co_posts"":40,""character_coverage"":1.0},{""copyright"":""my_life_as_a_teenage_robot"",""co_posts"":8,""character_coverage"":0.2},{""copyright"":""nickelodeon"",""co_posts"":8,""character_coverage"":0.2},{""copyright"":""spongebob_squarepants_(series)"",""co_posts"":8,""character_coverage"":0.2},{""copyright"":""the_fairly_oddparents"",""co_posts"":8,""character_coverage"":0.2}]","","","PENDING",""
"I70-029880","dapiko_(duel_masters)","4","Character","64","","","","","ダピコ","","[{""copyright"":""duel_masters"",""co_posts"":48,""character_coverage"":1.0},{""copyright"":""duel_masters_play's"",""co_posts"":48,""character_coverage"":1.0},{""copyright"":""fate/grand_order"",""co_posts"":2,""character_coverage"":0.041667},{""copyright"":""fate_(series)"",""co_posts"":2,""character_coverage"":0.041667},{""copyright"":""blue_archive"",""co_posts"":1,""character_coverage"":0.020833}]","","","PENDING",""
"I70-029881","death_knight_(warcraft)","4","Character","64","","","","","デスナイト（ウォークラフト）","","[{""copyright"":""warcraft"",""co_posts"":44,""character_coverage"":0.93617},{""copyright"":""world_of_warcraft"",""co_posts"":43,""character_coverage"":0.914894},{""copyright"":""chronicle_of_myers"",""co_posts"":6,""character_coverage"":0.12766},{""copyright"":""touhou"",""co_posts"":6,""character_coverage"":0.12766},{""copyright"":""original"",""co_posts"":3,""character_coverage"":0.06383}]","","","PENDING",""
"I70-029882","delling_rembran","4","Character","64","","","","","デリング・レンブラン","","[{""copyright"":""gundam"",""co_posts"":63,""character_coverage"":0.984375},{""copyright"":""gundam_suisei_no_majo"",""co_posts"":63,""character_coverage"":0.984375},{""copyright"":""getter_robo"",""co_posts"":4,""character_coverage"":0.0625},{""copyright"":""shin_getter_robo"",""co_posts"":2,""character_coverage"":0.03125},{""copyright"":""super_robot_wars"",""co_posts"":2,""character_coverage"":0.03125}]","","","PENDING",""
"I70-029883","doctor_ferdinand","4","Character","64","","","","","フェルディナンド博士","","[{""copyright"":""jojo_no_kimyou_na_bouken"",""co_posts"":64,""character_coverage"":1.0},{""copyright"":""steel_ball_run"",""co_posts"":63,""character_coverage"":0.984375},{""copyright"":""diamond_wa_kudakenai"",""co_posts"":1,""character_coverage"":0.015625},{""copyright"":""jojolion"",""co_posts"":1,""character_coverage"":0.015625},{""copyright"":""pokemon"",""co_posts"":1,""character_coverage"":0.015625}]","","","PENDING",""
"I70-029884","dry_bones","4","Character","64","","","","","カロン(マリオシリーズ)","","[{""copyright"":""mario_(series)"",""co_posts"":62,""character_coverage"":1.0},{""copyright"":""new_super_mario_bros._u_deluxe"",""co_posts"":12,""character_coverage"":0.193548},{""copyright"":""donkey_kong_(series)"",""co_posts"":5,""character_coverage"":0.080645},{""copyright"":""super_mario_3d_world"",""co_posts"":5,""character_coverage"":0.080645},{""copyright"":""mario_kart"",""co_posts"":4,""character_coverage"":0.064516}]","","","PENDING",""
"I70-029885","e-102_gamma","4","Character","64","","","","","ガンマ","","[{""copyright"":""sonic_(series)"",""co_posts"":56,""character_coverage"":1.0},{""copyright"":""sonic_adventure"",""co_posts"":44,""character_coverage"":0.785714},{""copyright"":""sonic_the_hedgehog_(classic)"",""co_posts"":5,""character_coverage"":0.089286},{""copyright"":""sega"",""co_posts"":4,""character_coverage"":0.071429},{""copyright"":""sonic_riders_(series)"",""co_posts"":4,""character_coverage"":0.071429}]","","","PENDING",""
"I70-029886","eagle_1_(helldivers)","4","Character","64","","","","","","","[{""copyright"":""helldivers_(series)"",""co_posts"":57,""character_coverage"":1.0},{""copyright"":""original"",""co_posts"":3,""character_coverage"":0.052632},{""copyright"":""among_us"",""co_posts"":2,""character_coverage"":0.035088},{""copyright"":""marvel"",""co_posts"":2,""character_coverage"":0.035088},{""copyright"":""spider-man_(series)"",""co_posts"":2,""character_coverage"":0.035088}]","","","PENDING",""
"I70-029887","eddelrittuo","4","Character","64","","","","","エデルリッゾ","","[{""copyright"":""aldnoah.zero"",""co_posts"":64,""character_coverage"":1.0},{""copyright"":""andersen's_fairy_tales"",""co_posts"":1,""character_coverage"":0.015625},{""copyright"":""animedia"",""co_posts"":1,""character_coverage"":0.015625},{""copyright"":""dungeon_ni_deai_wo_motomeru_no_wa_machigatteiru_darou_ka"",""co_posts"":1,""character_coverage"":0.015625},{""copyright"":""fate/stay_night"",""co_posts"":1,""character_coverage"":0.015625}]","","","PENDING",""
"I70-029888","edy_nelson","4","Character","64","","","","","エディ・ネルソン","","[{""copyright"":""senjou_no_valkyria_(series)"",""co_posts"":56,""character_coverage"":1.0},{""copyright"":""senjou_no_valkyria_1"",""co_posts"":45,""character_coverage"":0.803571},{""copyright"":""senjou_no_valkyria_3"",""co_posts"":4,""character_coverage"":0.071429},{""copyright"":""lucky_star"",""co_posts"":2,""character_coverage"":0.035714},{""copyright"":""nyantype"",""co_posts"":2,""character_coverage"":0.035714}]","","","PENDING",""
"I70-029889","ein_(mahjong_soul)","4","Character","64","","","","","エイン","","[{""copyright"":""mahjong_soul"",""co_posts"":62,""character_coverage"":1.0},{""copyright"":""akagi:_yami_ni_oritatta_tensai"",""co_posts"":3,""character_coverage"":0.048387},{""copyright"":""fukumoto_mahjong"",""co_posts"":3,""character_coverage"":0.048387},{""copyright"":""yostar"",""co_posts"":1,""character_coverage"":0.016129}]","","","PENDING",""
"I70-029890","elbe_(pure-hearted_bad_girl)_(azur_lane)","4","Character","64","","","","","","","[{""copyright"":""azur_lane"",""co_posts"":58,""character_coverage"":1.0},{""copyright"":""blue_archive"",""co_posts"":1,""character_coverage"":0.017241}]","","","PENDING",""
"I70-029891","elf_(lineage_2)","4","Character","64","","","","","エルフ（系統2）","","[{""copyright"":""lineage"",""co_posts"":57,""character_coverage"":1.0},{""copyright"":""lineage_2"",""co_posts"":57,""character_coverage"":1.0},{""copyright"":""aion"",""co_posts"":1,""character_coverage"":0.017544},{""copyright"":""nier:automata"",""co_posts"":1,""character_coverage"":0.017544},{""copyright"":""nier_(series)"",""co_posts"":1,""character_coverage"":0.017544}]","","","PENDING",""
"I70-029892","elfinpsyop","4","Character","64","","","","","","","[{""copyright"":""indie_virtual_youtuber"",""co_posts"":59,""character_coverage"":1.0},{""copyright"":""miside"",""co_posts"":3,""character_coverage"":0.050847},{""copyright"":""4chan"",""co_posts"":1,""character_coverage"":0.016949},{""copyright"":""apple_inc."",""co_posts"":1,""character_coverage"":0.016949},{""copyright"":""five_nights_at_freddy's"",""co_posts"":1,""character_coverage"":0.016949}]","","","PENDING",""
"I70-029893","elline_(kirby)","4","Character","64","","","","","エリーヌ(カービィ)","","[{""copyright"":""kirby_(series)"",""co_posts"":61,""character_coverage"":1.0},{""copyright"":""kirby_and_the_rainbow_curse"",""co_posts"":33,""character_coverage"":0.540984},{""copyright"":""kirby's_star_stacker"",""co_posts"":32,""character_coverage"":0.52459},{""copyright"":""kirby_64"",""co_posts"":30,""character_coverage"":0.491803},{""copyright"":""kirby's_dream_land_3"",""co_posts"":29,""character_coverage"":0.47541}]","","","PENDING",""
"I70-029894","emera_(bombergirl)","4","Character","64","","","","","エメラ(ボンバーガール)","","[{""copyright"":""bombergirl"",""co_posts"":59,""character_coverage"":1.0},{""copyright"":""bomberman"",""co_posts"":5,""character_coverage"":0.084746},{""copyright"":""senran_kagura"",""co_posts"":2,""character_coverage"":0.033898},{""copyright"":""konami"",""co_posts"":1,""character_coverage"":0.016949},{""copyright"":""manatsu_no_yo_no_inmu"",""co_posts"":1,""character_coverage"":0.016949}]","","","PENDING",""
"I70-029895","emil_(identity_v)","4","Character","64","","","","","エミール","","[{""copyright"":""identity_v"",""co_posts"":62,""character_coverage"":1.0},{""copyright"":""pokemon"",""co_posts"":2,""character_coverage"":0.032258},{""copyright"":""pokemon_(anime)"",""co_posts"":2,""character_coverage"":0.032258},{""copyright"":""animate_(company)"",""co_posts"":1,""character_coverage"":0.016129},{""copyright"":""lawson"",""co_posts"":1,""character_coverage"":0.016129}]","","","PENDING",""
"I70-029896","emmet_(special_costume)_(pokemon)","4","Character","64","","","","","クダリ_(スペシャル)","","[{""copyright"":""pokemon"",""co_posts"":64,""character_coverage"":1.0},{""copyright"":""pokemon_masters_ex"",""co_posts"":64,""character_coverage"":1.0},{""copyright"":""pokemon_black_and_white"",""co_posts"":8,""character_coverage"":0.125},{""copyright"":""pokemon_sword_and_shield"",""co_posts"":5,""character_coverage"":0.078125},{""copyright"":""pokemon_black_2_and_white_2"",""co_posts"":2,""character_coverage"":0.03125}]","","","PENDING",""
"I70-029897","ereki_(beatmania)","4","Character","64","","","","","エレキ","","[{""copyright"":""beatmania_iidx"",""co_posts"":64,""character_coverage"":1.0},{""copyright"":""bemani"",""co_posts"":64,""character_coverage"":1.0},{""copyright"":""the_king_of_fighters"",""co_posts"":1,""character_coverage"":0.015625},{""copyright"":""vocaloid"",""co_posts"":1,""character_coverage"":0.015625},{""copyright"":""yi_er_fan_club_(vocaloid)"",""co_posts"":1,""character_coverage"":0.015625}]","","","PENDING",""
"I70-029898","eremite_desert_clearwater_(genshin_impact)","4","Character","64","","","","","","","[{""copyright"":""genshin_impact"",""co_posts"":63,""character_coverage"":1.0},{""copyright"":""honkai_(series)"",""co_posts"":2,""character_coverage"":0.031746},{""copyright"":""honkai_impact_3rd"",""co_posts"":2,""character_coverage"":0.031746},{""copyright"":""mihoyo"",""co_posts"":2,""character_coverage"":0.031746},{""copyright"":""pokemon"",""co_posts"":1,""character_coverage"":0.015873}]","","","PENDING",""
"I70-029899","eri_(succubus)_(blue_archive)","4","Character","64","","","","","","","[{""copyright"":""blue_archive"",""co_posts"":57,""character_coverage"":1.0},{""copyright"":""youtube"",""co_posts"":1,""character_coverage"":0.017544}]","","","PENDING",""
"I70-029900","erica_mendez","4","Character","64","","","","","エリカ・メンデス","","[{""copyright"":""kill_la_kill"",""co_posts"":27,""character_coverage"":0.45},{""copyright"":""little_witch_academia"",""co_posts"":27,""character_coverage"":0.45},{""copyright"":""fate_(series)"",""co_posts"":24,""character_coverage"":0.4},{""copyright"":""fate/grand_order"",""co_posts"":23,""character_coverage"":0.383333},{""copyright"":""kono_subarashii_sekai_ni_shukufuku_wo!"",""co_posts"":22,""character_coverage"":0.366667}]","","","PENDING",""
"I70-029901","erika_(sebastian_z)","4","Character","64","","","","","","","[{""copyright"":""original"",""co_posts"":61,""character_coverage"":1.0},{""copyright"":""scho-ka-kola"",""co_posts"":3,""character_coverage"":0.04918},{""copyright"":""akira_(manga)"",""co_posts"":1,""character_coverage"":0.016393}]","","","PENDING",""
"I70-029902","etou_toshiko","4","Character","64","","","","","江藤敏子","","[{""copyright"":""world_witches_series"",""co_posts"":62,""character_coverage"":1.0},{""copyright"":""strike_witches_zero"",""co_posts"":49,""character_coverage"":0.790323},{""copyright"":""strike_witches:_suomus_misfits_squadron"",""co_posts"":3,""character_coverage"":0.048387},{""copyright"":""witches_of_africa"",""co_posts"":3,""character_coverage"":0.048387},{""copyright"":""brave_witches"",""co_posts"":2,""character_coverage"":0.032258}]","","","PENDING",""
"I70-029903","eva_13","4","Character","64","","","","","エヴァンゲリオン13号機","","[{""copyright"":""neon_genesis_evangelion"",""co_posts"":61,""character_coverage"":1.0},{""copyright"":""rebuild_of_evangelion"",""co_posts"":60,""character_coverage"":0.983607},{""copyright"":""evangelion:_3.0_you_can_(not)_redo"",""co_posts"":52,""character_coverage"":0.852459},{""copyright"":""evangelion:_3.0+1.0_thrice_upon_a_time"",""co_posts"":7,""character_coverage"":0.114754},{""copyright"":""goddess_of_victory:_nikke"",""co_posts"":4,""character_coverage"":0.065574}]","","","PENDING",""
"I70-029904","eve_(blaster_master_zero)","4","Character","64","","","","","イヴ","","[{""copyright"":""blaster_master_zero"",""co_posts"":47,""character_coverage"":1.0},{""copyright"":""azure_striker_gunvolt"",""co_posts"":4,""character_coverage"":0.085106},{""copyright"":""inti_creates"",""co_posts"":4,""character_coverage"":0.085106},{""copyright"":""azure_striker_gunvolt_3"",""co_posts"":1,""character_coverage"":0.021277},{""copyright"":""card-en-ciel"",""co_posts"":1,""character_coverage"":0.021277}]","","","PENDING",""
"I70-029905","feather_(granblue_fantasy)","4","Character","64","","","","","フェザー","","[{""copyright"":""granblue_fantasy"",""co_posts"":64,""character_coverage"":1.0},{""copyright"":""shingeki_no_bahamut"",""co_posts"":4,""character_coverage"":0.0625},{""copyright"":""cygames"",""co_posts"":1,""character_coverage"":0.015625},{""copyright"":""fatal_fury"",""co_posts"":1,""character_coverage"":0.015625},{""copyright"":""garou:_mark_of_the_wolves"",""co_posts"":1,""character_coverage"":0.015625}]","","","PENDING",""
"I70-029906","fi_(atelier)","4","Character","64","","","","","fi（atelier）","","[{""copyright"":""atelier_(series)"",""co_posts"":63,""character_coverage"":1.0},{""copyright"":""atelier_ryza"",""co_posts"":63,""character_coverage"":1.0},{""copyright"":""atelier_ryza_2"",""co_posts"":57,""character_coverage"":0.904762},{""copyright"":""atelier_ryza_3"",""co_posts"":8,""character_coverage"":0.126984},{""copyright"":""atelier_ryza_1"",""co_posts"":4,""character_coverage"":0.063492}]","","","PENDING",""
"I70-029907","fine_motion_(titania)_(umamusume)","4","Character","64","","","","","Titania(ウマ娘)","","[{""copyright"":""umamusume"",""co_posts"":63,""character_coverage"":1.0},{""copyright"":""comiket_101"",""co_posts"":1,""character_coverage"":0.015873},{""copyright"":""pokemon"",""co_posts"":1,""character_coverage"":0.015873}]","","","PENDING",""
"I70-029908","fiona_(xenoblade)","4","Character","64","","","","","マシロ(ゼノブレイド3)","","[{""copyright"":""xenoblade_chronicles_(series)"",""co_posts"":61,""character_coverage"":1.0},{""copyright"":""xenoblade_chronicles_3"",""co_posts"":61,""character_coverage"":1.0},{""copyright"":""xenoblade_chronicles_3:_future_redeemed"",""co_posts"":1,""character_coverage"":0.016393}]","","","PENDING",""
"I70-029909","forbin_(azur_lane)","4","Character","64","","","","","フォルバン","","[{""copyright"":""azur_lane"",""co_posts"":60,""character_coverage"":1.0}]","","","PENDING",""
"I70-029910","friedrich_der_grosse_(dark_raiments_of_gagaku)_(azur_lane)","4","Character","64","","","","","雅楽の闇衣","","[{""copyright"":""azur_lane"",""co_posts"":59,""character_coverage"":1.0},{""copyright"":""azur_lane:_slow_ahead"",""co_posts"":4,""character_coverage"":0.067797},{""copyright"":""fire_emblem"",""co_posts"":4,""character_coverage"":0.067797},{""copyright"":""fire_emblem:_the_blazing_blade"",""co_posts"":4,""character_coverage"":0.067797},{""copyright"":""tatakau_ni_atai_suru"",""co_posts"":2,""character_coverage"":0.033898}]","","","PENDING",""
"I70-029911","friedrich_der_grosse_(one_summer_night's_intimacy)_(azur_lane)","4","Character","64","","","","","真夏の夜の親昵","","[{""copyright"":""azur_lane"",""co_posts"":57,""character_coverage"":1.0},{""copyright"":""blue_archive"",""co_posts"":1,""character_coverage"":0.017544}]","","","PENDING",""
"I70-029912","futaba_aoi_(hara_hara!!)","4","Character","64","","","","","","","[{""copyright"":""hara_hara!!"",""co_posts"":31,""character_coverage"":1.0}]","","","PENDING",""
"I70-029913","ghost_(len'en)","4","Character","64","","","","","ゆーれい","","[{""copyright"":""len'en"",""co_posts"":51,""character_coverage"":1.0},{""copyright"":""book_of_the_cafe"",""co_posts"":2,""character_coverage"":0.039216},{""copyright"":""reactivate_majestical_imperial"",""co_posts"":2,""character_coverage"":0.039216},{""copyright"":""brilliant_pagoda_or_haze_castle"",""co_posts"":1,""character_coverage"":0.019608},{""copyright"":""indie_virtual_youtuber"",""co_posts"":1,""character_coverage"":0.019608}]","","","PENDING",""
"I70-029914","giru_(dragon_ball)","4","Character","64","giru_(dragon_ball_gt),giru_(dragonball_gt)","giru (dragon ball gt) | giru (dragonball gt)","","","ギル(ドラゴンボール)","","[{""copyright"":""dragon_ball"",""co_posts"":57,""character_coverage"":1.0},{""copyright"":""dragon_ball_gt"",""co_posts"":56,""character_coverage"":0.982456},{""copyright"":""dragon_ball_z"",""co_posts"":5,""character_coverage"":0.087719},{""copyright"":""dr._slump"",""co_posts"":4,""character_coverage"":0.070175},{""copyright"":""dragon_ball_(classic)"",""co_posts"":3,""character_coverage"":0.052632}]","","","PENDING",""
"I70-029915","gm_orangeade","4","Character","64","","","","","GM Orangeade","","[{""copyright"":""last_origin"",""co_posts"":62,""character_coverage"":1.0},{""copyright"":""youtube"",""co_posts"":3,""character_coverage"":0.048387},{""copyright"":""avengers_(series)"",""co_posts"":1,""character_coverage"":0.016129},{""copyright"":""doom_(series)"",""co_posts"":1,""character_coverage"":0.016129},{""copyright"":""girls'_frontline"",""co_posts"":1,""character_coverage"":0.016129}]","","","PENDING",""
"I70-029916","golden_frieza","4","Character","64","","","","","ゴールデンフリーザ","","[{""copyright"":""dragon_ball"",""co_posts"":58,""character_coverage"":1.0},{""copyright"":""dragon_ball_super"",""co_posts"":42,""character_coverage"":0.724138},{""copyright"":""dragon_ball_z"",""co_posts"":28,""character_coverage"":0.482759},{""copyright"":""dragon_ball_z_fukkatsu_no_f"",""co_posts"":18,""character_coverage"":0.310345},{""copyright"":""dragon_ball_gt"",""co_posts"":7,""character_coverage"":0.12069}]","","","PENDING",""
"I70-029917","gsh-18_(girls'_frontline)","4","Character","64","gsh-18_(girls_frontline)","gsh-18 (girls frontline)","","","GSh-18(ドールズフロントライン)","","[{""copyright"":""girls'_frontline"",""co_posts"":59,""character_coverage"":1.0},{""copyright"":""metal_gear_(series)"",""co_posts"":2,""character_coverage"":0.033898},{""copyright"":""arknights"",""co_posts"":1,""character_coverage"":0.016949},{""copyright"":""fate/stay_night"",""co_posts"":1,""character_coverage"":0.016949},{""copyright"":""fate_(series)"",""co_posts"":1,""character_coverage"":0.016949}]","","","PENDING",""
"I70-029918","gundam_gp-01_full_vernian_zephyranthes","4","Character","64","","","","","フルバーニアン","","[{""copyright"":""gundam"",""co_posts"":63,""character_coverage"":1.0},{""copyright"":""gundam_0083"",""co_posts"":60,""character_coverage"":0.952381},{""copyright"":""mobile_suit_gundam"",""co_posts"":10,""character_coverage"":0.15873},{""copyright"":""zeta_gundam"",""co_posts"":9,""character_coverage"":0.142857},{""copyright"":""gundam_zz"",""co_posts"":8,""character_coverage"":0.126984}]","","","PENDING",""
"I70-029919","gundam_pharact","4","Character","64","","","","","ガンダム・ファラクト","","[{""copyright"":""gundam"",""co_posts"":63,""character_coverage"":1.0},{""copyright"":""gundam_suisei_no_majo"",""co_posts"":63,""character_coverage"":1.0},{""copyright"":""sd_gundam"",""co_posts"":5,""character_coverage"":0.079365},{""copyright"":""eien_project"",""co_posts"":3,""character_coverage"":0.047619},{""copyright"":""gundam_arsenal_base"",""co_posts"":3,""character_coverage"":0.047619}]","","","PENDING",""
"I70-029920","h2osakana","4","Character","64","","","","","","","[{""copyright"":""phase_connect"",""co_posts"":53,""character_coverage"":0.981481},{""copyright"":""indie_virtual_youtuber"",""co_posts"":3,""character_coverage"":0.055556},{""copyright"":""dungeons_&_dragons"",""co_posts"":2,""character_coverage"":0.037037},{""copyright"":""hololive"",""co_posts"":2,""character_coverage"":0.037037},{""copyright"":""mahjong_soul"",""co_posts"":2,""character_coverage"":0.037037}]","","","PENDING",""
"I70-029921","hanzo_hasashi","4","Character","64","","","","","ハンゾウ・ハサシ","","[{""copyright"":""mortal_kombat_(series)"",""co_posts"":29,""character_coverage"":1.0},{""copyright"":""mortal_kombat_11"",""co_posts"":9,""character_coverage"":0.310345},{""copyright"":""street_fighter"",""co_posts"":9,""character_coverage"":0.310345},{""copyright"":""mortal_kombat_9"",""co_posts"":7,""character_coverage"":0.241379},{""copyright"":""duke_nukem_(series)"",""co_posts"":4,""character_coverage"":0.137931}]","","","PENDING",""
"I70-029922","haruri_borzak","4","Character","64","","","","","ハルリ・ボルザーク","","[{""copyright"":""fate/strange_fake"",""co_posts"":62,""character_coverage"":1.0},{""copyright"":""fate_(series)"",""co_posts"":62,""character_coverage"":1.0},{""copyright"":""fate/grand_order"",""co_posts"":4,""character_coverage"":0.064516},{""copyright"":""fate/apocrypha"",""co_posts"":2,""character_coverage"":0.032258},{""copyright"":""fate/stay_night"",""co_posts"":1,""character_coverage"":0.016129}]","","","PENDING",""
"I70-029923","hatchling_(outer_wilds)","4","Character","64","","","","","","","[{""copyright"":""outer_wilds"",""co_posts"":64,""character_coverage"":1.0},{""copyright"":""hololive"",""co_posts"":4,""character_coverage"":0.0625},{""copyright"":""hololive_english"",""co_posts"":4,""character_coverage"":0.0625},{""copyright"":""hollow_knight"",""co_posts"":3,""character_coverage"":0.046875},{""copyright"":""adventure_time"",""co_posts"":2,""character_coverage"":0.03125}]","","","PENDING",""
"I70-029924","hatsuyama_hotaru","4","Character","64","","","","","初山ほたる","","[{""copyright"":""sei_ni_utokatta_watashi_wa_kurasu_no_danshi_to_ooo_shite_shimaimashita"",""co_posts"":64,""character_coverage"":1.0}]","","","PENDING",""
"I70-029925","helena_adams","4","Character","64","","","","","ヘレナ・アダムス","","[{""copyright"":""identity_v"",""co_posts"":61,""character_coverage"":1.0},{""copyright"":""animate_(company)"",""co_posts"":1,""character_coverage"":0.016393},{""copyright"":""love_live!"",""co_posts"":1,""character_coverage"":0.016393},{""copyright"":""love_live!_sunshine!!"",""co_posts"":1,""character_coverage"":0.016393}]","","","PENDING",""
"I70-029926","hiiragi_asuka_(twinbox)","4","Character","64","","","","","柊飛鳥","","[{""copyright"":""twinbox_school"",""co_posts"":41,""character_coverage"":0.66129},{""copyright"":""original"",""co_posts"":30,""character_coverage"":0.483871},{""copyright"":""dengeki_moeoh"",""co_posts"":2,""character_coverage"":0.032258}]","","","PENDING",""
"I70-029927","himiko_(btooom!)","4","Character","64","","","","","ヒミコ(BTOOOM!)","","[{""copyright"":""btooom!"",""co_posts"":40,""character_coverage"":1.0},{""copyright"":""ano_hi_mita_hana_no_namae_wo_bokutachi_wa_mada_shiranai."",""co_posts"":1,""character_coverage"":0.025},{""copyright"":""chuunibyou_demo_koi_ga_shitai!"",""co_posts"":1,""character_coverage"":0.025},{""copyright"":""little_busters!"",""co_posts"":1,""character_coverage"":0.025},{""copyright"":""megami_magazine"",""co_posts"":1,""character_coverage"":0.025}]","","","PENDING",""
"I70-029928","hiver_laurant","4","Character","64","","","","","イヴェール","","[{""copyright"":""sound_horizon"",""co_posts"":63,""character_coverage"":1.0},{""copyright"":""roman_(sound_horizon)"",""co_posts"":61,""character_coverage"":0.968254},{""copyright"":""elysion"",""co_posts"":15,""character_coverage"":0.238095},{""copyright"":""chronicle_2nd"",""co_posts"":10,""character_coverage"":0.15873},{""copyright"":""maerchen_(sound_horizon)"",""co_posts"":10,""character_coverage"":0.15873}]","","","PENDING",""
"I70-029929","hobgoblin_(touhou)","4","Character","64","","","","","ホフゴブリン","","[{""copyright"":""touhou"",""co_posts"":60,""character_coverage"":1.0},{""copyright"":""touhou_(pc-98)"",""co_posts"":11,""character_coverage"":0.183333},{""copyright"":""embodiment_of_scarlet_devil"",""co_posts"":7,""character_coverage"":0.116667},{""copyright"":""japanese_urban_legends"",""co_posts"":7,""character_coverage"":0.116667},{""copyright"":""urban_legend_in_limbo"",""co_posts"":7,""character_coverage"":0.116667}]","","","PENDING",""
"I70-029930","holmy_(show_by_rock!!)","4","Character","64","","","","","ホルミー","","[{""copyright"":""show_by_rock!!"",""co_posts"":63,""character_coverage"":1.0},{""copyright"":""idolmaster"",""co_posts"":1,""character_coverage"":0.015873},{""copyright"":""idolmaster_cinderella_girls"",""co_posts"":1,""character_coverage"":0.015873}]","","","PENDING",""
"I70-029931","hortensia_(flashy_dress)_(fire_emblem)","4","Character","64","","","","","","","[{""copyright"":""fire_emblem"",""co_posts"":52,""character_coverage"":1.0},{""copyright"":""fire_emblem_engage"",""co_posts"":52,""character_coverage"":1.0},{""copyright"":""fire_emblem:_three_houses"",""co_posts"":3,""character_coverage"":0.057692},{""copyright"":""fire_emblem_awakening"",""co_posts"":1,""character_coverage"":0.019231}]","","","PENDING",""
"I70-029932","huh_yunjin","4","Character","64","huh_yun-jin","huh yun-jin","","","许允真","","[{""copyright"":""le_sserafim"",""co_posts"":63,""character_coverage"":1.0},{""copyright"":""real_life"",""co_posts"":58,""character_coverage"":0.920635},{""copyright"":""overwatch"",""co_posts"":3,""character_coverage"":0.047619},{""copyright"":""perfect_night_(le_sserafim)"",""co_posts"":3,""character_coverage"":0.047619},{""copyright"":""alien_stage"",""co_posts"":2,""character_coverage"":0.031746}]","","","PENDING",""
"I70-029933","hyoudou_kazuya","4","Character","64","","","","","坊カイ","","[{""copyright"":""tobaku_mokushiroku_kaiji"",""co_posts"":64,""character_coverage"":1.0},{""copyright"":""akagi:_yami_ni_oritatta_tensai"",""co_posts"":13,""character_coverage"":0.203125},{""copyright"":""fukumoto_mahjong"",""co_posts"":13,""character_coverage"":0.203125},{""copyright"":""tobaku_haouden_zero"",""co_posts"":9,""character_coverage"":0.140625},{""copyright"":""ten_(manga)"",""co_posts"":7,""character_coverage"":0.109375}]","","","PENDING",""
"I70-029934","ibuki_douji_(third_ascension)_(fate)","4","Character","64","","","","","","","[{""copyright"":""fate/grand_order"",""co_posts"":59,""character_coverage"":1.0},{""copyright"":""fate_(series)"",""co_posts"":59,""character_coverage"":1.0},{""copyright"":""fate/grand_order_arcade"",""co_posts"":1,""character_coverage"":0.016949},{""copyright"":""fate/kaleid_liner_prisma_illya"",""co_posts"":1,""character_coverage"":0.016949}]","","","PENDING",""
"I70-029935","ichigohara_itsuki","4","Character","64","","","","","苺原樹","","[{""copyright"":""hitozuma_kyoushi_ga_oshiego_no_joshikousei_ni_dohamari_suru_hanashi"",""co_posts"":55,""character_coverage"":1.0}]","","","PENDING",""
"I70-029936","ishida_(ishida_to_asakura)","4","Character","64","","","","","石田（石田から浅草）","","[{""copyright"":""ishida_to_asakura"",""co_posts"":62,""character_coverage"":0.984127},{""copyright"":""bleach"",""co_posts"":1,""character_coverage"":0.015873},{""copyright"":""jojo_no_kimyou_na_bouken"",""co_posts"":1,""character_coverage"":0.015873},{""copyright"":""snow_white_and_the_seven_dwarfs_(disney)"",""co_posts"":1,""character_coverage"":0.015873},{""copyright"":""watchmen"",""co_posts"":1,""character_coverage"":0.015873}]","","","PENDING",""
"I70-029937","itou_kashitarou_(fate)","4","Character","64","","","","","伊東甲子太郎(Fate)","","[{""copyright"":""fate/grand_order"",""co_posts"":64,""character_coverage"":1.0},{""copyright"":""fate_(series)"",""co_posts"":64,""character_coverage"":1.0},{""copyright"":""duolingo"",""co_posts"":1,""character_coverage"":0.015625},{""copyright"":""fate/grand_order_arcade"",""co_posts"":1,""character_coverage"":0.015625},{""copyright"":""jojo_no_kimyou_na_bouken"",""co_posts"":1,""character_coverage"":0.015625}]","","","PENDING",""
"I70-029938","izuna_jinkuro","4","Character","64","","","","","飯綱陣九朗","","[{""copyright"":""oboro_muramasa"",""co_posts"":59,""character_coverage"":1.0},{""copyright"":""grimgrimoire"",""co_posts"":1,""character_coverage"":0.016949},{""copyright"":""kumatanchi"",""co_posts"":1,""character_coverage"":0.016949},{""copyright"":""odin_sphere"",""co_posts"":1,""character_coverage"":0.016949},{""copyright"":""vanillaware"",""co_posts"":1,""character_coverage"":0.016949}]","","","PENDING",""
"I70-029939","jamil_(granblue_fantasy)","4","Character","64","","","","","ジャミル（グランブルーファンタジー）","","[{""copyright"":""granblue_fantasy"",""co_posts"":63,""character_coverage"":1.0},{""copyright"":""shingeki_no_bahamut"",""co_posts"":2,""character_coverage"":0.031746},{""copyright"":""cygames"",""co_posts"":1,""character_coverage"":0.015873},{""copyright"":""kantai_collection"",""co_posts"":1,""character_coverage"":0.015873}]","","","PENDING",""
"I70-029940","jeanne_d'arc_(saintess_of_the_sea)_(azur_lane)","4","Character","64","jeanne_d'arc_(movie_set_saintess)_(azur_lane)","jeanne d'arc (movie set saintess) (azur lane)","","","蒼浪の映画聖女","","[{""copyright"":""azur_lane"",""co_posts"":62,""character_coverage"":1.0},{""copyright"":""fate/grand_order"",""co_posts"":1,""character_coverage"":0.016129},{""copyright"":""fate_(series)"",""co_posts"":1,""character_coverage"":0.016129},{""copyright"":""granblue_fantasy"",""co_posts"":1,""character_coverage"":0.016129}]","","","PENDING",""
"I70-029941","jinguji_sayaka","4","Character","64","","","","","神宮寺小也香","","[{""copyright"":""cinderella_series"",""co_posts"":50,""character_coverage"":1.0},{""copyright"":""hachigatsu_no_cinderella_nine"",""co_posts"":50,""character_coverage"":1.0},{""copyright"":""touhoku_rakuten_golden_eagles"",""co_posts"":2,""character_coverage"":0.04},{""copyright"":""chiba_lotte_marines"",""co_posts"":1,""character_coverage"":0.02},{""copyright"":""fukuoka_softbank_hawks"",""co_posts"":1,""character_coverage"":0.02}]","","","PENDING",""
"I70-029942","jinja_eru","4","Character","64","ginger_elu","ginger elu","","","エル","","[{""copyright"":""gochuumon_wa_usagi_desu_ka?"",""co_posts"":61,""character_coverage"":1.0},{""copyright"":""clockwork_rabbit"",""co_posts"":2,""character_coverage"":0.032787},{""copyright"":""manga_time_kirara"",""co_posts"":2,""character_coverage"":0.032787},{""copyright"":""alice's_adventures_in_wonderland"",""co_posts"":1,""character_coverage"":0.016393}]","","","PENDING",""
"I70-029943","john_hamish_watson","4","Character","64","dr._john_watson","dr. john watson","","","ジョン・H・ワトソン","","[{""copyright"":""the_adventures_of_sherlock_holmes"",""co_posts"":41,""character_coverage"":0.759259},{""copyright"":""touhou"",""co_posts"":8,""character_coverage"":0.148148},{""copyright"":""kyatapi_land"",""co_posts"":7,""character_coverage"":0.12963},{""copyright"":""digimon"",""co_posts"":3,""character_coverage"":0.055556},{""copyright"":""ace_attorney"",""co_posts"":2,""character_coverage"":0.037037}]","","","PENDING",""
"I70-029944","josui_(senran_kagura)","4","Character","64","","","","","如水(閃乱カグラ)","","[{""copyright"":""senran_kagura"",""co_posts"":64,""character_coverage"":1.0},{""copyright"":""senran_kagura_new_wave"",""co_posts"":64,""character_coverage"":1.0}]","","","PENDING",""
"I70-029945","joujima_yuuki","4","Character","64","","","","","城島ユウキ","","[{""copyright"":""kamen_rider"",""co_posts"":60,""character_coverage"":1.0},{""copyright"":""kamen_rider_fourze_(series)"",""co_posts"":59,""character_coverage"":0.983333},{""copyright"":""k-on!"",""co_posts"":2,""character_coverage"":0.033333},{""copyright"":""kamen_rider_drive_(series)"",""co_posts"":2,""character_coverage"":0.033333},{""copyright"":""kamen_rider_ghost_(series)"",""co_posts"":2,""character_coverage"":0.033333}]","","","PENDING",""
"I70-029946","jucika","4","Character","64","","","","","","","[{""copyright"":""jucika_(comic)"",""co_posts"":57,""character_coverage"":1.0},{""copyright"":""uzaki-chan_wa_asobitai!"",""co_posts"":2,""character_coverage"":0.035088},{""copyright"":""atelier_(series)"",""co_posts"":1,""character_coverage"":0.017544},{""copyright"":""atelier_ryza"",""co_posts"":1,""character_coverage"":0.017544},{""copyright"":""atelier_ryza_1"",""co_posts"":1,""character_coverage"":0.017544}]","","","PENDING",""
"I70-029947","jyahnar_(honkai_gakuen)","4","Character","64","","","","","迦娜","","[{""copyright"":""honkai_(series)"",""co_posts"":62,""character_coverage"":1.0},{""copyright"":""honkai_gakuen"",""co_posts"":62,""character_coverage"":1.0},{""copyright"":""bang_dream!"",""co_posts"":2,""character_coverage"":0.032258},{""copyright"":""bang_dream!_it's_mygo!!!!!"",""co_posts"":2,""character_coverage"":0.032258},{""copyright"":""honkai_impact_3rd"",""co_posts"":1,""character_coverage"":0.016129}]","","","PENDING",""
"I70-029948","kaelix_debonair","4","Character","64","","","","","ケイリクス・デボネア","","[{""copyright"":""nijisanji"",""co_posts"":62,""character_coverage"":1.0},{""copyright"":""nijisanji_en"",""co_posts"":62,""character_coverage"":1.0},{""copyright"":""sanrio"",""co_posts"":3,""character_coverage"":0.048387},{""copyright"":""monitoring_(vocaloid)"",""co_posts"":2,""character_coverage"":0.032258},{""copyright"":""chainsaw_man"",""co_posts"":1,""character_coverage"":0.016129}]","","","PENDING",""
"I70-029949","kai_schulen","4","Character","64","kai_schren","kai schren","","","カイ・シュレン","","[{""copyright"":""senjou_no_valkyria_(series)"",""co_posts"":52,""character_coverage"":1.0},{""copyright"":""senjou_no_valkyria_4"",""co_posts"":52,""character_coverage"":1.0},{""copyright"":"".hack//"",""co_posts"":1,""character_coverage"":0.019231},{""copyright"":"".hack//g.u."",""co_posts"":1,""character_coverage"":0.019231},{""copyright"":""aa_megami-sama"",""co_posts"":1,""character_coverage"":0.019231}]","","","PENDING",""
"I70-029950","kamimura_haruka","4","Character","64","","","","","神村春香","","[{""copyright"":""sisters_~natsu_no_saigo_no_hi~"",""co_posts"":62,""character_coverage"":1.0},{""copyright"":""green_(game)"",""co_posts"":1,""character_coverage"":0.016129},{""copyright"":""lovers_(game)"",""co_posts"":1,""character_coverage"":0.016129}]","","","PENDING",""
"I70-029951","kanihai","4","Character","64","","","","","カニハイ","","[{""copyright"":""kemono_friends"",""co_posts"":50,""character_coverage"":1.0},{""copyright"":""kemono_friends_v_project"",""co_posts"":50,""character_coverage"":1.0},{""copyright"":""gundam"",""co_posts"":2,""character_coverage"":0.04},{""copyright"":""kemono_friends_3"",""co_posts"":2,""character_coverage"":0.04},{""copyright"":"".live"",""co_posts"":1,""character_coverage"":0.02}]","","","PENDING",""
"I70-029952","kanojo_(ogino_atsuki)","4","Character","64","","","","","クリスマス限定みんなの彼女","","[{""copyright"":""original"",""co_posts"":64,""character_coverage"":1.0},{""copyright"":""comiket_92"",""co_posts"":1,""character_coverage"":0.015625},{""copyright"":""melonbooks"",""co_posts"":1,""character_coverage"":0.015625}]","","","PENDING",""
"I70-029953","katsuragi_izumi_(1st_costume)","4","Character","64","","","","","","","[{""copyright"":""love_live!"",""co_posts"":63,""character_coverage"":1.0},{""copyright"":""love_live!_hasu_no_sora_jogakuin_school_idol_club"",""co_posts"":63,""character_coverage"":1.0},{""copyright"":""link_to_the_future_(love_live!)"",""co_posts"":1,""character_coverage"":0.015873},{""copyright"":""sanrio"",""co_posts"":1,""character_coverage"":0.015873}]","","","PENDING",""
"I70-029954","kawamoto_akari","4","Character","64","","","","","川本あかり","","[{""copyright"":""sangatsu_no_lion"",""co_posts"":63,""character_coverage"":1.0},{""copyright"":""yuri!!!_on_ice"",""co_posts"":2,""character_coverage"":0.031746},{""copyright"":""higashi_no_eden"",""co_posts"":1,""character_coverage"":0.015873},{""copyright"":""newtype"",""co_posts"":1,""character_coverage"":0.015873}]","","","PENDING",""
"I70-029955","kaya_(prison)_(blue_archive)","4","Character","64","","","","","","","[{""copyright"":""blue_archive"",""co_posts"":56,""character_coverage"":1.0},{""copyright"":""trickcal"",""co_posts"":2,""character_coverage"":0.035714},{""copyright"":""jujutsu_kaisen"",""co_posts"":1,""character_coverage"":0.017857}]","","","PENDING",""
"I70-029956","kazakiri_(senran_kagura)","4","Character","64","","","","","風切(閃乱カグラ)","","[{""copyright"":""senran_kagura"",""co_posts"":63,""character_coverage"":1.0},{""copyright"":""senran_kagura_new_link"",""co_posts"":51,""character_coverage"":0.809524},{""copyright"":""dragon_ball"",""co_posts"":1,""character_coverage"":0.015873},{""copyright"":""dragon_ball_z"",""co_posts"":1,""character_coverage"":0.015873},{""copyright"":""to_love-ru"",""co_posts"":1,""character_coverage"":0.015873}]","","","PENDING",""
"I70-029957","kimidori-san","4","Character","64","","","","","きみどりさん","","[{""copyright"":""suzumiya_haruhi_no_yuuutsu"",""co_posts"":58,""character_coverage"":1.0},{""copyright"":""suzumiya_haruhi-chan_no_yuuutsu"",""co_posts"":54,""character_coverage"":0.931034},{""copyright"":""suzumiya_haruhi_no_shoushitsu"",""co_posts"":13,""character_coverage"":0.224138},{""copyright"":""nagato_yuki-chan_no_shoushitsu"",""co_posts"":4,""character_coverage"":0.068966},{""copyright"":""ga-rei"",""co_posts"":2,""character_coverage"":0.034483}]","","","PENDING",""
"I70-029958","king_of_men_goetia_(fate)","4","Character","64","","","","","","","[{""copyright"":""fate/grand_order"",""co_posts"":59,""character_coverage"":1.0},{""copyright"":""fate_(series)"",""co_posts"":59,""character_coverage"":1.0},{""copyright"":""ars_goetia"",""co_posts"":1,""character_coverage"":0.016949},{""copyright"":""disneyland"",""co_posts"":1,""character_coverage"":0.016949},{""copyright"":""fate/grand_order_arcade"",""co_posts"":1,""character_coverage"":0.016949}]","","","PENDING",""
"I70-029959","kinomoto_sakura_(sakura_prince)","4","Character","64","kinomoto_sakura_(prince_costume)","kinomoto sakura (prince costume)","","","","","[{""copyright"":""cardcaptor_sakura"",""co_posts"":60,""character_coverage"":1.0},{""copyright"":""sleeping_beauty_(fairy_tale)"",""co_posts"":5,""character_coverage"":0.083333},{""copyright"":""cardcaptor_sakura_clear_card_arc"",""co_posts"":4,""character_coverage"":0.066667},{""copyright"":""cardcaptor_sakura:_memory_key"",""co_posts"":2,""character_coverage"":0.033333},{""copyright"":""sleeping_beauty_(disney)"",""co_posts"":2,""character_coverage"":0.033333}]","","","PENDING",""
"I70-029960","kirenenko_(usavich)","4","Character","64","","","","","キレネンコ","","[{""copyright"":""usavich"",""co_posts"":60,""character_coverage"":0.983607},{""copyright"":""original"",""co_posts"":14,""character_coverage"":0.229508},{""copyright"":""touhou"",""co_posts"":5,""character_coverage"":0.081967},{""copyright"":""summer_wars"",""co_posts"":4,""character_coverage"":0.065574},{""copyright"":""tiger_&_bunny"",""co_posts"":4,""character_coverage"":0.065574}]","","","PENDING",""
"I70-029961","kiryuu_touga","4","Character","64","","","","","桐生冬芽","","[{""copyright"":""shoujo_kakumei_utena"",""co_posts"":56,""character_coverage"":1.0},{""copyright"":""shoujo_kakumei_utena_adolescence_mokushiroku"",""co_posts"":13,""character_coverage"":0.232143},{""copyright"":""durarara!!"",""co_posts"":1,""character_coverage"":0.017857},{""copyright"":""gundam"",""co_posts"":1,""character_coverage"":0.017857},{""copyright"":""gundam_00"",""co_posts"":1,""character_coverage"":0.017857}]","","","PENDING",""
"I70-029962","kisaragi_chihaya_(oathone)","4","Character","64","","","","","如月千早武道館単独公演OathOne","","[{""copyright"":""idolmaster"",""co_posts"":61,""character_coverage"":1.0},{""copyright"":""idolmaster_(classic)"",""co_posts"":61,""character_coverage"":1.0},{""copyright"":""gakuen_idolmaster"",""co_posts"":2,""character_coverage"":0.032787},{""copyright"":""idolmaster_million_live!"",""co_posts"":2,""character_coverage"":0.032787},{""copyright"":""idolmaster_1"",""co_posts"":1,""character_coverage"":0.016393}]","","","PENDING",""
"I70-029963","kiso_kai_ni_(swimsuit)_(kancolle)","4","Character","64","","","","","木曾改二(水着)","","[{""copyright"":""kantai_collection"",""co_posts"":64,""character_coverage"":1.0}]","","","PENDING",""
"I70-029964","kitazawa_riku","4","Character","64","","","","","北沢陸","","[{""copyright"":""idolmaster"",""co_posts"":62,""character_coverage"":1.0},{""copyright"":""idolmaster_million_live!"",""co_posts"":62,""character_coverage"":1.0},{""copyright"":""idolmaster_million_live!_theater_days"",""co_posts"":24,""character_coverage"":0.387097},{""copyright"":""idolmaster_(classic)"",""co_posts"":3,""character_coverage"":0.048387},{""copyright"":""gakuen_idolmaster"",""co_posts"":1,""character_coverage"":0.016129}]","","","PENDING",""
"I70-029965","kivia_patausche","4","Character","64","","","","","パトーシェ・キヴィア","","[{""copyright"":""yuushakei_ni_shosu"",""co_posts"":62,""character_coverage"":1.0},{""copyright"":""hololive"",""co_posts"":2,""character_coverage"":0.032258},{""copyright"":""hololive_english"",""co_posts"":2,""character_coverage"":0.032258},{""copyright"":""enigmatic_recollection"",""co_posts"":1,""character_coverage"":0.016129},{""copyright"":""fate/stay_night"",""co_posts"":1,""character_coverage"":0.016129}]","","","PENDING",""
"I70-029966","kizakura_koichi","4","Character","64","kizakura_kouichi","kizakura kouichi","","","黄桜公一","","[{""copyright"":""danganronpa_(series)"",""co_posts"":63,""character_coverage"":1.0},{""copyright"":""danganronpa_3_(anime)"",""co_posts"":62,""character_coverage"":0.984127},{""copyright"":""danganronpa:_trigger_happy_havoc"",""co_posts"":8,""character_coverage"":0.126984},{""copyright"":""danganronpa_v3:_killing_harmony"",""co_posts"":7,""character_coverage"":0.111111},{""copyright"":""danganronpa_another_episode:_ultra_despair_girls"",""co_posts"":6,""character_coverage"":0.095238}]","","","PENDING",""
"I70-029967","knight_(7th_dragon)","4","Character","64","","","","","騎士","","[{""copyright"":""7th_dragon_(series)"",""co_posts"":61,""character_coverage"":1.0},{""copyright"":""7th_dragon"",""co_posts"":60,""character_coverage"":0.983607},{""copyright"":""7th_dragon_iii"",""co_posts"":1,""character_coverage"":0.016393},{""copyright"":""mitsudomoe_(manga)"",""co_posts"":1,""character_coverage"":0.016393},{""copyright"":""persona"",""co_posts"":1,""character_coverage"":0.016393}]","","","PENDING",""
"I70-029968","kofu_(pokemon)","4","Character","64","","","","","ハイダイ","","[{""copyright"":""pokemon"",""co_posts"":61,""character_coverage"":1.0},{""copyright"":""pokemon_scarlet_and_violet"",""co_posts"":59,""character_coverage"":0.967213},{""copyright"":""pokemon_sun_and_moon"",""co_posts"":4,""character_coverage"":0.065574},{""copyright"":""original"",""co_posts"":3,""character_coverage"":0.04918},{""copyright"":""pokemon_black_2_and_white_2"",""co_posts"":3,""character_coverage"":0.04918}]","","","PENDING",""
"I70-029969","kohaku-chan_(dagasi)","4","Character","64","","","","","","","[{""copyright"":""original"",""co_posts"":54,""character_coverage"":1.0}]","","","PENDING",""
"I70-029970","kohara_konomi","4","Character","64","","","","","小原好美","","[{""copyright"":""machikado_mazoku"",""co_posts"":22,""character_coverage"":0.372881},{""copyright"":""blue_archive"",""co_posts"":15,""character_coverage"":0.254237},{""copyright"":""genshin_impact"",""co_posts"":14,""character_coverage"":0.237288},{""copyright"":""kaguya-sama_wa_kokurasetai_~tensai-tachi_no_renai_zunousen~"",""co_posts"":14,""character_coverage"":0.237288},{""copyright"":""mushoku_tensei"",""co_posts"":14,""character_coverage"":0.237288}]","","","PENDING",""
"I70-029971","korone_(metata)","4","Character","64","","","","","","","[{""copyright"":""original"",""co_posts"":63,""character_coverage"":1.0}]","","","PENDING",""
"I70-029972","kouzuki_yuuko","4","Character","64","","","","","香月夕呼","","[{""copyright"":""muv-luv"",""co_posts"":52,""character_coverage"":0.981132},{""copyright"":""muv-luv_alternative"",""co_posts"":26,""character_coverage"":0.490566},{""copyright"":""muv-luv_alternative_(anime)"",""co_posts"":6,""character_coverage"":0.113208},{""copyright"":""dmm"",""co_posts"":2,""character_coverage"":0.037736},{""copyright"":""kimi_ga_ita_kisetsu"",""co_posts"":2,""character_coverage"":0.037736}]","","","PENDING",""
"I70-029973","koyanskaya_(foreigner)_(second_ascension)_(fate)","4","Character","64","","","","","闇のコヤンスカヤ","","[{""copyright"":""fate/grand_order"",""co_posts"":60,""character_coverage"":1.0},{""copyright"":""fate_(series)"",""co_posts"":60,""character_coverage"":1.0},{""copyright"":""fate/apocrypha"",""co_posts"":1,""character_coverage"":0.016667},{""copyright"":""houshin_engi"",""co_posts"":1,""character_coverage"":0.016667},{""copyright"":""metal_gear_(series)"",""co_posts"":1,""character_coverage"":0.016667}]","","","PENDING",""
"I70-029974","kunzite_(sailor_moon)","4","Character","64","","","","","クンツァイト","","[{""copyright"":""bishoujo_senshi_sailor_moon"",""co_posts"":62,""character_coverage"":1.0},{""copyright"":""bishoujo_senshi_sailor_moon_(first_season)"",""co_posts"":61,""character_coverage"":0.983871},{""copyright"":""bishoujo_senshi_sailor_moon_r"",""co_posts"":7,""character_coverage"":0.112903},{""copyright"":""bishoujo_senshi_sailor_moon_s"",""co_posts"":7,""character_coverage"":0.112903},{""copyright"":""bishoujo_senshi_sailor_moon_stars"",""co_posts"":7,""character_coverage"":0.112903}]","","","PENDING",""
"I70-029975","kuroe_(kimi_omou_koi)","4","Character","64","","","","","","","[{""copyright"":""kimi_omou_koi"",""co_posts"":64,""character_coverage"":1.0},{""copyright"":""original"",""co_posts"":24,""character_coverage"":0.375}]","","","PENDING",""
"I70-029976","kuroino_(poco)","4","Character","64","","","","","クロイノ（ポコ）","","[{""copyright"":""original"",""co_posts"":64,""character_coverage"":1.0}]","","","PENDING",""
"I70-029977","kurosaki_masaki","4","Character","64","","","","","黑崎真咲","","[{""copyright"":""bleach"",""co_posts"":56,""character_coverage"":1.0},{""copyright"":""bleach:_sennen_kessen-hen"",""co_posts"":26,""character_coverage"":0.464286},{""copyright"":""bleach:_brave_souls"",""co_posts"":3,""character_coverage"":0.053571},{""copyright"":""jojo_no_kimyou_na_bouken"",""co_posts"":3,""character_coverage"":0.053571},{""copyright"":""battle_tendency"",""co_posts"":2,""character_coverage"":0.035714}]","","","PENDING",""
"I70-029978","kurourushi_(jujutsu_kaisen)","4","Character","64","","","","","黑沐死","","[{""copyright"":""jujutsu_kaisen"",""co_posts"":57,""character_coverage"":1.0},{""copyright"":""cartoon_network"",""co_posts"":1,""character_coverage"":0.017544},{""copyright"":""honkai:_star_rail"",""co_posts"":1,""character_coverage"":0.017544},{""copyright"":""honkai_(series)"",""co_posts"":1,""character_coverage"":0.017544},{""copyright"":""invincible_(series)"",""co_posts"":1,""character_coverage"":0.017544}]","","","PENDING",""
"I70-029979","kurumi_(koutetsu_tenshi_kurumi)","4","Character","64","","","","","くるみ","","[{""copyright"":""koutetsu_tenshi_kurumi"",""co_posts"":56,""character_coverage"":1.0},{""copyright"":""precure"",""co_posts"":3,""character_coverage"":0.053571},{""copyright"":""choujikuu_seiki_orguss"",""co_posts"":1,""character_coverage"":0.017857},{""copyright"":""doraemon"",""co_posts"":1,""character_coverage"":0.017857},{""copyright"":""futari_wa_precure_splash_star"",""co_posts"":1,""character_coverage"":0.017857}]","","","PENDING",""
"I70-029980","lady_black_(shy)","4","Character","64","","","","","","","[{""copyright"":""shy_(series)"",""co_posts"":64,""character_coverage"":1.0},{""copyright"":""umamusume"",""co_posts"":1,""character_coverage"":0.015625}]","","","PENDING",""
"I70-029981","laffey_(snow_rabbit_and_candy_apple)_(azur_lane)","4","Character","64","laffey_(snow_rabbit_and_candied_apple)_(azur_lane)","laffey (snow rabbit and candied apple) (azur lane)","","","雪うさぎとりんご飴","","[{""copyright"":""azur_lane"",""co_posts"":64,""character_coverage"":1.0},{""copyright"":""granblue_fantasy"",""co_posts"":2,""character_coverage"":0.03125},{""copyright"":""gundam"",""co_posts"":1,""character_coverage"":0.015625},{""copyright"":""zeta_gundam"",""co_posts"":1,""character_coverage"":0.015625}]","","","PENDING",""
"I70-029982","laika_(slime_taoshite_300_nen)","4","Character","64","","","","","ライカ(スライム倒して300年)","","[{""copyright"":""slime_taoshite_300_nen_shiranai_uchi_ni_level_max_ni_nattemashita"",""co_posts"":57,""character_coverage"":1.0},{""copyright"":""megami_magazine"",""co_posts"":2,""character_coverage"":0.035088}]","","","PENDING",""
"I70-029983","laila_(queen's_blade)","4","Character","64","","","","","神罰の執行者","","[{""copyright"":""queen's_blade"",""co_posts"":57,""character_coverage"":1.0},{""copyright"":""queen's_blade_rebellion"",""co_posts"":57,""character_coverage"":1.0},{""copyright"":""vanquished_queens"",""co_posts"":5,""character_coverage"":0.087719},{""copyright"":""queen's_blade_limit_break"",""co_posts"":2,""character_coverage"":0.035088},{""copyright"":""queen's_blade_unlimited"",""co_posts"":2,""character_coverage"":0.035088}]","","","PENDING",""
"I70-029984","lamball","4","Character","64","","","","","モコロン","","[{""copyright"":""palworld"",""co_posts"":55,""character_coverage"":1.0},{""copyright"":""hololive"",""co_posts"":10,""character_coverage"":0.181818},{""copyright"":""hololive_english"",""co_posts"":7,""character_coverage"":0.127273},{""copyright"":""pokemon"",""co_posts"":4,""character_coverage"":0.072727},{""copyright"":""blue_archive"",""co_posts"":3,""character_coverage"":0.054545}]","","","PENDING",""
"I70-029985","lars_rorschach_(godheim)","4","Character","64","","","","","","","[{""copyright"":""lovebrush_chronicles"",""co_posts"":64,""character_coverage"":1.0}]","","","PENDING",""
"I70-029986","leonard_bistario_harway","4","Character","64","","","","","レオナルド・ビスタリオ・ハーウェイ","","[{""copyright"":""fate/extra"",""co_posts"":64,""character_coverage"":1.0},{""copyright"":""fate_(series)"",""co_posts"":64,""character_coverage"":1.0},{""copyright"":""fate/extra_ccc"",""co_posts"":21,""character_coverage"":0.328125},{""copyright"":""fate/grand_order"",""co_posts"":9,""character_coverage"":0.140625},{""copyright"":""fate/zero"",""co_posts"":5,""character_coverage"":0.078125}]","","","PENDING",""
"I70-029987","leonidas_i_(real_life)","4","Character","64","","","","","","","[]","","","PENDING",""
"I70-029988","lilia_(ys)","4","Character","64","","","","","リリア","","[{""copyright"":""ys"",""co_posts"":64,""character_coverage"":1.0},{""copyright"":""ancient_ys_vanished"",""co_posts"":56,""character_coverage"":0.875},{""copyright"":""advance_wars"",""co_posts"":3,""character_coverage"":0.046875},{""copyright"":""bomberman"",""co_posts"":3,""character_coverage"":0.046875},{""copyright"":""castlevania_(series)"",""co_posts"":3,""character_coverage"":0.046875}]","","","PENDING",""
"I70-029989","lillian_ljungstrom","4","Character","64","","","","","リリアン=リュングストローム","","[{""copyright"":""original"",""co_posts"":62,""character_coverage"":1.0},{""copyright"":""alice's_adventures_in_wonderland"",""co_posts"":2,""character_coverage"":0.032258},{""copyright"":""comiket_104"",""co_posts"":1,""character_coverage"":0.016129},{""copyright"":""comiket_106"",""co_posts"":1,""character_coverage"":0.016129},{""copyright"":""comiket_107"",""co_posts"":1,""character_coverage"":0.016129}]","","","PENDING",""
"I70-029990","lily_(shiei_no_sona-nyl)","4","Character","64","","","","","リリー（shiei no sona-nyl）","","[{""copyright"":""shiei_no_sona-nyl"",""co_posts"":64,""character_coverage"":1.0},{""copyright"":""steampunk_(liarsoft)"",""co_posts"":64,""character_coverage"":1.0},{""copyright"":""fate/grand_order"",""co_posts"":3,""character_coverage"":0.046875},{""copyright"":""fate_(series)"",""co_posts"":3,""character_coverage"":0.046875},{""copyright"":""shikkoku_no_sharnoth"",""co_posts"":2,""character_coverage"":0.03125}]","","","PENDING",""
"I70-029991","lily_hopkins","4","Character","64","","","","","","","[{""copyright"":""indie_virtual_youtuber"",""co_posts"":62,""character_coverage"":1.0},{""copyright"":""pokemon"",""co_posts"":4,""character_coverage"":0.064516},{""copyright"":""pokemon_diamond/pearl/platinum"",""co_posts"":2,""character_coverage"":0.032258},{""copyright"":""sanrio"",""co_posts"":2,""character_coverage"":0.032258},{""copyright"":""pop_mart"",""co_posts"":1,""character_coverage"":0.016129}]","","","PENDING",""
"I70-029992","linaria_fairhyde","4","Character","64","","","","","リナリア=フェーデルハイド","","[{""copyright"":""mahou_shoujo_lucifer_ouka"",""co_posts"":53,""character_coverage"":1.0}]","","","PENDING",""
"I70-029993","lizzy_seiran","4","Character","64","","","","","リジィ・セイラン","","[{""copyright"":""kimi_ga_shinu_made_koi_wo_shitai"",""co_posts"":16,""character_coverage"":1.0}]","","","PENDING",""
"I70-029994","lu_bu_(fate)","4","Character","64","","","","","バーサーカー(Fate/EXTRA)","","[{""copyright"":""fate_(series)"",""co_posts"":61,""character_coverage"":1.0},{""copyright"":""fate/grand_order"",""co_posts"":44,""character_coverage"":0.721311},{""copyright"":""fate/extra"",""co_posts"":24,""character_coverage"":0.393443},{""copyright"":""fate/extra_ccc"",""co_posts"":6,""character_coverage"":0.098361},{""copyright"":""fate/stay_night"",""co_posts"":5,""character_coverage"":0.081967}]","","","PENDING",""
"I70-029995","luvencia_(brown_dust)","4","Character","64","","","","","ルベンシア","","[{""copyright"":""brown_dust_(series)"",""co_posts"":60,""character_coverage"":1.0},{""copyright"":""brown_dust_2"",""co_posts"":60,""character_coverage"":1.0}]","","","PENDING",""
"I70-029996","lyn_(flame)_(fire_emblem)","4","Character","64","","","","","","","[{""copyright"":""fire_emblem"",""co_posts"":59,""character_coverage"":1.0},{""copyright"":""fire_emblem_heroes"",""co_posts"":59,""character_coverage"":1.0},{""copyright"":""fire_emblem:_the_blazing_blade"",""co_posts"":55,""character_coverage"":0.932203},{""copyright"":""fire_emblem_awakening"",""co_posts"":3,""character_coverage"":0.050847},{""copyright"":""fire_emblem_fates"",""co_posts"":3,""character_coverage"":0.050847}]","","","PENDING",""
"I70-029997","lyn_(ninja)_(fire_emblem)","4","Character","64","","","","","","","[{""copyright"":""fire_emblem"",""co_posts"":61,""character_coverage"":1.0},{""copyright"":""fire_emblem:_the_blazing_blade"",""co_posts"":57,""character_coverage"":0.934426},{""copyright"":""fire_emblem_heroes"",""co_posts"":57,""character_coverage"":0.934426},{""copyright"":""fire_emblem:_the_binding_blade"",""co_posts"":2,""character_coverage"":0.032787},{""copyright"":""fire_emblem_fates"",""co_posts"":2,""character_coverage"":0.032787}]","","","PENDING",""
"I70-029998","lyn_(wind's_embrace)_(fire_emblem)","4","Character","64","lyn_(valentine)_(fire_emblem)","lyn (valentine) (fire emblem)","","","","","[{""copyright"":""fire_emblem"",""co_posts"":60,""character_coverage"":1.0},{""copyright"":""fire_emblem:_the_blazing_blade"",""co_posts"":59,""character_coverage"":0.983333},{""copyright"":""fire_emblem_heroes"",""co_posts"":59,""character_coverage"":0.983333},{""copyright"":""fire_emblem:_the_binding_blade"",""co_posts"":8,""character_coverage"":0.133333},{""copyright"":""fire_emblem_engage"",""co_posts"":2,""character_coverage"":0.033333}]","","","PENDING",""
"I70-029999","maeda_inuchiyo","4","Character","64","","","","","前田犬千代","","[{""copyright"":""oda_nobuna_no_yabou"",""co_posts"":63,""character_coverage"":1.0},{""copyright"":""animage"",""co_posts"":1,""character_coverage"":0.015873},{""copyright"":""dengeki_g's"",""co_posts"":1,""character_coverage"":0.015873},{""copyright"":""mahou_shoujo_madoka_magica"",""co_posts"":1,""character_coverage"":0.015873},{""copyright"":""mahou_shoujo_madoka_magica_(anime)"",""co_posts"":1,""character_coverage"":0.015873}]","","","PENDING",""
"I70-030000","maestrale_kai_(swimsuit)_(kancolle)","4","Character","64","","","","","マエストラーレ改(水着)","","[{""copyright"":""kantai_collection"",""co_posts"":61,""character_coverage"":1.0},{""copyright"":""comiket_104"",""co_posts"":2,""character_coverage"":0.032787},{""copyright"":""papico_(ice_cream)"",""co_posts"":1,""character_coverage"":0.016393}]","","","PENDING",""
