"row_id","canonical_tag","category","category_name","post_count","source_aliases","verified_aliases","existing_display_ja","existing_search_ja","existing_candidate_ja","existing_rejected_ja","related_copyright_candidates","display_ja","search_ja","translation_status","translation_note"
"I70-033001","lemuen_(elite_ii)_(arknights)","4","Character","56","","","","","","","[{""copyright"":""arknights"",""co_posts"":53,""character_coverage"":1.0},{""copyright"":""bocchi_the_rock!"",""co_posts"":1,""character_coverage"":0.018868}]","","","PENDING",""
"I70-033002","lenja","4","Character","56","","","","","レイニャ","","[{""copyright"":""atelier_(series)"",""co_posts"":55,""character_coverage"":1.0},{""copyright"":""atelier_yumia"",""co_posts"":55,""character_coverage"":1.0},{""copyright"":""azur_lane"",""co_posts"":10,""character_coverage"":0.181818}]","","","PENDING",""
"I70-033003","leo/need_meiko","4","Character","56","","","","","","","[{""copyright"":""vocaloid"",""co_posts"":53,""character_coverage"":1.0},{""copyright"":""project_sekai"",""co_posts"":52,""character_coverage"":0.981132}]","","","PENDING",""
"I70-033004","lianhua_blood_duck_(the_tale_of_food)","4","Character","56","","","","","莲花血鸭","","[{""copyright"":""the_tale_of_food"",""co_posts"":55,""character_coverage"":1.0},{""copyright"":""pepsi"",""co_posts"":1,""character_coverage"":0.018182}]","","","PENDING",""
"I70-033005","ling_(towering_is_cliff_of_nostalgia)_(arknights)","4","Character","56","","","","","","","[{""copyright"":""arknights"",""co_posts"":55,""character_coverage"":1.0},{""copyright"":""ambience_synesthesia"",""co_posts"":2,""character_coverage"":0.036364},{""copyright"":""arknights:_endfield"",""co_posts"":1,""character_coverage"":0.018182},{""copyright"":""azur_lane"",""co_posts"":1,""character_coverage"":0.018182},{""copyright"":""blue_archive"",""co_posts"":1,""character_coverage"":0.018182}]","","","PENDING",""
"I70-033006","linna_yamazaki","4","Character","56","","","","","リンナ・ヤマザキ","","[{""copyright"":""bubblegum_crisis"",""co_posts"":47,""character_coverage"":0.854545},{""copyright"":""gall_force"",""co_posts"":4,""character_coverage"":0.072727},{""copyright"":""kikou_souseiki_mospeada"",""co_posts"":2,""character_coverage"":0.036364},{""copyright"":""mospeada"",""co_posts"":2,""character_coverage"":0.036364},{""copyright"":""3x3_eyes"",""co_posts"":1,""character_coverage"":0.018182}]","","","PENDING",""
"I70-033007","linux-tan","4","Character","56","","","","","","","[{""copyright"":""linux"",""co_posts"":54,""character_coverage"":0.981818},{""copyright"":""os-tan"",""co_posts"":53,""character_coverage"":0.963636},{""copyright"":""pac-man_(game)"",""co_posts"":8,""character_coverage"":0.145455},{""copyright"":""futaba_channel"",""co_posts"":5,""character_coverage"":0.090909},{""copyright"":""ghost_in_the_shell"",""co_posts"":4,""character_coverage"":0.072727}]","","","PENDING",""
"I70-033008","little_my","4","Character","56","","","","","ミイ","","[{""copyright"":""moomin"",""co_posts"":54,""character_coverage"":1.0},{""copyright"":""girls_und_panzer"",""co_posts"":10,""character_coverage"":0.185185},{""copyright"":""osomatsu-san"",""co_posts"":2,""character_coverage"":0.037037},{""copyright"":""osomatsu_(series)"",""co_posts"":2,""character_coverage"":0.037037},{""copyright"":""pulp_fiction"",""co_posts"":2,""character_coverage"":0.037037}]","","","PENDING",""
"I70-033009","lize_helesta_(military)","4","Character","56","lize_helesta_(7th_costume)","lize helesta (7th costume)","","","リゼ・ヘルエスタ(公務服)","","[{""copyright"":""nijisanji"",""co_posts"":53,""character_coverage"":1.0},{""copyright"":""fullmetal_alchemist"",""co_posts"":1,""character_coverage"":0.018868}]","","","PENDING",""
"I70-033010","lolo_(klonoa)","4","Character","56","","","","","ロロ(クロノア)","","[{""copyright"":""kaze_no_klonoa"",""co_posts"":40,""character_coverage"":1.0},{""copyright"":""pac-man_(game)"",""co_posts"":2,""character_coverage"":0.05},{""copyright"":""druaga_no_tou"",""co_posts"":1,""character_coverage"":0.025},{""copyright"":""durarara!!"",""co_posts"":1,""character_coverage"":0.025},{""copyright"":""katamari_damacy"",""co_posts"":1,""character_coverage"":0.025}]","","","PENDING",""
"I70-033011","lucy_(chrono_ark)","4","Character","56","","","","","ルシー","","[{""copyright"":""chrono_ark"",""co_posts"":47,""character_coverage"":1.0},{""copyright"":""mega_man_(series)"",""co_posts"":2,""character_coverage"":0.042553},{""copyright"":""mega_man_zero_(series)"",""co_posts"":2,""character_coverage"":0.042553}]","","","PENDING",""
"I70-033012","luna_loud","4","Character","56","","","","","","","[{""copyright"":""the_loud_house"",""co_posts"":37,""character_coverage"":1.0},{""copyright"":""real_life"",""co_posts"":1,""character_coverage"":0.027027},{""copyright"":""street_fighter"",""co_posts"":1,""character_coverage"":0.027027}]","","","PENDING",""
"I70-033013","m3_(arknights)","4","Character","56","","","","","M3(エンドフィールド)","","[{""copyright"":""arknights"",""co_posts"":51,""character_coverage"":1.0},{""copyright"":""arknights:_endfield"",""co_posts"":50,""character_coverage"":0.980392},{""copyright"":""coca-cola"",""co_posts"":1,""character_coverage"":0.019608},{""copyright"":""metal_gear_(series)"",""co_posts"":1,""character_coverage"":0.019608},{""copyright"":""metal_gear_solid_v:_the_phantom_pain"",""co_posts"":1,""character_coverage"":0.019608}]","","","PENDING",""
"I70-033014","macaron_(amaburi)","4","Character","56","","","","","マカロン(甘ブリ)","","[{""copyright"":""amagi_brilliant_park"",""co_posts"":54,""character_coverage"":1.0},{""copyright"":""nyantype"",""co_posts"":5,""character_coverage"":0.092593},{""copyright"":""full_metal_panic!"",""co_posts"":2,""character_coverage"":0.037037},{""copyright"":""last_period"",""co_posts"":1,""character_coverage"":0.018519},{""copyright"":""mahou_shoujo_madoka_magica"",""co_posts"":1,""character_coverage"":0.018519}]","","","PENDING",""
"I70-033015","machio_naruzou","4","Character","56","","","","","街雄鳴造","","[{""copyright"":""dumbbell_nan_kilo_moteru?"",""co_posts"":53,""character_coverage"":1.0},{""copyright"":""fate/grand_order"",""co_posts"":8,""character_coverage"":0.150943},{""copyright"":""fate_(series)"",""co_posts"":8,""character_coverage"":0.150943},{""copyright"":""pokemon"",""co_posts"":5,""character_coverage"":0.09434},{""copyright"":""pokemon_sword_and_shield"",""co_posts"":5,""character_coverage"":0.09434}]","","","PENDING",""
"I70-033016","madara_(natsume_yuujinchou)","4","Character","56","","","","","マダラ（夏目ユジンチョウ）","","[{""copyright"":""natsume_yuujinchou"",""co_posts"":53,""character_coverage"":1.0},{""copyright"":""inuyasha"",""co_posts"":2,""character_coverage"":0.037736},{""copyright"":""ookami_(game)"",""co_posts"":2,""character_coverage"":0.037736},{""copyright"":""ao_no_exorcist"",""co_posts"":1,""character_coverage"":0.018868},{""copyright"":""fate/strange_fake"",""co_posts"":1,""character_coverage"":0.018868}]","","","PENDING",""
"I70-033017","makiri_zolgen","4","Character","56","","","","","マキリ・ゾォルケン","","[{""copyright"":""fate_(series)"",""co_posts"":56,""character_coverage"":1.0},{""copyright"":""fate/stay_night"",""co_posts"":38,""character_coverage"":0.678571},{""copyright"":""fate/grand_order"",""co_posts"":20,""character_coverage"":0.357143},{""copyright"":""fate/zero"",""co_posts"":19,""character_coverage"":0.339286},{""copyright"":""heaven's_feel"",""co_posts"":5,""character_coverage"":0.089286}]","","","PENDING",""
"I70-033018","manon_legrand_(outfit_2)","4","Character","56","","","","","","","[{""copyright"":""street_fighter"",""co_posts"":44,""character_coverage"":1.0},{""copyright"":""street_fighter_6"",""co_posts"":43,""character_coverage"":0.977273},{""copyright"":""the_king_of_fighters"",""co_posts"":2,""character_coverage"":0.045455},{""copyright"":""vspo!"",""co_posts"":2,""character_coverage"":0.045455},{""copyright"":""evolution_championship_series"",""co_posts"":1,""character_coverage"":0.022727}]","","","PENDING",""
"I70-033019","marcus_(ff9)","4","Character","56","","","","","マーカス","","[{""copyright"":""final_fantasy"",""co_posts"":48,""character_coverage"":1.0},{""copyright"":""final_fantasy_ix"",""co_posts"":47,""character_coverage"":0.979167},{""copyright"":""final_fantasy_viii"",""co_posts"":2,""character_coverage"":0.041667},{""copyright"":""another_eden"",""co_posts"":1,""character_coverage"":0.020833},{""copyright"":""dragon_quest"",""co_posts"":1,""character_coverage"":0.020833}]","","","PENDING",""
"I70-033020","mari_(amazu)","4","Character","56","","","","","","","[{""copyright"":""original"",""co_posts"":56,""character_coverage"":1.0}]","","","PENDING",""
"I70-033021","maria_(junketsu_no_maria)","4","Character","56","","","","","マリア","","[{""copyright"":""junketsu_no_maria"",""co_posts"":50,""character_coverage"":1.0},{""copyright"":""bayonetta_(series)"",""co_posts"":1,""character_coverage"":0.02},{""copyright"":""berserk"",""co_posts"":1,""character_coverage"":0.02},{""copyright"":""concrete_revolutio"",""co_posts"":1,""character_coverage"":0.02},{""copyright"":""dai_mahou_touge"",""co_posts"":1,""character_coverage"":0.02}]","","","PENDING",""
"I70-033022","marie_(grand_festival)_(splatoon)","4","Character","56","","","","","","","[{""copyright"":""splatoon_(series)"",""co_posts"":56,""character_coverage"":1.0},{""copyright"":""splatoon_3"",""co_posts"":53,""character_coverage"":0.946429},{""copyright"":""splatoon_1"",""co_posts"":5,""character_coverage"":0.089286},{""copyright"":""splatoon_2"",""co_posts"":3,""character_coverage"":0.053571}]","","","PENDING",""
"I70-033023","martina_(project_moon)","4","Character","56","martina_(library_of_ruina)","martina (library of ruina)","","","","","[{""copyright"":""library_of_ruina"",""co_posts"":54,""character_coverage"":1.0},{""copyright"":""project_moon"",""co_posts"":54,""character_coverage"":1.0},{""copyright"":""limbus_company"",""co_posts"":3,""character_coverage"":0.055556},{""copyright"":""black_souls"",""co_posts"":1,""character_coverage"":0.018519},{""copyright"":""crayon_shin-chan"",""co_posts"":1,""character_coverage"":0.018519}]","","","PENDING",""
"I70-033024","matsuno_kuusuke","4","Character","56","maxwell_carson","maxwell carson","","","松野空介","","[{""copyright"":""inazuma_eleven_(series)"",""co_posts"":53,""character_coverage"":1.0},{""copyright"":""inazuma_eleven"",""co_posts"":52,""character_coverage"":0.981132},{""copyright"":""inazuma_eleven_go"",""co_posts"":6,""character_coverage"":0.113208},{""copyright"":""azumanga_daioh"",""co_posts"":3,""character_coverage"":0.056604},{""copyright"":""inazuma_eleven_go_chrono_stone"",""co_posts"":2,""character_coverage"":0.037736}]","","","PENDING",""
"I70-033025","max_(pangya)","4","Character","56","","","","","マックス（パンギャ）","","[{""copyright"":""pangya"",""co_posts"":52,""character_coverage"":1.0},{""copyright"":""dead_or_alive"",""co_posts"":1,""character_coverage"":0.019231},{""copyright"":""fatal_frame"",""co_posts"":1,""character_coverage"":0.019231},{""copyright"":""ninja_gaiden"",""co_posts"":1,""character_coverage"":0.019231},{""copyright"":""sakigake!!_cromartie_koukou"",""co_posts"":1,""character_coverage"":0.019231}]","","","PENDING",""
"I70-033026","max_goof","4","Character","56","","","","","マックス(ディズニー)","","[{""copyright"":""mickey_mouse_&_friends"",""co_posts"":46,""character_coverage"":1.0},{""copyright"":""goof_troop"",""co_posts"":25,""character_coverage"":0.543478},{""copyright"":""disney"",""co_posts"":5,""character_coverage"":0.108696},{""copyright"":""kingdom_hearts"",""co_posts"":5,""character_coverage"":0.108696},{""copyright"":""the_three_caballeros"",""co_posts"":5,""character_coverage"":0.108696}]","","","PENDING",""
"I70-033027","max_mccalister","4","Character","56","","","","","マックス・マカリスター","","[{""copyright"":""milky_subway"",""co_posts"":41,""character_coverage"":1.0},{""copyright"":""cookie_run"",""co_posts"":1,""character_coverage"":0.02439},{""copyright"":""cookie_run:_kingdom"",""co_posts"":1,""character_coverage"":0.02439},{""copyright"":""dc_comics"",""co_posts"":1,""character_coverage"":0.02439},{""copyright"":""futari_wa_precure"",""co_posts"":1,""character_coverage"":0.02439}]","","","PENDING",""
"I70-033028","mega_alakazam","4","Character","56","","","","","メガフーディン","","[{""copyright"":""pokemon"",""co_posts"":52,""character_coverage"":1.0},{""copyright"":""pokemon_(anime)"",""co_posts"":8,""character_coverage"":0.153846},{""copyright"":""pokemon_x_and_y"",""co_posts"":8,""character_coverage"":0.153846},{""copyright"":""pokemon_sun_and_moon"",""co_posts"":6,""character_coverage"":0.115385},{""copyright"":""pokemon_the_series:_xy"",""co_posts"":6,""character_coverage"":0.115385}]","","","PENDING",""
"I70-033029","mega_scolipede","4","Character","56","","","","","メガペンドラー","","[{""copyright"":""pokemon"",""co_posts"":52,""character_coverage"":1.0},{""copyright"":""pokemon_legends:_z-a"",""co_posts"":24,""character_coverage"":0.461538}]","","","PENDING",""
"I70-033030","mercedes_(maplestory)","4","Character","56","","","","","メルセデス","","[{""copyright"":""maplestory"",""co_posts"":51,""character_coverage"":1.0},{""copyright"":""victorian_romance_emma"",""co_posts"":1,""character_coverage"":0.019608}]","","","PENDING",""
"I70-033031","meythia","4","Character","56","","","","","メティア","","[{""copyright"":""saga"",""co_posts"":50,""character_coverage"":1.0},{""copyright"":""saga_frontier_2"",""co_posts"":50,""character_coverage"":1.0},{""copyright"":""saga_frontier"",""co_posts"":5,""character_coverage"":0.1},{""copyright"":""romancing_saga_re;universe"",""co_posts"":3,""character_coverage"":0.06},{""copyright"":""square_enix"",""co_posts"":1,""character_coverage"":0.02}]","","","PENDING",""
"I70-033032","michi_(chaisia_art)","4","Character","56","","","","","","","[{""copyright"":""original"",""co_posts"":53,""character_coverage"":0.963636},{""copyright"":""among_us"",""co_posts"":26,""character_coverage"":0.472727},{""copyright"":""indie_virtual_youtuber"",""co_posts"":4,""character_coverage"":0.072727},{""copyright"":""my_little_pony"",""co_posts"":1,""character_coverage"":0.018182},{""copyright"":""my_little_pony:_friendship_is_magic"",""co_posts"":1,""character_coverage"":0.018182}]","","","PENDING",""
"I70-033033","michiko_malandro","4","Character","56","","","","","ミチコ・マランドロ","","[{""copyright"":""michiko_to_hacchin"",""co_posts"":48,""character_coverage"":1.0},{""copyright"":""encanto"",""co_posts"":1,""character_coverage"":0.020833},{""copyright"":""fatal_fury"",""co_posts"":1,""character_coverage"":0.020833},{""copyright"":""kill_la_kill"",""co_posts"":1,""character_coverage"":0.020833},{""copyright"":""lilo_&_stitch"",""co_posts"":1,""character_coverage"":0.020833}]","","","PENDING",""
"I70-033034","minami_hinata","4","Character","56","","","","","南ひなた","","[{""copyright"":""battle_girl_high_school"",""co_posts"":55,""character_coverage"":1.0},{""copyright"":""cinderella_(fairy_tale)"",""co_posts"":2,""character_coverage"":0.036364},{""copyright"":""monster_girl_encyclopedia"",""co_posts"":2,""character_coverage"":0.036364},{""copyright"":""fallout"",""co_posts"":1,""character_coverage"":0.018182},{""copyright"":""godzilla_(series)"",""co_posts"":1,""character_coverage"":0.018182}]","","","PENDING",""
"I70-033035","miruzu_(dqb2)","4","Character","56","","","","","ミルズ_(dqb2)","","[{""copyright"":""dragon_quest"",""co_posts"":55,""character_coverage"":1.0},{""copyright"":""dragon_quest_builders_2"",""co_posts"":55,""character_coverage"":1.0},{""copyright"":""dragon_quest_ii"",""co_posts"":2,""character_coverage"":0.036364}]","","","PENDING",""
"I70-033036","misawa_daichi","4","Character","56","bastion_misawa","bastion misawa","","","三沢大地","","[{""copyright"":""yu-gi-oh!"",""co_posts"":47,""character_coverage"":1.0},{""copyright"":""yu-gi-oh!_gx"",""co_posts"":47,""character_coverage"":1.0},{""copyright"":""yu-gi-oh!_5d's"",""co_posts"":4,""character_coverage"":0.085106},{""copyright"":""yu-gi-oh!_duel_monsters"",""co_posts"":4,""character_coverage"":0.085106},{""copyright"":""yu-gi-oh!_zexal"",""co_posts"":2,""character_coverage"":0.042553}]","","","PENDING",""
"I70-033037","misogi_(halloween)_(princess_connect!)","4","Character","56","","","","","ミソギ(ハロウィン)","","[{""copyright"":""princess_connect!"",""co_posts"":56,""character_coverage"":1.0},{""copyright"":""gochuumon_wa_usagi_desu_ka?"",""co_posts"":2,""character_coverage"":0.035714},{""copyright"":""granblue_fantasy"",""co_posts"":2,""character_coverage"":0.035714},{""copyright"":""cygames"",""co_posts"":1,""character_coverage"":0.017857},{""copyright"":""umamusume"",""co_posts"":1,""character_coverage"":0.017857}]","","","PENDING",""
"I70-033038","mitani_ryouichi","4","Character","56","","","","","三谷良一","","[{""copyright"":""summer_pockets"",""co_posts"":53,""character_coverage"":1.0},{""copyright"":""higurashi_no_naku_koro_ni"",""co_posts"":3,""character_coverage"":0.056604},{""copyright"":""comiket_106"",""co_posts"":1,""character_coverage"":0.018868},{""copyright"":""comiket_95"",""co_posts"":1,""character_coverage"":0.018868},{""copyright"":""kanon"",""co_posts"":1,""character_coverage"":0.018868}]","","","PENDING",""
"I70-033039","miyo_(c108_swimsuit)_(blue_archive)","4","Character","56","","","","","","","[{""copyright"":""blue_archive"",""co_posts"":28,""character_coverage"":1.0},{""copyright"":""blue_period"",""co_posts"":2,""character_coverage"":0.071429},{""copyright"":""shirobako"",""co_posts"":1,""character_coverage"":0.035714}]","","","PENDING",""
"I70-033040","mizukami_satoshi_(world_trigger)","4","Character","56","","","","","水上敏志","","[{""copyright"":""world_trigger"",""co_posts"":56,""character_coverage"":1.0}]","","","PENDING",""
"I70-033041","mo_guan_shan","4","Character","56","","","","","莫關山","","[{""copyright"":""19_tian"",""co_posts"":40,""character_coverage"":1.0},{""copyright"":""harry_potter_(series)"",""co_posts"":1,""character_coverage"":0.025},{""copyright"":""wizarding_world"",""co_posts"":1,""character_coverage"":0.025}]","","","PENDING",""
"I70-033042","mobius_(scorching_gravel)_(honkai_impact)","4","Character","56","","","","","","","[{""copyright"":""honkai_(series)"",""co_posts"":54,""character_coverage"":1.0},{""copyright"":""honkai_impact_3rd"",""co_posts"":54,""character_coverage"":1.0},{""copyright"":""genshin_impact"",""co_posts"":2,""character_coverage"":0.037037},{""copyright"":""mihoyo"",""co_posts"":2,""character_coverage"":0.037037},{""copyright"":""honkai_gakuen"",""co_posts"":1,""character_coverage"":0.018519}]","","","PENDING",""
"I70-033043","mochi_(touhou)","4","Character","56","","","","","餅(東方紺珠伝)","","[{""copyright"":""touhou"",""co_posts"":55,""character_coverage"":1.0},{""copyright"":""legacy_of_lunatic_kingdom"",""co_posts"":12,""character_coverage"":0.218182},{""copyright"":""unfinished_dream_of_all_living_ghost"",""co_posts"":3,""character_coverage"":0.054545},{""copyright"":""fossilized_wonders"",""co_posts"":2,""character_coverage"":0.036364},{""copyright"":""jojo_no_kimyou_na_bouken"",""co_posts"":2,""character_coverage"":0.036364}]","","","PENDING",""
"I70-033044","moka-chan_(akino_ell)","4","Character","56","","","","","","","[{""copyright"":""original"",""co_posts"":53,""character_coverage"":1.0},{""copyright"":""comiket_105"",""co_posts"":1,""character_coverage"":0.018868}]","","","PENDING",""
"I70-033045","momose_ginko_(animal_cafe)","4","Character","56","","","","","","","[{""copyright"":""love_live!"",""co_posts"":55,""character_coverage"":1.0},{""copyright"":""love_live!_hasu_no_sora_jogakuin_school_idol_club"",""co_posts"":55,""character_coverage"":1.0},{""copyright"":""comiket_104"",""co_posts"":5,""character_coverage"":0.090909},{""copyright"":""boku_no_hero_academia"",""co_posts"":1,""character_coverage"":0.018182},{""copyright"":""dream_believers"",""co_posts"":1,""character_coverage"":0.018182}]","","","PENDING",""
"I70-033046","mona_(shingeki_no_bahamut)","4","Character","56","miimu","miimu","","","ミイム","","[{""copyright"":""granblue_fantasy"",""co_posts"":52,""character_coverage"":0.945455},{""copyright"":""shingeki_no_bahamut"",""co_posts"":40,""character_coverage"":0.727273},{""copyright"":""kantai_collection"",""co_posts"":2,""character_coverage"":0.036364},{""copyright"":""cygames"",""co_posts"":1,""character_coverage"":0.018182},{""copyright"":""indie_virtual_youtuber"",""co_posts"":1,""character_coverage"":0.018182}]","","","PENDING",""
"I70-033047","monique_(arknights)","4","Character","56","","","","","モニーク","","[{""copyright"":""arknights"",""co_posts"":52,""character_coverage"":1.0}]","","","PENDING",""
"I70-033048","more_more_jump!_luka","4","Character","56","","","","","","","[{""copyright"":""project_sekai"",""co_posts"":52,""character_coverage"":1.0},{""copyright"":""vocaloid"",""co_posts"":52,""character_coverage"":1.0},{""copyright"":""my_melody_(series)"",""co_posts"":1,""character_coverage"":0.019231},{""copyright"":""sanrio"",""co_posts"":1,""character_coverage"":0.019231}]","","","PENDING",""
"I70-033049","morel_mackernasey","4","Character","56","","","","","モラウ=マッカーナーシ","","[{""copyright"":""hunter_x_hunter"",""co_posts"":56,""character_coverage"":1.0},{""copyright"":""back_to_the_future"",""co_posts"":1,""character_coverage"":0.017857},{""copyright"":""beauty_and_the_beast_(disney)"",""co_posts"":1,""character_coverage"":0.017857},{""copyright"":""blade_runner_(1982_movie)"",""co_posts"":1,""character_coverage"":0.017857},{""copyright"":""blade_runner_(series)"",""co_posts"":1,""character_coverage"":0.017857}]","","","PENDING",""
"I70-033050","morikawa_yuki","4","Character","56","","","","","森川由綺","","[{""copyright"":""white_album_(series)"",""co_posts"":55,""character_coverage"":1.0},{""copyright"":""white_album"",""co_posts"":53,""character_coverage"":0.963636},{""copyright"":""white_album_2"",""co_posts"":5,""character_coverage"":0.090909},{""copyright"":""megami_magazine"",""co_posts"":3,""character_coverage"":0.054545},{""copyright"":""to_heart_(series)"",""co_posts"":3,""character_coverage"":0.054545}]","","","PENDING",""
"I70-033051","morino_mari","4","Character","56","","","","","森野真理","","[{""copyright"":""koisuru_asteroid"",""co_posts"":54,""character_coverage"":1.0},{""copyright"":""gochuumon_wa_usagi_desu_ka?"",""co_posts"":4,""character_coverage"":0.074074},{""copyright"":""yama_no_susume"",""co_posts"":2,""character_coverage"":0.037037},{""copyright"":""manga_time_kirara"",""co_posts"":1,""character_coverage"":0.018519},{""copyright"":""megami_magazine"",""co_posts"":1,""character_coverage"":0.018519}]","","","PENDING",""
"I70-033052","mr._chin","4","Character","56","","","","","ミスター陳","","[{""copyright"":""tsukihime"",""co_posts"":51,""character_coverage"":1.0},{""copyright"":""melty_blood"",""co_posts"":16,""character_coverage"":0.313725},{""copyright"":""melty_blood:_type_lumina"",""co_posts"":4,""character_coverage"":0.078431},{""copyright"":""tsukihime_(remake)"",""co_posts"":4,""character_coverage"":0.078431},{""copyright"":""fate/stay_night"",""co_posts"":2,""character_coverage"":0.039216}]","","","PENDING",""
"I70-033053","muni_(akatsuki_uni)","4","Character","56","","","","","","","[{""copyright"":""uni_create"",""co_posts"":56,""character_coverage"":1.0},{""copyright"":"".live"",""co_posts"":1,""character_coverage"":0.017857},{""copyright"":""darkstalkers"",""co_posts"":1,""character_coverage"":0.017857},{""copyright"":""kemomimi_oukoku_kokuei_housou"",""co_posts"":1,""character_coverage"":0.017857},{""copyright"":""mirai_akari_project"",""co_posts"":1,""character_coverage"":0.017857}]","","","PENDING",""
"I70-033054","mustard_(pokemon)","4","Character","56","","","","","マスタード(トレーナー)","","[{""copyright"":""pokemon"",""co_posts"":55,""character_coverage"":1.0},{""copyright"":""pokemon_sword_and_shield"",""co_posts"":55,""character_coverage"":1.0},{""copyright"":""pokemon_tcg"",""co_posts"":6,""character_coverage"":0.109091},{""copyright"":""hunter_x_hunter"",""co_posts"":4,""character_coverage"":0.072727},{""copyright"":""nijisanji"",""co_posts"":3,""character_coverage"":0.054545}]","","","PENDING",""
"I70-033055","myria_loussier_(salverion)","4","Character","56","","","","","","","[{""copyright"":""original"",""co_posts"":46,""character_coverage"":1.0},{""copyright"":""final_fantasy"",""co_posts"":1,""character_coverage"":0.021739},{""copyright"":""final_fantasy_xiv"",""co_posts"":1,""character_coverage"":0.021739}]","","","PENDING",""
"I70-033056","nachetanya_loei_piena_augustra","4","Character","56","nashetania_loei_piena_augustra","nashetania loei piena augustra","","","ナッシェタニア","","[{""copyright"":""rokka_no_yuusha"",""co_posts"":54,""character_coverage"":1.0}]","","","PENDING",""
"I70-033057","nagakura_shinpachi_(first_ascension)_(fate)","4","Character","56","","","","","","","[{""copyright"":""fate/grand_order"",""co_posts"":55,""character_coverage"":1.0},{""copyright"":""fate_(series)"",""co_posts"":55,""character_coverage"":1.0},{""copyright"":""fate/grand_order_arcade"",""co_posts"":2,""character_coverage"":0.036364},{""copyright"":""fate/extra"",""co_posts"":1,""character_coverage"":0.018182}]","","","PENDING",""
"I70-033058","nakahara_mai","4","Character","56","","","","","中原麻衣","","[{""copyright"":""clannad"",""co_posts"":13,""character_coverage"":0.265306},{""copyright"":""higurashi_no_naku_koro_ni"",""co_posts"":13,""character_coverage"":0.265306},{""copyright"":""honkai:_star_rail"",""co_posts"":8,""character_coverage"":0.163265},{""copyright"":""honkai_(series)"",""co_posts"":8,""character_coverage"":0.163265},{""copyright"":""honkai_impact_3rd"",""co_posts"":8,""character_coverage"":0.163265}]","","","PENDING",""
"I70-033059","nakano_rinka","4","Character","56","","","","","中野りんか","","[{""copyright"":""re:stage!"",""co_posts"":55,""character_coverage"":1.0},{""copyright"":""ongeki"",""co_posts"":1,""character_coverage"":0.018182}]","","","PENDING",""
"I70-033060","nakayama_festa_(festival_game)_(umamusume)","4","Character","56","","","","","祝祭遊戯","","[{""copyright"":""umamusume"",""co_posts"":51,""character_coverage"":1.0},{""copyright"":""pokemon"",""co_posts"":1,""character_coverage"":0.019608}]","","","PENDING",""
"I70-033061","nanoha_(stella_sora)","4","Character","56","","","","","ナノハ","","[{""copyright"":""stella_sora"",""co_posts"":56,""character_coverage"":1.0}]","","","PENDING",""
"I70-033062","nase_fumino","4","Character","56","","","","","奈瀬文乃","","[{""copyright"":""umamusume"",""co_posts"":54,""character_coverage"":1.0},{""copyright"":""umamusume:_cinderella_gray"",""co_posts"":49,""character_coverage"":0.907407},{""copyright"":""umamusume:_star_blossom"",""co_posts"":5,""character_coverage"":0.092593},{""copyright"":""shigoto_neko"",""co_posts"":3,""character_coverage"":0.055556},{""copyright"":""original"",""co_posts"":2,""character_coverage"":0.037037}]","","","PENDING",""
"I70-033063","niels_(kyokugen_dasshutsu)","4","Character","56","snake_(zero_escape),snake_(zero_escape)","snake (zero escape)","","","","","[{""copyright"":""kyokugen_dasshutsu"",""co_posts"":48,""character_coverage"":1.0},{""copyright"":""kyokugen_dasshutsu:_9_jikan_9_nin_9_no_tobira"",""co_posts"":48,""character_coverage"":1.0},{""copyright"":""kyokugen_dasshutsu_adv:_zennin_shibou_desu"",""co_posts"":5,""character_coverage"":0.104167},{""copyright"":""ace_attorney"",""co_posts"":1,""character_coverage"":0.020833},{""copyright"":""pokemon"",""co_posts"":1,""character_coverage"":0.020833}]","","","PENDING",""
"I70-033064","ningyo_(youkai_watch)","4","Character","56","","","","","にんぎょ","","[{""copyright"":""youkai_watch"",""co_posts"":53,""character_coverage"":1.0},{""copyright"":""youkai_watch_2"",""co_posts"":10,""character_coverage"":0.188679},{""copyright"":""youkai_watch_jam:_youkai_gakuen_y"",""co_posts"":3,""character_coverage"":0.056604},{""copyright"":""yuru-chara"",""co_posts"":1,""character_coverage"":0.018868}]","","","PENDING",""
"I70-033065","nirvatia_(pgr)","4","Character","56","","","","","","","[{""copyright"":""punishing:_gray_raven"",""co_posts"":55,""character_coverage"":1.0},{""copyright"":""hololive"",""co_posts"":1,""character_coverage"":0.018182},{""copyright"":""hololive_english"",""co_posts"":1,""character_coverage"":0.018182}]","","","PENDING",""
"I70-033066","nitta_yui","4","Character","56","","","","","ニッタ・ユイ","","[{""copyright"":""mahou_shoujo_(raita)"",""co_posts"":54,""character_coverage"":1.0},{""copyright"":""bishoujo_senshi_sailor_moon"",""co_posts"":1,""character_coverage"":0.018519},{""copyright"":""dragon_quest"",""co_posts"":1,""character_coverage"":0.018519},{""copyright"":""fate/grand_order"",""co_posts"":1,""character_coverage"":0.018519},{""copyright"":""fate_(series)"",""co_posts"":1,""character_coverage"":0.018519}]","","","PENDING",""
"I70-033067","nobunaga_hazama","4","Character","56","","","","","ノブナガ=ハザマ","","[{""copyright"":""hunter_x_hunter"",""co_posts"":56,""character_coverage"":1.0},{""copyright"":""the_last_supper"",""co_posts"":3,""character_coverage"":0.053571},{""copyright"":""karigurashi_no_arrietty"",""co_posts"":2,""character_coverage"":0.035714},{""copyright"":""bishoujo_senshi_sailor_moon"",""co_posts"":1,""character_coverage"":0.017857},{""copyright"":""final_fantasy"",""co_posts"":1,""character_coverage"":0.017857}]","","","PENDING",""
"I70-033068","nohotoke_honne","4","Character","56","","","","","のほほんさん","","[{""copyright"":""infinite_stratos"",""co_posts"":52,""character_coverage"":1.0},{""copyright"":""4chan"",""co_posts"":2,""character_coverage"":0.038462},{""copyright"":""amagami"",""co_posts"":2,""character_coverage"":0.038462},{""copyright"":""amagi_brilliant_park"",""co_posts"":2,""character_coverage"":0.038462},{""copyright"":""ano_ko_wa_toshi_densetsu"",""co_posts"":2,""character_coverage"":0.038462}]","","","PENDING",""
"I70-033069","norne_(fire_emblem)","4","Character","56","norn_(fire_emblem)","norn (fire emblem)","","","ノーン（火の紋章）","","[{""copyright"":""fire_emblem"",""co_posts"":52,""character_coverage"":1.0},{""copyright"":""fire_emblem:_mystery_of_the_emblem"",""co_posts"":37,""character_coverage"":0.711538},{""copyright"":""fire_emblem_heroes"",""co_posts"":32,""character_coverage"":0.615385},{""copyright"":""fire_emblem:_new_mystery_of_the_emblem"",""co_posts"":21,""character_coverage"":0.403846},{""copyright"":""fire_emblem:_shadow_dragon"",""co_posts"":19,""character_coverage"":0.365385}]","","","PENDING",""
"I70-033070","nowell_(arknights)","4","Character","56","","","","","ノウエル","","[{""copyright"":""arknights"",""co_posts"":56,""character_coverage"":1.0},{""copyright"":""backrooms_(creepypasta)"",""co_posts"":1,""character_coverage"":0.017857},{""copyright"":""dream_pool"",""co_posts"":1,""character_coverage"":0.017857}]","","","PENDING",""
"I70-033071","nymph_(sweetness_to_the_heart)_(arknights)","4","Character","56","","","","","","","[{""copyright"":""arknights"",""co_posts"":51,""character_coverage"":1.0}]","","","PENDING",""
"I70-033072","officer_mewmew","4","Character","56","","","","","にゃんきち長官","","[{""copyright"":""zenless_zone_zero"",""co_posts"":50,""character_coverage"":1.0},{""copyright"":""original"",""co_posts"":1,""character_coverage"":0.02}]","","","PENDING",""
"I70-033073","olivier_(precure)","4","Character","56","olivier_(heartcatch_precure!)","olivier (heartcatch precure!)","","","オリビエ（ハートキャッチプリュア！）","","[{""copyright"":""heartcatch_precure!"",""co_posts"":55,""character_coverage"":1.0},{""copyright"":""precure"",""co_posts"":55,""character_coverage"":1.0},{""copyright"":""smile_precure!"",""co_posts"":2,""character_coverage"":0.036364},{""copyright"":""fresh_precure!"",""co_posts"":1,""character_coverage"":0.018182},{""copyright"":""inazuma_eleven"",""co_posts"":1,""character_coverage"":0.018182}]","","","PENDING",""
"I70-033074","omega_auru_(primagista)","4","Character","56","","","","","","","[{""copyright"":""pretty_series"",""co_posts"":56,""character_coverage"":1.0},{""copyright"":""waccha_primagi!"",""co_posts"":56,""character_coverage"":1.0},{""copyright"":""guardian_tales"",""co_posts"":2,""character_coverage"":0.035714},{""copyright"":""himitsu_no_aipri"",""co_posts"":2,""character_coverage"":0.035714},{""copyright"":""pripara"",""co_posts"":2,""character_coverage"":0.035714}]","","","PENDING",""
"I70-033075","omocat_(character)","4","Character","56","","","","","","","[{""copyright"":""indie_virtual_youtuber"",""co_posts"":41,""character_coverage"":0.803922},{""copyright"":""omori"",""co_posts"":20,""character_coverage"":0.392157},{""copyright"":""original"",""co_posts"":11,""character_coverage"":0.215686},{""copyright"":""hololive"",""co_posts"":3,""character_coverage"":0.058824},{""copyright"":""hololive_english"",""co_posts"":3,""character_coverage"":0.058824}]","","","PENDING",""
"I70-033076","omoli_(omori)","4","Character","56","","","","","","","[{""copyright"":""omori"",""co_posts"":46,""character_coverage"":1.0},{""copyright"":""chiikawa"",""co_posts"":1,""character_coverage"":0.021739},{""copyright"":""microsoft_windows"",""co_posts"":1,""character_coverage"":0.021739},{""copyright"":""windows_95"",""co_posts"":1,""character_coverage"":0.021739},{""copyright"":""windows_classic"",""co_posts"":1,""character_coverage"":0.021739}]","","","PENDING",""
"I70-033077","onion_cookie","4","Character","56","","","","","オニオン味クッキー","","[{""copyright"":""cookie_run"",""co_posts"":41,""character_coverage"":1.0},{""copyright"":""cookie_run:_ovenbreak"",""co_posts"":8,""character_coverage"":0.195122},{""copyright"":""cookie_run:_kingdom"",""co_posts"":5,""character_coverage"":0.121951},{""copyright"":""animal_crossing"",""co_posts"":1,""character_coverage"":0.02439},{""copyright"":""care_bears"",""co_posts"":1,""character_coverage"":0.02439}]","","","PENDING",""
"I70-033078","ootomari_(kancolle)","4","Character","56","","","","","大泊(艦隊これくしょん)","","[{""copyright"":""kantai_collection"",""co_posts"":55,""character_coverage"":1.0},{""copyright"":""c2_kikan"",""co_posts"":1,""character_coverage"":0.018182}]","","","PENDING",""
"I70-033079","ootonari_nagi","4","Character","56","nagi_(watamote)","nagi (watamote)","","","大隣凪","","[{""copyright"":""watashi_ga_motenai_no_wa_dou_kangaetemo_omaera_ga_warui!"",""co_posts"":53,""character_coverage"":1.0},{""copyright"":""snow_white_(fairy_tale)"",""co_posts"":2,""character_coverage"":0.037736},{""copyright"":""chiba_lotte_marines"",""co_posts"":1,""character_coverage"":0.018868},{""copyright"":""witch_craft_works"",""co_posts"":1,""character_coverage"":0.018868}]","","","PENDING",""
"I70-033080","ootori_amane","4","Character","56","","","","","鳳天音","","[{""copyright"":""strawberry_panic!"",""co_posts"":48,""character_coverage"":1.0},{""copyright"":""dengeki_g's"",""co_posts"":2,""character_coverage"":0.041667},{""copyright"":""asagao_to_kase-san"",""co_posts"":1,""character_coverage"":0.020833},{""copyright"":""bang_dream!"",""co_posts"":1,""character_coverage"":0.020833},{""copyright"":""bang_dream!_it's_mygo!!!!!"",""co_posts"":1,""character_coverage"":0.020833}]","","","PENDING",""
"I70-033081","orc_warrior_(ragnarok_online)","4","Character","56","","","","","","","[{""copyright"":""ragnarok_online"",""co_posts"":54,""character_coverage"":1.0},{""copyright"":""comiket_86"",""co_posts"":2,""character_coverage"":0.037037},{""copyright"":""darkstalkers"",""co_posts"":2,""character_coverage"":0.037037},{""copyright"":""dead_or_alive"",""co_posts"":2,""character_coverage"":0.037037},{""copyright"":""fate/stay_night"",""co_posts"":2,""character_coverage"":0.037037}]","","","PENDING",""
"I70-033082","orter_madl","4","Character","56","","","","","オーター・マドル","","[{""copyright"":""mashle"",""co_posts"":56,""character_coverage"":1.0}]","","","PENDING",""
"I70-033083","osakabehime_(swimsuit_archer)_(first_ascension)_(fate)","4","Character","56","osakabe-hime_(swimsuit_archer)_(first_ascension)_(fate)","osakabe-hime (swimsuit archer) (first ascension) (fate)","","","大阪 - ヒメ（水着射手）（最初の昇天）（運命）","","[{""copyright"":""fate/grand_order"",""co_posts"":52,""character_coverage"":1.0},{""copyright"":""fate_(series)"",""co_posts"":52,""character_coverage"":1.0},{""copyright"":""arknights"",""co_posts"":1,""character_coverage"":0.019231},{""copyright"":""fate/extra"",""co_posts"":1,""character_coverage"":0.019231},{""copyright"":""fate/extra_ccc"",""co_posts"":1,""character_coverage"":0.019231}]","","","PENDING",""
"I70-033084","oura_rukako_(1st_costume)","4","Character","56","","","","","","","[{""copyright"":""nanashi_inc."",""co_posts"":55,""character_coverage"":1.0},{""copyright"":""voms"",""co_posts"":5,""character_coverage"":0.090909}]","","","PENDING",""
"I70-033085","ouroboros_(lord_of_the_mysteries)","4","Character","56","","","","","乌洛琉斯","","[{""copyright"":""lord_of_the_mysteries"",""co_posts"":52,""character_coverage"":1.0},{""copyright"":""the_last_supper"",""co_posts"":2,""character_coverage"":0.038462}]","","","PENDING",""
"I70-033086","p08_(girls'_frontline)","4","Character","56","p08_(girls_frontline)","p08 (girls frontline)","","","P08(ドールズフロントライン)","","[{""copyright"":""girls'_frontline"",""co_posts"":49,""character_coverage"":1.0},{""copyright"":""metal_gear_(series)"",""co_posts"":2,""character_coverage"":0.040816},{""copyright"":""rainbow_six_siege"",""co_posts"":1,""character_coverage"":0.020408},{""copyright"":""street_fighter"",""co_posts"":1,""character_coverage"":0.020408}]","","","PENDING",""
"I70-033087","patissier_(gindoro)","4","Character","56","","","","","パティシエ（ジンドロ）","","[{""copyright"":""original"",""co_posts"":53,""character_coverage"":0.946429},{""copyright"":""phantom_of_the_opera"",""co_posts"":2,""character_coverage"":0.035714},{""copyright"":""frankenstein"",""co_posts"":1,""character_coverage"":0.017857},{""copyright"":""friday_the_13th"",""co_posts"":1,""character_coverage"":0.017857},{""copyright"":""the_texas_chainsaw_massacre"",""co_posts"":1,""character_coverage"":0.017857}]","","","PENDING",""
"I70-033088","patricia_wagon","4","Character","56","","","","","パトリシア・ワゴン","","[{""copyright"":""mighty_(series)"",""co_posts"":37,""character_coverage"":1.0},{""copyright"":""mighty_switch_force!"",""co_posts"":33,""character_coverage"":0.891892},{""copyright"":""shantae_(series)"",""co_posts"":13,""character_coverage"":0.351351},{""copyright"":""shantae:_half-genie_hero"",""co_posts"":5,""character_coverage"":0.135135},{""copyright"":""kunio-kun_series"",""co_posts"":2,""character_coverage"":0.054054}]","","","PENDING",""
"I70-033089","peone_(panapana)","4","Character","56","","","","","Peone（Panapana）","","[{""copyright"":""original"",""co_posts"":56,""character_coverage"":1.0}]","","","PENDING",""
"I70-033090","peter_pan_(novel_character)","4","Character","56","","","","","ピーター・パン","","[{""copyright"":""peter_pan_(novel)"",""co_posts"":47,""character_coverage"":0.94},{""copyright"":""little_red_riding_hood_(fairy_tale)"",""co_posts"":7,""character_coverage"":0.14},{""copyright"":""idolmaster"",""co_posts"":6,""character_coverage"":0.12},{""copyright"":""world_masterpiece_theater"",""co_posts"":6,""character_coverage"":0.12},{""copyright"":""snow_white_(fairy_tale)"",""co_posts"":5,""character_coverage"":0.1}]","","","PENDING",""
"I70-033091","phaetusa_(girls'_frontline_2)","4","Character","56","","","","","パエトゥーサ(ドールズフロントライン2)","","[{""copyright"":""girls'_frontline"",""co_posts"":52,""character_coverage"":1.0},{""copyright"":""girls'_frontline_2:_exilium"",""co_posts"":52,""character_coverage"":1.0},{""copyright"":""the_elder_scrolls"",""co_posts"":2,""character_coverage"":0.038462},{""copyright"":""the_elder_scrolls_iv:_oblivion"",""co_posts"":2,""character_coverage"":0.038462},{""copyright"":""codename:_bakery_girl"",""co_posts"":1,""character_coverage"":0.019231}]","","","PENDING",""
"I70-033092","pintail_(sword_girls)","4","Character","56","","","","","ピンテール（剣の女の子）","","[{""copyright"":""sword_girls"",""co_posts"":55,""character_coverage"":1.0}]","","","PENDING",""
"I70-033093","player_2_(cloba)","4","Character","56","","","","","プレーヤー2（cloba）","","[{""copyright"":""original"",""co_posts"":56,""character_coverage"":1.0},{""copyright"":""starbucks"",""co_posts"":4,""character_coverage"":0.071429},{""copyright"":""darling_in_the_franxx"",""co_posts"":2,""character_coverage"":0.035714},{""copyright"":""uber_eats"",""co_posts"":2,""character_coverage"":0.035714},{""copyright"":""monster_hunter_(series)"",""co_posts"":1,""character_coverage"":0.017857}]","","","PENDING",""
"I70-033094","pluto_(disney)","4","Character","56","","","","","","","[{""copyright"":""mickey_mouse_&_friends"",""co_posts"":43,""character_coverage"":1.0},{""copyright"":""disney"",""co_posts"":16,""character_coverage"":0.372093},{""copyright"":""kingdom_hearts"",""co_posts"":7,""character_coverage"":0.162791},{""copyright"":""disneyland"",""co_posts"":6,""character_coverage"":0.139535},{""copyright"":""kantai_collection"",""co_posts"":6,""character_coverage"":0.139535}]","","","PENDING",""
"I70-033095","pomegranate_cookie","4","Character","56","","","","","ザクロ味クッキー","","[{""copyright"":""cookie_run"",""co_posts"":51,""character_coverage"":1.0},{""copyright"":""cookie_run:_kingdom"",""co_posts"":31,""character_coverage"":0.607843},{""copyright"":""cookie_run:_ovenbreak"",""co_posts"":9,""character_coverage"":0.176471}]","","","PENDING",""
"I70-033096","pontiff_sulyvahn","4","Character","56","","","","","法王サリヴァーン","","[{""copyright"":""dark_souls_(series)"",""co_posts"":54,""character_coverage"":1.0},{""copyright"":""dark_souls_iii"",""co_posts"":54,""character_coverage"":1.0},{""copyright"":""dark_souls_i"",""co_posts"":12,""character_coverage"":0.222222},{""copyright"":""fromsoftware"",""co_posts"":2,""character_coverage"":0.037037},{""copyright"":""dark_souls_ii"",""co_posts"":1,""character_coverage"":0.018519}]","","","PENDING",""
"I70-033097","precia_(princess_connect!)","4","Character","56","precia_weissman,presia_(princess_connect!)","precia weissman | presia (princess connect!)","","","プレシア(プリコネ)","","[{""copyright"":""princess_connect!"",""co_posts"":53,""character_coverage"":1.0},{""copyright"":""cygames"",""co_posts"":8,""character_coverage"":0.150943}]","","","PENDING",""
"I70-033098","q.e.d._(duel_masters)","4","Character","56","","","","","龍素王Q.E.D.","","[{""copyright"":""duel_masters"",""co_posts"":47,""character_coverage"":1.0},{""copyright"":""duel_masters_play's"",""co_posts"":39,""character_coverage"":0.829787},{""copyright"":""blue_archive"",""co_posts"":1,""character_coverage"":0.021277},{""copyright"":""bocchi_the_rock!"",""co_posts"":1,""character_coverage"":0.021277},{""copyright"":""uber_eats"",""co_posts"":1,""character_coverage"":0.021277}]","","","PENDING",""
"I70-033099","quick_camel","4","Character","56","","","","","クイックキャメル","","[{""copyright"":""last_origin"",""co_posts"":54,""character_coverage"":1.0}]","","","PENDING",""
"I70-033100","ratchet_altair","4","Character","56","","","","","ラチェット・アルタイル","","[{""copyright"":""sakura_taisen"",""co_posts"":53,""character_coverage"":1.0},{""copyright"":""sakura_taisen_v"",""co_posts"":42,""character_coverage"":0.792453},{""copyright"":""sakura_taisen_ii"",""co_posts"":6,""character_coverage"":0.113208},{""copyright"":""sakura_taisen_iii"",""co_posts"":2,""character_coverage"":0.037736},{""copyright"":""sega"",""co_posts"":2,""character_coverage"":0.037736}]","","","PENDING",""
"I70-033101","ravi_(epic_seven)","4","Character","56","ravirihiseea_vizzall_(epic_seven),ravirihiseea_vizzall_(epic7)","ravirihiseea vizzall (epic seven) | ravirihiseea vizzall (epic7)","","","ラビ（壮大な7）","","[{""copyright"":""epic_seven"",""co_posts"":53,""character_coverage"":1.0}]","","","PENDING",""
"I70-033102","red_velvet_cookie","4","Character","56","","","","","ベルベットケーキ味クッキー","","[{""copyright"":""cookie_run"",""co_posts"":55,""character_coverage"":1.0},{""copyright"":""cookie_run:_kingdom"",""co_posts"":53,""character_coverage"":0.963636},{""copyright"":""dc_comics"",""co_posts"":2,""character_coverage"":0.036364},{""copyright"":""ace_attorney"",""co_posts"":1,""character_coverage"":0.018182},{""copyright"":""animal_crossing"",""co_posts"":1,""character_coverage"":0.018182}]","","","PENDING",""
"I70-033103","rexer_(live_a_hero)","4","Character","56","","","","","リグザ","","[{""copyright"":""live_a_hero"",""co_posts"":55,""character_coverage"":1.0},{""copyright"":""tokyo_afterschool_summoners"",""co_posts"":10,""character_coverage"":0.181818}]","","","PENDING",""
"I70-033104","richter_(elsword)","4","Character","56","","","","","","","[{""copyright"":""elsword"",""co_posts"":54,""character_coverage"":1.0},{""copyright"":""cardcaptor_sakura"",""co_posts"":1,""character_coverage"":0.018519},{""copyright"":""diamond_wa_kudakenai"",""co_posts"":1,""character_coverage"":0.018519},{""copyright"":""guilty_gear"",""co_posts"":1,""character_coverage"":0.018519},{""copyright"":""guilty_gear_strive"",""co_posts"":1,""character_coverage"":0.018519}]","","","PENDING",""
"I70-033105","roberto_(saga)","4","Character","56","","","","","","","[{""copyright"":""saga"",""co_posts"":46,""character_coverage"":1.0},{""copyright"":""saga_frontier_2"",""co_posts"":45,""character_coverage"":0.978261},{""copyright"":""saga_frontier"",""co_posts"":5,""character_coverage"":0.108696},{""copyright"":""cinderella_(fairy_tale)"",""co_posts"":1,""character_coverage"":0.021739},{""copyright"":""jojo_no_kimyou_na_bouken"",""co_posts"":1,""character_coverage"":0.021739}]","","","PENDING",""
"I70-033106","rocma_(funamusea)","4","Character","56","rocma_(ice_scream)","rocma (ice scream)","","","ロクマ","","[{""copyright"":""funamusea"",""co_posts"":50,""character_coverage"":1.0},{""copyright"":""ice_scream"",""co_posts"":47,""character_coverage"":0.94},{""copyright"":""oounabara_to_wadanohara"",""co_posts"":2,""character_coverage"":0.04},{""copyright"":""haiiro_teien"",""co_posts"":1,""character_coverage"":0.02},{""copyright"":""indie_virtual_youtuber"",""co_posts"":1,""character_coverage"":0.02}]","","","PENDING",""
"I70-033107","rokuya_nagi","4","Character","56","","","","","六弥ナギ","","[{""copyright"":""idolish7"",""co_posts"":56,""character_coverage"":1.0},{""copyright"":""macross"",""co_posts"":2,""character_coverage"":0.035714},{""copyright"":""macross_delta"",""co_posts"":2,""character_coverage"":0.035714}]","","","PENDING",""
"I70-033108","ronaldo_(kyuuketsuki_sugu_shinu)","4","Character","56","","","","","ロナルド","","[{""copyright"":""kyuuketsuki_sugu_shinu"",""co_posts"":56,""character_coverage"":1.0},{""copyright"":""jojo_no_kimyou_na_bouken"",""co_posts"":3,""character_coverage"":0.053571},{""copyright"":""diamond_wa_kudakenai"",""co_posts"":2,""character_coverage"":0.035714},{""copyright"":""animedia"",""co_posts"":1,""character_coverage"":0.017857},{""copyright"":""arknights"",""co_posts"":1,""character_coverage"":0.017857}]","","","PENDING",""
"I70-033109","rubber_soul","4","Character","56","","","","","ラバーソール","","[{""copyright"":""jojo_no_kimyou_na_bouken"",""co_posts"":55,""character_coverage"":1.0},{""copyright"":""stardust_crusaders"",""co_posts"":51,""character_coverage"":0.927273},{""copyright"":""diamond_wa_kudakenai"",""co_posts"":3,""character_coverage"":0.054545},{""copyright"":""stone_ocean"",""co_posts"":3,""character_coverage"":0.054545},{""copyright"":""vento_aureo"",""co_posts"":3,""character_coverage"":0.054545}]","","","PENDING",""
"I70-033110","ruby_(tower_of_fantasy)","4","Character","56","","","","","蕾贝","","[{""copyright"":""tower_of_fantasy"",""co_posts"":54,""character_coverage"":1.0},{""copyright"":""wuthering_waves"",""co_posts"":1,""character_coverage"":0.018519}]","","","PENDING",""
"I70-033111","ryou_(kemurikusa)","4","Character","56","","","","","りょう(ケムリクサ)","","[{""copyright"":""kemurikusa"",""co_posts"":53,""character_coverage"":1.0},{""copyright"":""sony"",""co_posts"":5,""character_coverage"":0.09434},{""copyright"":""tron"",""co_posts"":5,""character_coverage"":0.09434},{""copyright"":""kemono_friends"",""co_posts"":2,""character_coverage"":0.037736},{""copyright"":""akari_ga_yatte_kitazo_(vocaloid)"",""co_posts"":1,""character_coverage"":0.018868}]","","","PENDING",""
"I70-033112","ryuzu_meyer","4","Character","56","lewes_meyer","lewes meyer","","","リューズ・メイエル","","[{""copyright"":""re:zero_kara_hajimeru_isekai_seikatsu"",""co_posts"":52,""character_coverage"":1.0},{""copyright"":""original"",""co_posts"":2,""character_coverage"":0.038462}]","","","PENDING",""
"I70-033113","sabrina_carpenter","4","Character","56","","","","","匠妹","","[{""copyright"":""real_life"",""co_posts"":30,""character_coverage"":0.625},{""copyright"":""fortnite"",""co_posts"":5,""character_coverage"":0.104167},{""copyright"":""original"",""co_posts"":4,""character_coverage"":0.083333},{""copyright"":""genshin_impact"",""co_posts"":3,""character_coverage"":0.0625},{""copyright"":""marvel"",""co_posts"":3,""character_coverage"":0.0625}]","","","PENDING",""
"I70-033114","saileach_(summer_flowers)_(arknights)","4","Character","56","","","","","","","[{""copyright"":""arknights"",""co_posts"":55,""character_coverage"":1.0},{""copyright"":""devil_may_cry_(series)"",""co_posts"":1,""character_coverage"":0.018182},{""copyright"":""devil_may_cry_5"",""co_posts"":1,""character_coverage"":0.018182},{""copyright"":""instagram"",""co_posts"":1,""character_coverage"":0.018182}]","","","PENDING",""
"I70-033115","sakisaka_fuminori","4","Character","56","","","","","匂坂郁紀","","[{""copyright"":""saya_no_uta"",""co_posts"":55,""character_coverage"":1.0},{""copyright"":""kikokugai"",""co_posts"":2,""character_coverage"":0.036364},{""copyright"":""code_geass"",""co_posts"":1,""character_coverage"":0.018182},{""copyright"":""fate/zero"",""co_posts"":1,""character_coverage"":0.018182},{""copyright"":""fate_(series)"",""co_posts"":1,""character_coverage"":0.018182}]","","","PENDING",""
"I70-033116","sakura_bakushin_o_(red-hot_leader)_(umamusume)","4","Character","56","","","","","レッドホット☆リーダー","","[{""copyright"":""umamusume"",""co_posts"":54,""character_coverage"":1.0},{""copyright"":""original"",""co_posts"":2,""character_coverage"":0.037037},{""copyright"":""ange_vierge"",""co_posts"":1,""character_coverage"":0.018519},{""copyright"":""fate/grand_order"",""co_posts"":1,""character_coverage"":0.018519},{""copyright"":""fate_(series)"",""co_posts"":1,""character_coverage"":0.018519}]","","","PENDING",""
"I70-033117","sakuya_(sao)","4","Character","56","","","","","サクヤ(SAO)","","[{""copyright"":""sword_art_online"",""co_posts"":53,""character_coverage"":1.0},{""copyright"":""sword_art_online:_code_register"",""co_posts"":6,""character_coverage"":0.113208},{""copyright"":""sword_art_online:_alicization"",""co_posts"":1,""character_coverage"":0.018868},{""copyright"":""sword_art_online:_alicization_-_war_of_underworld"",""co_posts"":1,""character_coverage"":0.018868}]","","","PENDING",""
"I70-033118","saphentite_neikes","4","Character","56","","","","","サーフェンティット・ネイクス","","[{""copyright"":""monster_musume_no_oisha-san"",""co_posts"":55,""character_coverage"":1.0},{""copyright"":""monster_musume_no_iru_nichijou"",""co_posts"":2,""character_coverage"":0.036364},{""copyright"":""kono_subarashii_sekai_ni_shukufuku_wo!"",""co_posts"":1,""character_coverage"":0.018182},{""copyright"":""megami_magazine"",""co_posts"":1,""character_coverage"":0.018182},{""copyright"":""mon-musu_quest!"",""co_posts"":1,""character_coverage"":0.018182}]","","","PENDING",""
"I70-033119","saruei_(vtuber)_(1st_costume)","4","Character","56","","","","","","","[{""copyright"":""indie_virtual_youtuber"",""co_posts"":52,""character_coverage"":1.0},{""copyright"":""alien_(1979)"",""co_posts"":1,""character_coverage"":0.019231},{""copyright"":""alien_(series)"",""co_posts"":1,""character_coverage"":0.019231},{""copyright"":""discord"",""co_posts"":1,""character_coverage"":0.019231},{""copyright"":""sonic_(series)"",""co_posts"":1,""character_coverage"":0.019231}]","","","PENDING",""
"I70-033120","sasahara_satsuki","4","Character","56","","","","","笹原さつき","","[{""copyright"":""tsurezure_children"",""co_posts"":56,""character_coverage"":1.0}]","","","PENDING",""
"I70-033121","sasaki_shuumei","4","Character","56","","","","","佐々木秀鳴","","[{""copyright"":""sasaki_to_miyano"",""co_posts"":56,""character_coverage"":1.0},{""copyright"":""fuwa_fuwa_cinnamoroll"",""co_posts"":1,""character_coverage"":0.017857},{""copyright"":""genshin_impact"",""co_posts"":1,""character_coverage"":0.017857},{""copyright"":""honkai:_star_rail"",""co_posts"":1,""character_coverage"":0.017857},{""copyright"":""honkai_(series)"",""co_posts"":1,""character_coverage"":0.017857}]","","","PENDING",""
"I70-033122","sasame_yaya","4","Character","56","","","","","笹目ヤヤ","","[{""copyright"":""hanayamata"",""co_posts"":53,""character_coverage"":1.0},{""copyright"":""alice's_adventures_in_wonderland"",""co_posts"":1,""character_coverage"":0.018868},{""copyright"":""ochikobore_fruit_tart"",""co_posts"":1,""character_coverage"":0.018868}]","","","PENDING",""
"I70-033123","scheherazade_(magi)","4","Character","56","","","","","シェヘラザード","","[{""copyright"":""magi_the_labyrinth_of_magic"",""co_posts"":56,""character_coverage"":1.0},{""copyright"":""divine_gate"",""co_posts"":2,""character_coverage"":0.035714},{""copyright"":""genshin_impact"",""co_posts"":2,""character_coverage"":0.035714}]","","","PENDING",""
"I70-033124","scp-076-2","4","Character","56","","","","","SCP-076-2","","[{""copyright"":""scp_foundation"",""co_posts"":43,""character_coverage"":1.0},{""copyright"":""fate/grand_order"",""co_posts"":2,""character_coverage"":0.046512},{""copyright"":""fate_(series)"",""co_posts"":2,""character_coverage"":0.046512},{""copyright"":""osawari_tantei"",""co_posts"":2,""character_coverage"":0.046512},{""copyright"":""city_hunter"",""co_posts"":1,""character_coverage"":0.023256}]","","","PENDING",""
"I70-033125","seadall_(fire_emblem)","4","Character","56","","","","","セアダス","","[{""copyright"":""fire_emblem"",""co_posts"":52,""character_coverage"":1.0},{""copyright"":""fire_emblem_engage"",""co_posts"":52,""character_coverage"":1.0},{""copyright"":""fire_emblem_heroes"",""co_posts"":9,""character_coverage"":0.173077},{""copyright"":""fire_emblem:_the_binding_blade"",""co_posts"":2,""character_coverage"":0.038462},{""copyright"":""fire_emblem_fates"",""co_posts"":2,""character_coverage"":0.038462}]","","","PENDING",""
"I70-033126","seaside_sukeban_(smg)_(blue_archive)","4","Character","56","","","","","チンピラB","","[{""copyright"":""blue_archive"",""co_posts"":55,""character_coverage"":1.0},{""copyright"":""comiket_102"",""co_posts"":1,""character_coverage"":0.018182},{""copyright"":""grand_theft_auto"",""co_posts"":1,""character_coverage"":0.018182},{""copyright"":""grand_theft_auto_vi"",""co_posts"":1,""character_coverage"":0.018182},{""copyright"":""street_fighter"",""co_posts"":1,""character_coverage"":0.018182}]","","","PENDING",""
"I70-033127","sei_(dramatical_murder)","4","Character","56","","","","","","","[{""copyright"":""dramatical_murder"",""co_posts"":49,""character_coverage"":1.0},{""copyright"":""nitro+_chiral"",""co_posts"":3,""character_coverage"":0.061224},{""copyright"":""chiikawa"",""co_posts"":1,""character_coverage"":0.020408},{""copyright"":""evanescence"",""co_posts"":1,""character_coverage"":0.020408},{""copyright"":""hello_kitty"",""co_posts"":1,""character_coverage"":0.020408}]","","","PENDING",""
"I70-033128","selene_(special_costume)_(pokemon)","4","Character","56","","","","","ミヅキ(スペシャル)","","[{""copyright"":""pokemon"",""co_posts"":56,""character_coverage"":1.0},{""copyright"":""pokemon_masters_ex"",""co_posts"":56,""character_coverage"":1.0},{""copyright"":""pokemon_sun_and_moon"",""co_posts"":10,""character_coverage"":0.178571},{""copyright"":""pokemon_black_2_and_white_2"",""co_posts"":4,""character_coverage"":0.071429},{""copyright"":""kamen_rider"",""co_posts"":2,""character_coverage"":0.035714}]","","","PENDING",""
"I70-033129","sephiroth_(dark_harbinger)","4","Character","56","","","","","冥き天翔ける使者","","[{""copyright"":""final_fantasy"",""co_posts"":56,""character_coverage"":1.0},{""copyright"":""final_fantasy_vii"",""co_posts"":56,""character_coverage"":1.0},{""copyright"":""final_fantasy_vii:_ever_crisis"",""co_posts"":54,""character_coverage"":0.964286},{""copyright"":""final_fantasy_vii_remake"",""co_posts"":10,""character_coverage"":0.178571},{""copyright"":""final_fantasy_vii:_advent_children"",""co_posts"":1,""character_coverage"":0.017857}]","","","PENDING",""
"I70-033130","seruel","4","Character","56","","","","","セルエル","","[{""copyright"":""granblue_fantasy"",""co_posts"":56,""character_coverage"":1.0},{""copyright"":""fate/grand_order"",""co_posts"":2,""character_coverage"":0.035714},{""copyright"":""fate_(series)"",""co_posts"":2,""character_coverage"":0.035714},{""copyright"":""katsugeki/touken_ranbu"",""co_posts"":2,""character_coverage"":0.035714},{""copyright"":""shingeki_no_bahamut"",""co_posts"":2,""character_coverage"":0.035714}]","","","PENDING",""
"I70-033131","setsuna_(inuyasha)","4","Character","56","","","","","せつな","","[{""copyright"":""han'you_no_yashahime"",""co_posts"":47,""character_coverage"":0.979167},{""copyright"":""inuyasha"",""co_posts"":47,""character_coverage"":0.979167},{""copyright"":""helltaker"",""co_posts"":3,""character_coverage"":0.0625},{""copyright"":""eizouken_ni_wa_te_wo_dasu_na!"",""co_posts"":1,""character_coverage"":0.020833},{""copyright"":""original"",""co_posts"":1,""character_coverage"":0.020833}]","","","PENDING",""
"I70-033132","shane_(grimms_notes)","4","Character","56","","","","","シェイン(グリムノーツ)","","[{""copyright"":""grimms_notes"",""co_posts"":56,""character_coverage"":1.0},{""copyright"":""grimms_notes_gakuen"",""co_posts"":2,""character_coverage"":0.035714},{""copyright"":""grimms_notes_the_animation"",""co_posts"":1,""character_coverage"":0.017857},{""copyright"":""pretty_series"",""co_posts"":1,""character_coverage"":0.017857},{""copyright"":""pripara"",""co_posts"":1,""character_coverage"":0.017857}]","","","PENDING",""
"I70-033133","shanti_rana","4","Character","56","","","","","サンティ・ラナ","","[{""copyright"":""alice_gear_aegis"",""co_posts"":56,""character_coverage"":1.0},{""copyright"":""frame_arms_girl"",""co_posts"":1,""character_coverage"":0.017857}]","","","PENDING",""
"I70-033134","sheerow","4","Character","56","","","","","","","[{""copyright"":""the_legend_of_zelda"",""co_posts"":56,""character_coverage"":1.0},{""copyright"":""the_legend_of_zelda:_a_link_between_worlds"",""co_posts"":54,""character_coverage"":0.964286},{""copyright"":""the_legend_of_zelda:_majora's_mask"",""co_posts"":9,""character_coverage"":0.160714},{""copyright"":""the_legend_of_zelda:_twilight_princess"",""co_posts"":9,""character_coverage"":0.160714},{""copyright"":""the_legend_of_zelda:_ocarina_of_time"",""co_posts"":8,""character_coverage"":0.142857}]","","","PENDING",""
"I70-033135","shelby_seraphine","4","Character","56","","","","","シェルビーセラフィーヌ","","[{""copyright"":""original"",""co_posts"":56,""character_coverage"":1.0},{""copyright"":""starbucks"",""co_posts"":3,""character_coverage"":0.053571}]","","","PENDING",""
"I70-033136","shennong_(summer)_(housamo)","4","Character","56","","","","","シェノン（夏）（ハウモ）","","[{""copyright"":""tokyo_afterschool_summoners"",""co_posts"":56,""character_coverage"":1.0}]","","","PENDING",""
"I70-033137","shepherd_ju_peter","4","Character","56","","","","","シェパード・十・ピーター聖","","[{""copyright"":""one_piece"",""co_posts"":53,""character_coverage"":1.0},{""copyright"":""manatsu_no_yo_no_inmu"",""co_posts"":2,""character_coverage"":0.037736},{""copyright"":""dragon_ball"",""co_posts"":1,""character_coverage"":0.018868},{""copyright"":""national_basketball_association"",""co_posts"":1,""character_coverage"":0.018868},{""copyright"":""the_office"",""co_posts"":1,""character_coverage"":0.018868}]","","","PENDING",""
"I70-033138","shibuya_rin_(eternal_bloom)","4","Character","56","eternal_bloom_(idolmaster)","eternal bloom (idolmaster)","","","エターナルブルーム","","[{""copyright"":""idolmaster"",""co_posts"":56,""character_coverage"":1.0},{""copyright"":""idolmaster_cinderella_girls"",""co_posts"":56,""character_coverage"":1.0},{""copyright"":""idolmaster_cinderella_girls_starlight_stage"",""co_posts"":43,""character_coverage"":0.767857},{""copyright"":""comiket_95"",""co_posts"":3,""character_coverage"":0.053571}]","","","PENDING",""
"I70-033139","shiina_mirei","4","Character","56","","","","","椎名美铃","","[{""copyright"":""bang_dream!"",""co_posts"":56,""character_coverage"":1.0},{""copyright"":""bang_dream!_it's_mygo!!!!!"",""co_posts"":56,""character_coverage"":1.0},{""copyright"":""original"",""co_posts"":52,""character_coverage"":0.928571},{""copyright"":""fate_(series)"",""co_posts"":1,""character_coverage"":0.017857}]","","","PENDING",""
"I70-033140","shiina_ringo","4","Character","56","","","","","椎名林檎","","[{""copyright"":""real_life"",""co_posts"":26,""character_coverage"":0.5},{""copyright"":""bocchi_the_rock!"",""co_posts"":4,""character_coverage"":0.076923},{""copyright"":""idolmaster"",""co_posts"":4,""character_coverage"":0.076923},{""copyright"":""ado_(utaite)"",""co_posts"":3,""character_coverage"":0.057692},{""copyright"":""fire_emblem"",""co_posts"":3,""character_coverage"":0.057692}]","","","PENDING",""
"I70-033141","shilow","4","Character","56","","","","","士朗","","[{""copyright"":""beatmania_iidx"",""co_posts"":50,""character_coverage"":1.0},{""copyright"":""bemani"",""co_posts"":50,""character_coverage"":1.0},{""copyright"":""yu-gi-oh!"",""co_posts"":3,""character_coverage"":0.06},{""copyright"":""code_geass"",""co_posts"":2,""character_coverage"":0.04},{""copyright"":""digimon"",""co_posts"":2,""character_coverage"":0.04}]","","","PENDING",""
"I70-033142","shino_(animal_crossing)","4","Character","56","","","","","よしの(どうぶつの森)","","[{""copyright"":""animal_crossing"",""co_posts"":55,""character_coverage"":1.0},{""copyright"":""animal_crossing:_new_horizons"",""co_posts"":35,""character_coverage"":0.636364},{""copyright"":""fate/grand_order"",""co_posts"":2,""character_coverage"":0.036364},{""copyright"":""fate_(series)"",""co_posts"":2,""character_coverage"":0.036364},{""copyright"":""genshin_impact"",""co_posts"":1,""character_coverage"":0.018182}]","","","PENDING",""
"I70-033143","shinonome_sonata","4","Character","56","","","","","東雲楚方","","[{""copyright"":""akb0048"",""co_posts"":56,""character_coverage"":1.0},{""copyright"":""idolmaster"",""co_posts"":2,""character_coverage"":0.035714},{""copyright"":""megami_magazine"",""co_posts"":2,""character_coverage"":0.035714},{""copyright"":""aikatsu!"",""co_posts"":1,""character_coverage"":0.017857},{""copyright"":""aikatsu!_(series)"",""co_posts"":1,""character_coverage"":0.017857}]","","","PENDING",""
"I70-033144","shiratsuki_shino","4","Character","56","","","","","しらつき_しの","","[{""copyright"":""saki_(manga)"",""co_posts"":41,""character_coverage"":1.0},{""copyright"":""shinohayu_the_dawn_of_age"",""co_posts"":37,""character_coverage"":0.902439},{""copyright"":""cardcaptor_sakura"",""co_posts"":1,""character_coverage"":0.02439},{""copyright"":""saki_achiga-hen"",""co_posts"":1,""character_coverage"":0.02439}]","","","PENDING",""
"I70-033145","shiriri_saikyo","4","Character","56","","","","","しりり最強姉貴","","[{""copyright"":""cookie_(touhou)"",""co_posts"":55,""character_coverage"":1.0},{""copyright"":""touhou"",""co_posts"":55,""character_coverage"":1.0},{""copyright"":""dies_irae"",""co_posts"":2,""character_coverage"":0.036364},{""copyright"":""m.u.g.e.n"",""co_posts"":2,""character_coverage"":0.036364},{""copyright"":""manatsu_no_yo_no_inmu"",""co_posts"":2,""character_coverage"":0.036364}]","","","PENDING",""
"I70-033146","shiro_(crayon_shin-chan)","4","Character","56","shiro_(shin-chan)","shiro (shin-chan)","","","野原シロ","","[{""copyright"":""crayon_shin-chan"",""co_posts"":47,""character_coverage"":1.0},{""copyright"":""sanrio"",""co_posts"":9,""character_coverage"":0.191489},{""copyright"":""chiikawa"",""co_posts"":6,""character_coverage"":0.12766},{""copyright"":""coca-cola"",""co_posts"":6,""character_coverage"":0.12766},{""copyright"":""hello_kitty"",""co_posts"":6,""character_coverage"":0.12766}]","","","PENDING",""
"I70-033147","shishiou_gai","4","Character","56","shishioh_gai,shishioh_guy,guy_shishioh","guy shishioh | shishioh gai | shishioh guy","","","獅子王凱","","[{""copyright"":""yuusha_ou_gaogaigar"",""co_posts"":45,""character_coverage"":1.0},{""copyright"":""yuusha_series"",""co_posts"":45,""character_coverage"":1.0},{""copyright"":""yuusha_ou_gaogaigar_final"",""co_posts"":13,""character_coverage"":0.288889},{""copyright"":""gundam"",""co_posts"":7,""character_coverage"":0.155556},{""copyright"":""tengen_toppa_gurren_lagann"",""co_posts"":7,""character_coverage"":0.155556}]","","","PENDING",""
"I70-033148","shishiro_botan_(5th_costume)","4","Character","56","","","","","","","[{""copyright"":""hololive"",""co_posts"":54,""character_coverage"":1.0},{""copyright"":""original"",""co_posts"":1,""character_coverage"":0.018519}]","","","PENDING",""
"I70-033149","shunin","4","Character","56","","","","","主任(アストラエ・オラティオ)","","[{""copyright"":""astrae_oratio"",""co_posts"":26,""character_coverage"":1.0}]","","","PENDING",""
"I70-033150","silent_magician_zero","4","Character","56","","","","","サイレント・マジシャン・ゼロ","","[{""copyright"":""yu-gi-oh!"",""co_posts"":52,""character_coverage"":1.0},{""copyright"":""yu-gi-oh!_duel_monsters"",""co_posts"":2,""character_coverage"":0.038462},{""copyright"":""genshin_impact"",""co_posts"":1,""character_coverage"":0.019231}]","","","PENDING",""
"I70-033151","silverash_(york's_bise)_(arknights)","4","Character","56","","","","","Silverash（York'sBise）（Arknights）","","[{""copyright"":""arknights"",""co_posts"":54,""character_coverage"":1.0},{""copyright"":""ambience_synesthesia"",""co_posts"":1,""character_coverage"":0.018519},{""copyright"":""coca-cola"",""co_posts"":1,""character_coverage"":0.018519},{""copyright"":""hololive"",""co_posts"":1,""character_coverage"":0.018519},{""copyright"":""jujutsu_kaisen"",""co_posts"":1,""character_coverage"":0.018519}]","","","PENDING",""
"I70-033152","skeppy","4","Character","56","","","","","","","[{""copyright"":""minecraft_youtube"",""co_posts"":55,""character_coverage"":1.0},{""copyright"":""dream_smp"",""co_posts"":28,""character_coverage"":0.509091},{""copyright"":""real_life"",""co_posts"":11,""character_coverage"":0.2},{""copyright"":""quackity_smp"",""co_posts"":9,""character_coverage"":0.163636},{""copyright"":""minecraft"",""co_posts"":8,""character_coverage"":0.145455}]","","","PENDING",""
"I70-033153","sky_striker_ace_-_azalea","4","Character","56","","","","","閃刀姫-アザレア","","[{""copyright"":""yu-gi-oh!"",""co_posts"":54,""character_coverage"":1.0},{""copyright"":""azur_lane"",""co_posts"":1,""character_coverage"":0.018519},{""copyright"":""goddess_of_victory:_nikke"",""co_posts"":1,""character_coverage"":0.018519}]","","","PENDING",""
"I70-033154","small_mike_(deltarune)","4","Character","56","","","","","","","[{""copyright"":""deltarune"",""co_posts"":46,""character_coverage"":1.0},{""copyright"":""utdr_(toby_fox)"",""co_posts"":46,""character_coverage"":1.0},{""copyright"":""chainsaw_man"",""co_posts"":1,""character_coverage"":0.021739},{""copyright"":""cubism_(needy_girl_overdose)"",""co_posts"":1,""character_coverage"":0.021739},{""copyright"":""help_me_erinnnnnn!!"",""co_posts"":1,""character_coverage"":0.021739}]","","","PENDING",""
"I70-033155","snuffy_(smilfy)_(vtuber)","4","Character","56","snuffy_(vtuber)_(smilfy)","snuffy (vtuber) (smilfy)","","","","","[{""copyright"":""indie_virtual_youtuber"",""co_posts"":54,""character_coverage"":1.0},{""copyright"":""pokemon"",""co_posts"":1,""character_coverage"":0.018519}]","","","PENDING",""
"I70-033156","sohaya-no-tsurugi","4","Character","56","","","","","ソハヤノツルギ","","[{""copyright"":""touken_ranbu"",""co_posts"":56,""character_coverage"":1.0},{""copyright"":""nitroplus"",""co_posts"":2,""character_coverage"":0.035714},{""copyright"":""touken_ranbu:_hanamaru"",""co_posts"":1,""character_coverage"":0.017857},{""copyright"":""twitter"",""co_posts"":1,""character_coverage"":0.017857}]","","","PENDING",""
"I70-033157","stahl_(fire_emblem)","4","Character","56","solt_(fire_emblem)","solt (fire emblem)","","","ソール","","[{""copyright"":""fire_emblem"",""co_posts"":53,""character_coverage"":1.0},{""copyright"":""fire_emblem_awakening"",""co_posts"":53,""character_coverage"":1.0},{""copyright"":""fire_emblem:_mystery_of_the_emblem"",""co_posts"":8,""character_coverage"":0.150943},{""copyright"":""fire_emblem:_path_of_radiance"",""co_posts"":7,""character_coverage"":0.132075},{""copyright"":""fire_emblem:_the_blazing_blade"",""co_posts"":6,""character_coverage"":0.113208}]","","","PENDING",""
"I70-033158","star_guardian_xayah","4","Character","56","","","","","スターガーディアンザヤ","","[{""copyright"":""league_of_legends"",""co_posts"":50,""character_coverage"":1.0},{""copyright"":""avatar:_the_last_airbender"",""co_posts"":2,""character_coverage"":0.04},{""copyright"":""avatar_legends"",""co_posts"":2,""character_coverage"":0.04},{""copyright"":""omniscient_reader's_viewpoint"",""co_posts"":1,""character_coverage"":0.02},{""copyright"":""original"",""co_posts"":1,""character_coverage"":0.02}]","","","PENDING",""
"I70-033159","starky_(chrono_cross)","4","Character","56","","","","","Starky（Chrono Cross）","","[{""copyright"":""chrono_cross"",""co_posts"":51,""character_coverage"":1.0},{""copyright"":""chrono_trigger"",""co_posts"":3,""character_coverage"":0.058824},{""copyright"":""another_eden"",""co_posts"":1,""character_coverage"":0.019608},{""copyright"":""gundam"",""co_posts"":1,""character_coverage"":0.019608},{""copyright"":""mobile_suit_gundam"",""co_posts"":1,""character_coverage"":0.019608}]","","","PENDING",""
"I70-033160","steelhead_(splatoon)","4","Character","56","","","","","バクダン","","[{""copyright"":""splatoon_(series)"",""co_posts"":52,""character_coverage"":1.0},{""copyright"":""splatoon_3"",""co_posts"":26,""character_coverage"":0.5},{""copyright"":""splatoon_2"",""co_posts"":18,""character_coverage"":0.346154},{""copyright"":""splatoon_1"",""co_posts"":2,""character_coverage"":0.038462},{""copyright"":""splatoon_2:_octo_expansion"",""co_posts"":2,""character_coverage"":0.038462}]","","","PENDING",""
"I70-033161","stelle_(vim_and_vigor)_(honkai:_star_rail)","4","Character","56","","","","","","","[{""copyright"":""honkai:_star_rail"",""co_posts"":52,""character_coverage"":1.0},{""copyright"":""honkai_(series)"",""co_posts"":52,""character_coverage"":1.0}]","","","PENDING",""
"I70-033162","strasbourg_(faerie_of_the_race_circuit)_(azur_lane)","4","Character","56","","","","","謡精舞うサーキット","","[{""copyright"":""azur_lane"",""co_posts"":50,""character_coverage"":1.0},{""copyright"":""azur_lane:_slow_ahead"",""co_posts"":4,""character_coverage"":0.08}]","","","PENDING",""
"I70-033163","sugar_mountain","4","Character","56","","","","","シュガー・マウンテン","","[{""copyright"":""jojo_no_kimyou_na_bouken"",""co_posts"":51,""character_coverage"":1.0},{""copyright"":""steel_ball_run"",""co_posts"":51,""character_coverage"":1.0},{""copyright"":""jojolion"",""co_posts"":8,""character_coverage"":0.156863},{""copyright"":""vento_aureo"",""co_posts"":6,""character_coverage"":0.117647},{""copyright"":""battle_tendency"",""co_posts"":4,""character_coverage"":0.078431}]","","","PENDING",""
"I70-033164","susanoomon","4","Character","56","","","","","スサノオモン","","[{""copyright"":""digimon"",""co_posts"":50,""character_coverage"":1.0},{""copyright"":""digimon_frontier"",""co_posts"":21,""character_coverage"":0.42},{""copyright"":""digimon_card_game"",""co_posts"":10,""character_coverage"":0.2},{""copyright"":""digimon_adventure"",""co_posts"":8,""character_coverage"":0.16},{""copyright"":""digimon_adventure_02"",""co_posts"":8,""character_coverage"":0.16}]","","","PENDING",""
"I70-033165","suzu_(fushigi_na_neko_no_machi_meltier)","4","Character","56","","","","","","","[{""copyright"":""fushigi_na_neko_no_machi_meltier"",""co_posts"":52,""character_coverage"":1.0}]","","","PENDING",""
"I70-033166","suzuhara_izumiko","4","Character","56","","","","","鈴原泉水子","","[{""copyright"":""rdg_red_data_girl"",""co_posts"":55,""character_coverage"":1.0},{""copyright"":""nyantype"",""co_posts"":6,""character_coverage"":0.109091},{""copyright"":""another"",""co_posts"":1,""character_coverage"":0.018182},{""copyright"":""haiyore!_nyaruko-san"",""co_posts"":1,""character_coverage"":0.018182},{""copyright"":""hanasaku_iroha"",""co_posts"":1,""character_coverage"":0.018182}]","","","PENDING",""
"I70-033167","suzushiro_mizuki","4","Character","56","","","","","Suzushiro Mizuki","","[{""copyright"":""boku_girl"",""co_posts"":51,""character_coverage"":1.0},{""copyright"":""genshin_impact"",""co_posts"":1,""character_coverage"":0.019608},{""copyright"":""neon_genesis_evangelion"",""co_posts"":1,""character_coverage"":0.019608}]","","","PENDING",""
"I70-033168","sweet_(deltarune)","4","Character","56","","","","","","","[{""copyright"":""deltarune"",""co_posts"":53,""character_coverage"":1.0},{""copyright"":""utdr_(toby_fox)"",""co_posts"":53,""character_coverage"":1.0},{""copyright"":""naruto_(series)"",""co_posts"":2,""character_coverage"":0.037736},{""copyright"":""naruto_shippuuden"",""co_posts"":2,""character_coverage"":0.037736},{""copyright"":""friday_night_funkin'"",""co_posts"":1,""character_coverage"":0.018868}]","","","PENDING",""
"I70-033169","swordsman_3_(sekaiju_4)","4","Character","56","","","","","","","[{""copyright"":""sekaiju_no_meikyuu"",""co_posts"":24,""character_coverage"":1.0},{""copyright"":""sekaiju_no_meikyuu_4"",""co_posts"":24,""character_coverage"":1.0},{""copyright"":""sekaiju_no_meikyuu_2"",""co_posts"":1,""character_coverage"":0.041667},{""copyright"":""sekaiju_no_meikyuu_3"",""co_posts"":1,""character_coverage"":0.041667}]","","","PENDING",""
"I70-033170","symphony_miku_(2025)","4","Character","56","","","","","","","[{""copyright"":""miku_symphony_(vocaloid)"",""co_posts"":52,""character_coverage"":1.0},{""copyright"":""vocaloid"",""co_posts"":52,""character_coverage"":1.0}]","","","PENDING",""
"I70-033171","tachitsute_toto_(1st_costume)","4","Character","56","","","","","","","[{""copyright"":""nijisanji"",""co_posts"":51,""character_coverage"":1.0},{""copyright"":""minecraft"",""co_posts"":1,""character_coverage"":0.019608},{""copyright"":""niginigi_nijitown"",""co_posts"":1,""character_coverage"":0.019608}]","","","PENDING",""
"I70-033172","taihou_(private_quarters)_(azur_lane)","4","Character","56","","","","","","","[{""copyright"":""azur_lane"",""co_posts"":40,""character_coverage"":1.0},{""copyright"":""original"",""co_posts"":2,""character_coverage"":0.05},{""copyright"":""comiket_107"",""co_posts"":1,""character_coverage"":0.025}]","","","PENDING",""
"I70-033173","taiyo_akari","4","Character","56","","","","","太陽アカリ","","[{""copyright"":""original"",""co_posts"":45,""character_coverage"":0.803571},{""copyright"":""final_fantasy"",""co_posts"":27,""character_coverage"":0.482143},{""copyright"":""final_fantasy_xiv"",""co_posts"":27,""character_coverage"":0.482143}]","","","PENDING",""
"I70-033174","takamine_mion","4","Character","56","","","","","高峰みおん","","[{""copyright"":""pretty_rhythm"",""co_posts"":54,""character_coverage"":1.0},{""copyright"":""pretty_series"",""co_posts"":54,""character_coverage"":1.0},{""copyright"":""pretty_rhythm_aurora_dream"",""co_posts"":51,""character_coverage"":0.944444},{""copyright"":""pretty_rhythm_dear_my_future"",""co_posts"":11,""character_coverage"":0.203704},{""copyright"":""pretty_rhythm_rainbow_live"",""co_posts"":5,""character_coverage"":0.092593}]","","","PENDING",""
"I70-033175","takara_tooru","4","Character","56","","","","","Takara Tooru","","[{""copyright"":""original"",""co_posts"":56,""character_coverage"":1.0}]","","","PENDING",""
"I70-033176","takasu_yasuko","4","Character","56","","","","","高須泰子","","[{""copyright"":""toradora!"",""co_posts"":46,""character_coverage"":1.0},{""copyright"":""battle_tendency"",""co_posts"":2,""character_coverage"":0.043478},{""copyright"":""bishoujo_senshi_sailor_moon"",""co_posts"":2,""character_coverage"":0.043478},{""copyright"":""bleach"",""co_posts"":2,""character_coverage"":0.043478},{""copyright"":""boku_no_hero_academia"",""co_posts"":2,""character_coverage"":0.043478}]","","","PENDING",""
"I70-033177","take_mamoru","4","Character","56","","","","","マモルを取ります","","[{""copyright"":""rental_shop_de_oneesan_wo_rental_suru_hanashi"",""co_posts"":31,""character_coverage"":0.553571},{""copyright"":""original"",""co_posts"":25,""character_coverage"":0.446429}]","","","PENDING",""
"I70-033178","tanaka_yoshitake","4","Character","56","","","","","田中ヨシタケ","","[{""copyright"":""danshi_koukousei_no_nichijou"",""co_posts"":54,""character_coverage"":1.0},{""copyright"":""gintama"",""co_posts"":5,""character_coverage"":0.092593},{""copyright"":""fate/zero"",""co_posts"":2,""character_coverage"":0.037037},{""copyright"":""fate_(series)"",""co_posts"":2,""character_coverage"":0.037037},{""copyright"":""kill_me_baby"",""co_posts"":2,""character_coverage"":0.037037}]","","","PENDING",""
"I70-033179","tanba_toshio","4","Character","56","","","","","俺の絵を描いてみて","","[{""copyright"":""indie_virtual_youtuber"",""co_posts"":55,""character_coverage"":1.0}]","","","PENDING",""
"I70-033180","theoto_rikka","4","Character","56","","","","","セオト・リッカ","","[{""copyright"":""86_-eightysix-"",""co_posts"":53,""character_coverage"":1.0},{""copyright"":""bandai"",""co_posts"":1,""character_coverage"":0.018868},{""copyright"":""comiket_99"",""co_posts"":1,""character_coverage"":0.018868}]","","","PENDING",""
"I70-033181","tiamat_(granblue_fantasy)","4","Character","56","","","","","ティアマト(グラブル)","","[{""copyright"":""granblue_fantasy"",""co_posts"":55,""character_coverage"":1.0},{""copyright"":""shingeki_no_bahamut"",""co_posts"":2,""character_coverage"":0.036364},{""copyright"":""cygames"",""co_posts"":1,""character_coverage"":0.018182},{""copyright"":""death_note"",""co_posts"":1,""character_coverage"":0.018182},{""copyright"":""ensemble_stars!"",""co_posts"":1,""character_coverage"":0.018182}]","","","PENDING",""
"I70-033182","toboe_(wolf's_rain)","4","Character","56","","","","","トオボエ","","[{""copyright"":""wolf's_rain"",""co_posts"":53,""character_coverage"":1.0},{""copyright"":""pokemon"",""co_posts"":1,""character_coverage"":0.018868},{""copyright"":""singin'_in_the_rain"",""co_posts"":1,""character_coverage"":0.018868}]","","","PENDING",""
"I70-033183","toki_(norahasu)","4","Character","56","","","","","","","[{""copyright"":""original"",""co_posts"":56,""character_coverage"":1.0}]","","","PENDING",""
"I70-033184","touma_hiragi","4","Character","56","","","","","柊登馬","","[{""copyright"":""wind_breaker_(nii_satoru)"",""co_posts"":56,""character_coverage"":1.0},{""copyright"":""precure"",""co_posts"":1,""character_coverage"":0.017857},{""copyright"":""sanrio"",""co_posts"":1,""character_coverage"":0.017857},{""copyright"":""wonderful_precure!"",""co_posts"":1,""character_coverage"":0.017857}]","","","PENDING",""
"I70-033185","tuesday_simmons","4","Character","56","","","","","チューズデイ","","[{""copyright"":""carole_&_tuesday"",""co_posts"":51,""character_coverage"":1.0},{""copyright"":""battle_tendency"",""co_posts"":1,""character_coverage"":0.019608},{""copyright"":""darling_in_the_franxx"",""co_posts"":1,""character_coverage"":0.019608},{""copyright"":""diamond_wa_kudakenai"",""co_posts"":1,""character_coverage"":0.019608},{""copyright"":""dorohedoro"",""co_posts"":1,""character_coverage"":0.019608}]","","","PENDING",""
"I70-033186","ultraman_tregear","4","Character","56","","","","","ウルトラマントレギア","","[{""copyright"":""ultra_series"",""co_posts"":54,""character_coverage"":1.0},{""copyright"":""ultraman_taiga_(series)"",""co_posts"":40,""character_coverage"":0.740741},{""copyright"":""ultra_galaxy_(series)"",""co_posts"":18,""character_coverage"":0.333333},{""copyright"":""ultraman_tarou_(series)"",""co_posts"":6,""character_coverage"":0.111111},{""copyright"":""kaette_kita_ultraman"",""co_posts"":3,""character_coverage"":0.055556}]","","","PENDING",""
"I70-033187","uno_sakura","4","Character","56","","","","","兎野さくら","","[{""copyright"":""kemomimi_refle!"",""co_posts"":52,""character_coverage"":0.981132},{""copyright"":""indie_virtual_youtuber"",""co_posts"":3,""character_coverage"":0.056604}]","","","PENDING",""
"I70-033188","uros_(trickcal)","4","Character","56","","","","","","","[{""copyright"":""trickcal"",""co_posts"":33,""character_coverage"":1.0}]","","","PENDING",""
"I70-033189","ushi_(genshin_impact)","4","Character","56","","","","","丑雄","","[{""copyright"":""genshin_impact"",""co_posts"":54,""character_coverage"":1.0},{""copyright"":""golden_kamuy"",""co_posts"":1,""character_coverage"":0.018519}]","","","PENDING",""
"I70-033190","vergo_(one_piece)","4","Character","56","","","","","ヴェルゴ","","[{""copyright"":""one_piece"",""co_posts"":56,""character_coverage"":1.0},{""copyright"":""one_piece_card_game"",""co_posts"":3,""character_coverage"":0.053571},{""copyright"":""alice's_adventures_in_wonderland"",""co_posts"":1,""character_coverage"":0.017857},{""copyright"":""one_piece_film:_z"",""co_posts"":1,""character_coverage"":0.017857},{""copyright"":""one_piece_treasure_cruise"",""co_posts"":1,""character_coverage"":0.017857}]","","","PENDING",""
"I70-033191","verity_gavelle","4","Character","56","mikagami_hakari,justine_courtney","justine courtney | mikagami hakari","","","水鏡秤","","[{""copyright"":""ace_attorney"",""co_posts"":52,""character_coverage"":1.0},{""copyright"":""ace_attorney_investigations"",""co_posts"":51,""character_coverage"":0.980769},{""copyright"":""ace_attorney_investigations_2:_prosecutor's_gambit"",""co_posts"":50,""character_coverage"":0.961538},{""copyright"":""ace_attorney_investigations:_miles_edgeworth"",""co_posts"":5,""character_coverage"":0.096154},{""copyright"":""apollo_justice:_ace_attorney"",""co_posts"":2,""character_coverage"":0.038462}]","","","PENDING",""
"I70-033192","victoria_cindry","4","Character","56","","","","","ビクトリア・シンドリー","","[{""copyright"":""one_piece"",""co_posts"":46,""character_coverage"":1.0},{""copyright"":""batman_(series)"",""co_posts"":1,""character_coverage"":0.021739},{""copyright"":""dc_comics"",""co_posts"":1,""character_coverage"":0.021739},{""copyright"":""joker_(2019)"",""co_posts"":1,""character_coverage"":0.021739},{""copyright"":""one_piece_card_game"",""co_posts"":1,""character_coverage"":0.021739}]","","","PENDING",""
"I70-033193","vrtra_(final_fantasy)","4","Character","56","","","","","ヴリトラ","","[{""copyright"":""final_fantasy"",""co_posts"":56,""character_coverage"":1.0},{""copyright"":""final_fantasy_xiv"",""co_posts"":55,""character_coverage"":0.982143},{""copyright"":""final_fantasy_xi"",""co_posts"":1,""character_coverage"":0.017857},{""copyright"":""final_fantasy_xvi"",""co_posts"":1,""character_coverage"":0.017857},{""copyright"":""original"",""co_posts"":1,""character_coverage"":0.017857}]","","","PENDING",""
"I70-033194","vundo_(gyee)","4","Character","56","","","","","vundo（gyee）","","[{""copyright"":""gyee"",""co_posts"":55,""character_coverage"":1.0},{""copyright"":""full_service_(mazjojo)"",""co_posts"":1,""character_coverage"":0.018182},{""copyright"":""priapus"",""co_posts"":1,""character_coverage"":0.018182}]","","","PENDING",""
"I70-033195","wagahai_(ace_attorney)","4","Character","56","wagahai_(gyakuten_saiban)","wagahai (gyakuten saiban)","","","ワガハイ","","[{""copyright"":""ace_attorney"",""co_posts"":55,""character_coverage"":1.0},{""copyright"":""the_great_ace_attorney"",""co_posts"":55,""character_coverage"":1.0},{""copyright"":""the_great_ace_attorney_2:_resolve"",""co_posts"":16,""character_coverage"":0.290909},{""copyright"":""the_great_ace_attorney:_adventures"",""co_posts"":12,""character_coverage"":0.218182},{""copyright"":""phoenix_wright:_ace_attorney_-_trials_and_tribulations"",""co_posts"":6,""character_coverage"":0.109091}]","","","PENDING",""
"I70-033196","wally_west","4","Character","56","","","","","","","[{""copyright"":""dc_comics"",""co_posts"":44,""character_coverage"":1.0},{""copyright"":""the_flash_(series)"",""co_posts"":21,""character_coverage"":0.477273},{""copyright"":""young_justice"",""co_posts"":16,""character_coverage"":0.363636},{""copyright"":""batman_(series)"",""co_posts"":12,""character_coverage"":0.272727},{""copyright"":""teen_titans"",""co_posts"":8,""character_coverage"":0.181818}]","","","PENDING",""
"I70-033197","walrus_(kemono_friends)","4","Character","56","","","","","セイウチ(けものフレンズ)","","[{""copyright"":""kemono_friends"",""co_posts"":54,""character_coverage"":1.0},{""copyright"":""kemono_friends_3"",""co_posts"":10,""character_coverage"":0.185185},{""copyright"":""crunchyroll"",""co_posts"":1,""character_coverage"":0.018519},{""copyright"":""kemono_friends_2"",""co_posts"":1,""character_coverage"":0.018519},{""copyright"":""kemono_friends_kingdom"",""co_posts"":1,""character_coverage"":0.018519}]","","","PENDING",""
"I70-033198","war_counselor_iji","4","Character","56","","","","","鍛冶師イジー","","[{""copyright"":""elden_ring"",""co_posts"":54,""character_coverage"":1.0},{""copyright"":""dark_souls_(series)"",""co_posts"":2,""character_coverage"":0.037037},{""copyright"":""elden_ring:_shadow_of_the_erdtree"",""co_posts"":2,""character_coverage"":0.037037},{""copyright"":""hololive"",""co_posts"":2,""character_coverage"":0.037037},{""copyright"":""blue_archive"",""co_posts"":1,""character_coverage"":0.018519}]","","","PENDING",""
"I70-033199","whisperain_(priory_of_abyss)_(arknights)","4","Character","56","","","","","","","[{""copyright"":""arknights"",""co_posts"":54,""character_coverage"":1.0},{""copyright"":""dungeon_meshi"",""co_posts"":1,""character_coverage"":0.018519},{""copyright"":""dungeons_&_dragons"",""co_posts"":1,""character_coverage"":0.018519}]","","","PENDING",""
"I70-033200","winberrl","4","Character","56","","","","","ウィンベル","","[{""copyright"":""cosmic_break"",""co_posts"":44,""character_coverage"":1.0},{""copyright"":""cosmic_break_2"",""co_posts"":2,""character_coverage"":0.045455},{""copyright"":""original"",""co_posts"":1,""character_coverage"":0.022727},{""copyright"":""to_love-ru"",""co_posts"":1,""character_coverage"":0.022727}]","","","PENDING",""
"I70-033201","witch_(fire_emblem_fates)","4","Character","56","","","","","","","[{""copyright"":""fire_emblem"",""co_posts"":52,""character_coverage"":1.0},{""copyright"":""fire_emblem_fates"",""co_posts"":48,""character_coverage"":0.923077},{""copyright"":""fire_emblem_awakening"",""co_posts"":4,""character_coverage"":0.076923},{""copyright"":""fire_emblem_engage"",""co_posts"":3,""character_coverage"":0.057692},{""copyright"":""fire_emblem:_three_houses"",""co_posts"":2,""character_coverage"":0.038462}]","","","PENDING",""
"I70-033202","yabai_(nijiura_maids)","4","Character","56","","","","","やばいさん","","[{""copyright"":""futaba_channel"",""co_posts"":50,""character_coverage"":1.0},{""copyright"":""nijiura_maids"",""co_posts"":50,""character_coverage"":1.0},{""copyright"":""doko_demo_issyo"",""co_posts"":1,""character_coverage"":0.02},{""copyright"":""north_american_mythology"",""co_posts"":1,""character_coverage"":0.02},{""copyright"":""puyopuyo"",""co_posts"":1,""character_coverage"":0.02}]","","","PENDING",""
"I70-033203","yae_sakura_(dream_raiment)","4","Character","56","","","","","","","[{""copyright"":""honkai_(series)"",""co_posts"":55,""character_coverage"":1.0},{""copyright"":""honkai_impact_3rd"",""co_posts"":55,""character_coverage"":1.0},{""copyright"":""honkai_gakuen"",""co_posts"":4,""character_coverage"":0.072727},{""copyright"":""genshin_impact"",""co_posts"":2,""character_coverage"":0.036364},{""copyright"":""mihoyo"",""co_posts"":2,""character_coverage"":0.036364}]","","","PENDING",""
"I70-033204","yasuraoka_hanabi","4","Character","56","","","","","安楽岡花火","","[{""copyright"":""kuzu_no_honkai"",""co_posts"":52,""character_coverage"":1.0},{""copyright"":""saenai_heroine_no_sodatekata"",""co_posts"":2,""character_coverage"":0.038462},{""copyright"":""animal_crossing"",""co_posts"":1,""character_coverage"":0.019231},{""copyright"":""bocchi_the_rock!"",""co_posts"":1,""character_coverage"":0.019231},{""copyright"":""gakkou_gurashi!"",""co_posts"":1,""character_coverage"":0.019231}]","","","PENDING",""
"I70-033205","yeet-chan_(the_jieb)","4","Character","56","","","","","","","[{""copyright"":""original"",""co_posts"":55,""character_coverage"":1.0}]","","","PENDING",""
"I70-033206","yoarashi_inasa","4","Character","56","","","","","夜嵐イナサ","","[{""copyright"":""boku_no_hero_academia"",""co_posts"":55,""character_coverage"":1.0}]","","","PENDING",""
"I70-033207","yokoshima_tadao","4","Character","56","","","","","横島忠夫","","[{""copyright"":""ghost_sweeper_mikami"",""co_posts"":53,""character_coverage"":1.0},{""copyright"":""kantai_collection"",""co_posts"":21,""character_coverage"":0.396226},{""copyright"":""another"",""co_posts"":3,""character_coverage"":0.056604},{""copyright"":""dragon_ball"",""co_posts"":2,""character_coverage"":0.037736},{""copyright"":""dragon_ball_z"",""co_posts"":2,""character_coverage"":0.037736}]","","","PENDING",""
"I70-033208","you_mizuno","4","Character","56","","","","","あなたはミズノ","","[{""copyright"":""star_driver"",""co_posts"":56,""character_coverage"":1.0},{""copyright"":""animedia"",""co_posts"":2,""character_coverage"":0.035714},{""copyright"":""newtype"",""co_posts"":2,""character_coverage"":0.035714},{""copyright"":""animage"",""co_posts"":1,""character_coverage"":0.017857}]","","","PENDING",""
"I70-033209","yowaneko","4","Character","56","","","","","よわねこ","","[{""copyright"":""vocaloid"",""co_posts"":55,""character_coverage"":1.0},{""copyright"":""utau"",""co_posts"":12,""character_coverage"":0.218182},{""copyright"":""voiceroid"",""co_posts"":4,""character_coverage"":0.072727},{""copyright"":""fl_studio"",""co_posts"":3,""character_coverage"":0.054545},{""copyright"":""piapro_studio"",""co_posts"":2,""character_coverage"":0.036364}]","","","PENDING",""
"I70-033210","yukikaze_(sovereign_of_the_swing)_(azur_lane)","4","Character","56","yukikaze_(swings-sama)_(azur_lane)","yukikaze (swings-sama) (azur lane)","","","ブランコ様","","[{""copyright"":""azur_lane"",""co_posts"":55,""character_coverage"":1.0},{""copyright"":""azur_lane:_slow_ahead"",""co_posts"":1,""character_coverage"":0.018182}]","","","PENDING",""
"I70-033211","yumekichi","4","Character","56","","","","","","","[{""copyright"":""sengoku_basara"",""co_posts"":55,""character_coverage"":1.0},{""copyright"":""gakuen_basara"",""co_posts"":6,""character_coverage"":0.109091},{""copyright"":""sengoku_musou"",""co_posts"":2,""character_coverage"":0.036364},{""copyright"":""sengoku_musou_3"",""co_posts"":2,""character_coverage"":0.036364},{""copyright"":""journey_to_the_west"",""co_posts"":1,""character_coverage"":0.018182}]","","","PENDING",""
"I70-033212","yuneri_(azuki_akizuki)","4","Character","56","","","","","ユネリ","","[{""copyright"":""original"",""co_posts"":56,""character_coverage"":1.0}]","","","PENDING",""
"I70-033213","yunifi_(unicorn_overlord)","4","Character","56","","","","","","","[{""copyright"":""unicorn_overlord"",""co_posts"":54,""character_coverage"":1.0},{""copyright"":""famitsu"",""co_posts"":2,""character_coverage"":0.037037},{""copyright"":""vanillaware"",""co_posts"":2,""character_coverage"":0.037037},{""copyright"":""rta_in_japan"",""co_posts"":1,""character_coverage"":0.018519}]","","","PENDING",""
"I70-033214","z18_(azur_lane)","4","Character","56","","","","","Z18(アズールレーン)","","[{""copyright"":""azur_lane"",""co_posts"":54,""character_coverage"":1.0},{""copyright"":""blue_archive"",""co_posts"":2,""character_coverage"":0.037037},{""copyright"":""carnival_phantasm"",""co_posts"":1,""character_coverage"":0.018519},{""copyright"":""mega_man_(series)"",""co_posts"":1,""character_coverage"":0.018519},{""copyright"":""yostar"",""co_posts"":1,""character_coverage"":0.018519}]","","","PENDING",""
"I70-033215","zel_(za1f0n)","4","Character","56","","","","","","","[{""copyright"":""original"",""co_posts"":56,""character_coverage"":1.0},{""copyright"":""dandadan"",""co_posts"":3,""character_coverage"":0.053571},{""copyright"":""gundam"",""co_posts"":1,""character_coverage"":0.017857},{""copyright"":""gundam_g_no_reconguista"",""co_posts"":1,""character_coverage"":0.017857}]","","","PENDING",""
"I70-033216","zephagamon","4","Character","56","","","","","ゼファーガモン","","[{""copyright"":""digimon"",""co_posts"":53,""character_coverage"":1.0},{""copyright"":""digimon_card_game"",""co_posts"":33,""character_coverage"":0.622642},{""copyright"":""digimon_liberator"",""co_posts"":23,""character_coverage"":0.433962},{""copyright"":""digimon_alysion"",""co_posts"":2,""character_coverage"":0.037736},{""copyright"":""digimon_adventure"",""co_posts"":1,""character_coverage"":0.018868}]","","","PENDING",""
"I70-033217","zhuang_fangyi_(empyrean_of_truth)_(arknights)","4","Character","56","","","","","","","[{""copyright"":""arknights"",""co_posts"":55,""character_coverage"":1.0},{""copyright"":""arknights:_endfield"",""co_posts"":55,""character_coverage"":1.0},{""copyright"":""jujutsu_kaisen"",""co_posts"":1,""character_coverage"":0.018182}]","","","PENDING",""
"I70-033218","zirc_(pokemon)","4","Character","56","zir_(pokemon)","zir (pokemon)","","","ジル(アニポケ)","","[{""copyright"":""pokemon"",""co_posts"":55,""character_coverage"":1.0},{""copyright"":""pokemon_(anime)"",""co_posts"":54,""character_coverage"":0.981818},{""copyright"":""pokemon_horizons"",""co_posts"":54,""character_coverage"":0.981818},{""copyright"":""pokemon_legends:_z-a"",""co_posts"":1,""character_coverage"":0.018182},{""copyright"":""pokemon_scarlet_and_violet"",""co_posts"":1,""character_coverage"":0.018182}]","","","PENDING",""
"I70-033219","zorayas","4","Character","56","","","","","泽菈雅斯","","[{""copyright"":""elden_ring"",""co_posts"":53,""character_coverage"":1.0},{""copyright"":""dark_souls_(series)"",""co_posts"":4,""character_coverage"":0.075472},{""copyright"":""dark_souls_i"",""co_posts"":2,""character_coverage"":0.037736},{""copyright"":""elden_ring:_shadow_of_the_erdtree"",""co_posts"":2,""character_coverage"":0.037736},{""copyright"":""bloodborne"",""co_posts"":1,""character_coverage"":0.018868}]","","","PENDING",""
"I70-033220","37_(happy_bird_catcher)_(reverse:1999)","4","Character","55","","","","","37(快乐的捕鸟人)","","[{""copyright"":""reverse:1999"",""co_posts"":51,""character_coverage"":1.0}]","","","PENDING",""
"I70-033221","a_(show_by_rock!!)","4","Character","55","","","","","阿","","[{""copyright"":""show_by_rock!!"",""co_posts"":54,""character_coverage"":1.0},{""copyright"":""hello_kitty"",""co_posts"":1,""character_coverage"":0.018519},{""copyright"":""my_melody_(series)"",""co_posts"":1,""character_coverage"":0.018519},{""copyright"":""nyantype"",""co_posts"":1,""character_coverage"":0.018519},{""copyright"":""sanrio"",""co_posts"":1,""character_coverage"":0.018519}]","","","PENDING",""
"I70-033222","abe_takaya","4","Character","55","","","","","阿部隆也","","[{""copyright"":""ookiku_furikabutte"",""co_posts"":54,""character_coverage"":1.0},{""copyright"":""arakawa_under_the_bridge"",""co_posts"":1,""character_coverage"":0.018519},{""copyright"":""blazblue"",""co_posts"":1,""character_coverage"":0.018519},{""copyright"":""clannad"",""co_posts"":1,""character_coverage"":0.018519},{""copyright"":""daiya_no_ace"",""co_posts"":1,""character_coverage"":0.018519}]","","","PENDING",""
"I70-033223","agni_(fire_punch)","4","Character","55","","","","","","","[{""copyright"":""fire_punch"",""co_posts"":54,""character_coverage"":1.0},{""copyright"":""chainsaw_man"",""co_posts"":8,""character_coverage"":0.148148},{""copyright"":""original"",""co_posts"":3,""character_coverage"":0.055556},{""copyright"":""star_wars"",""co_posts"":3,""character_coverage"":0.055556},{""copyright"":""jaws_(movie)"",""co_posts"":2,""character_coverage"":0.037037}]","","","PENDING",""
"I70-033224","ahim_de_famille","4","Character","55","","","","","アイム・ド・ファミーユ","","[{""copyright"":""kaizoku_sentai_gokaiger"",""co_posts"":51,""character_coverage"":1.0},{""copyright"":""super_sentai"",""co_posts"":51,""character_coverage"":1.0},{""copyright"":""precure"",""co_posts"":3,""character_coverage"":0.058824},{""copyright"":""mahou_shoujo_madoka_magica"",""co_posts"":2,""character_coverage"":0.039216},{""copyright"":""mahou_shoujo_madoka_magica_(anime)"",""co_posts"":2,""character_coverage"":0.039216}]","","","PENDING",""
"I70-033225","air_shakur_(casual)_(umamusume)","4","Character","55","","","","","","","[{""copyright"":""umamusume"",""co_posts"":48,""character_coverage"":1.0},{""copyright"":""original"",""co_posts"":1,""character_coverage"":0.020833},{""copyright"":""scp_foundation"",""co_posts"":1,""character_coverage"":0.020833}]","","","PENDING",""
"I70-033226","alessi","4","Character","55","","","","","アレッシー","","[{""copyright"":""jojo_no_kimyou_na_bouken"",""co_posts"":53,""character_coverage"":1.0},{""copyright"":""stardust_crusaders"",""co_posts"":49,""character_coverage"":0.924528},{""copyright"":""battle_tendency"",""co_posts"":4,""character_coverage"":0.075472},{""copyright"":""phantom_blood"",""co_posts"":3,""character_coverage"":0.056604},{""copyright"":""steel_ball_run"",""co_posts"":3,""character_coverage"":0.056604}]","","","PENDING",""
"I70-033227","alicia_(expedition_33)","4","Character","55","","","","","","","[{""copyright"":""clair_obscur:_expedition_33"",""co_posts"":48,""character_coverage"":1.0},{""copyright"":""nier:automata"",""co_posts"":1,""character_coverage"":0.020833},{""copyright"":""nier_(series)"",""co_posts"":1,""character_coverage"":0.020833},{""copyright"":""umamusume"",""co_posts"":1,""character_coverage"":0.020833}]","","","PENDING",""
"I70-033228","almaz_von_almadine_adamant","4","Character","55","","","","","アルマズ・フォン・アルマジン・アダマン","","[{""copyright"":""disgaea"",""co_posts"":47,""character_coverage"":1.0},{""copyright"":""makai_senki_disgaea_3"",""co_posts"":46,""character_coverage"":0.978723},{""copyright"":""makai_senki_disgaea"",""co_posts"":9,""character_coverage"":0.191489},{""copyright"":""makai_senki_disgaea_2"",""co_posts"":9,""character_coverage"":0.191489},{""copyright"":""makai_senki_disgaea_4"",""co_posts"":7,""character_coverage"":0.148936}]","","","PENDING",""
"I70-033229","amagi_(cv)_(throne_of_fallen_petals)_(azur_lane)","4","Character","55","","","","","玉座落鸞","","[{""copyright"":""azur_lane"",""co_posts"":52,""character_coverage"":1.0},{""copyright"":""azur_lane:_slow_ahead"",""co_posts"":4,""character_coverage"":0.076923},{""copyright"":""a_song_of_ice_and_fire"",""co_posts"":2,""character_coverage"":0.038462},{""copyright"":""game_of_thrones"",""co_posts"":2,""character_coverage"":0.038462},{""copyright"":""kantai_collection"",""co_posts"":1,""character_coverage"":0.019231}]","","","PENDING",""
"I70-033230","amai_shirou","4","Character","55","","","","","甘井シロー","","[{""copyright"":""precure"",""co_posts"":53,""character_coverage"":1.0},{""copyright"":""yes!_precure_5"",""co_posts"":53,""character_coverage"":1.0},{""copyright"":""yes!_precure_5_gogo!"",""co_posts"":41,""character_coverage"":0.773585},{""copyright"":""kibou_no_chikara_~otona_precure_'23~"",""co_posts"":6,""character_coverage"":0.113208},{""copyright"":""heartcatch_precure!"",""co_posts"":4,""character_coverage"":0.075472}]","","","PENDING",""
"I70-033231","amanogawa_shiina_(crab)","4","Character","55","amanogawa_shiina_(2nd_costume)","amanogawa shiina (2nd costume)","","","","","[{""copyright"":""phase_connect"",""co_posts"":51,""character_coverage"":1.0},{""copyright"":""pokemon"",""co_posts"":3,""character_coverage"":0.058824}]","","","PENDING",""
"I70-033232","amenankhnas-talia_ife","4","Character","55","","","","","","","[]","","","PENDING",""
"I70-033233","ami_(seikyouiku_series)","4","Character","55","","","","","","","[{""copyright"":""seikyouiku_series"",""co_posts"":55,""character_coverage"":1.0},{""copyright"":""original"",""co_posts"":25,""character_coverage"":0.454545}]","","","PENDING",""
"I70-033234","andranof_pepesha","4","Character","55","","","","","","","[{""copyright"":""shy_(series)"",""co_posts"":45,""character_coverage"":1.0},{""copyright"":""asagao_to_kase-san"",""co_posts"":1,""character_coverage"":0.022222},{""copyright"":""bang_dream!"",""co_posts"":1,""character_coverage"":0.022222},{""copyright"":""bang_dream!_it's_mygo!!!!!"",""co_posts"":1,""character_coverage"":0.022222},{""copyright"":""bishoujo_senshi_sailor_moon"",""co_posts"":1,""character_coverage"":0.022222}]","","","PENDING",""
"I70-033235","ann_blyth","4","Character","55","","","","","アン・ブライス","","[{""copyright"":""original"",""co_posts"":54,""character_coverage"":1.0},{""copyright"":""monster_hunter_(series)"",""co_posts"":1,""character_coverage"":0.018519}]","","","PENDING",""
"I70-033236","annie_barrs","4","Character","55","","","","","アニー・バース","","[{""copyright"":""tales_of_(series)"",""co_posts"":49,""character_coverage"":1.0},{""copyright"":""tales_of_rebirth"",""co_posts"":49,""character_coverage"":1.0},{""copyright"":""tales_of_destiny"",""co_posts"":10,""character_coverage"":0.204082},{""copyright"":""tales_of_destiny_2"",""co_posts"":9,""character_coverage"":0.183673},{""copyright"":""tales_of_graces"",""co_posts"":9,""character_coverage"":0.183673}]","","","PENDING",""
"I70-033237","aoba_shigeru","4","Character","55","","","","","青葉シゲル","","[{""copyright"":""neon_genesis_evangelion"",""co_posts"":50,""character_coverage"":1.0},{""copyright"":""rebuild_of_evangelion"",""co_posts"":17,""character_coverage"":0.34},{""copyright"":""evangelion:_3.0_you_can_(not)_redo"",""co_posts"":5,""character_coverage"":0.1},{""copyright"":""evangelion:_2.0_you_can_(not)_advance"",""co_posts"":4,""character_coverage"":0.08},{""copyright"":""evangelion:_3.0+1.0_thrice_upon_a_time"",""co_posts"":4,""character_coverage"":0.08}]","","","PENDING",""
"I70-033238","aoki_clair","4","Character","55","","","","","青木紅愛","","[{""copyright"":""gleipnir_(series)"",""co_posts"":43,""character_coverage"":1.0},{""copyright"":""megami_magazine"",""co_posts"":2,""character_coverage"":0.046512}]","","","PENDING",""
"I70-033239","aoki_mei","4","Character","55","normal_trainer","normal trainer","","","青木明","","[{""copyright"":""idolmaster"",""co_posts"":41,""character_coverage"":1.0},{""copyright"":""idolmaster_cinderella_girls"",""co_posts"":41,""character_coverage"":1.0},{""copyright"":""idolmaster_(classic)"",""co_posts"":2,""character_coverage"":0.04878},{""copyright"":""cinderella_girls_gekijou"",""co_posts"":1,""character_coverage"":0.02439},{""copyright"":""idolmaster_dearly_stars"",""co_posts"":1,""character_coverage"":0.02439}]","","","PENDING",""
"I70-033240","aratsugu_yorino","4","Character","55","","","","","新更命乃","","[{""copyright"":""semelparous"",""co_posts"":52,""character_coverage"":1.0}]","","","PENDING",""
"I70-033241","arigato_usagi","4","Character","55","","","","","ありがとウサギ","","[{""copyright"":""ac_japan"",""co_posts"":51,""character_coverage"":0.980769},{""copyright"":""mahou_shoujo_madoka_magica"",""co_posts"":5,""character_coverage"":0.096154},{""copyright"":""mahou_shoujo_madoka_magica_(anime)"",""co_posts"":5,""character_coverage"":0.096154},{""copyright"":""idolmaster"",""co_posts"":3,""character_coverage"":0.057692},{""copyright"":""touhou"",""co_posts"":3,""character_coverage"":0.057692}]","","","PENDING",""
"I70-033242","arizuki_shiina","4","Character","55","","","","","有月椎菜","","[{""copyright"":""kud_wafter"",""co_posts"":42,""character_coverage"":1.0},{""copyright"":""little_busters!"",""co_posts"":42,""character_coverage"":1.0},{""copyright"":""angel_beats!"",""co_posts"":4,""character_coverage"":0.095238},{""copyright"":""key_(company)"",""co_posts"":2,""character_coverage"":0.047619},{""copyright"":""air_(visual_novel)"",""co_posts"":1,""character_coverage"":0.02381}]","","","PENDING",""
"I70-033243","aruma_(goma)","4","Character","55","","","","","","","[{""copyright"":""original"",""co_posts"":52,""character_coverage"":1.0}]","","","PENDING",""
"I70-033244","asaka_karin_(kujibikido_swimsuit)","4","Character","55","","","","","","","[{""copyright"":""love_live!"",""co_posts"":52,""character_coverage"":1.0},{""copyright"":""love_live!_nijigasaki_high_school_idol_club"",""co_posts"":52,""character_coverage"":1.0}]","","","PENDING",""
"I70-033245","asakura_maina","4","Character","55","","","","","朝倉まいな","","[{""copyright"":""hajimete_no_oisha-san"",""co_posts"":39,""character_coverage"":1.0},{""copyright"":""nanami_to_konomi_no_oshiete_abc"",""co_posts"":24,""character_coverage"":0.615385},{""copyright"":""hajimete_no_orusuban"",""co_posts"":7,""character_coverage"":0.179487}]","","","PENDING",""
"I70-033246","asou_yuma","4","Character","55","","","","","浅生由真","","[{""copyright"":""original"",""co_posts"":55,""character_coverage"":1.0}]","","","PENDING",""
"I70-033247","aventurine_(jiaduobao)_(honkai:_star_rail)","4","Character","55","","","","","","","[{""copyright"":""honkai:_star_rail"",""co_posts"":55,""character_coverage"":1.0},{""copyright"":""honkai_(series)"",""co_posts"":55,""character_coverage"":1.0},{""copyright"":""genshin_impact"",""co_posts"":1,""character_coverage"":0.018182},{""copyright"":""mihoyo"",""co_posts"":1,""character_coverage"":0.018182}]","","","PENDING",""
"I70-033248","avocaboo_(zenless_zone_zero)","4","Character","55","","","","","アボカドボンプ","","[{""copyright"":""zenless_zone_zero"",""co_posts"":47,""character_coverage"":1.0},{""copyright"":""invincible_(series)"",""co_posts"":1,""character_coverage"":0.021277},{""copyright"":""wuthering_waves"",""co_posts"":1,""character_coverage"":0.021277}]","","","PENDING",""
"I70-033249","ayabe_kazuya","4","Character","55","","","","","綾部和也","","[{""copyright"":""judge_eyes"",""co_posts"":55,""character_coverage"":1.0},{""copyright"":""ryuu_ga_gotoku_(series)"",""co_posts"":55,""character_coverage"":1.0},{""copyright"":""mcdonald's"",""co_posts"":1,""character_coverage"":0.018182}]","","","PENDING",""
"I70-033250","aylwin_(azur_lane)","4","Character","55","","","","","エールウィン(アズールレーン)","","[{""copyright"":""azur_lane"",""co_posts"":55,""character_coverage"":1.0}]","","","PENDING",""
"I70-033251","azuki_nagamitsu_(touken_ranbu)","4","Character","55","","","","","小豆長光","","[{""copyright"":""touken_ranbu"",""co_posts"":55,""character_coverage"":1.0},{""copyright"":""bleach"",""co_posts"":1,""character_coverage"":0.018182},{""copyright"":""final_fantasy"",""co_posts"":1,""character_coverage"":0.018182},{""copyright"":""final_fantasy_xiv"",""co_posts"":1,""character_coverage"":0.018182},{""copyright"":""fire_emblem"",""co_posts"":1,""character_coverage"":0.018182}]","","","PENDING",""
"I70-033252","baby_vegeta","4","Character","55","","","","","ベジータベビー","","[{""copyright"":""dragon_ball"",""co_posts"":44,""character_coverage"":1.0},{""copyright"":""dragon_ball_gt"",""co_posts"":43,""character_coverage"":0.977273},{""copyright"":""dragon_ball_super"",""co_posts"":12,""character_coverage"":0.272727},{""copyright"":""dragon_ball_z"",""co_posts"":9,""character_coverage"":0.204545},{""copyright"":""dragon_ball_heroes"",""co_posts"":5,""character_coverage"":0.113636}]","","","PENDING",""
"I70-033253","baek_eunyung","4","Character","55","","","","","","","[{""copyright"":""no_home_(manhwa)"",""co_posts"":54,""character_coverage"":1.0},{""copyright"":""alien_stage"",""co_posts"":3,""character_coverage"":0.055556},{""copyright"":""cinderella_(disney_movie)"",""co_posts"":1,""character_coverage"":0.018519},{""copyright"":""code_geass"",""co_posts"":1,""character_coverage"":0.018519},{""copyright"":""dead_dead_demons_de_dedede_destruction"",""co_posts"":1,""character_coverage"":0.018519}]","","","PENDING",""
"I70-033254","baku_(sanrio)","4","Character","55","baku_(onegai_my_melody)","baku (onegai my melody)","","","バク(おねがいマイメロディ)","","[{""copyright"":""my_melody_(series)"",""co_posts"":53,""character_coverage"":1.0},{""copyright"":""sanrio"",""co_posts"":53,""character_coverage"":1.0},{""copyright"":""onegai_my_melody"",""co_posts"":26,""character_coverage"":0.490566},{""copyright"":""fuwa_fuwa_cinnamoroll"",""co_posts"":3,""character_coverage"":0.056604},{""copyright"":""danganronpa_(series)"",""co_posts"":2,""character_coverage"":0.037736}]","","","PENDING",""
"I70-033255","bamboo_memory_(ultra_marine)_(umamusume)","4","Character","55","","","","","","","[{""copyright"":""umamusume"",""co_posts"":54,""character_coverage"":1.0},{""copyright"":""nijisanji"",""co_posts"":1,""character_coverage"":0.018519},{""copyright"":""original"",""co_posts"":1,""character_coverage"":0.018519}]","","","PENDING",""
"I70-033256","baobhan_sith_(chaldea_satellite_station)_(fate)","4","Character","55","","","","","カルデア・サテライトステーション","","[{""copyright"":""fate/grand_order"",""co_posts"":55,""character_coverage"":1.0},{""copyright"":""fate_(series)"",""co_posts"":55,""character_coverage"":1.0},{""copyright"":""fate/dream_striker"",""co_posts"":1,""character_coverage"":0.018182}]","","","PENDING",""
"I70-033257","bassline_(arknights)","4","Character","55","","","","","ベースライン","","[{""copyright"":""arknights"",""co_posts"":49,""character_coverage"":1.0},{""copyright"":""a_deer_of_nine_colors"",""co_posts"":2,""character_coverage"":0.040816},{""copyright"":""monster_hunter_(series)"",""co_posts"":2,""character_coverage"":0.040816},{""copyright"":""rainbow_six_siege"",""co_posts"":2,""character_coverage"":0.040816},{""copyright"":""the_legend_of_luo_xiaohei"",""co_posts"":2,""character_coverage"":0.040816}]","","","PENDING",""
"I70-033258","beelzebub_(sand_land)","4","Character","55","","","","","ベルゼブブ(SANDLAND)","","[{""copyright"":""sand_land"",""co_posts"":55,""character_coverage"":1.0},{""copyright"":""dragon_ball"",""co_posts"":16,""character_coverage"":0.290909},{""copyright"":""dr._slump"",""co_posts"":11,""character_coverage"":0.2},{""copyright"":""dragon_quest"",""co_posts"":11,""character_coverage"":0.2},{""copyright"":""dragon_ball_(classic)"",""co_posts"":7,""character_coverage"":0.127273}]","","","PENDING",""
"I70-033259","belladonna_(seiken_densetsu_3)","4","Character","55","","","","","美獣イザベラ","","[{""copyright"":""seiken_densetsu"",""co_posts"":49,""character_coverage"":1.0},{""copyright"":""seiken_densetsu_3"",""co_posts"":49,""character_coverage"":1.0},{""copyright"":""digimon"",""co_posts"":2,""character_coverage"":0.040816},{""copyright"":""my_little_pony"",""co_posts"":2,""character_coverage"":0.040816},{""copyright"":""my_little_pony:_friendship_is_magic"",""co_posts"":2,""character_coverage"":0.040816}]","","","PENDING",""
"I70-033260","bernadetta_von_varley_(winter)","4","Character","55","","","","","","","[{""copyright"":""fire_emblem"",""co_posts"":55,""character_coverage"":1.0},{""copyright"":""fire_emblem:_three_houses"",""co_posts"":55,""character_coverage"":1.0},{""copyright"":""fire_emblem_heroes"",""co_posts"":54,""character_coverage"":0.981818},{""copyright"":""fire_emblem_warriors:_three_hopes"",""co_posts"":4,""character_coverage"":0.072727},{""copyright"":""fire_emblem:_genealogy_of_the_holy_war"",""co_posts"":1,""character_coverage"":0.018182}]","","","PENDING",""
"I70-033261","birb_(niniidawns)","4","Character","55","","","","","","","[{""copyright"":""original"",""co_posts"":55,""character_coverage"":1.0}]","","","PENDING",""
"I70-033262","blossom_(ragnarok_online)","4","Character","55","","","","","テーリング","","[{""copyright"":""ragnarok_online"",""co_posts"":53,""character_coverage"":1.0},{""copyright"":""choo_choo_train"",""co_posts"":1,""character_coverage"":0.018868},{""copyright"":""galaxy_angel"",""co_posts"":1,""character_coverage"":0.018868},{""copyright"":""galaxy_angel_rune"",""co_posts"":1,""character_coverage"":0.018868},{""copyright"":""ragnarok_masters"",""co_posts"":1,""character_coverage"":0.018868}]","","","PENDING",""
"I70-033263","bo_peep_(toy_story)","4","Character","55","","","","","ボー・ピープ","","[{""copyright"":""toy_story"",""co_posts"":40,""character_coverage"":1.0},{""copyright"":""mickey_mouse_&_friends"",""co_posts"":6,""character_coverage"":0.15},{""copyright"":""disney"",""co_posts"":3,""character_coverage"":0.075},{""copyright"":""barbie_(franchise)"",""co_posts"":2,""character_coverage"":0.05},{""copyright"":""pirates_of_the_caribbean"",""co_posts"":2,""character_coverage"":0.05}]","","","PENDING",""
"I70-033264","bogatyr_(azur_lane)","4","Character","55","","","","","ボガトィーリ","","[{""copyright"":""azur_lane"",""co_posts"":52,""character_coverage"":1.0},{""copyright"":""azur_lane:_slow_ahead"",""co_posts"":6,""character_coverage"":0.115385},{""copyright"":""original"",""co_posts"":4,""character_coverage"":0.076923}]","","","PENDING",""
"I70-033265","bonnie_barkswell","4","Character","55","","","","","ボニー・バークスウェル","","[{""copyright"":""globie"",""co_posts"":31,""character_coverage"":0.704545},{""copyright"":""indie_virtual_youtuber"",""co_posts"":20,""character_coverage"":0.454545},{""copyright"":""2026_fifa_world_cup"",""co_posts"":2,""character_coverage"":0.045455},{""copyright"":""world_cup"",""co_posts"":2,""character_coverage"":0.045455},{""copyright"":""goddess_of_victory:_nikke"",""co_posts"":1,""character_coverage"":0.022727}]","","","PENDING",""
"I70-033266","bonobono_(character)","4","Character","55","","","","","ボノボノ（キャラクター）","","[{""copyright"":""bonobono"",""co_posts"":49,""character_coverage"":1.0},{""copyright"":""kantai_collection"",""co_posts"":8,""character_coverage"":0.163265},{""copyright"":""jojo_no_kimyou_na_bouken"",""co_posts"":7,""character_coverage"":0.142857},{""copyright"":""stardust_crusaders"",""co_posts"":6,""character_coverage"":0.122449},{""copyright"":""touhou"",""co_posts"":5,""character_coverage"":0.102041}]","","","PENDING",""
"I70-033267","boo_(monsters_inc.)","4","Character","55","","","","","ブー","","[{""copyright"":""monsters_inc."",""co_posts"":39,""character_coverage"":1.0},{""copyright"":""disney"",""co_posts"":3,""character_coverage"":0.076923},{""copyright"":""pokemon"",""co_posts"":3,""character_coverage"":0.076923},{""copyright"":""toy_story"",""co_posts"":3,""character_coverage"":0.076923},{""copyright"":""big_hero_6"",""co_posts"":2,""character_coverage"":0.051282}]","","","PENDING",""
"I70-033268","brioche_d'arquien","4","Character","55","","","","","Brioche D'Arquien","","[{""copyright"":""dog_days"",""co_posts"":44,""character_coverage"":1.0},{""copyright"":""infinite_stratos"",""co_posts"":2,""character_coverage"":0.045455},{""copyright"":""lyrical_nanoha"",""co_posts"":2,""character_coverage"":0.045455},{""copyright"":""mahou_shoujo_lyrical_nanoha"",""co_posts"":2,""character_coverage"":0.045455},{""copyright"":""mahou_shoujo_lyrical_nanoha_a's"",""co_posts"":2,""character_coverage"":0.045455}]","","","PENDING",""
"I70-033269","bronya_zaychik_(fleurs_du_mal)","4","Character","55","","","","","","","[{""copyright"":""honkai_(series)"",""co_posts"":53,""character_coverage"":1.0},{""copyright"":""honkai_impact_3rd"",""co_posts"":53,""character_coverage"":1.0},{""copyright"":""mihoyo"",""co_posts"":2,""character_coverage"":0.037736},{""copyright"":""honkai:_star_rail"",""co_posts"":1,""character_coverage"":0.018868}]","","","PENDING",""
"I70-033270","broom_hatter","4","Character","55","","","","","ブルームハッター","","[{""copyright"":""kirby_(series)"",""co_posts"":53,""character_coverage"":1.0},{""copyright"":""kirby_star_allies"",""co_posts"":16,""character_coverage"":0.301887},{""copyright"":""kirby's_dream_land"",""co_posts"":13,""character_coverage"":0.245283},{""copyright"":""kirby's_dream_land_3"",""co_posts"":12,""character_coverage"":0.226415},{""copyright"":""kirby_64"",""co_posts"":12,""character_coverage"":0.226415}]","","","PENDING",""
"I70-033271","brown_twintails_girl_(mdf_an)","4","Character","55","","","","","ブラウントゥイントールガール（MDF AN）","","[{""copyright"":""original"",""co_posts"":55,""character_coverage"":1.0}]","","","PENDING",""
"I70-033272","cacao_(lamune)","4","Character","55","","","","","カカオ","","[{""copyright"":""knight_lamune_&_40_(series)"",""co_posts"":54,""character_coverage"":1.0},{""copyright"":""vs_knight_lamune_&_40_fire"",""co_posts"":39,""character_coverage"":0.722222},{""copyright"":""gundam"",""co_posts"":3,""character_coverage"":0.055556},{""copyright"":""gundam_wing"",""co_posts"":3,""character_coverage"":0.055556},{""copyright"":""slayers"",""co_posts"":3,""character_coverage"":0.055556}]","","","PENDING",""
"I70-033273","cael_anselm_(godheim)","4","Character","55","","","","","","","[{""copyright"":""lovebrush_chronicles"",""co_posts"":53,""character_coverage"":1.0}]","","","PENDING",""
"I70-033274","calamaramon","4","Character","55","calmaramon","calmaramon","","","カルマーラモン","","[{""copyright"":""digimon"",""co_posts"":48,""character_coverage"":1.0},{""copyright"":""digimon_frontier"",""co_posts"":21,""character_coverage"":0.4375},{""copyright"":""digimon_card_game"",""co_posts"":3,""character_coverage"":0.0625},{""copyright"":""digimon_story:_time_stranger"",""co_posts"":2,""character_coverage"":0.041667},{""copyright"":""nijisanji"",""co_posts"":1,""character_coverage"":0.020833}]","","","PENDING",""
"I70-033275","chaser_(warship_girls_r)","4","Character","55","","","","","チェイサー","","[{""copyright"":""warship_girls_r"",""co_posts"":55,""character_coverage"":1.0},{""copyright"":""clover_theater"",""co_posts"":2,""character_coverage"":0.036364}]","","","PENDING",""
"I70-033276","chaucer_(some1else45)","4","Character","55","","","","","","","[{""copyright"":""original"",""co_posts"":54,""character_coverage"":0.981818},{""copyright"":""oomakase"",""co_posts"":51,""character_coverage"":0.927273},{""copyright"":""pokemon"",""co_posts"":2,""character_coverage"":0.036364},{""copyright"":""chainsaw_man"",""co_posts"":1,""character_coverage"":0.018182},{""copyright"":""crayon_shin-chan"",""co_posts"":1,""character_coverage"":0.018182}]","","","PENDING",""
"I70-033277","chelle_(dragalia_lost)","4","Character","55","","","","","シェス","","[{""copyright"":""dragalia_lost"",""co_posts"":43,""character_coverage"":0.977273},{""copyright"":"".hack//"",""co_posts"":1,""character_coverage"":0.022727},{""copyright"":"".hack//g.u."",""co_posts"":1,""character_coverage"":0.022727},{""copyright"":""aa_megami-sama"",""co_posts"":1,""character_coverage"":0.022727},{""copyright"":""ace_attorney"",""co_posts"":1,""character_coverage"":0.022727}]","","","PENDING",""
"I70-033278","cherbourg_(azur_lane)","4","Character","55","","","","","シェルブール(アズールレーン)","","[{""copyright"":""azur_lane"",""co_posts"":41,""character_coverage"":1.0}]","","","PENDING",""
"I70-033279","cheval_grand_(boc'z)_(umamusume)","4","Character","55","","","","","","","[{""copyright"":""umamusume"",""co_posts"":51,""character_coverage"":1.0},{""copyright"":""ace_attorney"",""co_posts"":1,""character_coverage"":0.019608},{""copyright"":""godzilla_(series)"",""co_posts"":1,""character_coverage"":0.019608},{""copyright"":""nhk_(broadcaster)"",""co_posts"":1,""character_coverage"":0.019608},{""copyright"":""real_life"",""co_posts"":1,""character_coverage"":0.019608}]","","","PENDING",""
"I70-033280","chicken_(kemono_friends)","4","Character","55","","","","","ニワトリ(けものフレンズ)","","[{""copyright"":""kemono_friends"",""co_posts"":54,""character_coverage"":1.0},{""copyright"":""kemono_friends_3"",""co_posts"":10,""character_coverage"":0.185185},{""copyright"":""kemono_friends_3:_planet_tours"",""co_posts"":2,""character_coverage"":0.037037},{""copyright"":""crunchyroll"",""co_posts"":1,""character_coverage"":0.018519},{""copyright"":""dragon_quest"",""co_posts"":1,""character_coverage"":0.018519}]","","","PENDING",""
"I70-033281","chillet","4","Character","55","","","","","オコチョ","","[{""copyright"":""palworld"",""co_posts"":52,""character_coverage"":1.0},{""copyright"":""pokemon"",""co_posts"":4,""character_coverage"":0.076923},{""copyright"":""original"",""co_posts"":1,""character_coverage"":0.019231},{""copyright"":""pokemon_(anime)"",""co_posts"":1,""character_coverage"":0.019231},{""copyright"":""pokemon_(classic_anime)"",""co_posts"":1,""character_coverage"":0.019231}]","","","PENDING",""
"I70-033282","chitose_haruki","4","Character","55","","","","","千歳春樹","","[{""copyright"":""tenshinranman"",""co_posts"":54,""character_coverage"":1.0},{""copyright"":""empty_x_embryo"",""co_posts"":1,""character_coverage"":0.018519},{""copyright"":""yuzusoft"",""co_posts"":1,""character_coverage"":0.018519}]","","","PENDING",""
"I70-033283","cikapasi","4","Character","55","","","","","","","[{""copyright"":""golden_kamuy"",""co_posts"":55,""character_coverage"":1.0},{""copyright"":""instagram"",""co_posts"":1,""character_coverage"":0.018182},{""copyright"":""touken_ranbu"",""co_posts"":1,""character_coverage"":0.018182}]","","","PENDING",""
"I70-033284","clevelad_(azur_lane)","4","Character","55","little_cleveland_(azur_lane)","little cleveland (azur lane)","","","リトル・クリーブランド(アズールレーン)","","[{""copyright"":""azur_lane"",""co_posts"":54,""character_coverage"":1.0},{""copyright"":""carnival_phantasm"",""co_posts"":1,""character_coverage"":0.018519},{""copyright"":""comiket_105"",""co_posts"":1,""character_coverage"":0.018519},{""copyright"":""hololive"",""co_posts"":1,""character_coverage"":0.018519},{""copyright"":""kizuna_ai_inc."",""co_posts"":1,""character_coverage"":0.018519}]","","","PENDING",""
"I70-033285","cliff_fittir","4","Character","55","","","","","クリフ・フィッター","","[{""copyright"":""star_ocean"",""co_posts"":44,""character_coverage"":1.0},{""copyright"":""star_ocean:_till_the_end_of_time"",""co_posts"":44,""character_coverage"":1.0},{""copyright"":""star_ocean:_anamnesis"",""co_posts"":10,""character_coverage"":0.227273},{""copyright"":""star_ocean:_first_departure"",""co_posts"":3,""character_coverage"":0.068182},{""copyright"":""star_ocean:_integrity_and_faithlessness"",""co_posts"":2,""character_coverage"":0.045455}]","","","PENDING",""
"I70-033286","close_(digimon)","4","Character","55","","","","","クローズ","","[{""copyright"":""digimon"",""co_posts"":47,""character_coverage"":1.0},{""copyright"":""digimon_liberator"",""co_posts"":46,""character_coverage"":0.978723},{""copyright"":""digimon_card_game"",""co_posts"":39,""character_coverage"":0.829787}]","","","PENDING",""
"I70-033287","coat_guy_(no_i'm_not_a_human)","4","Character","55","","","","","","","[{""copyright"":""no_i'm_not_a_human"",""co_posts"":55,""character_coverage"":1.0},{""copyright"":""buckshot_roulette"",""co_posts"":1,""character_coverage"":0.018182},{""copyright"":""eizouken_ni_wa_te_wo_dasu_na!"",""co_posts"":1,""character_coverage"":0.018182}]","","","PENDING",""
"I70-033288","commander_shepard_(male)","4","Character","55","","","","","シェパード司令官（男性）","","[{""copyright"":""mass_effect_(series)"",""co_posts"":33,""character_coverage"":1.0},{""copyright"":""mass_effect_2"",""co_posts"":9,""character_coverage"":0.272727},{""copyright"":""mass_effect_1"",""co_posts"":8,""character_coverage"":0.242424},{""copyright"":""halo_(series)"",""co_posts"":7,""character_coverage"":0.212121},{""copyright"":""mass_effect_3"",""co_posts"":7,""character_coverage"":0.212121}]","","","PENDING",""
"I70-033289","commerson's_dolphin_(kemono_friends)","4","Character","55","","","","","イロワケイルカ(けものフレンズ)","","[{""copyright"":""kemono_friends"",""co_posts"":54,""character_coverage"":1.0},{""copyright"":""kemono_friends_3"",""co_posts"":7,""character_coverage"":0.12963},{""copyright"":""kemono_friends_3:_planet_tours"",""co_posts"":1,""character_coverage"":0.018519}]","","","PENDING",""
"I70-033290","concord_(azur_lane)","4","Character","55","","","","","コンコード","","[{""copyright"":""azur_lane"",""co_posts"":55,""character_coverage"":1.0},{""copyright"":""azur_lane:_slow_ahead"",""co_posts"":3,""character_coverage"":0.054545}]","","","PENDING",""
"I70-033291","coyote_starrk","4","Character","55","coyote_stark","coyote stark","","","コヨーテ・スターク","","[{""copyright"":""bleach"",""co_posts"":43,""character_coverage"":1.0},{""copyright"":""bleach:_sennen_kessen-hen"",""co_posts"":3,""character_coverage"":0.069767},{""copyright"":""bleach:_the_high_school_warfare"",""co_posts"":2,""character_coverage"":0.046512},{""copyright"":""bleach:_brave_souls"",""co_posts"":1,""character_coverage"":0.023256},{""copyright"":""bleach:_zanpakutou_ibun_hen"",""co_posts"":1,""character_coverage"":0.023256}]","","","PENDING",""
"I70-033292","crossbow_hybrid_(chainsaw_man)","4","Character","55","crossbow_devil_(chainsaw_man)","crossbow devil (chainsaw man)","","","弩箭恶魔","","[]","","","PENDING",""
"I70-033293","cure_flower","4","Character","55","","","","","キュアフラワー","","[{""copyright"":""heartcatch_precure!"",""co_posts"":54,""character_coverage"":1.0},{""copyright"":""precure"",""co_posts"":54,""character_coverage"":1.0},{""copyright"":""fresh_precure!"",""co_posts"":18,""character_coverage"":0.333333},{""copyright"":""yes!_precure_5"",""co_posts"":18,""character_coverage"":0.333333},{""copyright"":""futari_wa_precure_splash_star"",""co_posts"":17,""character_coverage"":0.314815}]","","","PENDING",""
"I70-033294","current_nadeko","4","Character","55","present_nadeko","present nadeko","","","","","[{""copyright"":""monogatari_(series)"",""co_posts"":47,""character_coverage"":1.0},{""copyright"":""nademonogatari"",""co_posts"":36,""character_coverage"":0.765957},{""copyright"":""bakemonogatari"",""co_posts"":9,""character_coverage"":0.191489},{""copyright"":""otorimonogatari"",""co_posts"":5,""character_coverage"":0.106383},{""copyright"":""koimonogatari"",""co_posts"":2,""character_coverage"":0.042553}]","","","PENDING",""
"I70-033295","daitokuji_biko","4","Character","55","","","","","大徳寺美子","","[{""copyright"":""project_a-ko"",""co_posts"":51,""character_coverage"":1.0},{""copyright"":""kill_la_kill"",""co_posts"":2,""character_coverage"":0.039216},{""copyright"":""3x3_eyes"",""co_posts"":1,""character_coverage"":0.019608},{""copyright"":""aa_megami-sama"",""co_posts"":1,""character_coverage"":0.019608},{""copyright"":""after_war_gundam_x"",""co_posts"":1,""character_coverage"":0.019608}]","","","PENDING",""
"I70-033296","danny_lee","4","Character","55","","","","","ダニー・リー","","[{""copyright"":""gachimuchi"",""co_posts"":49,""character_coverage"":0.98},{""copyright"":""original"",""co_posts"":9,""character_coverage"":0.18},{""copyright"":""touhou"",""co_posts"":9,""character_coverage"":0.18},{""copyright"":""rozen_maiden"",""co_posts"":6,""character_coverage"":0.12},{""copyright"":""junk_gaming_maiden"",""co_posts"":4,""character_coverage"":0.08}]","","","PENDING",""
"I70-033297","denji_man_(chainsaw_man)","4","Character","55","","","","","","","[{""copyright"":""chainsaw_man"",""co_posts"":52,""character_coverage"":1.0},{""copyright"":""jujutsu_kaisen"",""co_posts"":3,""character_coverage"":0.057692},{""copyright"":""absolute_batman"",""co_posts"":2,""character_coverage"":0.038462},{""copyright"":""absolute_dc"",""co_posts"":2,""character_coverage"":0.038462},{""copyright"":""dc_comics"",""co_posts"":2,""character_coverage"":0.038462}]","","","PENDING",""
"I70-033298","dolly_(toaru_kagaku_no_railgun)","4","Character","55","dolly_(to_aru_kagaku_no_railgun)","dolly (to aru kagaku no railgun)","","","ドリー(とある科学の超電磁砲)","","[{""copyright"":""toaru_kagaku_no_railgun"",""co_posts"":52,""character_coverage"":1.0},{""copyright"":""toaru_majutsu_no_index"",""co_posts"":52,""character_coverage"":1.0},{""copyright"":""toaru_kagaku_no_railgun_t"",""co_posts"":48,""character_coverage"":0.923077},{""copyright"":""toaru_majutsu_no_index:_new_testament"",""co_posts"":7,""character_coverage"":0.134615},{""copyright"":""toaru_kagaku_no_railgun_s"",""co_posts"":4,""character_coverage"":0.076923}]","","","PENDING",""
"I70-033299","donnel_(fire_emblem)","4","Character","55","donny_(fire_emblem)","donny (fire emblem)","","","ドニ","","[{""copyright"":""fire_emblem"",""co_posts"":51,""character_coverage"":1.0},{""copyright"":""fire_emblem_awakening"",""co_posts"":51,""character_coverage"":1.0},{""copyright"":""fire_emblem_heroes"",""co_posts"":21,""character_coverage"":0.411765},{""copyright"":""fire_emblem:_mystery_of_the_emblem"",""co_posts"":9,""character_coverage"":0.176471},{""copyright"":""fire_emblem:_three_houses"",""co_posts"":7,""character_coverage"":0.137255}]","","","PENDING",""
"I70-033300","doreking","4","Character","55","","","","","ドレキング","","[]","","","PENDING",""
"I70-033301","dorothy_(fire_emblem)","4","Character","55","","","","","ドロシー(封印の剣)","","[{""copyright"":""fire_emblem"",""co_posts"":51,""character_coverage"":1.0},{""copyright"":""fire_emblem:_the_binding_blade"",""co_posts"":51,""character_coverage"":1.0},{""copyright"":""fire_emblem_heroes"",""co_posts"":9,""character_coverage"":0.176471},{""copyright"":""fire_emblem:_the_blazing_blade"",""co_posts"":4,""character_coverage"":0.078431},{""copyright"":""fire_emblem_engage"",""co_posts"":4,""character_coverage"":0.078431}]","","","PENDING",""
"I70-033302","duguay-trouin_(azur_lane)","4","Character","55","","","","","デュゲイ・トルーアン","","[{""copyright"":""azur_lane"",""co_posts"":54,""character_coverage"":1.0}]","","","PENDING",""
"I70-033303","dummy_(undertale)","4","Character","55","","","","","","","[{""copyright"":""utdr_(toby_fox)"",""co_posts"":38,""character_coverage"":1.0},{""copyright"":""deltarune"",""co_posts"":22,""character_coverage"":0.578947},{""copyright"":""undertale"",""co_posts"":19,""character_coverage"":0.5},{""copyright"":""vocaloid"",""co_posts"":2,""character_coverage"":0.052632},{""copyright"":""ganbare!_nakamura-kun!!"",""co_posts"":1,""character_coverage"":0.026316}]","","","PENDING",""
"I70-033304","dusk_of_oolacile","4","Character","55","","","","","Oolacileの夕暮れ","","[{""copyright"":""dark_souls_(series)"",""co_posts"":53,""character_coverage"":1.0},{""copyright"":""dark_souls_i"",""co_posts"":52,""character_coverage"":0.981132},{""copyright"":""dark_souls_iii"",""co_posts"":1,""character_coverage"":0.018868},{""copyright"":""neon_genesis_evangelion"",""co_posts"":1,""character_coverage"":0.018868},{""copyright"":""ophelia_(painting)"",""co_posts"":1,""character_coverage"":0.018868}]","","","PENDING",""
"I70-033305","eika_(strinova)","4","Character","55","aika_(strinova),aika_(calabiyau)","aika (calabiyau) | aika (strinova)","","","艾卡","","[{""copyright"":""strinova"",""co_posts"":49,""character_coverage"":1.0}]","","","PENDING",""
"I70-033306","eita_(koi_to_senrigan_to_aonisai)","4","Character","55","","","","","英太(恋と千里眼と青二才)","","[{""copyright"":""koi_to_senrigan_to_aonisai"",""co_posts"":55,""character_coverage"":1.0}]","","","PENDING",""
"I70-033307","el_xox","4","Character","55","","","","","","","[{""copyright"":""indie_virtual_youtuber"",""co_posts"":45,""character_coverage"":1.0},{""copyright"":""eien_project"",""co_posts"":1,""character_coverage"":0.022222},{""copyright"":""vshojo"",""co_posts"":1,""character_coverage"":0.022222}]","","","PENDING",""
"I70-033308","eldridge_(the_inquisitive_recluse)_(azur_lane)","4","Character","55","eldridge_(mystery_of_the_empty_classroom)_(azur_lane)","eldridge (mystery of the empty classroom) (azur lane)","","","空き教室の不思議","","[{""copyright"":""azur_lane"",""co_posts"":55,""character_coverage"":1.0}]","","","PENDING",""
"I70-033309","eleanor_(justadrian)","4","Character","55","","","","","","","[{""copyright"":""original"",""co_posts"":53,""character_coverage"":1.0},{""copyright"":""go!_go!_gris!"",""co_posts"":4,""character_coverage"":0.075472},{""copyright"":""neon_genesis_evangelion"",""co_posts"":1,""character_coverage"":0.018868},{""copyright"":""noss_&_zakuro"",""co_posts"":1,""character_coverage"":0.018868}]","","","PENDING",""
"I70-033310","electra_(nadia)","4","Character","55","","","","","エレクトラ","","[{""copyright"":""fushigi_no_umi_no_nadia"",""co_posts"":50,""character_coverage"":1.0},{""copyright"":""gainax"",""co_posts"":6,""character_coverage"":0.12},{""copyright"":""neon_genesis_evangelion"",""co_posts"":6,""character_coverage"":0.12},{""copyright"":""daicon"",""co_posts"":4,""character_coverage"":0.08},{""copyright"":""daicon_iv"",""co_posts"":4,""character_coverage"":0.08}]","","","PENDING",""
"I70-033311","ellie_(charon_universe)","4","Character","55","","","","","","","[{""copyright"":""charon_universe"",""co_posts"":55,""character_coverage"":1.0},{""copyright"":""pokemon"",""co_posts"":1,""character_coverage"":0.018182}]","","","PENDING",""
"I70-033312","elliot_(par0llel)","4","Character","55","","","","","","","[{""copyright"":""original"",""co_posts"":53,""character_coverage"":1.0}]","","","PENDING",""
"I70-033313","eloise_(the_atko)","4","Character","55","","","","","","","[{""copyright"":""original"",""co_posts"":47,""character_coverage"":1.0},{""copyright"":""indie_virtual_youtuber"",""co_posts"":1,""character_coverage"":0.021277},{""copyright"":""mahou_shoujo_ni_akogarete"",""co_posts"":1,""character_coverage"":0.021277},{""copyright"":""phase_connect"",""co_posts"":1,""character_coverage"":0.021277},{""copyright"":""vershion"",""co_posts"":1,""character_coverage"":0.021277}]","","","PENDING",""
"I70-033314","eno_konoe","4","Character","55","","","","","木乃恵","","[{""copyright"":""original"",""co_posts"":54,""character_coverage"":1.0}]","","","PENDING",""
"I70-033315","enya_(junkzero)","4","Character","55","enya_(gomulgong)","enya (gomulgong)","","","","","[{""copyright"":""original"",""co_posts"":51,""character_coverage"":1.0},{""copyright"":""guardians_of_the_galaxy"",""co_posts"":1,""character_coverage"":0.019608},{""copyright"":""marvel"",""co_posts"":1,""character_coverage"":0.019608}]","","","PENDING",""
"I70-033316","epis","4","Character","55","","","","","エピス","","[{""copyright"":""king's_raid"",""co_posts"":39,""character_coverage"":1.0}]","","","PENDING",""
"I70-033317","erika_(kusa_mori)","4","Character","55","","","","","","","[{""copyright"":""original"",""co_posts"":49,""character_coverage"":1.0}]","","","PENDING",""
"I70-033318","ermengarde_(arknights)","4","Character","55","","","","","エルマンガルド(アークナイツ)","","[{""copyright"":""arknights"",""co_posts"":54,""character_coverage"":1.0},{""copyright"":""ambience_synesthesia"",""co_posts"":1,""character_coverage"":0.018519},{""copyright"":""doraemon"",""co_posts"":1,""character_coverage"":0.018519}]","","","PENDING",""
"I70-033319","ex_(original)_(grimms_notes)","4","Character","55","","","","","エクス(グリムノーツ)","","[{""copyright"":""grimms_notes"",""co_posts"":54,""character_coverage"":1.0},{""copyright"":""grimms_notes_gakuen"",""co_posts"":2,""character_coverage"":0.037037},{""copyright"":""grimms_notes_the_animation"",""co_posts"":1,""character_coverage"":0.018519},{""copyright"":""square_enix"",""co_posts"":1,""character_coverage"":0.018519}]","","","PENDING",""
"I70-033320","examon","4","Character","55","","","","","エグザモン","","[{""copyright"":""digimon"",""co_posts"":44,""character_coverage"":1.0},{""copyright"":""digimon_card_game"",""co_posts"":12,""character_coverage"":0.272727},{""copyright"":""digimon_story:_cyber_sleuth"",""co_posts"":9,""character_coverage"":0.204545},{""copyright"":""digimon_adventure"",""co_posts"":3,""character_coverage"":0.068182},{""copyright"":""digimon_adventure_02"",""co_posts"":3,""character_coverage"":0.068182}]","","","PENDING",""
"I70-033321","excel_(excel_saga)","4","Character","55","","","","","エクセル","","[]","","","PENDING",""
"I70-033322","exs-slave_alpha","4","Character","55","","","","","黒翼隷姫エクスレイヴ-α","","[{""copyright"":""kouyoku_senki_exs-tia"",""co_posts"":50,""character_coverage"":1.0}]","","","PENDING",""
"I70-033323","fam_fan_fan","4","Character","55","","","","","ファム・ファン・ファン","","[{""copyright"":""last_exile:_gin'yoku_no_fam"",""co_posts"":52,""character_coverage"":0.981132},{""copyright"":""last_exile"",""co_posts"":49,""character_coverage"":0.924528},{""copyright"":""k-on!"",""co_posts"":3,""character_coverage"":0.056604},{""copyright"":""ano_hi_mita_hana_no_namae_wo_bokutachi_wa_mada_shiranai."",""co_posts"":2,""character_coverage"":0.037736},{""copyright"":""hyakka_ryouran_samurai_girls"",""co_posts"":2,""character_coverage"":0.037736}]","","","PENDING",""
"I70-033324","farina_(fire_emblem)","4","Character","55","","","","","ファリーナ（火の紋章）","","[{""copyright"":""fire_emblem"",""co_posts"":50,""character_coverage"":1.0},{""copyright"":""fire_emblem:_the_blazing_blade"",""co_posts"":50,""character_coverage"":1.0},{""copyright"":""fire_emblem_heroes"",""co_posts"":10,""character_coverage"":0.2},{""copyright"":""fire_emblem:_the_binding_blade"",""co_posts"":4,""character_coverage"":0.08},{""copyright"":""fire_emblem_cipher"",""co_posts"":4,""character_coverage"":0.08}]","","","PENDING",""
"I70-033325","fatui_pyro_agent_(genshin_impact)","4","Character","55","","","","","Fatui Pyroエージェント（Genshin Impact）","","[{""copyright"":""genshin_impact"",""co_posts"":51,""character_coverage"":1.0},{""copyright"":""jojo_no_kimyou_na_bouken"",""co_posts"":1,""character_coverage"":0.019608},{""copyright"":""oshi_no_ko"",""co_posts"":1,""character_coverage"":0.019608}]","","","PENDING",""
"I70-033326","feifei_(fkey)","4","Character","55","","","","","Feifei（fkey）","","[{""copyright"":""original"",""co_posts"":55,""character_coverage"":1.0}]","","","PENDING",""
"I70-033327","felix_(golden_sun)","4","Character","55","garcia_(golden_sun)","garcia (golden sun)","","","ガルシア","","[{""copyright"":""golden_sun"",""co_posts"":49,""character_coverage"":1.0},{""copyright"":""tales_of_(series)"",""co_posts"":1,""character_coverage"":0.020408},{""copyright"":""tales_of_vesperia"",""co_posts"":1,""character_coverage"":0.020408}]","","","PENDING",""
"I70-033328","female_eshmel_(fire_emblem)","4","Character","55","","","","","","","[{""copyright"":""fire_emblem"",""co_posts"":10,""character_coverage"":1.0},{""copyright"":""fire_emblem:_fortune's_weave"",""co_posts"":10,""character_coverage"":1.0},{""copyright"":""fire_emblem:_three_houses"",""co_posts"":4,""character_coverage"":0.4},{""copyright"":""fire_emblem_warriors:_three_hopes"",""co_posts"":1,""character_coverage"":0.1}]","","","PENDING",""
"I70-033329","fenrir_(housamo)","4","Character","55","fenrir_(tokyo_houkago_summoners)","fenrir (tokyo houkago summoners)","","","フェンリル","","[{""copyright"":""tokyo_afterschool_summoners"",""co_posts"":51,""character_coverage"":1.0},{""copyright"":""original"",""co_posts"":2,""character_coverage"":0.039216},{""copyright"":""another_eidos-r"",""co_posts"":1,""character_coverage"":0.019608},{""copyright"":""arknights"",""co_posts"":1,""character_coverage"":0.019608},{""copyright"":""darius_(series)"",""co_posts"":1,""character_coverage"":0.019608}]","","","PENDING",""
"I70-033330","feru_(tonsuki)","4","Character","55","","","","","","","[{""copyright"":""tondemo_skill_de_isekai_hourou_meshi"",""co_posts"":53,""character_coverage"":1.0},{""copyright"":""bakemono_no_ko"",""co_posts"":1,""character_coverage"":0.018868},{""copyright"":""dungeon_meshi"",""co_posts"":1,""character_coverage"":0.018868},{""copyright"":""hololive"",""co_posts"":1,""character_coverage"":0.018868},{""copyright"":""kellogg's"",""co_posts"":1,""character_coverage"":0.018868}]","","","PENDING",""
"I70-033331","fire_mario","4","Character","55","","","","","ファイアマリオ","","[{""copyright"":""mario_(series)"",""co_posts"":51,""character_coverage"":1.0},{""copyright"":""super_mario_bros._1"",""co_posts"":15,""character_coverage"":0.294118},{""copyright"":""super_mario_bros._3"",""co_posts"":14,""character_coverage"":0.27451},{""copyright"":""super_mario_galaxy"",""co_posts"":10,""character_coverage"":0.196078},{""copyright"":""super_mario_64"",""co_posts"":9,""character_coverage"":0.176471}]","","","PENDING",""
"I70-033332","flambae_(dispatch)","4","Character","55","","","","","","","[{""copyright"":""dispatch"",""co_posts"":55,""character_coverage"":1.0},{""copyright"":""disco_elysium"",""co_posts"":1,""character_coverage"":0.018182}]","","","PENDING",""
"I70-033333","fleur_(personal_ami)","4","Character","55","","","","","fleur（個人的なami）","","[{""copyright"":""original"",""co_posts"":55,""character_coverage"":1.0}]","","","PENDING",""
"I70-033334","fox_girl_(mdf_an)","4","Character","55","","","","","フォックスガール（MDF AN）","","[{""copyright"":""original"",""co_posts"":55,""character_coverage"":1.0}]","","","PENDING",""
"I70-033335","fream_(vtuber)","4","Character","55","","","","","","","[{""copyright"":""indie_virtual_youtuber"",""co_posts"":50,""character_coverage"":1.0},{""copyright"":""among_us"",""co_posts"":1,""character_coverage"":0.02},{""copyright"":""azur_lane"",""co_posts"":1,""character_coverage"":0.02},{""copyright"":""gamer_supps"",""co_posts"":1,""character_coverage"":0.02},{""copyright"":""mountain_dew"",""co_posts"":1,""character_coverage"":0.02}]","","","PENDING",""
"I70-033336","freddie_mercury","4","Character","55","","","","","フレディ・マーキュリー","","[{""copyright"":""queen_(band)"",""co_posts"":40,""character_coverage"":0.689655},{""copyright"":""sakigake!!_cromartie_koukou"",""co_posts"":10,""character_coverage"":0.172414},{""copyright"":""bohemian_rhapsody"",""co_posts"":7,""character_coverage"":0.12069},{""copyright"":""gundam"",""co_posts"":7,""character_coverage"":0.12069},{""copyright"":""kantai_collection"",""co_posts"":7,""character_coverage"":0.12069}]","","","PENDING",""
"I70-033337","froze_(funamusea)","4","Character","55","froze_(haiiro_teien)","froze (haiiro teien)","","","フローズ","","[{""copyright"":""funamusea"",""co_posts"":51,""character_coverage"":1.0},{""copyright"":""haiiro_teien"",""co_posts"":51,""character_coverage"":1.0},{""copyright"":""oounabara_to_wadanohara"",""co_posts"":3,""character_coverage"":0.058824},{""copyright"":""mogeko_castle"",""co_posts"":2,""character_coverage"":0.039216},{""copyright"":""sutare_yume"",""co_posts"":2,""character_coverage"":0.039216}]","","","PENDING",""
"I70-033338","fuha_mika_(akagi_asahito)","4","Character","55","fuha_mika","fuha mika","","","フハミカ","","[{""copyright"":""original"",""co_posts"":54,""character_coverage"":0.981818},{""copyright"":""comiket_99"",""co_posts"":1,""character_coverage"":0.018182}]","","","PENDING",""
"I70-033339","fujimaru_ritsuka_(female)_(teal_uniform)","4","Character","55","","","","","","","[{""copyright"":""fate/grand_order"",""co_posts"":55,""character_coverage"":1.0},{""copyright"":""fate_(series)"",""co_posts"":55,""character_coverage"":1.0},{""copyright"":""hakuouki_shinsengumi_kitan"",""co_posts"":1,""character_coverage"":0.018182}]","","","PENDING",""
"I70-033340","furen_e_lustario_(4th_costume)","4","Character","55","","","","","フレン・E・ルスタリオ(冬服)","","[{""copyright"":""nijisanji"",""co_posts"":54,""character_coverage"":1.0},{""copyright"":""mario_(series)"",""co_posts"":2,""character_coverage"":0.037037},{""copyright"":""ace_attorney"",""co_posts"":1,""character_coverage"":0.018519},{""copyright"":""comiket_105"",""co_posts"":1,""character_coverage"":0.018519},{""copyright"":""duel_masters"",""co_posts"":1,""character_coverage"":0.018519}]","","","PENDING",""
"I70-033341","furen_e_lustario_(7th_costume)","4","Character","55","","","","","フレン・E・ルスタリオ(チャイナ)","","[{""copyright"":""nijisanji"",""co_posts"":54,""character_coverage"":1.0},{""copyright"":""sana_channel"",""co_posts"":1,""character_coverage"":0.018519}]","","","PENDING",""
"I70-033342","furuya_jun","4","Character","55","","","","","古屋純","","[{""copyright"":""tsurezure_children"",""co_posts"":55,""character_coverage"":1.0}]","","","PENDING",""
"I70-033343","futaba_lili_ramses","4","Character","55","","","","","双葉・リリー・ラムセス","","[{""copyright"":""tentacle_and_witches"",""co_posts"":39,""character_coverage"":0.886364},{""copyright"":""taimanin_(series)"",""co_posts"":19,""character_coverage"":0.431818},{""copyright"":""taimanin_rpgx"",""co_posts"":10,""character_coverage"":0.227273},{""copyright"":""little_witch_nobeta"",""co_posts"":6,""character_coverage"":0.136364},{""copyright"":""taimanin_yukikaze"",""co_posts"":5,""character_coverage"":0.113636}]","","","PENDING",""
"I70-033344","fuwawa_abyssgard_(holonatsu_paradise)","4","Character","55","","","","","","","[{""copyright"":""hololive"",""co_posts"":52,""character_coverage"":1.0},{""copyright"":""hololive_english"",""co_posts"":52,""character_coverage"":1.0},{""copyright"":""t.m.revolution"",""co_posts"":1,""character_coverage"":0.019231}]","","","PENDING",""
"I70-033345","gagaga_magician","4","Character","55","","","","","ガガガマジシャン","","[{""copyright"":""yu-gi-oh!"",""co_posts"":52,""character_coverage"":1.0},{""copyright"":""yu-gi-oh!_zexal"",""co_posts"":20,""character_coverage"":0.384615},{""copyright"":""yu-gi-oh!_master_duel"",""co_posts"":2,""character_coverage"":0.038462},{""copyright"":""umamusume"",""co_posts"":1,""character_coverage"":0.019231}]","","","PENDING",""
"I70-033346","galaco_(neo)","4","Character","55","","","","","ギャラ子","","[{""copyright"":""vocaloid"",""co_posts"":53,""character_coverage"":1.0},{""copyright"":""voiceroid"",""co_posts"":12,""character_coverage"":0.226415},{""copyright"":""cevio"",""co_posts"":8,""character_coverage"":0.150943},{""copyright"":""utau"",""co_posts"":6,""character_coverage"":0.113208},{""copyright"":""gynoid_talk"",""co_posts"":5,""character_coverage"":0.09434}]","","","PENDING",""
"I70-033347","gareth_(swimsuit_saber)_(first_ascension)_(fate)","4","Character","55","","","","","ガレス(水着)","","[{""copyright"":""fate/grand_order"",""co_posts"":49,""character_coverage"":1.0},{""copyright"":""fate_(series)"",""co_posts"":49,""character_coverage"":1.0},{""copyright"":""fate/grand_order_arcade"",""co_posts"":1,""character_coverage"":0.020408}]","","","PENDING",""
"I70-033348","georgie_denbrough","4","Character","55","","","","","","","[{""copyright"":""it_(stephen_king)"",""co_posts"":54,""character_coverage"":1.0},{""copyright"":""touhou"",""co_posts"":6,""character_coverage"":0.111111},{""copyright"":""fate_(series)"",""co_posts"":4,""character_coverage"":0.074074},{""copyright"":""marvel"",""co_posts"":4,""character_coverage"":0.074074},{""copyright"":""spider-man_(series)"",""co_posts"":4,""character_coverage"":0.074074}]","","","PENDING",""
"I70-033349","gilbird","4","Character","55","","","","","","","[{""copyright"":""axis_powers_hetalia"",""co_posts"":54,""character_coverage"":1.0},{""copyright"":""hello_kitty"",""co_posts"":2,""character_coverage"":0.037037},{""copyright"":""sanrio"",""co_posts"":2,""character_coverage"":0.037037},{""copyright"":""bishoujo_senshi_sailor_moon"",""co_posts"":1,""character_coverage"":0.018519},{""copyright"":""bishoujo_senshi_sailor_moon_supers"",""co_posts"":1,""character_coverage"":0.018519}]","","","PENDING",""
"I70-033350","ginjo_saine","4","Character","55","","","","","銀城サイネ","","[{""copyright"":""vspo!"",""co_posts"":43,""character_coverage"":1.0},{""copyright"":""hololive"",""co_posts"":1,""character_coverage"":0.023256},{""copyright"":""nanashi_inc."",""co_posts"":1,""character_coverage"":0.023256}]","","","PENDING",""
"I70-033351","giselle_collette_vingt","4","Character","55","","","","","ジゼル・コレット","","[{""copyright"":""last_exile:_gin'yoku_no_fam"",""co_posts"":53,""character_coverage"":0.981481},{""copyright"":""last_exile"",""co_posts"":49,""character_coverage"":0.907407},{""copyright"":""bakemonogatari"",""co_posts"":1,""character_coverage"":0.018519},{""copyright"":""denpa_onna_to_seishun_otoko"",""co_posts"":1,""character_coverage"":0.018519},{""copyright"":""koihime_musou"",""co_posts"":1,""character_coverage"":0.018519}]","","","PENDING",""
"I70-033352","goblin_(ragnarok_online)","4","Character","55","","","","","","","[{""copyright"":""ragnarok_online"",""co_posts"":54,""character_coverage"":1.0},{""copyright"":""comiket_96"",""co_posts"":1,""character_coverage"":0.018519},{""copyright"":""goblin_slayer!"",""co_posts"":1,""character_coverage"":0.018519},{""copyright"":""ragnarok_origin"",""co_posts"":1,""character_coverage"":0.018519}]","","","PENDING",""
"I70-033353","gogo_(ff6)","4","Character","55","","","","","ゴゴ","","[{""copyright"":""final_fantasy"",""co_posts"":51,""character_coverage"":1.0},{""copyright"":""final_fantasy_vi"",""co_posts"":51,""character_coverage"":1.0},{""copyright"":""final_fantasy_v"",""co_posts"":3,""character_coverage"":0.058824},{""copyright"":""dissidia_final_fantasy"",""co_posts"":2,""character_coverage"":0.039216},{""copyright"":""final_fantasy_iv"",""co_posts"":2,""character_coverage"":0.039216}]","","","PENDING",""
"I70-033354","goha_yuuna","4","Character","55","","","","","ゴーハ・ユウナ","","[{""copyright"":""yu-gi-oh!"",""co_posts"":54,""character_coverage"":1.0},{""copyright"":""yu-gi-oh!_go_rush!!"",""co_posts"":53,""character_coverage"":0.981481},{""copyright"":""yu-gi-oh!_sevens"",""co_posts"":2,""character_coverage"":0.037037},{""copyright"":""yu-gi-oh!_rush_duel"",""co_posts"":1,""character_coverage"":0.018519}]","","","PENDING",""
"I70-033355","gotou_kiichi","4","Character","55","","","","","ゴトウキチ","","[{""copyright"":""kidou_keisatsu_patlabor"",""co_posts"":46,""character_coverage"":0.884615},{""copyright"":""kantai_collection"",""co_posts"":13,""character_coverage"":0.25},{""copyright"":""gundam"",""co_posts"":3,""character_coverage"":0.057692},{""copyright"":""cowboy_bebop"",""co_posts"":2,""character_coverage"":0.038462},{""copyright"":""mobile_suit_gundam"",""co_posts"":2,""character_coverage"":0.038462}]","","","PENDING",""
"I70-033356","gotou_yuuko","4","Character","55","","","","","後藤邑子","","[{""copyright"":""suzumiya_haruhi_no_yuuutsu"",""co_posts"":20,""character_coverage"":0.465116},{""copyright"":""lucky_star"",""co_posts"":15,""character_coverage"":0.348837},{""copyright"":""code_geass"",""co_posts"":6,""character_coverage"":0.139535},{""copyright"":""mahou_shoujo_madoka_magica"",""co_posts"":5,""character_coverage"":0.116279},{""copyright"":""mahou_shoujo_madoka_magica_(anime)"",""co_posts"":5,""character_coverage"":0.116279}]","","","PENDING",""
"I70-033357","gouden_leeuw_(an_intimate_cleaning)_(azur_lane)","4","Character","55","","","","","慈愛の清め合いっこ","","[{""copyright"":""azur_lane"",""co_posts"":52,""character_coverage"":1.0},{""copyright"":""yostar"",""co_posts"":1,""character_coverage"":0.019231}]","","","PENDING",""
"I70-033358","grainne_(fate)","4","Character","55","grainne","grainne","","","グラニア","","[{""copyright"":""fate/zero"",""co_posts"":54,""character_coverage"":1.0},{""copyright"":""fate_(series)"",""co_posts"":54,""character_coverage"":1.0},{""copyright"":""fate/stay_night"",""co_posts"":3,""character_coverage"":0.055556},{""copyright"":""fate/strange_fake"",""co_posts"":2,""character_coverage"":0.037037},{""copyright"":""apple_inc."",""co_posts"":1,""character_coverage"":0.018519}]","","","PENDING",""
"I70-033359","grand_caster_(fate)","4","Character","55","","","","","","","[{""copyright"":""fate/grand_order"",""co_posts"":50,""character_coverage"":1.0},{""copyright"":""fate_(series)"",""co_posts"":50,""character_coverage"":1.0},{""copyright"":""fate/apocrypha"",""co_posts"":2,""character_coverage"":0.04},{""copyright"":""fate/extella"",""co_posts"":2,""character_coverage"":0.04},{""copyright"":""fate/extra"",""co_posts"":2,""character_coverage"":0.04}]","","","PENDING",""
"I70-033360","grapple_pilot_(titanfall_2)","4","Character","55","","","","","グラップルパイロット（タイタンフォール2）","","[{""copyright"":""titanfall_(series)"",""co_posts"":52,""character_coverage"":1.0},{""copyright"":""titanfall_2"",""co_posts"":50,""character_coverage"":0.961538},{""copyright"":""hololive"",""co_posts"":3,""character_coverage"":0.057692},{""copyright"":""hololive_english"",""co_posts"":3,""character_coverage"":0.057692},{""copyright"":""girls_und_panzer"",""co_posts"":1,""character_coverage"":0.019231}]","","","PENDING",""
"I70-033361","gustav_karl","4","Character","55","","","","","グスタフ・カール","","[{""copyright"":""gundam"",""co_posts"":52,""character_coverage"":1.0},{""copyright"":""gundam:_hathaway's_flash"",""co_posts"":45,""character_coverage"":0.865385},{""copyright"":""gundam_unicorn"",""co_posts"":11,""character_coverage"":0.211538},{""copyright"":""original"",""co_posts"":4,""character_coverage"":0.076923},{""copyright"":""char's_counterattack"",""co_posts"":3,""character_coverage"":0.057692}]","","","PENDING",""
"I70-033362","gyari_(bird)","4","Character","55","","","","","gyari（鳥）","","[{""copyright"":""voms"",""co_posts"":53,""character_coverage"":0.963636},{""copyright"":""pokemon"",""co_posts"":4,""character_coverage"":0.072727},{""copyright"":""minecraft"",""co_posts"":3,""character_coverage"":0.054545},{""copyright"":""nijisanji"",""co_posts"":3,""character_coverage"":0.054545},{""copyright"":""henry_stickmin_(series)"",""co_posts"":2,""character_coverage"":0.036364}]","","","PENDING",""
"I70-033363","hachiko_(dog)","4","Character","55","hachikou_(dog)","hachikou (dog)","","","忠犬ハチ公","","[{""copyright"":""original"",""co_posts"":20,""character_coverage"":0.377358},{""copyright"":""hololive"",""co_posts"":4,""character_coverage"":0.075472},{""copyright"":""ikea"",""co_posts"":4,""character_coverage"":0.075472},{""copyright"":""starbucks"",""co_posts"":4,""character_coverage"":0.075472},{""copyright"":""coca-cola"",""co_posts"":3,""character_coverage"":0.056604}]","","","PENDING",""
"I70-033364","hakka_(suimya)","4","Character","55","","","","","白花","","[{""copyright"":""original"",""co_posts"":50,""character_coverage"":0.909091},{""copyright"":""melonbooks"",""co_posts"":5,""character_coverage"":0.090909},{""copyright"":""dengeki_moeoh"",""co_posts"":3,""character_coverage"":0.054545}]","","","PENDING",""
"I70-033365","haku_(utawarerumono)","4","Character","55","haku_(utawareru_mono)","haku (utawareru mono)","","","ハク","","[{""copyright"":""utawarerumono_(series)"",""co_posts"":49,""character_coverage"":0.98},{""copyright"":""utawarerumono:_itsuwari_no_kamen"",""co_posts"":45,""character_coverage"":0.9},{""copyright"":""utawarerumono:_futari_no_hakuoro"",""co_posts"":11,""character_coverage"":0.22},{""copyright"":""utawarerumono:_lost_flag"",""co_posts"":3,""character_coverage"":0.06},{""copyright"":""aquaplus"",""co_posts"":1,""character_coverage"":0.02}]","","","PENDING",""
"I70-033366","han_do-yoon","4","Character","55","","","","","ハン・ドイオン","","[{""copyright"":""buried_stars"",""co_posts"":54,""character_coverage"":1.0},{""copyright"":""kokuhaku_jikkou_iinkai"",""co_posts"":1,""character_coverage"":0.018519},{""copyright"":""twitter"",""co_posts"":1,""character_coverage"":0.018519}]","","","PENDING",""
"I70-033367","happy_ghast","4","Character","55","ghastling","ghastling","","","ハッピーガスト","","[{""copyright"":""minecraft"",""co_posts"":53,""character_coverage"":1.0},{""copyright"":""blue_archive"",""co_posts"":5,""character_coverage"":0.09434},{""copyright"":""hololive"",""co_posts"":4,""character_coverage"":0.075472},{""copyright"":""limbus_company"",""co_posts"":4,""character_coverage"":0.075472},{""copyright"":""project_moon"",""co_posts"":4,""character_coverage"":0.075472}]","","","PENDING",""
"I70-033368","harumi_(goburin_second)","4","Character","55","","","","","","","[{""copyright"":""original"",""co_posts"":55,""character_coverage"":1.0}]","","","PENDING",""
"I70-033369","hatsune_miku_(vintage_dress)","4","Character","55","vintage_dress_(module)","vintage dress (module)","","","ヴィンテージドレス","","[{""copyright"":""vocaloid"",""co_posts"":54,""character_coverage"":1.0},{""copyright"":""project_diva_(series)"",""co_posts"":51,""character_coverage"":0.944444},{""copyright"":""romeo_to_cinderella_(vocaloid)"",""co_posts"":40,""character_coverage"":0.740741},{""copyright"":""project_diva_2nd"",""co_posts"":21,""character_coverage"":0.388889},{""copyright"":""hatsune_miku_no_gekishou_(vocaloid)"",""co_posts"":5,""character_coverage"":0.092593}]","","","PENDING",""
"I70-033370","hawkeye_(fire_emblem)","4","Character","55","","","","","ホークアイ（火の紋章）","","[{""copyright"":""fire_emblem"",""co_posts"":49,""character_coverage"":1.0},{""copyright"":""fire_emblem:_the_blazing_blade"",""co_posts"":36,""character_coverage"":0.734694},{""copyright"":""fire_emblem_heroes"",""co_posts"":28,""character_coverage"":0.571429},{""copyright"":""fire_emblem:_the_binding_blade"",""co_posts"":21,""character_coverage"":0.428571},{""copyright"":""fire_emblem:_radiant_dawn"",""co_posts"":6,""character_coverage"":0.122449}]","","","PENDING",""
"I70-033371","hayakawa_yahiro","4","Character","55","","","","","早川弥宏","","[{""copyright"":""assault_lily"",""co_posts"":54,""character_coverage"":1.0}]","","","PENDING",""
"I70-033372","heartsteel_yone","4","Character","55","","","","","","","[{""copyright"":""league_of_legends"",""co_posts"":52,""character_coverage"":1.0}]","","","PENDING",""
"I70-033373","hedwig","4","Character","55","","","","","","","[{""copyright"":""harry_potter_(series)"",""co_posts"":50,""character_coverage"":1.0},{""copyright"":""wizarding_world"",""co_posts"":50,""character_coverage"":1.0},{""copyright"":""harry_potter_and_the_philosopher's_stone"",""co_posts"":9,""character_coverage"":0.18},{""copyright"":""ano_hi_mita_hana_no_namae_wo_bokutachi_wa_mada_shiranai."",""co_posts"":1,""character_coverage"":0.02},{""copyright"":""axis_powers_hetalia"",""co_posts"":1,""character_coverage"":0.02}]","","","PENDING",""
"I70-033374","heidr_(fire_emblem)","4","Character","55","","","","","ヘイズ(ファイアーエムブレム)","","[{""copyright"":""fire_emblem"",""co_posts"":46,""character_coverage"":1.0},{""copyright"":""fire_emblem_heroes"",""co_posts"":46,""character_coverage"":1.0}]","","","PENDING",""
"I70-033375","heidrun_(summer)_(fire_emblem)","4","Character","55","","","","","","","[{""copyright"":""fire_emblem"",""co_posts"":50,""character_coverage"":1.0},{""copyright"":""fire_emblem_heroes"",""co_posts"":50,""character_coverage"":1.0}]","","","PENDING",""
"I70-033376","hema_(dreamycakesss)","4","Character","55","","","","","","","[{""copyright"":""my_emo_crush"",""co_posts"":53,""character_coverage"":0.963636}]","","","PENDING",""
"I70-033377","herrah_the_beast","4","Character","55","herrah_(hollow_knight)","herrah (hollow knight)","","","","","[{""copyright"":""hollow_knight"",""co_posts"":53,""character_coverage"":1.0},{""copyright"":""hollow_knight:_silksong"",""co_posts"":27,""character_coverage"":0.509434},{""copyright"":""hololive"",""co_posts"":1,""character_coverage"":0.018868},{""copyright"":""undertale"",""co_posts"":1,""character_coverage"":0.018868},{""copyright"":""utdr_(toby_fox)"",""co_posts"":1,""character_coverage"":0.018868}]","","","PENDING",""
"I70-033378","hibino_mina","4","Character","55","","","","","日比野ミナ","","[{""copyright"":""karakai_jouzu_no_takagi-san"",""co_posts"":54,""character_coverage"":1.0},{""copyright"":""karakai_jouzu_no_(moto)_takagi-san"",""co_posts"":4,""character_coverage"":0.074074},{""copyright"":""fudatsuki_no_kyouko-chan"",""co_posts"":2,""character_coverage"":0.037037},{""copyright"":""kunoichi_tsubaki_no_mune_no_uchi"",""co_posts"":1,""character_coverage"":0.018519},{""copyright"":""newtype"",""co_posts"":1,""character_coverage"":0.018519}]","","","PENDING",""
"I70-033379","hieda_no_are","4","Character","55","","","","","稗田阿礼","","[{""copyright"":""touhou"",""co_posts"":55,""character_coverage"":1.0}]","","","PENDING",""
"I70-033380","himeko_(joshi_kousei_rich_thots)","4","Character","55","himeko_(sky-freedom),hairclip_onee-san_(sky_(freedom))","hairclip onee-san (sky (freedom)) | himeko (sky-freedom)","","","ヒメコ（空中）","","[{""copyright"":""joshi_kousei_rich_thots"",""co_posts"":54,""character_coverage"":0.981818},{""copyright"":""nvidia"",""co_posts"":4,""character_coverage"":0.072727},{""copyright"":""original"",""co_posts"":1,""character_coverage"":0.018182},{""copyright"":""twitter"",""co_posts"":1,""character_coverage"":0.018182}]","","","PENDING",""
"I70-033381","himemiya_rie_(1st_costume)","4","Character","55","","","","","","","[{""copyright"":""phase_connect"",""co_posts"":51,""character_coverage"":1.0},{""copyright"":""project_moon"",""co_posts"":3,""character_coverage"":0.058824},{""copyright"":""limbus_company"",""co_posts"":2,""character_coverage"":0.039216},{""copyright"":""hololive"",""co_posts"":1,""character_coverage"":0.019608},{""copyright"":""hololive_indonesia"",""co_posts"":1,""character_coverage"":0.019608}]","","","PENDING",""
"I70-033382","himemori_luna_(summer)","4","Character","55","","","","","","","[{""copyright"":""hololive"",""co_posts"":46,""character_coverage"":1.0}]","","","PENDING",""
"I70-033383","hino_(yatara)","4","Character","55","","","","","","","[{""copyright"":""original"",""co_posts"":55,""character_coverage"":1.0},{""copyright"":""friday_the_13th"",""co_posts"":2,""character_coverage"":0.036364}]","","","PENDING",""
"I70-033384","hirosoma_shinku","4","Character","55","","","","","廣杣深紅","","[{""copyright"":""geminism"",""co_posts"":55,""character_coverage"":1.0},{""copyright"":""sayonara_wo_oshiete"",""co_posts"":1,""character_coverage"":0.018182}]","","","PENDING",""
"I70-033385","honda_tadakatsu_(sengoku_bushouki_muramasa)","4","Character","55","","","","","本多忠勝","","[{""copyright"":""sengoku_bushouki_muramasa"",""co_posts"":55,""character_coverage"":1.0}]","","","PENDING",""
"I70-033386","hoshimachi_suisei_(water_gun_arpeggio)","4","Character","55","","","","","","","[]","","","PENDING",""
"I70-033387","hr_lady_(rucchiifu)","4","Character","55","","","","","","","[{""copyright"":""original"",""co_posts"":54,""character_coverage"":1.0}]","","","PENDING",""
"I70-033388","hugo_(suikoden_iii)","4","Character","55","","","","","Hugo（Suikoden III）","","[{""copyright"":""gensou_suikoden"",""co_posts"":55,""character_coverage"":1.0},{""copyright"":""gensou_suikoden_iii"",""co_posts"":55,""character_coverage"":1.0},{""copyright"":""gensou_suikoden_i"",""co_posts"":13,""character_coverage"":0.236364},{""copyright"":""gensou_suikoden_ii"",""co_posts"":12,""character_coverage"":0.218182},{""copyright"":""gensou_suikoden_iv"",""co_posts"":11,""character_coverage"":0.2}]","","","PENDING",""
"I70-033389","hydro_eidolon_(genshin_impact)","4","Character","55","","","","","小水珠","","[{""copyright"":""genshin_impact"",""co_posts"":55,""character_coverage"":1.0}]","","","PENDING",""
"I70-033390","iberis_(ogami_kazuki)","4","Character","55","","","","","イベリス","","[{""copyright"":""original"",""co_posts"":55,""character_coverage"":1.0},{""copyright"":""elden_ring"",""co_posts"":3,""character_coverage"":0.054545}]","","","PENDING",""
"I70-033391","ibuki_douji_(first_ascension)_(fate)","4","Character","55","","","","","イブキ・ドゥジ（最初の昇天）（運命）","","[{""copyright"":""fate/grand_order"",""co_posts"":48,""character_coverage"":1.0},{""copyright"":""fate_(series)"",""co_posts"":48,""character_coverage"":1.0},{""copyright"":""axis_powers_hetalia"",""co_posts"":1,""character_coverage"":0.020833}]","","","PENDING",""
"I70-033392","imai-kun_(imai_akira)","4","Character","55","","","","","","","[{""copyright"":""original"",""co_posts"":55,""character_coverage"":1.0}]","","","PENDING",""
"I70-033393","imibi_(zizi_niisan)","4","Character","55","","","","","忌火","","[{""copyright"":""original"",""co_posts"":55,""character_coverage"":1.0},{""copyright"":""elden_ring"",""co_posts"":2,""character_coverage"":0.036364},{""copyright"":""elden_ring_nightreign"",""co_posts"":2,""character_coverage"":0.036364},{""copyright"":""trickcal"",""co_posts"":2,""character_coverage"":0.036364}]","","","PENDING",""
"I70-033394","implacable_(her_beauty_runneth_over)_(azur_lane)","4","Character","55","","","","","馨香靡く盃","","[{""copyright"":""azur_lane"",""co_posts"":52,""character_coverage"":1.0}]","","","PENDING",""
"I70-033395","ingo_(special_costume)_(pokemon)","4","Character","55","","","","","ノボリ_(スペシャル)","","[{""copyright"":""pokemon"",""co_posts"":54,""character_coverage"":1.0},{""copyright"":""pokemon_masters_ex"",""co_posts"":54,""character_coverage"":1.0},{""copyright"":""pokemon_black_and_white"",""co_posts"":8,""character_coverage"":0.148148},{""copyright"":""pokemon_black_2_and_white_2"",""co_posts"":3,""character_coverage"":0.055556},{""copyright"":""pokemon_legends:_arceus"",""co_posts"":3,""character_coverage"":0.055556}]","","","PENDING",""
"I70-033396","interceptor_(ff6)","4","Character","55","","","","","インターセプター","","[{""copyright"":""final_fantasy"",""co_posts"":52,""character_coverage"":1.0},{""copyright"":""final_fantasy_vi"",""co_posts"":52,""character_coverage"":1.0},{""copyright"":""final_fantasy_iv"",""co_posts"":3,""character_coverage"":0.057692},{""copyright"":""final_fantasy_v"",""co_posts"":3,""character_coverage"":0.057692},{""copyright"":""final_fantasy_viii"",""co_posts"":3,""character_coverage"":0.057692}]","","","PENDING",""
"I70-033397","internet_explorer_(merryweather)","4","Character","55","","","","","インターネットエクスプローラー（メリーウェザー）","","[{""copyright"":""internet_explorer"",""co_posts"":54,""character_coverage"":1.0},{""copyright"":""internet_explorer_(webcomic)"",""co_posts"":52,""character_coverage"":0.962963},{""copyright"":""original"",""co_posts"":26,""character_coverage"":0.481481},{""copyright"":""google_chrome"",""co_posts"":12,""character_coverage"":0.222222},{""copyright"":""mozilla_firefox"",""co_posts"":10,""character_coverage"":0.185185}]","","","PENDING",""
"I70-033398","ishikawa_tooru","4","Character","55","","","","","石川透","","[{""copyright"":""hori-san_to_miyamura-kun"",""co_posts"":53,""character_coverage"":1.0},{""copyright"":""joshi_kousei"",""co_posts"":1,""character_coverage"":0.018868}]","","","PENDING",""
"I70-033399","issa_castagno_(character)","4","Character","55","","","","","","","[{""copyright"":""original"",""co_posts"":53,""character_coverage"":1.0},{""copyright"":""dragon_ball"",""co_posts"":1,""character_coverage"":0.018868},{""copyright"":""dragon_ball_z"",""co_posts"":1,""character_coverage"":0.018868},{""copyright"":""spongebob_squarepants_(series)"",""co_posts"":1,""character_coverage"":0.018868}]","","","PENDING",""
"I70-033400","isshiki_ichika_(murakami_suigun)","4","Character","55","","","","","イスシキ・イチカ（村上suigun）","","[{""copyright"":""original"",""co_posts"":55,""character_coverage"":1.0}]","","","PENDING",""
"I70-033401","ivy_(saijaku_tamer)","4","Character","55","","","","","アイビー(最弱テイマー)","","[{""copyright"":""saijaku_tamer_wa_gomi_hiroi_no_tabi_wo_hajimemashita"",""co_posts"":49,""character_coverage"":1.0},{""copyright"":""jashin-chan_dropkick"",""co_posts"":1,""character_coverage"":0.020408}]","","","PENDING",""
"I70-033402","iyayo","4","Character","55","","","","","イヤ代","","[{""copyright"":""osomatsu-san"",""co_posts"":52,""character_coverage"":1.0},{""copyright"":""osomatsu_(series)"",""co_posts"":52,""character_coverage"":1.0},{""copyright"":""osomatsu-kun"",""co_posts"":5,""character_coverage"":0.096154},{""copyright"":""little_red_riding_hood_(fairy_tale)"",""co_posts"":1,""character_coverage"":0.019231}]","","","PENDING",""
"I70-033403","jack_cooper","4","Character","55","","","","","ジャッククーパー","","[{""copyright"":""titanfall_(series)"",""co_posts"":50,""character_coverage"":1.0},{""copyright"":""titanfall_2"",""co_posts"":50,""character_coverage"":1.0},{""copyright"":""hololive"",""co_posts"":7,""character_coverage"":0.14},{""copyright"":""apex_legends"",""co_posts"":3,""character_coverage"":0.06},{""copyright"":""doom_(series)"",""co_posts"":2,""character_coverage"":0.04}]","","","PENDING",""
"I70-033404","jaiden_animations","4","Character","55","","","","","","","[{""copyright"":""minecraft_youtube"",""co_posts"":22,""character_coverage"":0.578947},{""copyright"":""quackity_smp"",""co_posts"":22,""character_coverage"":0.578947},{""copyright"":""original"",""co_posts"":11,""character_coverage"":0.289474},{""copyright"":""vshojo"",""co_posts"":4,""character_coverage"":0.105263},{""copyright"":""five_nights_at_freddy's"",""co_posts"":2,""character_coverage"":0.052632}]","","","PENDING",""
"I70-033405","jasper_(uncorrupted)_(steven_universe)","4","Character","55","","","","","","","[{""copyright"":""steven_universe"",""co_posts"":50,""character_coverage"":1.0},{""copyright"":""steven_universe_future"",""co_posts"":47,""character_coverage"":0.94},{""copyright"":""adventure_time"",""co_posts"":1,""character_coverage"":0.02},{""copyright"":""cheetos"",""co_posts"":1,""character_coverage"":0.02},{""copyright"":""dragon_ball"",""co_posts"":1,""character_coverage"":0.02}]","","","PENDING",""
"I70-033406","john_cat_(koseki_bijou)","4","Character","55","","","","","","","[{""copyright"":""hololive"",""co_posts"":54,""character_coverage"":1.0},{""copyright"":""hololive_english"",""co_posts"":54,""character_coverage"":1.0},{""copyright"":""pokemon"",""co_posts"":3,""character_coverage"":0.055556},{""copyright"":""hololive_indonesia"",""co_posts"":2,""character_coverage"":0.037037},{""copyright"":""armored_core"",""co_posts"":1,""character_coverage"":0.018519}]","","","PENDING",""
"I70-033407","john_constantine","4","Character","55","","","","","","","[{""copyright"":""dc_comics"",""co_posts"":47,""character_coverage"":0.854545},{""copyright"":""constantine_(series)"",""co_posts"":32,""character_coverage"":0.581818},{""copyright"":""dc:_dark_legion"",""co_posts"":6,""character_coverage"":0.109091},{""copyright"":""justice_league"",""co_posts"":2,""character_coverage"":0.036364},{""copyright"":""avengers_(series)"",""co_posts"":1,""character_coverage"":0.018182}]","","","PENDING",""
"I70-033408","juniper_woods","4","Character","55","morizumi_shinobu","morizumi shinobu","","","森澄しのぶ","","[{""copyright"":""ace_attorney"",""co_posts"":54,""character_coverage"":1.0},{""copyright"":""phoenix_wright:_ace_attorney_-_dual_destinies"",""co_posts"":50,""character_coverage"":0.925926},{""copyright"":""apollo_justice:_ace_attorney"",""co_posts"":4,""character_coverage"":0.074074},{""copyright"":""phoenix_wright:_ace_attorney_-_justice_for_all"",""co_posts"":3,""character_coverage"":0.055556},{""copyright"":""phoenix_wright:_ace_attorney_-_spirit_of_justice"",""co_posts"":3,""character_coverage"":0.055556}]","","","PENDING",""
"I70-033409","kai_(rune_factory)","4","Character","55","","","","","カイ(ルーンファクトリー)","","[{""copyright"":""rune_factory"",""co_posts"":55,""character_coverage"":1.0},{""copyright"":""rune_factory:_guardians_of_azuma"",""co_posts"":55,""character_coverage"":1.0},{""copyright"":""marvelous"",""co_posts"":1,""character_coverage"":0.018182},{""copyright"":""rune_factory_4"",""co_posts"":1,""character_coverage"":0.018182}]","","","PENDING",""
"I70-033410","kai_harn","4","Character","55","","","","","カイ・ハーン","","[{""copyright"":""bastard!!"",""co_posts"":53,""character_coverage"":1.0},{""copyright"":""bishoujo_senshi_sailor_moon"",""co_posts"":1,""character_coverage"":0.018868},{""copyright"":""ragnador"",""co_posts"":1,""character_coverage"":0.018868}]","","","PENDING",""
"I70-033411","kaisei_(1st_costume)_(nijisanji)","4","Character","55","","","","","魁星(通常)","","[{""copyright"":""nijisanji"",""co_posts"":53,""character_coverage"":1.0},{""copyright"":""niginigi_nijitown"",""co_posts"":1,""character_coverage"":0.018868},{""copyright"":""nijisanji_gta"",""co_posts"":1,""character_coverage"":0.018868}]","","","PENDING",""
"I70-033412","kaling","4","Character","55","","","","","カリーン","","[{""copyright"":""maplestory"",""co_posts"":51,""character_coverage"":1.0},{""copyright"":""original"",""co_posts"":2,""character_coverage"":0.039216},{""copyright"":""blue_archive"",""co_posts"":1,""character_coverage"":0.019608}]","","","PENDING",""
"I70-033413","kamen_rider_geats_ix","4","Character","55","","","","","仮面ライダーギーツIX","","[{""copyright"":""kamen_rider"",""co_posts"":53,""character_coverage"":1.0},{""copyright"":""kamen_rider_geats_(series)"",""co_posts"":53,""character_coverage"":1.0},{""copyright"":""hololive"",""co_posts"":5,""character_coverage"":0.09434},{""copyright"":""gundam"",""co_posts"":3,""character_coverage"":0.056604},{""copyright"":""gundam_suisei_no_majo"",""co_posts"":3,""character_coverage"":0.056604}]","","","PENDING",""
"I70-033414","kamen_rider_gotchard_(steamhopper)","4","Character","55","","","","","スチームホッパー","","[{""copyright"":""kamen_rider"",""co_posts"":49,""character_coverage"":1.0},{""copyright"":""kamen_rider_gotchard_(series)"",""co_posts"":49,""character_coverage"":1.0},{""copyright"":""kamen_rider_geats_(series)"",""co_posts"":4,""character_coverage"":0.081633},{""copyright"":""battle_spirits"",""co_posts"":3,""character_coverage"":0.061224},{""copyright"":""kamen_rider_01_(series)"",""co_posts"":2,""character_coverage"":0.040816}]","","","PENDING",""
"I70-033415","kamen_rider_ixa","4","Character","55","","","","","仮面ライダーイクサ","","[{""copyright"":""kamen_rider"",""co_posts"":50,""character_coverage"":1.0},{""copyright"":""kamen_rider_kiva_(series)"",""co_posts"":49,""character_coverage"":0.98},{""copyright"":""kamen_rider_kabuto_(series)"",""co_posts"":9,""character_coverage"":0.18},{""copyright"":""kamen_rider_den-o_(series)"",""co_posts"":8,""character_coverage"":0.16},{""copyright"":""touhou"",""co_posts"":8,""character_coverage"":0.16}]","","","PENDING",""
"I70-033416","kaminoi_youko","4","Character","55","","","","","神之椅様子","","[{""copyright"":""semelparous"",""co_posts"":52,""character_coverage"":1.0}]","","","PENDING",""
"I70-033417","kamui:_bastion_(pgr)","4","Character","55","","","","","","","[{""copyright"":""punishing:_gray_raven"",""co_posts"":50,""character_coverage"":1.0},{""copyright"":""amnesia_(idea_factory)"",""co_posts"":1,""character_coverage"":0.02},{""copyright"":""fairy_tail"",""co_posts"":1,""character_coverage"":0.02},{""copyright"":""hakuouki_shinsengumi_kitan"",""co_posts"":1,""character_coverage"":0.02},{""copyright"":""inuyasha"",""co_posts"":1,""character_coverage"":0.02}]","","","PENDING",""
"I70-033418","kanae_(5th_costume)_(nijisanji)","4","Character","55","","","","","叶(クリスマス衣装)","","[{""copyright"":""nijisanji"",""co_posts"":55,""character_coverage"":1.0},{""copyright"":""minecraft"",""co_posts"":1,""character_coverage"":0.018182}]","","","PENDING",""
"I70-033419","kanbayashi_mizuki","4","Character","55","","","","","上林圣","","[{""copyright"":""amakano"",""co_posts"":48,""character_coverage"":0.888889},{""copyright"":""amakano_~second_season~"",""co_posts"":15,""character_coverage"":0.277778},{""copyright"":""idolmaster"",""co_posts"":4,""character_coverage"":0.074074},{""copyright"":""idolmaster_cinderella_girls"",""co_posts"":4,""character_coverage"":0.074074},{""copyright"":""comic_exe"",""co_posts"":3,""character_coverage"":0.055556}]","","","PENDING",""
"I70-033420","kanehira_ame","4","Character","55","","","","","金平あめ","","[{""copyright"":""indie_virtual_youtuber"",""co_posts"":36,""character_coverage"":1.0},{""copyright"":""league_of_legends"",""co_posts"":2,""character_coverage"":0.055556},{""copyright"":""gundam"",""co_posts"":1,""character_coverage"":0.027778},{""copyright"":""gundam_08th_ms_team"",""co_posts"":1,""character_coverage"":0.027778},{""copyright"":""the_legend_of_zelda"",""co_posts"":1,""character_coverage"":0.027778}]","","","PENDING",""
"I70-033421","kanemoto_akari","4","Character","55","","","","","兼元灯里","","[{""copyright"":""noble_works"",""co_posts"":51,""character_coverage"":0.980769},{""copyright"":""yuzusoft"",""co_posts"":11,""character_coverage"":0.211538},{""copyright"":""dracu-riot!"",""co_posts"":9,""character_coverage"":0.173077},{""copyright"":""amairo_islenauts"",""co_posts"":7,""character_coverage"":0.134615},{""copyright"":""sanoba_witch"",""co_posts"":7,""character_coverage"":0.134615}]","","","PENDING",""
"I70-033422","kanonno_grassvalley","4","Character","55","","","","","カノンノ・グラスバレー","","[{""copyright"":""tales_of_(series)"",""co_posts"":49,""character_coverage"":1.0},{""copyright"":""tales_of_the_world"",""co_posts"":49,""character_coverage"":1.0},{""copyright"":""tales_of_the_world_radiant_mythology_3"",""co_posts"":49,""character_coverage"":1.0},{""copyright"":""tales_of_the_world_radiant_mythology"",""co_posts"":23,""character_coverage"":0.469388},{""copyright"":""tales_of_the_world_radiant_mythology_2"",""co_posts"":23,""character_coverage"":0.469388}]","","","PENDING",""
"I70-033423","kara_(sam_yang)","4","Character","55","","","","","カラ（サムヤン）","","[{""copyright"":""original"",""co_posts"":54,""character_coverage"":0.981818},{""copyright"":""mabinogi"",""co_posts"":1,""character_coverage"":0.018182}]","","","PENDING",""
"I70-033424","karasuba","4","Character","55","","","","","鴉羽","","[{""copyright"":""sekirei"",""co_posts"":16,""character_coverage"":1.0}]","","","PENDING",""
"I70-033425","kashagiri_(touken_ranbu)","4","Character","55","","","","","","","[{""copyright"":""touken_ranbu"",""co_posts"":55,""character_coverage"":1.0},{""copyright"":""touhou"",""co_posts"":2,""character_coverage"":0.036364}]","","","PENDING",""
"I70-033426","kasumi_(senran_kagura)","4","Character","55","","","","","霞(閃乱カグラ)","","[{""copyright"":""senran_kagura"",""co_posts"":53,""character_coverage"":1.0},{""copyright"":""senran_kagura_new_wave"",""co_posts"":53,""character_coverage"":1.0}]","","","PENDING",""
"I70-033427","katsu_kaishuu_(fate)","4","Character","55","","","","","勝海舟(Fate)","","[{""copyright"":""fate/grand_order"",""co_posts"":53,""character_coverage"":1.0},{""copyright"":""fate_(series)"",""co_posts"":53,""character_coverage"":1.0}]","","","PENDING",""
"I70-033428","kenshi_takahashi","4","Character","55","","","","","","","[{""copyright"":""mortal_kombat_(series)"",""co_posts"":52,""character_coverage"":1.0},{""copyright"":""mortal_kombat_1_(2023)"",""co_posts"":51,""character_coverage"":0.980769},{""copyright"":""mortal_kombat_11"",""co_posts"":1,""character_coverage"":0.019231},{""copyright"":""mortal_kombat_x"",""co_posts"":1,""character_coverage"":0.019231}]","","","PENDING",""
"I70-033429","kent_(azur_lane)","4","Character","55","","","","","ケント(アズールレーン)","","[{""copyright"":""azur_lane"",""co_posts"":51,""character_coverage"":1.0},{""copyright"":""2channel"",""co_posts"":1,""character_coverage"":0.019608},{""copyright"":""neptune_(series)"",""co_posts"":1,""character_coverage"":0.019608},{""copyright"":""puyopuyo"",""co_posts"":1,""character_coverage"":0.019608},{""copyright"":""puyopuyo_fever"",""co_posts"":1,""character_coverage"":0.019608}]","","","PENDING",""
"I70-033430","kiki_ajimi","4","Character","55","","","","","黄木あじみ","","[{""copyright"":""pretty_series"",""co_posts"":54,""character_coverage"":1.0},{""copyright"":""pripara"",""co_posts"":54,""character_coverage"":1.0},{""copyright"":""idol_time_pripara"",""co_posts"":5,""character_coverage"":0.092593},{""copyright"":""animage"",""co_posts"":1,""character_coverage"":0.018519},{""copyright"":""kiratto_pri_chan"",""co_posts"":1,""character_coverage"":0.018519}]","","","PENDING",""
"I70-033431","kikuhara_karin","4","Character","55","","","","","菊原香鈴","","[{""copyright"":""stratos_4"",""co_posts"":45,""character_coverage"":1.0},{""copyright"":""megami_magazine"",""co_posts"":2,""character_coverage"":0.044444},{""copyright"":""megami_magazine_deluxe"",""co_posts"":1,""character_coverage"":0.022222}]","","","PENDING",""
"I70-033432","kim_yoon_(gondom)","4","Character","55","","","","","キム・ユン（ゴンドム）","","[{""copyright"":""original"",""co_posts"":55,""character_coverage"":1.0}]","","","PENDING",""
"I70-033433","kino_books","4","Character","55","","","","","キノ・ブックス","","[{""copyright"":""uchi_no_hime-sama_ga_ichiban_kawaii"",""co_posts"":53,""character_coverage"":1.0}]","","","PENDING",""
"I70-033434","kinomoto_sakura_(water_fairy)","4","Character","55","kinomoto_sakura_(blue_jester_costume)","kinomoto sakura (blue jester costume)","","","","","[{""copyright"":""cardcaptor_sakura"",""co_posts"":51,""character_coverage"":1.0},{""copyright"":""akibakei_kanojo"",""co_posts"":2,""character_coverage"":0.039216},{""copyright"":""phantom_of_the_kill"",""co_posts"":2,""character_coverage"":0.039216},{""copyright"":""aikatsu!"",""co_posts"":1,""character_coverage"":0.019608},{""copyright"":""aikatsu!_(series)"",""co_posts"":1,""character_coverage"":0.019608}]","","","PENDING",""
"I70-033435","kirih_shiraishi_(sword_scream)","4","Character","55","","","","","","","[{""copyright"":""original"",""co_posts"":50,""character_coverage"":0.925926},{""copyright"":""final_fantasy"",""co_posts"":12,""character_coverage"":0.222222},{""copyright"":""final_fantasy_xiv"",""co_posts"":12,""character_coverage"":0.222222},{""copyright"":""devil_may_cry_(series)"",""co_posts"":1,""character_coverage"":0.018519},{""copyright"":""devil_may_cry_4"",""co_posts"":1,""character_coverage"":0.018519}]","","","PENDING",""
"I70-033436","kirito_(sao-os)","4","Character","55","","","","","","","[]","","","PENDING",""
"I70-033437","kirsche_verstahl","4","Character","55","","","","","","","[{""copyright"":""indie_virtual_youtuber"",""co_posts"":41,""character_coverage"":0.97619},{""copyright"":""phase_connect"",""co_posts"":7,""character_coverage"":0.166667},{""copyright"":""jubilee_2025"",""co_posts"":2,""character_coverage"":0.047619},{""copyright"":""real_life"",""co_posts"":2,""character_coverage"":0.047619},{""copyright"":""creepypasta"",""co_posts"":1,""character_coverage"":0.02381}]","","","PENDING",""
"I70-033438","kisaki_mio","4","Character","55","","","","","希咲美桜","","[{""copyright"":""walkure_romanze"",""co_posts"":51,""character_coverage"":1.0},{""copyright"":""megami_magazine"",""co_posts"":2,""character_coverage"":0.039216},{""copyright"":""dengeki_hime"",""co_posts"":1,""character_coverage"":0.019608},{""copyright"":""kamihime_project"",""co_posts"":1,""character_coverage"":0.019608},{""copyright"":""princess_lover"",""co_posts"":1,""character_coverage"":0.019608}]","","","PENDING",""
"I70-033439","kitakoji_hisui_(2nd_costume)","4","Character","55","","","","","北小路ヒスイ(5万人記念衣装)","","[{""copyright"":""nijisanji"",""co_posts"":52,""character_coverage"":1.0},{""copyright"":""minecraft"",""co_posts"":1,""character_coverage"":0.019231},{""copyright"":""nijisanji_en"",""co_posts"":1,""character_coverage"":0.019231},{""copyright"":""nijisanji_kr"",""co_posts"":1,""character_coverage"":0.019231}]","","","PENDING",""
"I70-033440","kitsune_no_botan_(flower_knight_girl)","4","Character","55","","","","","キツネノボタン","","[{""copyright"":""flower_knight_girl"",""co_posts"":53,""character_coverage"":1.0},{""copyright"":""dmm"",""co_posts"":3,""character_coverage"":0.056604},{""copyright"":""bikkuriman"",""co_posts"":1,""character_coverage"":0.018868}]","","","PENDING",""
"I70-033441","kiyase_suru_kouhai_(kirimmitsu)","4","Character","55","","","","","","","[{""copyright"":""original"",""co_posts"":55,""character_coverage"":1.0}]","","","PENDING",""
"I70-033442","kodaka_saki","4","Character","55","","","","","小鷹咲希","","[{""copyright"":""extreme_hearts"",""co_posts"":50,""character_coverage"":1.0},{""copyright"":""megami_magazine"",""co_posts"":2,""character_coverage"":0.04}]","","","PENDING",""
"I70-033443","kodama_rin_(sakura_yuki)","4","Character","55","kodama_(sakura_yuki)","kodama (sakura yuki)","","","児玉(妹)","","[{""copyright"":""chibi_kyonyuu"",""co_posts"":54,""character_coverage"":1.0},{""copyright"":""comiket_102"",""co_posts"":2,""character_coverage"":0.037037},{""copyright"":""comiket_105"",""co_posts"":1,""character_coverage"":0.018519},{""copyright"":""gaki_kyonyuu"",""co_posts"":1,""character_coverage"":0.018519}]","","","PENDING",""
"I70-033444","koizumi_akako","4","Character","55","","","","","小泉紅子","","[{""copyright"":""magic_kaito"",""co_posts"":55,""character_coverage"":1.0},{""copyright"":""meitantei_conan"",""co_posts"":20,""character_coverage"":0.363636},{""copyright"":""lupin_iii"",""co_posts"":2,""character_coverage"":0.036364},{""copyright"":""majo_no_takkyuubin"",""co_posts"":2,""character_coverage"":0.036364},{""copyright"":""meitantei_conan_card_game"",""co_posts"":2,""character_coverage"":0.036364}]","","","PENDING",""
"I70-033445","kojo_anna_(2nd_costume)","4","Character","55","","","","","","","[{""copyright"":""nanashi_inc."",""co_posts"":55,""character_coverage"":1.0},{""copyright"":""indie_virtual_youtuber"",""co_posts"":1,""character_coverage"":0.018182}]","","","PENDING",""
"I70-033446","kokage-san","4","Character","55","","","","","Kokage-San","","[{""copyright"":""original"",""co_posts"":54,""character_coverage"":1.0}]","","","PENDING",""
"I70-033447","komiya_nonoka","4","Character","55","","","","","古宮乃々香","","[{""copyright"":""sora_no_method"",""co_posts"":44,""character_coverage"":1.0},{""copyright"":""megami_magazine"",""co_posts"":3,""character_coverage"":0.068182},{""copyright"":""nyantype"",""co_posts"":3,""character_coverage"":0.068182},{""copyright"":""newtype"",""co_posts"":1,""character_coverage"":0.022727}]","","","PENDING",""
"I70-033448","konno_yuuki_(sao)","4","Character","55","","","","","こんのゆうき","","[{""copyright"":""sword_art_online"",""co_posts"":50,""character_coverage"":1.0},{""copyright"":""sword_art_online:_alicization"",""co_posts"":2,""character_coverage"":0.04},{""copyright"":""sword_art_online:_memory_defrag"",""co_posts"":2,""character_coverage"":0.04},{""copyright"":""sword_art_online_the_movie:_ordinal_scale"",""co_posts"":2,""character_coverage"":0.04},{""copyright"":""bleach"",""co_posts"":1,""character_coverage"":0.02}]","","","PENDING",""
"I70-033449","kousaka_mayuri","4","Character","55","","","","","匂坂マユリ","","[{""copyright"":""flowers_(innocent_grey)"",""co_posts"":53,""character_coverage"":1.0}]","","","PENDING",""
"I70-033450","ko-yuyuko_(shin'en)","4","Character","55","ko-yuyuko","ko-yuyuko","","","子ゆゆこ","","[{""copyright"":""touhou"",""co_posts"":54,""character_coverage"":1.0},{""copyright"":""kantai_collection"",""co_posts"":7,""character_coverage"":0.12963},{""copyright"":""mahou_shoujo_madoka_magica"",""co_posts"":2,""character_coverage"":0.037037},{""copyright"":""mahou_shoujo_madoka_magica_(anime)"",""co_posts"":2,""character_coverage"":0.037037},{""copyright"":""uniqlo"",""co_posts"":2,""character_coverage"":0.037037}]","","","PENDING",""
"I70-033451","kuma_(sakai_takahiro)","4","Character","55","","","","","","","[{""copyright"":""original"",""co_posts"":55,""character_coverage"":1.0},{""copyright"":""dragon_ball"",""co_posts"":3,""character_coverage"":0.054545},{""copyright"":""dragon_ball_z"",""co_posts"":3,""character_coverage"":0.054545},{""copyright"":""cardcaptor_sakura"",""co_posts"":1,""character_coverage"":0.018182},{""copyright"":""mickey_mouse_&_friends"",""co_posts"":1,""character_coverage"":0.018182}]","","","PENDING",""
"I70-033452","kuma-tan","4","Character","55","","","","","くまたん","","[{""copyright"":""kumatanchi"",""co_posts"":55,""character_coverage"":1.0},{""copyright"":""grimgrimoire"",""co_posts"":4,""character_coverage"":0.072727},{""copyright"":""oboro_muramasa"",""co_posts"":4,""character_coverage"":0.072727},{""copyright"":""odin_sphere"",""co_posts"":4,""character_coverage"":0.072727},{""copyright"":""vanillaware"",""co_posts"":4,""character_coverage"":0.072727}]","","","PENDING",""
"I70-033453","kunagisa_tomo","4","Character","55","","","","","玖渚友","","[{""copyright"":""zaregoto_series"",""co_posts"":55,""character_coverage"":1.0},{""copyright"":""monogatari_(series)"",""co_posts"":4,""character_coverage"":0.072727},{""copyright"":""katanagatari"",""co_posts"":3,""character_coverage"":0.054545},{""copyright"":""accel_world"",""co_posts"":1,""character_coverage"":0.018182},{""copyright"":""baccano!"",""co_posts"":1,""character_coverage"":0.018182}]","","","PENDING",""
"I70-033454","kunichika_yuu","4","Character","55","","","","","国近柚宇","","[{""copyright"":""world_trigger"",""co_posts"":51,""character_coverage"":1.0},{""copyright"":""fate/grand_order"",""co_posts"":1,""character_coverage"":0.019608},{""copyright"":""fate_(series)"",""co_posts"":1,""character_coverage"":0.019608}]","","","PENDING",""
"I70-033455","kuro_(doko_demo_issyo)","4","Character","55","","","","","クロ(どこでもいっしょ)","","[{""copyright"":""doko_demo_issyo"",""co_posts"":49,""character_coverage"":1.0},{""copyright"":""vocaloid"",""co_posts"":10,""character_coverage"":0.204082},{""copyright"":""lucky_star"",""co_posts"":4,""character_coverage"":0.081633},{""copyright"":""original"",""co_posts"":4,""character_coverage"":0.081633},{""copyright"":""majo_no_takkyuubin"",""co_posts"":3,""character_coverage"":0.061224}]","","","PENDING",""
"I70-033456","kuroinyan","4","Character","55","","","","","クロイニャン","","[{""copyright"":""pixiv_fantasia"",""co_posts"":52,""character_coverage"":0.981132},{""copyright"":""pixiv_fantasia_new_world"",""co_posts"":48,""character_coverage"":0.90566},{""copyright"":""pixiv_fantasia_t"",""co_posts"":6,""character_coverage"":0.113208},{""copyright"":""pixiv_fantasia_fallen_kings"",""co_posts"":4,""character_coverage"":0.075472},{""copyright"":""idolmaster"",""co_posts"":2,""character_coverage"":0.037736}]","","","PENDING",""
"I70-033457","kurumi_(c108_swimsuit)_(blue_archive)","4","Character","55","","","","","","","[{""copyright"":""blue_archive"",""co_posts"":31,""character_coverage"":1.0}]","","","PENDING",""
"I70-033458","kyokutei_bakin_(first_ascension)_(fate)","4","Character","55","","","","","","","[{""copyright"":""fate/grand_order"",""co_posts"":55,""character_coverage"":1.0},{""copyright"":""fate_(series)"",""co_posts"":55,""character_coverage"":1.0},{""copyright"":""comiket_107"",""co_posts"":1,""character_coverage"":0.018182},{""copyright"":""fate/grand_order_arcade"",""co_posts"":1,""character_coverage"":0.018182},{""copyright"":""kanagawa_okinami_ura"",""co_posts"":1,""character_coverage"":0.018182}]","","","PENDING",""
"I70-033459","lakshmi_(p&d)","4","Character","55","","","","","ラクシュミー","","[{""copyright"":""puzzle_&_dragons"",""co_posts"":52,""character_coverage"":1.0},{""copyright"":""emil_chronicle_online"",""co_posts"":2,""character_coverage"":0.038462},{""copyright"":""love_live!"",""co_posts"":1,""character_coverage"":0.019231},{""copyright"":""love_live!_school_idol_project"",""co_posts"":1,""character_coverage"":0.019231}]","","","PENDING",""
"I70-033460","lalamon","4","Character","55","","","","","ララモン","","[{""copyright"":""digimon"",""co_posts"":43,""character_coverage"":1.0},{""copyright"":""digimon_savers"",""co_posts"":23,""character_coverage"":0.534884},{""copyright"":""digimon_adventure"",""co_posts"":7,""character_coverage"":0.162791},{""copyright"":""digimon_adventure_02"",""co_posts"":7,""character_coverage"":0.162791},{""copyright"":""digimon_frontier"",""co_posts"":6,""character_coverage"":0.139535}]","","","PENDING",""
"I70-033461","l'audacieux_(azur_lane)","4","Character","55","","","","","ローダシュー(アズールレーン)","","[{""copyright"":""azur_lane"",""co_posts"":50,""character_coverage"":1.0},{""copyright"":""original"",""co_posts"":1,""character_coverage"":0.02}]","","","PENDING",""
"I70-033462","leah_(pokemon)","4","Character","55","lia_(pokemon)","lia (pokemon)","","","リア","","[{""copyright"":""pokemon"",""co_posts"":53,""character_coverage"":1.0},{""copyright"":""pokemon_cafe_remix"",""co_posts"":53,""character_coverage"":1.0},{""copyright"":""pokemon_sword_and_shield"",""co_posts"":9,""character_coverage"":0.169811},{""copyright"":""pokemon_(anime)"",""co_posts"":1,""character_coverage"":0.018868},{""copyright"":""pokemon_journeys"",""co_posts"":1,""character_coverage"":0.018868}]","","","PENDING",""
"I70-033463","leman_russ","4","Character","55","","","","","レマン=ラス","","[{""copyright"":""warhammer_40k"",""co_posts"":51,""character_coverage"":1.0},{""copyright"":""blue_archive"",""co_posts"":1,""character_coverage"":0.019608},{""copyright"":""dungeons_&_dragons"",""co_posts"":1,""character_coverage"":0.019608},{""copyright"":""original"",""co_posts"":1,""character_coverage"":0.019608}]","","","PENDING",""
"I70-033464","leonard_(elden_ring)","4","Character","55","","","","","","","[{""copyright"":""elden_ring"",""co_posts"":54,""character_coverage"":1.0},{""copyright"":""umamusume"",""co_posts"":5,""character_coverage"":0.092593},{""copyright"":""elden_ring:_shadow_of_the_erdtree"",""co_posts"":3,""character_coverage"":0.055556},{""copyright"":""dark_souls_(series)"",""co_posts"":2,""character_coverage"":0.037037},{""copyright"":""pokemon"",""co_posts"":2,""character_coverage"":0.037037}]","","","PENDING",""
"I70-033465","ling_(it_does_wash_the_strings)_(arknights)","4","Character","55","","","","","","","[{""copyright"":""arknights"",""co_posts"":49,""character_coverage"":1.0},{""copyright"":""ambience_synesthesia"",""co_posts"":5,""character_coverage"":0.102041}]","","","PENDING",""
"I70-033466","linmei_quan","4","Character","55","","","","","Linmei Quan","","[{""copyright"":""original"",""co_posts"":38,""character_coverage"":0.844444},{""copyright"":""final_fantasy"",""co_posts"":11,""character_coverage"":0.244444},{""copyright"":""final_fantasy_xiv"",""co_posts"":11,""character_coverage"":0.244444},{""copyright"":""youtube"",""co_posts"":1,""character_coverage"":0.022222}]","","","PENDING",""
"I70-033467","lisa_pacifist","4","Character","55","","","","","リサ・パツィフィースト","","[{""copyright"":""final_fantasy"",""co_posts"":51,""character_coverage"":1.0},{""copyright"":""final_fantasy_unlimited"",""co_posts"":51,""character_coverage"":1.0},{""copyright"":""final_fantasy_vii"",""co_posts"":3,""character_coverage"":0.058824},{""copyright"":""idolmaster"",""co_posts"":2,""character_coverage"":0.039216},{""copyright"":""idolmaster_cinderella_girls"",""co_posts"":2,""character_coverage"":0.039216}]","","","PENDING",""
"I70-033468","lisia_(new_year's_2023)_(pokemon)","4","Character","55","","","","","ルチア(23シーズン)","","[{""copyright"":""pokemon"",""co_posts"":55,""character_coverage"":1.0},{""copyright"":""pokemon_masters_ex"",""co_posts"":55,""character_coverage"":1.0},{""copyright"":""pokemon_sun_and_moon"",""co_posts"":5,""character_coverage"":0.090909},{""copyright"":""pokemon_sword_and_shield"",""co_posts"":4,""character_coverage"":0.072727},{""copyright"":""pokemon_x_and_y"",""co_posts"":4,""character_coverage"":0.072727}]","","","PENDING",""
"I70-033469","little_black_sheep_(arknights)","4","Character","55","","","","","小黑羊","","[{""copyright"":""arknights"",""co_posts"":49,""character_coverage"":1.0},{""copyright"":""arknights:_endfield"",""co_posts"":33,""character_coverage"":0.673469}]","","","PENDING",""
"I70-033470","liz_hawkwood","4","Character","55","riz_hawkwood","riz hawkwood","","","リズ・ホークウッド","","[{""copyright"":""mahou_shoujo_madoka_magica"",""co_posts"":53,""character_coverage"":1.0},{""copyright"":""mahou_shoujo_tart_magica"",""co_posts"":49,""character_coverage"":0.924528},{""copyright"":""magia_record:_mahou_shoujo_madoka_magica_gaiden"",""co_posts"":30,""character_coverage"":0.566038},{""copyright"":""mahou_shoujo_madoka_magica_magia_exedra"",""co_posts"":21,""character_coverage"":0.396226},{""copyright"":""mahou_shoujo_kazumi_magica"",""co_posts"":6,""character_coverage"":0.113208}]","","","PENDING",""
"I70-033471","long_island_(long_island_-_indoor_slacker)_(azur_lane)","4","Character","55","long_island_(no_cola_no_life)_(azur_lane)","long island (no cola no life) (azur lane)","","","干物三連!","","[{""copyright"":""azur_lane"",""co_posts"":54,""character_coverage"":1.0},{""copyright"":""azur_lane:_slow_ahead"",""co_posts"":2,""character_coverage"":0.037037},{""copyright"":""carnival_phantasm"",""co_posts"":1,""character_coverage"":0.018519},{""copyright"":""coca-cola"",""co_posts"":1,""character_coverage"":0.018519},{""copyright"":""final_fantasy"",""co_posts"":1,""character_coverage"":0.018519}]","","","PENDING",""
"I70-033472","long-haired_girl_(ishiyumi)","4","Character","55","","","","","長髪の少女（石yumi）","","[{""copyright"":""original"",""co_posts"":55,""character_coverage"":1.0},{""copyright"":""gundam"",""co_posts"":11,""character_coverage"":0.2},{""copyright"":""mobile_suit_gundam"",""co_posts"":3,""character_coverage"":0.054545},{""copyright"":""kikou_senki_dragonar"",""co_posts"":2,""character_coverage"":0.036364},{""copyright"":""mechanical_buddy_universe"",""co_posts"":2,""character_coverage"":0.036364}]","","","PENDING",""
"I70-033473","lucatiel_of_mirrah","4","Character","55","","","","","ミラのルカティエル","","[{""copyright"":""dark_souls_(series)"",""co_posts"":53,""character_coverage"":1.0},{""copyright"":""dark_souls_ii"",""co_posts"":53,""character_coverage"":1.0},{""copyright"":""dark_souls_i"",""co_posts"":4,""character_coverage"":0.075472},{""copyright"":""demon's_souls"",""co_posts"":2,""character_coverage"":0.037736},{""copyright"":""elden_ring"",""co_posts"":2,""character_coverage"":0.037736}]","","","PENDING",""
"I70-033474","lucemon_falldown_mode","4","Character","55","lucemon_chaos_mode","lucemon chaos mode","","","ルーチェモンフォールダウンモード","","[{""copyright"":""digimon"",""co_posts"":45,""character_coverage"":1.0},{""copyright"":""digimon_card_game"",""co_posts"":13,""character_coverage"":0.288889},{""copyright"":""digimon_frontier"",""co_posts"":10,""character_coverage"":0.222222},{""copyright"":""digimon_story:_time_stranger"",""co_posts"":3,""character_coverage"":0.066667},{""copyright"":""hololive"",""co_posts"":2,""character_coverage"":0.044444}]","","","PENDING",""
"I70-033475","ludmila_lourie","4","Character","55","","","","","リュドミラ=ルリエ","","[{""copyright"":""madan_no_ou_to_vanadis"",""co_posts"":44,""character_coverage"":0.916667},{""copyright"":""fate/grand_order"",""co_posts"":1,""character_coverage"":0.020833},{""copyright"":""fate_(series)"",""co_posts"":1,""character_coverage"":0.020833},{""copyright"":""megami_magazine"",""co_posts"":1,""character_coverage"":0.020833},{""copyright"":""nyantype"",""co_posts"":1,""character_coverage"":0.020833}]","","","PENDING",""
"I70-033476","luka_(zombie_stage)","4","Character","55","","","","","ルカ","","[]","","","PENDING",""
"I70-033477","m1014_(girls'_frontline)","4","Character","55","m1014_(girls_frontline)","m1014 (girls frontline)","","","M1014(ドールズフロントライン)","","[{""copyright"":""girls'_frontline"",""co_posts"":52,""character_coverage"":1.0},{""copyright"":""metal_gear_(series)"",""co_posts"":2,""character_coverage"":0.038462},{""copyright"":""cowboy_bebop"",""co_posts"":1,""character_coverage"":0.019231},{""copyright"":""full_metal_jacket"",""co_posts"":1,""character_coverage"":0.019231},{""copyright"":""rainbow_six_siege"",""co_posts"":1,""character_coverage"":0.019231}]","","","PENDING",""
"I70-033478","m16a1_(blazer_of_the_trail)_(girls'_frontline)","4","Character","55","","","","","","","[{""copyright"":""girls'_frontline"",""co_posts"":50,""character_coverage"":1.0}]","","","PENDING",""
"I70-033479","m4a1_(suspender_of_time)_(girls'_frontline)","4","Character","55","","","","","M4A1（時間のサスペンダー）（女の子の最前線）","","[{""copyright"":""girls'_frontline"",""co_posts"":45,""character_coverage"":1.0},{""copyright"":""girls'_frontline_2:_exilium"",""co_posts"":1,""character_coverage"":0.022222},{""copyright"":""girls'_frontline_neural_cloud"",""co_posts"":1,""character_coverage"":0.022222}]","","","PENDING",""
"I70-033480","mai_akari","4","Character","55","","","","","真井あかり","","[{""copyright"":""magia_record:_mahou_shoujo_madoka_magica_gaiden"",""co_posts"":48,""character_coverage"":1.0},{""copyright"":""mahou_shoujo_madoka_magica"",""co_posts"":48,""character_coverage"":1.0},{""copyright"":""mahou_shoujo_kazumi_magica"",""co_posts"":3,""character_coverage"":0.0625},{""copyright"":""mahou_shoujo_tart_magica"",""co_posts"":3,""character_coverage"":0.0625},{""copyright"":""lyrical_nanoha"",""co_posts"":2,""character_coverage"":0.041667}]","","","PENDING",""
"I70-033481","maine_(cyberpunk)","4","Character","55","","","","","曼因","","[{""copyright"":""cyberpunk:_edgerunners"",""co_posts"":50,""character_coverage"":1.0},{""copyright"":""cyberpunk_(series)"",""co_posts"":50,""character_coverage"":1.0},{""copyright"":""wuthering_waves"",""co_posts"":3,""character_coverage"":0.06},{""copyright"":""bemani"",""co_posts"":1,""character_coverage"":0.02},{""copyright"":""dance_dance_revolution"",""co_posts"":1,""character_coverage"":0.02}]","","","PENDING",""
"I70-033482","malzahar_(league)","4","Character","55","malzahar","malzahar","","","マルザハル","","[{""copyright"":""league_of_legends"",""co_posts"":49,""character_coverage"":1.0},{""copyright"":""avengers:_age_of_ultron"",""co_posts"":2,""character_coverage"":0.040816},{""copyright"":""avengers_(series)"",""co_posts"":2,""character_coverage"":0.040816},{""copyright"":""marvel"",""co_posts"":2,""character_coverage"":0.040816},{""copyright"":""adventure_time"",""co_posts"":1,""character_coverage"":0.020408}]","","","PENDING",""
"I70-033483","mama_(cooking_mama)","4","Character","55","","","","","","","[{""copyright"":""cooking_mama"",""co_posts"":38,""character_coverage"":1.0},{""copyright"":""hello_kitty"",""co_posts"":3,""character_coverage"":0.078947},{""copyright"":""original"",""co_posts"":3,""character_coverage"":0.078947},{""copyright"":""pokemon"",""co_posts"":3,""character_coverage"":0.078947},{""copyright"":""sanrio"",""co_posts"":3,""character_coverage"":0.078947}]","","","PENDING",""
"I70-033484","mamiya_(hokuto_no_ken)","4","Character","55","","","","","マミヤ","","[{""copyright"":""hokuto_no_ken"",""co_posts"":47,""character_coverage"":1.0},{""copyright"":""touhou"",""co_posts"":1,""character_coverage"":0.021277}]","","","PENDING",""
"I70-033485","marci_(dota)","4","Character","55","","","","","マルシ（ドタ）","","[{""copyright"":""dota_(series)"",""co_posts"":49,""character_coverage"":1.0},{""copyright"":""dota_2"",""co_posts"":49,""character_coverage"":1.0},{""copyright"":""dota:_dragon's_blood"",""co_posts"":7,""character_coverage"":0.142857},{""copyright"":""original"",""co_posts"":1,""character_coverage"":0.020408}]","","","PENDING",""
"I70-033486","maria_(housamo)","4","Character","55","maria_(tokyo_houkago_summoners)","maria (tokyo houkago summoners)","","","マリア","","[{""copyright"":""tokyo_afterschool_summoners"",""co_posts"":55,""character_coverage"":1.0},{""copyright"":""jojo_no_kimyou_na_bouken"",""co_posts"":1,""character_coverage"":0.018182},{""copyright"":""line_(naver)"",""co_posts"":1,""character_coverage"":0.018182},{""copyright"":""live_a_hero"",""co_posts"":1,""character_coverage"":0.018182},{""copyright"":""pokemon"",""co_posts"":1,""character_coverage"":0.018182}]","","","PENDING",""
"I70-033487","mariya_sutegoro","4","Character","55","","","","","","","[{""copyright"":""kyatapi_land"",""co_posts"":55,""character_coverage"":1.0},{""copyright"":""futurama"",""co_posts"":1,""character_coverage"":0.018182},{""copyright"":""little_red_riding_hood_(fairy_tale)"",""co_posts"":1,""character_coverage"":0.018182},{""copyright"":""mona_lisa"",""co_posts"":1,""character_coverage"":0.018182}]","","","PENDING",""
"I70-033488","marryofblood","4","Character","55","","","","","","","[{""copyright"":""indie_virtual_youtuber"",""co_posts"":55,""character_coverage"":1.0},{""copyright"":""bloodborne"",""co_posts"":1,""character_coverage"":0.018182}]","","","PENDING",""
"I70-033489","mary_read_(third_ascension)_(fate)","4","Character","55","","","","","","","[{""copyright"":""fate_(series)"",""co_posts"":51,""character_coverage"":1.0},{""copyright"":""fate/grand_order"",""co_posts"":50,""character_coverage"":0.980392},{""copyright"":""fate/apocrypha"",""co_posts"":3,""character_coverage"":0.058824},{""copyright"":""fate/extra"",""co_posts"":3,""character_coverage"":0.058824},{""copyright"":""fate/kaleid_liner_prisma_illya"",""co_posts"":2,""character_coverage"":0.039216}]","","","PENDING",""
"I70-033490","masked_royal","4","Character","55","","","","","ロイヤルマスク","","[{""copyright"":""pokemon"",""co_posts"":45,""character_coverage"":1.0},{""copyright"":""pokemon_sun_and_moon"",""co_posts"":32,""character_coverage"":0.711111},{""copyright"":""pokemon_(anime)"",""co_posts"":12,""character_coverage"":0.266667},{""copyright"":""pokemon_the_series:_sun_&_moon"",""co_posts"":12,""character_coverage"":0.266667},{""copyright"":""pokemon_sword_and_shield"",""co_posts"":6,""character_coverage"":0.133333}]","","","PENDING",""
"I70-033491","matsuda_tsubaki","4","Character","55","","","","","松田tsubaki","","[{""copyright"":""kantai_collection"",""co_posts"":55,""character_coverage"":1.0}]","","","PENDING",""
"I70-033492","matsunaga_brigitta_kayo","4","Character","55","","","","","松永・ブリジッタ・佳世","","[{""copyright"":""assault_lily"",""co_posts"":55,""character_coverage"":1.0}]","","","PENDING",""
"I70-033493","maya_yukiko","4","Character","55","","","","","真屋由暉子","","[{""copyright"":""saki_(manga)"",""co_posts"":54,""character_coverage"":1.0},{""copyright"":""saki_achiga-hen"",""co_posts"":3,""character_coverage"":0.055556},{""copyright"":""melonbooks"",""co_posts"":1,""character_coverage"":0.018519},{""copyright"":""shinohayu_the_dawn_of_age"",""co_posts"":1,""character_coverage"":0.018519}]","","","PENDING",""
"I70-033494","mega_emboar","4","Character","55","","","","","メガエンブオー","","[{""copyright"":""pokemon"",""co_posts"":52,""character_coverage"":1.0},{""copyright"":""pokemon_legends:_z-a"",""co_posts"":16,""character_coverage"":0.307692},{""copyright"":""original"",""co_posts"":2,""character_coverage"":0.038462},{""copyright"":""pokemon_black_and_white"",""co_posts"":2,""character_coverage"":0.038462},{""copyright"":""pokemon_(anime)"",""co_posts"":1,""character_coverage"":0.019231}]","","","PENDING",""
"I70-033495","mega_kangaskhan","4","Character","55","","","","","メガガルーラ","","[{""copyright"":""pokemon"",""co_posts"":50,""character_coverage"":1.0},{""copyright"":""pokemon_x_and_y"",""co_posts"":7,""character_coverage"":0.14},{""copyright"":""pokemon_tcg"",""co_posts"":6,""character_coverage"":0.12},{""copyright"":""pokemon_black_and_white"",""co_posts"":2,""character_coverage"":0.04},{""copyright"":""pokemon_diamond/pearl/platinum"",""co_posts"":2,""character_coverage"":0.04}]","","","PENDING",""
"I70-033496","mega_slowbro","4","Character","55","","","","","メガヤドラン","","[{""copyright"":""pokemon"",""co_posts"":49,""character_coverage"":1.0},{""copyright"":""pokemon_(anime)"",""co_posts"":3,""character_coverage"":0.061224},{""copyright"":""pokemon_omega_ruby_and_alpha_sapphire"",""co_posts"":3,""character_coverage"":0.061224},{""copyright"":""pokemon_sun_and_moon"",""co_posts"":3,""character_coverage"":0.061224},{""copyright"":""pokemon_x_and_y"",""co_posts"":3,""character_coverage"":0.061224}]","","","PENDING",""
"I70-033497","melc_(ogami_kazuki)","4","Character","55","","","","","湿地魔女メルク","","[{""copyright"":""original"",""co_posts"":54,""character_coverage"":1.0}]","","","PENDING",""
"I70-033498","melty_pristis","4","Character","55","","","","","メルティ・プリスティス","","[{""copyright"":""re:zero_kara_hajimeru_isekai_seikatsu"",""co_posts"":36,""character_coverage"":1.0}]","","","PENDING",""
"I70-033499","merc_(merc_storia)","4","Character","55","","","","","メルク","","[{""copyright"":""merc_storia"",""co_posts"":53,""character_coverage"":1.0},{""copyright"":""kantai_collection"",""co_posts"":1,""character_coverage"":0.018868},{""copyright"":""last_period"",""co_posts"":1,""character_coverage"":0.018868},{""copyright"":""nyanko_daisensou"",""co_posts"":1,""character_coverage"":0.018868}]","","","PENDING",""
"I70-033500","mg42_(girls'_frontline)","4","Character","55","","","","","MG42(ドールズフロントライン)","","[{""copyright"":""girls'_frontline"",""co_posts"":48,""character_coverage"":1.0},{""copyright"":""metal_gear_(series)"",""co_posts"":2,""character_coverage"":0.041667},{""copyright"":""it_(stephen_king)"",""co_posts"":1,""character_coverage"":0.020833},{""copyright"":""starcraft"",""co_posts"":1,""character_coverage"":0.020833},{""copyright"":""tamiya_incorporated"",""co_posts"":1,""character_coverage"":0.020833}]","","","PENDING",""
