"row_id","canonical_tag","category","category_name","post_count","source_aliases","verified_aliases","existing_display_ja","existing_search_ja","existing_candidate_ja","existing_rejected_ja","related_copyright_candidates","display_ja","search_ja","translation_status","translation_note"
"I70-021001","johnny_james_(alice_sherlock)","4","Character","106","","","","","","","[{""copyright"":""alice_sherlock:_the_rubious_nebula"",""co_posts"":106,""character_coverage"":1.0}]","","","PENDING",""
"I70-021002","johnny_silverhand","4","Character","106","","","","","ジョニー・シルヴァーハンド","","[{""copyright"":""cyberpunk_(series)"",""co_posts"":88,""character_coverage"":1.0},{""copyright"":""cyberpunk_2077"",""co_posts"":84,""character_coverage"":0.954545},{""copyright"":""cyberpunk:_edgerunners"",""co_posts"":9,""character_coverage"":0.102273},{""copyright"":""girls'_frontline"",""co_posts"":5,""character_coverage"":0.056818},{""copyright"":""hololive"",""co_posts"":4,""character_coverage"":0.045455}]","","","PENDING",""
"I70-021003","joy_(red_velvet)","4","Character","106","","","","","","","[{""copyright"":""red_velvet_(group)"",""co_posts"":87,""character_coverage"":1.0},{""copyright"":""real_life"",""co_posts"":73,""character_coverage"":0.83908}]","","","PENDING",""
"I70-021004","jude_ares","4","Character","106","","","","","裘德·阿瑞斯","","[{""copyright"":""helios_rising_heroes"",""co_posts"":106,""character_coverage"":1.0},{""copyright"":""a_clockwork_orange"",""co_posts"":1,""character_coverage"":0.009434}]","","","PENDING",""
"I70-021005","jung_freud","4","Character","106","","","","","ユング・フロイト","","[{""copyright"":""top_wo_nerae!"",""co_posts"":87,""character_coverage"":1.0},{""copyright"":""top_wo_nerae!_(series)"",""co_posts"":87,""character_coverage"":1.0},{""copyright"":""neon_genesis_evangelion"",""co_posts"":5,""character_coverage"":0.057471},{""copyright"":""gainax"",""co_posts"":4,""character_coverage"":0.045977},{""copyright"":""char's_counterattack"",""co_posts"":2,""character_coverage"":0.022989}]","","","PENDING",""
"I70-021006","kaiboukan_no._22_(kancolle)","4","Character","106","","","","","第二十二号海防艦(艦隊これくしょん)","","[{""copyright"":""kantai_collection"",""co_posts"":102,""character_coverage"":1.0},{""copyright"":""kamen_rider"",""co_posts"":1,""character_coverage"":0.009804}]","","","PENDING",""
"I70-021007","kamishiro_tsumugi_(male)","4","Character","106","","","","","","","[{""copyright"":""otokonoko_ni_nacchatta_joshikousei"",""co_posts"":106,""character_coverage"":1.0}]","","","PENDING",""
"I70-021008","kaneda_mochiko","4","Character","106","","","","","金田持子","","[{""copyright"":""mount_celeb_kaneda-san"",""co_posts"":100,""character_coverage"":1.0},{""copyright"":""giant_ojou-sama"",""co_posts"":3,""character_coverage"":0.03},{""copyright"":""duolingo"",""co_posts"":1,""character_coverage"":0.01},{""copyright"":""yotsubato!"",""co_posts"":1,""character_coverage"":0.01}]","","","PENDING",""
"I70-021009","kasuga_maori","4","Character","106","","","","","春日舞織","","[{""copyright"":""arcana_heart"",""co_posts"":88,""character_coverage"":0.988764},{""copyright"":""m.u.g.e.n"",""co_posts"":9,""character_coverage"":0.101124},{""copyright"":""arcana_heart_2"",""co_posts"":6,""character_coverage"":0.067416},{""copyright"":""guilty_gear"",""co_posts"":6,""character_coverage"":0.067416},{""copyright"":""arcana_heart_3"",""co_posts"":5,""character_coverage"":0.05618}]","","","PENDING",""
"I70-021010","kayano_ai","4","Character","106","","","","","茅野愛衣","","[{""copyright"":""kantai_collection"",""co_posts"":35,""character_coverage"":0.333333},{""copyright"":""girls_und_panzer"",""co_posts"":25,""character_coverage"":0.238095},{""copyright"":""azur_lane"",""co_posts"":13,""character_coverage"":0.12381},{""copyright"":""kono_subarashii_sekai_ni_shukufuku_wo!"",""co_posts"":13,""character_coverage"":0.12381},{""copyright"":""gochuumon_wa_usagi_desu_ka?"",""co_posts"":12,""character_coverage"":0.114286}]","","","PENDING",""
"I70-021011","khamsin_nbh'w","4","Character","106","","","","","カムシン・ネブハーウ","","[{""copyright"":""shakugan_no_shana"",""co_posts"":102,""character_coverage"":1.0},{""copyright"":""gundam"",""co_posts"":1,""character_coverage"":0.009804},{""copyright"":""gundam_age"",""co_posts"":1,""character_coverage"":0.009804},{""copyright"":""real_life"",""co_posts"":1,""character_coverage"":0.009804},{""copyright"":""rilakkuma_(series)"",""co_posts"":1,""character_coverage"":0.009804}]","","","PENDING",""
"I70-021012","kikka_kitamoto","4","Character","106","kikka_kobayashi","kikka kobayashi","","","キッカ・キタモト","","[{""copyright"":""gundam"",""co_posts"":98,""character_coverage"":1.0},{""copyright"":""mobile_suit_gundam"",""co_posts"":92,""character_coverage"":0.938776},{""copyright"":""zeta_gundam"",""co_posts"":10,""character_coverage"":0.102041},{""copyright"":""gundam_zz"",""co_posts"":3,""character_coverage"":0.030612},{""copyright"":""nichijou"",""co_posts"":3,""character_coverage"":0.030612}]","","","PENDING",""
"I70-021013","koga_konoha","4","Character","106","","","","","古賀このは","","[{""copyright"":""ninja_to_koroshiya_no_futarigurashi"",""co_posts"":100,""character_coverage"":1.0},{""copyright"":""newtype"",""co_posts"":2,""character_coverage"":0.02},{""copyright"":""apocalypse_hotel"",""co_posts"":1,""character_coverage"":0.01},{""copyright"":""boku_no_hero_academia"",""co_posts"":1,""character_coverage"":0.01},{""copyright"":""chainsaw_man"",""co_posts"":1,""character_coverage"":0.01}]","","","PENDING",""
"I70-021014","larten_crepsley","4","Character","106","","","","","クレプスリー","","[{""copyright"":""the_saga_of_darren_shan"",""co_posts"":103,""character_coverage"":1.0},{""copyright"":""adventure_time"",""co_posts"":1,""character_coverage"":0.009709},{""copyright"":""avatar:_the_last_airbender"",""co_posts"":1,""character_coverage"":0.009709},{""copyright"":""avatar_legends"",""co_posts"":1,""character_coverage"":0.009709},{""copyright"":""avengers_(series)"",""co_posts"":1,""character_coverage"":0.009709}]","","","PENDING",""
"I70-021015","lawrence_(shiro_seijo_to_kuro_bokushi)","4","Character","106","","","","","ローレンス（Shiro SeijoからKuro Bokushi）","","[{""copyright"":""shiro_seijo_to_kuro_bokushi"",""co_posts"":106,""character_coverage"":1.0},{""copyright"":""original"",""co_posts"":6,""character_coverage"":0.056604}]","","","PENDING",""
"I70-021016","lord_knight_(elsword)","4","Character","106","","","","","ロードナイト","","[{""copyright"":""elsword"",""co_posts"":102,""character_coverage"":1.0},{""copyright"":""vocaloid"",""co_posts"":4,""character_coverage"":0.039216},{""copyright"":""batman_(series)"",""co_posts"":3,""character_coverage"":0.029412},{""copyright"":""dc_comics"",""co_posts"":3,""character_coverage"":0.029412},{""copyright"":""death_note"",""co_posts"":2,""character_coverage"":0.019608}]","","","PENDING",""
"I70-021017","maaka_karin","4","Character","106","","","","","真紅果林","","[{""copyright"":""karin_(manga)"",""co_posts"":52,""character_coverage"":1.0},{""copyright"":""kadokawa"",""co_posts"":2,""character_coverage"":0.038462},{""copyright"":""original"",""co_posts"":2,""character_coverage"":0.038462},{""copyright"":""azumanga_daioh"",""co_posts"":1,""character_coverage"":0.019231},{""copyright"":""di_gi_charat"",""co_posts"":1,""character_coverage"":0.019231}]","","","PENDING",""
"I70-021018","machita_chima_(1st_costume)","4","Character","106","","","","","町田ちま(私服)","","[{""copyright"":""nijisanji"",""co_posts"":105,""character_coverage"":1.0},{""copyright"":""hololive"",""co_posts"":3,""character_coverage"":0.028571},{""copyright"":""indie_virtual_youtuber"",""co_posts"":3,""character_coverage"":0.028571},{""copyright"":""nijisanji_en"",""co_posts"":3,""character_coverage"":0.028571},{""copyright"":""hololive_english"",""co_posts"":2,""character_coverage"":0.019048}]","","","PENDING",""
"I70-021019","maes_hughes","4","Character","106","","","","","マース・ヒューズ","","[{""copyright"":""fullmetal_alchemist"",""co_posts"":100,""character_coverage"":0.990099},{""copyright"":""crayon_shin-chan"",""co_posts"":3,""character_coverage"":0.029703},{""copyright"":""jojo_no_kimyou_na_bouken"",""co_posts"":3,""character_coverage"":0.029703},{""copyright"":""the_king_of_fighters"",""co_posts"":3,""character_coverage"":0.029703},{""copyright"":""azumanga_daioh"",""co_posts"":2,""character_coverage"":0.019802}]","","","PENDING",""
"I70-021020","malpha_ravencroft","4","Character","106","oneerissa_ravencroft","oneerissa ravencroft","","","","","[{""copyright"":""hololive"",""co_posts"":101,""character_coverage"":1.0},{""copyright"":""hololive_english"",""co_posts"":101,""character_coverage"":1.0},{""copyright"":""irasutoya"",""co_posts"":1,""character_coverage"":0.009901},{""copyright"":""resident_evil"",""co_posts"":1,""character_coverage"":0.009901},{""copyright"":""resident_evil_village"",""co_posts"":1,""character_coverage"":0.009901}]","","","PENDING",""
"I70-021021","mandalay_(boku_no_hero_academia)","4","Character","106","sousaki_shino","sousaki shino","","","マンダレイ","","[{""copyright"":""boku_no_hero_academia"",""co_posts"":90,""character_coverage"":1.0}]","","","PENDING",""
"I70-021022","mechanica_(arms)","4","Character","106","","","","","メカニッカ","","[{""copyright"":""arms_(game)"",""co_posts"":90,""character_coverage"":1.0},{""copyright"":""warioware"",""co_posts"":2,""character_coverage"":0.022222},{""copyright"":""animal_crossing"",""co_posts"":1,""character_coverage"":0.011111},{""copyright"":""final_fantasy"",""co_posts"":1,""character_coverage"":0.011111},{""copyright"":""final_fantasy_xv"",""co_posts"":1,""character_coverage"":0.011111}]","","","PENDING",""
"I70-021023","mia_(summer)_(fire_emblem)","4","Character","106","","","","","","","[{""copyright"":""fire_emblem"",""co_posts"":93,""character_coverage"":1.0},{""copyright"":""fire_emblem_heroes"",""co_posts"":87,""character_coverage"":0.935484},{""copyright"":""fire_emblem:_radiant_dawn"",""co_posts"":80,""character_coverage"":0.860215},{""copyright"":""fire_emblem_awakening"",""co_posts"":48,""character_coverage"":0.516129},{""copyright"":""fire_emblem:_path_of_radiance"",""co_posts"":43,""character_coverage"":0.462366}]","","","PENDING",""
"I70-021024","minato_aqua_(girly_maid)","4","Character","106","minato_aqua_(8th_costume)","minato aqua (8th costume)","","","","","[{""copyright"":""hololive"",""co_posts"":101,""character_coverage"":1.0},{""copyright"":""indie_virtual_youtuber"",""co_posts"":3,""character_coverage"":0.029703},{""copyright"":""sword_art_online"",""co_posts"":1,""character_coverage"":0.009901}]","","","PENDING",""
"I70-021025","miruku_(cutesu)","4","Character","106","","","","","","","[{""copyright"":""original"",""co_posts"":104,""character_coverage"":1.0}]","","","PENDING",""
"I70-021026","miton-chan_(miton_(turuyasann))","4","Character","106","","","","","みとんちゃん","","[{""copyright"":""original"",""co_posts"":101,""character_coverage"":0.980583},{""copyright"":""onii-chan_wa_oshimai!"",""co_posts"":2,""character_coverage"":0.019417},{""copyright"":""idolmaster"",""co_posts"":1,""character_coverage"":0.009709},{""copyright"":""idolmaster_cinderella_girls"",""co_posts"":1,""character_coverage"":0.009709}]","","","PENDING",""
"I70-021027","miyako_hinano","4","Character","106","","","","","都ひなの","","[{""copyright"":""magia_record:_mahou_shoujo_madoka_magica_gaiden"",""co_posts"":101,""character_coverage"":1.0},{""copyright"":""mahou_shoujo_madoka_magica"",""co_posts"":101,""character_coverage"":1.0},{""copyright"":""mahou_shoujo_madoka_magica_magia_exedra"",""co_posts"":12,""character_coverage"":0.118812},{""copyright"":""mahou_shoujo_madoka_magica:_hangyaku_no_monogatari"",""co_posts"":5,""character_coverage"":0.049505},{""copyright"":""mahou_shoujo_oriko_magica"",""co_posts"":4,""character_coverage"":0.039604}]","","","PENDING",""
"I70-021028","mp41_(girls'_frontline)","4","Character","106","","","","","MP41(ドールズフロントライン)","","[{""copyright"":""girls'_frontline"",""co_posts"":101,""character_coverage"":1.0},{""copyright"":""company_of_heroes"",""co_posts"":4,""character_coverage"":0.039604},{""copyright"":""metal_gear_(series)"",""co_posts"":2,""character_coverage"":0.019802},{""copyright"":""hololive"",""co_posts"":1,""character_coverage"":0.009901},{""copyright"":""hololive_english"",""co_posts"":1,""character_coverage"":0.009901}]","","","PENDING",""
"I70-021029","muguruma_kensei","4","Character","106","","","","","六車拳西","","[{""copyright"":""bleach"",""co_posts"":70,""character_coverage"":1.0},{""copyright"":""bleach:_sennen_kessen-hen"",""co_posts"":25,""character_coverage"":0.357143},{""copyright"":""bleach:_turn_back_the_pendulum"",""co_posts"":4,""character_coverage"":0.057143},{""copyright"":""bleach:_epilogue"",""co_posts"":3,""character_coverage"":0.042857},{""copyright"":""bleach:_the_high_school_warfare"",""co_posts"":2,""character_coverage"":0.028571}]","","","PENDING",""
"I70-021030","naganami_kai_ni_(swimsuit)_(kancolle)","4","Character","106","","","","","長波改二(水着)","","[{""copyright"":""kantai_collection"",""co_posts"":98,""character_coverage"":1.0}]","","","PENDING",""
"I70-021031","nanami_yuuno","4","Character","106","","","","","七海優乃","","[{""copyright"":""original"",""co_posts"":65,""character_coverage"":0.625},{""copyright"":""twinbox_school"",""co_posts"":49,""character_coverage"":0.471154},{""copyright"":""dengeki_moeoh"",""co_posts"":4,""character_coverage"":0.038462},{""copyright"":""melonbooks"",""co_posts"":3,""character_coverage"":0.028846},{""copyright"":""starry_night_(van_gogh)"",""co_posts"":3,""character_coverage"":0.028846}]","","","PENDING",""
"I70-021032","nanika_wiz_mayura","4","Character","106","digital_witch_mayura","digital witch mayura","","","何かwizまゆら","","[{""copyright"":""ukagaka"",""co_posts"":99,""character_coverage"":0.980198},{""copyright"":""futaba_channel"",""co_posts"":8,""character_coverage"":0.079208},{""copyright"":""microsoft_windows"",""co_posts"":8,""character_coverage"":0.079208},{""copyright"":""os-tan"",""co_posts"":8,""character_coverage"":0.079208},{""copyright"":""kfc"",""co_posts"":7,""character_coverage"":0.069307}]","","","PENDING",""
"I70-021033","narumiya_mei","4","Character","106","","","","","成宮鳴","","[{""copyright"":""daiya_no_ace"",""co_posts"":61,""character_coverage"":1.0}]","","","PENDING",""
"I70-021034","natori_sana_(jiangshi)","4","Character","106","","","","","","","[{""copyright"":""sana_channel"",""co_posts"":106,""character_coverage"":1.0},{""copyright"":"".live"",""co_posts"":1,""character_coverage"":0.009434},{""copyright"":""fuwa_fuwa_cinnamoroll"",""co_posts"":1,""character_coverage"":0.009434},{""copyright"":""genshin_impact"",""co_posts"":1,""character_coverage"":0.009434},{""copyright"":""hello_kitty"",""co_posts"":1,""character_coverage"":0.009434}]","","","PENDING",""
"I70-021035","niimi_kakeru","4","Character","106","","","","","新海翔","","[{""copyright"":""9-nine-"",""co_posts"":84,""character_coverage"":1.0},{""copyright"":""comiket_105"",""co_posts"":2,""character_coverage"":0.02381},{""copyright"":""jujutsu_kaisen"",""co_posts"":1,""character_coverage"":0.011905}]","","","PENDING",""
"I70-021036","oda_yuuma","4","Character","106","","","","","小田ユーマ","","[{""copyright"":""succubus_appli"",""co_posts"":106,""character_coverage"":1.0}]","","","PENDING",""
"I70-021037","oono_mayu","4","Character","106","","","","","Oono Mayu","","[{""copyright"":""pixiv_azriel"",""co_posts"":106,""character_coverage"":1.0},{""copyright"":""cardcaptor_sakura"",""co_posts"":9,""character_coverage"":0.084906},{""copyright"":""kidou_senkan_nadesico"",""co_posts"":4,""character_coverage"":0.037736},{""copyright"":""fate/stay_night"",""co_posts"":1,""character_coverage"":0.009434},{""copyright"":""fate_(series)"",""co_posts"":1,""character_coverage"":0.009434}]","","","PENDING",""
"I70-021038","pawbert_lynxley","4","Character","106","","","","","宝伯特","","[{""copyright"":""zootopia"",""co_posts"":103,""character_coverage"":1.0},{""copyright"":""zootopia_2"",""co_posts"":96,""character_coverage"":0.932039},{""copyright"":""echo_(visual_novel)"",""co_posts"":2,""character_coverage"":0.019417},{""copyright"":""echo_project"",""co_posts"":2,""character_coverage"":0.019417},{""copyright"":""puss_in_boots:_the_last_wish"",""co_posts"":2,""character_coverage"":0.019417}]","","","PENDING",""
"I70-021039","phyllis_(cat)_(little_witch_nobeta)","4","Character","106","black_cat_(little_witch_nobeta)","black cat (little witch nobeta)","","","","","[{""copyright"":""little_witch_nobeta"",""co_posts"":106,""character_coverage"":1.0},{""copyright"":""coca-cola"",""co_posts"":1,""character_coverage"":0.009434},{""copyright"":""elden_ring"",""co_posts"":1,""character_coverage"":0.009434},{""copyright"":""hololive"",""co_posts"":1,""character_coverage"":0.009434},{""copyright"":""hololive_english"",""co_posts"":1,""character_coverage"":0.009434}]","","","PENDING",""
"I70-021040","pleiadean","4","Character","106","","","","","Pleiadean","","[{""copyright"":""houkago_no_pleiades"",""co_posts"":104,""character_coverage"":1.0},{""copyright"":""mahou_shoujo_madoka_magica"",""co_posts"":4,""character_coverage"":0.038462},{""copyright"":""mahou_shoujo_madoka_magica_(anime)"",""co_posts"":4,""character_coverage"":0.038462},{""copyright"":""megami_magazine"",""co_posts"":3,""character_coverage"":0.028846},{""copyright"":""k-on!"",""co_posts"":2,""character_coverage"":0.019231}]","","","PENDING",""
"I70-021041","provence_(casual_vacation)_(arknights)","4","Character","106","provence_(leisure_summer)_(arknights)","provence (leisure summer) (arknights)","","","プロヴァンス（カジュアル休暇）（arknights）","","[{""copyright"":""arknights"",""co_posts"":105,""character_coverage"":1.0}]","","","PENDING",""
"I70-021042","purifier_(azur_lane)","4","Character","106","siren_purifier_(azur_lane)","siren purifier (azur lane)","","","ピュリファイアー(アズールレーン)","","[{""copyright"":""azur_lane"",""co_posts"":88,""character_coverage"":1.0},{""copyright"":""battle_tendency"",""co_posts"":3,""character_coverage"":0.034091},{""copyright"":""hololive"",""co_posts"":3,""character_coverage"":0.034091},{""copyright"":""jojo_no_kimyou_na_bouken"",""co_posts"":3,""character_coverage"":0.034091},{""copyright"":""kantai_collection"",""co_posts"":2,""character_coverage"":0.022727}]","","","PENDING",""
"I70-021043","rhajat_(fire_emblem)","4","Character","106","syalla_(fire_emblem_if)","syalla (fire emblem if)","","","シャラ","","[{""copyright"":""fire_emblem"",""co_posts"":94,""character_coverage"":1.0},{""copyright"":""fire_emblem_fates"",""co_posts"":94,""character_coverage"":1.0},{""copyright"":""fire_emblem_heroes"",""co_posts"":19,""character_coverage"":0.202128},{""copyright"":""fire_emblem_awakening"",""co_posts"":9,""character_coverage"":0.095745},{""copyright"":""fire_emblem_cipher"",""co_posts"":5,""character_coverage"":0.053191}]","","","PENDING",""
"I70-021044","robosaa_(roboco)","4","Character","106","robosaa_(roboco_ch.)","robosaa (roboco ch.)","","","ロボサー","","[{""copyright"":""hololive"",""co_posts"":97,""character_coverage"":1.0},{""copyright"":""hololive_english"",""co_posts"":10,""character_coverage"":0.103093},{""copyright"":""hololive_indonesia"",""co_posts"":3,""character_coverage"":0.030928},{""copyright"":""hololive_dreams"",""co_posts"":2,""character_coverage"":0.020619},{""copyright"":""apex_legends"",""co_posts"":1,""character_coverage"":0.010309}]","","","PENDING",""
"I70-021045","ryuujou_(azur_lane)","4","Character","106","","","","","龍驤(アズールレーン)","","[{""copyright"":""azur_lane"",""co_posts"":102,""character_coverage"":1.0},{""copyright"":""kamen_rider"",""co_posts"":11,""character_coverage"":0.107843},{""copyright"":""kantai_collection"",""co_posts"":6,""character_coverage"":0.058824},{""copyright"":""azur_lane:_slow_ahead"",""co_posts"":3,""character_coverage"":0.029412},{""copyright"":""kamen_rider_drive_(series)"",""co_posts"":3,""character_coverage"":0.029412}]","","","PENDING",""
"I70-021046","sado_yasutora","4","Character","106","","","","","茶渡泰虎","","[{""copyright"":""bleach"",""co_posts"":89,""character_coverage"":0.988889},{""copyright"":""bleach:_sennen_kessen-hen"",""co_posts"":25,""character_coverage"":0.277778},{""copyright"":""bleach:_epilogue"",""co_posts"":4,""character_coverage"":0.044444},{""copyright"":""2026_fifa_world_cup"",""co_posts"":2,""character_coverage"":0.022222},{""copyright"":""bleach:_brave_souls"",""co_posts"":2,""character_coverage"":0.022222}]","","","PENDING",""
"I70-021047","sailor_star_healer","4","Character","106","","","","","セーラースターヒーラー","","[{""copyright"":""bishoujo_senshi_sailor_moon"",""co_posts"":98,""character_coverage"":1.0},{""copyright"":""bishoujo_senshi_sailor_moon_stars"",""co_posts"":98,""character_coverage"":1.0},{""copyright"":""bishoujo_senshi_sailor_moon_supers"",""co_posts"":8,""character_coverage"":0.081633},{""copyright"":""bishoujo_senshi_sailor_moon_s"",""co_posts"":7,""character_coverage"":0.071429},{""copyright"":""bishoujo_senshi_sailor_moon_r"",""co_posts"":5,""character_coverage"":0.05102}]","","","PENDING",""
"I70-021048","samson_big_(umamusume)","4","Character","106","","","","","サムソンビッグ(ウマ娘)","","[{""copyright"":""umamusume"",""co_posts"":101,""character_coverage"":1.0},{""copyright"":""umamusume:_star_blossom"",""co_posts"":7,""character_coverage"":0.069307},{""copyright"":""cygames"",""co_posts"":2,""character_coverage"":0.019802},{""copyright"":""umamusume:_party_dash"",""co_posts"":1,""character_coverage"":0.009901}]","","","PENDING",""
"I70-021049","sana_(tiny_evil)","4","Character","106","","","","","サナ（小さな悪）","","[{""copyright"":""tiny_evil"",""co_posts"":106,""character_coverage"":1.0},{""copyright"":""original"",""co_posts"":34,""character_coverage"":0.320755}]","","","PENDING",""
"I70-021050","schwertkreuz_(standby_form)","4","Character","106","","","","","待機形態","","[{""copyright"":""lyrical_nanoha"",""co_posts"":105,""character_coverage"":1.0},{""copyright"":""mahou_shoujo_lyrical_nanoha"",""co_posts"":63,""character_coverage"":0.6},{""copyright"":""mahou_shoujo_lyrical_nanoha_a's"",""co_posts"":56,""character_coverage"":0.533333},{""copyright"":""mahou_shoujo_lyrical_nanoha_strikers"",""co_posts"":41,""character_coverage"":0.390476},{""copyright"":""mahou_shoujo_lyrical_nanoha_the_movie_2nd_a's"",""co_posts"":10,""character_coverage"":0.095238}]","","","PENDING",""
"I70-021051","sendou_yukari","4","Character","106","sendo_yukari","sendo yukari","","","仙童紫","","[{""copyright"":""rosario+vampire"",""co_posts"":57,""character_coverage"":1.0},{""copyright"":""megami_magazine"",""co_posts"":2,""character_coverage"":0.035088},{""copyright"":""bayonetta_(series)"",""co_posts"":1,""character_coverage"":0.017544},{""copyright"":""berserk"",""co_posts"":1,""character_coverage"":0.017544},{""copyright"":""concrete_revolutio"",""co_posts"":1,""character_coverage"":0.017544}]","","","PENDING",""
"I70-021052","shigure_ui_(casual)_(vtuber)","4","Character","106","shigure_ui_(vtuber)_(casual),shigure_ui_(vtuber)_(4th_costume)","shigure ui (vtuber) (4th costume) | shigure ui (vtuber) (casual)","","","","","[{""copyright"":""indie_virtual_youtuber"",""co_posts"":106,""character_coverage"":1.0},{""copyright"":""hololive"",""co_posts"":36,""character_coverage"":0.339623},{""copyright"":""hololive_english"",""co_posts"":4,""character_coverage"":0.037736},{""copyright"":""holostars"",""co_posts"":4,""character_coverage"":0.037736},{""copyright"":""nijisanji"",""co_posts"":3,""character_coverage"":0.028302}]","","","PENDING",""
"I70-021053","shinidamachuu","4","Character","106","kikyou's_soul_catchers","kikyou's soul catchers","","","しにだまちゅう","","[{""copyright"":""inuyasha"",""co_posts"":106,""character_coverage"":1.0},{""copyright"":""akazukin_chacha"",""co_posts"":1,""character_coverage"":0.009434},{""copyright"":""bakusou_kyoudai_let's_&_go!!"",""co_posts"":1,""character_coverage"":0.009434},{""copyright"":""bakusou_kyoudai_let's_&_go!!_max"",""co_posts"":1,""character_coverage"":0.009434},{""copyright"":""fushigi_no_umi_no_nadia"",""co_posts"":1,""character_coverage"":0.009434}]","","","PENDING",""
"I70-021054","shinonome_tsumugi_(ongeki)","4","Character","106","","","","","東雲つむぎ","","[{""copyright"":""ongeki"",""co_posts"":93,""character_coverage"":1.0},{""copyright"":""chunithm"",""co_posts"":1,""character_coverage"":0.010753},{""copyright"":""comiket_106"",""co_posts"":1,""character_coverage"":0.010753},{""copyright"":""comiket_107"",""co_posts"":1,""character_coverage"":0.010753},{""copyright"":""little_red_riding_hood_(fairy_tale)"",""co_posts"":1,""character_coverage"":0.010753}]","","","PENDING",""
"I70-021055","shirazumi_lio","4","Character","106","","","","","白純里緒","","[{""copyright"":""kara_no_kyoukai"",""co_posts"":87,""character_coverage"":1.0},{""copyright"":""fate_(series)"",""co_posts"":19,""character_coverage"":0.218391},{""copyright"":""type-moon"",""co_posts"":18,""character_coverage"":0.206897},{""copyright"":""tsukihime"",""co_posts"":14,""character_coverage"":0.16092},{""copyright"":""fate/stay_night"",""co_posts"":10,""character_coverage"":0.114943}]","","","PENDING",""
"I70-021056","shishio_chris_(2nd_costume)","4","Character","106","","","","","","","[{""copyright"":""nanashi_inc."",""co_posts"":106,""character_coverage"":1.0},{""copyright"":""big_hero_6"",""co_posts"":2,""character_coverage"":0.018868},{""copyright"":""shinrabanshou"",""co_posts"":2,""character_coverage"":0.018868},{""copyright"":""vampire_(vocaloid)"",""co_posts"":2,""character_coverage"":0.018868},{""copyright"":""ark_survival_evolved"",""co_posts"":1,""character_coverage"":0.009434}]","","","PENDING",""
"I70-021057","shizuka_(world_dai_star)","4","Character","106","","","","","静香","","[{""copyright"":""world_dai_star"",""co_posts"":98,""character_coverage"":1.0},{""copyright"":""maimai_(game)"",""co_posts"":2,""character_coverage"":0.020408},{""copyright"":""megami_magazine"",""co_posts"":2,""character_coverage"":0.020408},{""copyright"":""phantom_of_the_opera"",""co_posts"":2,""character_coverage"":0.020408},{""copyright"":""genjitsu_no_yohane"",""co_posts"":1,""character_coverage"":0.010204}]","","","PENDING",""
"I70-021058","silent_magician_lv4","4","Character","106","","","","","サイレント・マジシャンLV4","","[{""copyright"":""yu-gi-oh!"",""co_posts"":102,""character_coverage"":1.0},{""copyright"":""yu-gi-oh!_duel_monsters"",""co_posts"":20,""character_coverage"":0.196078},{""copyright"":""idolmaster"",""co_posts"":2,""character_coverage"":0.019608},{""copyright"":""idolmaster_cinderella_girls"",""co_posts"":2,""character_coverage"":0.019608},{""copyright"":""monster_strike"",""co_posts"":2,""character_coverage"":0.019608}]","","","PENDING",""
"I70-021059","solution_epsilon","4","Character","106","","","","","ソリュシャン・イプシロン","","[{""copyright"":""overlord_(maruyama)"",""co_posts"":85,""character_coverage"":1.0},{""copyright"":""ghost_in_the_shell"",""co_posts"":3,""character_coverage"":0.035294},{""copyright"":""dragon_ball"",""co_posts"":1,""character_coverage"":0.011765},{""copyright"":""dragon_ball_z"",""co_posts"":1,""character_coverage"":0.011765},{""copyright"":""durarara!!"",""co_posts"":1,""character_coverage"":0.011765}]","","","PENDING",""
"I70-021060","specter_(undercurrent)_(arknights)","4","Character","106","","","","","Spectre（undercurrent）（arknights）","","[{""copyright"":""arknights"",""co_posts"":104,""character_coverage"":1.0},{""copyright"":""ambience_synesthesia"",""co_posts"":3,""character_coverage"":0.028846},{""copyright"":""bang_dream!"",""co_posts"":1,""character_coverage"":0.009615},{""copyright"":""bang_dream!_it's_mygo!!!!!"",""co_posts"":1,""character_coverage"":0.009615},{""copyright"":""dungeons_&_dragons"",""co_posts"":1,""character_coverage"":0.009615}]","","","PENDING",""
"I70-021061","st._louis_(blue_and_white_pottery)_(azur_lane)","4","Character","106","st._louis_(splendor_of_spring)_(azur_lane)","st. louis (splendor of spring) (azur lane)","","","春の華","","[{""copyright"":""azur_lane"",""co_posts"":102,""character_coverage"":1.0}]","","","PENDING",""
"I70-021062","sugisaki_miku","4","Character","106","","","","","杉崎みく","","[{""copyright"":""mitsudomoe_(manga)"",""co_posts"":100,""character_coverage"":1.0},{""copyright"":""maria-sama_ga_miteru"",""co_posts"":2,""character_coverage"":0.02},{""copyright"":""animal_crossing"",""co_posts"":1,""character_coverage"":0.01},{""copyright"":""mahou_shoujo_madoka_magica"",""co_posts"":1,""character_coverage"":0.01},{""copyright"":""mahou_shoujo_madoka_magica_(anime)"",""co_posts"":1,""character_coverage"":0.01}]","","","PENDING",""
"I70-021063","sunflower_fairy_(touhou)","4","Character","106","","","","","ひまわり妖精","","[{""copyright"":""touhou"",""co_posts"":103,""character_coverage"":1.0},{""copyright"":""touhou_(pc-98)"",""co_posts"":20,""character_coverage"":0.194175},{""copyright"":""magician's_aerial_dream"",""co_posts"":12,""character_coverage"":0.116505},{""copyright"":""seihou"",""co_posts"":9,""character_coverage"":0.087379},{""copyright"":""dolls_in_pseudo_paradise"",""co_posts"":8,""character_coverage"":0.07767}]","","","PENDING",""
"I70-021064","super_sailor_neptune","4","Character","106","","","","","スーパーセーラーネプチューン","","[{""copyright"":""bishoujo_senshi_sailor_moon"",""co_posts"":103,""character_coverage"":1.0},{""copyright"":""bishoujo_senshi_sailor_moon_stars"",""co_posts"":27,""character_coverage"":0.262136},{""copyright"":""bishoujo_senshi_sailor_moon_supers"",""co_posts"":16,""character_coverage"":0.15534},{""copyright"":""bishoujo_senshi_sailor_moon_r"",""co_posts"":4,""character_coverage"":0.038835},{""copyright"":""bishoujo_senshi_sailor_moon_s"",""co_posts"":4,""character_coverage"":0.038835}]","","","PENDING",""
"I70-021065","sussie_(kpop_demon_hunters)","4","Character","106","","","","","","","[{""copyright"":""kpop_demon_hunters"",""co_posts"":99,""character_coverage"":1.0},{""copyright"":""aladdin_(movie)"",""co_posts"":1,""character_coverage"":0.010101},{""copyright"":""final_fantasy"",""co_posts"":1,""character_coverage"":0.010101},{""copyright"":""final_fantasy_vii"",""co_posts"":1,""character_coverage"":0.010101},{""copyright"":""league_of_legends"",""co_posts"":1,""character_coverage"":0.010101}]","","","PENDING",""
"I70-021066","suzuki_chinami","4","Character","106","","","","","鈴木因","","[{""copyright"":""assault_lily"",""co_posts"":101,""character_coverage"":1.0},{""copyright"":""pokemon"",""co_posts"":1,""character_coverage"":0.009901}]","","","PENDING",""
"I70-021067","syrup_(precure)","4","Character","106","syrup_(yes!_precure_5)","syrup (yes! precure 5)","","","シロップ","","[{""copyright"":""precure"",""co_posts"":102,""character_coverage"":1.0},{""copyright"":""yes!_precure_5"",""co_posts"":102,""character_coverage"":1.0},{""copyright"":""yes!_precure_5_gogo!"",""co_posts"":79,""character_coverage"":0.77451},{""copyright"":""futari_wa_precure"",""co_posts"":21,""character_coverage"":0.205882},{""copyright"":""heartcatch_precure!"",""co_posts"":21,""character_coverage"":0.205882}]","","","PENDING",""
"I70-021068","taki_eri","4","Character","106","girl_who_sits_in_front_of_ritsu_(k-on!)","girl who sits in front of ritsu (k-on!)","","","瀧エリ","","[{""copyright"":""k-on!"",""co_posts"":104,""character_coverage"":1.0},{""copyright"":""coca-cola"",""co_posts"":4,""character_coverage"":0.038462},{""copyright"":""romeo_and_juliet"",""co_posts"":2,""character_coverage"":0.019231},{""copyright"":""ac_japan"",""co_posts"":1,""character_coverage"":0.009615},{""copyright"":""alice's_adventures_in_wonderland"",""co_posts"":1,""character_coverage"":0.009615}]","","","PENDING",""
"I70-021069","tanaka_keiko_(amagami)","4","Character","106","","","","","田中恵子","","[{""copyright"":""amagami"",""co_posts"":104,""character_coverage"":0.990476},{""copyright"":""kamen_rider"",""co_posts"":3,""character_coverage"":0.028571},{""copyright"":""comiket_107"",""co_posts"":2,""character_coverage"":0.019048},{""copyright"":""kamen_rider_black_(series)"",""co_posts"":2,""character_coverage"":0.019048},{""copyright"":""kamen_rider_blade_(series)"",""co_posts"":2,""character_coverage"":0.019048}]","","","PENDING",""
"I70-021070","tang_san","4","Character","106","","","","","唐三","","[{""copyright"":""douluo_dalu"",""co_posts"":93,""character_coverage"":1.0}]","","","PENDING",""
"I70-021071","the_prince_(metaphor:_refantazio)","4","Character","106","","","","","","","[{""copyright"":""metaphor:_refantazio"",""co_posts"":106,""character_coverage"":1.0},{""copyright"":""katamari_damacy"",""co_posts"":1,""character_coverage"":0.009434},{""copyright"":""persona"",""co_posts"":1,""character_coverage"":0.009434},{""copyright"":""persona_3"",""co_posts"":1,""character_coverage"":0.009434},{""copyright"":""persona_4"",""co_posts"":1,""character_coverage"":0.009434}]","","","PENDING",""
"I70-021072","tholindis_(genshin_impact)","4","Character","106","","","","","ソリンディス","","[{""copyright"":""genshin_impact"",""co_posts"":106,""character_coverage"":1.0},{""copyright"":""honkai:_star_rail"",""co_posts"":1,""character_coverage"":0.009434},{""copyright"":""honkai_(series)"",""co_posts"":1,""character_coverage"":0.009434}]","","","PENDING",""
"I70-021073","thrasir_(fire_emblem)","4","Character","106","","","","","スラシル","","[{""copyright"":""fire_emblem"",""co_posts"":93,""character_coverage"":1.0},{""copyright"":""fire_emblem_heroes"",""co_posts"":93,""character_coverage"":1.0},{""copyright"":""fire_emblem_cipher"",""co_posts"":3,""character_coverage"":0.032258},{""copyright"":""fire_emblem:_radiant_dawn"",""co_posts"":1,""character_coverage"":0.010753},{""copyright"":""fire_emblem_awakening"",""co_posts"":1,""character_coverage"":0.010753}]","","","PENDING",""
"I70-021074","tifa_lockhart_(black_mage)","4","Character","106","","","","","","","[{""copyright"":""final_fantasy"",""co_posts"":89,""character_coverage"":1.0},{""copyright"":""final_fantasy_vii"",""co_posts"":89,""character_coverage"":1.0},{""copyright"":""final_fantasy_vii_remake"",""co_posts"":89,""character_coverage"":1.0},{""copyright"":""final_fantasy_vii_revelation"",""co_posts"":89,""character_coverage"":1.0},{""copyright"":""final_fantasy_ix"",""co_posts"":1,""character_coverage"":0.011236}]","","","PENDING",""
"I70-021075","torneko","4","Character","106","","","","","トルネコ","","[{""copyright"":""dragon_quest"",""co_posts"":98,""character_coverage"":1.0},{""copyright"":""dragon_quest_iv"",""co_posts"":97,""character_coverage"":0.989796},{""copyright"":""dragon_quest_iii"",""co_posts"":10,""character_coverage"":0.102041},{""copyright"":""dragon_quest_vi"",""co_posts"":9,""character_coverage"":0.091837},{""copyright"":""dragon_quest_i"",""co_posts"":8,""character_coverage"":0.081633}]","","","PENDING",""
"I70-021076","tosen_jordan_(aurore_vacances)_(umamusume)","4","Character","106","","","","","","","[{""copyright"":""umamusume"",""co_posts"":97,""character_coverage"":1.0},{""copyright"":""national_basketball_association"",""co_posts"":1,""character_coverage"":0.010309},{""copyright"":""original"",""co_posts"":1,""character_coverage"":0.010309},{""copyright"":""umamusume:_cinderella_gray"",""co_posts"":1,""character_coverage"":0.010309}]","","","PENDING",""
"I70-021077","tsukioka_momiji","4","Character","106","","","","","月岡椛","","[{""copyright"":""assault_lily"",""co_posts"":98,""character_coverage"":1.0},{""copyright"":""real_life"",""co_posts"":1,""character_coverage"":0.010204}]","","","PENDING",""
"I70-021078","uno_(nanoha)","4","Character","106","","","","","ウーノ(ナンバーズ)","","[{""copyright"":""lyrical_nanoha"",""co_posts"":99,""character_coverage"":1.0},{""copyright"":""mahou_shoujo_lyrical_nanoha_strikers"",""co_posts"":97,""character_coverage"":0.979798},{""copyright"":""mahou_shoujo_lyrical_nanoha"",""co_posts"":2,""character_coverage"":0.020202},{""copyright"":""mahou_shoujo_lyrical_nanoha_a's"",""co_posts"":2,""character_coverage"":0.020202},{""copyright"":""evangelion:_2.0_you_can_(not)_advance"",""co_posts"":1,""character_coverage"":0.010101}]","","","PENDING",""
"I70-021079","urami_kana","4","Character","106","","","","","浦見かな","","[{""copyright"":""dolphin_wave"",""co_posts"":103,""character_coverage"":1.0},{""copyright"":""don_quijote_(store)"",""co_posts"":4,""character_coverage"":0.038835},{""copyright"":""marvelous"",""co_posts"":4,""character_coverage"":0.038835},{""copyright"":""senran_kagura"",""co_posts"":3,""character_coverage"":0.029126},{""copyright"":""tales_of_(series)"",""co_posts"":3,""character_coverage"":0.029126}]","","","PENDING",""
"I70-021080","utsumi_erice_(swimsuit_avenger)_(first_ascension)","4","Character","106","","","","","宇津見エリセ(水着)","","[{""copyright"":""fate/grand_order"",""co_posts"":99,""character_coverage"":1.0},{""copyright"":""fate_(series)"",""co_posts"":99,""character_coverage"":1.0},{""copyright"":""learning_with_manga!_fgo"",""co_posts"":7,""character_coverage"":0.070707},{""copyright"":""fate/requiem"",""co_posts"":3,""character_coverage"":0.030303},{""copyright"":""dragon_ball"",""co_posts"":1,""character_coverage"":0.010101}]","","","PENDING",""
"I70-021081","virgo_shaka","4","Character","106","","","","","乙女座のシャカ","","[{""copyright"":""saint_seiya"",""co_posts"":102,""character_coverage"":1.0},{""copyright"":""saint_seiya:_the_lost_canvas"",""co_posts"":4,""character_coverage"":0.039216},{""copyright"":""saint_seiya_omega"",""co_posts"":3,""character_coverage"":0.029412},{""copyright"":""touhou"",""co_posts"":2,""character_coverage"":0.019608},{""copyright"":""2channel"",""co_posts"":1,""character_coverage"":0.009804}]","","","PENDING",""
"I70-021082","wizarmon","4","Character","106","wizardmon","wizardmon","","","ウィザーモン","","[{""copyright"":""digimon"",""co_posts"":94,""character_coverage"":1.0},{""copyright"":""digimon_adventure"",""co_posts"":33,""character_coverage"":0.351064},{""copyright"":""digimon_beatbreak"",""co_posts"":7,""character_coverage"":0.074468},{""copyright"":""digimon_adventure_02"",""co_posts"":5,""character_coverage"":0.053191},{""copyright"":""digimon_card_game"",""co_posts"":4,""character_coverage"":0.042553}]","","","PENDING",""
"I70-021083","xue_pan_(project_moon)","4","Character","106","","","","","薛蟠","","[{""copyright"":""limbus_company"",""co_posts"":104,""character_coverage"":1.0},{""copyright"":""project_moon"",""co_posts"":104,""character_coverage"":1.0},{""copyright"":""friday_night_funkin'"",""co_posts"":1,""character_coverage"":0.009615},{""copyright"":""library_of_ruina"",""co_posts"":1,""character_coverage"":0.009615},{""copyright"":""lobotomy_corporation"",""co_posts"":1,""character_coverage"":0.009615}]","","","PENDING",""
"I70-021084","yamasachihiko_(housamo)","4","Character","106","yamasachihiko_(tokyo_houkago_summoners)","yamasachihiko (tokyo houkago summoners)","","","ヤマサチヒコ","","[{""copyright"":""tokyo_afterschool_summoners"",""co_posts"":106,""character_coverage"":1.0},{""copyright"":""fate_(series)"",""co_posts"":4,""character_coverage"":0.037736},{""copyright"":""fate/grand_order"",""co_posts"":3,""character_coverage"":0.028302},{""copyright"":""shoukan_yuusha_to_f-kei_kareshi"",""co_posts"":2,""character_coverage"":0.018868},{""copyright"":""ao_no_exorcist"",""co_posts"":1,""character_coverage"":0.009434}]","","","PENDING",""
"I70-021085","youko_(blue_archive)","4","Character","106","","","","","烏頭尾ヨウコ","","[{""copyright"":""blue_archive"",""co_posts"":71,""character_coverage"":1.0},{""copyright"":""calpis"",""co_posts"":1,""character_coverage"":0.014085}]","","","PENDING",""
"I70-021086","yuasa_hiromi","4","Character","106","","","","","湯浅比呂美","","[{""copyright"":""true_tears"",""co_posts"":95,""character_coverage"":1.0},{""copyright"":""428:_fuusa_sareta_shibuya_de"",""co_posts"":1,""character_coverage"":0.010526},{""copyright"":""angel_beats!"",""co_posts"":1,""character_coverage"":0.010526},{""copyright"":""canaan_(series)"",""co_posts"":1,""character_coverage"":0.010526},{""copyright"":""comp_h's"",""co_posts"":1,""character_coverage"":0.010526}]","","","PENDING",""
"I70-021087","yuna_(kuma_kuma_kuma_bear)","4","Character","106","","","","","ユナ(くまクマ熊ベアー)","","[{""copyright"":""kuma_kuma_kuma_bear"",""co_posts"":94,""character_coverage"":1.0},{""copyright"":""maou-jou_de_oyasumi"",""co_posts"":7,""character_coverage"":0.074468},{""copyright"":""megami_magazine"",""co_posts"":4,""character_coverage"":0.042553},{""copyright"":""danganronpa:_trigger_happy_havoc"",""co_posts"":3,""character_coverage"":0.031915},{""copyright"":""danganronpa_(series)"",""co_posts"":3,""character_coverage"":0.031915}]","","","PENDING",""
"I70-021088","yuzuki_choco_(streetwear)","4","Character","106","yuzuki_choco_(6th_costume)","yuzuki choco (6th costume)","","","癒月ちょこ(お忍び衣装)","","[{""copyright"":""hololive"",""co_posts"":104,""character_coverage"":1.0},{""copyright"":""indie_virtual_youtuber"",""co_posts"":3,""character_coverage"":0.028846},{""copyright"":""hololive_english"",""co_posts"":2,""character_coverage"":0.019231},{""copyright"":""hololive_indonesia"",""co_posts"":2,""character_coverage"":0.019231},{""copyright"":""nijisanji"",""co_posts"":2,""character_coverage"":0.019231}]","","","PENDING",""
"I70-021089","yvette_(strinova)","4","Character","106","yvette_(calabiyau)","yvette (calabiyau)","","","イヴェット(Strinova)","","[{""copyright"":""strinova"",""co_posts"":101,""character_coverage"":1.0}]","","","PENDING",""
"I70-021090","zacian_(hero)","4","Character","106","","","","","ザシアン（ヒーロー）","","[{""copyright"":""pokemon"",""co_posts"":104,""character_coverage"":1.0},{""copyright"":""pokemon_sword_and_shield"",""co_posts"":47,""character_coverage"":0.451923},{""copyright"":""pokemon_(anime)"",""co_posts"":4,""character_coverage"":0.038462},{""copyright"":""original"",""co_posts"":2,""character_coverage"":0.019231},{""copyright"":""pokemon_diamond/pearl/platinum"",""co_posts"":2,""character_coverage"":0.019231}]","","","PENDING",""
"I70-021091","zeta_(dark)_(granblue_fantasy)","4","Character","106","","","","","","","[{""copyright"":""granblue_fantasy"",""co_posts"":103,""character_coverage"":1.0},{""copyright"":""granblue_fantasy_versus"",""co_posts"":3,""character_coverage"":0.029126},{""copyright"":""granblue_fantasy_versus:_rising"",""co_posts"":3,""character_coverage"":0.029126},{""copyright"":""mcdonald's"",""co_posts"":1,""character_coverage"":0.009709}]","","","PENDING",""
"I70-021092","adeline_(girls'_frontline)","4","Character","105","nyto_adeline_(girls'_frontline),nyto_adeline_(girls_frontline),nyto_black_(girls_frontline),nyto_obelisk_(girls_frontline)","nyto adeline (girls frontline) | nyto adeline (girls' frontline) | nyto black (girls frontline) | nyto obelisk (girls frontline)","","","アデライン(ドールズフロントライン)","","[{""copyright"":""girls'_frontline"",""co_posts"":103,""character_coverage"":1.0},{""copyright"":""girls'_frontline_2:_exilium"",""co_posts"":2,""character_coverage"":0.019417},{""copyright"":""honkai_(series)"",""co_posts"":1,""character_coverage"":0.009709},{""copyright"":""honkai_gakuen"",""co_posts"":1,""character_coverage"":0.009709},{""copyright"":""honkai_impact_3rd"",""co_posts"":1,""character_coverage"":0.009709}]","","","PENDING",""
"I70-021093","ah-kun","4","Character","105","","","","","ああ、クン","","[{""copyright"":""moetan"",""co_posts"":101,""character_coverage"":1.0},{""copyright"":""queen's_blade"",""co_posts"":5,""character_coverage"":0.049505},{""copyright"":""queen's_gate"",""co_posts"":5,""character_coverage"":0.049505},{""copyright"":""alice's_adventures_in_wonderland"",""co_posts"":2,""character_coverage"":0.019802},{""copyright"":""megami_magazine"",""co_posts"":2,""character_coverage"":0.019802}]","","","PENDING",""
"I70-021094","ai_(yu-gi-oh!)","4","Character","105","","","","","アイ","","[{""copyright"":""yu-gi-oh!"",""co_posts"":103,""character_coverage"":1.0},{""copyright"":""yu-gi-oh!_vrains"",""co_posts"":101,""character_coverage"":0.980583},{""copyright"":""yu-gi-oh!_5d's"",""co_posts"":5,""character_coverage"":0.048544},{""copyright"":""yu-gi-oh!_duel_monsters"",""co_posts"":5,""character_coverage"":0.048544},{""copyright"":""yu-gi-oh!_gx"",""co_posts"":3,""character_coverage"":0.029126}]","","","PENDING",""
"I70-021095","alpha_omega_nova","4","Character","105","","","","","ΑΩ・ノヴァ","","[{""copyright"":""uchuu_patrol_luluco"",""co_posts"":103,""character_coverage"":0.990385},{""copyright"":""trigger_(company)"",""co_posts"":16,""character_coverage"":0.153846},{""copyright"":""kill_la_kill"",""co_posts"":7,""character_coverage"":0.067308},{""copyright"":""promare"",""co_posts"":6,""character_coverage"":0.057692},{""copyright"":""kiznaiver"",""co_posts"":5,""character_coverage"":0.048077}]","","","PENDING",""
"I70-021096","amagiri_yune","4","Character","105","","","","","天霧夕音","","[{""copyright"":""amairo_islenauts"",""co_posts"":81,""character_coverage"":1.0},{""copyright"":""dracu-riot!"",""co_posts"":2,""character_coverage"":0.024691},{""copyright"":""noble_works"",""co_posts"":2,""character_coverage"":0.024691},{""copyright"":""yuzusoft"",""co_posts"":2,""character_coverage"":0.024691},{""copyright"":""alice's_adventures_in_wonderland"",""co_posts"":1,""character_coverage"":0.012346}]","","","PENDING",""
"I70-021097","amamiya_rizumu","4","Character","105","amamiya_rhythm","amamiya rhythm","","","天宮りずむ","","[{""copyright"":""pretty_rhythm"",""co_posts"":103,""character_coverage"":1.0},{""copyright"":""pretty_series"",""co_posts"":103,""character_coverage"":1.0},{""copyright"":""pretty_rhythm_aurora_dream"",""co_posts"":100,""character_coverage"":0.970874},{""copyright"":""pretty_rhythm_dear_my_future"",""co_posts"":14,""character_coverage"":0.135922},{""copyright"":""pretty_rhythm_rainbow_live"",""co_posts"":4,""character_coverage"":0.038835}]","","","PENDING",""
"I70-021098","ami_(orenchi_no_maidosan)","4","Character","105","","","","","ami（orenchi no maidosan）","","[{""copyright"":""orenchi_no_meidosan"",""co_posts"":105,""character_coverage"":1.0},{""copyright"":""original"",""co_posts"":105,""character_coverage"":1.0},{""copyright"":""friday_the_13th"",""co_posts"":1,""character_coverage"":0.009524}]","","","PENDING",""
"I70-021099","andrew_hanbridge","4","Character","105","","","","","アンドリュー・ハンブリッジ","","[{""copyright"":""little_witch_academia"",""co_posts"":86,""character_coverage"":1.0},{""copyright"":""battle_tendency"",""co_posts"":1,""character_coverage"":0.011628},{""copyright"":""boku_no_hero_academia"",""co_posts"":1,""character_coverage"":0.011628},{""copyright"":""carole_&_tuesday"",""co_posts"":1,""character_coverage"":0.011628},{""copyright"":""dc_comics"",""co_posts"":1,""character_coverage"":0.011628}]","","","PENDING",""
"I70-021100","angelo_(ff8)","4","Character","105","","","","","アンジェロ","","[{""copyright"":""final_fantasy"",""co_posts"":89,""character_coverage"":1.0},{""copyright"":""final_fantasy_viii"",""co_posts"":89,""character_coverage"":1.0},{""copyright"":""dissidia_final_fantasy"",""co_posts"":19,""character_coverage"":0.213483},{""copyright"":""dissidia_duellum_final_fantasy"",""co_posts"":16,""character_coverage"":0.179775},{""copyright"":""final_fantasy_vii"",""co_posts"":10,""character_coverage"":0.11236}]","","","PENDING",""
"I70-021101","aoyama_kotoha_(mitsuboshi_colors)","4","Character","105","kotoha_(mitsuboshi_colors)","kotoha (mitsuboshi colors)","","","琴葉(三ツ星カラーズ)","","[{""copyright"":""mitsuboshi_colors"",""co_posts"":94,""character_coverage"":1.0},{""copyright"":""hitoribocchi_no_marumaru_seikatsu"",""co_posts"":3,""character_coverage"":0.031915},{""copyright"":""kantai_collection"",""co_posts"":2,""character_coverage"":0.021277},{""copyright"":""bloodborne"",""co_posts"":1,""character_coverage"":0.010638},{""copyright"":""fall_guys"",""co_posts"":1,""character_coverage"":0.010638}]","","","PENDING",""
"I70-021102","archer_(cool_and_wild)_(fate)","4","Character","105","","","","","クール&ワイルド","","[{""copyright"":""fate_(series)"",""co_posts"":99,""character_coverage"":1.0},{""copyright"":""fate/extra"",""co_posts"":95,""character_coverage"":0.959596},{""copyright"":""fate/extra_ccc"",""co_posts"":94,""character_coverage"":0.949495},{""copyright"":""fate/stay_night"",""co_posts"":15,""character_coverage"":0.151515},{""copyright"":""fate/zero"",""co_posts"":5,""character_coverage"":0.050505}]","","","PENDING",""
"I70-021103","arita_haruyuki_(network_avatar)","4","Character","105","","","","","","","[{""copyright"":""accel_world"",""co_posts"":99,""character_coverage"":1.0},{""copyright"":""sword_art_online"",""co_posts"":4,""character_coverage"":0.040404},{""copyright"":""megami_magazine"",""co_posts"":3,""character_coverage"":0.030303},{""copyright"":""megami_magazine_deluxe"",""co_posts"":3,""character_coverage"":0.030303},{""copyright"":""dengeki_g's"",""co_posts"":2,""character_coverage"":0.020202}]","","","PENDING",""
"I70-021104","astesia_(frlibe_on_the_palace)_(arknights)","4","Character","105","astesia_(frlibre_on_the_palace)_(arknights)","astesia (frlibre on the palace) (arknights)","","","Astesia（宮殿のfrlibre）（arknights）","","[{""copyright"":""arknights"",""co_posts"":105,""character_coverage"":1.0},{""copyright"":""honkai:_star_rail"",""co_posts"":1,""character_coverage"":0.009524},{""copyright"":""honkai_(series)"",""co_posts"":1,""character_coverage"":0.009524}]","","","PENDING",""
"I70-021105","ayame_(blue_archive)","4","Character","105","nanakado_ayame","nanakado ayame","","","七稜アヤメ","","[{""copyright"":""blue_archive"",""co_posts"":95,""character_coverage"":1.0},{""copyright"":""jujutsu_kaisen"",""co_posts"":1,""character_coverage"":0.010526},{""copyright"":""trickcal"",""co_posts"":1,""character_coverage"":0.010526},{""copyright"":""uta_no_prince-sama"",""co_posts"":1,""character_coverage"":0.010526},{""copyright"":""zenless_zone_zero"",""co_posts"":1,""character_coverage"":0.010526}]","","","PENDING",""
"I70-021106","ayamy_(vtuber)","4","Character","105","","","","","かくあやみ","","[{""copyright"":""indie_virtual_youtuber"",""co_posts"":103,""character_coverage"":1.0},{""copyright"":""densetsu.exe"",""co_posts"":5,""character_coverage"":0.048544},{""copyright"":""hololive"",""co_posts"":4,""character_coverage"":0.038835},{""copyright"":""comiket_105"",""co_posts"":3,""character_coverage"":0.029126},{""copyright"":""chromashift"",""co_posts"":1,""character_coverage"":0.009709}]","","","PENDING",""
"I70-021107","bai_yi_(path_to_nowhere)","4","Character","105","baiyi_(path_to_nowhere)","baiyi (path to nowhere)","","","白逸","","[{""copyright"":""path_to_nowhere"",""co_posts"":103,""character_coverage"":1.0},{""copyright"":""coca-cola"",""co_posts"":1,""character_coverage"":0.009709}]","","","PENDING",""
"I70-021108","ban_(nanatsu_no_taizai)","4","Character","105","","","","","バン","","[{""copyright"":""nanatsu_no_taizai"",""co_posts"":103,""character_coverage"":1.0},{""copyright"":""divine_gate"",""co_posts"":2,""character_coverage"":0.019417},{""copyright"":""ta_ga_tame_no_alchemist"",""co_posts"":2,""character_coverage"":0.019417},{""copyright"":""d.gray-man"",""co_posts"":1,""character_coverage"":0.009709},{""copyright"":""death_note"",""co_posts"":1,""character_coverage"":0.009709}]","","","PENDING",""
"I70-021109","black_canary","4","Character","105","","","","","ブラックカナリー","","[{""copyright"":""dc_comics"",""co_posts"":77,""character_coverage"":1.0},{""copyright"":""justice_league"",""co_posts"":21,""character_coverage"":0.272727},{""copyright"":""batman_(series)"",""co_posts"":8,""character_coverage"":0.103896},{""copyright"":""marvel"",""co_posts"":8,""character_coverage"":0.103896},{""copyright"":""absolute_dc"",""co_posts"":7,""character_coverage"":0.090909}]","","","PENDING",""
"I70-021110","blacknight_(arknights)","4","Character","105","","","","","ブラックナイト(アークナイツ)","","[{""copyright"":""arknights"",""co_posts"":99,""character_coverage"":1.0},{""copyright"":""a_deer_of_nine_colors"",""co_posts"":3,""character_coverage"":0.030303},{""copyright"":""rainbow_six_siege"",""co_posts"":3,""character_coverage"":0.030303},{""copyright"":""monster_hunter_(series)"",""co_posts"":2,""character_coverage"":0.020202},{""copyright"":""the_legend_of_luo_xiaohei"",""co_posts"":2,""character_coverage"":0.020202}]","","","PENDING",""
"I70-021111","blue_soul_(utdr)","4","Character","105","","","","","","","[{""copyright"":""utdr_(toby_fox)"",""co_posts"":87,""character_coverage"":1.0},{""copyright"":""undertale"",""co_posts"":85,""character_coverage"":0.977011},{""copyright"":""deltarune"",""co_posts"":5,""character_coverage"":0.057471},{""copyright"":""touhou"",""co_posts"":2,""character_coverage"":0.022989},{""copyright"":""cookie_(touhou)"",""co_posts"":1,""character_coverage"":0.011494}]","","","PENDING",""
"I70-021112","book_of_the_azure_sky","4","Character","105","buch_der_blauer_himmel,souten_no_sho","buch der blauer himmel | souten no sho","","","蒼天の書","","[{""copyright"":""lyrical_nanoha"",""co_posts"":99,""character_coverage"":1.0},{""copyright"":""mahou_shoujo_lyrical_nanoha_strikers"",""co_posts"":79,""character_coverage"":0.79798},{""copyright"":""mahou_shoujo_lyrical_nanoha"",""co_posts"":38,""character_coverage"":0.383838},{""copyright"":""mahou_shoujo_lyrical_nanoha_a's"",""co_posts"":35,""character_coverage"":0.353535},{""copyright"":""mahou_shoujo_lyrical_nanoha_the_movie_2nd_a's"",""co_posts"":3,""character_coverage"":0.030303}]","","","PENDING",""
"I70-021113","boucheron_(fire_emblem)","4","Character","105","","","","","ブシュロン","","[{""copyright"":""fire_emblem"",""co_posts"":92,""character_coverage"":1.0},{""copyright"":""fire_emblem_engage"",""co_posts"":92,""character_coverage"":1.0},{""copyright"":""fire_emblem_heroes"",""co_posts"":5,""character_coverage"":0.054348},{""copyright"":""fire_emblem:_the_sacred_stones"",""co_posts"":2,""character_coverage"":0.021739},{""copyright"":""animal_crossing"",""co_posts"":1,""character_coverage"":0.01087}]","","","PENDING",""
"I70-021114","bun_bun_(blue_archive)","4","Character","105","pyonko_(blue_archive)","pyonko (blue archive)","","","ぴょんこ","","[]","","","PENDING",""
"I70-021115","cherry_(saber_j)","4","Character","105","","","","","チェリー","","[{""copyright"":""saber_marionette_j"",""co_posts"":93,""character_coverage"":1.0},{""copyright"":""fantasia_re:build"",""co_posts"":3,""character_coverage"":0.032258},{""copyright"":""slayers"",""co_posts"":3,""character_coverage"":0.032258},{""copyright"":""touhou"",""co_posts"":3,""character_coverage"":0.032258},{""copyright"":""bishoujo_senshi_sailor_moon"",""co_posts"":2,""character_coverage"":0.021505}]","","","PENDING",""
"I70-021116","chibi_chibi","4","Character","105","","","","","ちびちび","","[{""copyright"":""bishoujo_senshi_sailor_moon"",""co_posts"":95,""character_coverage"":1.0},{""copyright"":""bishoujo_senshi_sailor_moon_stars"",""co_posts"":94,""character_coverage"":0.989474},{""copyright"":""bishoujo_senshi_sailor_moon_r"",""co_posts"":10,""character_coverage"":0.105263},{""copyright"":""bishoujo_senshi_sailor_moon_(first_season)"",""co_posts"":8,""character_coverage"":0.084211},{""copyright"":""bishoujo_senshi_sailor_moon_supers"",""co_posts"":8,""character_coverage"":0.084211}]","","","PENDING",""
"I70-021117","classic_eggman","4","Character","105","","","","","","","[{""copyright"":""sonic_(series)"",""co_posts"":84,""character_coverage"":1.0},{""copyright"":""sonic_the_hedgehog_(classic)"",""co_posts"":80,""character_coverage"":0.952381},{""copyright"":""sonic_cd"",""co_posts"":11,""character_coverage"":0.130952},{""copyright"":""sonic_superstars"",""co_posts"":10,""character_coverage"":0.119048},{""copyright"":""sonic_mania"",""co_posts"":7,""character_coverage"":0.083333}]","","","PENDING",""
"I70-021118","constantine_xi_(second_ascension)_(fate)","4","Character","105","","","","","","","[{""copyright"":""fate/grand_order"",""co_posts"":105,""character_coverage"":1.0},{""copyright"":""fate_(series)"",""co_posts"":105,""character_coverage"":1.0},{""copyright"":""fate/extra"",""co_posts"":4,""character_coverage"":0.038095},{""copyright"":""fate/extella"",""co_posts"":3,""character_coverage"":0.028571},{""copyright"":""fate/extella_link"",""co_posts"":3,""character_coverage"":0.028571}]","","","PENDING",""
"I70-021119","dark_magical_circle","4","Character","105","","","","","黒の魔導陣","","[{""copyright"":""yu-gi-oh!"",""co_posts"":100,""character_coverage"":0.980392},{""copyright"":""yu-gi-oh!_duel_monsters"",""co_posts"":4,""character_coverage"":0.039216},{""copyright"":""fire_emblem"",""co_posts"":2,""character_coverage"":0.019608},{""copyright"":""fire_emblem_cipher"",""co_posts"":2,""character_coverage"":0.019608},{""copyright"":""original"",""co_posts"":2,""character_coverage"":0.019608}]","","","PENDING",""
"I70-021120","de_la_fille","4","Character","105","","","","","レ・フィーエ","","[{""copyright"":""granblue_fantasy"",""co_posts"":102,""character_coverage"":1.0},{""copyright"":""shingeki_no_bahamut"",""co_posts"":6,""character_coverage"":0.058824},{""copyright"":""cygames"",""co_posts"":1,""character_coverage"":0.009804},{""copyright"":""original"",""co_posts"":1,""character_coverage"":0.009804},{""copyright"":""shadowverse"",""co_posts"":1,""character_coverage"":0.009804}]","","","PENDING",""
"I70-021121","diggersby","4","Character","105","","","","","ホルード","","[{""copyright"":""pokemon"",""co_posts"":102,""character_coverage"":1.0},{""copyright"":""pokemon_x_and_y"",""co_posts"":15,""character_coverage"":0.147059},{""copyright"":""pokemon_(anime)"",""co_posts"":10,""character_coverage"":0.098039},{""copyright"":""pokemon_legends:_z-a"",""co_posts"":8,""character_coverage"":0.078431},{""copyright"":""pokemon_the_series:_xy"",""co_posts"":8,""character_coverage"":0.078431}]","","","PENDING",""
"I70-021122","dita_iliner","4","Character","105","","","","","ディータ・イリナル","","[{""copyright"":""saibou_shinkyoku"",""co_posts"":105,""character_coverage"":1.0},{""copyright"":""axis_powers_hetalia"",""co_posts"":1,""character_coverage"":0.009524},{""copyright"":""shugo_chara!"",""co_posts"":1,""character_coverage"":0.009524},{""copyright"":""tales_of_(series)"",""co_posts"":1,""character_coverage"":0.009524},{""copyright"":""tales_of_vesperia"",""co_posts"":1,""character_coverage"":0.009524}]","","","PENDING",""
"I70-021123","djibril_aries","4","Character","105","jibril_aries","jibril aries","","","ジブリル牡羊座","","[{""copyright"":""makai_tenshi_djibril"",""co_posts"":87,""character_coverage"":1.0},{""copyright"":""makai_tenshi_djibril_2"",""co_posts"":59,""character_coverage"":0.678161},{""copyright"":""makai_tenshi_djibril_1"",""co_posts"":21,""character_coverage"":0.241379},{""copyright"":""kidou_senkan_nadesico"",""co_posts"":6,""character_coverage"":0.068966},{""copyright"":""dengeki_hime"",""co_posts"":2,""character_coverage"":0.022989}]","","","PENDING",""
"I70-021124","docu_(doppel)","4","Character","105","","","","","docu（doppel）","","[{""copyright"":""original"",""co_posts"":84,""character_coverage"":1.0},{""copyright"":""indie_virtual_youtuber"",""co_posts"":2,""character_coverage"":0.02381},{""copyright"":""fila"",""co_posts"":1,""character_coverage"":0.011905},{""copyright"":""mega_man_(series)"",""co_posts"":1,""character_coverage"":0.011905},{""copyright"":""mega_man_zero_(series)"",""co_posts"":1,""character_coverage"":0.011905}]","","","PENDING",""
"I70-021125","dust_(konosuba)","4","Character","105","","","","","达斯特","","[{""copyright"":""kono_subarashii_sekai_ni_shukufuku_wo!"",""co_posts"":100,""character_coverage"":1.0},{""copyright"":""konosuba!_fantastic_days"",""co_posts"":49,""character_coverage"":0.49},{""copyright"":""genshin_impact"",""co_posts"":1,""character_coverage"":0.01},{""copyright"":""kono_subarashii_sekai_ni_bakuen_wo!"",""co_posts"":1,""character_coverage"":0.01},{""copyright"":""overlord_(maruyama)"",""co_posts"":1,""character_coverage"":0.01}]","","","PENDING",""
"I70-021126","elmo","4","Character","105","","","","","エルモ","","[{""copyright"":""sesame_street"",""co_posts"":65,""character_coverage"":0.970149},{""copyright"":""original"",""co_posts"":23,""character_coverage"":0.343284},{""copyright"":""hello_kitty"",""co_posts"":9,""character_coverage"":0.134328},{""copyright"":""kirby_(series)"",""co_posts"":9,""character_coverage"":0.134328},{""copyright"":""sanrio"",""co_posts"":9,""character_coverage"":0.134328}]","","","PENDING",""
"I70-021127","emma_(veil)","4","Character","105","","","","","","","[{""copyright"":""veil_(manga)"",""co_posts"":89,""character_coverage"":1.0},{""copyright"":""bishoujo_senshi_sailor_moon"",""co_posts"":1,""character_coverage"":0.011236},{""copyright"":""ginga_tetsudou_999"",""co_posts"":1,""character_coverage"":0.011236},{""copyright"":""kamen_rider"",""co_posts"":1,""character_coverage"":0.011236},{""copyright"":""kamen_rider_ooo_(series)"",""co_posts"":1,""character_coverage"":0.011236}]","","","PENDING",""
"I70-021128","enemy_vessel_(warship_girls_r)","4","Character","105","","","","","敵の船（軍艦の女の子r）","","[{""copyright"":""warship_girls_r"",""co_posts"":105,""character_coverage"":1.0},{""copyright"":""original"",""co_posts"":5,""character_coverage"":0.047619},{""copyright"":""kantai_collection"",""co_posts"":1,""character_coverage"":0.009524}]","","","PENDING",""
"I70-021129","eunhwa_(tactical_upgrade)_(nikke)","4","Character","105","","","","","","","[{""copyright"":""goddess_of_victory:_nikke"",""co_posts"":98,""character_coverage"":1.0}]","","","PENDING",""
"I70-021130","faucre_the_evil_overlord","4","Character","105","faucre","faucre","","","ポックル大魔王","","[{""copyright"":""last_origin"",""co_posts"":101,""character_coverage"":1.0},{""copyright"":""gundam"",""co_posts"":1,""character_coverage"":0.009901},{""copyright"":""gundam_narrative"",""co_posts"":1,""character_coverage"":0.009901},{""copyright"":""youtube"",""co_posts"":1,""character_coverage"":0.009901}]","","","PENDING",""
"I70-021131","feo_ul","4","Character","105","","","","","フェオ=ウル","","[{""copyright"":""final_fantasy"",""co_posts"":100,""character_coverage"":1.0},{""copyright"":""final_fantasy_xiv"",""co_posts"":100,""character_coverage"":1.0},{""copyright"":""magnet_(vocaloid)"",""co_posts"":1,""character_coverage"":0.01}]","","","PENDING",""
"I70-021132","finana_ryugu_(2nd_costume)","4","Character","105","","","","","フィナーナ・竜宮(和風ドレス)","","[{""copyright"":""nijisanji"",""co_posts"":105,""character_coverage"":1.0},{""copyright"":""nijisanji_en"",""co_posts"":105,""character_coverage"":1.0},{""copyright"":""among_us"",""co_posts"":2,""character_coverage"":0.019048},{""copyright"":""hololive"",""co_posts"":2,""character_coverage"":0.019048},{""copyright"":""indie_virtual_youtuber"",""co_posts"":2,""character_coverage"":0.019048}]","","","PENDING",""
"I70-021133","fiona_(zoids)","4","Character","105","","","","","フィーネ・エレシーヌ・リネ","","[{""copyright"":""zoids"",""co_posts"":94,""character_coverage"":1.0},{""copyright"":""zoids_chaotic_century"",""co_posts"":77,""character_coverage"":0.819149},{""copyright"":""kid_icarus"",""co_posts"":1,""character_coverage"":0.010638},{""copyright"":""kid_icarus_uprising"",""co_posts"":1,""character_coverage"":0.010638},{""copyright"":""one_piece"",""co_posts"":1,""character_coverage"":0.010638}]","","","PENDING",""
"I70-021134","fumika","4","Character","105","","","","","フミカ","","[{""copyright"":""shigofumi"",""co_posts"":98,""character_coverage"":1.0},{""copyright"":""code_geass"",""co_posts"":2,""character_coverage"":0.020408},{""copyright"":""accel_world"",""co_posts"":1,""character_coverage"":0.010204},{""copyright"":""animage"",""co_posts"":1,""character_coverage"":0.010204},{""copyright"":""baccano!"",""co_posts"":1,""character_coverage"":0.010204}]","","","PENDING",""
"I70-021135","gamma_(kagejitsu)","4","Character","105","gamma_(kage_no_jitsuryokusha_ni_naritakute!)","gamma (kage no jitsuryokusha ni naritakute!)","","","ガンマ","","[{""copyright"":""kage_no_jitsuryokusha_ni_naritakute!"",""co_posts"":99,""character_coverage"":1.0},{""copyright"":""kage_no_jitsuryokusha_ni_naritakute!_master_of_garden"",""co_posts"":40,""character_coverage"":0.40404},{""copyright"":""comiket_103"",""co_posts"":1,""character_coverage"":0.010101},{""copyright"":""megami_magazine"",""co_posts"":1,""character_coverage"":0.010101},{""copyright"":""minecraft"",""co_posts"":1,""character_coverage"":0.010101}]","","","PENDING",""
"I70-021136","gecko_moria","4","Character","105","","","","","ゲッコー・モリア","","[{""copyright"":""one_piece"",""co_posts"":93,""character_coverage"":1.0},{""copyright"":""one_piece_card_game"",""co_posts"":10,""character_coverage"":0.107527},{""copyright"":""one_piece_treasure_cruise"",""co_posts"":4,""character_coverage"":0.043011},{""copyright"":""ayakashi_triangle"",""co_posts"":1,""character_coverage"":0.010753},{""copyright"":""bemani"",""co_posts"":1,""character_coverage"":0.010753}]","","","PENDING",""
"I70-021137","glorpi_miku_(dyarikku)","4","Character","105","","","","","","","[{""copyright"":""vocaloid"",""co_posts"":103,""character_coverage"":1.0},{""copyright"":""among_us"",""co_posts"":1,""character_coverage"":0.009709}]","","","PENDING",""
"I70-021138","goetia_(fate)","4","Character","105","goetia_(fate/grand_order)","goetia (fate/grand order)","","","ゲーティア(Fate)","","[{""copyright"":""fate/grand_order"",""co_posts"":98,""character_coverage"":1.0},{""copyright"":""fate_(series)"",""co_posts"":98,""character_coverage"":1.0},{""copyright"":""ars_goetia"",""co_posts"":1,""character_coverage"":0.010204},{""copyright"":""black_rock_shooter"",""co_posts"":1,""character_coverage"":0.010204},{""copyright"":""cardcaptor_sakura"",""co_posts"":1,""character_coverage"":0.010204}]","","","PENDING",""
"I70-021139","gold_ship_(casual)_(umamusume)","4","Character","105","","","","","","","[{""copyright"":""umamusume"",""co_posts"":96,""character_coverage"":1.0},{""copyright"":""pokemon"",""co_posts"":3,""character_coverage"":0.03125},{""copyright"":""kobayashi-san_chi_no_maidragon"",""co_posts"":2,""character_coverage"":0.020833},{""copyright"":""midori_no_makibaoo"",""co_posts"":2,""character_coverage"":0.020833},{""copyright"":""nichijou"",""co_posts"":2,""character_coverage"":0.020833}]","","","PENDING",""
"I70-021140","gummy_(summer_flowers)_(arknights)","4","Character","105","","","","","グミ（夏の花）（arknights）","","[{""copyright"":""arknights"",""co_posts"":103,""character_coverage"":1.0},{""copyright"":""ambience_synesthesia"",""co_posts"":1,""character_coverage"":0.009709},{""copyright"":""diamond_wa_kudakenai"",""co_posts"":1,""character_coverage"":0.009709},{""copyright"":""jojo_no_kimyou_na_bouken"",""co_posts"":1,""character_coverage"":0.009709},{""copyright"":""sanrio"",""co_posts"":1,""character_coverage"":0.009709}]","","","PENDING",""
"I70-021141","heroine_(dq10)","4","Character","105","","","","","","","[{""copyright"":""dragon_quest"",""co_posts"":100,""character_coverage"":1.0},{""copyright"":""dragon_quest_x"",""co_posts"":100,""character_coverage"":1.0},{""copyright"":""dragon_quest_iii"",""co_posts"":3,""character_coverage"":0.03},{""copyright"":""dragon_quest_viii"",""co_posts"":3,""character_coverage"":0.03},{""copyright"":""original"",""co_posts"":3,""character_coverage"":0.03}]","","","PENDING",""
"I70-021142","herrscher_of_sentience_(turn_up_the_music!)","4","Character","105","","","","","","","[{""copyright"":""honkai_(series)"",""co_posts"":100,""character_coverage"":1.0},{""copyright"":""honkai_impact_3rd"",""co_posts"":100,""character_coverage"":1.0}]","","","PENDING",""
"I70-021143","himuro_hitoshi","4","Character","105","","","","","氷室等","","[{""copyright"":""kaii_shoukougun"",""co_posts"":103,""character_coverage"":1.0},{""copyright"":""ib_(kouri)"",""co_posts"":8,""character_coverage"":0.07767},{""copyright"":""kirisame_ga_furu_mori"",""co_posts"":7,""character_coverage"":0.067961},{""copyright"":""touhou"",""co_posts"":4,""character_coverage"":0.038835},{""copyright"":""yume_nikki"",""co_posts"":4,""character_coverage"":0.038835}]","","","PENDING",""
"I70-021144","hippopotas_(male)","4","Character","105","","","","","カバ（男性）","","[{""copyright"":""pokemon"",""co_posts"":102,""character_coverage"":1.0},{""copyright"":""pokemon_tcg"",""co_posts"":12,""character_coverage"":0.117647},{""copyright"":""pokemon_diamond/pearl/platinum"",""co_posts"":10,""character_coverage"":0.098039},{""copyright"":""pokemon_(anime)"",""co_posts"":9,""character_coverage"":0.088235},{""copyright"":""pokemon_(classic_anime)"",""co_posts"":5,""character_coverage"":0.04902}]","","","PENDING",""
"I70-021145","hirofumi_(orenchi_no_maidosan)","4","Character","105","","","","","hirofumi（orenchi no maidosan）","","[{""copyright"":""orenchi_no_meidosan"",""co_posts"":105,""character_coverage"":1.0},{""copyright"":""original"",""co_posts"":105,""character_coverage"":1.0}]","","","PENDING",""
"I70-021146","hokaze_kanade","4","Character","105","","","","","帆風奏","","[{""copyright"":""re:stage!"",""co_posts"":105,""character_coverage"":1.0}]","","","PENDING",""
"I70-021147","hunter_(girls'_frontline)","4","Character","105","hunter_(girls_frontline)","hunter (girls frontline)","","","ハンター(ドールズフロントライン)","","[{""copyright"":""girls'_frontline"",""co_posts"":89,""character_coverage"":1.0},{""copyright"":""doom_(2016)"",""co_posts"":4,""character_coverage"":0.044944},{""copyright"":""doom_(series)"",""co_posts"":4,""character_coverage"":0.044944},{""copyright"":""jashin-chan_dropkick"",""co_posts"":2,""character_coverage"":0.022472},{""copyright"":""va-11_hall-a"",""co_posts"":2,""character_coverage"":0.022472}]","","","PENDING",""
"I70-021148","hyuuga_akito","4","Character","105","","","","","日向アキト","","[{""copyright"":""code_geass"",""co_posts"":96,""character_coverage"":1.0},{""copyright"":""code_geass:_boukoku_no_akito"",""co_posts"":94,""character_coverage"":0.979167},{""copyright"":""code_geass:_lost_stories"",""co_posts"":11,""character_coverage"":0.114583},{""copyright"":""code_geass:_genesic_re;code"",""co_posts"":5,""character_coverage"":0.052083},{""copyright"":""code_geass:_soubou_no_oz"",""co_posts"":5,""character_coverage"":0.052083}]","","","PENDING",""
"I70-021149","inago_akira","4","Character","105","","","","","稲河暁","","[{""copyright"":""toji_no_miko"",""co_posts"":105,""character_coverage"":1.0},{""copyright"":""toji_no_miko:_kizamishi_issen_no_tomoshibi"",""co_posts"":19,""character_coverage"":0.180952},{""copyright"":""akira_(manga)"",""co_posts"":1,""character_coverage"":0.009524},{""copyright"":""instagram"",""co_posts"":1,""character_coverage"":0.009524},{""copyright"":""line_(naver)"",""co_posts"":1,""character_coverage"":0.009524}]","","","PENDING",""
"I70-021150","inogashira_gorou","4","Character","105","","","","","井之頭五郎","","[{""copyright"":""kodoku_no_gourmet"",""co_posts"":102,""character_coverage"":1.0},{""copyright"":""touhou"",""co_posts"":53,""character_coverage"":0.519608},{""copyright"":""yukkuri_youmu_to_hontou_wa_kowai_cthulhu_shinwa"",""co_posts"":27,""character_coverage"":0.264706},{""copyright"":""call_of_cthulhu"",""co_posts"":26,""character_coverage"":0.254902},{""copyright"":""death_note"",""co_posts"":18,""character_coverage"":0.176471}]","","","PENDING",""
"I70-021151","isuzu_(log_horizon)","4","Character","105","","","","","五十鈴(ログホラ)","","[{""copyright"":""log_horizon"",""co_posts"":104,""character_coverage"":1.0},{""copyright"":""log_horizon_new_adventure_land"",""co_posts"":4,""character_coverage"":0.038462},{""copyright"":""idolmaster"",""co_posts"":1,""character_coverage"":0.009615},{""copyright"":""idolmaster_(classic)"",""co_posts"":1,""character_coverage"":0.009615}]","","","PENDING",""
"I70-021152","izayoi_miku_(spirit)","4","Character","105","","","","","","","[{""copyright"":""date_a_live"",""co_posts"":102,""character_coverage"":1.0},{""copyright"":""fantasia_re:build"",""co_posts"":6,""character_coverage"":0.058824},{""copyright"":""crash_fever"",""co_posts"":3,""character_coverage"":0.029412},{""copyright"":""date_a_live:_spirit_pledge"",""co_posts"":3,""character_coverage"":0.029412},{""copyright"":""gekijouban_date_a_live:_mayuri_judgement"",""co_posts"":3,""character_coverage"":0.029412}]","","","PENDING",""
"I70-021153","izumo_(azur_lane)","4","Character","105","","","","","出雲(アズールレーン)","","[{""copyright"":""azur_lane"",""co_posts"":98,""character_coverage"":1.0},{""copyright"":""world_of_warships"",""co_posts"":3,""character_coverage"":0.030612},{""copyright"":""2channel"",""co_posts"":1,""character_coverage"":0.010204},{""copyright"":""fate/grand_order"",""co_posts"":1,""character_coverage"":0.010204},{""copyright"":""fate_(series)"",""co_posts"":1,""character_coverage"":0.010204}]","","","PENDING",""
"I70-021154","jelena_(path_to_nowhere)","4","Character","105","","","","","耶莱娜","","[{""copyright"":""path_to_nowhere"",""co_posts"":91,""character_coverage"":1.0},{""copyright"":""zuutto_issho_(kitani_tatsuya)"",""co_posts"":2,""character_coverage"":0.021978},{""copyright"":""the_weaker_sex_1_(gibson)"",""co_posts"":1,""character_coverage"":0.010989}]","","","PENDING",""
"I70-021155","jess_(buta_no_liver_wa_kanetsu_shiro)","4","Character","105","","","","","ジェス","","[{""copyright"":""buta_no_liver_wa_kanetsu_shiro"",""co_posts"":95,""character_coverage"":1.0},{""copyright"":""girly_air_force"",""co_posts"":3,""character_coverage"":0.031579},{""copyright"":""megami_magazine"",""co_posts"":2,""character_coverage"":0.021053},{""copyright"":""86_-eightysix-"",""co_posts"":1,""character_coverage"":0.010526},{""copyright"":""accel_world"",""co_posts"":1,""character_coverage"":0.010526}]","","","PENDING",""
"I70-021156","judge_(girls'_frontline)","4","Character","105","judge_(girls_frontline)","judge (girls frontline)","","","ジャッジ(ドールズフロントライン)","","[{""copyright"":""girls'_frontline"",""co_posts"":98,""character_coverage"":1.0},{""copyright"":""doom_(2016)"",""co_posts"":4,""character_coverage"":0.040816},{""copyright"":""doom_(series)"",""co_posts"":4,""character_coverage"":0.040816},{""copyright"":""kantai_collection"",""co_posts"":4,""character_coverage"":0.040816},{""copyright"":""metal_gear_(series)"",""co_posts"":2,""character_coverage"":0.020408}]","","","PENDING",""
"I70-021157","july_(darker_than_black)","4","Character","105","","","","","ジュライ","","[{""copyright"":""darker_than_black"",""co_posts"":97,""character_coverage"":1.0},{""copyright"":""animage"",""co_posts"":1,""character_coverage"":0.010309},{""copyright"":""toaru_majutsu_no_index"",""co_posts"":1,""character_coverage"":0.010309}]","","","PENDING",""
"I70-021158","k.k._slider_(animal_crossing)","4","Character","105","totakeke","totakeke","","","とたけけ","","[{""copyright"":""animal_crossing"",""co_posts"":98,""character_coverage"":1.0},{""copyright"":""animal_crossing:_new_horizons"",""co_posts"":17,""character_coverage"":0.173469},{""copyright"":""kirby_(series)"",""co_posts"":7,""character_coverage"":0.071429},{""copyright"":""nintendo"",""co_posts"":6,""character_coverage"":0.061224},{""copyright"":""pokemon"",""co_posts"":6,""character_coverage"":0.061224}]","","","PENDING",""
"I70-021159","kadota_kyouhei","4","Character","105","","","","","Kadota Kyouhei","","[{""copyright"":""durarara!!"",""co_posts"":96,""character_coverage"":1.0},{""copyright"":""baccano!"",""co_posts"":3,""character_coverage"":0.03125},{""copyright"":""etsusa_oohashi"",""co_posts"":2,""character_coverage"":0.020833},{""copyright"":""suzumiya_haruhi_no_yuuutsu"",""co_posts"":2,""character_coverage"":0.020833},{""copyright"":""animedia"",""co_posts"":1,""character_coverage"":0.010417}]","","","PENDING",""
"I70-021160","kaeya_(sailwind_shadow)_(genshin_impact)","4","Character","105","","","","","凯亚(帆影游风)","","[{""copyright"":""genshin_impact"",""co_posts"":105,""character_coverage"":1.0},{""copyright"":""honkai:_star_rail"",""co_posts"":1,""character_coverage"":0.009524},{""copyright"":""honkai_(series)"",""co_posts"":1,""character_coverage"":0.009524},{""copyright"":""maou-jou_de_oyasumi"",""co_posts"":1,""character_coverage"":0.009524},{""copyright"":""mihoyo"",""co_posts"":1,""character_coverage"":0.009524}]","","","PENDING",""
"I70-021161","kagami_masara","4","Character","105","","","","","加賀見まさら","","[{""copyright"":""mahou_shoujo_madoka_magica"",""co_posts"":99,""character_coverage"":1.0},{""copyright"":""magia_record:_mahou_shoujo_madoka_magica_gaiden"",""co_posts"":97,""character_coverage"":0.979798},{""copyright"":""mahou_shoujo_madoka_magica_magia_exedra"",""co_posts"":9,""character_coverage"":0.090909},{""copyright"":""mahou_shoujo_tart_magica"",""co_posts"":6,""character_coverage"":0.060606},{""copyright"":""mahou_shoujo_kazumi_magica"",""co_posts"":4,""character_coverage"":0.040404}]","","","PENDING",""
"I70-021162","kamen_rider_amazon","4","Character","105","","","","","仮面ライダーアマゾン","","[{""copyright"":""kamen_rider"",""co_posts"":94,""character_coverage"":0.989474},{""copyright"":""kamen_rider_amazon_(series)"",""co_posts"":88,""character_coverage"":0.926316},{""copyright"":""kamen_rider_x_(series)"",""co_posts"":35,""character_coverage"":0.368421},{""copyright"":""kamen_rider_(1st_series)"",""co_posts"":33,""character_coverage"":0.347368},{""copyright"":""kamen_rider_stronger_(series)"",""co_posts"":33,""character_coverage"":0.347368}]","","","PENDING",""
"I70-021163","kamen_rider_saber","4","Character","105","","","","","セイバー(仮面ライダー)","","[{""copyright"":""kamen_rider"",""co_posts"":87,""character_coverage"":1.0},{""copyright"":""kamen_rider_saber_(series)"",""co_posts"":87,""character_coverage"":1.0},{""copyright"":""kamen_rider_01_(series)"",""co_posts"":6,""character_coverage"":0.068966},{""copyright"":""kamen_rider_geats_(series)"",""co_posts"":5,""character_coverage"":0.057471},{""copyright"":""battle_spirits"",""co_posts"":4,""character_coverage"":0.045977}]","","","PENDING",""
"I70-021164","kaminari_clara","4","Character","105","","","","","歌美鳴クララ","","[{""copyright"":""phase_connect"",""co_posts"":94,""character_coverage"":1.0},{""copyright"":""dungeons_&_dragons"",""co_posts"":3,""character_coverage"":0.031915},{""copyright"":""hololive"",""co_posts"":2,""character_coverage"":0.021277},{""copyright"":""indie_virtual_youtuber"",""co_posts"":2,""character_coverage"":0.021277},{""copyright"":""alice's_adventures_in_wonderland"",""co_posts"":1,""character_coverage"":0.010638}]","","","PENDING",""
"I70-021165","kanno_fumi","4","Character","105","","","","","菅野史","","[{""copyright"":""devil_survivor_(series)"",""co_posts"":84,""character_coverage"":1.0},{""copyright"":""devil_survivor_2"",""co_posts"":84,""character_coverage"":1.0},{""copyright"":""megami_tensei"",""co_posts"":12,""character_coverage"":0.142857},{""copyright"":""atlus"",""co_posts"":4,""character_coverage"":0.047619},{""copyright"":""shin_megami_tensei"",""co_posts"":2,""character_coverage"":0.02381}]","","","PENDING",""
"I70-021166","katase_shiori","4","Character","105","","","","","片瀬詩織里","","[{""copyright"":""uchi_no_kaisha_no_chiisai_senpai_no_hanashi"",""co_posts"":100,""character_coverage"":1.0},{""copyright"":""megami_magazine"",""co_posts"":4,""character_coverage"":0.04},{""copyright"":""comiket_103"",""co_posts"":2,""character_coverage"":0.02},{""copyright"":""kono_subarashii_sekai_ni_shukufuku_wo!"",""co_posts"":1,""character_coverage"":0.01},{""copyright"":""make_heroine_ga_oo_sugiru!"",""co_posts"":1,""character_coverage"":0.01}]","","","PENDING",""
"I70-021167","kinme_wakana","4","Character","105","","","","","金目綿花奈","","[{""copyright"":""kirei_ni_shitemoraemasuka"",""co_posts"":102,""character_coverage"":1.0},{""copyright"":""megami_magazine"",""co_posts"":2,""character_coverage"":0.019608},{""copyright"":""mato_seihei_no_slave"",""co_posts"":1,""character_coverage"":0.009804}]","","","PENDING",""
"I70-021168","kisaragi_yura_(zeatto)","4","Character","105","","","","","如月ゆら","","[{""copyright"":""original"",""co_posts"":104,""character_coverage"":1.0},{""copyright"":""alice's_adventures_in_wonderland"",""co_posts"":2,""character_coverage"":0.019231},{""copyright"":""ansatsu_kyoushitsu"",""co_posts"":2,""character_coverage"":0.019231},{""copyright"":""little_red_riding_hood_(fairy_tale)"",""co_posts"":2,""character_coverage"":0.019231},{""copyright"":""fate_(series)"",""co_posts"":1,""character_coverage"":0.009615}]","","","PENDING",""
"I70-021169","konan_mia","4","Character","105","","","","","湖南みあ","","[{""copyright"":""nanashi_inc."",""co_posts"":93,""character_coverage"":1.0},{""copyright"":""aogiri_koukou"",""co_posts"":1,""character_coverage"":0.010753},{""copyright"":""comiket_105"",""co_posts"":1,""character_coverage"":0.010753},{""copyright"":""suzumiya_haruhi_no_yuuutsu"",""co_posts"":1,""character_coverage"":0.010753}]","","","PENDING",""
"I70-021170","kouno_takaaki","4","Character","105","","","","","タカ坊","","[{""copyright"":""to_heart_(series)"",""co_posts"":80,""character_coverage"":1.0},{""copyright"":""to_heart_2"",""co_posts"":80,""character_coverage"":1.0},{""copyright"":""to_heart_2_ad"",""co_posts"":3,""character_coverage"":0.0375},{""copyright"":""to_heart"",""co_posts"":2,""character_coverage"":0.025},{""copyright"":""2channel"",""co_posts"":1,""character_coverage"":0.0125}]","","","PENDING",""
"I70-021171","kriemhild_(swimsuit_rider)_(fate)","4","Character","105","","","","","クリームヒルト(水着)","","[{""copyright"":""fate/grand_order"",""co_posts"":88,""character_coverage"":1.0},{""copyright"":""fate_(series)"",""co_posts"":88,""character_coverage"":1.0},{""copyright"":""fate/extella"",""co_posts"":1,""character_coverage"":0.011364},{""copyright"":""fate/extella_link"",""co_posts"":1,""character_coverage"":0.011364},{""copyright"":""fate/extra"",""co_posts"":1,""character_coverage"":0.011364}]","","","PENDING",""
"I70-021172","lize_helesta_(streetwear)","4","Character","105","lize_helesta_(8th_costume)","lize helesta (8th costume)","","","リゼ・ヘルエスタ(パーカー)","","[{""copyright"":""nijisanji"",""co_posts"":101,""character_coverage"":1.0},{""copyright"":""minecraft"",""co_posts"":2,""character_coverage"":0.019802},{""copyright"":""page_of_lambda"",""co_posts"":1,""character_coverage"":0.009901}]","","","PENDING",""
"I70-021173","lorenz_hellman_gloucester_(timeskip)","4","Character","105","lorenz_hellman_gloucester_(post_timeskip)","lorenz hellman gloucester (post timeskip)","","","","","[{""copyright"":""fire_emblem"",""co_posts"":100,""character_coverage"":1.0},{""copyright"":""fire_emblem:_three_houses"",""co_posts"":100,""character_coverage"":1.0},{""copyright"":""fire_emblem_warriors:_three_hopes"",""co_posts"":2,""character_coverage"":0.02},{""copyright"":""fire_emblem_heroes"",""co_posts"":1,""character_coverage"":0.01},{""copyright"":""jojo_no_kimyou_na_bouken"",""co_posts"":1,""character_coverage"":0.01}]","","","PENDING",""
"I70-021174","luchador_(granblue_fantasy)","4","Character","105","","","","","レスラー(グラブル)","","[{""copyright"":""granblue_fantasy"",""co_posts"":101,""character_coverage"":1.0},{""copyright"":""shingeki_no_bahamut"",""co_posts"":9,""character_coverage"":0.089109},{""copyright"":""nitroplus"",""co_posts"":2,""character_coverage"":0.019802},{""copyright"":""futari_wa_precure"",""co_posts"":1,""character_coverage"":0.009901},{""copyright"":""manaria_friends"",""co_posts"":1,""character_coverage"":0.009901}]","","","PENDING",""
"I70-021175","lyon_(suikoden)","4","Character","105","lyon_(gensou_suikoden)","lyon (gensou suikoden)","","","リヨン（gensou suikoden）","","[{""copyright"":""gensou_suikoden"",""co_posts"":99,""character_coverage"":1.0},{""copyright"":""gensou_suikoden_v"",""co_posts"":99,""character_coverage"":1.0},{""copyright"":""gensou_suikoden_i"",""co_posts"":5,""character_coverage"":0.050505},{""copyright"":""gensou_suikoden_ii"",""co_posts"":5,""character_coverage"":0.050505},{""copyright"":""gensou_suikoden_iii"",""co_posts"":4,""character_coverage"":0.040404}]","","","PENDING",""
"I70-021176","lysithea_von_ordelia_(tea_party)","4","Character","105","","","","","","","[{""copyright"":""fire_emblem"",""co_posts"":103,""character_coverage"":1.0},{""copyright"":""fire_emblem:_three_houses"",""co_posts"":103,""character_coverage"":1.0},{""copyright"":""fire_emblem_heroes"",""co_posts"":103,""character_coverage"":1.0},{""copyright"":""fire_emblem:_genealogy_of_the_holy_war"",""co_posts"":3,""character_coverage"":0.029126},{""copyright"":""blue_archive"",""co_posts"":1,""character_coverage"":0.009709}]","","","PENDING",""
"I70-021177","margarita_blankenheim","4","Character","105","","","","","マルガリータ=ブランケンハイム","","[{""copyright"":""evillious_nendaiki"",""co_posts"":94,""character_coverage"":1.0},{""copyright"":""vocaloid"",""co_posts"":94,""character_coverage"":1.0},{""copyright"":""nemurase_hime_kara_no_okurimono_(vocaloid)"",""co_posts"":88,""character_coverage"":0.93617},{""copyright"":""akujiki_musume_conchita_(vocaloid)"",""co_posts"":21,""character_coverage"":0.223404},{""copyright"":""enbizaka_no_shitateya_(vocaloid)"",""co_posts"":21,""character_coverage"":0.223404}]","","","PENDING",""
"I70-021178","mega_scizor","4","Character","105","","","","","メガハッサム","","[{""copyright"":""pokemon"",""co_posts"":93,""character_coverage"":1.0},{""copyright"":""pokemon_masters_ex"",""co_posts"":11,""character_coverage"":0.11828},{""copyright"":""pokemon_x_and_y"",""co_posts"":7,""character_coverage"":0.075269},{""copyright"":""pokemon_sun_and_moon"",""co_posts"":4,""character_coverage"":0.043011},{""copyright"":""pokemon_legends:_z-a"",""co_posts"":3,""character_coverage"":0.032258}]","","","PENDING",""
"I70-021179","meis_(promare)","4","Character","105","","","","","メイス","","[{""copyright"":""promare"",""co_posts"":104,""character_coverage"":1.0},{""copyright"":""trigger_(company)"",""co_posts"":2,""character_coverage"":0.019231},{""copyright"":""fate/grand_order"",""co_posts"":1,""character_coverage"":0.009615},{""copyright"":""fate_(series)"",""co_posts"":1,""character_coverage"":0.009615},{""copyright"":""gridman_universe"",""co_posts"":1,""character_coverage"":0.009615}]","","","PENDING",""
"I70-021180","meyuu_(kso)","4","Character","105","","","","","めゆーめゆー","","[{""copyright"":""original"",""co_posts"":104,""character_coverage"":1.0},{""copyright"":""yuusha_to_maou"",""co_posts"":2,""character_coverage"":0.019231}]","","","PENDING",""
"I70-021181","mia_flatpaddy","4","Character","105","mia_(syroh)","mia (syroh)","","","ミア・フラットパディ","","[{""copyright"":""original"",""co_posts"":103,""character_coverage"":1.0},{""copyright"":""dengeki_moeoh"",""co_posts"":1,""character_coverage"":0.009709},{""copyright"":""kamikaze_explorer!"",""co_posts"":1,""character_coverage"":0.009709},{""copyright"":""melon_girls"",""co_posts"":1,""character_coverage"":0.009709},{""copyright"":""melonbooks"",""co_posts"":1,""character_coverage"":0.009709}]","","","PENDING",""
"I70-021182","mike_morton","4","Character","105","acrobat_(identity_v)","acrobat (identity v)","","","マイク・モートン","","[{""copyright"":""identity_v"",""co_posts"":102,""character_coverage"":1.0},{""copyright"":""lawson"",""co_posts"":2,""character_coverage"":0.019608},{""copyright"":""animate_(company)"",""co_posts"":1,""character_coverage"":0.009804},{""copyright"":""instagram"",""co_posts"":1,""character_coverage"":0.009804},{""copyright"":""persona"",""co_posts"":1,""character_coverage"":0.009804}]","","","PENDING",""
"I70-021183","mike_zacharias","4","Character","105","mike_zakarius","mike zakarius","","","マイク・ザカリウス","","[{""copyright"":""shingeki_no_kyojin"",""co_posts"":103,""character_coverage"":1.0},{""copyright"":""pokemon"",""co_posts"":1,""character_coverage"":0.009709},{""copyright"":""sanrio"",""co_posts"":1,""character_coverage"":0.009709}]","","","PENDING",""
"I70-021184","mimitchi","4","Character","105","","","","","みみっち","","[{""copyright"":""tamagotchi"",""co_posts"":101,""character_coverage"":1.0},{""copyright"":""tamagotchi_(classic)"",""co_posts"":26,""character_coverage"":0.257426},{""copyright"":""original"",""co_posts"":18,""character_coverage"":0.178218},{""copyright"":""tamagotchi_plus"",""co_posts"":14,""character_coverage"":0.138614},{""copyright"":""fate_(series)"",""co_posts"":9,""character_coverage"":0.089109}]","","","PENDING",""
"I70-021185","mirin_(granblue_fantasy)","4","Character","105","","","","","ミリン(グラブル)","","[{""copyright"":""granblue_fantasy"",""co_posts"":104,""character_coverage"":1.0},{""copyright"":""shingeki_no_bahamut"",""co_posts"":2,""character_coverage"":0.019231},{""copyright"":""cygames"",""co_posts"":1,""character_coverage"":0.009615},{""copyright"":""jojo_no_kimyou_na_bouken"",""co_posts"":1,""character_coverage"":0.009615},{""copyright"":""sekiro:_shadows_die_twice"",""co_posts"":1,""character_coverage"":0.009615}]","","","PENDING",""
"I70-021186","mitsuki_sohara","4","Character","105","","","","","見月そはら","","[{""copyright"":""sora_no_otoshimono"",""co_posts"":90,""character_coverage"":1.0},{""copyright"":""nyantype"",""co_posts"":9,""character_coverage"":0.1},{""copyright"":""megami_magazine"",""co_posts"":7,""character_coverage"":0.077778},{""copyright"":""newtype"",""co_posts"":3,""character_coverage"":0.033333},{""copyright"":""animedia"",""co_posts"":1,""character_coverage"":0.011111}]","","","PENDING",""
"I70-021187","miyama_yuuna","4","Character","105","","","","","宮間夕菜","","[{""copyright"":""maburaho"",""co_posts"":93,""character_coverage"":1.0},{""copyright"":""megami_magazine"",""co_posts"":7,""character_coverage"":0.075269},{""copyright"":""original"",""co_posts"":4,""character_coverage"":0.043011},{""copyright"":""gundam"",""co_posts"":1,""character_coverage"":0.010753},{""copyright"":""iriya_no_sora_ufo_no_natsu"",""co_posts"":1,""character_coverage"":0.010753}]","","","PENDING",""
"I70-021188","moo_deng","4","Character","105","","","","","ムーデン","","[{""copyright"":""real_life"",""co_posts"":87,""character_coverage"":0.852941},{""copyright"":""original"",""co_posts"":10,""character_coverage"":0.098039},{""copyright"":""pokemon"",""co_posts"":6,""character_coverage"":0.058824},{""copyright"":""hololive"",""co_posts"":4,""character_coverage"":0.039216},{""copyright"":""hololive_english"",""co_posts"":4,""character_coverage"":0.039216}]","","","PENDING",""
"I70-021189","mori_sonou","4","Character","105","","","","","森園生","","[{""copyright"":""suzumiya_haruhi_no_yuuutsu"",""co_posts"":80,""character_coverage"":1.0},{""copyright"":""nagato_yuki-chan_no_shoushitsu"",""co_posts"":4,""character_coverage"":0.05},{""copyright"":""suzumiya_haruhi-chan_no_yuuutsu"",""co_posts"":4,""character_coverage"":0.05},{""copyright"":""suzumiya_haruhi_no_shoushitsu"",""co_posts"":4,""character_coverage"":0.05},{""copyright"":""k-on!"",""co_posts"":3,""character_coverage"":0.0375}]","","","PENDING",""
"I70-021190","muromi-san","4","Character","105","","","","","むろみさん","","[{""copyright"":""namiuchigiwa_no_muromi-san"",""co_posts"":96,""character_coverage"":1.0},{""copyright"":""hataraku_maou-sama!"",""co_posts"":2,""character_coverage"":0.020833},{""copyright"":""mahou_shoujo_madoka_magica"",""co_posts"":2,""character_coverage"":0.020833},{""copyright"":""mahou_shoujo_madoka_magica_(anime)"",""co_posts"":2,""character_coverage"":0.020833},{""copyright"":""suisei_no_gargantia"",""co_posts"":2,""character_coverage"":0.020833}]","","","PENDING",""
"I70-021191","namiki_meiko","4","Character","105","","","","","並木芽衣子","","[{""copyright"":""idolmaster"",""co_posts"":104,""character_coverage"":1.0},{""copyright"":""idolmaster_cinderella_girls"",""co_posts"":104,""character_coverage"":1.0},{""copyright"":""cinderella_girls_gekijou"",""co_posts"":28,""character_coverage"":0.269231},{""copyright"":""idolmaster_cinderella_girls_starlight_stage"",""co_posts"":20,""character_coverage"":0.192308},{""copyright"":""idolmaster_(classic)"",""co_posts"":3,""character_coverage"":0.028846}]","","","PENDING",""
"I70-021192","naoi_(zenbu_kowashite_jigoku_de_aishite)","4","Character","105","","","","","なおくる","","[{""copyright"":""zenbu_kowashite_jigoku_de_aishite"",""co_posts"":100,""character_coverage"":1.0},{""copyright"":""shuuniichido_classmate_wo_kau_hanashi"",""co_posts"":5,""character_coverage"":0.05},{""copyright"":""bocchi_the_rock!"",""co_posts"":1,""character_coverage"":0.01},{""copyright"":""instagram"",""co_posts"":1,""character_coverage"":0.01},{""copyright"":""na_nare_hana_nare"",""co_posts"":1,""character_coverage"":0.01}]","","","PENDING",""
"I70-021193","narumiya_suzu","4","Character","105","","","","","成宮すず","","[{""copyright"":""idoly_pride"",""co_posts"":102,""character_coverage"":1.0},{""copyright"":""k-on!"",""co_posts"":2,""character_coverage"":0.019608},{""copyright"":""suzumiya_haruhi_no_yuuutsu"",""co_posts"":2,""character_coverage"":0.019608},{""copyright"":""cyberpunk:_edgerunners"",""co_posts"":1,""character_coverage"":0.009804},{""copyright"":""cyberpunk_(series)"",""co_posts"":1,""character_coverage"":0.009804}]","","","PENDING",""
"I70-021194","natsume_(hidamari_sketch)","4","Character","105","","","","","夏目(ひだまりスケッチ)","","[{""copyright"":""hidamari_sketch"",""co_posts"":103,""character_coverage"":1.0},{""copyright"":""ga_geijutsuka_art_design_class"",""co_posts"":2,""character_coverage"":0.019417},{""copyright"":""manga_time_kirara"",""co_posts"":2,""character_coverage"":0.019417},{""copyright"":""alice's_adventures_in_wonderland"",""co_posts"":1,""character_coverage"":0.009709},{""copyright"":""dream_c_club"",""co_posts"":1,""character_coverage"":0.009709}]","","","PENDING",""
"I70-021195","necrass_(young)_(arknights)","4","Character","105","","","","","","","[{""copyright"":""arknights"",""co_posts"":90,""character_coverage"":1.0},{""copyright"":""blue_archive"",""co_posts"":1,""character_coverage"":0.011111}]","","","PENDING",""
"I70-021196","niwa_hitomi","4","Character","105","","","","","丹羽仁美","","[{""copyright"":""idolmaster"",""co_posts"":102,""character_coverage"":1.0},{""copyright"":""idolmaster_cinderella_girls"",""co_posts"":102,""character_coverage"":1.0},{""copyright"":""cinderella_girls_gekijou"",""co_posts"":27,""character_coverage"":0.264706},{""copyright"":""idolmaster_cinderella_girls_starlight_stage"",""co_posts"":23,""character_coverage"":0.22549},{""copyright"":""azur_lane"",""co_posts"":2,""character_coverage"":0.019608}]","","","PENDING",""
"I70-021197","nora_arento","4","Character","105","nora_ardent","nora ardent","","","ノーラ・アレント","","[{""copyright"":""spice_and_wolf"",""co_posts"":102,""character_coverage"":1.0},{""copyright"":""hidamari_sketch"",""co_posts"":1,""character_coverage"":0.009804},{""copyright"":""honest_axe"",""co_posts"":1,""character_coverage"":0.009804},{""copyright"":""k-on!"",""co_posts"":1,""character_coverage"":0.009804},{""copyright"":""macross"",""co_posts"":1,""character_coverage"":0.009804}]","","","PENDING",""
"I70-021198","nowi_(eternal_witch)_(fire_emblem)","4","Character","105","nowi_(halloween)_(fire_emblem)","nowi (halloween) (fire emblem)","","","","","[{""copyright"":""fire_emblem"",""co_posts"":99,""character_coverage"":1.0},{""copyright"":""fire_emblem_heroes"",""co_posts"":97,""character_coverage"":0.979798},{""copyright"":""fire_emblem_awakening"",""co_posts"":92,""character_coverage"":0.929293},{""copyright"":""fire_emblem:_mystery_of_the_emblem"",""co_posts"":5,""character_coverage"":0.050505},{""copyright"":""fire_emblem:_the_sacred_stones"",""co_posts"":5,""character_coverage"":0.050505}]","","","PENDING",""
"I70-021199","oberon_(moody_summer_oberon)_(fate)","4","Character","105","","","","","不機嫌サマー・オベロン","","[{""copyright"":""fate/grand_order"",""co_posts"":105,""character_coverage"":1.0},{""copyright"":""fate_(series)"",""co_posts"":105,""character_coverage"":1.0},{""copyright"":""coca-cola"",""co_posts"":1,""character_coverage"":0.009524},{""copyright"":""linkin_park"",""co_posts"":1,""character_coverage"":0.009524}]","","","PENDING",""
"I70-021200","ogre_(granblue_fantasy)","4","Character","105","","","","","Ogre（Granblueファンタジー）","","[{""copyright"":""granblue_fantasy"",""co_posts"":105,""character_coverage"":1.0},{""copyright"":""idolmaster"",""co_posts"":6,""character_coverage"":0.057143},{""copyright"":""idolmaster_cinderella_girls"",""co_posts"":6,""character_coverage"":0.057143},{""copyright"":""shingeki_no_bahamut"",""co_posts"":3,""character_coverage"":0.028571},{""copyright"":""kantai_collection"",""co_posts"":1,""character_coverage"":0.009524}]","","","PENDING",""
"I70-021201","one_(drag-on_dragoon)","4","Character","105","","","","","1つ（ドラッグオンドラグーン）","","[{""copyright"":""drag-on_dragoon"",""co_posts"":103,""character_coverage"":1.0},{""copyright"":""drag-on_dragoon_3"",""co_posts"":103,""character_coverage"":1.0},{""copyright"":""black_lagoon"",""co_posts"":2,""character_coverage"":0.019417},{""copyright"":""no_more_heroes"",""co_posts"":2,""character_coverage"":0.019417},{""copyright"":""panty_&_stocking_with_garterbelt"",""co_posts"":2,""character_coverage"":0.019417}]","","","PENDING",""
"I70-021202","ootori_kanae_(soukou_akki_muramasa)","4","Character","105","","","","","大鳥香奈枝","","[{""copyright"":""soukou_akki_muramasa"",""co_posts"":98,""character_coverage"":1.0},{""copyright"":""nitroplus"",""co_posts"":15,""character_coverage"":0.153061},{""copyright"":""vocaloid"",""co_posts"":2,""character_coverage"":0.020408},{""copyright"":""bobobo-bo_bo-bobo"",""co_posts"":1,""character_coverage"":0.010204},{""copyright"":""durarara!!"",""co_posts"":1,""character_coverage"":0.010204}]","","","PENDING",""
"I70-021203","ozu_kanon","4","Character","105","","","","","オズカノン","","[{""copyright"":""coppelion"",""co_posts"":89,""character_coverage"":1.0},{""copyright"":""danganronpa_(series)"",""co_posts"":3,""character_coverage"":0.033708},{""copyright"":""mahou_shoujo_madoka_magica"",""co_posts"":3,""character_coverage"":0.033708},{""copyright"":""mahou_shoujo_madoka_magica_(anime)"",""co_posts"":3,""character_coverage"":0.033708},{""copyright"":""nichijou"",""co_posts"":3,""character_coverage"":0.033708}]","","","PENDING",""
"I70-021204","phalanx_2_(sekaiju)","4","Character","105","","","","","Phalanx 2（Sekaiju）","","[{""copyright"":""sekaiju_no_meikyuu"",""co_posts"":80,""character_coverage"":1.0},{""copyright"":""sekaiju_no_meikyuu_3"",""co_posts"":77,""character_coverage"":0.9625},{""copyright"":""sekaiju_no_meikyuu_1"",""co_posts"":2,""character_coverage"":0.025},{""copyright"":""sekaiju_no_meikyuu_2"",""co_posts"":2,""character_coverage"":0.025},{""copyright"":""sekaiju_no_meikyuu_4"",""co_posts"":2,""character_coverage"":0.025}]","","","PENDING",""
"I70-021205","potato_(air)","4","Character","105","","","","","ポテト(AIR)","","[{""copyright"":""air_(visual_novel)"",""co_posts"":93,""character_coverage"":0.96875},{""copyright"":""key_(company)"",""co_posts"":35,""character_coverage"":0.364583},{""copyright"":""little_busters!"",""co_posts"":30,""character_coverage"":0.3125},{""copyright"":""clannad"",""co_posts"":28,""character_coverage"":0.291667},{""copyright"":""kanon"",""co_posts"":25,""character_coverage"":0.260417}]","","","PENDING",""
"I70-021206","puck_(berserk)","4","Character","105","","","","","パック","","[{""copyright"":""berserk"",""co_posts"":97,""character_coverage"":1.0},{""copyright"":""chainsaw_man"",""co_posts"":3,""character_coverage"":0.030928},{""copyright"":""touhou"",""co_posts"":3,""character_coverage"":0.030928},{""copyright"":""mahou_shoujo_madoka_magica"",""co_posts"":2,""character_coverage"":0.020619},{""copyright"":""mahou_shoujo_madoka_magica_(anime)"",""co_posts"":2,""character_coverage"":0.020619}]","","","PENDING",""
"I70-021207","qbu-88_(girls'_frontline)","4","Character","105","qbu-88_(girls_frontline)","qbu-88 (girls frontline)","","","QBU-88(ドールズフロントライン)","","[{""copyright"":""girls'_frontline"",""co_posts"":104,""character_coverage"":1.0},{""copyright"":""girls'_frontline_neural_cloud"",""co_posts"":20,""character_coverage"":0.192308},{""copyright"":""lawson"",""co_posts"":8,""character_coverage"":0.076923},{""copyright"":""metal_gear_(series)"",""co_posts"":2,""character_coverage"":0.019231},{""copyright"":""red_dead_redemption"",""co_posts"":2,""character_coverage"":0.019231}]","","","PENDING",""
"I70-021208","q-chan_(yunyun_denpa_syndrome)","4","Character","105","","","","","Qちゃん","","[{""copyright"":""yunyun_denpa_syndrome"",""co_posts"":96,""character_coverage"":1.0},{""copyright"":""cytus"",""co_posts"":4,""character_coverage"":0.041667},{""copyright"":""cytus_ii"",""co_posts"":4,""character_coverage"":0.041667},{""copyright"":""deemo"",""co_posts"":4,""character_coverage"":0.041667},{""copyright"":""muse_dash"",""co_posts"":4,""character_coverage"":0.041667}]","","","PENDING",""
"I70-021209","qol_(kabane_(rjev8385))","4","Character","105","","","","","","","[{""copyright"":""original"",""co_posts"":104,""character_coverage"":0.990476},{""copyright"":""one_piece"",""co_posts"":96,""character_coverage"":0.914286}]","","","PENDING",""
"I70-021210","rabite_(seiken_densetsu)","4","Character","105","","","","","ラビ","","[{""copyright"":""seiken_densetsu"",""co_posts"":99,""character_coverage"":0.99},{""copyright"":""seiken_densetsu_3"",""co_posts"":64,""character_coverage"":0.64},{""copyright"":""seiken_densetsu_2"",""co_posts"":16,""character_coverage"":0.16},{""copyright"":""legend_of_mana"",""co_posts"":15,""character_coverage"":0.15},{""copyright"":""dragon_quest"",""co_posts"":4,""character_coverage"":0.04}]","","","PENDING",""
"I70-021211","reyn_(xenoblade)","4","Character","105","rein_(xenoblade),reyn","rein (xenoblade) | reyn","","","ライン","","[{""copyright"":""xenoblade_chronicles_(series)"",""co_posts"":100,""character_coverage"":1.0},{""copyright"":""xenoblade_chronicles_1"",""co_posts"":99,""character_coverage"":0.99},{""copyright"":""xenoblade_chronicles_3"",""co_posts"":6,""character_coverage"":0.06},{""copyright"":""xenoblade_chronicles_3:_future_redeemed"",""co_posts"":4,""character_coverage"":0.04},{""copyright"":""fire_emblem"",""co_posts"":3,""character_coverage"":0.03}]","","","PENDING",""
"I70-021212","rio_(summer_memories)","4","Character","105","","","","","莉音(あまえんぼ)","","[{""copyright"":""summer_memories"",""co_posts"":48,""character_coverage"":0.64},{""copyright"":""winter_memories"",""co_posts"":27,""character_coverage"":0.36}]","","","PENDING",""
"I70-021213","roy_koopa","4","Character","105","","","","","ロイ(マリオシリーズ)","","[{""copyright"":""mario_(series)"",""co_posts"":93,""character_coverage"":1.0},{""copyright"":""fire_emblem"",""co_posts"":38,""character_coverage"":0.408602},{""copyright"":""super_smash_bros."",""co_posts"":38,""character_coverage"":0.408602},{""copyright"":""the_legend_of_zelda"",""co_posts"":37,""character_coverage"":0.397849},{""copyright"":""donkey_kong_(series)"",""co_posts"":34,""character_coverage"":0.365591}]","","","PENDING",""
"I70-021214","sally_(bofuri)","4","Character","105","","","","","サリー(防振り)","","[{""copyright"":""itai_no_wa_iya_nano_de_bougyoryoku_ni_kyokufuri_shitai_to_omoimasu"",""co_posts"":89,""character_coverage"":1.0},{""copyright"":""megami_magazine"",""co_posts"":4,""character_coverage"":0.044944},{""copyright"":""kono_subarashii_sekai_ni_shukufuku_wo!"",""co_posts"":3,""character_coverage"":0.033708},{""copyright"":""konosuba!_fantastic_days"",""co_posts"":3,""character_coverage"":0.033708},{""copyright"":""tate_no_yuusha_no_nariagari"",""co_posts"":2,""character_coverage"":0.022472}]","","","PENDING",""
"I70-021215","samekichi_(funamusea)","4","Character","105","samekichi_(wadanohara)","samekichi (wadanohara)","","","鮫吉","","[{""copyright"":""funamusea"",""co_posts"":100,""character_coverage"":1.0},{""copyright"":""oounabara_to_wadanohara"",""co_posts"":98,""character_coverage"":0.98},{""copyright"":""ice_scream"",""co_posts"":5,""character_coverage"":0.05},{""copyright"":""haiiro_teien"",""co_posts"":4,""character_coverage"":0.04},{""copyright"":""mogeko_castle"",""co_posts"":2,""character_coverage"":0.02}]","","","PENDING",""
"I70-021216","satan_(devilman)","4","Character","105","","","","","大魔神サタン","","[{""copyright"":""devilman"",""co_posts"":95,""character_coverage"":1.0},{""copyright"":""devilman_crybaby"",""co_posts"":40,""character_coverage"":0.421053},{""copyright"":""berserk"",""co_posts"":1,""character_coverage"":0.010526},{""copyright"":""cyborg_009"",""co_posts"":1,""character_coverage"":0.010526},{""copyright"":""jojo_no_kimyou_na_bouken"",""co_posts"":1,""character_coverage"":0.010526}]","","","PENDING",""
"I70-021217","sharifah_ozdil_(tukikagerou)","4","Character","105","sharifah_ozdil","sharifah ozdil","","","シャリーファ","","[{""copyright"":""original"",""co_posts"":103,""character_coverage"":1.0},{""copyright"":""all_nippon_airways"",""co_posts"":1,""character_coverage"":0.009709}]","","","PENDING",""
"I70-021218","shima_(pepekekeko)","4","Character","105","","","","","シマ","","[{""copyright"":""phantasy_star"",""co_posts"":101,""character_coverage"":0.961905},{""copyright"":""phantasy_star_online_2"",""co_posts"":101,""character_coverage"":0.961905},{""copyright"":""original"",""co_posts"":93,""character_coverage"":0.885714},{""copyright"":""mahou_shoujo_madoka_magica"",""co_posts"":3,""character_coverage"":0.028571},{""copyright"":""mahou_shoujo_madoka_magica_(anime)"",""co_posts"":3,""character_coverage"":0.028571}]","","","PENDING",""
"I70-021219","shizuki_ruriko","4","Character","105","","","","","","","[{""copyright"":""original"",""co_posts"":102,""character_coverage"":0.980769},{""copyright"":""gekkan_uribou_zakka-ten"",""co_posts"":2,""character_coverage"":0.019231},{""copyright"":""melonbooks"",""co_posts"":2,""character_coverage"":0.019231},{""copyright"":""dengeki_moeoh"",""co_posts"":1,""character_coverage"":0.009615}]","","","PENDING",""
"I70-021220","sir_arthur_(makaimura)","4","Character","105","","","","","アーサー","","[{""copyright"":""makaimura"",""co_posts"":92,""character_coverage"":0.978723},{""copyright"":""mega_man_(series)"",""co_posts"":48,""character_coverage"":0.510638},{""copyright"":""street_fighter"",""co_posts"":41,""character_coverage"":0.43617},{""copyright"":""capcom"",""co_posts"":35,""character_coverage"":0.37234},{""copyright"":""mega_man_(classic)"",""co_posts"":30,""character_coverage"":0.319149}]","","","PENDING",""
"I70-021221","sir_ventrilo_(maria_marionette)","4","Character","105","","","","","","","[{""copyright"":""nijisanji"",""co_posts"":97,""character_coverage"":1.0},{""copyright"":""nijisanji_en"",""co_posts"":97,""character_coverage"":1.0},{""copyright"":""among_us"",""co_posts"":1,""character_coverage"":0.010309},{""copyright"":""grizzly_ni_osowaretara"",""co_posts"":1,""character_coverage"":0.010309},{""copyright"":""minecraft"",""co_posts"":1,""character_coverage"":0.010309}]","","","PENDING",""
"I70-021222","sky_(shantae)","4","Character","105","","","","","スカイ","","[{""copyright"":""shantae_(series)"",""co_posts"":87,""character_coverage"":1.0},{""copyright"":""shantae_and_the_pirate's_curse"",""co_posts"":14,""character_coverage"":0.16092},{""copyright"":""shantae:_half-genie_hero"",""co_posts"":8,""character_coverage"":0.091954},{""copyright"":""shantae_and_the_seven_sirens"",""co_posts"":4,""character_coverage"":0.045977},{""copyright"":""fire_emblem"",""co_posts"":1,""character_coverage"":0.011494}]","","","PENDING",""
"I70-021223","spamton_neo","4","Character","105","","","","","スパムトンNEO","","[{""copyright"":""deltarune"",""co_posts"":94,""character_coverage"":1.0},{""copyright"":""utdr_(toby_fox)"",""co_posts"":94,""character_coverage"":1.0},{""copyright"":""undertale"",""co_posts"":3,""character_coverage"":0.031915},{""copyright"":""chainsaw_man"",""co_posts"":2,""character_coverage"":0.021277},{""copyright"":""jujutsu_kaisen"",""co_posts"":2,""character_coverage"":0.021277}]","","","PENDING",""
"I70-021224","takamiya_rion_(7th_costume)","4","Character","105","","","","","鷹宮リオン(夏服)","","[{""copyright"":""nijisanji"",""co_posts"":103,""character_coverage"":1.0},{""copyright"":""nijisanji_koshien"",""co_posts"":11,""character_coverage"":0.106796},{""copyright"":""nijisanji_en"",""co_posts"":1,""character_coverage"":0.009709},{""copyright"":""nijisanji_id"",""co_posts"":1,""character_coverage"":0.009709},{""copyright"":""nijisanji_kr"",""co_posts"":1,""character_coverage"":0.009709}]","","","PENDING",""
"I70-021225","tharja_(""normal_girl"")_(fire_emblem)","4","Character","105","tharja_(winter)_(fire_emblem)","tharja (winter) (fire emblem)","","","","","[{""copyright"":""fire_emblem"",""co_posts"":97,""character_coverage"":1.0},{""copyright"":""fire_emblem_heroes"",""co_posts"":97,""character_coverage"":1.0},{""copyright"":""fire_emblem_awakening"",""co_posts"":88,""character_coverage"":0.907216},{""copyright"":""fire_emblem:_the_blazing_blade"",""co_posts"":3,""character_coverage"":0.030928},{""copyright"":""fire_emblem_fates"",""co_posts"":3,""character_coverage"":0.030928}]","","","PENDING",""
"I70-021226","theodor_bachstein","4","Character","105","","","","","セオドール・バッハシュタイン","","[{""copyright"":""original"",""co_posts"":104,""character_coverage"":0.990476},{""copyright"":""saibou_shinkyoku"",""co_posts"":1,""character_coverage"":0.009524}]","","","PENDING",""
"I70-021227","tifa_lockhart_(majestic_glamour)","4","Character","105","","","","","グラマラスホエール","","[{""copyright"":""final_fantasy"",""co_posts"":94,""character_coverage"":1.0},{""copyright"":""final_fantasy_vii"",""co_posts"":94,""character_coverage"":1.0},{""copyright"":""final_fantasy_vii_rebirth"",""co_posts"":94,""character_coverage"":1.0},{""copyright"":""final_fantasy_vii_remake"",""co_posts"":94,""character_coverage"":1.0},{""copyright"":""final_fantasy_vii:_ever_crisis"",""co_posts"":5,""character_coverage"":0.053191}]","","","PENDING",""
"I70-021228","titania_(final_fantasy)","4","Character","105","","","","","ティターニア","","[{""copyright"":""final_fantasy"",""co_posts"":99,""character_coverage"":1.0},{""copyright"":""final_fantasy_xiv"",""co_posts"":98,""character_coverage"":0.989899},{""copyright"":""fate/grand_order"",""co_posts"":1,""character_coverage"":0.010101},{""copyright"":""fate_(series)"",""co_posts"":1,""character_coverage"":0.010101},{""copyright"":""limbus_company"",""co_posts"":1,""character_coverage"":0.010101}]","","","PENDING",""
"I70-021229","tokarev_(griffin's_dancer)_(girls'_frontline)","4","Character","105","tokarev_(griffin's_dancer)_(girls_frontline)","tokarev (griffin's dancer) (girls frontline)","","","トカレフ（グリフィンのダンサー）（女の子の最前線）","","[{""copyright"":""girls'_frontline"",""co_posts"":101,""character_coverage"":1.0},{""copyright"":""blue_archive"",""co_posts"":2,""character_coverage"":0.019802},{""copyright"":""dark_souls_(series)"",""co_posts"":2,""character_coverage"":0.019802},{""copyright"":""dark_souls_iii"",""co_posts"":2,""character_coverage"":0.019802},{""copyright"":""adventure_time"",""co_posts"":1,""character_coverage"":0.009901}]","","","PENDING",""
"I70-021230","tsukikawa_chili_(normal)","4","Character","105","","","","","","","[{""copyright"":""pretty_series"",""co_posts"":104,""character_coverage"":1.0},{""copyright"":""pripara"",""co_posts"":104,""character_coverage"":1.0},{""copyright"":""idol_time_pripara"",""co_posts"":6,""character_coverage"":0.057692},{""copyright"":""comiket_93"",""co_posts"":2,""character_coverage"":0.019231}]","","","PENDING",""
"I70-021231","tsukumo_matoi_(null)","4","Character","105","","","","","","","[{""copyright"":""original"",""co_posts"":105,""character_coverage"":1.0}]","","","PENDING",""
"I70-021232","tt013_(thirteennn013)","4","Character","105","","","","","","","[{""copyright"":""limnos"",""co_posts"":103,""character_coverage"":1.0},{""copyright"":""indie_virtual_youtuber"",""co_posts"":5,""character_coverage"":0.048544},{""copyright"":""fate/grand_order"",""co_posts"":2,""character_coverage"":0.019417},{""copyright"":""fate_(series)"",""co_posts"":2,""character_coverage"":0.019417},{""copyright"":""honkai_(series)"",""co_posts"":1,""character_coverage"":0.009709}]","","","PENDING",""
"I70-021233","vanitas_(vanitas_no_carte)","4","Character","105","","","","","ヴァニタス","","[{""copyright"":""vanitas_no_carte"",""co_posts"":85,""character_coverage"":1.0},{""copyright"":""ensemble_stars!"",""co_posts"":4,""character_coverage"":0.047059},{""copyright"":""twisted_wonderland"",""co_posts"":3,""character_coverage"":0.035294},{""copyright"":""bungou_stray_dogs"",""co_posts"":2,""character_coverage"":0.023529},{""copyright"":""kimetsu_no_yaiba"",""co_posts"":2,""character_coverage"":0.023529}]","","","PENDING",""
"I70-021234","vf-31","4","Character","105","","","","","VF-31","","[{""copyright"":""macross"",""co_posts"":86,""character_coverage"":1.0},{""copyright"":""macross_delta"",""co_posts"":86,""character_coverage"":1.0},{""copyright"":""macross_delta:_zettai_live!!!!!!"",""co_posts"":3,""character_coverage"":0.034884},{""copyright"":""macross_frontier"",""co_posts"":3,""character_coverage"":0.034884},{""copyright"":""choujikuu_yousai_macross"",""co_posts"":2,""character_coverage"":0.023256}]","","","PENDING",""
"I70-021235","vsk-94_(dance_like_the_blazing_sun)_(girls'_frontline)","4","Character","105","nikketa_(dance_like_the_blazing_sun)_(girls'_frontline_2)","nikketa (dance like the blazing sun) (girls' frontline 2)","","","","","[{""copyright"":""girls'_frontline"",""co_posts"":91,""character_coverage"":1.0},{""copyright"":""girls'_frontline_2:_exilium"",""co_posts"":84,""character_coverage"":0.923077},{""copyright"":""goddess_of_victory:_nikke"",""co_posts"":3,""character_coverage"":0.032967},{""copyright"":""john_wick"",""co_posts"":1,""character_coverage"":0.010989}]","","","PENDING",""
"I70-021236","w_(fugue)_(arknights)","4","Character","105","w_(trance)_(arknights)","w (trance) (arknights)","","","W_うわの空","","[{""copyright"":""arknights"",""co_posts"":100,""character_coverage"":1.0},{""copyright"":""ambience_synesthesia"",""co_posts"":2,""character_coverage"":0.02},{""copyright"":""mcdonald's"",""co_posts"":2,""character_coverage"":0.02},{""copyright"":""rainbow_six_siege"",""co_posts"":1,""character_coverage"":0.01},{""copyright"":""tower_records"",""co_posts"":1,""character_coverage"":0.01}]","","","PENDING",""
"I70-021237","washio_sumi","4","Character","105","","","","","鷲尾須美","","[{""copyright"":""yuusha_de_aru"",""co_posts"":96,""character_coverage"":1.0},{""copyright"":""washio_sumi_wa_yuusha_de_aru"",""co_posts"":91,""character_coverage"":0.947917},{""copyright"":""yuuki_yuuna_wa_yuusha_de_aru"",""co_posts"":31,""character_coverage"":0.322917},{""copyright"":""nogi_wakaba_wa_yuusha_de_aru"",""co_posts"":9,""character_coverage"":0.09375},{""copyright"":""yuuki_yuuna_wa_yuusha_de_aru:_hanayui_no_kirameki"",""co_posts"":7,""character_coverage"":0.072917}]","","","PENDING",""
"I70-021238","water_enchantress_of_the_temple","4","Character","105","","","","","聖殿の水遣い","","[{""copyright"":""yu-gi-oh!"",""co_posts"":96,""character_coverage"":1.0},{""copyright"":""dungeon_meshi"",""co_posts"":2,""character_coverage"":0.020833},{""copyright"":""goblin_slayer!"",""co_posts"":1,""character_coverage"":0.010417},{""copyright"":""kono_subarashii_sekai_ni_shukufuku_wo!"",""co_posts"":1,""character_coverage"":0.010417},{""copyright"":""original"",""co_posts"":1,""character_coverage"":0.010417}]","","","PENDING",""
"I70-021239","xia_you_qing","4","Character","105","","","","","夏悠晴","","[{""copyright"":""original"",""co_posts"":105,""character_coverage"":1.0},{""copyright"":""world_baseball_classic"",""co_posts"":1,""character_coverage"":0.009524}]","","","PENDING",""
"I70-021240","yakushimaru_ryota","4","Character","105","ryota_(housamo),ryota_(tokyo_houkago_summoners)","ryota (housamo) | ryota (tokyo houkago summoners)","","","薬師丸リョウタ","","[{""copyright"":""tokyo_afterschool_summoners"",""co_posts"":104,""character_coverage"":1.0},{""copyright"":""coca-cola"",""co_posts"":1,""character_coverage"":0.009615},{""copyright"":""line_(naver)"",""co_posts"":1,""character_coverage"":0.009615},{""copyright"":""live_a_hero"",""co_posts"":1,""character_coverage"":0.009615},{""copyright"":""original"",""co_posts"":1,""character_coverage"":0.009615}]","","","PENDING",""
"I70-021241","yang_nari_(1st_costume)","4","Character","105","","","","","ヤン・ナリ(通常)","","[{""copyright"":""nijisanji"",""co_posts"":102,""character_coverage"":1.0},{""copyright"":""nijisanji_kr"",""co_posts"":98,""character_coverage"":0.960784},{""copyright"":""nijisanji_en"",""co_posts"":8,""character_coverage"":0.078431},{""copyright"":""nijisanji_id"",""co_posts"":2,""character_coverage"":0.019608},{""copyright"":""apex_legends"",""co_posts"":1,""character_coverage"":0.009804}]","","","PENDING",""
"I70-021242","yasuri_nanami","4","Character","105","","","","","鑢七実","","[{""copyright"":""katanagatari"",""co_posts"":100,""character_coverage"":1.0},{""copyright"":""4chan"",""co_posts"":1,""character_coverage"":0.01},{""copyright"":""amagami"",""co_posts"":1,""character_coverage"":0.01},{""copyright"":""amagi_brilliant_park"",""co_posts"":1,""character_coverage"":0.01},{""copyright"":""ano_ko_wa_toshi_densetsu"",""co_posts"":1,""character_coverage"":0.01}]","","","PENDING",""
"I70-021243","yukimura_yoichi","4","Character","105","","","","","","","[{""copyright"":""camp_buddy"",""co_posts"":77,""character_coverage"":0.987179},{""copyright"":""arknights"",""co_posts"":1,""character_coverage"":0.012821},{""copyright"":""avatar_legends"",""co_posts"":1,""character_coverage"":0.012821},{""copyright"":""ben_10"",""co_posts"":1,""character_coverage"":0.012821},{""copyright"":""chainsaw_man"",""co_posts"":1,""character_coverage"":0.012821}]","","","PENDING",""
"I70-021244","5-volt","4","Character","104","","","","","ファイブワット","","[{""copyright"":""warioware"",""co_posts"":83,""character_coverage"":1.0},{""copyright"":""warioware:_get_it_together!"",""co_posts"":10,""character_coverage"":0.120482},{""copyright"":""mario_(series)"",""co_posts"":3,""character_coverage"":0.036145},{""copyright"":""mother_(series)"",""co_posts"":2,""character_coverage"":0.024096},{""copyright"":""mother_2"",""co_posts"":2,""character_coverage"":0.024096}]","","","PENDING",""
"I70-021245","abarai_ichika","4","Character","104","","","","","阿散井苺花","","[{""copyright"":""bleach"",""co_posts"":89,""character_coverage"":1.0},{""copyright"":""bleach:_epilogue"",""co_posts"":88,""character_coverage"":0.988764},{""copyright"":""original"",""co_posts"":1,""character_coverage"":0.011236},{""copyright"":""oshi_no_ko"",""co_posts"":1,""character_coverage"":0.011236},{""copyright"":""spy_x_family"",""co_posts"":1,""character_coverage"":0.011236}]","","","PENDING",""
"I70-021246","adina_savic","4","Character","104","","","","","アディナ","","[{""copyright"":""black_survival"",""co_posts"":98,""character_coverage"":1.0},{""copyright"":""eternal_return:_black_survival"",""co_posts"":96,""character_coverage"":0.979592},{""copyright"":""hololive"",""co_posts"":2,""character_coverage"":0.020408},{""copyright"":""hololive_english"",""co_posts"":2,""character_coverage"":0.020408},{""copyright"":""original"",""co_posts"":1,""character_coverage"":0.010204}]","","","PENDING",""
"I70-021247","aihara_wakana","4","Character","104","","","","","愛原和奏","","[{""copyright"":""girls_x_vampire"",""co_posts"":102,""character_coverage"":1.0}]","","","PENDING",""
"I70-021248","ajax_(retrofit)_(azur_lane)","4","Character","104","","","","","","","[{""copyright"":""azur_lane"",""co_posts"":85,""character_coverage"":1.0},{""copyright"":""iya_na_kao_sare_nagara_opantsu_misete_moraitai"",""co_posts"":2,""character_coverage"":0.023529},{""copyright"":""iya_na_kao_sare_nagara_opantsu_misete_moraitai_yo_wa_pantsu_ga_mitai_zo"",""co_posts"":2,""character_coverage"":0.023529}]","","","PENDING",""
"I70-021249","alice_(queen's_gate)","4","Character","104","","","","","アリス","","[{""copyright"":""queen's_blade"",""co_posts"":93,""character_coverage"":1.0},{""copyright"":""queen's_gate"",""co_posts"":93,""character_coverage"":1.0},{""copyright"":""nitroplus"",""co_posts"":33,""character_coverage"":0.354839},{""copyright"":""hyakka_ryouran_samurai_girls"",""co_posts"":3,""character_coverage"":0.032258},{""copyright"":""the_seven_deadly_sins"",""co_posts"":2,""character_coverage"":0.021505}]","","","PENDING",""
"I70-021250","alina_svard_kovalenko_(laotianaviator)","4","Character","104","","","","","","","[{""copyright"":""original"",""co_posts"":99,""character_coverage"":0.980198},{""copyright"":""escape_from_tarkov"",""co_posts"":2,""character_coverage"":0.019802},{""copyright"":""indie_virtual_youtuber"",""co_posts"":2,""character_coverage"":0.019802},{""copyright"":""project_wingman"",""co_posts"":1,""character_coverage"":0.009901}]","","","PENDING",""
"I70-021251","alvitr_(azur_lane)","4","Character","104","","","","","アルヴィト","","[{""copyright"":""azur_lane"",""co_posts"":99,""character_coverage"":1.0},{""copyright"":""azur_lane:_slow_ahead"",""co_posts"":9,""character_coverage"":0.090909}]","","","PENDING",""
"I70-021252","amane_ai","4","Character","104","","","","","天音愛","","[{""copyright"":""idol_wars"",""co_posts"":104,""character_coverage"":1.0}]","","","PENDING",""
"I70-021253","amber_(darker_than_black)","4","Character","104","","","","","アンバー","","[{""copyright"":""darker_than_black"",""co_posts"":93,""character_coverage"":1.0},{""copyright"":""animedia"",""co_posts"":3,""character_coverage"":0.032258},{""copyright"":""code_geass"",""co_posts"":3,""character_coverage"":0.032258},{""copyright"":""newtype"",""co_posts"":2,""character_coverage"":0.021505},{""copyright"":""pizza_hut"",""co_posts"":2,""character_coverage"":0.021505}]","","","PENDING",""
"I70-021254","amitie_florian","4","Character","104","","","","","アミティエ・フローリアン","","[{""copyright"":""lyrical_nanoha"",""co_posts"":96,""character_coverage"":1.0},{""copyright"":""mahou_shoujo_lyrical_nanoha"",""co_posts"":66,""character_coverage"":0.6875},{""copyright"":""mahou_shoujo_lyrical_nanoha_a's"",""co_posts"":58,""character_coverage"":0.604167},{""copyright"":""mahou_shoujo_lyrical_nanoha_a's_portable:_the_gears_of_destiny"",""co_posts"":54,""character_coverage"":0.5625},{""copyright"":""mahou_shoujo_lyrical_nanoha_detonation"",""co_posts"":16,""character_coverage"":0.166667}]","","","PENDING",""
"I70-021255","arctibax","4","Character","104","","","","","セゴール","","[{""copyright"":""pokemon"",""co_posts"":99,""character_coverage"":1.0},{""copyright"":""pokemon_scarlet_and_violet"",""co_posts"":11,""character_coverage"":0.111111},{""copyright"":""pokemon_tcg"",""co_posts"":6,""character_coverage"":0.060606},{""copyright"":""original"",""co_posts"":2,""character_coverage"":0.020202},{""copyright"":""godzilla_(series)"",""co_posts"":1,""character_coverage"":0.010101}]","","","PENDING",""
"I70-021256","arctovish","4","Character","104","","","","","ウオチルドン","","[{""copyright"":""pokemon"",""co_posts"":103,""character_coverage"":1.0},{""copyright"":""pokemon_sword_and_shield"",""co_posts"":16,""character_coverage"":0.15534},{""copyright"":""pokemon:_arceus_and_the_jewel_of_life"",""co_posts"":3,""character_coverage"":0.029126},{""copyright"":""pokemon:_jirachi:_wish_maker"",""co_posts"":3,""character_coverage"":0.029126},{""copyright"":""pokemon:_lucario_and_the_mystery_of_mew"",""co_posts"":3,""character_coverage"":0.029126}]","","","PENDING",""
"I70-021257","arde_(len'en)","4","Character","104","","","","","","","[{""copyright"":""len'en"",""co_posts"":86,""character_coverage"":1.0},{""copyright"":""brilliant_pagoda_or_haze_castle"",""co_posts"":9,""character_coverage"":0.104651},{""copyright"":""evanescent_existence"",""co_posts"":3,""character_coverage"":0.034884},{""copyright"":""earthen_miraculous_sword"",""co_posts"":2,""character_coverage"":0.023256},{""copyright"":""reactivate_majestical_imperial"",""co_posts"":2,""character_coverage"":0.023256}]","","","PENDING",""
"I70-021258","arnold_schwarzenegger","4","Character","104","","","","","アーノルド・シュワルツェネッガー","","[{""copyright"":""terminator_(series)"",""co_posts"":55,""character_coverage"":0.591398},{""copyright"":""the_terminator"",""co_posts"":36,""character_coverage"":0.387097},{""copyright"":""terminator_2:_judgment_day"",""co_posts"":24,""character_coverage"":0.258065},{""copyright"":""commando_(movie)"",""co_posts"":19,""character_coverage"":0.204301},{""copyright"":""kantai_collection"",""co_posts"":12,""character_coverage"":0.129032}]","","","PENDING",""
"I70-021259","asagi_marin","4","Character","104","","","","","浅葱まりん","","[{""copyright"":""brigadoon"",""co_posts"":100,""character_coverage"":1.0},{""copyright"":""ac_japan"",""co_posts"":1,""character_coverage"":0.01},{""copyright"":""after_war_gundam_x"",""co_posts"":1,""character_coverage"":0.01},{""copyright"":""ai_tenshi_densetsu_wedding_peach"",""co_posts"":1,""character_coverage"":0.01},{""copyright"":""angelic_layer"",""co_posts"":1,""character_coverage"":0.01}]","","","PENDING",""
"I70-021260","asai_miki","4","Character","104","","","","","麻木ミキ","","[{""copyright"":""original"",""co_posts"":104,""character_coverage"":1.0}]","","","PENDING",""
"I70-021261","ashina_genichirou","4","Character","104","","","","","葦名弦一郎","","[{""copyright"":""sekiro:_shadows_die_twice"",""co_posts"":103,""character_coverage"":1.0},{""copyright"":""fromsoftware"",""co_posts"":3,""character_coverage"":0.029126},{""copyright"":""dark_souls_(series)"",""co_posts"":2,""character_coverage"":0.019417},{""copyright"":""dark_souls_i"",""co_posts"":2,""character_coverage"":0.019417},{""copyright"":""elden_ring"",""co_posts"":2,""character_coverage"":0.019417}]","","","PENDING",""
"I70-021262","astel_leda_(old_design)","4","Character","104","","","","","","","[{""copyright"":""holostars"",""co_posts"":104,""character_coverage"":1.0},{""copyright"":""hololive"",""co_posts"":10,""character_coverage"":0.096154},{""copyright"":""hololive_indonesia"",""co_posts"":9,""character_coverage"":0.086538},{""copyright"":""apex_legends"",""co_posts"":5,""character_coverage"":0.048077},{""copyright"":""indie_virtual_youtuber"",""co_posts"":2,""character_coverage"":0.019231}]","","","PENDING",""
"I70-021263","bandou_mikuru","4","Character","104","","","","","坂東美久龍","","[{""copyright"":""re:stage!"",""co_posts"":102,""character_coverage"":0.990291},{""copyright"":""ongeki"",""co_posts"":2,""character_coverage"":0.019417},{""copyright"":""arknights"",""co_posts"":1,""character_coverage"":0.009709},{""copyright"":""peter_pan_(novel)"",""co_posts"":1,""character_coverage"":0.009709}]","","","PENDING",""
"I70-021264","brambleghast","4","Character","104","","","","","アノホラグサ","","[{""copyright"":""pokemon"",""co_posts"":100,""character_coverage"":1.0},{""copyright"":""pokemon_scarlet_and_violet"",""co_posts"":15,""character_coverage"":0.15},{""copyright"":""pokemon_tcg"",""co_posts"":3,""character_coverage"":0.03},{""copyright"":""original"",""co_posts"":2,""character_coverage"":0.02},{""copyright"":""pokemon_diamond/pearl/platinum"",""co_posts"":1,""character_coverage"":0.01}]","","","PENDING",""
"I70-021265","caeldori_(fire_emblem)","4","Character","104","matoi_(fire_emblem_if)","matoi (fire emblem if)","","","マトイ(FEif)","","[{""copyright"":""fire_emblem"",""co_posts"":93,""character_coverage"":1.0},{""copyright"":""fire_emblem_fates"",""co_posts"":93,""character_coverage"":1.0},{""copyright"":""fire_emblem_heroes"",""co_posts"":11,""character_coverage"":0.11828},{""copyright"":""fire_emblem_awakening"",""co_posts"":10,""character_coverage"":0.107527},{""copyright"":""fire_emblem_cipher"",""co_posts"":6,""character_coverage"":0.064516}]","","","PENDING",""
"I70-021266","cecelia_(arknights)","4","Character","104","cecilia_(arknights)","cecilia (arknights)","","","セシリア(アークナイツ)","","[{""copyright"":""arknights"",""co_posts"":99,""character_coverage"":1.0},{""copyright"":""blue_archive"",""co_posts"":1,""character_coverage"":0.010101},{""copyright"":""kfc"",""co_posts"":1,""character_coverage"":0.010101},{""copyright"":""pokemon"",""co_posts"":1,""character_coverage"":0.010101}]","","","PENDING",""
"I70-021267","changchun_(warship_girls_r)","4","Character","104","","","","","长春","","[{""copyright"":""warship_girls_r"",""co_posts"":104,""character_coverage"":1.0},{""copyright"":""clover_theater"",""co_posts"":9,""character_coverage"":0.086538},{""copyright"":""genshin_impact"",""co_posts"":2,""character_coverage"":0.019231},{""copyright"":""kantai_collection"",""co_posts"":1,""character_coverage"":0.009615},{""copyright"":""pixiv"",""co_posts"":1,""character_coverage"":0.009615}]","","","PENDING",""
"I70-021268","chieru_(school_festival)_(princess_connect!)","4","Character","104","","","","","チエル(聖学祭)","","[{""copyright"":""princess_connect!"",""co_posts"":99,""character_coverage"":1.0}]","","","PENDING",""
"I70-021269","childhood_friend_(childhood_friend_series)","4","Character","104","","","","","","","[{""copyright"":""hisabisa_ni_atta_osananajimi_ga_iroiro_to_seichou_shiteirunoni_nounai_dake_seichou_shiteinakute_douyou_shiteiru"",""co_posts"":101,""character_coverage"":0.980583},{""copyright"":""original"",""co_posts"":45,""character_coverage"":0.436893},{""copyright"":""comiket_102"",""co_posts"":1,""character_coverage"":0.009709},{""copyright"":""comiket_105"",""co_posts"":1,""character_coverage"":0.009709}]","","","PENDING",""
"I70-021270","chip_(disney)","4","Character","104","","","","","","","[{""copyright"":""mickey_mouse_&_friends"",""co_posts"":87,""character_coverage"":1.0},{""copyright"":""disney"",""co_posts"":22,""character_coverage"":0.252874},{""copyright"":""kingdom_hearts"",""co_posts"":9,""character_coverage"":0.103448},{""copyright"":""chip_'n_dale_rescue_rangers"",""co_posts"":8,""character_coverage"":0.091954},{""copyright"":""disneyland"",""co_posts"":7,""character_coverage"":0.08046}]","","","PENDING",""
"I70-021271","chrono_genesis_(casual)_(umamusume)","4","Character","104","","","","","","","[{""copyright"":""umamusume"",""co_posts"":94,""character_coverage"":1.0},{""copyright"":""real_life"",""co_posts"":2,""character_coverage"":0.021277},{""copyright"":""sony"",""co_posts"":2,""character_coverage"":0.021277},{""copyright"":""japan_racing_association"",""co_posts"":1,""character_coverage"":0.010638},{""copyright"":""jujutsu_kaisen"",""co_posts"":1,""character_coverage"":0.010638}]","","","PENDING",""
"I70-021272","cloud_strife_(urban_wolf)","4","Character","104","","","","","アーバンクラウディ","","[{""copyright"":""dissidia_duellum_final_fantasy"",""co_posts"":84,""character_coverage"":1.0},{""copyright"":""dissidia_final_fantasy"",""co_posts"":84,""character_coverage"":1.0},{""copyright"":""final_fantasy"",""co_posts"":84,""character_coverage"":1.0},{""copyright"":""final_fantasy_vii"",""co_posts"":84,""character_coverage"":1.0},{""copyright"":""final_fantasy_xv"",""co_posts"":24,""character_coverage"":0.285714}]","","","PENDING",""
"I70-021273","cristina_valenzuela","4","Character","104","cristina_vee","cristina vee","","","クリスティーナ・ヴァレンズエラ","","[{""copyright"":""shantae_(series)"",""co_posts"":50,""character_coverage"":0.510204},{""copyright"":""shantae_and_the_pirate's_curse"",""co_posts"":17,""character_coverage"":0.173469},{""copyright"":""genshin_impact"",""co_posts"":16,""character_coverage"":0.163265},{""copyright"":""mahou_shoujo_madoka_magica"",""co_posts"":16,""character_coverage"":0.163265},{""copyright"":""mahou_shoujo_madoka_magica_(anime)"",""co_posts"":16,""character_coverage"":0.163265}]","","","PENDING",""
"I70-021274","cufant","4","Character","104","","","","","ゾウドウ","","[{""copyright"":""pokemon"",""co_posts"":104,""character_coverage"":1.0},{""copyright"":""pokemon_sword_and_shield"",""co_posts"":19,""character_coverage"":0.182692},{""copyright"":""pokemon_tcg"",""co_posts"":12,""character_coverage"":0.115385},{""copyright"":""pokemon_(anime)"",""co_posts"":4,""character_coverage"":0.038462},{""copyright"":""pokemon_journeys"",""co_posts"":4,""character_coverage"":0.038462}]","","","PENDING",""
"I70-021275","dark_shadow","4","Character","104","","","","","暗い影","","[{""copyright"":""boku_no_hero_academia"",""co_posts"":101,""character_coverage"":0.990196},{""copyright"":""amaama_to_inazuma"",""co_posts"":1,""character_coverage"":0.009804},{""copyright"":""among_us"",""co_posts"":1,""character_coverage"":0.009804},{""copyright"":""digimon"",""co_posts"":1,""character_coverage"":0.009804},{""copyright"":""digimon_adventure_02"",""co_posts"":1,""character_coverage"":0.009804}]","","","PENDING",""
"I70-021276","daut_barret","4","Character","104","","","","","ドット・バレット","","[{""copyright"":""mashle"",""co_posts"":104,""character_coverage"":1.0},{""copyright"":""alice's_adventures_in_wonderland"",""co_posts"":1,""character_coverage"":0.009615},{""copyright"":""pokemon"",""co_posts"":1,""character_coverage"":0.009615},{""copyright"":""poptepipic"",""co_posts"":1,""character_coverage"":0.009615}]","","","PENDING",""
"I70-021277","de_lacey_(neural_cloud)","4","Character","104","","","","","ドレーシー(ニューラルクラウド)","","[{""copyright"":""girls'_frontline"",""co_posts"":97,""character_coverage"":1.0},{""copyright"":""girls'_frontline_neural_cloud"",""co_posts"":97,""character_coverage"":1.0},{""copyright"":""punishing:_gray_raven"",""co_posts"":3,""character_coverage"":0.030928},{""copyright"":""girls'_frontline_2:_exilium"",""co_posts"":2,""character_coverage"":0.020619},{""copyright"":""azur_lane"",""co_posts"":1,""character_coverage"":0.010309}]","","","PENDING",""
"I70-021278","dottler","4","Character","104","","","","","レドームシ","","[{""copyright"":""pokemon"",""co_posts"":102,""character_coverage"":1.0},{""copyright"":""pokemon_tcg"",""co_posts"":10,""character_coverage"":0.098039},{""copyright"":""pokemon_sword_and_shield"",""co_posts"":7,""character_coverage"":0.068627},{""copyright"":""pokemon_firered_and_leafgreen"",""co_posts"":4,""character_coverage"":0.039216},{""copyright"":""pokemon_(anime)"",""co_posts"":2,""character_coverage"":0.019608}]","","","PENDING",""
"I70-021279","eleven_(path_to_nowhere)","4","Character","104","","","","","","","[{""copyright"":""path_to_nowhere"",""co_posts"":96,""character_coverage"":1.0},{""copyright"":""original"",""co_posts"":2,""character_coverage"":0.020833},{""copyright"":""lawson"",""co_posts"":1,""character_coverage"":0.010417},{""copyright"":""microsoft_windows"",""co_posts"":1,""character_coverage"":0.010417},{""copyright"":""windows_95"",""co_posts"":1,""character_coverage"":0.010417}]","","","PENDING",""
"I70-021280","ellis_(el_cazador_de_la_bruja)","4","Character","104","","","","","エリス（エル・カザドール・デ・ラ・ブルージャ）","","[{""copyright"":""el_cazador_de_la_bruja"",""co_posts"":92,""character_coverage"":1.0},{""copyright"":""comp_h's"",""co_posts"":2,""character_coverage"":0.021739},{""copyright"":""pokemon"",""co_posts"":2,""character_coverage"":0.021739},{""copyright"":""ace_attorney"",""co_posts"":1,""character_coverage"":0.01087},{""copyright"":""aiyoku_no_eustia"",""co_posts"":1,""character_coverage"":0.01087}]","","","PENDING",""
"I70-021281","eos_(ff14)","4","Character","104","","","","","エオス","","[{""copyright"":""final_fantasy"",""co_posts"":102,""character_coverage"":1.0},{""copyright"":""final_fantasy_xiv"",""co_posts"":102,""character_coverage"":1.0},{""copyright"":""original"",""co_posts"":10,""character_coverage"":0.098039},{""copyright"":""alice's_adventures_in_wonderland"",""co_posts"":1,""character_coverage"":0.009804},{""copyright"":""bang_dream!"",""co_posts"":1,""character_coverage"":0.009804}]","","","PENDING",""
"I70-021282","father_gascoigne","4","Character","104","","","","","ガスコイン神父","","[{""copyright"":""bloodborne"",""co_posts"":98,""character_coverage"":1.0},{""copyright"":""kemono_friends"",""co_posts"":3,""character_coverage"":0.030612},{""copyright"":""dark_souls_(series)"",""co_posts"":2,""character_coverage"":0.020408},{""copyright"":""dark_souls_i"",""co_posts"":1,""character_coverage"":0.010204},{""copyright"":""dark_souls_ii"",""co_posts"":1,""character_coverage"":0.010204}]","","","PENDING",""
"I70-021283","felix_schultz_(azur_lane)","4","Character","104","","","","","フィリックス・シュルツ(アズールレーン)","","[{""copyright"":""azur_lane"",""co_posts"":96,""character_coverage"":1.0},{""copyright"":""azur_lane:_slow_ahead"",""co_posts"":6,""character_coverage"":0.0625},{""copyright"":""world_of_warships"",""co_posts"":3,""character_coverage"":0.03125}]","","","PENDING",""
"I70-021284","fish_eye_(sailor_moon)","4","Character","104","","","","","フィッシュ・アイ","","[{""copyright"":""bishoujo_senshi_sailor_moon"",""co_posts"":99,""character_coverage"":1.0},{""copyright"":""bishoujo_senshi_sailor_moon_supers"",""co_posts"":99,""character_coverage"":1.0},{""copyright"":""bishoujo_senshi_sailor_moon_r"",""co_posts"":5,""character_coverage"":0.050505},{""copyright"":""bishoujo_senshi_sailor_moon_s"",""co_posts"":4,""character_coverage"":0.040404},{""copyright"":""bishoujo_senshi_sailor_moon_stars"",""co_posts"":3,""character_coverage"":0.030303}]","","","PENDING",""
"I70-021285","fubuki_kai_san_(kancolle)","4","Character","104","","","","","吹雪改三","","[{""copyright"":""kantai_collection"",""co_posts"":92,""character_coverage"":1.0},{""copyright"":""famitsu"",""co_posts"":3,""character_coverage"":0.032609}]","","","PENDING",""
"I70-021286","fujimiya_kaori","4","Character","104","","","","","藤宮香織","","[{""copyright"":""isshuukan_friends"",""co_posts"":100,""character_coverage"":1.0},{""copyright"":""megami_magazine"",""co_posts"":4,""character_coverage"":0.04},{""copyright"":""nyantype"",""co_posts"":3,""character_coverage"":0.03},{""copyright"":""animedia"",""co_posts"":1,""character_coverage"":0.01},{""copyright"":""google"",""co_posts"":1,""character_coverage"":0.01}]","","","PENDING",""
"I70-021287","funami_mari","4","Character","104","mari_(yuru_yuri)","mari (yuru yuri)","","","船見まり","","[{""copyright"":""yuruyuri"",""co_posts"":103,""character_coverage"":1.0},{""copyright"":""oomuro-ke"",""co_posts"":4,""character_coverage"":0.038835},{""copyright"":""mahou_shoujo_madoka_magica"",""co_posts"":3,""character_coverage"":0.029126},{""copyright"":""mahou_shoujo_madoka_magica_(anime)"",""co_posts"":3,""character_coverage"":0.029126},{""copyright"":""real_life"",""co_posts"":2,""character_coverage"":0.019417}]","","","PENDING",""
"I70-021288","g36_(mod3)_(girls'_frontline)","4","Character","104","","","","","","","[{""copyright"":""girls'_frontline"",""co_posts"":101,""character_coverage"":1.0},{""copyright"":""va-11_hall-a"",""co_posts"":2,""character_coverage"":0.019802},{""copyright"":""cowboy_bebop"",""co_posts"":1,""character_coverage"":0.009901},{""copyright"":""girls'_frontline_neural_cloud"",""co_posts"":1,""character_coverage"":0.009901},{""copyright"":""helltaker"",""co_posts"":1,""character_coverage"":0.009901}]","","","PENDING",""
"I70-021289","gatchmon","4","Character","104","","","","","ガッチモン","","[{""copyright"":""digimon"",""co_posts"":98,""character_coverage"":1.0},{""copyright"":""digimon_universe:_appli_monsters"",""co_posts"":93,""character_coverage"":0.94898},{""copyright"":""digimon_adventure"",""co_posts"":18,""character_coverage"":0.183673},{""copyright"":""digimon_adventure_02"",""co_posts"":16,""character_coverage"":0.163265},{""copyright"":""digimon_frontier"",""co_posts"":16,""character_coverage"":0.163265}]","","","PENDING",""
"I70-021290","georgios_(fate)","4","Character","104","saint_george_(fate/grand_order)","saint george (fate/grand order)","","","ゲオルギウス(Fate)","","[{""copyright"":""fate_(series)"",""co_posts"":99,""character_coverage"":1.0},{""copyright"":""fate/grand_order"",""co_posts"":96,""character_coverage"":0.969697},{""copyright"":""fate/apocrypha"",""co_posts"":10,""character_coverage"":0.10101},{""copyright"":""fate/extra"",""co_posts"":4,""character_coverage"":0.040404},{""copyright"":""fate/stay_night"",""co_posts"":4,""character_coverage"":0.040404}]","","","PENDING",""
"I70-021291","girouette_(mega_man)","4","Character","104","girouette","girouette","","","ジルウェ","","[{""copyright"":""mega_man_(series)"",""co_posts"":96,""character_coverage"":1.0},{""copyright"":""mega_man_zx"",""co_posts"":96,""character_coverage"":1.0},{""copyright"":""mega_man_zero_(series)"",""co_posts"":20,""character_coverage"":0.208333},{""copyright"":""mega_man_zx_advent"",""co_posts"":14,""character_coverage"":0.145833},{""copyright"":""mega_man_x_(series)"",""co_posts"":7,""character_coverage"":0.072917}]","","","PENDING",""
"I70-021292","goenitz","4","Character","104","","","","","ゲーニッツ","","[{""copyright"":""the_king_of_fighters"",""co_posts"":94,""character_coverage"":1.0},{""copyright"":""m.u.g.e.n"",""co_posts"":32,""character_coverage"":0.340426},{""copyright"":""snk"",""co_posts"":15,""character_coverage"":0.159574},{""copyright"":""the_king_of_fighters_'96"",""co_posts"":15,""character_coverage"":0.159574},{""copyright"":""touhou"",""co_posts"":11,""character_coverage"":0.117021}]","","","PENDING",""
"I70-021293","haeno_akari","4","Character","104","","","","","南風野朱莉","","[{""copyright"":""re:stage!"",""co_posts"":104,""character_coverage"":1.0},{""copyright"":""cinderella_(fairy_tale)"",""co_posts"":1,""character_coverage"":0.009615}]","","","PENDING",""
"I70-021294","hanayama_emi","4","Character","104","","","","","花山栄美","","[{""copyright"":""cinderella_series"",""co_posts"":71,""character_coverage"":1.0},{""copyright"":""hachigatsu_no_cinderella_nine"",""co_posts"":71,""character_coverage"":1.0},{""copyright"":""orix_buffaloes"",""co_posts"":3,""character_coverage"":0.042254},{""copyright"":""tokyo_yakult_swallows"",""co_posts"":2,""character_coverage"":0.028169},{""copyright"":""touhoku_rakuten_golden_eagles"",""co_posts"":2,""character_coverage"":0.028169}]","","","PENDING",""
"I70-021295","happy_(eds)","4","Character","104","","","","","","","[{""copyright"":""original"",""co_posts"":103,""character_coverage"":1.0},{""copyright"":""pokemon"",""co_posts"":1,""character_coverage"":0.009709}]","","","PENDING",""
"I70-021296","hasegawa_ikumi","4","Character","104","","","","","長谷川育美","","[{""copyright"":""bocchi_the_rock!"",""co_posts"":66,""character_coverage"":0.741573},{""copyright"":""umamusume"",""co_posts"":28,""character_coverage"":0.314607},{""copyright"":""blue_archive"",""co_posts"":18,""character_coverage"":0.202247},{""copyright"":""sousou_no_frieren"",""co_posts"":16,""character_coverage"":0.179775},{""copyright"":""real_life"",""co_posts"":9,""character_coverage"":0.101124}]","","","PENDING",""
"I70-021297","hellmatio","4","Character","104","","","","","武神将ヘルマティオ","","[{""copyright"":""shinrabanshou"",""co_posts"":102,""character_coverage"":1.0}]","","","PENDING",""
"I70-021298","himemiya_yuki","4","Character","104","","","","","姫宮ユキ","","[{""copyright"":""manemane_nichinichi"",""co_posts"":99,""character_coverage"":1.0},{""copyright"":""little_red_riding_hood_(fairy_tale)"",""co_posts"":2,""character_coverage"":0.020202}]","","","PENDING",""
"I70-021299","himesato_maria","4","Character","104","","","","","姫里マリア","","[{""copyright"":""aikatsu!"",""co_posts"":99,""character_coverage"":1.0},{""copyright"":""aikatsu!_(series)"",""co_posts"":99,""character_coverage"":1.0},{""copyright"":""aikatsu_on_parade!"",""co_posts"":2,""character_coverage"":0.020202},{""copyright"":""kantai_collection"",""co_posts"":2,""character_coverage"":0.020202},{""copyright"":""love_live!"",""co_posts"":2,""character_coverage"":0.020202}]","","","PENDING",""
"I70-021300","hinoshita_kaho_(winter_casual)","4","Character","104","","","","","","","[{""copyright"":""love_live!"",""co_posts"":103,""character_coverage"":1.0},{""copyright"":""love_live!_hasu_no_sora_jogakuin_school_idol_club"",""co_posts"":103,""character_coverage"":1.0},{""copyright"":""dream_believers"",""co_posts"":3,""character_coverage"":0.029126},{""copyright"":""ladybug_(love_live!)"",""co_posts"":2,""character_coverage"":0.019417},{""copyright"":""proof_(love_live!)"",""co_posts"":2,""character_coverage"":0.019417}]","","","PENDING",""
"I70-021301","hyuuga_(aoki_hagane_no_arpeggio)","4","Character","104","hyuga_(aoki_hagane_no_arpeggio)","hyuga (aoki hagane no arpeggio)","","","ヒュウガ","","[{""copyright"":""aoki_hagane_no_arpeggio"",""co_posts"":102,""character_coverage"":1.0},{""copyright"":""kantai_collection"",""co_posts"":19,""character_coverage"":0.186275},{""copyright"":""lawson"",""co_posts"":3,""character_coverage"":0.029412},{""copyright"":""uchuu_senkan_yamato"",""co_posts"":3,""character_coverage"":0.029412},{""copyright"":""uchuu_senkan_yamato_2199"",""co_posts"":3,""character_coverage"":0.029412}]","","","PENDING",""
"I70-021302","ichigomiya_hane_(raru_buran)","4","Character","104","","","","","","","[{""copyright"":""original"",""co_posts"":6,""character_coverage"":1.0}]","","","PENDING",""
"I70-021303","ikazuchi_(azur_lane)","4","Character","104","","","","","雷(アズールレーン)","","[{""copyright"":""azur_lane"",""co_posts"":104,""character_coverage"":1.0},{""copyright"":""kantai_collection"",""co_posts"":8,""character_coverage"":0.076923},{""copyright"":""neptune_(series)"",""co_posts"":3,""character_coverage"":0.028846},{""copyright"":""2channel"",""co_posts"":1,""character_coverage"":0.009615},{""copyright"":""carnival_phantasm"",""co_posts"":1,""character_coverage"":0.009615}]","","","PENDING",""
"I70-021304","imaizumi_kagerou_(wolf)","4","Character","104","","","","","imaizumi kagerou（ウルフ）","","[{""copyright"":""touhou"",""co_posts"":94,""character_coverage"":1.0},{""copyright"":""akatsuki_records"",""co_posts"":2,""character_coverage"":0.021277},{""copyright"":""legacy_of_lunatic_kingdom"",""co_posts"":2,""character_coverage"":0.021277},{""copyright"":""rock_'n'_rock_'n'_beat"",""co_posts"":2,""character_coverage"":0.021277},{""copyright"":""wily_beast_and_weakest_creature"",""co_posts"":2,""character_coverage"":0.021277}]","","","PENDING",""
"I70-021305","iris_(fall_2022)_(pokemon)","4","Character","104","","","","","アイリス(22シーズン)","","[{""copyright"":""pokemon"",""co_posts"":104,""character_coverage"":1.0},{""copyright"":""pokemon_masters_ex"",""co_posts"":104,""character_coverage"":1.0},{""copyright"":""pokemon_x_and_y"",""co_posts"":7,""character_coverage"":0.067308},{""copyright"":""pokemon_sun_and_moon"",""co_posts"":6,""character_coverage"":0.057692},{""copyright"":""pokemon_black_and_white"",""co_posts"":5,""character_coverage"":0.048077}]","","","PENDING",""
"I70-021306","ishigori_ryu","4","Character","104","","","","","石流龍","","[{""copyright"":""jujutsu_kaisen"",""co_posts"":96,""character_coverage"":1.0},{""copyright"":""umamusume"",""co_posts"":4,""character_coverage"":0.041667},{""copyright"":""pokemon"",""co_posts"":2,""character_coverage"":0.020833},{""copyright"":""utau"",""co_posts"":2,""character_coverage"":0.020833},{""copyright"":""blue_archive"",""co_posts"":1,""character_coverage"":0.010417}]","","","PENDING",""
"I70-021307","ithaqua_(identity_v)","4","Character","104","","","","","夜の番人","","[{""copyright"":""identity_v"",""co_posts"":99,""character_coverage"":1.0},{""copyright"":""animate_(company)"",""co_posts"":1,""character_coverage"":0.010101},{""copyright"":""lawson"",""co_posts"":1,""character_coverage"":0.010101},{""copyright"":""my_melody_(series)"",""co_posts"":1,""character_coverage"":0.010101},{""copyright"":""sanrio"",""co_posts"":1,""character_coverage"":0.010101}]","","","PENDING",""
"I70-021308","jade_(suckillpak)","4","Character","104","","","","","","","[]","","","PENDING",""
"I70-021309","kaguya_(reply)_(cho_kaguya-hime!)","4","Character","104","","","","","","","[{""copyright"":""cho_kaguya-hime!"",""co_posts"":92,""character_coverage"":1.0},{""copyright"":""lycoris_recoil"",""co_posts"":1,""character_coverage"":0.01087},{""copyright"":""taketori_monogatari"",""co_posts"":1,""character_coverage"":0.01087},{""copyright"":""the_creation_of_adam"",""co_posts"":1,""character_coverage"":0.01087},{""copyright"":""touhou"",""co_posts"":1,""character_coverage"":0.01087}]","","","PENDING",""
"I70-021310","kamen_rider_v3","4","Character","104","","","","","仮面ライダーV3","","[{""copyright"":""kamen_rider"",""co_posts"":94,""character_coverage"":1.0},{""copyright"":""kamen_rider_v3_(series)"",""co_posts"":80,""character_coverage"":0.851064},{""copyright"":""kamen_rider_(1st_series)"",""co_posts"":40,""character_coverage"":0.425532},{""copyright"":""kamen_rider_stronger_(series)"",""co_posts"":35,""character_coverage"":0.37234},{""copyright"":""kamen_rider_x_(series)"",""co_posts"":34,""character_coverage"":0.361702}]","","","PENDING",""
"I70-021311","kamizuru_cosmo","4","Character","104","","","","","上水流宇宙","","[{""copyright"":""idolmaster"",""co_posts"":100,""character_coverage"":0.990099},{""copyright"":""idolmaster_va-liv"",""co_posts"":100,""character_coverage"":0.990099},{""copyright"":""idolmaster_dearly_stars"",""co_posts"":25,""character_coverage"":0.247525},{""copyright"":""idolmaster_million_live!"",""co_posts"":7,""character_coverage"":0.069307},{""copyright"":""idolmaster_(classic)"",""co_posts"":6,""character_coverage"":0.059406}]","","","PENDING",""
"I70-021312","kanojo_(private_room_2)","4","Character","104","","","","","","","[{""copyright"":""private_room_2"",""co_posts"":104,""character_coverage"":1.0}]","","","PENDING",""
"I70-021313","karen_(blue_archive)","4","Character","104","pink-haired_gehenna_student_(blue_archive)","pink-haired gehenna student (blue archive)","","","明楽カレン","","[]","","","PENDING",""
"I70-021314","karisawa_erika","4","Character","104","","","","","狩沢絵理華","","[{""copyright"":""durarara!!"",""co_posts"":87,""character_coverage"":1.0},{""copyright"":""baccano!"",""co_posts"":4,""character_coverage"":0.045977},{""copyright"":""etsusa_oohashi"",""co_posts"":2,""character_coverage"":0.022989},{""copyright"":""animedia"",""co_posts"":1,""character_coverage"":0.011494},{""copyright"":""ghost_in_the_shell"",""co_posts"":1,""character_coverage"":0.011494}]","","","PENDING",""
"I70-021315","kashiwagi_mia","4","Character","104","","","","","柏木美亜","","[{""copyright"":""ongeki"",""co_posts"":97,""character_coverage"":0.989796},{""copyright"":""arcaea"",""co_posts"":1,""character_coverage"":0.010204},{""copyright"":""chunithm"",""co_posts"":1,""character_coverage"":0.010204},{""copyright"":""sega"",""co_posts"":1,""character_coverage"":0.010204}]","","","PENDING",""
"I70-021316","kasukabe_haru","4","Character","104","","","","","春日部ハル","","[{""copyright"":""tokyo_7th_sisters"",""co_posts"":103,""character_coverage"":1.0},{""copyright"":""love_live!"",""co_posts"":6,""character_coverage"":0.058252},{""copyright"":""love_live!_school_idol_project"",""co_posts"":6,""character_coverage"":0.058252},{""copyright"":""love_live!_sunshine!!"",""co_posts"":5,""character_coverage"":0.048544},{""copyright"":""aikatsu!"",""co_posts"":3,""character_coverage"":0.029126}]","","","PENDING",""
"I70-021317","kat_(warioware)","4","Character","104","","","","","カット&アナ","","[{""copyright"":""warioware"",""co_posts"":91,""character_coverage"":1.0},{""copyright"":""warioware:_get_it_together!"",""co_posts"":12,""character_coverage"":0.131868},{""copyright"":""mario_(series)"",""co_posts"":3,""character_coverage"":0.032967},{""copyright"":""mother_(series)"",""co_posts"":3,""character_coverage"":0.032967},{""copyright"":""super_smash_bros."",""co_posts"":3,""character_coverage"":0.032967}]","","","PENDING",""
"I70-021318","katou_emiri","4","Character","104","","","","","加藤英美里","","[{""copyright"":""mahou_shoujo_madoka_magica"",""co_posts"":65,""character_coverage"":0.656566},{""copyright"":""mahou_shoujo_madoka_magica_(anime)"",""co_posts"":58,""character_coverage"":0.585859},{""copyright"":""lucky_star"",""co_posts"":36,""character_coverage"":0.363636},{""copyright"":""monogatari_(series)"",""co_posts"":28,""character_coverage"":0.282828},{""copyright"":""bakemonogatari"",""co_posts"":20,""character_coverage"":0.20202}]","","","PENDING",""
"I70-021319","katsushika_hokusai_(festival_outfit)_(fate)","4","Character","104","","","","","英霊祭装","","[{""copyright"":""fate/grand_order"",""co_posts"":103,""character_coverage"":1.0},{""copyright"":""fate_(series)"",""co_posts"":103,""character_coverage"":1.0},{""copyright"":""fate/extra"",""co_posts"":1,""character_coverage"":0.009709},{""copyright"":""fate/extra_ccc"",""co_posts"":1,""character_coverage"":0.009709},{""copyright"":""kimi_no_koto_ga_dai_dai_dai_dai_daisuki_na_100-nin_no_kanojo"",""co_posts"":1,""character_coverage"":0.009709}]","","","PENDING",""
"I70-021320","kawada_tomoko","4","Character","104","","","","","川田知子","","[{""copyright"":""kimi_kiss"",""co_posts"":100,""character_coverage"":1.0},{""copyright"":""amagami"",""co_posts"":1,""character_coverage"":0.01},{""copyright"":""comiket_76"",""co_posts"":1,""character_coverage"":0.01},{""copyright"":""true_love_story"",""co_posts"":1,""character_coverage"":0.01}]","","","PENDING",""
"I70-021321","komugi-chan_(komugi)","4","Character","104","","","","","こむぎちゃん","","[{""copyright"":""original"",""co_posts"":99,""character_coverage"":1.0},{""copyright"":""melonbooks"",""co_posts"":2,""character_coverage"":0.020202}]","","","PENDING",""
"I70-021322","kosanae_sasaho","4","Character","104","","","","","","","[{""copyright"":""original"",""co_posts"":104,""character_coverage"":1.0},{""copyright"":""alice_gear_aegis"",""co_posts"":1,""character_coverage"":0.009615}]","","","PENDING",""
"I70-021323","kukuri_tomo","4","Character","104","","","","","久々利トモ","","[{""copyright"":""dolphin_wave"",""co_posts"":102,""character_coverage"":1.0},{""copyright"":""highspeed_etoile"",""co_posts"":4,""character_coverage"":0.039216},{""copyright"":""dead_or_alive"",""co_posts"":3,""character_coverage"":0.029412},{""copyright"":""dead_or_alive_xtreme"",""co_posts"":3,""character_coverage"":0.029412},{""copyright"":""dead_or_alive_xtreme_venus_vacation"",""co_posts"":3,""character_coverage"":0.029412}]","","","PENDING",""
"I70-021324","kurahashi_(kancolle)","4","Character","104","","","","","倉橋(艦これ)","","[{""copyright"":""kantai_collection"",""co_posts"":101,""character_coverage"":1.0},{""copyright"":""gegege_no_kitarou"",""co_posts"":1,""character_coverage"":0.009901},{""copyright"":""mcdonald's"",""co_posts"":1,""character_coverage"":0.009901}]","","","PENDING",""
"I70-021325","kurusu_makina_(milky_subway)","4","Character","104","","","","","マキナ","","[{""copyright"":""milky_subway"",""co_posts"":101,""character_coverage"":1.0},{""copyright"":""chainsaw_man"",""co_posts"":2,""character_coverage"":0.019802},{""copyright"":""gundam"",""co_posts"":2,""character_coverage"":0.019802},{""copyright"":""muse_dash"",""co_posts"":2,""character_coverage"":0.019802},{""copyright"":""takopii_no_genzai"",""co_posts"":2,""character_coverage"":0.019802}]","","","PENDING",""
"I70-021326","kusaka_kabane","4","Character","104","","","","","日下夏羽","","[{""copyright"":""kemono_jihen"",""co_posts"":103,""character_coverage"":1.0},{""copyright"":""boruto:_naruto_next_generations"",""co_posts"":1,""character_coverage"":0.009709},{""copyright"":""boruto_(series)"",""co_posts"":1,""character_coverage"":0.009709},{""copyright"":""naruto_(series)"",""co_posts"":1,""character_coverage"":0.009709},{""copyright"":""the_owl_house"",""co_posts"":1,""character_coverage"":0.009709}]","","","PENDING",""
"I70-021327","laios_touden_(chimera)","4","Character","104","","","","","ライオスキメラ","","[{""copyright"":""dungeon_meshi"",""co_posts"":102,""character_coverage"":1.0},{""copyright"":""1000-nen_ikiteru_(vocaloid)"",""co_posts"":1,""character_coverage"":0.009804},{""copyright"":""the_creation_of_adam"",""co_posts"":1,""character_coverage"":0.009804}]","","","PENDING",""
"I70-021328","lance_(voltron)","4","Character","104","","","","","ランス（Voltron）","","[{""copyright"":""voltron_(series)"",""co_posts"":96,""character_coverage"":1.0},{""copyright"":""voltron:_legendary_defender"",""co_posts"":95,""character_coverage"":0.989583},{""copyright"":""netflix"",""co_posts"":4,""character_coverage"":0.041667},{""copyright"":""avatar:_the_last_airbender"",""co_posts"":3,""character_coverage"":0.03125},{""copyright"":""avatar_legends"",""co_posts"":3,""character_coverage"":0.03125}]","","","PENDING",""
"I70-021329","lee_hakhyun","4","Character","104","","","","","李鶴翾","","[{""copyright"":""omniscient_reader's_viewpoint"",""co_posts"":104,""character_coverage"":1.0},{""copyright"":""original"",""co_posts"":6,""character_coverage"":0.057692}]","","","PENDING",""
"I70-021330","libe_(hentai_elf_to_majime_orc)","4","Character","104","","","","","libe（ヘンタイエルフからマジームオーク）","","[{""copyright"":""hentai_elf_to_majime_orc"",""co_posts"":104,""character_coverage"":1.0},{""copyright"":""original"",""co_posts"":98,""character_coverage"":0.942308},{""copyright"":""comiket_92"",""co_posts"":1,""character_coverage"":0.009615}]","","","PENDING",""
"I70-021331","liz_(nin_fake)","4","Character","104","","","","","","","[{""copyright"":""original"",""co_posts"":93,""character_coverage"":1.0},{""copyright"":""among_us"",""co_posts"":1,""character_coverage"":0.010753},{""copyright"":""heinz"",""co_posts"":1,""character_coverage"":0.010753},{""copyright"":""jujutsu_kaisen"",""co_posts"":1,""character_coverage"":0.010753},{""copyright"":""poptepipic"",""co_posts"":1,""character_coverage"":0.010753}]","","","PENDING",""
"I70-021332","london_(azur_lane)","4","Character","104","","","","","ロンドン(アズールレーン)","","[{""copyright"":""azur_lane"",""co_posts"":100,""character_coverage"":1.0},{""copyright"":""kantai_collection"",""co_posts"":2,""character_coverage"":0.02},{""copyright"":""2channel"",""co_posts"":1,""character_coverage"":0.01},{""copyright"":""comiket_102"",""co_posts"":1,""character_coverage"":0.01},{""copyright"":""jojo_no_kimyou_na_bouken"",""co_posts"":1,""character_coverage"":0.01}]","","","PENDING",""
"I70-021333","luthier_(fire_emblem)","4","Character","104","","","","","リュート(FE外伝)","","[{""copyright"":""fire_emblem"",""co_posts"":99,""character_coverage"":1.0},{""copyright"":""fire_emblem_echoes:_shadows_of_valentia"",""co_posts"":92,""character_coverage"":0.929293},{""copyright"":""fire_emblem_heroes"",""co_posts"":31,""character_coverage"":0.313131},{""copyright"":""fire_emblem_gaiden"",""co_posts"":10,""character_coverage"":0.10101},{""copyright"":""fire_emblem:_mystery_of_the_emblem"",""co_posts"":9,""character_coverage"":0.090909}]","","","PENDING",""
"I70-021334","makio_(kimetsu_no_yaiba)","4","Character","104","","","","","まきを","","[{""copyright"":""kimetsu_no_yaiba"",""co_posts"":96,""character_coverage"":1.0},{""copyright"":""kimetsu_gakuen"",""co_posts"":1,""character_coverage"":0.010417},{""copyright"":""ufotable"",""co_posts"":1,""character_coverage"":0.010417},{""copyright"":""urusei_yatsura"",""co_posts"":1,""character_coverage"":0.010417}]","","","PENDING",""
"I70-021335","male_tyrant_(stella_sora)","4","Character","104","","","","","男魔王(ステラソラ)","","[{""copyright"":""stella_sora"",""co_posts"":89,""character_coverage"":1.0},{""copyright"":""ace_attorney"",""co_posts"":1,""character_coverage"":0.011236},{""copyright"":""arknights"",""co_posts"":1,""character_coverage"":0.011236},{""copyright"":""dragon_ball"",""co_posts"":1,""character_coverage"":0.011236},{""copyright"":""minecraft"",""co_posts"":1,""character_coverage"":0.011236}]","","","PENDING",""
"I70-021336","mamoru_(sister_princess)","4","Character","104","","","","","衛(シスプリ)","","[{""copyright"":""sister_princess"",""co_posts"":94,""character_coverage"":1.0},{""copyright"":""final_fantasy"",""co_posts"":1,""character_coverage"":0.010638},{""copyright"":""final_fantasy_tactics"",""co_posts"":1,""character_coverage"":0.010638},{""copyright"":""kaibutsu_oujo"",""co_posts"":1,""character_coverage"":0.010638},{""copyright"":""kore_ga_watashi_no_goshujin-sama"",""co_posts"":1,""character_coverage"":0.010638}]","","","PENDING",""
"I70-021337","marco_diaz","4","Character","104","","","","","マルコ・ディアス","","[{""copyright"":""star_vs_the_forces_of_evil"",""co_posts"":69,""character_coverage"":1.0},{""copyright"":""gravity_falls"",""co_posts"":3,""character_coverage"":0.043478},{""copyright"":""tomb_raider"",""co_posts"":2,""character_coverage"":0.028986},{""copyright"":""adventure_time"",""co_posts"":1,""character_coverage"":0.014493},{""copyright"":""avengers:_infinity_war"",""co_posts"":1,""character_coverage"":0.014493}]","","","PENDING",""
"I70-021338","mega_sceptile","4","Character","104","","","","","メガジュカイン","","[{""copyright"":""pokemon"",""co_posts"":98,""character_coverage"":1.0},{""copyright"":""pokemon_omega_ruby_and_alpha_sapphire"",""co_posts"":20,""character_coverage"":0.204082},{""copyright"":""pokemon_(anime)"",""co_posts"":4,""character_coverage"":0.040816},{""copyright"":""pokemon_ruby/sapphire/emerald"",""co_posts"":3,""character_coverage"":0.030612},{""copyright"":""pokemon_x_and_y"",""co_posts"":3,""character_coverage"":0.030612}]","","","PENDING",""
"I70-021339","melpha_(queen's_blade)","4","Character","104","","","","","帝都の聖女メルファ","","[{""copyright"":""queen's_blade"",""co_posts"":89,""character_coverage"":1.0},{""copyright"":""queen's_blade_unlimited"",""co_posts"":20,""character_coverage"":0.224719},{""copyright"":""queen's_blade_white_triangle"",""co_posts"":14,""character_coverage"":0.157303},{""copyright"":""vanquished_queens"",""co_posts"":3,""character_coverage"":0.033708},{""copyright"":""megami_magazine"",""co_posts"":2,""character_coverage"":0.022472}]","","","PENDING",""
"I70-021340","mib_mamizou","4","Character","104","","","","","深秘録マミゾウ","","[{""copyright"":""touhou"",""co_posts"":96,""character_coverage"":1.0},{""copyright"":""urban_legend_in_limbo"",""co_posts"":61,""character_coverage"":0.635417},{""copyright"":""men_in_black"",""co_posts"":24,""character_coverage"":0.25},{""copyright"":""akihabara_beer_fair"",""co_posts"":1,""character_coverage"":0.010417},{""copyright"":""animal_crossing"",""co_posts"":1,""character_coverage"":0.010417}]","","","PENDING",""
"I70-021341","michael_myers","4","Character","104","","","","","マイケル・マイヤーズ","","[{""copyright"":""halloween_(movie)"",""co_posts"":86,""character_coverage"":0.955556},{""copyright"":""dead_by_daylight"",""co_posts"":31,""character_coverage"":0.344444},{""copyright"":""friday_the_13th"",""co_posts"":21,""character_coverage"":0.233333},{""copyright"":""scream_(movie)"",""co_posts"":21,""character_coverage"":0.233333},{""copyright"":""a_nightmare_on_elm_street"",""co_posts"":16,""character_coverage"":0.177778}]","","","PENDING",""
"I70-021342","midnight_(arknights)","4","Character","104","","","","","ミッドナイト(アークナイツ)","","[{""copyright"":""arknights"",""co_posts"":99,""character_coverage"":1.0},{""copyright"":""a_deer_of_nine_colors"",""co_posts"":3,""character_coverage"":0.030303},{""copyright"":""rainbow_six_siege"",""co_posts"":3,""character_coverage"":0.030303},{""copyright"":""bilibili"",""co_posts"":2,""character_coverage"":0.020202},{""copyright"":""dungeon_meshi"",""co_posts"":2,""character_coverage"":0.020202}]","","","PENDING",""
"I70-021343","mizuki_(summer_feast)_(arknights)","4","Character","104","","","","","","","[{""copyright"":""arknights"",""co_posts"":101,""character_coverage"":1.0},{""copyright"":""ambience_synesthesia"",""co_posts"":2,""character_coverage"":0.019802}]","","","PENDING",""
"I70-021344","myrtle_(light_gold_celebration)_(arknights)","4","Character","104","","","","","マートル（ライトゴールドのお祝い）（arknights）","","[{""copyright"":""arknights"",""co_posts"":103,""character_coverage"":1.0},{""copyright"":""liberty_leading_the_people"",""co_posts"":1,""character_coverage"":0.009709},{""copyright"":""minecraft"",""co_posts"":1,""character_coverage"":0.009709}]","","","PENDING",""
"I70-021345","nana_(elfen_lied)","4","Character","104","","","","","ナナ","","[{""copyright"":""elfen_lied"",""co_posts"":78,""character_coverage"":1.0},{""copyright"":""to_love-ru"",""co_posts"":1,""character_coverage"":0.012821}]","","","PENDING",""
"I70-021346","nanami:_pulse_(pgr)","4","Character","104","nanami:_pulse_(punishing:_gray_raven)","nanami: pulse (punishing: gray raven)","","","脉冲","","[{""copyright"":""punishing:_gray_raven"",""co_posts"":95,""character_coverage"":1.0},{""copyright"":""armored_core"",""co_posts"":1,""character_coverage"":0.010526},{""copyright"":""armored_core_vi:_fires_of_rubicon"",""co_posts"":1,""character_coverage"":0.010526},{""copyright"":""doom_(2016)"",""co_posts"":1,""character_coverage"":0.010526},{""copyright"":""doom_(series)"",""co_posts"":1,""character_coverage"":0.010526}]","","","PENDING",""
"I70-021347","nightmare_(kirby)","4","Character","104","","","","","ナイトメア","","[{""copyright"":""kirby_(series)"",""co_posts"":97,""character_coverage"":1.0},{""copyright"":""kirby's_adventure"",""co_posts"":64,""character_coverage"":0.659794},{""copyright"":""kirby's_dream_land_3"",""co_posts"":27,""character_coverage"":0.278351},{""copyright"":""kirby:_squeak_squad"",""co_posts"":27,""character_coverage"":0.278351},{""copyright"":""kirby_&_the_amazing_mirror"",""co_posts"":27,""character_coverage"":0.278351}]","","","PENDING",""
"I70-021348","ning_hai_(summer_hunger)_(azur_lane)","4","Character","104","","","","食欲の夏!","食欲之夏","","[{""copyright"":""azur_lane"",""co_posts"":101,""character_coverage"":1.0},{""copyright"":""bilibili"",""co_posts"":1,""character_coverage"":0.009901}]","","","PENDING",""
"I70-021349","nirei_akihiko","4","Character","104","","","","","楡井秋彦","","[{""copyright"":""wind_breaker_(nii_satoru)"",""co_posts"":102,""character_coverage"":1.0},{""copyright"":""sanrio"",""co_posts"":2,""character_coverage"":0.019608},{""copyright"":""alien_(series)"",""co_posts"":1,""character_coverage"":0.009804},{""copyright"":""arknights"",""co_posts"":1,""character_coverage"":0.009804},{""copyright"":""burger_king"",""co_posts"":1,""character_coverage"":0.009804}]","","","PENDING",""
"I70-021350","nnoitra_gilga","4","Character","104","nnoitora_jiruga,nnoitora_gilga,nnoitra,nnoitra_jiruga","nnoitora gilga | nnoitora jiruga | nnoitra | nnoitra jiruga","","","ノイトラ・ジルガ","","[{""copyright"":""bleach"",""co_posts"":88,""character_coverage"":1.0},{""copyright"":""bleach:_sennen_kessen-hen"",""co_posts"":4,""character_coverage"":0.045455},{""copyright"":""bleach:_the_high_school_warfare"",""co_posts"":3,""character_coverage"":0.034091},{""copyright"":""jujutsu_kaisen"",""co_posts"":3,""character_coverage"":0.034091},{""copyright"":""naruto_(series)"",""co_posts"":2,""character_coverage"":0.022727}]","","","PENDING",""
"I70-021351","nonomura_sora","4","Character","104","","","","","野々村そら","","[{""copyright"":""idolmaster"",""co_posts"":94,""character_coverage"":1.0},{""copyright"":""idolmaster_cinderella_girls"",""co_posts"":94,""character_coverage"":1.0},{""copyright"":""cinderella_girls_gekijou"",""co_posts"":20,""character_coverage"":0.212766},{""copyright"":""idolmaster_cinderella_girls_starlight_stage"",""co_posts"":19,""character_coverage"":0.202128},{""copyright"":""idolmaster_(classic)"",""co_posts"":3,""character_coverage"":0.031915}]","","","PENDING",""
"I70-021352","ohmu","4","Character","104","","","","","おうむ","","[{""copyright"":""kaze_no_tani_no_nausicaa"",""co_posts"":96,""character_coverage"":0.989691},{""copyright"":""studio_ghibli"",""co_posts"":29,""character_coverage"":0.298969},{""copyright"":""tonari_no_totoro"",""co_posts"":17,""character_coverage"":0.175258},{""copyright"":""touhou"",""co_posts"":13,""character_coverage"":0.134021},{""copyright"":""majo_no_takkyuubin"",""co_posts"":11,""character_coverage"":0.113402}]","","","PENDING",""
"I70-021353","oinkologne","4","Character","104","","","","","パフュートン","","[{""copyright"":""pokemon"",""co_posts"":100,""character_coverage"":1.0},{""copyright"":""pokemon_scarlet_and_violet"",""co_posts"":42,""character_coverage"":0.42},{""copyright"":""original"",""co_posts"":5,""character_coverage"":0.05},{""copyright"":""angry_birds"",""co_posts"":1,""character_coverage"":0.01},{""copyright"":""hololive"",""co_posts"":1,""character_coverage"":0.01}]","","","PENDING",""
"I70-021354","okamoto_natsuhi","4","Character","104","","","","","岡本夏陽","","[{""copyright"":""swing!!"",""co_posts"":101,""character_coverage"":1.0},{""copyright"":""original"",""co_posts"":2,""character_coverage"":0.019802},{""copyright"":""comiket_103"",""co_posts"":1,""character_coverage"":0.009901},{""copyright"":""fushigi_na_neko_no_machi_meltier"",""co_posts"":1,""character_coverage"":0.009901}]","","","PENDING",""
"I70-021355","onna_kishi_(maoyuu)","4","Character","104","female_knight","female knight","","","女騎士(まおゆう)","","[{""copyright"":""maoyuu_maou_yuusha"",""co_posts"":93,""character_coverage"":1.0},{""copyright"":""428:_fuusa_sareta_shibuya_de"",""co_posts"":2,""character_coverage"":0.021505},{""copyright"":""ace_attorney"",""co_posts"":2,""character_coverage"":0.021505},{""copyright"":""angel_beats!"",""co_posts"":2,""character_coverage"":0.021505},{""copyright"":""arakawa_under_the_bridge"",""co_posts"":2,""character_coverage"":0.021505}]","","","PENDING",""
"I70-021356","out_of_black_(umamusume)_(kyashiyo)","4","Character","104","","","","","","","[{""copyright"":""umamusume"",""co_posts"":81,""character_coverage"":1.0},{""copyright"":""original"",""co_posts"":27,""character_coverage"":0.333333},{""copyright"":""kamen_rider"",""co_posts"":3,""character_coverage"":0.037037},{""copyright"":""kamen_rider_black_(series)"",""co_posts"":3,""character_coverage"":0.037037},{""copyright"":""hunter_x_hunter"",""co_posts"":1,""character_coverage"":0.012346}]","","","PENDING",""
"I70-021357","petra_itta","4","Character","104","","","","","ペトラ・イッタ","","[{""copyright"":""gundam"",""co_posts"":100,""character_coverage"":1.0},{""copyright"":""gundam_suisei_no_majo"",""co_posts"":100,""character_coverage"":1.0},{""copyright"":""comiket_101"",""co_posts"":1,""character_coverage"":0.01},{""copyright"":""gundam_age"",""co_posts"":1,""character_coverage"":0.01},{""copyright"":""jojo_no_kimyou_na_bouken"",""co_posts"":1,""character_coverage"":0.01}]","","","PENDING",""
"I70-021358","pikachu_libre","4","Character","104","","","","","マスクド・ピカチュウ","","[{""copyright"":""pokemon"",""co_posts"":89,""character_coverage"":1.0},{""copyright"":""super_smash_bros."",""co_posts"":20,""character_coverage"":0.224719},{""copyright"":""pokken_tournament"",""co_posts"":16,""character_coverage"":0.179775},{""copyright"":""mario_(series)"",""co_posts"":14,""character_coverage"":0.157303},{""copyright"":""fire_emblem"",""co_posts"":13,""character_coverage"":0.146067}]","","","PENDING",""
"I70-021359","pocahontas_(disney)","4","Character","104","","","","","ポカホンタス(ディズニー)","","[{""copyright"":""pocahontas_(movie)"",""co_posts"":71,""character_coverage"":1.0},{""copyright"":""disney"",""co_posts"":31,""character_coverage"":0.43662},{""copyright"":""aladdin_(movie)"",""co_posts"":21,""character_coverage"":0.295775},{""copyright"":""mulan_(movie)"",""co_posts"":20,""character_coverage"":0.28169},{""copyright"":""the_little_mermaid_(disney)"",""co_posts"":19,""character_coverage"":0.267606}]","","","PENDING",""
"I70-021360","princess_(dynazenon)","4","Character","104","","","","","","","[{""copyright"":""gridman_universe"",""co_posts"":99,""character_coverage"":1.0},{""copyright"":""gridman_universe_(movie)"",""co_posts"":82,""character_coverage"":0.828283},{""copyright"":""ssss.dynazenon"",""co_posts"":42,""character_coverage"":0.424242},{""copyright"":""ssss.gridman"",""co_posts"":10,""character_coverage"":0.10101},{""copyright"":""azur_lane"",""co_posts"":6,""character_coverage"":0.060606}]","","","PENDING",""
"I70-021361","qiongjiu_(girls'_frontline_2)","4","Character","104","","","","","瓊玖(ドールズフロントライン2)","","[{""copyright"":""girls'_frontline"",""co_posts"":90,""character_coverage"":1.0},{""copyright"":""girls'_frontline_2:_exilium"",""co_posts"":90,""character_coverage"":1.0},{""copyright"":""shin_sangoku_musou"",""co_posts"":1,""character_coverage"":0.011111},{""copyright"":""shin_sangoku_musou_4"",""co_posts"":1,""character_coverage"":0.011111}]","","","PENDING",""
"I70-021362","quickie_(tales)","4","Character","104","","","","","クィッキー","","[{""copyright"":""tales_of_(series)"",""co_posts"":95,""character_coverage"":1.0},{""copyright"":""tales_of_eternia"",""co_posts"":95,""character_coverage"":1.0},{""copyright"":""tales_of_destiny"",""co_posts"":13,""character_coverage"":0.136842},{""copyright"":""tales_of_the_abyss"",""co_posts"":12,""character_coverage"":0.126316},{""copyright"":""tales_of_graces"",""co_posts"":10,""character_coverage"":0.105263}]","","","PENDING",""
"I70-021363","randi_(seiken_densetsu_2)","4","Character","104","","","","","ランディ","","[{""copyright"":""seiken_densetsu"",""co_posts"":91,""character_coverage"":1.0},{""copyright"":""seiken_densetsu_2"",""co_posts"":90,""character_coverage"":0.989011},{""copyright"":""seiken_densetsu_3"",""co_posts"":7,""character_coverage"":0.076923},{""copyright"":""legend_of_mana"",""co_posts"":6,""character_coverage"":0.065934},{""copyright"":""square_enix"",""co_posts"":6,""character_coverage"":0.065934}]","","","PENDING",""
"I70-021364","rat_god_(mad_rat_dead)","4","Character","104","","","","","ネズミの神さま","","[{""copyright"":""mad_rat_dead"",""co_posts"":102,""character_coverage"":1.0},{""copyright"":""htol#niq:_hotaru_no_nikki"",""co_posts"":2,""character_coverage"":0.019608},{""copyright"":""nippon_ichi"",""co_posts"":2,""character_coverage"":0.019608},{""copyright"":""rose_to_tasogare_no_kojou"",""co_posts"":2,""character_coverage"":0.019608},{""copyright"":""shin_yomawari"",""co_posts"":2,""character_coverage"":0.019608}]","","","PENDING",""
"I70-021365","red_spy_(tf2)","4","Character","104","","","","","","","[{""copyright"":""team_fortress_2"",""co_posts"":82,""character_coverage"":1.0},{""copyright"":""touhou"",""co_posts"":5,""character_coverage"":0.060976},{""copyright"":""blue_archive"",""co_posts"":4,""character_coverage"":0.04878},{""copyright"":""pokemon"",""co_posts"":4,""character_coverage"":0.04878},{""copyright"":""tears_of_themis"",""co_posts"":4,""character_coverage"":0.04878}]","","","PENDING",""
"I70-021366","ries_argent","4","Character","104","","","","","リース・アルジェント","","[{""copyright"":""eiyuu_densetsu"",""co_posts"":100,""character_coverage"":1.0},{""copyright"":""sora_no_kiseki"",""co_posts"":98,""character_coverage"":0.98},{""copyright"":""ao_no_kiseki"",""co_posts"":9,""character_coverage"":0.09},{""copyright"":""zero_no_kiseki"",""co_posts"":8,""character_coverage"":0.08},{""copyright"":""kuro_no_kiseki_(series)"",""co_posts"":6,""character_coverage"":0.06}]","","","PENDING",""
"I70-021367","rivalz_cardemonde","4","Character","104","","","","","リヴァル・カルデモンド","","[{""copyright"":""code_geass"",""co_posts"":89,""character_coverage"":1.0},{""copyright"":""code_geass:_lost_stories"",""co_posts"":23,""character_coverage"":0.258427},{""copyright"":""pizza_hut"",""co_posts"":6,""character_coverage"":0.067416},{""copyright"":""code_geass:_boukoku_no_akito"",""co_posts"":5,""character_coverage"":0.05618},{""copyright"":""code_geachu_lelouch_of_the_calamity"",""co_posts"":3,""character_coverage"":0.033708}]","","","PENDING",""
"I70-021368","roon_(dark_red_grin)_(azur_lane)","4","Character","104","","","","","灰と紅の微笑み","","[{""copyright"":""azur_lane"",""co_posts"":92,""character_coverage"":1.0},{""copyright"":""girls'_frontline"",""co_posts"":1,""character_coverage"":0.01087},{""copyright"":""princess_connect!"",""co_posts"":1,""character_coverage"":0.01087}]","","","PENDING",""
"I70-021369","ruler_(mahoiku)","4","Character","104","","","","","ルーラ","","[{""copyright"":""mahou_shoujo_ikusei_keikaku"",""co_posts"":101,""character_coverage"":1.0},{""copyright"":""mahou_shoujo_ikusei_keikaku_unmarked"",""co_posts"":100,""character_coverage"":0.990099},{""copyright"":""mahou_shoujo_ikusei_keikaku_restart"",""co_posts"":1,""character_coverage"":0.009901}]","","","PENDING",""
"I70-021370","rupee_(winter_shopper)_(nikke)","4","Character","104","","","","","ルピー(ウィンターショッパー)","","[{""copyright"":""goddess_of_victory:_nikke"",""co_posts"":94,""character_coverage"":0.979167},{""copyright"":""blue_archive"",""co_posts"":2,""character_coverage"":0.020833},{""copyright"":""bucchigiri?!"",""co_posts"":1,""character_coverage"":0.010417},{""copyright"":""love_je_t'aime"",""co_posts"":1,""character_coverage"":0.010417},{""copyright"":""rolling_girl_(vocaloid)"",""co_posts"":1,""character_coverage"":0.010417}]","","","PENDING",""
"I70-021371","sagara_sanosuke","4","Character","104","","","","","相楽左之助","","[{""copyright"":""rurouni_kenshin"",""co_posts"":91,""character_coverage"":1.0},{""copyright"":""vocaloid"",""co_posts"":12,""character_coverage"":0.131868},{""copyright"":""jojo_no_kimyou_na_bouken"",""co_posts"":11,""character_coverage"":0.120879},{""copyright"":""gundam"",""co_posts"":9,""character_coverage"":0.098901},{""copyright"":""touhou"",""co_posts"":9,""character_coverage"":0.098901}]","","","PENDING",""
"I70-021372","sakura_(urusei_yatsura)","4","Character","104","","","","","さくら（urusei yatsura）","","[{""copyright"":""urusei_yatsura"",""co_posts"":98,""character_coverage"":1.0},{""copyright"":""kyoukai_no_rinne"",""co_posts"":2,""character_coverage"":0.020408},{""copyright"":""cardcaptor_sakura"",""co_posts"":1,""character_coverage"":0.010204},{""copyright"":""chainsaw_man"",""co_posts"":1,""character_coverage"":0.010204},{""copyright"":""chibi_maruko-chan"",""co_posts"":1,""character_coverage"":0.010204}]","","","PENDING",""
"I70-021373","scharlachrot","4","Character","104","","","","","シャルラッハロート","","[{""copyright"":""arcana_heart"",""co_posts"":88,""character_coverage"":1.0},{""copyright"":""arcana_heart_3"",""co_posts"":73,""character_coverage"":0.829545},{""copyright"":""fate/stay_night"",""co_posts"":1,""character_coverage"":0.011364},{""copyright"":""fate_(series)"",""co_posts"":1,""character_coverage"":0.011364},{""copyright"":""kantai_collection"",""co_posts"":1,""character_coverage"":0.011364}]","","","PENDING",""
"I70-021374","setsuko_ohara","4","Character","104","","","","","セツコ・オハラ","","[{""copyright"":""super_robot_wars"",""co_posts"":101,""character_coverage"":1.0},{""copyright"":""super_robot_wars_z"",""co_posts"":87,""character_coverage"":0.861386},{""copyright"":""super_robot_wars_z1"",""co_posts"":82,""character_coverage"":0.811881},{""copyright"":""gundam"",""co_posts"":11,""character_coverage"":0.108911},{""copyright"":""gundam_seed"",""co_posts"":10,""character_coverage"":0.09901}]","","","PENDING",""
"I70-021375","shroodle","4","Character","104","","","","","シルシュルー","","[{""copyright"":""pokemon"",""co_posts"":101,""character_coverage"":1.0},{""copyright"":""pokemon_scarlet_and_violet"",""co_posts"":18,""character_coverage"":0.178218},{""copyright"":""pokemon_tcg"",""co_posts"":9,""character_coverage"":0.089109},{""copyright"":""original"",""co_posts"":8,""character_coverage"":0.079208},{""copyright"":""pokemon_sun_and_moon"",""co_posts"":2,""character_coverage"":0.019802}]","","","PENDING",""
"I70-021376","signora_(crimson_witch_of_embers)_(genshin_impact)","4","Character","104","","","","","","","[{""copyright"":""genshin_impact"",""co_posts"":91,""character_coverage"":1.0},{""copyright"":""dark_souls_(series)"",""co_posts"":1,""character_coverage"":0.010989},{""copyright"":""dark_souls_iii"",""co_posts"":1,""character_coverage"":0.010989},{""copyright"":""punishing:_gray_raven"",""co_posts"":1,""character_coverage"":0.010989},{""copyright"":""twitter"",""co_posts"":1,""character_coverage"":0.010989}]","","","PENDING",""
"I70-021377","silvervale_(sakura_goddess)","4","Character","104","silvervale_(12th_costume),silvervale_(11th_costume)","silvervale (11th costume) | silvervale (12th costume)","","","","","[{""copyright"":""indie_virtual_youtuber"",""co_posts"":53,""character_coverage"":0.53},{""copyright"":""vshojo"",""co_posts"":48,""character_coverage"":0.48},{""copyright"":""gamer_supps"",""co_posts"":2,""character_coverage"":0.02},{""copyright"":""minecraft"",""co_posts"":1,""character_coverage"":0.01},{""copyright"":""socks_agency"",""co_posts"":1,""character_coverage"":0.01}]","","","PENDING",""
"I70-021378","stella_(winx_club)","4","Character","104","","","","","","","[{""copyright"":""winx_club"",""co_posts"":87,""character_coverage"":1.0},{""copyright"":""bishoujo_senshi_sailor_moon"",""co_posts"":7,""character_coverage"":0.08046},{""copyright"":""mario_(series)"",""co_posts"":4,""character_coverage"":0.045977},{""copyright"":""genshin_impact"",""co_posts"":3,""character_coverage"":0.034483},{""copyright"":""league_of_legends"",""co_posts"":3,""character_coverage"":0.034483}]","","","PENDING",""
"I70-021379","sumeragi_hakua","4","Character","104","","","","","皇白愛","","[{""copyright"":""original"",""co_posts"":103,""character_coverage"":0.990385},{""copyright"":""ring_fit_adventure"",""co_posts"":2,""character_coverage"":0.019231},{""copyright"":""ki_ga_hayai_kouhai_kanojo"",""co_posts"":1,""character_coverage"":0.009615},{""copyright"":""twitter"",""co_posts"":1,""character_coverage"":0.009615}]","","","PENDING",""
"I70-021380","sunday_(concert_for_two)_(honkai:_star_rail)","4","Character","104","","","","","","","[{""copyright"":""honkai:_star_rail"",""co_posts"":104,""character_coverage"":1.0},{""copyright"":""honkai_(series)"",""co_posts"":104,""character_coverage"":1.0},{""copyright"":""the_shining"",""co_posts"":1,""character_coverage"":0.009615}]","","","PENDING",""
"I70-021381","sylvia_le_cruzcrown_sortilege_sisua","4","Character","104","","","","","シルヴィア・ル・クルスクラウン・ソルティレージュ・シスア","","[{""copyright"":""kin-iro_loveriche"",""co_posts"":84,""character_coverage"":1.0},{""copyright"":""deep_one_kyomu_to_mugen_no_fragment"",""co_posts"":1,""character_coverage"":0.011905},{""copyright"":""fate/grand_order"",""co_posts"":1,""character_coverage"":0.011905},{""copyright"":""fate_(series)"",""co_posts"":1,""character_coverage"":0.011905}]","","","PENDING",""
"I70-021382","tao_jun","4","Character","104","","","","","道潤","","[{""copyright"":""shaman_king"",""co_posts"":88,""character_coverage"":1.0},{""copyright"":""code_geass"",""co_posts"":2,""character_coverage"":0.022727},{""copyright"":""cardfight!!_vanguard"",""co_posts"":1,""character_coverage"":0.011364},{""copyright"":""drag-on_dragoon"",""co_posts"":1,""character_coverage"":0.011364},{""copyright"":""drag-on_dragoon_1"",""co_posts"":1,""character_coverage"":0.011364}]","","","PENDING",""
"I70-021383","to-class_light_cruiser","4","Character","104","","","","","軽巡ト級","","[{""copyright"":""kantai_collection"",""co_posts"":104,""character_coverage"":1.0},{""copyright"":""amazon_(company)"",""co_posts"":2,""character_coverage"":0.019231},{""copyright"":""aoki_hagane_no_arpeggio"",""co_posts"":2,""character_coverage"":0.019231},{""copyright"":""kamen_rider"",""co_posts"":2,""character_coverage"":0.019231},{""copyright"":""alien_(1979)"",""co_posts"":1,""character_coverage"":0.009615}]","","","PENDING",""
"I70-021384","tokura_eiko","4","Character","104","","","","","十倉栄依子","","[{""copyright"":""slow_start"",""co_posts"":94,""character_coverage"":1.0},{""copyright"":""kirara_fantasia"",""co_posts"":1,""character_coverage"":0.010638},{""copyright"":""megami_magazine"",""co_posts"":1,""character_coverage"":0.010638}]","","","PENDING",""
"I70-021385","tranquill","4","Character","104","","","","","ハトーボー","","[{""copyright"":""pokemon"",""co_posts"":93,""character_coverage"":1.0},{""copyright"":""pokemon_black_and_white"",""co_posts"":21,""character_coverage"":0.225806},{""copyright"":""pokemon_black_2_and_white_2"",""co_posts"":6,""character_coverage"":0.064516},{""copyright"":""pokemon_sword_and_shield"",""co_posts"":6,""character_coverage"":0.064516},{""copyright"":""pokemon_(anime)"",""co_posts"":5,""character_coverage"":0.053763}]","","","PENDING",""
"I70-021386","tsukishiro_mona","4","Character","104","tsukishiro_mona_(shiromanta)","tsukishiro mona (shiromanta)","","","月城モナ","","[{""copyright"":""senpai_ga_uzai_kouhai_no_hanashi"",""co_posts"":92,""character_coverage"":0.92},{""copyright"":""heaven_burns_red"",""co_posts"":8,""character_coverage"":0.08},{""copyright"":""key_(company)"",""co_posts"":3,""character_coverage"":0.03},{""copyright"":""ijiranaide_nagatoro-san"",""co_posts"":2,""character_coverage"":0.02},{""copyright"":""yostar"",""co_posts"":2,""character_coverage"":0.02}]","","","PENDING",""
"I70-021387","tsuzuki_shiori","4","Character","104","","","","","ツズキ・シオリ","","[{""copyright"":""witchblade_(anime)"",""co_posts"":69,""character_coverage"":1.0},{""copyright"":""dragonaut"",""co_posts"":2,""character_coverage"":0.028986},{""copyright"":""tengen_toppa_gurren_lagann"",""co_posts"":2,""character_coverage"":0.028986},{""copyright"":""fatal_frame"",""co_posts"":1,""character_coverage"":0.014493},{""copyright"":""fatal_frame_ii:_crimson_butterfly"",""co_posts"":1,""character_coverage"":0.014493}]","","","PENDING",""
"I70-021388","ujikintoki_ginka","4","Character","104","","","","","ウジキントキギンカ","","[{""copyright"":""original"",""co_posts"":104,""character_coverage"":1.0},{""copyright"":""monster_hunter_(series)"",""co_posts"":2,""character_coverage"":0.019231},{""copyright"":""yu-gi-oh!"",""co_posts"":2,""character_coverage"":0.019231},{""copyright"":""gundam"",""co_posts"":1,""character_coverage"":0.009615},{""copyright"":""hentai_kamen"",""co_posts"":1,""character_coverage"":0.009615}]","","","PENDING",""
"I70-021389","ultron","4","Character","104","","","","","ウルトロン","","[{""copyright"":""marvel"",""co_posts"":73,""character_coverage"":1.0},{""copyright"":""marvel_rivals"",""co_posts"":41,""character_coverage"":0.561644},{""copyright"":""avengers_(series)"",""co_posts"":40,""character_coverage"":0.547945},{""copyright"":""x-men"",""co_posts"":19,""character_coverage"":0.260274},{""copyright"":""guardians_of_the_galaxy"",""co_posts"":13,""character_coverage"":0.178082}]","","","PENDING",""
"I70-021390","unown_w","4","Character","104","","","","","アンノーンW","","[{""copyright"":""pokemon"",""co_posts"":93,""character_coverage"":1.0},{""copyright"":""pokemon_gold/silver/crystal"",""co_posts"":10,""character_coverage"":0.107527},{""copyright"":""pokemon_(anime)"",""co_posts"":9,""character_coverage"":0.096774},{""copyright"":""pokemon_(classic_anime)"",""co_posts"":8,""character_coverage"":0.086022},{""copyright"":""pokemon_3:_the_movie_-_spell_of_the_unown:_entei"",""co_posts"":6,""character_coverage"":0.064516}]","","","PENDING",""
"I70-021391","varoom","4","Character","104","","","","","ブロロン","","[{""copyright"":""pokemon"",""co_posts"":100,""character_coverage"":1.0},{""copyright"":""pokemon_scarlet_and_violet"",""co_posts"":26,""character_coverage"":0.26},{""copyright"":""pokemon_tcg"",""co_posts"":19,""character_coverage"":0.19},{""copyright"":""original"",""co_posts"":6,""character_coverage"":0.06},{""copyright"":""danganronpa_(series)"",""co_posts"":2,""character_coverage"":0.02}]","","","PENDING",""
"I70-021392","voyager_(third_ascension)_(fate)","4","Character","104","","","","","Voyager（Third Ascension）（運命）","","[{""copyright"":""fate_(series)"",""co_posts"":102,""character_coverage"":1.0},{""copyright"":""fate/grand_order"",""co_posts"":101,""character_coverage"":0.990196},{""copyright"":""fate/requiem"",""co_posts"":57,""character_coverage"":0.558824},{""copyright"":""axis_powers_hetalia"",""co_posts"":4,""character_coverage"":0.039216},{""copyright"":""azur_lane"",""co_posts"":1,""character_coverage"":0.009804}]","","","PENDING",""
"I70-021393","yoshida_shouin_(fate)","4","Character","104","","","","","吉田松陰(Fate)","","[{""copyright"":""fate/grand_order"",""co_posts"":103,""character_coverage"":1.0},{""copyright"":""fate_(series)"",""co_posts"":103,""character_coverage"":1.0},{""copyright"":""fate/grand_order_arcade"",""co_posts"":1,""character_coverage"":0.009709},{""copyright"":""jojo_no_kimyou_na_bouken"",""co_posts"":1,""character_coverage"":0.009709},{""copyright"":""jojo_no_kimyou_na_bouken:_mirai_e_no_isan"",""co_posts"":1,""character_coverage"":0.009709}]","","","PENDING",""
"I70-021394","academy_d.va","4","Character","103","","","","","アカデミーD.VA","","[{""copyright"":""overwatch"",""co_posts"":83,""character_coverage"":1.0},{""copyright"":""league_of_legends"",""co_posts"":2,""character_coverage"":0.024096},{""copyright"":""valorant"",""co_posts"":2,""character_coverage"":0.024096},{""copyright"":""nier:automata"",""co_posts"":1,""character_coverage"":0.012048},{""copyright"":""nier_(series)"",""co_posts"":1,""character_coverage"":0.012048}]","","","PENDING",""
"I70-021395","admiral_arisugawa","4","Character","103","","","","","オネエ提督(なごみ)","","[{""copyright"":""kantai_collection"",""co_posts"":103,""character_coverage"":1.0},{""copyright"":""instagram"",""co_posts"":1,""character_coverage"":0.009709},{""copyright"":""jojo_no_kimyou_na_bouken"",""co_posts"":1,""character_coverage"":0.009709},{""copyright"":""original"",""co_posts"":1,""character_coverage"":0.009709},{""copyright"":""splatoon_(series)"",""co_posts"":1,""character_coverage"":0.009709}]","","","PENDING",""
"I70-021396","akabane_youko_(1st_costume)","4","Character","103","","","","","赤羽葉子(通常)","","[{""copyright"":""nijisanji"",""co_posts"":100,""character_coverage"":1.0},{""copyright"":""nijisanji_kr"",""co_posts"":3,""character_coverage"":0.03},{""copyright"":"".live"",""co_posts"":1,""character_coverage"":0.01},{""copyright"":""coca-cola"",""co_posts"":1,""character_coverage"":0.01},{""copyright"":""comptiq"",""co_posts"":1,""character_coverage"":0.01}]","","","PENDING",""
"I70-021397","alexiel_(summer)_(granblue_fantasy)","4","Character","103","","","","","","","[{""copyright"":""granblue_fantasy"",""co_posts"":102,""character_coverage"":1.0}]","","","PENDING",""
"I70-021398","alvida_(one_piece)","4","Character","103","","","","","アルビダ(ONEPIECE)","","[{""copyright"":""one_piece"",""co_posts"":81,""character_coverage"":1.0},{""copyright"":""one_piece_card_game"",""co_posts"":7,""character_coverage"":0.08642},{""copyright"":""one_piece_treasure_cruise"",""co_posts"":3,""character_coverage"":0.037037},{""copyright"":""one_piece_everyday"",""co_posts"":1,""character_coverage"":0.012346},{""copyright"":""pokemon"",""co_posts"":1,""character_coverage"":0.012346}]","","","PENDING",""
"I70-021399","angel_feather_alma","4","Character","103","","","","","エンジェルフェザー・アルマ","","[{""copyright"":""emil_chronicle_online"",""co_posts"":102,""character_coverage"":1.0},{""copyright"":""puzzle_&_dragons"",""co_posts"":1,""character_coverage"":0.009804}]","","","PENDING",""
"I70-021400","arima_kousei","4","Character","103","","","","","有馬公生","","[{""copyright"":""shigatsu_wa_kimi_no_uso"",""co_posts"":97,""character_coverage"":1.0},{""copyright"":""nier:automata"",""co_posts"":2,""character_coverage"":0.020619},{""copyright"":""nier_(series)"",""co_posts"":2,""character_coverage"":0.020619},{""copyright"":""tokyo_ghoul"",""co_posts"":2,""character_coverage"":0.020619},{""copyright"":""daiya_no_ace"",""co_posts"":1,""character_coverage"":0.010309}]","","","PENDING",""
"I70-021401","asamura_yuuta","4","Character","103","","","","","浅村悠太","","[{""copyright"":""gimai_seikatsu"",""co_posts"":100,""character_coverage"":1.0}]","","","PENDING",""
"I70-021402","atago_(full_moon's_feral_wolf)_(azur_lane)","4","Character","103","","","","","月夜のお姉さん狼","","[{""copyright"":""azur_lane"",""co_posts"":100,""character_coverage"":1.0},{""copyright"":""comiket_107"",""co_posts"":1,""character_coverage"":0.01},{""copyright"":""hololive"",""co_posts"":1,""character_coverage"":0.01},{""copyright"":""hololive_english"",""co_posts"":1,""character_coverage"":0.01},{""copyright"":""indie_virtual_youtuber"",""co_posts"":1,""character_coverage"":0.01}]","","","PENDING",""
"I70-021403","ayase_chihaya","4","Character","103","","","","","綾瀬千早","","[{""copyright"":""chihayafuru"",""co_posts"":93,""character_coverage"":1.0},{""copyright"":""meitantei_conan"",""co_posts"":2,""character_coverage"":0.021505},{""copyright"":""amagami"",""co_posts"":1,""character_coverage"":0.010753},{""copyright"":""ano_natsu_de_matteru"",""co_posts"":1,""character_coverage"":0.010753},{""copyright"":""another"",""co_posts"":1,""character_coverage"":0.010753}]","","","PENDING",""
"I70-021404","aye-aye_(kemono_friends)","4","Character","103","","","","","アイアイ(けものフレンズ)","","[{""copyright"":""kemono_friends"",""co_posts"":94,""character_coverage"":1.0},{""copyright"":""kemono_friends_3"",""co_posts"":11,""character_coverage"":0.117021},{""copyright"":""keroro_gunsou"",""co_posts"":5,""character_coverage"":0.053191},{""copyright"":""ghost_in_the_shell"",""co_posts"":2,""character_coverage"":0.021277},{""copyright"":""journey_to_the_west"",""co_posts"":2,""character_coverage"":0.021277}]","","","PENDING",""
"I70-021405","azuma_hatsumi","4","Character","103","","","","","東初美","","[{""copyright"":""yami_to_boushi_to_hon_no_tabibito"",""co_posts"":87,""character_coverage"":1.0},{""copyright"":""megami_magazine"",""co_posts"":5,""character_coverage"":0.057471},{""copyright"":""kannazuki_no_miko"",""co_posts"":1,""character_coverage"":0.011494},{""copyright"":""suzumiya_haruhi_no_yuuutsu"",""co_posts"":1,""character_coverage"":0.011494}]","","","PENDING",""
"I70-021406","badboyhalo","4","Character","103","","","","","","","[{""copyright"":""minecraft_youtube"",""co_posts"":101,""character_coverage"":1.0},{""copyright"":""dream_smp"",""co_posts"":50,""character_coverage"":0.49505},{""copyright"":""quackity_smp"",""co_posts"":24,""character_coverage"":0.237624},{""copyright"":""real_life"",""co_posts"":15,""character_coverage"":0.148515},{""copyright"":""minecraft"",""co_posts"":13,""character_coverage"":0.128713}]","","","PENDING",""
"I70-021407","bao_the_whale_(1st_costume)","4","Character","103","bao_(1st_costume)_(vtuber),bao_(vtuber)_(1st_costume)","bao (1st costume) (vtuber) | bao (vtuber) (1st costume)","","","","","[{""copyright"":""indie_virtual_youtuber"",""co_posts"":95,""character_coverage"":1.0},{""copyright"":""atelier_live"",""co_posts"":5,""character_coverage"":0.052632},{""copyright"":""cloud9"",""co_posts"":4,""character_coverage"":0.042105},{""copyright"":""original"",""co_posts"":4,""character_coverage"":0.042105},{""copyright"":""nijisanji"",""co_posts"":2,""character_coverage"":0.021053}]","","","PENDING",""
"I70-021408","barghest_(like_a_lady)_(fate)","4","Character","103","","","","","ライク・ア・レディ","","[{""copyright"":""fate/grand_order"",""co_posts"":93,""character_coverage"":1.0},{""copyright"":""fate_(series)"",""co_posts"":93,""character_coverage"":1.0},{""copyright"":""fate/strange_fake"",""co_posts"":2,""character_coverage"":0.021505},{""copyright"":""tsukihime"",""co_posts"":2,""character_coverage"":0.021505},{""copyright"":""tsukihime_(remake)"",""co_posts"":2,""character_coverage"":0.021505}]","","","PENDING",""
"I70-021409","beast_(x-men)","4","Character","103","","","","","ビースト","","[{""copyright"":""marvel"",""co_posts"":91,""character_coverage"":1.0},{""copyright"":""x-men"",""co_posts"":91,""character_coverage"":1.0},{""copyright"":""avengers_(series)"",""co_posts"":9,""character_coverage"":0.098901},{""copyright"":""x-men:_the_animated_series"",""co_posts"":8,""character_coverage"":0.087912},{""copyright"":""x-men_movie_series"",""co_posts"":8,""character_coverage"":0.087912}]","","","PENDING",""
"I70-021410","beelzebub_(azazel-san)","4","Character","103","","","","","ベルゼブブ優一","","[{""copyright"":""yondemasu_yo_azazel-san."",""co_posts"":99,""character_coverage"":1.0},{""copyright"":""ao_no_exorcist"",""co_posts"":6,""character_coverage"":0.060606},{""copyright"":""mahou_shoujo_madoka_magica"",""co_posts"":6,""character_coverage"":0.060606},{""copyright"":""mahou_shoujo_madoka_magica_(anime)"",""co_posts"":6,""character_coverage"":0.060606},{""copyright"":""tiger_&_bunny"",""co_posts"":4,""character_coverage"":0.040404}]","","","PENDING",""
"I70-021411","black_pearl_cookie","4","Character","103","","","","","ブラックパールクッキー","","[{""copyright"":""cookie_run"",""co_posts"":93,""character_coverage"":1.0},{""copyright"":""cookie_run:_kingdom"",""co_posts"":93,""character_coverage"":1.0},{""copyright"":""alien_stage"",""co_posts"":3,""character_coverage"":0.032258},{""copyright"":""cookie_run:_ovenbreak"",""co_posts"":2,""character_coverage"":0.021505}]","","","PENDING",""
"I70-021412","bois_belleau_(azur_lane)","4","Character","103","","","","","ボア・ベロー","","[{""copyright"":""azur_lane"",""co_posts"":98,""character_coverage"":1.0},{""copyright"":""azur_lane:_slow_ahead"",""co_posts"":13,""character_coverage"":0.132653}]","","","PENDING",""
"I70-021413","bryan_fury","4","Character","103","","","","","ブライアン・フューリー","","[{""copyright"":""tekken"",""co_posts"":90,""character_coverage"":1.0},{""copyright"":""tekken_8"",""co_posts"":17,""character_coverage"":0.188889},{""copyright"":""tekken_7"",""co_posts"":12,""character_coverage"":0.133333},{""copyright"":""tekken_4"",""co_posts"":5,""character_coverage"":0.055556},{""copyright"":""marvel"",""co_posts"":3,""character_coverage"":0.033333}]","","","PENDING",""
"I70-021414","cagliostro_(symphogear)","4","Character","103","","","","","カリオストロ(シンフォギア)","","[{""copyright"":""senki_zesshou_symphogear"",""co_posts"":92,""character_coverage"":1.0},{""copyright"":""senki_zesshou_symphogear_xd_unlimited"",""co_posts"":5,""character_coverage"":0.054348},{""copyright"":""bishoujo_senshi_sailor_moon"",""co_posts"":1,""character_coverage"":0.01087},{""copyright"":""bishoujo_senshi_sailor_moon_supers"",""co_posts"":1,""character_coverage"":0.01087},{""copyright"":""persona"",""co_posts"":1,""character_coverage"":0.01087}]","","","PENDING",""
"I70-021415","caleen_keemosn","4","Character","103","","","","","カーリン・ケイソン","","[{""copyright"":""star_ocean"",""co_posts"":98,""character_coverage"":1.0},{""copyright"":""star_ocean:_anamnesis"",""co_posts"":91,""character_coverage"":0.928571},{""copyright"":""fate_(series)"",""co_posts"":10,""character_coverage"":0.102041},{""copyright"":""star_ocean:_first_departure"",""co_posts"":2,""character_coverage"":0.020408},{""copyright"":""umamusume"",""co_posts"":2,""character_coverage"":0.020408}]","","","PENDING",""
"I70-021416","carnage_(marvel)","4","Character","103","","","","","カーネイジ","","[{""copyright"":""marvel"",""co_posts"":73,""character_coverage"":1.0},{""copyright"":""spider-man_(series)"",""co_posts"":63,""character_coverage"":0.863014},{""copyright"":""avengers_(series)"",""co_posts"":8,""character_coverage"":0.109589},{""copyright"":""fantastic_four"",""co_posts"":6,""character_coverage"":0.082192},{""copyright"":""spider-verse"",""co_posts"":6,""character_coverage"":0.082192}]","","","PENDING",""
"I70-021417","cat_(kemono_friends)","4","Character","103","","","","","イエネコ(けものフレンズ)","","[{""copyright"":""kemono_friends"",""co_posts"":99,""character_coverage"":1.0},{""copyright"":""kemono_friends_3"",""co_posts"":20,""character_coverage"":0.20202},{""copyright"":""kemono_friends_festival"",""co_posts"":4,""character_coverage"":0.040404},{""copyright"":""keroro_gunsou"",""co_posts"":2,""character_coverage"":0.020202},{""copyright"":""crunchyroll"",""co_posts"":1,""character_coverage"":0.010101}]","","","PENDING",""
"I70-021418","chen_gong_(fate)","4","Character","103","","","","","陳宮(Fate)","","[{""copyright"":""fate_(series)"",""co_posts"":102,""character_coverage"":1.0},{""copyright"":""fate/grand_order"",""co_posts"":101,""character_coverage"":0.990196},{""copyright"":""fate/extra"",""co_posts"":4,""character_coverage"":0.039216},{""copyright"":""fate/samurai_remnant"",""co_posts"":3,""character_coverage"":0.029412},{""copyright"":""fate/grand_order_arcade"",""co_posts"":2,""character_coverage"":0.019608}]","","","PENDING",""
"I70-021419","child_assassin_(fate/zero)","4","Character","103","","","","","ちびハサン","","[{""copyright"":""fate_(series)"",""co_posts"":100,""character_coverage"":1.0},{""copyright"":""fate/zero"",""co_posts"":81,""character_coverage"":0.81},{""copyright"":""fate/grand_order"",""co_posts"":29,""character_coverage"":0.29},{""copyright"":""fate/stay_night"",""co_posts"":16,""character_coverage"":0.16},{""copyright"":""fate/prototype"",""co_posts"":10,""character_coverage"":0.1}]","","","PENDING",""
"I70-021420","cinnamon_(mega_man)","4","Character","103","cinnamon","cinnamon","","","シナモン(ロックマン)","","[{""copyright"":""mega_man_(series)"",""co_posts"":94,""character_coverage"":1.0},{""copyright"":""mega_man_x_(series)"",""co_posts"":94,""character_coverage"":1.0},{""copyright"":""mega_man_x:_command_mission"",""co_posts"":78,""character_coverage"":0.829787},{""copyright"":""mega_man_x_dive"",""co_posts"":24,""character_coverage"":0.255319},{""copyright"":""mega_man_(classic)"",""co_posts"":6,""character_coverage"":0.06383}]","","","PENDING",""
"I70-021421","columbina_(big_bad_vampire)_(genshin_impact)","4","Character","103","columbina_(marechaussee_hunter)_(genshin_impact)","columbina (marechaussee hunter) (genshin impact)","","","","","[]","","","PENDING",""
"I70-021422","conduit_(apex_legends)","4","Character","103","","","","","コンジット","","[{""copyright"":""apex_legends"",""co_posts"":102,""character_coverage"":1.0},{""copyright"":""instagram"",""co_posts"":2,""character_coverage"":0.019608},{""copyright"":""skibidi_toilet_(series)"",""co_posts"":2,""character_coverage"":0.019608},{""copyright"":""valorant"",""co_posts"":2,""character_coverage"":0.019608},{""copyright"":""dead_or_alive"",""co_posts"":1,""character_coverage"":0.009804}]","","","PENDING",""
"I70-021423","cosmoem","4","Character","103","","","","","コスモウム","","[{""copyright"":""pokemon"",""co_posts"":102,""character_coverage"":1.0},{""copyright"":""pokemon_sun_and_moon"",""co_posts"":32,""character_coverage"":0.313725},{""copyright"":""pokemon_(anime)"",""co_posts"":5,""character_coverage"":0.04902},{""copyright"":""pokemon_the_series:_sun_&_moon"",""co_posts"":4,""character_coverage"":0.039216},{""copyright"":""pokemon:_arceus_and_the_jewel_of_life"",""co_posts"":3,""character_coverage"":0.029412}]","","","PENDING",""
"I70-021424","diane_foxington","4","Character","103","","","","","ダイアン・フォクシントン","","[{""copyright"":""the_bad_guys_(movie)"",""co_posts"":84,""character_coverage"":1.0},{""copyright"":""zootopia"",""co_posts"":5,""character_coverage"":0.059524},{""copyright"":""animal_crossing"",""co_posts"":1,""character_coverage"":0.011905},{""copyright"":""arknights"",""co_posts"":1,""character_coverage"":0.011905},{""copyright"":""beastars"",""co_posts"":1,""character_coverage"":0.011905}]","","","PENDING",""
"I70-021425","dogmeat","4","Character","103","","","","","","","[{""copyright"":""fallout"",""co_posts"":99,""character_coverage"":1.0},{""copyright"":""fallout_4"",""co_posts"":89,""character_coverage"":0.89899},{""copyright"":""fallout_3"",""co_posts"":5,""character_coverage"":0.050505},{""copyright"":""fallout:_new_vegas"",""co_posts"":3,""character_coverage"":0.030303},{""copyright"":""hololive"",""co_posts"":2,""character_coverage"":0.020202}]","","","PENDING",""
"I70-021426","dokibird_(tomato)","4","Character","103","dokibird_(vtuber)_(tomato)","dokibird (vtuber) (tomato)","","","","","[{""copyright"":""indie_virtual_youtuber"",""co_posts"":94,""character_coverage"":1.0},{""copyright"":""gamer_supps"",""co_posts"":14,""character_coverage"":0.148936},{""copyright"":""indie_utaite"",""co_posts"":2,""character_coverage"":0.021277},{""copyright"":""vinesauce"",""co_posts"":2,""character_coverage"":0.021277},{""copyright"":""3am"",""co_posts"":1,""character_coverage"":0.010638}]","","","PENDING",""
"I70-021427","donna_(stella_sora)","4","Character","103","","","","","ドナ(ステラソラ)","","[{""copyright"":""stella_sora"",""co_posts"":92,""character_coverage"":1.0},{""copyright"":""blue_archive"",""co_posts"":1,""character_coverage"":0.01087}]","","","PENDING",""
"I70-021428","etzali","4","Character","103","","","","","エッツァリ","","[{""copyright"":""toaru_majutsu_no_index"",""co_posts"":84,""character_coverage"":1.0},{""copyright"":""toaru_majutsu_no_index:_old_testament"",""co_posts"":73,""character_coverage"":0.869048},{""copyright"":""toaru_kagaku_no_railgun"",""co_posts"":15,""character_coverage"":0.178571},{""copyright"":""toaru_majutsu_no_index:_new_testament"",""co_posts"":9,""character_coverage"":0.107143},{""copyright"":""durarara!!"",""co_posts"":3,""character_coverage"":0.035714}]","","","PENDING",""
"I70-021429","exosister_stella","4","Character","103","","","","","エクソシスター・ステラ","","[{""copyright"":""yu-gi-oh!"",""co_posts"":87,""character_coverage"":1.0},{""copyright"":""friday_night_funkin'"",""co_posts"":2,""character_coverage"":0.022989},{""copyright"":""fire_emblem"",""co_posts"":1,""character_coverage"":0.011494},{""copyright"":""fire_emblem:_three_houses"",""co_posts"":1,""character_coverage"":0.011494}]","","","PENDING",""
"I70-021430","fate_testarossa_(sonic_form)","4","Character","103","","","","","ソニックフォーム","","[{""copyright"":""lyrical_nanoha"",""co_posts"":101,""character_coverage"":1.0},{""copyright"":""mahou_shoujo_lyrical_nanoha"",""co_posts"":94,""character_coverage"":0.930693},{""copyright"":""mahou_shoujo_lyrical_nanoha_a's"",""co_posts"":89,""character_coverage"":0.881188},{""copyright"":""mahou_shoujo_lyrical_nanoha_strikers"",""co_posts"":18,""character_coverage"":0.178218},{""copyright"":""mahou_shoujo_lyrical_nanoha_the_movie_2nd_a's"",""co_posts"":9,""character_coverage"":0.089109}]","","","PENDING",""
"I70-021431","fear_kubrick","4","Character","103","","","","","フィア・キューブリック","","[{""copyright"":""cube_x_cursed_x_curious"",""co_posts"":93,""character_coverage"":1.0},{""copyright"":""megami_magazine"",""co_posts"":4,""character_coverage"":0.043011},{""copyright"":""nyantype"",""co_posts"":4,""character_coverage"":0.043011},{""copyright"":""lyrical_nanoha"",""co_posts"":2,""character_coverage"":0.021505},{""copyright"":""mahou_shoujo_lyrical_nanoha"",""co_posts"":2,""character_coverage"":0.021505}]","","","PENDING",""
"I70-021432","female_kiran_(fire_emblem)_(evomanaphy)","4","Character","103","","","","","","","[{""copyright"":""fire_emblem"",""co_posts"":102,""character_coverage"":1.0},{""copyright"":""fire_emblem_heroes"",""co_posts"":102,""character_coverage"":1.0},{""copyright"":""fire_emblem_awakening"",""co_posts"":52,""character_coverage"":0.509804},{""copyright"":""barbie_(franchise)"",""co_posts"":2,""character_coverage"":0.019608},{""copyright"":""barbie_(live_action)"",""co_posts"":2,""character_coverage"":0.019608}]","","","PENDING",""
"I70-021433","fenrys","4","Character","103","","","","","フェンリース","","[{""copyright"":""lv2_kara_cheat_datta_moto_yuusha_kouho_no_mattari_isekai_life"",""co_posts"":99,""character_coverage"":1.0},{""copyright"":""megami_magazine"",""co_posts"":3,""character_coverage"":0.030303},{""copyright"":""maou_no_ore_ga_dorei_elf_wo_yome_ni_shitanda_ga_dou_medereba_ii?"",""co_posts"":2,""character_coverage"":0.020202},{""copyright"":""zero_no_tsukaima"",""co_posts"":2,""character_coverage"":0.020202},{""copyright"":""azur_lane"",""co_posts"":1,""character_coverage"":0.010101}]","","","PENDING",""
"I70-021434","fiddlesticks_(league)","4","Character","103","fiddlesticks","fiddlesticks","","","fiddlesticks","","[{""copyright"":""league_of_legends"",""co_posts"":95,""character_coverage"":1.0},{""copyright"":""adventure_time"",""co_posts"":1,""character_coverage"":0.010526},{""copyright"":""kuso_miso_technique"",""co_posts"":1,""character_coverage"":0.010526},{""copyright"":""mahou_shoujo_madoka_magica"",""co_posts"":1,""character_coverage"":0.010526},{""copyright"":""mahou_shoujo_madoka_magica_(anime)"",""co_posts"":1,""character_coverage"":0.010526}]","","","PENDING",""
"I70-021435","frigga_(last_origin)","4","Character","103","","","","","フリッガ","","[{""copyright"":""last_origin"",""co_posts"":88,""character_coverage"":1.0},{""copyright"":""soulworker"",""co_posts"":1,""character_coverage"":0.011364}]","","","PENDING",""
"I70-021436","fuwa_minato_(2nd_costume)","4","Character","103","","","","","不破湊(スーツ)","","[{""copyright"":""nijisanji"",""co_posts"":100,""character_coverage"":1.0},{""copyright"":""apex_legends"",""co_posts"":1,""character_coverage"":0.01},{""copyright"":""crazy_raccoon"",""co_posts"":1,""character_coverage"":0.01},{""copyright"":""gintama"",""co_posts"":1,""character_coverage"":0.01},{""copyright"":""hololive"",""co_posts"":1,""character_coverage"":0.01}]","","","PENDING",""
"I70-021437","gentlu_(precure)","4","Character","103","gentle_(precure)","gentle (precure)","","","ジェントルー","","[{""copyright"":""delicious_party_precure"",""co_posts"":88,""character_coverage"":1.0},{""copyright"":""precure"",""co_posts"":88,""character_coverage"":1.0},{""copyright"":""girls_und_panzer"",""co_posts"":7,""character_coverage"":0.079545},{""copyright"":""fresh_precure!"",""co_posts"":2,""character_coverage"":0.022727},{""copyright"":""go!_princess_precure"",""co_posts"":2,""character_coverage"":0.022727}]","","","PENDING",""
"I70-021438","gray_fox_(metal_gear)","4","Character","103","","","","","グレイ・フォックス","","[{""copyright"":""metal_gear_(series)"",""co_posts"":94,""character_coverage"":1.0},{""copyright"":""metal_gear_solid"",""co_posts"":87,""character_coverage"":0.925532},{""copyright"":""metal_gear_solid_2:_sons_of_liberty"",""co_posts"":10,""character_coverage"":0.106383},{""copyright"":""metal_gear_solid_4:_guns_of_the_patriots"",""co_posts"":7,""character_coverage"":0.074468},{""copyright"":""metal_gear_solid_3:_snake_eater"",""co_posts"":5,""character_coverage"":0.053191}]","","","PENDING",""
"I70-021439","green_soul_(utdr)","4","Character","103","","","","","","","[{""copyright"":""utdr_(toby_fox)"",""co_posts"":86,""character_coverage"":1.0},{""copyright"":""undertale"",""co_posts"":82,""character_coverage"":0.953488},{""copyright"":""deltarune"",""co_posts"":7,""character_coverage"":0.081395},{""copyright"":""touhou"",""co_posts"":3,""character_coverage"":0.034884},{""copyright"":""original"",""co_posts"":2,""character_coverage"":0.023256}]","","","PENDING",""
"I70-021440","gunko","4","Character","103","","","","","軍子","","[{""copyright"":""one_piece"",""co_posts"":85,""character_coverage"":1.0},{""copyright"":""touhou"",""co_posts"":2,""character_coverage"":0.023529}]","","","PENDING",""
"I70-021441","gunther_schultz","4","Character","103","gunter_shulz","gunter shulz","","","Gunter Shulz","","[{""copyright"":""shingeki_no_kyojin"",""co_posts"":102,""character_coverage"":1.0},{""copyright"":""choo_choo_train"",""co_posts"":1,""character_coverage"":0.009804},{""copyright"":""chuunibyou_demo_koi_ga_shitai!"",""co_posts"":1,""character_coverage"":0.009804}]","","","PENDING",""
"I70-021442","hades_(disney)","4","Character","103","","","","","ハデス(ディズニー)","","[{""copyright"":""hercules_(1997_movie)"",""co_posts"":77,""character_coverage"":1.0},{""copyright"":""disney"",""co_posts"":12,""character_coverage"":0.155844},{""copyright"":""disneyland"",""co_posts"":12,""character_coverage"":0.155844},{""copyright"":""twisted_wonderland"",""co_posts"":12,""character_coverage"":0.155844},{""copyright"":""sleeping_beauty_(disney)"",""co_posts"":8,""character_coverage"":0.103896}]","","","PENDING",""
"I70-021443","haimiya_mio_(kamiyama_sumu)","4","Character","103","","","","","灰宮美桜","","[{""copyright"":""haimiya-senpai_wa_kowakute_kawaii"",""co_posts"":98,""character_coverage"":0.989899},{""copyright"":""starbucks"",""co_posts"":4,""character_coverage"":0.040404},{""copyright"":""disney"",""co_posts"":1,""character_coverage"":0.010101},{""copyright"":""disneyland"",""co_posts"":1,""character_coverage"":0.010101},{""copyright"":""original"",""co_posts"":1,""character_coverage"":0.010101}]","","","PENDING",""
"I70-021444","han_maru","4","Character","103","","","","","","","[{""copyright"":""special_civil_servant"",""co_posts"":99,""character_coverage"":1.0},{""copyright"":""lotte_(company)"",""co_posts"":1,""character_coverage"":0.010101}]","","","PENDING",""
"I70-021445","heroine_(amnesia)","4","Character","103","","","","","主人公(AMNESIA)","","[{""copyright"":""amnesia_(idea_factory)"",""co_posts"":100,""character_coverage"":1.0},{""copyright"":""uta_no_prince-sama"",""co_posts"":4,""character_coverage"":0.04},{""copyright"":""diabolik_lovers"",""co_posts"":3,""character_coverage"":0.03},{""copyright"":""hakuouki_shinsengumi_kitan"",""co_posts"":2,""character_coverage"":0.02},{""copyright"":""dance_with_devils"",""co_posts"":1,""character_coverage"":0.01}]","","","PENDING",""
"I70-021446","hijikata_toshizou_(golden_kamuy)","4","Character","103","","","","","土方歳三(ゴールデンカムイ)","","[{""copyright"":""golden_kamuy"",""co_posts"":102,""character_coverage"":1.0},{""copyright"":""touken_ranbu"",""co_posts"":4,""character_coverage"":0.039216},{""copyright"":""fate/grand_order"",""co_posts"":2,""character_coverage"":0.019608},{""copyright"":""fate_(series)"",""co_posts"":2,""character_coverage"":0.019608},{""copyright"":""among_us"",""co_posts"":1,""character_coverage"":0.009804}]","","","PENDING",""
"I70-021447","himeki_luna","4","Character","103","","","","","ルナ姫木","","[{""copyright"":""vanguard_princess"",""co_posts"":84,""character_coverage"":0.988235},{""copyright"":""touhou"",""co_posts"":4,""character_coverage"":0.047059},{""copyright"":""portal_(series)"",""co_posts"":3,""character_coverage"":0.035294},{""copyright"":""futaba_channel"",""co_posts"":1,""character_coverage"":0.011765},{""copyright"":""haou_airen"",""co_posts"":1,""character_coverage"":0.011765}]","","","PENDING",""
"I70-021448","honda_masazumi_(kyoukaisenjou_no_horizon)","4","Character","103","","","","","本多・正純","","[]","","","PENDING",""
"I70-021449","ikeda_emi","4","Character","103","ikeda_(girls_und_panzer)","ikeda (girls und panzer)","","","池田","","[{""copyright"":""girls_und_panzer"",""co_posts"":100,""character_coverage"":1.0},{""copyright"":""gekitotsu!_joshikousei_oiroke_sensha_gundan"",""co_posts"":45,""character_coverage"":0.45},{""copyright"":""girls_und_panzer_motto_love_love_sakusen_desu!"",""co_posts"":14,""character_coverage"":0.14},{""copyright"":""girls_und_panzer_gekijouban"",""co_posts"":3,""character_coverage"":0.03},{""copyright"":""ashita_no_joe"",""co_posts"":1,""character_coverage"":0.01}]","","","PENDING",""
"I70-021450","inazuma_(azur_lane)","4","Character","103","","","","電(アズールレーン)","柏 | 電","","[{""copyright"":""azur_lane"",""co_posts"":103,""character_coverage"":1.0},{""copyright"":""kantai_collection"",""co_posts"":4,""character_coverage"":0.038835},{""copyright"":""neptune_(series)"",""co_posts"":3,""character_coverage"":0.029126},{""copyright"":""2channel"",""co_posts"":1,""character_coverage"":0.009709},{""copyright"":""carnival_phantasm"",""co_posts"":1,""character_coverage"":0.009709}]","","","PENDING",""
"I70-021451","irito_(pronant_symphony)","4","Character","103","","","","","","","[{""copyright"":""pronant_symphony"",""co_posts"":103,""character_coverage"":1.0}]","","","PENDING",""
"I70-021452","isayama_mami_(tsukuyomi)","4","Character","103","","","","","","","[{""copyright"":""cho_kaguya-hime!"",""co_posts"":89,""character_coverage"":1.0},{""copyright"":""animal_crossing"",""co_posts"":1,""character_coverage"":0.011236},{""copyright"":""crayon_shin-chan"",""co_posts"":1,""character_coverage"":0.011236},{""copyright"":""invincible_(series)"",""co_posts"":1,""character_coverage"":0.011236},{""copyright"":""kaguya-sama_wa_kokurasetai_~tensai-tachi_no_renai_zunousen~"",""co_posts"":1,""character_coverage"":0.011236}]","","","PENDING",""
"I70-021453","jeanne_d'arc_(madoka_magica)","4","Character","103","tart_(madoka_magica),jeanne_d'arc_(tart_magica)","jeanne d'arc (tart magica) | tart (madoka magica)","","","タルト","","[{""copyright"":""mahou_shoujo_madoka_magica"",""co_posts"":100,""character_coverage"":1.0},{""copyright"":""mahou_shoujo_tart_magica"",""co_posts"":90,""character_coverage"":0.9},{""copyright"":""magia_record:_mahou_shoujo_madoka_magica_gaiden"",""co_posts"":63,""character_coverage"":0.63},{""copyright"":""mahou_shoujo_madoka_magica_magia_exedra"",""co_posts"":38,""character_coverage"":0.38},{""copyright"":""mahou_shoujo_oriko_magica"",""co_posts"":18,""character_coverage"":0.18}]","","","PENDING",""
"I70-021454","jellie_(hermitcraft)","4","Character","103","","","","","","","[{""copyright"":""minecraft_youtube"",""co_posts"":100,""character_coverage"":0.970874},{""copyright"":""hermitcraft"",""co_posts"":79,""character_coverage"":0.76699},{""copyright"":""minecraft"",""co_posts"":42,""character_coverage"":0.407767},{""copyright"":""traffic_life_series"",""co_posts"":18,""character_coverage"":0.174757},{""copyright"":""real_life"",""co_posts"":9,""character_coverage"":0.087379}]","","","PENDING",""
"I70-021455","jessie_(veyonis)","4","Character","103","","","","","","","[{""copyright"":""original"",""co_posts"":98,""character_coverage"":1.0},{""copyright"":""hello_kitty"",""co_posts"":3,""character_coverage"":0.030612},{""copyright"":""sanrio"",""co_posts"":3,""character_coverage"":0.030612},{""copyright"":""better_call_saul"",""co_posts"":2,""character_coverage"":0.020408},{""copyright"":""breaking_bad"",""co_posts"":2,""character_coverage"":0.020408}]","","","PENDING",""
"I70-021456","jovial_merryment","4","Character","103","","","","","","","[{""copyright"":""horse_race_tests"",""co_posts"":90,""character_coverage"":1.0},{""copyright"":""umamusume"",""co_posts"":4,""character_coverage"":0.044444},{""copyright"":""jujutsu_kaisen"",""co_posts"":3,""character_coverage"":0.033333},{""copyright"":""among_us"",""co_posts"":1,""character_coverage"":0.011111},{""copyright"":""blue_lock"",""co_posts"":1,""character_coverage"":0.011111}]","","","PENDING",""
"I70-021457","kaida_shion","4","Character","103","","","","","甲斐田紫音","","[{""copyright"":""paradox_live"",""co_posts"":39,""character_coverage"":1.0}]","","","PENDING",""
"I70-021458","kanon_(duel_masters)","4","Character","103","","","","","カノン(デュエプレ)","","[{""copyright"":""duel_masters"",""co_posts"":96,""character_coverage"":1.0},{""copyright"":""duel_masters_play's"",""co_posts"":96,""character_coverage"":1.0},{""copyright"":""puniru_wa_kawaii_slime"",""co_posts"":2,""character_coverage"":0.020833}]","","","PENDING",""
"I70-021459","kariya_wakana","4","Character","103","","","","","仮屋和奏","","[{""copyright"":""sanoba_witch"",""co_posts"":90,""character_coverage"":1.0},{""copyright"":""yuzusoft"",""co_posts"":14,""character_coverage"":0.155556},{""copyright"":""senren_banka"",""co_posts"":7,""character_coverage"":0.077778},{""copyright"":""riddle_joker"",""co_posts"":4,""character_coverage"":0.044444},{""copyright"":""dracu-riot!"",""co_posts"":3,""character_coverage"":0.033333}]","","","PENDING",""
"I70-021460","kayari_(yuuwaku_namaiki_lolita)","4","Character","103","","","","","","","[{""copyright"":""yuuwaku_namaiki_lolita"",""co_posts"":102,""character_coverage"":1.0}]","","","PENDING",""
"I70-021461","kenneth_sleg","4","Character","103","","","","","ケネス・スレッグ","","[{""copyright"":""gundam"",""co_posts"":96,""character_coverage"":1.0},{""copyright"":""gundam:_hathaway's_flash"",""co_posts"":96,""character_coverage"":1.0},{""copyright"":""char's_counterattack"",""co_posts"":5,""character_coverage"":0.052083},{""copyright"":""gundam_zz"",""co_posts"":2,""character_coverage"":0.020833},{""copyright"":""mobile_suit_gundam"",""co_posts"":2,""character_coverage"":0.020833}]","","","PENDING",""
"I70-021462","kim_(omori)","4","Character","103","","","","","","","[{""copyright"":""omori"",""co_posts"":92,""character_coverage"":1.0},{""copyright"":""emori"",""co_posts"":3,""character_coverage"":0.032609},{""copyright"":""original"",""co_posts"":1,""character_coverage"":0.01087},{""copyright"":""pac-man_(game)"",""co_posts"":1,""character_coverage"":0.01087}]","","","PENDING",""
"I70-021463","koharu_(yume_no_owari)","4","Character","103","","","","","小春","","[{""copyright"":""original"",""co_posts"":103,""character_coverage"":1.0},{""copyright"":""calbee_(potato_chips)"",""co_posts"":1,""character_coverage"":0.009709}]","","","PENDING",""
"I70-021464","komatsu_nana","4","Character","103","","","","","小松奈々","","[{""copyright"":""nana_(series)"",""co_posts"":97,""character_coverage"":1.0},{""copyright"":""doko_demo_issyo"",""co_posts"":3,""character_coverage"":0.030928},{""copyright"":""sanrio"",""co_posts"":3,""character_coverage"":0.030928},{""copyright"":""tamagotchi"",""co_posts"":3,""character_coverage"":0.030928},{""copyright"":""bomberman"",""co_posts"":2,""character_coverage"":0.020619}]","","","PENDING",""
"I70-021465","konohana_sakuya_(persona)","4","Character","103","","","","","コノハナサクヤ(ペルソナ4)","","[{""copyright"":""persona"",""co_posts"":96,""character_coverage"":1.0},{""copyright"":""persona_4"",""co_posts"":96,""character_coverage"":1.0},{""copyright"":""persona_3"",""co_posts"":4,""character_coverage"":0.041667},{""copyright"":""persona_4:_the_ultimate_in_mayonaka_arena"",""co_posts"":3,""character_coverage"":0.03125},{""copyright"":""persona_1"",""co_posts"":2,""character_coverage"":0.020833}]","","","PENDING",""
"I70-021466","koshimizu_toru_(2nd_costume)","4","Character","103","","","","","小清水透新衣装","","[{""copyright"":""nijisanji"",""co_posts"":92,""character_coverage"":1.0},{""copyright"":""pokemon"",""co_posts"":2,""character_coverage"":0.021739},{""copyright"":""original"",""co_posts"":1,""character_coverage"":0.01087},{""copyright"":""pokemon_firered_and_leafgreen"",""co_posts"":1,""character_coverage"":0.01087},{""copyright"":""pokemon_heartgold_and_soulsilver"",""co_posts"":1,""character_coverage"":0.01087}]","","","PENDING",""
"I70-021467","kumako_(poch4n)","4","Character","103","","","","","","","[{""copyright"":""original"",""co_posts"":102,""character_coverage"":1.0},{""copyright"":""kfc"",""co_posts"":1,""character_coverage"":0.009804},{""copyright"":""starbucks"",""co_posts"":1,""character_coverage"":0.009804}]","","","PENDING",""
"I70-021468","kurosawa_dia_(dengeki_g's_poster_swimsuit)","4","Character","103","","","","","G'sポスター水着ダイヤ","","[{""copyright"":""love_live!"",""co_posts"":101,""character_coverage"":1.0},{""copyright"":""love_live!_sunshine!!"",""co_posts"":101,""character_coverage"":1.0},{""copyright"":""dengeki_g's"",""co_posts"":18,""character_coverage"":0.178218},{""copyright"":""umamusume"",""co_posts"":15,""character_coverage"":0.148515},{""copyright"":""love_live!_nijigasaki_high_school_idol_club"",""co_posts"":4,""character_coverage"":0.039604}]","","","PENDING",""
"I70-021469","lancelot_(first_ascension)_(fate/grand_order)","4","Character","103","","","","","","","[{""copyright"":""fate/grand_order"",""co_posts"":102,""character_coverage"":1.0},{""copyright"":""fate_(series)"",""co_posts"":102,""character_coverage"":1.0},{""copyright"":""fate/extra"",""co_posts"":6,""character_coverage"":0.058824},{""copyright"":""fate/stay_night"",""co_posts"":6,""character_coverage"":0.058824},{""copyright"":""fate/apocrypha"",""co_posts"":3,""character_coverage"":0.029412}]","","","PENDING",""
"I70-021470","latte_cookie","4","Character","103","","","","","ラテ味クッキー","","[{""copyright"":""cookie_run"",""co_posts"":85,""character_coverage"":1.0},{""copyright"":""cookie_run:_kingdom"",""co_posts"":83,""character_coverage"":0.976471},{""copyright"":""cookie_run:_ovenbreak"",""co_posts"":5,""character_coverage"":0.058824},{""copyright"":""lord_of_heroes"",""co_posts"":1,""character_coverage"":0.011765},{""copyright"":""spy_x_family"",""co_posts"":1,""character_coverage"":0.011765}]","","","PENDING",""
"I70-021471","le_fantasque_(warship_girls_r)","4","Character","103","","","","","ル・ファンタスク","","[{""copyright"":""warship_girls_r"",""co_posts"":103,""character_coverage"":1.0},{""copyright"":""kantai_collection"",""co_posts"":6,""character_coverage"":0.058252},{""copyright"":""steelblue_mirage"",""co_posts"":2,""character_coverage"":0.019417},{""copyright"":""umamusume"",""co_posts"":2,""character_coverage"":0.019417},{""copyright"":""call_of_cthulhu"",""co_posts"":1,""character_coverage"":0.009709}]","","","PENDING",""
"I70-021472","lize_helesta_(fall_casual)","4","Character","103","lize_helesta_(5th_costume)","lize helesta (5th costume)","","","リゼ・ヘルエスタ(私服)","","[{""copyright"":""nijisanji"",""co_posts"":97,""character_coverage"":1.0},{""copyright"":""twitter"",""co_posts"":2,""character_coverage"":0.020619},{""copyright"":""kyoufuu_all_back_(vocaloid)"",""co_posts"":1,""character_coverage"":0.010309},{""copyright"":""pokemon"",""co_posts"":1,""character_coverage"":0.010309},{""copyright"":""pokemon_legends:_arceus"",""co_posts"":1,""character_coverage"":0.010309}]","","","PENDING",""
"I70-021473","loader_4","4","Character","103","","","","","","","[{""copyright"":""armored_core"",""co_posts"":97,""character_coverage"":1.0},{""copyright"":""armored_core_vi:_fires_of_rubicon"",""co_posts"":96,""character_coverage"":0.989691},{""copyright"":""fromsoftware"",""co_posts"":7,""character_coverage"":0.072165},{""copyright"":""elden_ring"",""co_posts"":4,""character_coverage"":0.041237},{""copyright"":""bloodborne"",""co_posts"":2,""character_coverage"":0.020619}]","","","PENDING",""
"I70-021474","lothric_(younger_prince)","4","Character","103","","","","","王子ロスリック","","[{""copyright"":""dark_souls_(series)"",""co_posts"":100,""character_coverage"":1.0},{""copyright"":""dark_souls_iii"",""co_posts"":98,""character_coverage"":0.98},{""copyright"":""dark_souls_i"",""co_posts"":13,""character_coverage"":0.13},{""copyright"":""elden_ring"",""co_posts"":6,""character_coverage"":0.06},{""copyright"":""fromsoftware"",""co_posts"":5,""character_coverage"":0.05}]","","","PENDING",""
"I70-021475","lucia_(fire_emblem)","4","Character","103","","","","","ルキノ","","[{""copyright"":""fire_emblem"",""co_posts"":96,""character_coverage"":1.0},{""copyright"":""fire_emblem:_radiant_dawn"",""co_posts"":54,""character_coverage"":0.5625},{""copyright"":""fire_emblem:_path_of_radiance"",""co_posts"":51,""character_coverage"":0.53125},{""copyright"":""fire_emblem_heroes"",""co_posts"":27,""character_coverage"":0.28125},{""copyright"":""fire_emblem_cipher"",""co_posts"":8,""character_coverage"":0.083333}]","","","PENDING",""
"I70-021476","lunamon","4","Character","103","","","","","ルナモン","","[{""copyright"":""digimon"",""co_posts"":93,""character_coverage"":1.0},{""copyright"":""digimon_story:_sunburst_and_moonlight"",""co_posts"":19,""character_coverage"":0.204301},{""copyright"":""digimon_card_game"",""co_posts"":16,""character_coverage"":0.172043},{""copyright"":""digimon_adventure"",""co_posts"":7,""character_coverage"":0.075269},{""copyright"":""digimon_story:_time_stranger"",""co_posts"":7,""character_coverage"":0.075269}]","","","PENDING",""
"I70-021477","magical_princess","4","Character","103","","","","","マジカルプリンセス","","[{""copyright"":""akazukin_chacha"",""co_posts"":63,""character_coverage"":1.0},{""copyright"":""bishoujo_senshi_sailor_moon"",""co_posts"":9,""character_coverage"":0.142857},{""copyright"":""cardcaptor_sakura"",""co_posts"":8,""character_coverage"":0.126984},{""copyright"":""bishoujo_senshi_sailor_moon_s"",""co_posts"":4,""character_coverage"":0.063492},{""copyright"":""kaitou_saint_tail"",""co_posts"":4,""character_coverage"":0.063492}]","","","PENDING",""
"I70-021478","male_esper_zero_(nte)","4","Character","103","male_esper_zero_(neverness_to_everness)","male esper zero (neverness to everness)","","","零(异环)","","[{""copyright"":""neverness_to_everness"",""co_posts"":76,""character_coverage"":1.0}]","","","PENDING",""
"I70-021479","marshmallon","4","Character","103","","","","","マシュマロン","","[{""copyright"":""yu-gi-oh!"",""co_posts"":96,""character_coverage"":1.0},{""copyright"":""yu-gi-oh!_duel_monsters"",""co_posts"":41,""character_coverage"":0.427083},{""copyright"":""yu-gi-oh!_the_dark_side_of_dimensions"",""co_posts"":4,""character_coverage"":0.041667},{""copyright"":""yu-gi-oh!_gx"",""co_posts"":3,""character_coverage"":0.03125},{""copyright"":""yu-gi-oh!_5d's"",""co_posts"":2,""character_coverage"":0.020833}]","","","PENDING",""
"I70-021480","mega_metagross","4","Character","103","","","","","メガメタグロス","","[{""copyright"":""pokemon"",""co_posts"":100,""character_coverage"":1.0},{""copyright"":""pokemon_omega_ruby_and_alpha_sapphire"",""co_posts"":54,""character_coverage"":0.54},{""copyright"":""pokemon_masters_ex"",""co_posts"":6,""character_coverage"":0.06},{""copyright"":""pokemon_red/green/blue/yellow"",""co_posts"":6,""character_coverage"":0.06},{""copyright"":""pokemon_(anime)"",""co_posts"":5,""character_coverage"":0.05}]","","","PENDING",""
"I70-021481","mifune_ryuuko","4","Character","103","","","","","御船流子","","[{""copyright"":""denpa_onna_to_seishun_otoko"",""co_posts"":93,""character_coverage"":1.0},{""copyright"":""dengeki_g's"",""co_posts"":4,""character_coverage"":0.043011},{""copyright"":""mahou_shoujo_madoka_magica"",""co_posts"":4,""character_coverage"":0.043011},{""copyright"":""mahou_shoujo_madoka_magica_(anime)"",""co_posts"":4,""character_coverage"":0.043011},{""copyright"":""megami_magazine"",""co_posts"":3,""character_coverage"":0.032258}]","","","PENDING",""
"I70-021482","mimi_(halloween)_(princess_connect!)","4","Character","103","","","","","ミミ(ハロウィン)","","[{""copyright"":""princess_connect!"",""co_posts"":98,""character_coverage"":1.0},{""copyright"":""gochuumon_wa_usagi_desu_ka?"",""co_posts"":2,""character_coverage"":0.020408},{""copyright"":""granblue_fantasy"",""co_posts"":2,""character_coverage"":0.020408},{""copyright"":""cygames"",""co_posts"":1,""character_coverage"":0.010204},{""copyright"":""kantai_collection"",""co_posts"":1,""character_coverage"":0.010204}]","","","PENDING",""
"I70-021483","minato_aya","4","Character","103","","","","","水杜彩","","[{""copyright"":""original"",""co_posts"":103,""character_coverage"":1.0},{""copyright"":""google"",""co_posts"":1,""character_coverage"":0.009709}]","","","PENDING",""
"I70-021484","moody_blues_(stand)","4","Character","103","","","","","ムーディー・ブルース","","[{""copyright"":""jojo_no_kimyou_na_bouken"",""co_posts"":102,""character_coverage"":1.0},{""copyright"":""vento_aureo"",""co_posts"":101,""character_coverage"":0.990196},{""copyright"":""diamond_wa_kudakenai"",""co_posts"":6,""character_coverage"":0.058824},{""copyright"":""stone_ocean"",""co_posts"":5,""character_coverage"":0.04902},{""copyright"":""stardust_crusaders"",""co_posts"":4,""character_coverage"":0.039216}]","","","PENDING",""
"I70-021485","moony_(ena)","4","Character","103","moony_(joel_g)","moony (joel g)","","","","","[{""copyright"":""ena_(series)"",""co_posts"":89,""character_coverage"":1.0},{""copyright"":""ena_(web_series)"",""co_posts"":76,""character_coverage"":0.853933},{""copyright"":""ena:_dream_bbq"",""co_posts"":27,""character_coverage"":0.303371},{""copyright"":""alice's_adventures_in_wonderland"",""co_posts"":3,""character_coverage"":0.033708},{""copyright"":""the_amazing_digital_circus"",""co_posts"":3,""character_coverage"":0.033708}]","","","PENDING",""
"I70-021486","mugman","4","Character","103","","","","","マグマン","","[{""copyright"":""cuphead_(game)"",""co_posts"":91,""character_coverage"":1.0},{""copyright"":""undertale"",""co_posts"":9,""character_coverage"":0.098901},{""copyright"":""utdr_(toby_fox)"",""co_posts"":9,""character_coverage"":0.098901},{""copyright"":""deltarune"",""co_posts"":6,""character_coverage"":0.065934},{""copyright"":""friday_night_funkin'"",""co_posts"":5,""character_coverage"":0.054945}]","","","PENDING",""
"I70-021487","naba_chizuru","4","Character","103","","","","","那波千鶴","","[{""copyright"":""mahou_sensei_negima!"",""co_posts"":80,""character_coverage"":1.0},{""copyright"":""megami_magazine"",""co_posts"":2,""character_coverage"":0.025},{""copyright"":""galaxy_angel"",""co_posts"":1,""character_coverage"":0.0125},{""copyright"":""galaxy_angel_rune"",""co_posts"":1,""character_coverage"":0.0125},{""copyright"":""love_hina"",""co_posts"":1,""character_coverage"":0.0125}]","","","PENDING",""
"I70-021488","nadie","4","Character","103","","","","","ナディ","","[{""copyright"":""el_cazador_de_la_bruja"",""co_posts"":92,""character_coverage"":1.0},{""copyright"":""comp_h's"",""co_posts"":2,""character_coverage"":0.021739},{""copyright"":""bang_dream!"",""co_posts"":1,""character_coverage"":0.01087},{""copyright"":""bang_dream!_girls_band_party!"",""co_posts"":1,""character_coverage"":0.01087},{""copyright"":""bocchi_the_rock!"",""co_posts"":1,""character_coverage"":0.01087}]","","","PENDING",""
"I70-021489","nagatsuka_saki","4","Character","103","","","","","永塚紗季","","[{""copyright"":""rou-kyuu-bu!"",""co_posts"":92,""character_coverage"":1.0},{""copyright"":""dengeki_g's"",""co_posts"":4,""character_coverage"":0.043478},{""copyright"":""megami_magazine"",""co_posts"":2,""character_coverage"":0.021739},{""copyright"":""danshi_koukousei_no_nichijou"",""co_posts"":1,""character_coverage"":0.01087},{""copyright"":""dengeki"",""co_posts"":1,""character_coverage"":0.01087}]","","","PENDING",""
"I70-021490","nakamura_yuuto","4","Character","103","nakamura_yuto","nakamura yuto","","","中村勇斗","","[{""copyright"":""raisei_no_ryuu_tsukai"",""co_posts"":99,""character_coverage"":1.0},{""copyright"":""original"",""co_posts"":49,""character_coverage"":0.494949},{""copyright"":""dragon_ball"",""co_posts"":1,""character_coverage"":0.010101}]","","","PENDING",""
"I70-021491","nanase_yui","4","Character","103","","","","","七瀬ゆい","","[{""copyright"":""go!_princess_precure"",""co_posts"":93,""character_coverage"":1.0},{""copyright"":""precure"",""co_posts"":93,""character_coverage"":1.0},{""copyright"":""delicious_party_precure"",""co_posts"":2,""character_coverage"":0.021505},{""copyright"":""dokidoki!_precure"",""co_posts"":2,""character_coverage"":0.021505},{""copyright"":""heartcatch_precure!"",""co_posts"":2,""character_coverage"":0.021505}]","","","PENDING",""
"I70-021492","neon_(blue_ocean)_(nikke)","4","Character","103","","","","","ネオン:ブルーオーシャン","","[{""copyright"":""goddess_of_victory:_nikke"",""co_posts"":97,""character_coverage"":1.0},{""copyright"":""nier:automata"",""co_posts"":2,""character_coverage"":0.020619},{""copyright"":""nier_(series)"",""co_posts"":2,""character_coverage"":0.020619},{""copyright"":""blue_archive"",""co_posts"":1,""character_coverage"":0.010309},{""copyright"":""to_love-ru"",""co_posts"":1,""character_coverage"":0.010309}]","","","PENDING",""
"I70-021493","night_mare_(vtuber)","4","Character","103","naito_mare_(vtuber)","naito mare (vtuber)","","","なぃとめあ","","[{""copyright"":""indie_virtual_youtuber"",""co_posts"":102,""character_coverage"":1.0},{""copyright"":""kemomimi_refle!"",""co_posts"":1,""character_coverage"":0.009804}]","","","PENDING",""
"I70-021494","niiboshi_reo","4","Character","103","","","","","新星玲央","","[{""copyright"":""sarazanmai"",""co_posts"":94,""character_coverage"":1.0},{""copyright"":""precure"",""co_posts"":2,""character_coverage"":0.021277},{""copyright"":""alice's_adventures_in_wonderland"",""co_posts"":1,""character_coverage"":0.010638},{""copyright"":""futari_wa_precure"",""co_posts"":1,""character_coverage"":0.010638},{""copyright"":""shoujo_kakumei_utena"",""co_posts"":1,""character_coverage"":0.010638}]","","","PENDING",""
"I70-021495","nina_saotome","4","Character","103","","","","","ニーナ・ソートーム","","[{""copyright"":""indie_virtual_youtuber"",""co_posts"":96,""character_coverage"":1.0},{""copyright"":""metal_gear_(series)"",""co_posts"":2,""character_coverage"":0.020833},{""copyright"":""monster_musume_no_iru_nichijou"",""co_posts"":2,""character_coverage"":0.020833},{""copyright"":""phase_connect"",""co_posts"":2,""character_coverage"":0.020833},{""copyright"":""vershion"",""co_posts"":2,""character_coverage"":0.020833}]","","","PENDING",""
"I70-021496","numbuh_5","4","Character","103","abigail_lincoln","abigail lincoln","","","アビゲイルリンカーン","","[{""copyright"":""codename:_kids_next_door"",""co_posts"":77,""character_coverage"":1.0},{""copyright"":""cartoon_network"",""co_posts"":5,""character_coverage"":0.064935},{""copyright"":""dc_comics"",""co_posts"":4,""character_coverage"":0.051948},{""copyright"":""dexter's_laboratory"",""co_posts"":4,""character_coverage"":0.051948},{""copyright"":""foster's_home_for_imaginary_friends"",""co_posts"":4,""character_coverage"":0.051948}]","","","PENDING",""
"I70-021497","orange_soul_(utdr)","4","Character","103","","","","","","","[{""copyright"":""utdr_(toby_fox)"",""co_posts"":88,""character_coverage"":1.0},{""copyright"":""undertale"",""co_posts"":85,""character_coverage"":0.965909},{""copyright"":""deltarune"",""co_posts"":5,""character_coverage"":0.056818},{""copyright"":""touhou"",""co_posts"":2,""character_coverage"":0.022727},{""copyright"":""cookie_(touhou)"",""co_posts"":1,""character_coverage"":0.011364}]","","","PENDING",""
"I70-021498","overqwil","4","Character","103","","","","","ハリーマン","","[{""copyright"":""pokemon"",""co_posts"":101,""character_coverage"":1.0},{""copyright"":""pokemon_legends:_arceus"",""co_posts"":13,""character_coverage"":0.128713},{""copyright"":""original"",""co_posts"":6,""character_coverage"":0.059406},{""copyright"":""pokemon_scarlet_and_violet"",""co_posts"":4,""character_coverage"":0.039604},{""copyright"":""pokemon_tcg"",""co_posts"":2,""character_coverage"":0.019802}]","","","PENDING",""
"I70-021499","owari_(my_wish_is_for_love)_(azur_lane)","4","Character","103","","","","","我が願いは愛情なり","","[{""copyright"":""azur_lane"",""co_posts"":100,""character_coverage"":1.0},{""copyright"":""original"",""co_posts"":3,""character_coverage"":0.03},{""copyright"":""hololive"",""co_posts"":2,""character_coverage"":0.02},{""copyright"":""hololive_english"",""co_posts"":2,""character_coverage"":0.02},{""copyright"":""arknights"",""co_posts"":1,""character_coverage"":0.01}]","","","PENDING",""
"I70-021500","paul_(eddsworld)","4","Character","103","","","","","ポール","","[{""copyright"":""eddsworld"",""co_posts"":96,""character_coverage"":1.0},{""copyright"":""utdr_(toby_fox)"",""co_posts"":3,""character_coverage"":0.03125},{""copyright"":""dream_smp"",""co_posts"":2,""character_coverage"":0.020833},{""copyright"":""minecraft_youtube"",""co_posts"":2,""character_coverage"":0.020833},{""copyright"":""mob_psycho_100"",""co_posts"":2,""character_coverage"":0.020833}]","","","PENDING",""
