"row_id","canonical_tag","category","category_name","post_count","source_aliases","verified_aliases","existing_display_ja","existing_search_ja","existing_candidate_ja","existing_rejected_ja","related_copyright_candidates","display_ja","search_ja","translation_status","translation_note"
"I70-016001","captain_marvel_(marvel)","4","Character","152","","","","","キャプテン・マーベル","","[{""copyright"":""marvel"",""co_posts"":118,""character_coverage"":0.991597},{""copyright"":""avengers_(series)"",""co_posts"":37,""character_coverage"":0.310924},{""copyright"":""spider-man_(series)"",""co_posts"":13,""character_coverage"":0.109244},{""copyright"":""guardians_of_the_galaxy"",""co_posts"":11,""character_coverage"":0.092437},{""copyright"":""x-men"",""co_posts"":11,""character_coverage"":0.092437}]","","","PENDING",""
"I70-016002","commander_(girls'_frontline)_(madcore)","4","Character","152","","","","","","","[{""copyright"":""girls'_frontline"",""co_posts"":151,""character_coverage"":1.0},{""copyright"":""doom_(series)"",""co_posts"":6,""character_coverage"":0.039735},{""copyright"":""portal_(series)"",""co_posts"":6,""character_coverage"":0.039735},{""copyright"":""doom_(2016)"",""co_posts"":5,""character_coverage"":0.033113},{""copyright"":""original"",""co_posts"":4,""character_coverage"":0.02649}]","","","PENDING",""
"I70-016003","crash_bandicoot","4","Character","152","","","","","クラッシュ・バンディクー","","[{""copyright"":""crash_bandicoot_(series)"",""co_posts"":116,""character_coverage"":1.0},{""copyright"":""sonic_(series)"",""co_posts"":24,""character_coverage"":0.206897},{""copyright"":""mario_(series)"",""co_posts"":18,""character_coverage"":0.155172},{""copyright"":""mega_man_(series)"",""co_posts"":15,""character_coverage"":0.12931},{""copyright"":""kirby_(series)"",""co_posts"":12,""character_coverage"":0.103448}]","","","PENDING",""
"I70-016004","daidouji_kira","4","Character","152","","","","きら様 | 大道寺きら","","","[{""copyright"":""arcana_heart"",""co_posts"":140,""character_coverage"":1.0},{""copyright"":""arcana_heart_2"",""co_posts"":14,""character_coverage"":0.1},{""copyright"":""arcana_heart_3"",""co_posts"":10,""character_coverage"":0.071429},{""copyright"":""blazblue"",""co_posts"":2,""character_coverage"":0.014286},{""copyright"":""darkstalkers"",""co_posts"":2,""character_coverage"":0.014286}]","","","PENDING",""
"I70-016005","daniel_j._d'arby","4","Character","152","","","","","ダニエル・J・ダービー","","[{""copyright"":""jojo_no_kimyou_na_bouken"",""co_posts"":148,""character_coverage"":0.993289},{""copyright"":""stardust_crusaders"",""co_posts"":148,""character_coverage"":0.993289},{""copyright"":""battle_tendency"",""co_posts"":9,""character_coverage"":0.060403},{""copyright"":""idolmaster"",""co_posts"":8,""character_coverage"":0.053691},{""copyright"":""phantom_blood"",""co_posts"":8,""character_coverage"":0.053691}]","","","PENDING",""
"I70-016006","de_zeven_provincien_(azur_lane)","4","Character","152","","","","","デ・ゼーヴェン・プロヴィンシェン","","[{""copyright"":""azur_lane"",""co_posts"":144,""character_coverage"":1.0},{""copyright"":""azur_lane:_slow_ahead"",""co_posts"":12,""character_coverage"":0.083333},{""copyright"":""comiket_107"",""co_posts"":3,""character_coverage"":0.020833},{""copyright"":""gakuen_idolmaster"",""co_posts"":1,""character_coverage"":0.006944},{""copyright"":""idolmaster"",""co_posts"":1,""character_coverage"":0.006944}]","","","PENDING",""
"I70-016007","dorothy_(hand_of_destiny)_(arknights)","4","Character","152","","","","","","","[{""copyright"":""arknights"",""co_posts"":146,""character_coverage"":1.0}]","","","PENDING",""
"I70-016008","duck_(duck_hunt)","4","Character","152","","","","","アヒル（アヒルハント）","","[{""copyright"":""duck_hunt"",""co_posts"":141,""character_coverage"":0.992958},{""copyright"":""super_smash_bros."",""co_posts"":119,""character_coverage"":0.838028},{""copyright"":""mario_(series)"",""co_posts"":104,""character_coverage"":0.732394},{""copyright"":""kirby_(series)"",""co_posts"":100,""character_coverage"":0.704225},{""copyright"":""pokemon"",""co_posts"":98,""character_coverage"":0.690141}]","","","PENDING",""
"I70-016009","elias_ainsworth","4","Character","152","ellias_ainsworth","ellias ainsworth","","","エリアス・エインズワース","","[{""copyright"":""mahou_tsukai_no_yome"",""co_posts"":148,""character_coverage"":1.0},{""copyright"":""fate_(series)"",""co_posts"":3,""character_coverage"":0.02027},{""copyright"":""fate/grand_order"",""co_posts"":2,""character_coverage"":0.013514},{""copyright"":""league_of_legends"",""co_posts"":2,""character_coverage"":0.013514},{""copyright"":""nijisanji"",""co_posts"":2,""character_coverage"":0.013514}]","","","PENDING",""
"I70-016010","estelle_(vtuber)","4","Character","152","essie_(vtuber)","essie (vtuber)","","","","","[{""copyright"":""indie_virtual_youtuber"",""co_posts"":112,""character_coverage"":0.99115},{""copyright"":""world_cup"",""co_posts"":28,""character_coverage"":0.247788},{""copyright"":""2026_fifa_world_cup"",""co_posts"":27,""character_coverage"":0.238938},{""copyright"":""vocaloid"",""co_posts"":5,""character_coverage"":0.044248},{""copyright"":""real_life"",""co_posts"":3,""character_coverage"":0.026549}]","","","PENDING",""
"I70-016011","exs-tia_chevalier_(exs-tia_r)","4","Character","152","","","","","","","[{""copyright"":""kouyoku_senki_exs-tia"",""co_posts"":152,""character_coverage"":1.0}]","","","PENDING",""
"I70-016012","fran_(tensei_shitara_ken_deshita)","4","Character","152","","","","","フラン(転剣)","","[{""copyright"":""tensei_shitara_ken_deshita"",""co_posts"":112,""character_coverage"":1.0},{""copyright"":""chromashift"",""co_posts"":3,""character_coverage"":0.026786},{""copyright"":""megami_magazine"",""co_posts"":3,""character_coverage"":0.026786},{""copyright"":""tensei_shitara_slime_datta_ken"",""co_posts"":2,""character_coverage"":0.017857},{""copyright"":""bocchi_the_rock!"",""co_posts"":1,""character_coverage"":0.008929}]","","","PENDING",""
"I70-016013","geese_howard","4","Character","152","","","","","ギース・ハワード","","[{""copyright"":""fatal_fury"",""co_posts"":136,""character_coverage"":0.985507},{""copyright"":""the_king_of_fighters"",""co_posts"":96,""character_coverage"":0.695652},{""copyright"":""snk"",""co_posts"":43,""character_coverage"":0.311594},{""copyright"":""ryuuko_no_ken"",""co_posts"":33,""character_coverage"":0.23913},{""copyright"":""street_fighter"",""co_posts"":26,""character_coverage"":0.188406}]","","","PENDING",""
"I70-016014","gouto","4","Character","152","","","","","業斗童子","","[{""copyright"":""devil_summoner_(series)"",""co_posts"":145,""character_coverage"":0.986395},{""copyright"":""devil_summoner:_raidou_kuzunoha_vs_the_soulless_army"",""co_posts"":82,""character_coverage"":0.557823},{""copyright"":""shin_megami_tensei"",""co_posts"":73,""character_coverage"":0.496599},{""copyright"":""shin_megami_tensei_iii:_nocturne"",""co_posts"":25,""character_coverage"":0.170068},{""copyright"":""persona"",""co_posts"":17,""character_coverage"":0.115646}]","","","PENDING",""
"I70-016015","gregor_(tsurunoka)","4","Character","152","","","","","グレゴール（ツルノカ）","","[{""copyright"":""original"",""co_posts"":151,""character_coverage"":1.0},{""copyright"":""pokemon"",""co_posts"":1,""character_coverage"":0.006623}]","","","PENDING",""
"I70-016016","gubo_(project_moon)","4","Character","152","","","","","グボ","","[{""copyright"":""project_moon"",""co_posts"":150,""character_coverage"":1.0},{""copyright"":""limbus_company"",""co_posts"":140,""character_coverage"":0.933333},{""copyright"":""leviathan_(project_moon)"",""co_posts"":11,""character_coverage"":0.073333},{""copyright"":""library_of_ruina"",""co_posts"":5,""character_coverage"":0.033333},{""copyright"":""kekkai_sensen"",""co_posts"":2,""character_coverage"":0.013333}]","","","PENDING",""
"I70-016017","hector_rivera","4","Character","152","","","","","ヘクター(COCO)","","[{""copyright"":""coco_(disney)"",""co_posts"":152,""character_coverage"":1.0},{""copyright"":""disney"",""co_posts"":2,""character_coverage"":0.013158},{""copyright"":""frozen_(disney)"",""co_posts"":2,""character_coverage"":0.013158},{""copyright"":""undertale"",""co_posts"":2,""character_coverage"":0.013158},{""copyright"":""utdr_(toby_fox)"",""co_posts"":2,""character_coverage"":0.013158}]","","","PENDING",""
"I70-016018","hinase_sheffield_kamishirouzu","4","Character","152","","","","","陽菜聖=シェフィールド=上白水","","[{""copyright"":""seimetsu_reiki_etherea"",""co_posts"":152,""character_coverage"":1.0},{""copyright"":""lusterise"",""co_posts"":49,""character_coverage"":0.322368}]","","","PENDING",""
"I70-016019","hiramado_miku","4","Character","152","","","","","開窓ミク","","[{""copyright"":""vocaloid"",""co_posts"":139,""character_coverage"":1.0},{""copyright"":""project_sekai"",""co_posts"":138,""character_coverage"":0.992806},{""copyright"":""kowareta_sekai_to_utaenai_miku"",""co_posts"":136,""character_coverage"":0.978417},{""copyright"":""animedia"",""co_posts"":1,""character_coverage"":0.007194},{""copyright"":""m@gical_cure!_love_shot!_(vocaloid)"",""co_posts"":1,""character_coverage"":0.007194}]","","","PENDING",""
"I70-016020","hisuian_braviary","4","Character","152","","","","","ヒスイウォーグル","","[{""copyright"":""pokemon"",""co_posts"":147,""character_coverage"":1.0},{""copyright"":""pokemon_legends:_arceus"",""co_posts"":92,""character_coverage"":0.62585},{""copyright"":""pokemon_masters_ex"",""co_posts"":4,""character_coverage"":0.027211},{""copyright"":""golden_kamuy"",""co_posts"":1,""character_coverage"":0.006803},{""copyright"":""pokemon_(anime)"",""co_posts"":1,""character_coverage"":0.006803}]","","","PENDING",""
"I70-016021","hiwatari_kanae","4","Character","152","","","","","氷渡香名江","","[{""copyright"":""gakuen_idolmaster"",""co_posts"":145,""character_coverage"":1.0},{""copyright"":""idolmaster"",""co_posts"":145,""character_coverage"":1.0},{""copyright"":""comiket_106"",""co_posts"":1,""character_coverage"":0.006897},{""copyright"":""garakuta_road_(idolmaster)"",""co_posts"":1,""character_coverage"":0.006897},{""copyright"":""gochuumon_wa_usagi_desu_ka?"",""co_posts"":1,""character_coverage"":0.006897}]","","","PENDING",""
"I70-016022","hizack","4","Character","152","","","","","RMS-106ハイザック","","[{""copyright"":""gundam"",""co_posts"":139,""character_coverage"":1.0},{""copyright"":""zeta_gundam"",""co_posts"":102,""character_coverage"":0.733813},{""copyright"":""advance_of_zeta"",""co_posts"":27,""character_coverage"":0.194245},{""copyright"":""original"",""co_posts"":25,""character_coverage"":0.179856},{""copyright"":""gundam_perfect_file"",""co_posts"":13,""character_coverage"":0.093525}]","","","PENDING",""
"I70-016023","huntail","4","Character","152","","","","","ハンテール","","[{""copyright"":""pokemon"",""co_posts"":143,""character_coverage"":1.0},{""copyright"":""pokemon_omega_ruby_and_alpha_sapphire"",""co_posts"":17,""character_coverage"":0.118881},{""copyright"":""pokemon_ruby/sapphire/emerald"",""co_posts"":16,""character_coverage"":0.111888},{""copyright"":""pokemon_(anime)"",""co_posts"":10,""character_coverage"":0.06993},{""copyright"":""pokemon_emerald"",""co_posts"":7,""character_coverage"":0.048951}]","","","PENDING",""
"I70-016024","ichigo_(mignon)","4","Character","152","ichigo-chan_(mignon)","ichigo-chan (mignon)","","","妹の友達いちごちゃん","","[{""copyright"":""original"",""co_posts"":149,""character_coverage"":0.993333},{""copyright"":""comic_anthurium"",""co_posts"":5,""character_coverage"":0.033333},{""copyright"":""comiket_104"",""co_posts"":1,""character_coverage"":0.006667}]","","","PENDING",""
"I70-016025","izumi_masamune","4","Character","152","","","","","和泉正宗","","[{""copyright"":""eromanga_sensei"",""co_posts"":141,""character_coverage"":1.0},{""copyright"":""ore_no_imouto_ga_konna_ni_kawaii_wake_ga_nai"",""co_posts"":5,""character_coverage"":0.035461},{""copyright"":""hoshikuzu_witch_meruru"",""co_posts"":4,""character_coverage"":0.028369},{""copyright"":""idolmaster"",""co_posts"":3,""character_coverage"":0.021277},{""copyright"":""idolmaster_cinderella_girls"",""co_posts"":2,""character_coverage"":0.014184}]","","","PENDING",""
"I70-016026","kafka_(arknights)","4","Character","152","","","","カフカ | カフカ(アークナイツ)","卡夫卡","","[{""copyright"":""arknights"",""co_posts"":148,""character_coverage"":1.0},{""copyright"":""a_deer_of_nine_colors"",""co_posts"":3,""character_coverage"":0.02027},{""copyright"":""rainbow_six_siege"",""co_posts"":3,""character_coverage"":0.02027},{""copyright"":""monster_hunter_(series)"",""co_posts"":2,""character_coverage"":0.013514},{""copyright"":""the_legend_of_luo_xiaohei"",""co_posts"":2,""character_coverage"":0.013514}]","","","PENDING",""
"I70-016027","kazami_kuku","4","Character","152","","","","","風見くく","","[{""copyright"":""nanashi_inc."",""co_posts"":151,""character_coverage"":1.0},{""copyright"":""nijisanji"",""co_posts"":7,""character_coverage"":0.046358},{""copyright"":""holostars"",""co_posts"":5,""character_coverage"":0.033113},{""copyright"":""indie_virtual_youtuber"",""co_posts"":4,""character_coverage"":0.02649},{""copyright"":"".live"",""co_posts"":1,""character_coverage"":0.006623}]","","","PENDING",""
"I70-016028","kitsugai_sese","4","Character","152","","","","","乞骸セセ","","[{""copyright"":""len'en"",""co_posts"":129,""character_coverage"":1.0},{""copyright"":""brilliant_pagoda_or_haze_castle"",""co_posts"":12,""character_coverage"":0.093023},{""copyright"":""reactivate_majestical_imperial"",""co_posts"":11,""character_coverage"":0.085271},{""copyright"":""earthen_miraculous_sword"",""co_posts"":6,""character_coverage"":0.046512},{""copyright"":""evanescent_existence"",""co_posts"":6,""character_coverage"":0.046512}]","","","PENDING",""
"I70-016029","kuro_the_divine_heir","4","Character","152","","","","","九郎 | 御子","","[{""copyright"":""sekiro:_shadows_die_twice"",""co_posts"":143,""character_coverage"":1.0},{""copyright"":""elden_ring"",""co_posts"":6,""character_coverage"":0.041958},{""copyright"":""fromsoftware"",""co_posts"":6,""character_coverage"":0.041958},{""copyright"":""dark_souls_(series)"",""co_posts"":3,""character_coverage"":0.020979},{""copyright"":""dark_souls_iii"",""co_posts"":3,""character_coverage"":0.020979}]","","","PENDING",""
"I70-016030","lyza_(made_in_abyss)","4","Character","152","","","","ライザ | 殲滅のライザ","","","[{""copyright"":""made_in_abyss"",""co_posts"":143,""character_coverage"":1.0},{""copyright"":""moomin"",""co_posts"":2,""character_coverage"":0.013986},{""copyright"":""original"",""co_posts"":2,""character_coverage"":0.013986},{""copyright"":""youjo_senki"",""co_posts"":2,""character_coverage"":0.013986},{""copyright"":""godzilla:_king_of_the_monsters"",""co_posts"":1,""character_coverage"":0.006993}]","","","PENDING",""
"I70-016031","madeleine_cookie","4","Character","152","","","","","マドレーヌ味クッキー","","[{""copyright"":""cookie_run"",""co_posts"":147,""character_coverage"":1.0},{""copyright"":""cookie_run:_kingdom"",""co_posts"":147,""character_coverage"":1.0},{""copyright"":""cookie_run:_ovenbreak"",""co_posts"":7,""character_coverage"":0.047619},{""copyright"":""genshin_impact"",""co_posts"":1,""character_coverage"":0.006803},{""copyright"":""honkai:_star_rail"",""co_posts"":1,""character_coverage"":0.006803}]","","","PENDING",""
"I70-016032","magician's_red","4","Character","152","","","","","マジシャンズレッド","","[{""copyright"":""jojo_no_kimyou_na_bouken"",""co_posts"":148,""character_coverage"":1.0},{""copyright"":""stardust_crusaders"",""co_posts"":136,""character_coverage"":0.918919},{""copyright"":""diamond_wa_kudakenai"",""co_posts"":11,""character_coverage"":0.074324},{""copyright"":""vento_aureo"",""co_posts"":10,""character_coverage"":0.067568},{""copyright"":""steel_ball_run"",""co_posts"":8,""character_coverage"":0.054054}]","","","PENDING",""
"I70-016033","marco_rossi","4","Character","152","","","","","マルコ・ロッシ","","[{""copyright"":""metal_slug"",""co_posts"":140,""character_coverage"":1.0},{""copyright"":""snk"",""co_posts"":9,""character_coverage"":0.064286},{""copyright"":""the_king_of_fighters"",""co_posts"":6,""character_coverage"":0.042857},{""copyright"":""fatal_fury"",""co_posts"":3,""character_coverage"":0.021429},{""copyright"":""gameoverse"",""co_posts"":3,""character_coverage"":0.021429}]","","","PENDING",""
"I70-016034","marina_(qipao)_(blue_archive)","4","Character","152","","","","池倉マリナ(チーパオ)","","","[{""copyright"":""blue_archive"",""co_posts"":150,""character_coverage"":1.0},{""copyright"":""comiket_105"",""co_posts"":2,""character_coverage"":0.013333},{""copyright"":""king_(vocaloid)"",""co_posts"":1,""character_coverage"":0.006667}]","","","PENDING",""
"I70-016035","matou_sakura_(fate/extra)","4","Character","152","","","","","間桐サクラ","","[{""copyright"":""fate_(series)"",""co_posts"":151,""character_coverage"":1.0},{""copyright"":""fate/extra"",""co_posts"":145,""character_coverage"":0.960265},{""copyright"":""fate/extra_ccc"",""co_posts"":110,""character_coverage"":0.728477},{""copyright"":""fate/stay_night"",""co_posts"":23,""character_coverage"":0.152318},{""copyright"":""fate/grand_order"",""co_posts"":19,""character_coverage"":0.125828}]","","","PENDING",""
"I70-016036","medusa_(jashin-chan_dropkick)","4","Character","152","","","","メデューサ | メデューサ(邪神ちゃんドロップキック)","","","[{""copyright"":""jashin-chan_dropkick"",""co_posts"":128,""character_coverage"":1.0},{""copyright"":""girls'_frontline"",""co_posts"":9,""character_coverage"":0.070312},{""copyright"":""clover_theater"",""co_posts"":5,""character_coverage"":0.039062},{""copyright"":""keroro_gunsou"",""co_posts"":2,""character_coverage"":0.015625},{""copyright"":""megami_magazine"",""co_posts"":2,""character_coverage"":0.015625}]","","","PENDING",""
"I70-016037","mimosa_vermillion","4","Character","152","","","","","ミモザ・ヴァーミリオン","","[{""copyright"":""black_clover"",""co_posts"":108,""character_coverage"":1.0},{""copyright"":""black_clover_m:_rise_of_the_wizard_king"",""co_posts"":12,""character_coverage"":0.111111},{""copyright"":""black_clover:_sword_of_the_wizard_king"",""co_posts"":2,""character_coverage"":0.018519},{""copyright"":""bleach"",""co_posts"":1,""character_coverage"":0.009259},{""copyright"":""bleach:_sennen_kessen-hen"",""co_posts"":1,""character_coverage"":0.009259}]","","","PENDING",""
"I70-016038","minase_inori","4","Character","152","","","","水瀬いのり","","","[{""copyright"":""gochuumon_wa_usagi_desu_ka?"",""co_posts"":81,""character_coverage"":0.578571},{""copyright"":""re:zero_kara_hajimeru_isekai_seikatsu"",""co_posts"":62,""character_coverage"":0.442857},{""copyright"":""dungeon_ni_deai_wo_motomeru_no_wa_machigatteiru_darou_ka"",""co_posts"":25,""character_coverage"":0.178571},{""copyright"":""sora_no_method"",""co_posts"":18,""character_coverage"":0.128571},{""copyright"":""go-toubun_no_hanayome"",""co_posts"":11,""character_coverage"":0.078571}]","","","PENDING",""
"I70-016039","minazuki_kyoko","4","Character","152","minazuki_kyouko","minazuki kyouko","","","水無月響子","","[{""copyright"":""justice_gakuen"",""co_posts"":135,""character_coverage"":1.0},{""copyright"":""shiritsu_justice_gakuen"",""co_posts"":60,""character_coverage"":0.444444},{""copyright"":""street_fighter"",""co_posts"":30,""character_coverage"":0.222222},{""copyright"":""darkstalkers"",""co_posts"":22,""character_coverage"":0.162963},{""copyright"":""capcom"",""co_posts"":17,""character_coverage"":0.125926}]","","","PENDING",""
"I70-016040","misaki_(princess_connect!)","4","Character","152","tamaizumi_misaki","tamaizumi misaki","","ミサキ | ミサキ(プリコネ)","玉泉美咲","","[{""copyright"":""princess_connect!"",""co_posts"":146,""character_coverage"":1.0},{""copyright"":""cygames"",""co_posts"":3,""character_coverage"":0.020548},{""copyright"":""idolmaster"",""co_posts"":2,""character_coverage"":0.013699},{""copyright"":""idolmaster_cinderella_girls"",""co_posts"":2,""character_coverage"":0.013699},{""copyright"":""dagashi_kashi"",""co_posts"":1,""character_coverage"":0.006849}]","","","PENDING",""
"I70-016041","monk_2_(sekaiju)","4","Character","152","","","","","モン子","","[{""copyright"":""sekaiju_no_meikyuu"",""co_posts"":100,""character_coverage"":1.0},{""copyright"":""sekaiju_no_meikyuu_3"",""co_posts"":97,""character_coverage"":0.97},{""copyright"":""sekaiju_no_meikyuu_2"",""co_posts"":4,""character_coverage"":0.04},{""copyright"":""sekaiju_no_meikyuu_1"",""co_posts"":2,""character_coverage"":0.02},{""copyright"":""atlus"",""co_posts"":1,""character_coverage"":0.01}]","","","PENDING",""
"I70-016042","natsumi_schwarz","4","Character","152","","","","","ナツミ・シュバルツ","","[{""copyright"":""re:zero_kara_hajimeru_isekai_seikatsu"",""co_posts"":128,""character_coverage"":1.0},{""copyright"":""re:zero_kara_ayamatsu_isekai_seikatsu"",""co_posts"":6,""character_coverage"":0.046875},{""copyright"":""re:zero_kara_tsugihagu_isekai_seikatsu"",""co_posts"":6,""character_coverage"":0.046875},{""copyright"":""re:zero_kara_kasaneru_isekai_seikatsu"",""co_posts"":5,""character_coverage"":0.039062},{""copyright"":""euphoria_(clockup)"",""co_posts"":1,""character_coverage"":0.007812}]","","","PENDING",""
"I70-016043","nishizumi_tsuneo","4","Character","152","","","","","西住常夫","","[{""copyright"":""girls_und_panzer"",""co_posts"":148,""character_coverage"":1.0},{""copyright"":""comiket_101"",""co_posts"":6,""character_coverage"":0.040541},{""copyright"":""comiket_99"",""co_posts"":1,""character_coverage"":0.006757},{""copyright"":""dragon_quest"",""co_posts"":1,""character_coverage"":0.006757},{""copyright"":""dragon_quest_v"",""co_posts"":1,""character_coverage"":0.006757}]","","","PENDING",""
"I70-016044","nuzleaf","4","Character","152","","","","","コノハナ","","[{""copyright"":""pokemon"",""co_posts"":136,""character_coverage"":1.0},{""copyright"":""pokemon_ruby/sapphire/emerald"",""co_posts"":26,""character_coverage"":0.191176},{""copyright"":""pokemon_mystery_dungeon"",""co_posts"":16,""character_coverage"":0.117647},{""copyright"":""pokemon_(anime)"",""co_posts"":12,""character_coverage"":0.088235},{""copyright"":""pokemon_emerald"",""co_posts"":9,""character_coverage"":0.066176}]","","","PENDING",""
"I70-016045","octopus_devil_(chainsaw_man)","4","Character","152","","","","蛸の悪魔","","","[{""copyright"":""chainsaw_man"",""co_posts"":146,""character_coverage"":1.0},{""copyright"":""abbey_road"",""co_posts"":2,""character_coverage"":0.013699},{""copyright"":""the_beatles"",""co_posts"":2,""character_coverage"":0.013699},{""copyright"":""jujutsu_kaisen"",""co_posts"":1,""character_coverage"":0.006849},{""copyright"":""original"",""co_posts"":1,""character_coverage"":0.006849}]","","","PENDING",""
"I70-016046","penelope_(hathaway's_flash)","4","Character","152","","","","","ペーネロペー","","[{""copyright"":""gundam"",""co_posts"":149,""character_coverage"":1.0},{""copyright"":""gundam:_hathaway's_flash"",""co_posts"":148,""character_coverage"":0.993289},{""copyright"":""sd_gundam"",""co_posts"":7,""character_coverage"":0.04698},{""copyright"":""original"",""co_posts"":6,""character_coverage"":0.040268},{""copyright"":""char's_counterattack"",""co_posts"":5,""character_coverage"":0.033557}]","","","PENDING",""
"I70-016047","pidge_gunderson","4","Character","152","","","","","ピッジガンダーソン","","[{""copyright"":""voltron:_legendary_defender"",""co_posts"":136,""character_coverage"":1.0},{""copyright"":""voltron_(series)"",""co_posts"":136,""character_coverage"":1.0},{""copyright"":""netflix"",""co_posts"":4,""character_coverage"":0.029412},{""copyright"":""avatar:_the_last_airbender"",""co_posts"":3,""character_coverage"":0.022059},{""copyright"":""avatar_legends"",""co_posts"":3,""character_coverage"":0.022059}]","","","PENDING",""
"I70-016048","proton_(pokemon)","4","Character","152","","","","","ランス(ポケモン)","","[{""copyright"":""pokemon"",""co_posts"":146,""character_coverage"":1.0},{""copyright"":""pokemon_heartgold_and_soulsilver"",""co_posts"":142,""character_coverage"":0.972603},{""copyright"":""pokemon_firered_and_leafgreen"",""co_posts"":15,""character_coverage"":0.10274},{""copyright"":""pokemon_red/green/blue/yellow"",""co_posts"":14,""character_coverage"":0.09589},{""copyright"":""pokemon_masters_ex"",""co_posts"":12,""character_coverage"":0.082192}]","","","PENDING",""
"I70-016049","queen_(deltarune)","4","Character","152","","","","","","","[{""copyright"":""deltarune"",""co_posts"":127,""character_coverage"":1.0},{""copyright"":""utdr_(toby_fox)"",""co_posts"":127,""character_coverage"":1.0},{""copyright"":""undertale"",""co_posts"":7,""character_coverage"":0.055118},{""copyright"":""pokemon"",""co_posts"":3,""character_coverage"":0.023622},{""copyright"":""ace_attorney"",""co_posts"":2,""character_coverage"":0.015748}]","","","PENDING",""
"I70-016050","racing_miku_(2025)","4","Character","152","","","","","レーシングミク2025","","[{""copyright"":""vocaloid"",""co_posts"":137,""character_coverage"":1.0},{""copyright"":""goodsmile_company"",""co_posts"":136,""character_coverage"":0.992701},{""copyright"":""goodsmile_racing"",""co_posts"":136,""character_coverage"":0.992701},{""copyright"":""super_gt"",""co_posts"":5,""character_coverage"":0.036496},{""copyright"":""magical_mirai_(vocaloid)"",""co_posts"":3,""character_coverage"":0.021898}]","","","PENDING",""
"I70-016051","reco","4","Character","152","","","","","レコ","","[{""copyright"":""mushihimesama"",""co_posts"":141,""character_coverage"":0.992958},{""copyright"":""mushihimesama_futari"",""co_posts"":62,""character_coverage"":0.43662},{""copyright"":""donpachi_(series)"",""co_posts"":3,""character_coverage"":0.021127},{""copyright"":""touhou"",""co_posts"":3,""character_coverage"":0.021127},{""copyright"":""darius_(series)"",""co_posts"":2,""character_coverage"":0.014085}]","","","PENDING",""
"I70-016052","rellana_twin_moon_knight","4","Character","152","","","","双月の騎士レラーナ","","","[{""copyright"":""elden_ring"",""co_posts"":146,""character_coverage"":1.0},{""copyright"":""elden_ring:_shadow_of_the_erdtree"",""co_posts"":145,""character_coverage"":0.993151},{""copyright"":""danganronpa_(series)"",""co_posts"":1,""character_coverage"":0.006849},{""copyright"":""danganronpa_2:_goodbye_despair"",""co_posts"":1,""character_coverage"":0.006849},{""copyright"":""dark_souls_(series)"",""co_posts"":1,""character_coverage"":0.006849}]","","","PENDING",""
"I70-016053","rinkah_(fire_emblem)","4","Character","152","rinka_(fire_emblem_if)","rinka (fire emblem if)","","","リンカ(FEif)","","[{""copyright"":""fire_emblem"",""co_posts"":129,""character_coverage"":1.0},{""copyright"":""fire_emblem_fates"",""co_posts"":129,""character_coverage"":1.0},{""copyright"":""fire_emblem_heroes"",""co_posts"":25,""character_coverage"":0.193798},{""copyright"":""fire_emblem_awakening"",""co_posts"":4,""character_coverage"":0.031008},{""copyright"":""fire_emblem:_path_of_radiance"",""co_posts"":3,""character_coverage"":0.023256}]","","","PENDING",""
"I70-016054","rotom_(heat)","4","Character","152","","","","","ヒートロトム","","[{""copyright"":""pokemon"",""co_posts"":148,""character_coverage"":1.0},{""copyright"":""pokemon_scarlet_and_violet"",""co_posts"":11,""character_coverage"":0.074324},{""copyright"":""pokemon_diamond/pearl/platinum"",""co_posts"":10,""character_coverage"":0.067568},{""copyright"":""pokemon_(anime)"",""co_posts"":8,""character_coverage"":0.054054},{""copyright"":""pokemon_sun_and_moon"",""co_posts"":6,""character_coverage"":0.040541}]","","","PENDING",""
"I70-016055","saionji_reimi","4","Character","152","","","","","レイミ・サイオンジ","","[{""copyright"":""star_ocean"",""co_posts"":128,""character_coverage"":1.0},{""copyright"":""star_ocean:_the_last_hope"",""co_posts"":127,""character_coverage"":0.992188},{""copyright"":""star_ocean:_anamnesis"",""co_posts"":33,""character_coverage"":0.257812},{""copyright"":""star_ocean:_till_the_end_of_time"",""co_posts"":16,""character_coverage"":0.125},{""copyright"":""star_ocean:_first_departure"",""co_posts"":11,""character_coverage"":0.085938}]","","","PENDING",""
"I70-016056","tallinn_(azur_lane)","4","Character","152","","","","タリン | タリン(アズールレーン)","塔林","","[{""copyright"":""azur_lane"",""co_posts"":139,""character_coverage"":1.0},{""copyright"":""azur_lane:_slow_ahead"",""co_posts"":3,""character_coverage"":0.021583},{""copyright"":""john_wick"",""co_posts"":1,""character_coverage"":0.007194}]","","","PENDING",""
"I70-016057","tamaki_(princess_connect!)","4","Character","152","miyasaka_tamaki","miyasaka tamaki","","タマキ | タマキ(プリコネ) | 宮坂たまき","","","[{""copyright"":""princess_connect!"",""co_posts"":148,""character_coverage"":1.0},{""copyright"":""cygames"",""co_posts"":7,""character_coverage"":0.047297}]","","","PENDING",""
"I70-016058","tendou_souun","4","Character","152","tendo_souun","tendo souun","","","天道そううん","","[{""copyright"":""ranma_1/2"",""co_posts"":141,""character_coverage"":1.0},{""copyright"":""animedia"",""co_posts"":3,""character_coverage"":0.021277},{""copyright"":""urusei_yatsura"",""co_posts"":3,""character_coverage"":0.021277},{""copyright"":""animage"",""co_posts"":2,""character_coverage"":0.014184},{""copyright"":""maison_ikkoku"",""co_posts"":2,""character_coverage"":0.014184}]","","","PENDING",""
"I70-016059","traptrix_pinguicula","4","Character","152","","","","","シトリスの蟲惑魔","","[{""copyright"":""yu-gi-oh!"",""co_posts"":141,""character_coverage"":1.0},{""copyright"":""black_souls"",""co_posts"":2,""character_coverage"":0.014184},{""copyright"":""yu-gi-oh!_master_duel"",""co_posts"":1,""character_coverage"":0.007092},{""copyright"":""yu-gi-oh!_rush_duel"",""co_posts"":1,""character_coverage"":0.007092}]","","","PENDING",""
"I70-016060","tsumire_(takane_lui)","4","Character","152","","","","","ツミア（タカネルイ）","","[{""copyright"":""hololive"",""co_posts"":147,""character_coverage"":1.0},{""copyright"":""hololive_indonesia"",""co_posts"":8,""character_coverage"":0.054422},{""copyright"":""hololive_english"",""co_posts"":7,""character_coverage"":0.047619},{""copyright"":""tengen_toppa_gurren_lagann"",""co_posts"":4,""character_coverage"":0.027211},{""copyright"":""minecraft"",""co_posts"":2,""character_coverage"":0.013605}]","","","PENDING",""
"I70-016061","tsunomaki_watame_(loungewear)","4","Character","152","tsunomaki_watame_(5th_costume)","tsunomaki watame (5th costume)","","","","","[{""copyright"":""hololive"",""co_posts"":151,""character_coverage"":1.0},{""copyright"":""hololive_english"",""co_posts"":4,""character_coverage"":0.02649},{""copyright"":""indie_virtual_youtuber"",""co_posts"":3,""character_coverage"":0.019868},{""copyright"":""hololive_dev_is"",""co_posts"":1,""character_coverage"":0.006623},{""copyright"":""hololive_indonesia"",""co_posts"":1,""character_coverage"":0.006623}]","","","PENDING",""
"I70-016062","uka-no-mitama-no-kami_(inakon)","4","Character","152","uka_(inakon),uka-no-mitama-no-kami_(inari),uka_(inari)","uka (inakon) | uka (inari) | uka-no-mitama-no-kami (inari)","","うか様","宇迦之御魂神","","[{""copyright"":""inari_konkon_koi_iroha."",""co_posts"":151,""character_coverage"":1.0},{""copyright"":""nyantype"",""co_posts"":2,""character_coverage"":0.013245},{""copyright"":""comiket_85"",""co_posts"":1,""character_coverage"":0.006623},{""copyright"":""precure"",""co_posts"":1,""character_coverage"":0.006623},{""copyright"":""suite_precure"",""co_posts"":1,""character_coverage"":0.006623}]","","","PENDING",""
"I70-016063","umatachi_tsugumi","4","Character","152","","","","","馬立ツグミ","","[{""copyright"":""len'en"",""co_posts"":122,""character_coverage"":1.0},{""copyright"":""brilliant_pagoda_or_haze_castle"",""co_posts"":11,""character_coverage"":0.090164},{""copyright"":""reactivate_majestical_imperial"",""co_posts"":10,""character_coverage"":0.081967},{""copyright"":""earthen_miraculous_sword"",""co_posts"":6,""character_coverage"":0.04918},{""copyright"":""evanescent_existence"",""co_posts"":6,""character_coverage"":0.04918}]","","","PENDING",""
"I70-016064","umegiri_iroha","4","Character","152","dj_iroha,iroha_(beatmania_iidx)","dj iroha | iroha (beatmania iidx)","","","梅桐彩葉","","[{""copyright"":""beatmania_iidx"",""co_posts"":146,""character_coverage"":1.0},{""copyright"":""bemani"",""co_posts"":146,""character_coverage"":1.0},{""copyright"":""beatmania_iidx_14_gold"",""co_posts"":7,""character_coverage"":0.047945},{""copyright"":""ore_no_imouto_ga_konna_ni_kawaii_wake_ga_nai"",""co_posts"":3,""character_coverage"":0.020548},{""copyright"":""pop'n_music"",""co_posts"":3,""character_coverage"":0.020548}]","","","PENDING",""
"I70-016065","verdandi_(fate)","4","Character","152","kijimuna_(fate)","kijimuna (fate)","","","キジムナー(Fate)","","[]","","","PENDING",""
"I70-016066","vueko","4","Character","152","","","","ヴエコ | ヴエロエルコ","","","[{""copyright"":""made_in_abyss"",""co_posts"":150,""character_coverage"":1.0},{""copyright"":""barbie_(franchise)"",""co_posts"":1,""character_coverage"":0.006667},{""copyright"":""barbie_(live_action)"",""co_posts"":1,""character_coverage"":0.006667},{""copyright"":""blank_room_soup"",""co_posts"":1,""character_coverage"":0.006667},{""copyright"":""boku_no_hero_academia"",""co_posts"":1,""character_coverage"":0.006667}]","","","PENDING",""
"I70-016067","watanuki_kimihiro","4","Character","152","","","","","四月一日君尋","","[{""copyright"":""xxxholic"",""co_posts"":142,""character_coverage"":1.0},{""copyright"":""cardcaptor_sakura"",""co_posts"":12,""character_coverage"":0.084507},{""copyright"":""tsubasa_chronicle"",""co_posts"":9,""character_coverage"":0.06338},{""copyright"":""chobits"",""co_posts"":6,""character_coverage"":0.042254},{""copyright"":""magic_knight_rayearth"",""co_posts"":4,""character_coverage"":0.028169}]","","","PENDING",""
"I70-016068","wei_wuxian_(yunmeng_clan)","4","Character","152","","","","","","","[{""copyright"":""grandmaster_of_demonic_cultivation"",""co_posts"":152,""character_coverage"":1.0}]","","","PENDING",""
"I70-016069","wyrdeer","4","Character","152","","","","","アヤシシ","","[{""copyright"":""pokemon"",""co_posts"":148,""character_coverage"":1.0},{""copyright"":""pokemon_legends:_arceus"",""co_posts"":97,""character_coverage"":0.655405},{""copyright"":""golden_kamuy"",""co_posts"":3,""character_coverage"":0.02027},{""copyright"":""final_fantasy"",""co_posts"":1,""character_coverage"":0.006757},{""copyright"":""final_fantasy_xiv"",""co_posts"":1,""character_coverage"":0.006757}]","","","PENDING",""
"I70-016070","yamanbagiri_chougi","4","Character","152","","","","","山姥切長義","","[{""copyright"":""touken_ranbu"",""co_posts"":148,""character_coverage"":1.0},{""copyright"":""yuri!!!_on_ice"",""co_posts"":4,""character_coverage"":0.027027},{""copyright"":""touken_ranbu:_hanamaru"",""co_posts"":2,""character_coverage"":0.013514},{""copyright"":""alice's_adventures_in_wonderland"",""co_posts"":1,""character_coverage"":0.006757},{""copyright"":""blue_archive"",""co_posts"":1,""character_coverage"":0.006757}]","","","PENDING",""
"I70-016071","yaotome_tsuyako_(yunamaro)","4","Character","152","","","","","","","[{""copyright"":""original"",""co_posts"":144,""character_coverage"":1.0},{""copyright"":""comiket_105"",""co_posts"":1,""character_coverage"":0.006944}]","","","PENDING",""
"I70-016072","yuki_(chaos_zero_nightmare)","4","Character","152","","","","","ユキ(カオスゼロナイトメア)","","[{""copyright"":""chaos_zero_nightmare"",""co_posts"":147,""character_coverage"":1.0},{""copyright"":""the_shining"",""co_posts"":1,""character_coverage"":0.006803}]","","","PENDING",""
"I70-016073","yuuki_(shibou_yuugi)","4","Character","152","","","","","幽鬼(死亡遊戯で飯を食う。)","","[{""copyright"":""shibou_yuugi_de_meshi_wo_kuu."",""co_posts"":135,""character_coverage"":1.0},{""copyright"":""megami_magazine"",""co_posts"":3,""character_coverage"":0.022222},{""copyright"":""meitantei_precure!"",""co_posts"":3,""character_coverage"":0.022222},{""copyright"":""precure"",""co_posts"":3,""character_coverage"":0.022222},{""copyright"":""newtype"",""co_posts"":1,""character_coverage"":0.007407}]","","","PENDING",""
"I70-016074","zatsune_miku","4","Character","152","","","","","雑音ミク","","[{""copyright"":""vocaloid"",""co_posts"":142,""character_coverage"":1.0},{""copyright"":""black_rock_shooter"",""co_posts"":17,""character_coverage"":0.119718},{""copyright"":""utau"",""co_posts"":12,""character_coverage"":0.084507},{""copyright"":""original"",""co_posts"":5,""character_coverage"":0.035211},{""copyright"":""sonic_(series)"",""co_posts"":4,""character_coverage"":0.028169}]","","","PENDING",""
"I70-016075","zero_(kirby)","4","Character","152","","","","","ゼロ(カービィ)","","[{""copyright"":""kirby_(series)"",""co_posts"":143,""character_coverage"":1.0},{""copyright"":""kirby's_dream_land_3"",""co_posts"":98,""character_coverage"":0.685315},{""copyright"":""kirby_64"",""co_posts"":52,""character_coverage"":0.363636},{""copyright"":""kirby:_squeak_squad"",""co_posts"":35,""character_coverage"":0.244755},{""copyright"":""kirby's_dream_land_2"",""co_posts"":33,""character_coverage"":0.230769}]","","","PENDING",""
"I70-016076","admiral_graf_spee_(peaceful_daily_life)_(azur_lane)","4","Character","151","","","","平穏な毎日","平和的每一天","","[{""copyright"":""azur_lane"",""co_posts"":149,""character_coverage"":1.0},{""copyright"":""azur_lane:_slow_ahead"",""co_posts"":1,""character_coverage"":0.006711}]","","","PENDING",""
"I70-016077","akekuri_(arknights)","4","Character","151","","","","","アケクリ(エンドフィールド)","","[{""copyright"":""arknights"",""co_posts"":133,""character_coverage"":1.0},{""copyright"":""arknights:_endfield"",""co_posts"":133,""character_coverage"":1.0},{""copyright"":""blue_archive"",""co_posts"":1,""character_coverage"":0.007519},{""copyright"":""fullmetal_alchemist"",""co_posts"":1,""character_coverage"":0.007519},{""copyright"":""metal_gear_(series)"",""co_posts"":1,""character_coverage"":0.007519}]","","","PENDING",""
"I70-016078","akimichi_chouchou","4","Character","151","","","","","秋道チョウチョウ","","[{""copyright"":""naruto_(series)"",""co_posts"":116,""character_coverage"":1.0},{""copyright"":""boruto_(series)"",""co_posts"":97,""character_coverage"":0.836207},{""copyright"":""boruto:_naruto_next_generations"",""co_posts"":77,""character_coverage"":0.663793},{""copyright"":""naruto_(classic)"",""co_posts"":34,""character_coverage"":0.293103},{""copyright"":""boruto:_two_blue_vortex"",""co_posts"":14,""character_coverage"":0.12069}]","","","PENDING",""
"I70-016079","alcremie_(love_sweet)","4","Character","151","","","","","ハートアメざいくマホイップ","","[{""copyright"":""pokemon"",""co_posts"":148,""character_coverage"":1.0},{""copyright"":""pokemon_sword_and_shield"",""co_posts"":18,""character_coverage"":0.121622},{""copyright"":""idolmaster"",""co_posts"":6,""character_coverage"":0.040541},{""copyright"":""idolmaster_shiny_colors"",""co_posts"":6,""character_coverage"":0.040541},{""copyright"":""pokemon_scarlet_and_violet"",""co_posts"":5,""character_coverage"":0.033784}]","","","PENDING",""
"I70-016080","amy_sorel","4","Character","151","","","","","エイミ・ソレル","","[{""copyright"":""soulcalibur"",""co_posts"":127,""character_coverage"":1.0},{""copyright"":""soulcalibur_iv"",""co_posts"":48,""character_coverage"":0.377953},{""copyright"":""soulcalibur_vi"",""co_posts"":37,""character_coverage"":0.291339},{""copyright"":""soulcalibur_iii"",""co_posts"":13,""character_coverage"":0.102362},{""copyright"":""dead_or_alive"",""co_posts"":3,""character_coverage"":0.023622}]","","","PENDING",""
"I70-016081","antonina_(neural_cloud)","4","Character","151","","","","アントニーナ(ニューラルクラウド)","安冬妮娜 | 安冬妮娜(云图计划)","","[{""copyright"":""girls'_frontline"",""co_posts"":147,""character_coverage"":1.0},{""copyright"":""girls'_frontline_neural_cloud"",""co_posts"":147,""character_coverage"":1.0},{""copyright"":""science_adventure"",""co_posts"":5,""character_coverage"":0.034014},{""copyright"":""steins;gate"",""co_posts"":5,""character_coverage"":0.034014},{""copyright"":""girls'_frontline_2:_exilium"",""co_posts"":4,""character_coverage"":0.027211}]","","","PENDING",""
"I70-016082","aranea_highwind","4","Character","151","","","","","アラネア","","[{""copyright"":""final_fantasy"",""co_posts"":109,""character_coverage"":1.0},{""copyright"":""final_fantasy_xv"",""co_posts"":109,""character_coverage"":1.0},{""copyright"":""final_fantasy_iv"",""co_posts"":6,""character_coverage"":0.055046},{""copyright"":""final_fantasy_ix"",""co_posts"":6,""character_coverage"":0.055046},{""copyright"":""final_fantasy_vii"",""co_posts"":6,""character_coverage"":0.055046}]","","","PENDING",""
"I70-016083","arisawa_tatsuki","4","Character","151","","","","","有沢竜貴","","[{""copyright"":""bleach"",""co_posts"":121,""character_coverage"":1.0},{""copyright"":""bleach:_sennen_kessen-hen"",""co_posts"":4,""character_coverage"":0.033058},{""copyright"":""hentai_key"",""co_posts"":4,""character_coverage"":0.033058},{""copyright"":""alien_stage"",""co_posts"":1,""character_coverage"":0.008264},{""copyright"":""avatar_legends"",""co_posts"":1,""character_coverage"":0.008264}]","","","PENDING",""
"I70-016084","armored_aircraft_carrier_princess","4","Character","151","armored_aircraft_carrier_hime","armored aircraft carrier hime","","","装甲空母姫","","[{""copyright"":""kantai_collection"",""co_posts"":146,""character_coverage"":1.0},{""copyright"":""aoki_hagane_no_arpeggio"",""co_posts"":2,""character_coverage"":0.013699},{""copyright"":""kamen_rider"",""co_posts"":2,""character_coverage"":0.013699},{""copyright"":""futari_wa_precure"",""co_posts"":1,""character_coverage"":0.006849},{""copyright"":""gundam"",""co_posts"":1,""character_coverage"":0.006849}]","","","PENDING",""
"I70-016085","auron","4","Character","151","","","","","アーロン","","[{""copyright"":""final_fantasy"",""co_posts"":131,""character_coverage"":1.0},{""copyright"":""final_fantasy_x"",""co_posts"":130,""character_coverage"":0.992366},{""copyright"":""final_fantasy_vii"",""co_posts"":13,""character_coverage"":0.099237},{""copyright"":""dissidia_final_fantasy"",""co_posts"":12,""character_coverage"":0.091603},{""copyright"":""final_fantasy_ix"",""co_posts"":11,""character_coverage"":0.083969}]","","","PENDING",""
"I70-016086","avrora_(azur_lane)","4","Character","151","","","","アウロラ(アズールレーン) | アヴローラ(アズールレーン)","阿芙乐尔(碧蓝航线)","","[{""copyright"":""azur_lane"",""co_posts"":137,""character_coverage"":1.0},{""copyright"":""azur_lane:_slow_ahead"",""co_posts"":3,""character_coverage"":0.021898},{""copyright"":""fire_emblem"",""co_posts"":2,""character_coverage"":0.014599},{""copyright"":""fire_emblem_heroes"",""co_posts"":2,""character_coverage"":0.014599},{""copyright"":""grand_theft_auto"",""co_posts"":2,""character_coverage"":0.014599}]","","","PENDING",""
"I70-016087","cacodemon","4","Character","151","","","","","カコデーモン","","[{""copyright"":""doom_(series)"",""co_posts"":123,""character_coverage"":1.0},{""copyright"":""doom_eternal"",""co_posts"":35,""character_coverage"":0.284553},{""copyright"":""doom_ii"",""co_posts"":16,""character_coverage"":0.130081},{""copyright"":""doom_(2016)"",""co_posts"":10,""character_coverage"":0.081301},{""copyright"":""doom_i"",""co_posts"":8,""character_coverage"":0.065041}]","","","PENDING",""
"I70-016088","chelsea_(akame_ga_kill!)","4","Character","151","","","","","チェルシー(アカメが斬る!)","","[{""copyright"":""akame_ga_kill!"",""co_posts"":133,""character_coverage"":1.0},{""copyright"":""clannad"",""co_posts"":2,""character_coverage"":0.015038},{""copyright"":""divine_gate"",""co_posts"":2,""character_coverage"":0.015038},{""copyright"":""fairy_tail"",""co_posts"":2,""character_coverage"":0.015038},{""copyright"":""fate_(series)"",""co_posts"":2,""character_coverage"":0.015038}]","","","PENDING",""
"I70-016089","chloe_valens","4","Character","151","","","","","クロエ・ヴァレンス","","[{""copyright"":""tales_of_(series)"",""co_posts"":123,""character_coverage"":1.0},{""copyright"":""tales_of_legendia"",""co_posts"":123,""character_coverage"":1.0},{""copyright"":""tales_of_the_abyss"",""co_posts"":16,""character_coverage"":0.130081},{""copyright"":""tales_of_vesperia"",""co_posts"":16,""character_coverage"":0.130081},{""copyright"":""tales_of_symphonia"",""co_posts"":14,""character_coverage"":0.113821}]","","","PENDING",""
"I70-016090","chuu_totoro","4","Character","151","","","","","中トトロ","","[{""copyright"":""tonari_no_totoro"",""co_posts"":149,""character_coverage"":1.0},{""copyright"":""studio_ghibli"",""co_posts"":61,""character_coverage"":0.409396},{""copyright"":""majo_no_takkyuubin"",""co_posts"":29,""character_coverage"":0.194631},{""copyright"":""sen_to_chihiro_no_kamikakushi"",""co_posts"":25,""character_coverage"":0.167785},{""copyright"":""mononoke_hime"",""co_posts"":23,""character_coverage"":0.154362}]","","","PENDING",""
"I70-016091","discordia_(vtuber)","4","Character","151","","","","","","","[{""copyright"":""indie_virtual_youtuber"",""co_posts"":101,""character_coverage"":0.834711},{""copyright"":""vfleet"",""co_posts"":21,""character_coverage"":0.173554},{""copyright"":""helldivers_(series)"",""co_posts"":2,""character_coverage"":0.016529},{""copyright"":""blade_runner_(series)"",""co_posts"":1,""character_coverage"":0.008264},{""copyright"":""blade_runner_2049"",""co_posts"":1,""character_coverage"":0.008264}]","","","PENDING",""
"I70-016092","egnigem_cenia","4","Character","151","","","","","イグニゼム=セニア","","[{""copyright"":""ragnarok_online"",""co_posts"":151,""character_coverage"":1.0},{""copyright"":""ragnarok_masters"",""co_posts"":22,""character_coverage"":0.145695},{""copyright"":""durarara!!"",""co_posts"":3,""character_coverage"":0.019868},{""copyright"":""mahou_shoujo_madoka_magica"",""co_posts"":3,""character_coverage"":0.019868},{""copyright"":""mahou_shoujo_madoka_magica_(anime)"",""co_posts"":3,""character_coverage"":0.019868}]","","","PENDING",""
"I70-016093","estelle_(arknights)","4","Character","151","","","","エステル | エステル(アークナイツ)","艾丝黛尔","","[{""copyright"":""arknights"",""co_posts"":144,""character_coverage"":1.0},{""copyright"":""a_deer_of_nine_colors"",""co_posts"":4,""character_coverage"":0.027778},{""copyright"":""rainbow_six_siege"",""co_posts"":4,""character_coverage"":0.027778},{""copyright"":""arknights:_endfield"",""co_posts"":2,""character_coverage"":0.013889},{""copyright"":""fate_(series)"",""co_posts"":2,""character_coverage"":0.013889}]","","","PENDING",""
"I70-016094","fluttershy_(equestria_girls)","4","Character","151","","","","","フラタシャイ","","[{""copyright"":""my_little_pony"",""co_posts"":116,""character_coverage"":1.0},{""copyright"":""my_little_pony:_equestria_girls"",""co_posts"":116,""character_coverage"":1.0},{""copyright"":""my_little_pony:_friendship_is_magic"",""co_posts"":116,""character_coverage"":1.0},{""copyright"":""equestria_girls:_better_together"",""co_posts"":18,""character_coverage"":0.155172},{""copyright"":""equestria_girls:_rainbow_rocks"",""co_posts"":3,""character_coverage"":0.025862}]","","","PENDING",""
"I70-016095","fugee_(granblue_fantasy)","4","Character","151","","","","","fugee（Granblueファンタジー）","","[{""copyright"":""granblue_fantasy"",""co_posts"":149,""character_coverage"":1.0},{""copyright"":""granblue_fantasy_versus"",""co_posts"":6,""character_coverage"":0.040268},{""copyright"":""guilty_gear"",""co_posts"":2,""character_coverage"":0.013423},{""copyright"":""guilty_gear_xrd"",""co_posts"":2,""character_coverage"":0.013423},{""copyright"":""arc_system_works"",""co_posts"":1,""character_coverage"":0.006711}]","","","PENDING",""
"I70-016096","goldenglow_(party_in_the_garden)_(arknights)","4","Character","151","","","","","","","[{""copyright"":""arknights"",""co_posts"":146,""character_coverage"":1.0},{""copyright"":""sanrio"",""co_posts"":72,""character_coverage"":0.493151},{""copyright"":""hello_kitty"",""co_posts"":70,""character_coverage"":0.479452},{""copyright"":""fuwa_fuwa_cinnamoroll"",""co_posts"":5,""character_coverage"":0.034247},{""copyright"":""my_melody_(series)"",""co_posts"":5,""character_coverage"":0.034247}]","","","PENDING",""
"I70-016097","harai_kuko","4","Character","151","harai_kuuko,harai_kuukou","harai kuuko | harai kuukou","","","波羅夷空却","","[{""copyright"":""hypnosis_mic"",""co_posts"":149,""character_coverage"":1.0},{""copyright"":""my_melody_(series)"",""co_posts"":3,""character_coverage"":0.020134},{""copyright"":""sanrio"",""co_posts"":3,""character_coverage"":0.020134},{""copyright"":""gintama"",""co_posts"":2,""character_coverage"":0.013423},{""copyright"":""hypnosis_mic:_rule_the_stage"",""co_posts"":2,""character_coverage"":0.013423}]","","","PENDING",""
"I70-016098","hazama_michio","4","Character","151","","","","","硲道夫","","[{""copyright"":""idolmaster"",""co_posts"":147,""character_coverage"":1.0},{""copyright"":""idolmaster_side-m"",""co_posts"":146,""character_coverage"":0.993197},{""copyright"":""idolmaster_side-m_growing_stars"",""co_posts"":17,""character_coverage"":0.115646},{""copyright"":""idolmaster_cinderella_girls"",""co_posts"":10,""character_coverage"":0.068027},{""copyright"":""idolmaster_(classic)"",""co_posts"":7,""character_coverage"":0.047619}]","","","PENDING",""
"I70-016099","hirasawa_susumu","4","Character","151","","","","","平沢進","","[{""copyright"":""real_life"",""co_posts"":89,""character_coverage"":0.635714},{""copyright"":""touhou"",""co_posts"":34,""character_coverage"":0.242857},{""copyright"":""cookie_(touhou)"",""co_posts"":25,""character_coverage"":0.178571},{""copyright"":""k-on!"",""co_posts"":24,""character_coverage"":0.171429},{""copyright"":""original"",""co_posts"":6,""character_coverage"":0.042857}]","","","PENDING",""
"I70-016100","honshou_aru","4","Character","151","","","","","本庄アル","","[{""copyright"":""hitoribocchi_no_marumaru_seikatsu"",""co_posts"":127,""character_coverage"":1.0},{""copyright"":""mitsuboshi_colors"",""co_posts"":2,""character_coverage"":0.015748},{""copyright"":""bocchi_the_rock!"",""co_posts"":1,""character_coverage"":0.007874},{""copyright"":""comiket_96"",""co_posts"":1,""character_coverage"":0.007874},{""copyright"":""final_fantasy"",""co_posts"":1,""character_coverage"":0.007874}]","","","PENDING",""
"I70-016101","ice_pikmin","4","Character","151","","","","","氷ピクミン","","[{""copyright"":""pikmin_(series)"",""co_posts"":143,""character_coverage"":1.0},{""copyright"":""pikmin_4"",""co_posts"":95,""character_coverage"":0.664336},{""copyright"":""vocaloid"",""co_posts"":4,""character_coverage"":0.027972},{""copyright"":""pokemon"",""co_posts"":3,""character_coverage"":0.020979},{""copyright"":""the_legend_of_zelda"",""co_posts"":2,""character_coverage"":0.013986}]","","","PENDING",""
"I70-016102","iihara_nao","4","Character","151","","","","飯井原なお","","","[{""copyright"":""resort_boin"",""co_posts"":75,""character_coverage"":0.614754},{""copyright"":""boin"",""co_posts"":50,""character_coverage"":0.409836}]","","","PENDING",""
"I70-016103","imari_youko","4","Character","151","","","","","伊万里曜子","","[{""copyright"":""ruri_no_houseki"",""co_posts"":138,""character_coverage"":1.0},{""copyright"":""dragon_quest"",""co_posts"":3,""character_coverage"":0.021739},{""copyright"":""dragon_quest_iii"",""co_posts"":3,""character_coverage"":0.021739},{""copyright"":""ben_10"",""co_posts"":1,""character_coverage"":0.007246},{""copyright"":""deathsmiles"",""co_posts"":1,""character_coverage"":0.007246}]","","","PENDING",""
"I70-016104","kagenui_yozuru","4","Character","151","","","","","余弦の日 | 影縫余弦","","[{""copyright"":""monogatari_(series)"",""co_posts"":145,""character_coverage"":1.0},{""copyright"":""nisemonogatari"",""co_posts"":54,""character_coverage"":0.372414},{""copyright"":""bakemonogatari"",""co_posts"":13,""character_coverage"":0.089655},{""copyright"":""kizumonogatari"",""co_posts"":3,""character_coverage"":0.02069},{""copyright"":""owarimonogatari"",""co_posts"":3,""character_coverage"":0.02069}]","","","PENDING",""
"I70-016105","kamek","4","Character","151","","","","","カメック","","[{""copyright"":""mario_(series)"",""co_posts"":143,""character_coverage"":1.0},{""copyright"":""new_super_mario_bros._u_deluxe"",""co_posts"":32,""character_coverage"":0.223776},{""copyright"":""paper_mario_(series)"",""co_posts"":31,""character_coverage"":0.216783},{""copyright"":""paper_mario:_the_origami_king"",""co_posts"":26,""character_coverage"":0.181818},{""copyright"":""mario_&_luigi_rpg"",""co_posts"":14,""character_coverage"":0.097902}]","","","PENDING",""
"I70-016106","kamiki_izumo","4","Character","151","","","","","神木出雲","","[{""copyright"":""ao_no_exorcist"",""co_posts"":147,""character_coverage"":1.0},{""copyright"":""animage"",""co_posts"":2,""character_coverage"":0.013605},{""copyright"":""mahou_shoujo_madoka_magica"",""co_posts"":1,""character_coverage"":0.006803},{""copyright"":""mahou_shoujo_madoka_magica_(anime)"",""co_posts"":1,""character_coverage"":0.006803},{""copyright"":""ore_no_imouto_ga_konna_ni_kawaii_wake_ga_nai"",""co_posts"":1,""character_coverage"":0.006803}]","","","PENDING",""
"I70-016107","karin_(vrchat)","4","Character","151","","","","","カリン","","[{""copyright"":""vrchat"",""co_posts"":142,""character_coverage"":1.0},{""copyright"":""original"",""co_posts"":11,""character_coverage"":0.077465},{""copyright"":""instagram"",""co_posts"":1,""character_coverage"":0.007042},{""copyright"":""pokemon"",""co_posts"":1,""character_coverage"":0.007042}]","","","PENDING",""
"I70-016108","karma_(league)","4","Character","151","karma_(league_of_legends)","karma (league of legends)","","","カルマ（リーグオブレジェンド）","","[{""copyright"":""league_of_legends"",""co_posts"":135,""character_coverage"":1.0},{""copyright"":""adventure_time"",""co_posts"":1,""character_coverage"":0.007407},{""copyright"":""death_note"",""co_posts"":1,""character_coverage"":0.007407},{""copyright"":""kuso_miso_technique"",""co_posts"":1,""character_coverage"":0.007407},{""copyright"":""mahou_shoujo_madoka_magica"",""co_posts"":1,""character_coverage"":0.007407}]","","","PENDING",""
"I70-016109","kea_(eiyuu_densetsu)","4","Character","151","","","","","キーア","","[{""copyright"":""eiyuu_densetsu"",""co_posts"":140,""character_coverage"":1.0},{""copyright"":""zero_no_kiseki"",""co_posts"":115,""character_coverage"":0.821429},{""copyright"":""ao_no_kiseki"",""co_posts"":84,""character_coverage"":0.6},{""copyright"":""sen_no_kiseki_(series)"",""co_posts"":25,""character_coverage"":0.178571},{""copyright"":""hajimari_no_kiseki"",""co_posts"":20,""character_coverage"":0.142857}]","","","PENDING",""
"I70-016110","kiriyama_an","4","Character","151","","","","","霧山アン","","[{""copyright"":""mono_(afro)"",""co_posts"":140,""character_coverage"":0.992908},{""copyright"":""yurucamp"",""co_posts"":4,""character_coverage"":0.028369},{""copyright"":""hibi_wa_sugiredo_meshi_umashi"",""co_posts"":2,""character_coverage"":0.014184},{""copyright"":""boku_no_hero_academia"",""co_posts"":1,""character_coverage"":0.007092},{""copyright"":""chainsaw_man"",""co_posts"":1,""character_coverage"":0.007092}]","","","PENDING",""
"I70-016111","kshatriya","4","Character","151","","","","","クシャトリヤ","","[{""copyright"":""gundam"",""co_posts"":139,""character_coverage"":1.0},{""copyright"":""gundam_unicorn"",""co_posts"":138,""character_coverage"":0.992806},{""copyright"":""sd_gundam"",""co_posts"":10,""character_coverage"":0.071942},{""copyright"":""gundam_zz"",""co_posts"":8,""character_coverage"":0.057554},{""copyright"":""kantai_collection"",""co_posts"":7,""character_coverage"":0.05036}]","","","PENDING",""
"I70-016112","lily_bloomerchen","4","Character","151","","","","リリー・ブルームメルヘン","","","[{""copyright"":""soulworker"",""co_posts"":145,""character_coverage"":1.0},{""copyright"":""last_origin"",""co_posts"":22,""character_coverage"":0.151724},{""copyright"":""kono_subarashii_sekai_ni_shukufuku_wo!"",""co_posts"":4,""character_coverage"":0.027586},{""copyright"":""dungeon_ni_deai_wo_motomeru_no_wa_machigatteiru_darou_ka"",""co_posts"":3,""character_coverage"":0.02069},{""copyright"":""arc_system_works"",""co_posts"":2,""character_coverage"":0.013793}]","","","PENDING",""
"I70-016113","lola_bunny","4","Character","151","","","","","ローラ・バニー","","[{""copyright"":""looney_tunes"",""co_posts"":105,""character_coverage"":0.990566},{""copyright"":""space_jam"",""co_posts"":86,""character_coverage"":0.811321},{""copyright"":""zootopia"",""co_posts"":12,""character_coverage"":0.113208},{""copyright"":""boku_no_hero_academia"",""co_posts"":10,""character_coverage"":0.09434},{""copyright"":""sonic_(series)"",""co_posts"":5,""character_coverage"":0.04717}]","","","PENDING",""
"I70-016114","manticore_(under_a_veil)_(arknights)","4","Character","151","","","","","","","[{""copyright"":""arknights"",""co_posts"":147,""character_coverage"":1.0},{""copyright"":""yu-gi-oh!"",""co_posts"":1,""character_coverage"":0.006803}]","","","PENDING",""
"I70-016115","massachusetts_(kancolle)","4","Character","151","","","","","Massachusetts(艦隊これくしょん)","","[{""copyright"":""kantai_collection"",""co_posts"":146,""character_coverage"":1.0},{""copyright"":""fate/grand_order"",""co_posts"":2,""character_coverage"":0.013699},{""copyright"":""fate_(series)"",""co_posts"":2,""character_coverage"":0.013699},{""copyright"":""azur_lane"",""co_posts"":1,""character_coverage"":0.006849},{""copyright"":""comiket_103"",""co_posts"":1,""character_coverage"":0.006849}]","","","PENDING",""
"I70-016116","mikono_suzushiro","4","Character","151","","","","","ミコノ・スズシロ","","[{""copyright"":""aquarion_(series)"",""co_posts"":132,""character_coverage"":1.0},{""copyright"":""aquarion_evol"",""co_posts"":132,""character_coverage"":1.0},{""copyright"":""newtype"",""co_posts"":2,""character_coverage"":0.015152},{""copyright"":""nyantype"",""co_posts"":2,""character_coverage"":0.015152},{""copyright"":""sousei_no_aquarion"",""co_posts"":2,""character_coverage"":0.015152}]","","","PENDING",""
"I70-016117","mr._white_(revue_starlight)","4","Character","151","","","","","ミスターホワイト","","[{""copyright"":""shoujo_kageki_revue_starlight"",""co_posts"":138,""character_coverage"":1.0},{""copyright"":""shoujo_kageki_revue_starlight_-re_live-"",""co_posts"":8,""character_coverage"":0.057971},{""copyright"":""pokemon"",""co_posts"":2,""character_coverage"":0.014493},{""copyright"":""pokemon_sword_and_shield"",""co_posts"":2,""character_coverage"":0.014493},{""copyright"":""bang_dream!"",""co_posts"":1,""character_coverage"":0.007246}]","","","PENDING",""
"I70-016118","narita_kyouji","4","Character","151","","","","","成田狂児","","[{""copyright"":""karaoke_iko!"",""co_posts"":54,""character_coverage"":0.9},{""copyright"":""mcdonald's"",""co_posts"":2,""character_coverage"":0.033333},{""copyright"":""coca-cola"",""co_posts"":1,""character_coverage"":0.016667},{""copyright"":""kirby_(series)"",""co_posts"":1,""character_coverage"":0.016667},{""copyright"":""original"",""co_posts"":1,""character_coverage"":0.016667}]","","","PENDING",""
"I70-016119","nishihara_yasoko","4","Character","151","nishihara_(girls_und_panzer)","nishihara (girls und panzer)","","","西原","","[{""copyright"":""girls_und_panzer"",""co_posts"":143,""character_coverage"":1.0},{""copyright"":""gekitotsu!_joshikousei_oiroke_sensha_gundan"",""co_posts"":38,""character_coverage"":0.265734},{""copyright"":""girls_und_panzer_motto_love_love_sakusen_desu!"",""co_posts"":16,""character_coverage"":0.111888},{""copyright"":""busou_renkin"",""co_posts"":2,""character_coverage"":0.013986},{""copyright"":""girls_und_panzer_gekijouban"",""co_posts"":2,""character_coverage"":0.013986}]","","","PENDING",""
"I70-016120","nogizaka_haruka","4","Character","151","","","","","乃木坂春香","","[{""copyright"":""nogizaka_haruka_no_himitsu"",""co_posts"":123,""character_coverage"":1.0},{""copyright"":""megami_magazine"",""co_posts"":11,""character_coverage"":0.089431},{""copyright"":""dengeki_g's"",""co_posts"":5,""character_coverage"":0.04065},{""copyright"":""spice_and_wolf"",""co_posts"":4,""character_coverage"":0.03252},{""copyright"":""shakugan_no_shana"",""co_posts"":3,""character_coverage"":0.02439}]","","","PENDING",""
"I70-016121","otosaka_ayumi","4","Character","151","","","","","乙坂歩未","","[{""copyright"":""charlotte_(anime)"",""co_posts"":134,""character_coverage"":1.0},{""copyright"":""key_(company)"",""co_posts"":13,""character_coverage"":0.097015},{""copyright"":""angel_beats!"",""co_posts"":8,""character_coverage"":0.059701},{""copyright"":""summer_pockets"",""co_posts"":8,""character_coverage"":0.059701},{""copyright"":""little_busters!"",""co_posts"":6,""character_coverage"":0.044776}]","","","PENDING",""
"I70-016122","otta_(dungeon_meshi)","4","Character","151","","","","オッタ","","Otta","[{""copyright"":""dungeon_meshi"",""co_posts"":150,""character_coverage"":1.0},{""copyright"":""golden_kamuy"",""co_posts"":3,""character_coverage"":0.02},{""copyright"":""harry_potter_(series)"",""co_posts"":1,""character_coverage"":0.006667},{""copyright"":""houseki_no_kuni"",""co_posts"":1,""character_coverage"":0.006667},{""copyright"":""wizarding_world"",""co_posts"":1,""character_coverage"":0.006667}]","","","PENDING",""
"I70-016123","philia_(sao)","4","Character","151","","","","フィリア(SAO) | フィリア誕生祭","竹宮琴音","","[{""copyright"":""sword_art_online"",""co_posts"":142,""character_coverage"":1.0},{""copyright"":""sword_art_online:_code_register"",""co_posts"":51,""character_coverage"":0.359155},{""copyright"":""sword_art_online:_hollow_fragment"",""co_posts"":27,""character_coverage"":0.190141},{""copyright"":""sword_art_online:_hollow_realization"",""co_posts"":4,""character_coverage"":0.028169},{""copyright"":""sword_art_online:_alicization"",""co_posts"":3,""character_coverage"":0.021127}]","","","PENDING",""
"I70-016124","rafal_(fire_emblem)","4","Character","151","","","","","","","[{""copyright"":""fire_emblem"",""co_posts"":135,""character_coverage"":1.0},{""copyright"":""fire_emblem_engage"",""co_posts"":134,""character_coverage"":0.992593},{""copyright"":""fire_emblem_heroes"",""co_posts"":11,""character_coverage"":0.081481},{""copyright"":""fire_emblem:_three_houses"",""co_posts"":7,""character_coverage"":0.051852},{""copyright"":""fire_emblem:_genealogy_of_the_holy_war"",""co_posts"":4,""character_coverage"":0.02963}]","","","PENDING",""
"I70-016125","runami_yachiyo_(wego)","4","Character","151","","","","","","","[{""copyright"":""cho_kaguya-hime!"",""co_posts"":125,""character_coverage"":1.0},{""copyright"":""gokushufudou"",""co_posts"":1,""character_coverage"":0.008},{""copyright"":""star_wars"",""co_posts"":1,""character_coverage"":0.008},{""copyright"":""the_mandalorian"",""co_posts"":1,""character_coverage"":0.008}]","","","PENDING",""
"I70-016126","seiun_sky_(casual)_(umamusume)","4","Character","151","","","","","","","[{""copyright"":""umamusume"",""co_posts"":142,""character_coverage"":1.0},{""copyright"":""pokemon"",""co_posts"":3,""character_coverage"":0.021127},{""copyright"":""kantai_collection"",""co_posts"":2,""character_coverage"":0.014085},{""copyright"":""kobayashi-san_chi_no_maidragon"",""co_posts"":2,""character_coverage"":0.014085},{""copyright"":""midori_no_makibaoo"",""co_posts"":2,""character_coverage"":0.014085}]","","","PENDING",""
"I70-016127","sen_no_rikyu_(second_ascension)_(fate)","4","Character","151","","","","","","","[{""copyright"":""fate/grand_order"",""co_posts"":144,""character_coverage"":1.0},{""copyright"":""fate_(series)"",""co_posts"":144,""character_coverage"":1.0},{""copyright"":""learning_with_manga!_fgo"",""co_posts"":4,""character_coverage"":0.027778},{""copyright"":""comiket_102"",""co_posts"":1,""character_coverage"":0.006944},{""copyright"":""fate/grand_order_arcade"",""co_posts"":1,""character_coverage"":0.006944}]","","","PENDING",""
"I70-016128","serena_(sygna_suit)_(pokemon)","4","Character","151","","","","マジコスセレナ","","","[{""copyright"":""pokemon"",""co_posts"":147,""character_coverage"":1.0},{""copyright"":""pokemon_masters_ex"",""co_posts"":147,""character_coverage"":1.0},{""copyright"":""pokemon_x_and_y"",""co_posts"":16,""character_coverage"":0.108844},{""copyright"":""pokemon_(anime)"",""co_posts"":4,""character_coverage"":0.027211},{""copyright"":""pokemon_sun_and_moon"",""co_posts"":4,""character_coverage"":0.027211}]","","","PENDING",""
"I70-016129","seto_midori","4","Character","151","","","","","瀬戸水鳥","","[{""copyright"":""inazuma_eleven_(series)"",""co_posts"":143,""character_coverage"":1.0},{""copyright"":""inazuma_eleven_go"",""co_posts"":143,""character_coverage"":1.0},{""copyright"":""inazuma_eleven"",""co_posts"":20,""character_coverage"":0.13986},{""copyright"":""inazuma_eleven_go_chrono_stone"",""co_posts"":12,""character_coverage"":0.083916},{""copyright"":""inazuma_eleven_go_galaxy"",""co_posts"":7,""character_coverage"":0.048951}]","","","PENDING",""
"I70-016130","shiho_(yuuhagi_(amaretto-no-natsu))","4","Character","151","","","","","シホ（ユハギ（アマレットノツナツ））","","[{""copyright"":""original"",""co_posts"":149,""character_coverage"":1.0}]","","","PENDING",""
"I70-016131","sightseer_(female)_(pokemon_sm)","4","Character","151","","","","","","","[]","","","PENDING",""
"I70-016132","so-class_submarine","4","Character","151","","","","","潜水ソ級","","[{""copyright"":""kantai_collection"",""co_posts"":150,""character_coverage"":1.0},{""copyright"":""amazon_(company)"",""co_posts"":2,""character_coverage"":0.013333},{""copyright"":""dota_(series)"",""co_posts"":2,""character_coverage"":0.013333},{""copyright"":""dota_2"",""co_posts"":2,""character_coverage"":0.013333},{""copyright"":""kamen_rider"",""co_posts"":2,""character_coverage"":0.013333}]","","","PENDING",""
"I70-016133","sogiita_gunha","4","Character","151","","","","","削板軍覇","","[{""copyright"":""toaru_majutsu_no_index"",""co_posts"":134,""character_coverage"":1.0},{""copyright"":""toaru_kagaku_no_railgun"",""co_posts"":35,""character_coverage"":0.261194},{""copyright"":""toaru_majutsu_no_index:_old_testament"",""co_posts"":25,""character_coverage"":0.186567},{""copyright"":""toaru_kagaku_no_railgun_t"",""co_posts"":15,""character_coverage"":0.11194},{""copyright"":""toaru_majutsu_no_index:_new_testament"",""co_posts"":11,""character_coverage"":0.08209}]","","","PENDING",""
"I70-016134","suelle_malen","4","Character","151","suelle_marlen","suelle marlen","","","スール・マーレン","","[{""copyright"":""atelier_(series)"",""co_posts"":147,""character_coverage"":1.0},{""copyright"":""atelier_lydie_&_suelle"",""co_posts"":147,""character_coverage"":1.0},{""copyright"":""atelier_sophie"",""co_posts"":14,""character_coverage"":0.095238},{""copyright"":""atelier_firis"",""co_posts"":13,""character_coverage"":0.088435},{""copyright"":""atelier_resleriana"",""co_posts"":5,""character_coverage"":0.034014}]","","","PENDING",""
"I70-016135","super_aoko","4","Character","151","","","","","スーパー青子","","[{""copyright"":""mahou_tsukai_no_yoru"",""co_posts"":136,""character_coverage"":0.964539},{""copyright"":""fate_(series)"",""co_posts"":28,""character_coverage"":0.198582},{""copyright"":""fate/grand_order"",""co_posts"":24,""character_coverage"":0.170213},{""copyright"":""kara_no_kyoukai"",""co_posts"":11,""character_coverage"":0.078014},{""copyright"":""tsukihime"",""co_posts"":11,""character_coverage"":0.078014}]","","","PENDING",""
"I70-016136","takahashi_reiko","4","Character","151","","","","","高橋礼子","","[{""copyright"":""idolmaster"",""co_posts"":148,""character_coverage"":1.0},{""copyright"":""idolmaster_cinderella_girls"",""co_posts"":147,""character_coverage"":0.993243},{""copyright"":""cinderella_girls_gekijou"",""co_posts"":21,""character_coverage"":0.141892},{""copyright"":""idolmaster_cinderella_girls_starlight_stage"",""co_posts"":19,""character_coverage"":0.128378},{""copyright"":""idolmaster_(classic)"",""co_posts"":6,""character_coverage"":0.040541}]","","","PENDING",""
"I70-016137","takane_hana","4","Character","151","","","","","高音羽奈","","[{""copyright"":""takane-san_to_arashi-chan"",""co_posts"":151,""character_coverage"":1.0}]","","","PENDING",""
"I70-016138","tatara_kogasa_(umbrella)","4","Character","151","","","","","タタラコガサ（傘）","","[{""copyright"":""touhou"",""co_posts"":145,""character_coverage"":1.0},{""copyright"":""touhou_(pc-98)"",""co_posts"":3,""character_coverage"":0.02069},{""copyright"":""undefined_fantastic_object"",""co_posts"":3,""character_coverage"":0.02069},{""copyright"":""coca-cola"",""co_posts"":2,""character_coverage"":0.013793},{""copyright"":""original"",""co_posts"":2,""character_coverage"":0.013793}]","","","PENDING",""
"I70-016139","tomitake_jirou","4","Character","151","tomitake_jiro","tomitake jiro","","","富竹ジロウ","","[{""copyright"":""higurashi_no_naku_koro_ni"",""co_posts"":128,""character_coverage"":1.0},{""copyright"":""lucky_star"",""co_posts"":13,""character_coverage"":0.101562},{""copyright"":""touhou"",""co_posts"":12,""character_coverage"":0.09375},{""copyright"":""umineko_no_naku_koro_ni"",""co_posts"":9,""character_coverage"":0.070312},{""copyright"":""suzumiya_haruhi_no_yuuutsu"",""co_posts"":8,""character_coverage"":0.0625}]","","","PENDING",""
"I70-016140","wu_song_(female)_(touqi_guaitan)","4","Character","151","","","","","毋颂","","[{""copyright"":""touqi_guaitan"",""co_posts"":151,""character_coverage"":1.0},{""copyright"":""mesmerizer_(vocaloid)"",""co_posts"":1,""character_coverage"":0.006623}]","","","PENDING",""
"I70-016141","yakura_yomogi","4","Character","151","","","","","よもしず","","[{""copyright"":""bang_dream!"",""co_posts"":117,""character_coverage"":1.0},{""copyright"":""bang_dream!_our_notes"",""co_posts"":117,""character_coverage"":1.0},{""copyright"":""bang_dream!_it's_mygo!!!!!"",""co_posts"":8,""character_coverage"":0.068376},{""copyright"":""bocchi_the_rock!"",""co_posts"":2,""character_coverage"":0.017094},{""copyright"":""217find!"",""co_posts"":1,""character_coverage"":0.008547}]","","","PENDING",""
"I70-016142","yashahime_(momotarou_densetsu)","4","Character","151","yasha","yasha","","","夜叉姫","","[{""copyright"":""momotarou_densetsu"",""co_posts"":113,""character_coverage"":0.768707},{""copyright"":""momotarou_dentetsu"",""co_posts"":36,""character_coverage"":0.244898},{""copyright"":""advance_wars"",""co_posts"":3,""character_coverage"":0.020408},{""copyright"":""bomberman"",""co_posts"":3,""character_coverage"":0.020408},{""copyright"":""castlevania_(series)"",""co_posts"":3,""character_coverage"":0.020408}]","","","PENDING",""
"I70-016143","yurizaki_mira","4","Character","151","","","","百合崎ミラ | 百合崎・ミラ","","","[{""copyright"":""dimension_w"",""co_posts"":143,""character_coverage"":1.0},{""copyright"":""dagashi_kashi"",""co_posts"":2,""character_coverage"":0.013986},{""copyright"":""kantai_collection"",""co_posts"":2,""character_coverage"":0.013986},{""copyright"":""kono_subarashii_sekai_ni_shukufuku_wo!"",""co_posts"":2,""character_coverage"":0.013986},{""copyright"":""musaigen_no_phantom_world"",""co_posts"":2,""character_coverage"":0.013986}]","","","PENDING",""
"I70-016144","z1_leberecht_maass_(oktoberfest)_(kancolle)","4","Character","151","","","","","Z1(オクトバーフェスト)","","[{""copyright"":""kantai_collection"",""co_posts"":150,""character_coverage"":1.0},{""copyright"":""azur_lane"",""co_posts"":3,""character_coverage"":0.02},{""copyright"":""world_of_warships"",""co_posts"":2,""character_coverage"":0.013333},{""copyright"":""sazae-san"",""co_posts"":1,""character_coverage"":0.006667}]","","","PENDING",""
"I70-016145","alcremie_(ruby_swirl)","4","Character","150","","","","","ルビーミックスマホイップ","","[{""copyright"":""pokemon"",""co_posts"":147,""character_coverage"":1.0},{""copyright"":""pokemon_scarlet_and_violet"",""co_posts"":32,""character_coverage"":0.217687},{""copyright"":""pokemon_sword_and_shield"",""co_posts"":14,""character_coverage"":0.095238},{""copyright"":""original"",""co_posts"":7,""character_coverage"":0.047619},{""copyright"":""pokemon_(anime)"",""co_posts"":7,""character_coverage"":0.047619}]","","","PENDING",""
"I70-016146","alvida_(peach88)","4","Character","150","alvida_(peach_momozen)","alvida (peach momozen)","","","アルビダ（ピーチママン）","","[{""copyright"":""original"",""co_posts"":150,""character_coverage"":1.0},{""copyright"":""mcdonald's"",""co_posts"":3,""character_coverage"":0.02},{""copyright"":""yoru_mac"",""co_posts"":3,""character_coverage"":0.02},{""copyright"":""pornhub"",""co_posts"":1,""character_coverage"":0.006667},{""copyright"":""real_life"",""co_posts"":1,""character_coverage"":0.006667}]","","","PENDING",""
"I70-016147","amano_nene_(digimon_xros_wars)","4","Character","150","","","","","天野ネネ","","[{""copyright"":""digimon"",""co_posts"":117,""character_coverage"":1.0},{""copyright"":""digimon_xros_wars"",""co_posts"":116,""character_coverage"":0.991453},{""copyright"":""digimon_xros_wars:_toki_wo_kakeru_shounen_hunter-tachi"",""co_posts"":15,""character_coverage"":0.128205},{""copyright"":""digimon_tamers"",""co_posts"":13,""character_coverage"":0.111111},{""copyright"":""digimon_adventure_02"",""co_posts"":12,""character_coverage"":0.102564}]","","","PENDING",""
"I70-016148","amanomiya_jun","4","Character","150","","","","","じゅんしょう","","[{""copyright"":""len'en"",""co_posts"":130,""character_coverage"":1.0},{""copyright"":""earthen_miraculous_sword"",""co_posts"":14,""character_coverage"":0.107692},{""copyright"":""brilliant_pagoda_or_haze_castle"",""co_posts"":7,""character_coverage"":0.053846},{""copyright"":""evanescent_existence"",""co_posts"":7,""character_coverage"":0.053846},{""copyright"":""reactivate_majestical_imperial"",""co_posts"":6,""character_coverage"":0.046154}]","","","PENDING",""
"I70-016149","arctic_hare_(kemono_friends)","4","Character","150","","","","","ホッキョクウサギ(けものフレンズ)","","[{""copyright"":""kemono_friends"",""co_posts"":141,""character_coverage"":0.992958},{""copyright"":""kemono_friends_3"",""co_posts"":44,""character_coverage"":0.309859},{""copyright"":""kemono_friends_kingdom"",""co_posts"":3,""character_coverage"":0.021127},{""copyright"":""original"",""co_posts"":3,""character_coverage"":0.021127},{""copyright"":""crunchyroll"",""co_posts"":1,""character_coverage"":0.007042}]","","","PENDING",""
"I70-016150","avant_garde_(blue_archive)","4","Character","150","","","","","アバンギャルド君","","[{""copyright"":""blue_archive"",""co_posts"":142,""character_coverage"":1.0},{""copyright"":""gundam"",""co_posts"":4,""character_coverage"":0.028169},{""copyright"":""gundam_gquuuuuux"",""co_posts"":3,""character_coverage"":0.021127},{""copyright"":""kamen_rider"",""co_posts"":3,""character_coverage"":0.021127},{""copyright"":""neon_genesis_evangelion"",""co_posts"":3,""character_coverage"":0.021127}]","","","PENDING",""
"I70-016151","aya_drevis","4","Character","150","","","","","アヤ・ドレヴィス","","[{""copyright"":""mad_father"",""co_posts"":134,""character_coverage"":1.0},{""copyright"":""ib_(kouri)"",""co_posts"":42,""character_coverage"":0.313433},{""copyright"":""yume_nikki"",""co_posts"":35,""character_coverage"":0.261194},{""copyright"":""majo_no_ie"",""co_posts"":34,""character_coverage"":0.253731},{""copyright"":""misao"",""co_posts"":21,""character_coverage"":0.156716}]","","","PENDING",""
"I70-016152","ayatsumugi_roka_(tsukuyomi)","4","Character","150","","","","","","","[{""copyright"":""cho_kaguya-hime!"",""co_posts"":134,""character_coverage"":1.0},{""copyright"":""animal_crossing"",""co_posts"":1,""character_coverage"":0.007463},{""copyright"":""crayon_shin-chan"",""co_posts"":1,""character_coverage"":0.007463},{""copyright"":""invincible_(series)"",""co_posts"":1,""character_coverage"":0.007463},{""copyright"":""kaguya-sama_wa_kokurasetai_~tensai-tachi_no_renai_zunousen~"",""co_posts"":1,""character_coverage"":0.007463}]","","","PENDING",""
"I70-016153","baby_mario","4","Character","150","","","","","ベビィマリオ","","[{""copyright"":""mario_(series)"",""co_posts"":143,""character_coverage"":1.0},{""copyright"":""super_mario_world_2:_yoshi's_island"",""co_posts"":47,""character_coverage"":0.328671},{""copyright"":""mario_&_luigi:_partners_in_time"",""co_posts"":27,""character_coverage"":0.188811},{""copyright"":""mario_&_luigi_rpg"",""co_posts"":27,""character_coverage"":0.188811},{""copyright"":""yoshi's_new_island"",""co_posts"":16,""character_coverage"":0.111888}]","","","PENDING",""
"I70-016154","bat-eared_fox_(kemono_friends)","4","Character","150","","","","オオミミギツネ(けものフレンズ)","","","[{""copyright"":""kemono_friends"",""co_posts"":145,""character_coverage"":1.0},{""copyright"":""kemono_friends_3"",""co_posts"":18,""character_coverage"":0.124138},{""copyright"":""kemono_friends_2"",""co_posts"":7,""character_coverage"":0.048276},{""copyright"":""kemono_friends_pavilion"",""co_posts"":4,""character_coverage"":0.027586},{""copyright"":""crunchyroll"",""co_posts"":1,""character_coverage"":0.006897}]","","","PENDING",""
"I70-016155","black_forest_cookie","4","Character","150","","","","","フォレノワール味クッキー","","[{""copyright"":""cookie_run"",""co_posts"":122,""character_coverage"":1.0},{""copyright"":""cookie_run:_kingdom"",""co_posts"":122,""character_coverage"":1.0},{""copyright"":""alien_stage"",""co_posts"":3,""character_coverage"":0.02459},{""copyright"":""genshin_impact"",""co_posts"":1,""character_coverage"":0.008197},{""copyright"":""monitoring_(vocaloid)"",""co_posts"":1,""character_coverage"":0.008197}]","","","PENDING",""
"I70-016156","captain_syrup","4","Character","150","","","","","キャプテン・シロップ","","[{""copyright"":""wario_land"",""co_posts"":76,""character_coverage"":1.0},{""copyright"":""mario_(series)"",""co_posts"":60,""character_coverage"":0.789474},{""copyright"":""wario_land:_shake_it!"",""co_posts"":46,""character_coverage"":0.605263},{""copyright"":""warioware"",""co_posts"":14,""character_coverage"":0.184211},{""copyright"":""wario_land_4"",""co_posts"":12,""character_coverage"":0.157895}]","","","PENDING",""
"I70-016157","castiel","4","Character","150","","","","","","","[{""copyright"":""supernatural_(tv_series)"",""co_posts"":144,""character_coverage"":0.993103},{""copyright"":""chainsaw_man"",""co_posts"":3,""character_coverage"":0.02069},{""copyright"":""good_omens"",""co_posts"":3,""character_coverage"":0.02069},{""copyright"":""harry_potter_(series)"",""co_posts"":3,""character_coverage"":0.02069},{""copyright"":""wizarding_world"",""co_posts"":3,""character_coverage"":0.02069}]","","","PENDING",""
"I70-016158","colossus_(natsukaze_shigure)","4","Character","150","","","","","コロサスちゃん","","[{""copyright"":""original"",""co_posts"":143,""character_coverage"":1.0},{""copyright"":""ultra_series"",""co_posts"":2,""character_coverage"":0.013986}]","","","PENDING",""
"I70-016159","cure_etoile","4","Character","150","","","","","キュアエトワール","","[{""copyright"":""precure"",""co_posts"":140,""character_coverage"":1.0},{""copyright"":""hugtto!_precure"",""co_posts"":139,""character_coverage"":0.992857},{""copyright"":""go!_princess_precure"",""co_posts"":16,""character_coverage"":0.114286},{""copyright"":""star_twinkle_precure"",""co_posts"":15,""character_coverage"":0.107143},{""copyright"":""futari_wa_precure"",""co_posts"":14,""character_coverage"":0.1}]","","","PENDING",""
"I70-016160","daidou_sayo","4","Character","150","","","","","daidou sayo","","[{""copyright"":""original"",""co_posts"":150,""character_coverage"":1.0}]","","","PENDING",""
"I70-016161","daiyan_(girls'_frontline_2)","4","Character","150","","","","","黛煙(ドールズフロントライン2)","","[{""copyright"":""girls'_frontline"",""co_posts"":136,""character_coverage"":1.0},{""copyright"":""girls'_frontline_2:_exilium"",""co_posts"":136,""character_coverage"":1.0},{""copyright"":""girls'_frontline_neural_cloud"",""co_posts"":2,""character_coverage"":0.014706},{""copyright"":""onanie_master_kurosawa"",""co_posts"":1,""character_coverage"":0.007353}]","","","PENDING",""
"I70-016162","effie_(fire_emblem)","4","Character","150","effie_(fire_emblem_fates),elfi_(fire_emblem_if)","effie (fire emblem fates) | elfi (fire emblem if)","","","エルフィ","","[{""copyright"":""fire_emblem"",""co_posts"":126,""character_coverage"":1.0},{""copyright"":""fire_emblem_fates"",""co_posts"":126,""character_coverage"":1.0},{""copyright"":""fire_emblem_heroes"",""co_posts"":44,""character_coverage"":0.349206},{""copyright"":""fire_emblem:_path_of_radiance"",""co_posts"":9,""character_coverage"":0.071429},{""copyright"":""fire_emblem:_the_blazing_blade"",""co_posts"":6,""character_coverage"":0.047619}]","","","PENDING",""
"I70-016163","elbing_(azur_lane)","4","Character","150","","","","エルビング | エルビング(アズールレーン)","埃尔宾","","[{""copyright"":""azur_lane"",""co_posts"":137,""character_coverage"":1.0}]","","","PENDING",""
"I70-016164","exs-tia_aqua","4","Character","150","","","","","エクスティア・アクア","","[{""copyright"":""kouyoku_senki_exs-tia_concert"",""co_posts"":150,""character_coverage"":1.0}]","","","PENDING",""
"I70-016165","fio-chan_(big_o_pants)","4","Character","150","","","","","","","[{""copyright"":""original"",""co_posts"":146,""character_coverage"":1.0}]","","","PENDING",""
"I70-016166","flat_escardos","4","Character","150","","","","","フラット・エスカルドス","","[{""copyright"":""fate_(series)"",""co_posts"":143,""character_coverage"":1.0},{""copyright"":""fate/strange_fake"",""co_posts"":106,""character_coverage"":0.741259},{""copyright"":""lord_el-melloi_ii_case_files"",""co_posts"":33,""character_coverage"":0.230769},{""copyright"":""fate/grand_order"",""co_posts"":18,""character_coverage"":0.125874},{""copyright"":""fate/zero"",""co_posts"":13,""character_coverage"":0.090909}]","","","PENDING",""
"I70-016167","galarian_zapdos","4","Character","150","","","","","ガラルサンダー","","[{""copyright"":""pokemon"",""co_posts"":148,""character_coverage"":1.0},{""copyright"":""pokemon_sword_and_shield"",""co_posts"":20,""character_coverage"":0.135135},{""copyright"":""pokemon_masters_ex"",""co_posts"":11,""character_coverage"":0.074324},{""copyright"":""pokemon_tcg"",""co_posts"":5,""character_coverage"":0.033784},{""copyright"":""pokemon:_arceus_and_the_jewel_of_life"",""co_posts"":3,""character_coverage"":0.02027}]","","","PENDING",""
"I70-016168","gastrodon_(east)","4","Character","150","","","","","ガストロドン（東）","","[{""copyright"":""pokemon"",""co_posts"":141,""character_coverage"":1.0},{""copyright"":""pokemon_(anime)"",""co_posts"":13,""character_coverage"":0.092199},{""copyright"":""pokemon_the_series:_diamond_and_pearl"",""co_posts"":11,""character_coverage"":0.078014},{""copyright"":""pokemon_sword_and_shield"",""co_posts"":9,""character_coverage"":0.06383},{""copyright"":""pokemon_diamond/pearl/platinum"",""co_posts"":6,""character_coverage"":0.042553}]","","","PENDING",""
"I70-016169","grafaiai","4","Character","150","","","","","タギングル","","[{""copyright"":""pokemon"",""co_posts"":145,""character_coverage"":1.0},{""copyright"":""pokemon_scarlet_and_violet"",""co_posts"":24,""character_coverage"":0.165517},{""copyright"":""pokemon_tcg"",""co_posts"":11,""character_coverage"":0.075862},{""copyright"":""pokemon_sun_and_moon"",""co_posts"":6,""character_coverage"":0.041379},{""copyright"":""original"",""co_posts"":4,""character_coverage"":0.027586}]","","","PENDING",""
"I70-016170","grubbin","4","Character","150","","","","","アゴジムシ","","[{""copyright"":""pokemon"",""co_posts"":144,""character_coverage"":1.0},{""copyright"":""pokemon_sun_and_moon"",""co_posts"":29,""character_coverage"":0.201389},{""copyright"":""pokemon_(anime)"",""co_posts"":5,""character_coverage"":0.034722},{""copyright"":""pokemon_ultra_sun_and_ultra_moon"",""co_posts"":5,""character_coverage"":0.034722},{""copyright"":""pokemon_journeys"",""co_posts"":4,""character_coverage"":0.027778}]","","","PENDING",""
"I70-016171","happosai","4","Character","150","","","","","八宝斎","","[{""copyright"":""ranma_1/2"",""co_posts"":137,""character_coverage"":1.0},{""copyright"":""dragon_ball"",""co_posts"":6,""character_coverage"":0.043796},{""copyright"":""urusei_yatsura"",""co_posts"":6,""character_coverage"":0.043796},{""copyright"":""dragon_ball_(classic)"",""co_posts"":4,""character_coverage"":0.029197},{""copyright"":""street_fighter"",""co_posts"":4,""character_coverage"":0.029197}]","","","PENDING",""
"I70-016172","hiccup_horrendous_haddock_iii","4","Character","150","","","","","しゃっくり恐ろしいハドックIII","","[{""copyright"":""how_to_train_your_dragon_(series)"",""co_posts"":143,""character_coverage"":1.0},{""copyright"":""how_to_train_your_dragon_1"",""co_posts"":47,""character_coverage"":0.328671},{""copyright"":""how_to_train_your_dragon_2"",""co_posts"":40,""character_coverage"":0.27972},{""copyright"":""rise_of_the_guardians"",""co_posts"":7,""character_coverage"":0.048951},{""copyright"":""big_hero_6"",""co_posts"":4,""character_coverage"":0.027972}]","","","PENDING",""
"I70-016173","hiroe_chiharu","4","Character","150","","","","","広江ちはる","","[{""copyright"":""magia_record:_mahou_shoujo_madoka_magica_gaiden"",""co_posts"":148,""character_coverage"":1.0},{""copyright"":""mahou_shoujo_madoka_magica"",""co_posts"":148,""character_coverage"":1.0},{""copyright"":""mahou_shoujo_kazumi_magica"",""co_posts"":4,""character_coverage"":0.027027},{""copyright"":""mahou_shoujo_suzune_magica"",""co_posts"":4,""character_coverage"":0.027027},{""copyright"":""mahou_shoujo_tart_magica"",""co_posts"":4,""character_coverage"":0.027027}]","","","PENDING",""
"I70-016174","hisuian_sneasel","4","Character","150","","","","","ヒスイニューラ","","[{""copyright"":""pokemon"",""co_posts"":137,""character_coverage"":1.0},{""copyright"":""pokemon_legends:_arceus"",""co_posts"":37,""character_coverage"":0.270073},{""copyright"":""pokemon_black_and_white"",""co_posts"":3,""character_coverage"":0.021898},{""copyright"":""final_fantasy"",""co_posts"":2,""character_coverage"":0.014599},{""copyright"":""final_fantasy_xiv"",""co_posts"":2,""character_coverage"":0.014599}]","","","PENDING",""
"I70-016175","hk416_(herbal-flavored_hard_candy)_(girls'_frontline)","4","Character","150","","","","","HK416（ハーブ風味のハードキャンディー）（女の子の最前線）","","[{""copyright"":""girls'_frontline"",""co_posts"":140,""character_coverage"":1.0},{""copyright"":""girls'_frontline_neural_cloud"",""co_posts"":5,""character_coverage"":0.035714},{""copyright"":""girls'_frontline_2:_exilium"",""co_posts"":2,""character_coverage"":0.014286},{""copyright"":""garry's_mod"",""co_posts"":1,""character_coverage"":0.007143},{""copyright"":""tom_clancy's_the_division"",""co_posts"":1,""character_coverage"":0.007143}]","","","PENDING",""
"I70-016176","itou_makoto_(school_days)","4","Character","150","","","","","伊藤誠","","[{""copyright"":""school_days"",""co_posts"":84,""character_coverage"":0.988235},{""copyright"":""girls_und_panzer"",""co_posts"":19,""character_coverage"":0.223529},{""copyright"":""girls_und_panzer_gekijouban"",""co_posts"":6,""character_coverage"":0.070588},{""copyright"":""girls_und_panzer_saishuushou"",""co_posts"":6,""character_coverage"":0.070588},{""copyright"":""higurashi_no_naku_koro_ni"",""co_posts"":5,""character_coverage"":0.058824}]","","","PENDING",""
"I70-016177","ivy_(summer)_(fire_emblem)","4","Character","150","","","","","","","[{""copyright"":""fire_emblem"",""co_posts"":139,""character_coverage"":1.0},{""copyright"":""fire_emblem_engage"",""co_posts"":139,""character_coverage"":1.0},{""copyright"":""fire_emblem_heroes"",""co_posts"":138,""character_coverage"":0.992806},{""copyright"":""fire_emblem_fates"",""co_posts"":6,""character_coverage"":0.043165},{""copyright"":""fire_emblem:_three_houses"",""co_posts"":3,""character_coverage"":0.021583}]","","","PENDING",""
"I70-016178","izumi_reina","4","Character","150","","","","","和泉玲奈","","[{""copyright"":""musaigen_no_phantom_world"",""co_posts"":133,""character_coverage"":1.0},{""copyright"":""kirby_(series)"",""co_posts"":4,""character_coverage"":0.030075},{""copyright"":""amagi_brilliant_park"",""co_posts"":2,""character_coverage"":0.015038},{""copyright"":""kyoto_animation"",""co_posts"":2,""character_coverage"":0.015038},{""copyright"":""megami_magazine"",""co_posts"":2,""character_coverage"":0.015038}]","","","PENDING",""
"I70-016179","jeff_the_killer","4","Character","150","","","","","ジェフ・ザ・キラー","","[{""copyright"":""creepypasta"",""co_posts"":119,""character_coverage"":0.96748},{""copyright"":""vocaloid"",""co_posts"":17,""character_coverage"":0.138211},{""copyright"":""the_legend_of_zelda"",""co_posts"":12,""character_coverage"":0.097561},{""copyright"":""the_legend_of_zelda:_majora's_mask"",""co_posts"":12,""character_coverage"":0.097561},{""copyright"":""original"",""co_posts"":6,""character_coverage"":0.04878}]","","","PENDING",""
"I70-016180","jungle_crow_(kemono_friends)","4","Character","150","","","","","ハシブトガラス(けものフレンズ)","","[{""copyright"":""kemono_friends"",""co_posts"":149,""character_coverage"":1.0},{""copyright"":""kemono_friends_3"",""co_posts"":16,""character_coverage"":0.107383},{""copyright"":""kemono_friends_pavilion"",""co_posts"":2,""character_coverage"":0.013423},{""copyright"":""keroro_gunsou"",""co_posts"":2,""character_coverage"":0.013423},{""copyright"":""crunchyroll"",""co_posts"":1,""character_coverage"":0.006711}]","","","PENDING",""
"I70-016181","kaga_(everlasting_killing_stone)_(azur_lane)","4","Character","150","","","","常夏の殺生石","常夏的杀生石","","[{""copyright"":""azur_lane"",""co_posts"":146,""character_coverage"":1.0},{""copyright"":""fate/grand_order"",""co_posts"":2,""character_coverage"":0.013699},{""copyright"":""fate_(series)"",""co_posts"":2,""character_coverage"":0.013699},{""copyright"":""bilibili"",""co_posts"":1,""character_coverage"":0.006849},{""copyright"":""comiket_99"",""co_posts"":1,""character_coverage"":0.006849}]","","","PENDING",""
"I70-016182","klinklang","4","Character","150","","","","","ギギギアル","","[{""copyright"":""pokemon"",""co_posts"":143,""character_coverage"":1.0},{""copyright"":""pokemon_black_and_white"",""co_posts"":57,""character_coverage"":0.398601},{""copyright"":""pokemon_black_2_and_white_2"",""co_posts"":17,""character_coverage"":0.118881},{""copyright"":""pokemon_tcg"",""co_posts"":10,""character_coverage"":0.06993},{""copyright"":""pokemon_sword_and_shield"",""co_posts"":8,""character_coverage"":0.055944}]","","","PENDING",""
"I70-016183","lafter_frankland","4","Character","150","","","","ラフタ・フランクランド","","","[{""copyright"":""gundam"",""co_posts"":131,""character_coverage"":1.0},{""copyright"":""gundam_tekketsu_no_orphans"",""co_posts"":131,""character_coverage"":1.0},{""copyright"":""gundam_build_fighters"",""co_posts"":6,""character_coverage"":0.045802},{""copyright"":""gundam_00"",""co_posts"":1,""character_coverage"":0.007634},{""copyright"":""gundam_build_divers"",""co_posts"":1,""character_coverage"":0.007634}]","","","PENDING",""
"I70-016184","laxus_dreyar","4","Character","150","","","","","ラクサス・ドレアー","","[{""copyright"":""fairy_tail"",""co_posts"":138,""character_coverage"":1.0},{""copyright"":""one_piece"",""co_posts"":6,""character_coverage"":0.043478},{""copyright"":""twitter"",""co_posts"":4,""character_coverage"":0.028986},{""copyright"":""arknights"",""co_posts"":3,""character_coverage"":0.021739},{""copyright"":""original"",""co_posts"":3,""character_coverage"":0.021739}]","","","PENDING",""
"I70-016185","maguchi_(sakura_miko)","4","Character","150","","","","","まぐち","","[{""copyright"":""hololive"",""co_posts"":146,""character_coverage"":1.0},{""copyright"":""hololive_grand_theft_auto"",""co_posts"":3,""character_coverage"":0.020548},{""copyright"":""line_(naver)"",""co_posts"":2,""character_coverage"":0.013699},{""copyright"":""bibbidiba_(hololive)"",""co_posts"":1,""character_coverage"":0.006849},{""copyright"":""holocure"",""co_posts"":1,""character_coverage"":0.006849}]","","","PENDING",""
"I70-016186","marie_antoinette_(swimsuit_caster)_(third_ascension)_(fate)","4","Character","150","","","","","マリー・アントワネット(水着)","","[{""copyright"":""fate_(series)"",""co_posts"":144,""character_coverage"":1.0},{""copyright"":""fate/grand_order"",""co_posts"":143,""character_coverage"":0.993056},{""copyright"":""fate/extra"",""co_posts"":1,""character_coverage"":0.006944},{""copyright"":""fate/stay_night"",""co_posts"":1,""character_coverage"":0.006944},{""copyright"":""one_piece"",""co_posts"":1,""character_coverage"":0.006944}]","","","PENDING",""
"I70-016187","mashiro_blan_de_windbloom","4","Character","150","","","","","マシロ・ブラン・ド・ヴィントブルーム","","[{""copyright"":""my-otome"",""co_posts"":107,""character_coverage"":0.990741},{""copyright"":""my-hime"",""co_posts"":9,""character_coverage"":0.083333},{""copyright"":""megami_magazine"",""co_posts"":2,""character_coverage"":0.018519},{""copyright"":""code_geass"",""co_posts"":1,""character_coverage"":0.009259},{""copyright"":""giant_robo"",""co_posts"":1,""character_coverage"":0.009259}]","","","PENDING",""
"I70-016188","mg4_(girls'_frontline)","4","Character","150","mg4_(girls_frontline)","mg4 (girls frontline)","","MG4(ドールズフロントライン)","MG4(少女前線)","MG4","[{""copyright"":""girls'_frontline"",""co_posts"":147,""character_coverage"":1.0},{""copyright"":""metal_gear_(series)"",""co_posts"":2,""character_coverage"":0.013605},{""copyright"":""shirobako"",""co_posts"":2,""character_coverage"":0.013605},{""copyright"":""adventure_time"",""co_posts"":1,""character_coverage"":0.006803},{""copyright"":""arknights"",""co_posts"":1,""character_coverage"":0.006803}]","","","PENDING",""
"I70-016189","midorikawa_ryuuji","4","Character","150","","","","","緑川リュウジ","","[{""copyright"":""inazuma_eleven_(series)"",""co_posts"":148,""character_coverage"":1.0},{""copyright"":""inazuma_eleven"",""co_posts"":121,""character_coverage"":0.817568},{""copyright"":""inazuma_eleven_go"",""co_posts"":32,""character_coverage"":0.216216},{""copyright"":""inazuma_eleven_ares_no_tenbin"",""co_posts"":9,""character_coverage"":0.060811},{""copyright"":""precure"",""co_posts"":7,""character_coverage"":0.047297}]","","","PENDING",""
"I70-016190","mobius_(daughter_of_corals)_(honkai_impact)","4","Character","150","","","","","モビウス（サンゴの娘）（ホンカイインパクト）","","[{""copyright"":""honkai_(series)"",""co_posts"":150,""character_coverage"":1.0},{""copyright"":""honkai_impact_3rd"",""co_posts"":150,""character_coverage"":1.0},{""copyright"":""honkai_gakuen"",""co_posts"":2,""character_coverage"":0.013333},{""copyright"":""nijisanji"",""co_posts"":1,""character_coverage"":0.006667},{""copyright"":""nijisanji_en"",""co_posts"":1,""character_coverage"":0.006667}]","","","PENDING",""
"I70-016191","nakiri_ayame_(cutie_jersey)","4","Character","150","nakiri_ayame_(off-work),nakiri_ayame_(7th_costume)","nakiri ayame (7th costume) | nakiri ayame (off-work)","","","百鬼あやめ(かわ余ジャージ衣装)","","[{""copyright"":""hololive"",""co_posts"":145,""character_coverage"":1.0},{""copyright"":""nintendo"",""co_posts"":2,""character_coverage"":0.013793},{""copyright"":""tamagotchi"",""co_posts"":2,""character_coverage"":0.013793},{""copyright"":""vspo!"",""co_posts"":2,""character_coverage"":0.013793}]","","","PENDING",""
"I70-016192","netherlands_(hetalia)","4","Character","150","","","","","蘭にいさん","","[{""copyright"":""axis_powers_hetalia"",""co_posts"":141,""character_coverage"":1.0},{""copyright"":""2010_fifa_world_cup"",""co_posts"":13,""character_coverage"":0.092199},{""copyright"":""world_cup"",""co_posts"":13,""character_coverage"":0.092199},{""copyright"":""miffy"",""co_posts"":6,""character_coverage"":0.042553},{""copyright"":""little_red_riding_hood_(fairy_tale)"",""co_posts"":2,""character_coverage"":0.014184}]","","","PENDING",""
"I70-016193","noblesse_(elsword)","4","Character","150","","","","ノーブレス","","Nobless | noblesse","[{""copyright"":""elsword"",""co_posts"":132,""character_coverage"":1.0}]","","","PENDING",""
"I70-016194","nurude_sasara","4","Character","150","","","","","白膠木簓","","[{""copyright"":""hypnosis_mic"",""co_posts"":145,""character_coverage"":1.0},{""copyright"":""hypnosis_mic:_rule_the_stage"",""co_posts"":3,""character_coverage"":0.02069},{""copyright"":""holostars"",""co_posts"":2,""character_coverage"":0.013793},{""copyright"":""pokemon"",""co_posts"":2,""character_coverage"":0.013793},{""copyright"":""sanrio"",""co_posts"":2,""character_coverage"":0.013793}]","","","PENDING",""
"I70-016195","ogata_rizu","4","Character","150","","","","","緒方理珠","","[{""copyright"":""bokutachi_wa_benkyou_ga_dekinai"",""co_posts"":134,""character_coverage"":1.0},{""copyright"":""one_piece"",""co_posts"":4,""character_coverage"":0.029851},{""copyright"":""newtype"",""co_posts"":3,""character_coverage"":0.022388},{""copyright"":""boku_no_hero_academia"",""co_posts"":2,""character_coverage"":0.014925},{""copyright"":""boruto:_naruto_next_generations"",""co_posts"":2,""character_coverage"":0.014925}]","","","PENDING",""
"I70-016196","omega_auru","4","Character","150","","","","","御芽河あうる","","[{""copyright"":""pretty_series"",""co_posts"":149,""character_coverage"":1.0},{""copyright"":""waccha_primagi!"",""co_posts"":149,""character_coverage"":1.0},{""copyright"":""pripara"",""co_posts"":6,""character_coverage"":0.040268},{""copyright"":""real_life"",""co_posts"":6,""character_coverage"":0.040268},{""copyright"":""himitsu_no_aipri"",""co_posts"":5,""character_coverage"":0.033557}]","","","PENDING",""
"I70-016197","ouro_kronii_(new_year)","4","Character","150","ouro_kronii_(2nd_costume)","ouro kronii (2nd costume)","","オーロ・クロニー(正月衣装)","","","[{""copyright"":""hololive"",""co_posts"":145,""character_coverage"":1.0},{""copyright"":""hololive_english"",""co_posts"":145,""character_coverage"":1.0},{""copyright"":""mafia_(vocaloid)"",""co_posts"":3,""character_coverage"":0.02069},{""copyright"":""hololive_indonesia"",""co_posts"":2,""character_coverage"":0.013793},{""copyright"":""enigmatic_recollection"",""co_posts"":1,""character_coverage"":0.006897}]","","","PENDING",""
"I70-016198","pawn_(dragon's_dogma)","4","Character","150","","","","","メインポーン","","[{""copyright"":""dragon's_dogma_(series)"",""co_posts"":139,""character_coverage"":1.0},{""copyright"":""dragon's_dogma"",""co_posts"":130,""character_coverage"":0.935252},{""copyright"":""original"",""co_posts"":10,""character_coverage"":0.071942},{""copyright"":""frozen_(disney)"",""co_posts"":3,""character_coverage"":0.021583},{""copyright"":""ace_attorney"",""co_posts"":1,""character_coverage"":0.007194}]","","","PENDING",""
"I70-016199","peppino_spaghetti","4","Character","150","","","","","ペッピーノ・スパゲッティ","","[{""copyright"":""pizza_tower"",""co_posts"":88,""character_coverage"":1.0},{""copyright"":""mario_(series)"",""co_posts"":7,""character_coverage"":0.079545},{""copyright"":""sonic_(series)"",""co_posts"":7,""character_coverage"":0.079545},{""copyright"":""touhou"",""co_posts"":7,""character_coverage"":0.079545},{""copyright"":""wario_land"",""co_posts"":6,""character_coverage"":0.068182}]","","","PENDING",""
"I70-016200","perfectheart_(omori)","4","Character","150","","","","","","","[{""copyright"":""omori"",""co_posts"":139,""character_coverage"":1.0},{""copyright"":""cookie_run"",""co_posts"":1,""character_coverage"":0.007194},{""copyright"":""cookie_run:_kingdom"",""co_posts"":1,""character_coverage"":0.007194}]","","","PENDING",""
"I70-016201","picodevimon","4","Character","150","demidevimon","demidevimon","","","ピコデビモン","","[{""copyright"":""digimon"",""co_posts"":138,""character_coverage"":1.0},{""copyright"":""digimon_story:_time_stranger"",""co_posts"":57,""character_coverage"":0.413043},{""copyright"":""digimon_card_game"",""co_posts"":11,""character_coverage"":0.07971},{""copyright"":""digimon_adventure"",""co_posts"":7,""character_coverage"":0.050725},{""copyright"":""digimon_story:_cyber_sleuth"",""co_posts"":4,""character_coverage"":0.028986}]","","","PENDING",""
"I70-016202","pink_shoes_(project_moon)","4","Character","150","pink_shoes_(limbus_company)","pink shoes (limbus company)","","","桃色の靴","","[{""copyright"":""project_moon"",""co_posts"":127,""character_coverage"":1.0},{""copyright"":""limbus_company"",""co_posts"":120,""character_coverage"":0.944882},{""copyright"":""library_of_ruina"",""co_posts"":6,""character_coverage"":0.047244},{""copyright"":""lobotomy_corporation"",""co_posts"":6,""character_coverage"":0.047244},{""copyright"":""original"",""co_posts"":3,""character_coverage"":0.023622}]","","","PENDING",""
"I70-016203","rodney_(warship_girls_r)","4","Character","150","","","","ロドニー","罗德尼","","[{""copyright"":""warship_girls_r"",""co_posts"":145,""character_coverage"":1.0},{""copyright"":""original"",""co_posts"":2,""character_coverage"":0.013793},{""copyright"":""american_psycho"",""co_posts"":1,""character_coverage"":0.006897},{""copyright"":""bokura_wa_ima_no_naka_de"",""co_posts"":1,""character_coverage"":0.006897},{""copyright"":""dungeon_ni_deai_wo_motomeru_no_wa_machigatteiru_darou_ka"",""co_posts"":1,""character_coverage"":0.006897}]","","","PENDING",""
"I70-016204","sailor_v","4","Character","150","","","","セーラーV","","","[{""copyright"":""bishoujo_senshi_sailor_moon"",""co_posts"":140,""character_coverage"":1.0},{""copyright"":""codename_wa_sailor_v"",""co_posts"":113,""character_coverage"":0.807143},{""copyright"":""bishoujo_senshi_sailor_moon_(first_season)"",""co_posts"":7,""character_coverage"":0.05},{""copyright"":""bishoujo_senshi_sailor_moon_stars"",""co_posts"":6,""character_coverage"":0.042857},{""copyright"":""bishoujo_senshi_sailor_moon_s"",""co_posts"":5,""character_coverage"":0.035714}]","","","PENDING",""
"I70-016205","seffyna","4","Character","150","","","","","セフィナ","","[{""copyright"":""nijisanji"",""co_posts"":146,""character_coverage"":1.0},{""copyright"":""nijisanji_kr"",""co_posts"":144,""character_coverage"":0.986301},{""copyright"":""nijisanji_en"",""co_posts"":26,""character_coverage"":0.178082},{""copyright"":""nijisanji_id"",""co_posts"":12,""character_coverage"":0.082192},{""copyright"":""nijisanji_koshien"",""co_posts"":5,""character_coverage"":0.034247}]","","","PENDING",""
"I70-016206","sella_(fate)","4","Character","150","sella","sella","","","セラ(Fate)","","[{""copyright"":""fate_(series)"",""co_posts"":133,""character_coverage"":1.0},{""copyright"":""fate/stay_night"",""co_posts"":97,""character_coverage"":0.729323},{""copyright"":""fate/hollow_ataraxia"",""co_posts"":37,""character_coverage"":0.278195},{""copyright"":""fate/kaleid_liner_prisma_illya"",""co_posts"":32,""character_coverage"":0.240602},{""copyright"":""type-moon"",""co_posts"":11,""character_coverage"":0.082707}]","","","PENDING",""
"I70-016207","setanta's_puppy_(fate)","4","Character","150","","","","","唸る仔犬","","[{""copyright"":""fate_(series)"",""co_posts"":143,""character_coverage"":1.0},{""copyright"":""fate/grand_order"",""co_posts"":142,""character_coverage"":0.993007},{""copyright"":""fate/grand_order_arcade"",""co_posts"":55,""character_coverage"":0.384615},{""copyright"":""fate/stay_night"",""co_posts"":7,""character_coverage"":0.048951},{""copyright"":""fate/zero"",""co_posts"":4,""character_coverage"":0.027972}]","","","PENDING",""
"I70-016208","shantotto","4","Character","150","","","","","シャントット","","[{""copyright"":""final_fantasy"",""co_posts"":137,""character_coverage"":1.0},{""copyright"":""final_fantasy_xi"",""co_posts"":137,""character_coverage"":1.0},{""copyright"":""dissidia_final_fantasy"",""co_posts"":67,""character_coverage"":0.489051},{""copyright"":""final_fantasy_viii"",""co_posts"":63,""character_coverage"":0.459854},{""copyright"":""final_fantasy_vii"",""co_posts"":62,""character_coverage"":0.452555}]","","","PENDING",""
"I70-016209","s-head_commander","4","Character","150","","","","Sヘッド","","","[{""copyright"":""girls'_frontline"",""co_posts"":72,""character_coverage"":0.503497},{""copyright"":""azur_lane"",""co_posts"":69,""character_coverage"":0.482517},{""copyright"":""girls'_frontline_2:_exilium"",""co_posts"":2,""character_coverage"":0.013986},{""copyright"":""idolmaster"",""co_posts"":2,""character_coverage"":0.013986},{""copyright"":""anpanman"",""co_posts"":1,""character_coverage"":0.006993}]","","","PENDING",""
"I70-016210","shiinotic","4","Character","150","","","","","マシェード","","[{""copyright"":""pokemon"",""co_posts"":142,""character_coverage"":1.0},{""copyright"":""pokemon_sun_and_moon"",""co_posts"":40,""character_coverage"":0.28169},{""copyright"":""pokemon_(anime)"",""co_posts"":12,""character_coverage"":0.084507},{""copyright"":""pokemon_sword_and_shield"",""co_posts"":12,""character_coverage"":0.084507},{""copyright"":""pokemon_the_series:_sun_&_moon"",""co_posts"":8,""character_coverage"":0.056338}]","","","PENDING",""
"I70-016211","shin_(sakamoto_days)","4","Character","150","","","","","朝倉シン","","[{""copyright"":""sakamoto_days"",""co_posts"":141,""character_coverage"":1.0},{""copyright"":""blue_lock"",""co_posts"":1,""character_coverage"":0.007092},{""copyright"":""gintama"",""co_posts"":1,""character_coverage"":0.007092},{""copyright"":""hunter_x_hunter"",""co_posts"":1,""character_coverage"":0.007092},{""copyright"":""moomin"",""co_posts"":1,""character_coverage"":0.007092}]","","","PENDING",""
"I70-016212","shin_yoosung","4","Character","150","","","","","","","[{""copyright"":""omniscient_reader's_viewpoint"",""co_posts"":144,""character_coverage"":1.0},{""copyright"":""honkai:_star_rail"",""co_posts"":2,""character_coverage"":0.013889},{""copyright"":""honkai_(series)"",""co_posts"":2,""character_coverage"":0.013889},{""copyright"":""bereal"",""co_posts"":1,""character_coverage"":0.006944},{""copyright"":""chainsaw_man"",""co_posts"":1,""character_coverage"":0.006944}]","","","PENDING",""
"I70-016213","stechkin_(girls'_frontline)","4","Character","150","stechkin_(girls_frontline)","stechkin (girls frontline)","","","スチェッキン(少女前線)","","[{""copyright"":""girls'_frontline"",""co_posts"":136,""character_coverage"":1.0},{""copyright"":""girls'_frontline_2:_exilium"",""co_posts"":45,""character_coverage"":0.330882},{""copyright"":""girls'_frontline_neural_cloud"",""co_posts"":7,""character_coverage"":0.051471},{""copyright"":""metal_gear_(series)"",""co_posts"":2,""character_coverage"":0.014706},{""copyright"":""adventure_time"",""co_posts"":1,""character_coverage"":0.007353}]","","","PENDING",""
"I70-016214","succubus_(disgaea)","4","Character","150","","","","","夜魔族","","[{""copyright"":""disgaea"",""co_posts"":125,""character_coverage"":0.984252},{""copyright"":""makai_senki_disgaea"",""co_posts"":23,""character_coverage"":0.181102},{""copyright"":""makai_senki_disgaea_3"",""co_posts"":22,""character_coverage"":0.173228},{""copyright"":""makai_senki_disgaea_2"",""co_posts"":10,""character_coverage"":0.07874},{""copyright"":""marl_kingdom"",""co_posts"":4,""character_coverage"":0.031496}]","","","PENDING",""
"I70-016215","supergirl_(movie_costume)","4","Character","150","","","","","","","[{""copyright"":""dc_comics"",""co_posts"":125,""character_coverage"":1.0},{""copyright"":""superman_(series)"",""co_posts"":125,""character_coverage"":1.0},{""copyright"":""superman_(2025)"",""co_posts"":90,""character_coverage"":0.72},{""copyright"":""the_flash_(movie)"",""co_posts"":47,""character_coverage"":0.376},{""copyright"":""the_flash_(series)"",""co_posts"":47,""character_coverage"":0.376}]","","","PENDING",""
"I70-016216","tamoto_(genshin_impact)","4","Character","150","","","","","","","[{""copyright"":""genshin_impact"",""co_posts"":143,""character_coverage"":1.0},{""copyright"":""honkai:_star_rail"",""co_posts"":3,""character_coverage"":0.020979},{""copyright"":""honkai_(series)"",""co_posts"":3,""character_coverage"":0.020979},{""copyright"":""mihoyo"",""co_posts"":3,""character_coverage"":0.020979},{""copyright"":""among_us"",""co_posts"":2,""character_coverage"":0.013986}]","","","PENDING",""
"I70-016217","tiana_(the_princess_and_the_frog)","4","Character","150","","","","","ティアナ(プリンセス)","","[{""copyright"":""the_princess_and_the_frog_(disney)"",""co_posts"":121,""character_coverage"":0.991803},{""copyright"":""disney"",""co_posts"":46,""character_coverage"":0.377049},{""copyright"":""the_little_mermaid_(disney)"",""co_posts"":35,""character_coverage"":0.286885},{""copyright"":""beauty_and_the_beast_(disney)"",""co_posts"":34,""character_coverage"":0.278689},{""copyright"":""sleeping_beauty_(disney)"",""co_posts"":29,""character_coverage"":0.237705}]","","","PENDING",""
"I70-016218","twice_(boku_no_hero_academia)","4","Character","150","bubaigawara_jin","bubaigawara jin","","トゥワイス","分倍河原仁","","[{""copyright"":""boku_no_hero_academia"",""co_posts"":144,""character_coverage"":0.993103},{""copyright"":""granblue_fantasy"",""co_posts"":2,""character_coverage"":0.013793},{""copyright"":""one_piece"",""co_posts"":2,""character_coverage"":0.013793},{""copyright"":""tiktok"",""co_posts"":2,""character_coverage"":0.013793},{""copyright"":""chainsaw_man"",""co_posts"":1,""character_coverage"":0.006897}]","","","PENDING",""
"I70-016219","ulalaka","4","Character","150","","","","","うららか(ルーンファクトリー)","","[{""copyright"":""rune_factory"",""co_posts"":130,""character_coverage"":1.0},{""copyright"":""rune_factory:_guardians_of_azuma"",""co_posts"":130,""character_coverage"":1.0},{""copyright"":""chainsaw_man"",""co_posts"":2,""character_coverage"":0.015385},{""copyright"":""rune_factory_4"",""co_posts"":2,""character_coverage"":0.015385},{""copyright"":""rune_factory_5"",""co_posts"":1,""character_coverage"":0.007692}]","","","PENDING",""
"I70-016220","veronica_(princess_rising)_(fire_emblem)","4","Character","150","","","","","","","[{""copyright"":""fire_emblem"",""co_posts"":131,""character_coverage"":1.0},{""copyright"":""fire_emblem_heroes"",""co_posts"":131,""character_coverage"":1.0},{""copyright"":""fire_emblem_engage"",""co_posts"":19,""character_coverage"":0.145038},{""copyright"":""fire_emblem:_three_houses"",""co_posts"":5,""character_coverage"":0.038168},{""copyright"":""fire_emblem:_the_binding_blade"",""co_posts"":4,""character_coverage"":0.030534}]","","","PENDING",""
"I70-016221","walrein","4","Character","150","","","","","トドゼルガ","","[{""copyright"":""pokemon"",""co_posts"":134,""character_coverage"":1.0},{""copyright"":""pokemon_ruby/sapphire/emerald"",""co_posts"":21,""character_coverage"":0.156716},{""copyright"":""pokemon_omega_ruby_and_alpha_sapphire"",""co_posts"":15,""character_coverage"":0.11194},{""copyright"":""pokemon_(anime)"",""co_posts"":8,""character_coverage"":0.059701},{""copyright"":""pokemon_diamond/pearl/platinum"",""co_posts"":7,""character_coverage"":0.052239}]","","","PENDING",""
"I70-016222","wilbur_soot","4","Character","150","","","","","","","[{""copyright"":""minecraft_youtube"",""co_posts"":140,""character_coverage"":0.979021},{""copyright"":""dream_smp"",""co_posts"":100,""character_coverage"":0.699301},{""copyright"":""minecraft"",""co_posts"":22,""character_coverage"":0.153846},{""copyright"":""real_life"",""co_posts"":13,""character_coverage"":0.090909},{""copyright"":""origins_smp"",""co_posts"":9,""character_coverage"":0.062937}]","","","PENDING",""
"I70-016223","xiang_yu_(fate)","4","Character","150","xiang_yu_(fate/grand_order)","xiang yu (fate/grand order)","","","項羽(Fate)","","[{""copyright"":""fate/grand_order"",""co_posts"":145,""character_coverage"":1.0},{""copyright"":""fate_(series)"",""co_posts"":145,""character_coverage"":1.0},{""copyright"":""fate/apocrypha"",""co_posts"":2,""character_coverage"":0.013793},{""copyright"":""yurucamp"",""co_posts"":2,""character_coverage"":0.013793},{""copyright"":""carnival_phantasm"",""co_posts"":1,""character_coverage"":0.006897}]","","","PENDING",""
"I70-016224","xie_lian_(flower_crowned_martial_god)","4","Character","150","","","","","花冠武神","","[{""copyright"":""heaven_official's_blessing"",""co_posts"":150,""character_coverage"":1.0},{""copyright"":""cookie_run"",""co_posts"":1,""character_coverage"":0.006667},{""copyright"":""girl_with_a_pearl_earring"",""co_posts"":1,""character_coverage"":0.006667}]","","","PENDING",""
"I70-016225","yohack","4","Character","150","","","","","","","[{""copyright"":""live_a_hero"",""co_posts"":147,""character_coverage"":1.0},{""copyright"":""jaws_(movie)"",""co_posts"":1,""character_coverage"":0.006803},{""copyright"":""oshi_no_ko"",""co_posts"":1,""character_coverage"":0.006803},{""copyright"":""zenless_zone_zero"",""co_posts"":1,""character_coverage"":0.006803}]","","","PENDING",""
"I70-016226","ysayle_dangoulain","4","Character","150","","","","イゼル | イゼル・ダングラン","","","[{""copyright"":""final_fantasy"",""co_posts"":141,""character_coverage"":1.0},{""copyright"":""final_fantasy_xiv"",""co_posts"":141,""character_coverage"":1.0},{""copyright"":""final_fantasy_xvi"",""co_posts"":4,""character_coverage"":0.028369},{""copyright"":""pokemon"",""co_posts"":3,""character_coverage"":0.021277},{""copyright"":""final_fantasy_xv"",""co_posts"":2,""character_coverage"":0.014184}]","","","PENDING",""
"I70-016227","yuki_madoka","4","Character","150","","","","","ゆうしさ","","[{""copyright"":""sousai_shoujo_teien"",""co_posts"":150,""character_coverage"":1.0},{""copyright"":""kotobukiya"",""co_posts"":22,""character_coverage"":0.146667},{""copyright"":""project_tokyo_dolls"",""co_posts"":8,""character_coverage"":0.053333},{""copyright"":""book_off"",""co_posts"":6,""character_coverage"":0.04},{""copyright"":""frame_arms_girl"",""co_posts"":4,""character_coverage"":0.026667}]","","","PENDING",""
"I70-016228","yuunagi_tsubasa_(bird)","4","Character","150","","","","","ツバサ(プリキュア)","","[{""copyright"":""precure"",""co_posts"":146,""character_coverage"":1.0},{""copyright"":""hirogaru_sky!_precure"",""co_posts"":144,""character_coverage"":0.986301},{""copyright"":""wonderful_precure!"",""co_posts"":23,""character_coverage"":0.157534},{""copyright"":""delicious_party_precure"",""co_posts"":12,""character_coverage"":0.082192},{""copyright"":""tropical-rouge!_precure"",""co_posts"":9,""character_coverage"":0.061644}]","","","PENDING",""
"I70-016229","ai_(girls_band_cry)","4","Character","149","","","","","アイ","","[{""copyright"":""girls_band_cry"",""co_posts"":131,""character_coverage"":1.0},{""copyright"":""girls_band_cry_rpg"",""co_posts"":5,""character_coverage"":0.038168},{""copyright"":""fuwa_fuwa_cinnamoroll"",""co_posts"":3,""character_coverage"":0.022901},{""copyright"":""sanrio"",""co_posts"":3,""character_coverage"":0.022901},{""copyright"":""mahou_shoujo_no_majo_saiban"",""co_posts"":2,""character_coverage"":0.015267}]","","","PENDING",""
"I70-016230","ai_hyperion_lambda","4","Character","149","","","","","AI・ハイペリオンΛ","","[{""copyright"":""honkai_(series)"",""co_posts"":140,""character_coverage"":1.0},{""copyright"":""honkai_impact_3rd"",""co_posts"":140,""character_coverage"":1.0},{""copyright"":""promare"",""co_posts"":14,""character_coverage"":0.1},{""copyright"":""honkai:_star_rail"",""co_posts"":8,""character_coverage"":0.057143},{""copyright"":""genshin_impact"",""co_posts"":5,""character_coverage"":0.035714}]","","","PENDING",""
"I70-016231","aizawa_hikaru","4","Character","149","","","","","あいざわひかる","","[{""copyright"":""microsoft"",""co_posts"":131,""character_coverage"":0.935714},{""copyright"":""silverlight"",""co_posts"":131,""character_coverage"":0.935714},{""copyright"":""os-tan"",""co_posts"":79,""character_coverage"":0.564286},{""copyright"":""microsoft_windows"",""co_posts"":6,""character_coverage"":0.042857},{""copyright"":""axis_powers_hetalia"",""co_posts"":5,""character_coverage"":0.035714}]","","","PENDING",""
"I70-016232","argentinian_miku","4","Character","149","","","","","アルゼンチンミク","","[{""copyright"":""vocaloid"",""co_posts"":100,""character_coverage"":1.0},{""copyright"":""world_cup"",""co_posts"":7,""character_coverage"":0.07},{""copyright"":""2026_fifa_world_cup"",""co_posts"":6,""character_coverage"":0.06},{""copyright"":""asociacion_del_futbol_argentino"",""co_posts"":3,""character_coverage"":0.03},{""copyright"":""utau"",""co_posts"":3,""character_coverage"":0.03}]","","","PENDING",""
"I70-016233","bastet_(houtengeki)","4","Character","149","","","","","バステット（houtengeki）","","[{""copyright"":""original"",""co_posts"":144,""character_coverage"":1.0},{""copyright"":""egyptian_mythology"",""co_posts"":50,""character_coverage"":0.347222},{""copyright"":""fate/grand_order"",""co_posts"":2,""character_coverage"":0.013889},{""copyright"":""fate_(series)"",""co_posts"":2,""character_coverage"":0.013889}]","","","PENDING",""
"I70-016234","bebinn","4","Character","149","","","","","ベビン","","[{""copyright"":""ousama_ranking"",""co_posts"":147,""character_coverage"":1.0},{""copyright"":""jojo_no_kimyou_na_bouken"",""co_posts"":2,""character_coverage"":0.013605},{""copyright"":""kimetsu_no_yaiba"",""co_posts"":2,""character_coverage"":0.013605},{""copyright"":""bakemonogatari"",""co_posts"":1,""character_coverage"":0.006803},{""copyright"":""dragon_ball"",""co_posts"":1,""character_coverage"":0.006803}]","","","PENDING",""
"I70-016235","cammy_white_(ssf2_swimsuit)","4","Character","149","cammy_white_(sf6_outfit_4)","cammy white (sf6 outfit 4)","","","","","[{""copyright"":""street_fighter"",""co_posts"":119,""character_coverage"":1.0},{""copyright"":""street_fighter_6"",""co_posts"":118,""character_coverage"":0.991597},{""copyright"":""street_fighter_ii_(series)"",""co_posts"":3,""character_coverage"":0.02521},{""copyright"":""vspo!"",""co_posts"":2,""character_coverage"":0.016807},{""copyright"":""capcom"",""co_posts"":1,""character_coverage"":0.008403}]","","","PENDING",""
"I70-016236","cissnei","4","Character","149","shuriken_(female)","shuriken (female)","","","シスネ","","[{""copyright"":""final_fantasy"",""co_posts"":126,""character_coverage"":1.0},{""copyright"":""final_fantasy_vii"",""co_posts"":126,""character_coverage"":1.0},{""copyright"":""crisis_core:_final_fantasy_vii"",""co_posts"":91,""character_coverage"":0.722222},{""copyright"":""final_fantasy_vii_remake"",""co_posts"":44,""character_coverage"":0.349206},{""copyright"":""final_fantasy_vii_rebirth"",""co_posts"":43,""character_coverage"":0.34127}]","","","PENDING",""
"I70-016237","cure_amour","4","Character","149","","","","","キュアアムール","","[{""copyright"":""precure"",""co_posts"":135,""character_coverage"":1.0},{""copyright"":""hugtto!_precure"",""co_posts"":134,""character_coverage"":0.992593},{""copyright"":""star_twinkle_precure"",""co_posts"":13,""character_coverage"":0.096296},{""copyright"":""suite_precure"",""co_posts"":13,""character_coverage"":0.096296},{""copyright"":""dokidoki!_precure"",""co_posts"":12,""character_coverage"":0.088889}]","","","PENDING",""
"I70-016238","din_djarin","4","Character","149","","","","","ディン・ジャリン","","[{""copyright"":""star_wars"",""co_posts"":116,""character_coverage"":0.991453},{""copyright"":""the_mandalorian"",""co_posts"":114,""character_coverage"":0.974359},{""copyright"":""umamusume"",""co_posts"":4,""character_coverage"":0.034188},{""copyright"":""kamen_rider"",""co_posts"":3,""character_coverage"":0.025641},{""copyright"":""doom_(2016)"",""co_posts"":2,""character_coverage"":0.017094}]","","","PENDING",""
"I70-016239","doruji","4","Character","149","","","","","ドルジ","","[{""copyright"":""little_busters!"",""co_posts"":142,""character_coverage"":0.986111},{""copyright"":""key_(company)"",""co_posts"":28,""character_coverage"":0.194444},{""copyright"":""clannad"",""co_posts"":21,""character_coverage"":0.145833},{""copyright"":""air_(visual_novel)"",""co_posts"":20,""character_coverage"":0.138889},{""copyright"":""kanon"",""co_posts"":20,""character_coverage"":0.138889}]","","","PENDING",""
"I70-016240","elena_trafalgar","4","Character","149","","","","エレトラ","","","[{""copyright"":""original"",""co_posts"":146,""character_coverage"":1.0},{""copyright"":""tamagotchi"",""co_posts"":2,""character_coverage"":0.013699},{""copyright"":""tamagotchi_(classic)"",""co_posts"":2,""character_coverage"":0.013699},{""copyright"":""armored_core"",""co_posts"":1,""character_coverage"":0.006849},{""copyright"":""armored_core_vi:_fires_of_rubicon"",""co_posts"":1,""character_coverage"":0.006849}]","","","PENDING",""
"I70-016241","enomoto_taiyou","4","Character","149","","","","","榎本太陽","","[{""copyright"":""original"",""co_posts"":149,""character_coverage"":1.0}]","","","PENDING",""
"I70-016242","female_abyssal_admiral_(kancolle)","4","Character","149","female_abyssal_admiral_(kantai_collection)","female abyssal admiral (kantai collection)","","","女性提督","","[{""copyright"":""kantai_collection"",""co_posts"":148,""character_coverage"":1.0},{""copyright"":""jojo_no_kimyou_na_bouken"",""co_posts"":1,""character_coverage"":0.006757},{""copyright"":""mega_man_(classic)"",""co_posts"":1,""character_coverage"":0.006757},{""copyright"":""mega_man_(series)"",""co_posts"":1,""character_coverage"":0.006757},{""copyright"":""mega_man_2"",""co_posts"":1,""character_coverage"":0.006757}]","","","PENDING",""
"I70-016243","fiona_belli","4","Character","149","","","","","フィオナ・ベリ","","[{""copyright"":""demento"",""co_posts"":125,""character_coverage"":0.992063},{""copyright"":""resident_evil"",""co_posts"":12,""character_coverage"":0.095238},{""copyright"":""capcom"",""co_posts"":11,""character_coverage"":0.087302},{""copyright"":""resident_evil_village"",""co_posts"":5,""character_coverage"":0.039683},{""copyright"":""silent_hill_(series)"",""co_posts"":5,""character_coverage"":0.039683}]","","","PENDING",""
"I70-016244","fox_devil_(chainsaw_man)","4","Character","149","","","","狐の悪魔","","","[{""copyright"":""chainsaw_man"",""co_posts"":141,""character_coverage"":1.0},{""copyright"":""jujutsu_kaisen"",""co_posts"":4,""character_coverage"":0.028369},{""copyright"":""adventure_time"",""co_posts"":1,""character_coverage"":0.007092},{""copyright"":""blue_archive"",""co_posts"":1,""character_coverage"":0.007092},{""copyright"":""blue_archive_the_animation"",""co_posts"":1,""character_coverage"":0.007092}]","","","PENDING",""
"I70-016245","franklin_(azur_lane)","4","Character","149","","","","","フランクリン","","[{""copyright"":""azur_lane"",""co_posts"":143,""character_coverage"":1.0},{""copyright"":""goddess_of_victory:_nikke"",""co_posts"":1,""character_coverage"":0.006993},{""copyright"":""hololive"",""co_posts"":1,""character_coverage"":0.006993},{""copyright"":""hololive_english"",""co_posts"":1,""character_coverage"":0.006993}]","","","PENDING",""
"I70-016246","furutani_kaede","4","Character","149","","","","","古谷楓","","[{""copyright"":""yuruyuri"",""co_posts"":143,""character_coverage"":1.0},{""copyright"":""oomuro-ke"",""co_posts"":12,""character_coverage"":0.083916},{""copyright"":""love_live!"",""co_posts"":2,""character_coverage"":0.013986},{""copyright"":""love_live!_school_idol_project"",""co_posts"":2,""character_coverage"":0.013986},{""copyright"":""real_life"",""co_posts"":2,""character_coverage"":0.013986}]","","","PENDING",""
"I70-016247","fuse_(apex_legends)","4","Character","149","","","","","ヒューズ","","[{""copyright"":""apex_legends"",""co_posts"":148,""character_coverage"":1.0},{""copyright"":""hololive"",""co_posts"":4,""character_coverage"":0.027027},{""copyright"":""apex_legends_mobile"",""co_posts"":2,""character_coverage"":0.013514},{""copyright"":""one_piece"",""co_posts"":2,""character_coverage"":0.013514},{""copyright"":""titanfall_(series)"",""co_posts"":2,""character_coverage"":0.013514}]","","","PENDING",""
"I70-016248","fuurinji_miu","4","Character","149","","","","","風林寺美羽","","[{""copyright"":""shijou_saikyou_no_deshi_ken'ichi"",""co_posts"":117,""character_coverage"":1.0},{""copyright"":""air_(visual_novel)"",""co_posts"":1,""character_coverage"":0.008547},{""copyright"":""aria_(manga)"",""co_posts"":1,""character_coverage"":0.008547},{""copyright"":""battle_athletes"",""co_posts"":1,""character_coverage"":0.008547},{""copyright"":""chicchana_yukitsukai_sugar"",""co_posts"":1,""character_coverage"":0.008547}]","","","PENDING",""
"I70-016249","fuwa_(precure)","4","Character","149","","","","","フワ(プリキュア)","","[{""copyright"":""precure"",""co_posts"":133,""character_coverage"":1.0},{""copyright"":""star_twinkle_precure"",""co_posts"":133,""character_coverage"":1.0},{""copyright"":""hugtto!_precure"",""co_posts"":12,""character_coverage"":0.090226},{""copyright"":""mahou_girls_precure!"",""co_posts"":10,""character_coverage"":0.075188},{""copyright"":""kirakira_precure_a_la_mode"",""co_posts"":9,""character_coverage"":0.067669}]","","","PENDING",""
"I70-016250","ganon","4","Character","149","","","","","ガノン","","[{""copyright"":""the_legend_of_zelda"",""co_posts"":134,""character_coverage"":1.0},{""copyright"":""the_legend_of_zelda:_twilight_princess"",""co_posts"":28,""character_coverage"":0.208955},{""copyright"":""the_legend_of_zelda:_ocarina_of_time"",""co_posts"":26,""character_coverage"":0.19403},{""copyright"":""the_legend_of_zelda:_a_link_to_the_past"",""co_posts"":23,""character_coverage"":0.171642},{""copyright"":""the_legend_of_zelda:_breath_of_the_wild"",""co_posts"":21,""character_coverage"":0.156716}]","","","PENDING",""
"I70-016251","ha-re_the_sword_mikanko","4","Character","149","","","","","剣の御巫ハレ","","[{""copyright"":""yu-gi-oh!"",""co_posts"":135,""character_coverage"":1.0},{""copyright"":""the_king_of_fighters"",""co_posts"":2,""character_coverage"":0.014815},{""copyright"":""yu-gi-oh!_master_duel"",""co_posts"":2,""character_coverage"":0.014815},{""copyright"":""jujutsu_kaisen"",""co_posts"":1,""character_coverage"":0.007407},{""copyright"":""yu-gi-oh!_arc-v"",""co_posts"":1,""character_coverage"":0.007407}]","","","PENDING",""
"I70-016252","harumiya_yukuri","4","Character","149","","","","","春宮ゆくり","","[{""copyright"":""ikizulive!_love_live!_bluebird"",""co_posts"":138,""character_coverage"":1.0},{""copyright"":""love_live!"",""co_posts"":138,""character_coverage"":1.0},{""copyright"":""what_is_my_life?_(love_live!)"",""co_posts"":45,""character_coverage"":0.326087},{""copyright"":""love_live!_days:_love_live!_general_magazine"",""co_posts"":5,""character_coverage"":0.036232},{""copyright"":""love_live!_hasu_no_sora_jogakuin_school_idol_club"",""co_posts"":2,""character_coverage"":0.014493}]","","","PENDING",""
"I70-016253","helioptile","4","Character","149","","","","","エリキテル","","[{""copyright"":""pokemon"",""co_posts"":141,""character_coverage"":1.0},{""copyright"":""pokemon_x_and_y"",""co_posts"":37,""character_coverage"":0.262411},{""copyright"":""pokemon_(anime)"",""co_posts"":10,""character_coverage"":0.070922},{""copyright"":""pokemon_legends:_z-a"",""co_posts"":7,""character_coverage"":0.049645},{""copyright"":""project_voltage"",""co_posts"":7,""character_coverage"":0.049645}]","","","PENDING",""
"I70-016254","hellboy","4","Character","149","","","","","ヘルボーイ","","[{""copyright"":""hellboy_(comic)"",""co_posts"":133,""character_coverage"":0.992537},{""copyright"":""dc_comics"",""co_posts"":7,""character_coverage"":0.052239},{""copyright"":""marvel"",""co_posts"":7,""character_coverage"":0.052239},{""copyright"":""batman_(series)"",""co_posts"":6,""character_coverage"":0.044776},{""copyright"":""neon_genesis_evangelion"",""co_posts"":5,""character_coverage"":0.037313}]","","","PENDING",""
"I70-016255","hirayama_yukio","4","Character","149","fake_akagi,nise-akagi","fake akagi | nise-akagi","","","ニセアカギ","","[{""copyright"":""akagi:_yami_ni_oritatta_tensai"",""co_posts"":148,""character_coverage"":1.0},{""copyright"":""fukumoto_mahjong"",""co_posts"":148,""character_coverage"":1.0},{""copyright"":""ten_(manga)"",""co_posts"":18,""character_coverage"":0.121622},{""copyright"":""tobaku_mokushiroku_kaiji"",""co_posts"":16,""character_coverage"":0.108108},{""copyright"":""tobaku_haouden_zero"",""co_posts"":11,""character_coverage"":0.074324}]","","","PENDING",""
"I70-016256","ishida_shouya","4","Character","149","","","","","石田将也","","[{""copyright"":""koe_no_katachi"",""co_posts"":140,""character_coverage"":1.0},{""copyright"":""newtype"",""co_posts"":4,""character_coverage"":0.028571},{""copyright"":""kimi_no_na_wa."",""co_posts"":2,""character_coverage"":0.014286},{""copyright"":""amagi_brilliant_park"",""co_posts"":1,""character_coverage"":0.007143},{""copyright"":""chuunibyou_demo_koi_ga_shitai!"",""co_posts"":1,""character_coverage"":0.007143}]","","","PENDING",""
"I70-016257","japan_(kokkimusume)","4","Character","149","japan_(ppfjvdjudk54073)","japan (ppfjvdjudk54073)","","","日本ちゃん","","[]","","","PENDING",""
"I70-016258","jean_bart_(private_apres_midi)_(azur_lane)","4","Character","149","jean_bart_(secret_afternoon)_(azur_lane)","jean bart (secret afternoon) (azur lane)","","秘密のAprès_midi","秘密的Après_midi","","[{""copyright"":""azur_lane"",""co_posts"":140,""character_coverage"":1.0},{""copyright"":""kantai_collection"",""co_posts"":1,""character_coverage"":0.007143}]","","","PENDING",""
"I70-016259","jochuu-san","4","Character","149","","","","","女中さん","","[{""copyright"":""original"",""co_posts"":149,""character_coverage"":1.0},{""copyright"":""indiana_jones_(series)"",""co_posts"":12,""character_coverage"":0.080537},{""copyright"":""final_fantasy"",""co_posts"":2,""character_coverage"":0.013423},{""copyright"":""aria_(manga)"",""co_posts"":1,""character_coverage"":0.006711},{""copyright"":""final_fantasy_v"",""co_posts"":1,""character_coverage"":0.006711}]","","","PENDING",""
"I70-016260","juliet_nao_zhang","4","Character","149","","","","","ジュリエット・ナオ・チャン","","[{""copyright"":""my-otome"",""co_posts"":103,""character_coverage"":0.962617},{""copyright"":""my-hime"",""co_posts"":22,""character_coverage"":0.205607},{""copyright"":""galaxy_angel"",""co_posts"":2,""character_coverage"":0.018692},{""copyright"":""galaxy_angel_rune"",""co_posts"":2,""character_coverage"":0.018692},{""copyright"":""gundam"",""co_posts"":2,""character_coverage"":0.018692}]","","","PENDING",""
"I70-016261","julius_pringles","4","Character","149","","","","","ジュリアス・プリングルズ","mr._p","[{""copyright"":""pringles"",""co_posts"":137,""character_coverage"":0.964789},{""copyright"":""original"",""co_posts"":58,""character_coverage"":0.408451},{""copyright"":""touhou"",""co_posts"":13,""character_coverage"":0.091549},{""copyright"":""kantai_collection"",""co_posts"":10,""character_coverage"":0.070423},{""copyright"":""coca-cola"",""co_posts"":6,""character_coverage"":0.042254}]","","","PENDING",""
"I70-016262","juri_(part-time)_(blue_archive)","4","Character","149","","","","","牛牧ジュリ(アルバイト)","","[{""copyright"":""blue_archive"",""co_posts"":147,""character_coverage"":1.0},{""copyright"":""the_legend_of_zelda"",""co_posts"":2,""character_coverage"":0.013605},{""copyright"":""the_legend_of_zelda:_breath_of_the_wild"",""co_posts"":2,""character_coverage"":0.013605},{""copyright"":""date_a_live"",""co_posts"":1,""character_coverage"":0.006803}]","","","PENDING",""
"I70-016263","kamen_rider_ghost","4","Character","149","","","","","ゴースト(仮面ライダー)","","[{""copyright"":""kamen_rider"",""co_posts"":131,""character_coverage"":1.0},{""copyright"":""kamen_rider_ghost_(series)"",""co_posts"":129,""character_coverage"":0.984733},{""copyright"":""kamen_rider_ex-aid_(series)"",""co_posts"":31,""character_coverage"":0.236641},{""copyright"":""kamen_rider_drive_(series)"",""co_posts"":30,""character_coverage"":0.229008},{""copyright"":""kamen_rider_gaim_(series)"",""co_posts"":30,""character_coverage"":0.229008}]","","","PENDING",""
"I70-016264","kamihira_mao","4","Character","149","","","","","上平真生","","[{""copyright"":""original"",""co_posts"":145,""character_coverage"":0.973154},{""copyright"":""kurai_ano_ko_to_shitai_koto"",""co_posts"":5,""character_coverage"":0.033557},{""copyright"":""fitness_boxing"",""co_posts"":1,""character_coverage"":0.006711},{""copyright"":""line_(naver)"",""co_posts"":1,""character_coverage"":0.006711},{""copyright"":""ring_fit_adventure"",""co_posts"":1,""character_coverage"":0.006711}]","","","PENDING",""
"I70-016265","karibuchi_takami","4","Character","149","","","","","雁淵孝美","","[{""copyright"":""world_witches_series"",""co_posts"":137,""character_coverage"":1.0},{""copyright"":""brave_witches"",""co_posts"":136,""character_coverage"":0.992701},{""copyright"":""strike_witches"",""co_posts"":8,""character_coverage"":0.058394},{""copyright"":""luminous_witches"",""co_posts"":2,""character_coverage"":0.014599},{""copyright"":""mc_axis"",""co_posts"":2,""character_coverage"":0.014599}]","","","PENDING",""
"I70-016266","kashima_(christmas)_(kancolle)","4","Character","149","","","","","鹿島(クリスマス)","","[{""copyright"":""kantai_collection"",""co_posts"":149,""character_coverage"":1.0},{""copyright"":""coca-cola"",""co_posts"":1,""character_coverage"":0.006711},{""copyright"":""comiket_95"",""co_posts"":1,""character_coverage"":0.006711},{""copyright"":""gundam"",""co_posts"":1,""character_coverage"":0.006711},{""copyright"":""zeta_gundam"",""co_posts"":1,""character_coverage"":0.006711}]","","","PENDING",""
"I70-016267","kedarui_aashii","4","Character","149","","","","","あー子","","[{""copyright"":""kimi_no_koto_ga_dai_dai_dai_dai_daisuki_na_100-nin_no_kanojo"",""co_posts"":131,""character_coverage"":1.0},{""copyright"":""pokemon"",""co_posts"":2,""character_coverage"":0.015267},{""copyright"":""resident_evil"",""co_posts"":2,""character_coverage"":0.015267},{""copyright"":""resident_evil_4"",""co_posts"":2,""character_coverage"":0.015267},{""copyright"":""cars_(movie)"",""co_posts"":1,""character_coverage"":0.007634}]","","","PENDING",""
"I70-016268","kobayakawa_sena","4","Character","149","","","","","小早川瀬那","","[{""copyright"":""eyeshield_21"",""co_posts"":143,""character_coverage"":0.993056},{""copyright"":""naruto_(classic)"",""co_posts"":8,""character_coverage"":0.055556},{""copyright"":""naruto_(series)"",""co_posts"":8,""character_coverage"":0.055556},{""copyright"":""one_piece"",""co_posts"":8,""character_coverage"":0.055556},{""copyright"":""shounen_jump"",""co_posts"":7,""character_coverage"":0.048611}]","","","PENDING",""
"I70-016269","koharu_suzumura","4","Character","149","","","","","","","[{""copyright"":""koharu_and_minato"",""co_posts"":146,""character_coverage"":1.0},{""copyright"":""adachi_to_shimamura"",""co_posts"":1,""character_coverage"":0.006849},{""copyright"":""doushitara_osananajimi_no_kanojo_ni_naremasu_ka!?"",""co_posts"":1,""character_coverage"":0.006849},{""copyright"":""medalist_(manga)"",""co_posts"":1,""character_coverage"":0.006849},{""copyright"":""project_sekai"",""co_posts"":1,""character_coverage"":0.006849}]","","","PENDING",""
"I70-016270","kumi_(vtuber)","4","Character","149","","","","","","","[{""copyright"":""indie_virtual_youtuber"",""co_posts"":128,""character_coverage"":1.0},{""copyright"":""grand_theft_auto"",""co_posts"":1,""character_coverage"":0.007812},{""copyright"":""grand_theft_auto_vi"",""co_posts"":1,""character_coverage"":0.007812},{""copyright"":""minecraft"",""co_posts"":1,""character_coverage"":0.007812},{""copyright"":""original"",""co_posts"":1,""character_coverage"":0.007812}]","","","PENDING",""
"I70-016271","lala_(little_twin_stars)","4","Character","149","","","","","ララ","","[{""copyright"":""little_twin_stars"",""co_posts"":137,""character_coverage"":1.0},{""copyright"":""sanrio"",""co_posts"":137,""character_coverage"":1.0},{""copyright"":""my_melody_(series)"",""co_posts"":49,""character_coverage"":0.357664},{""copyright"":""hello_kitty"",""co_posts"":41,""character_coverage"":0.29927},{""copyright"":""fuwa_fuwa_cinnamoroll"",""co_posts"":35,""character_coverage"":0.255474}]","","","PENDING",""
"I70-016272","lee_gilyoung","4","Character","149","","","","","","","[{""copyright"":""omniscient_reader's_viewpoint"",""co_posts"":145,""character_coverage"":1.0},{""copyright"":""honkai:_star_rail"",""co_posts"":2,""character_coverage"":0.013793},{""copyright"":""honkai_(series)"",""co_posts"":2,""character_coverage"":0.013793},{""copyright"":""bereal"",""co_posts"":1,""character_coverage"":0.006897},{""copyright"":""doraemon"",""co_posts"":1,""character_coverage"":0.006897}]","","","PENDING",""
"I70-016273","lefiya_viridis","4","Character","149","","","","","レフィーヤ・ウィリディス","","[{""copyright"":""dungeon_ni_deai_wo_motomeru_no_wa_machigatteiru_darou_ka"",""co_posts"":143,""character_coverage"":1.0},{""copyright"":""sword_oratoria"",""co_posts"":47,""character_coverage"":0.328671},{""copyright"":""danmachi_memoria_freese"",""co_posts"":26,""character_coverage"":0.181818},{""copyright"":""danmachi_battle_chronicle"",""co_posts"":19,""character_coverage"":0.132867},{""copyright"":""fate/stay_night"",""co_posts"":4,""character_coverage"":0.027972}]","","","PENDING",""
"I70-016274","lilique_kadoka_lipati","4","Character","149","","","","リリッケ・カドカ・リパティ","","","[{""copyright"":""gundam"",""co_posts"":144,""character_coverage"":1.0},{""copyright"":""gundam_suisei_no_majo"",""co_posts"":144,""character_coverage"":1.0},{""copyright"":""animage"",""co_posts"":2,""character_coverage"":0.013889},{""copyright"":""ojamajo_doremi"",""co_posts"":2,""character_coverage"":0.013889},{""copyright"":""pokemon"",""co_posts"":2,""character_coverage"":0.013889}]","","","PENDING",""
"I70-016275","lily_(duolingo)","4","Character","149","","","","","リリー(Duolingo)","","[{""copyright"":""duolingo"",""co_posts"":109,""character_coverage"":1.0},{""copyright"":""hololive"",""co_posts"":2,""character_coverage"":0.018349},{""copyright"":""original"",""co_posts"":2,""character_coverage"":0.018349},{""copyright"":""eizouken_ni_wa_te_wo_dasu_na!"",""co_posts"":1,""character_coverage"":0.009174},{""copyright"":""inside_out"",""co_posts"":1,""character_coverage"":0.009174}]","","","PENDING",""
"I70-016276","lize_helesta_(gown)","4","Character","149","lize_helesta_(3rd_costume)","lize helesta (3rd costume)","","","リゼ・ヘルエスタ(ドレス)","","[{""copyright"":""nijisanji"",""co_posts"":144,""character_coverage"":1.0},{""copyright"":""calbee_(potato_chips)"",""co_posts"":2,""character_coverage"":0.013889},{""copyright"":""pokemon"",""co_posts"":2,""character_coverage"":0.013889},{""copyright"":""dragon_quest"",""co_posts"":1,""character_coverage"":0.006944},{""copyright"":""dragon_quest_xi"",""co_posts"":1,""character_coverage"":0.006944}]","","","PENDING",""
"I70-016277","louis_(metaphor:_refantazio)","4","Character","149","louis_guiabern","louis guiabern","","","","","[{""copyright"":""metaphor:_refantazio"",""co_posts"":148,""character_coverage"":1.0},{""copyright"":""atlus"",""co_posts"":2,""character_coverage"":0.013514},{""copyright"":""family_guy"",""co_posts"":1,""character_coverage"":0.006757},{""copyright"":""fire_emblem"",""co_posts"":1,""character_coverage"":0.006757},{""copyright"":""fire_emblem:_three_houses"",""co_posts"":1,""character_coverage"":0.006757}]","","","PENDING",""
"I70-016278","lucian_(pokemon)","4","Character","149","goyou_(pokemon)","goyou (pokemon)","","","ゴヨウ","","[{""copyright"":""pokemon"",""co_posts"":140,""character_coverage"":1.0},{""copyright"":""pokemon_diamond/pearl/platinum"",""co_posts"":132,""character_coverage"":0.942857},{""copyright"":""pokemon_heartgold_and_soulsilver"",""co_posts"":21,""character_coverage"":0.15},{""copyright"":""pokemon_black_and_white"",""co_posts"":19,""character_coverage"":0.135714},{""copyright"":""pokemon_platinum"",""co_posts"":15,""character_coverage"":0.107143}]","","","PENDING",""
"I70-016279","makaino_ririmu_(1st_costume)","4","Character","149","","","","","魔界ノりりむ(通常)","","[{""copyright"":""nijisanji"",""co_posts"":145,""character_coverage"":1.0},{""copyright"":""coca-cola"",""co_posts"":1,""character_coverage"":0.006897},{""copyright"":""dead_by_daylight"",""co_posts"":1,""character_coverage"":0.006897},{""copyright"":""mario_(series)"",""co_posts"":1,""character_coverage"":0.006897},{""copyright"":""mario_kart"",""co_posts"":1,""character_coverage"":0.006897}]","","","PENDING",""
"I70-016280","male_saniwa_(touken_ranbu)","4","Character","149","","","","","男審神者","","[{""copyright"":""touken_ranbu"",""co_posts"":109,""character_coverage"":1.0},{""copyright"":""kantai_collection"",""co_posts"":2,""character_coverage"":0.018349},{""copyright"":""a3!"",""co_posts"":1,""character_coverage"":0.009174},{""copyright"":""katsugeki/touken_ranbu"",""co_posts"":1,""character_coverage"":0.009174}]","","","PENDING",""
"I70-016281","mandy_(grim_adventures)","4","Character","149","","","","","マンディ（厳しい冒険）","","[{""copyright"":""the_grim_adventures_of_billy_&_mandy"",""co_posts"":104,""character_coverage"":1.0},{""copyright"":""powerpuff_girls"",""co_posts"":24,""character_coverage"":0.230769},{""copyright"":""cartoon_network"",""co_posts"":17,""character_coverage"":0.163462},{""copyright"":""dexter's_laboratory"",""co_posts"":14,""character_coverage"":0.134615},{""copyright"":""foster's_home_for_imaginary_friends"",""co_posts"":12,""character_coverage"":0.115385}]","","","PENDING",""
"I70-016282","marron_(dragon_ball)","4","Character","149","","","","","マーロン","","[{""copyright"":""dragon_ball"",""co_posts"":123,""character_coverage"":1.0},{""copyright"":""dragon_ball_z"",""co_posts"":87,""character_coverage"":0.707317},{""copyright"":""dragon_ball_gt"",""co_posts"":28,""character_coverage"":0.227642},{""copyright"":""dragon_ball_super"",""co_posts"":23,""character_coverage"":0.186992},{""copyright"":""dragon_ball_(classic)"",""co_posts"":7,""character_coverage"":0.056911}]","","","PENDING",""
"I70-016283","matou_zouken","4","Character","149","","","","","マキリ・ゾォルケン","","[{""copyright"":""fate_(series)"",""co_posts"":134,""character_coverage"":1.0},{""copyright"":""fate/zero"",""co_posts"":74,""character_coverage"":0.552239},{""copyright"":""fate/stay_night"",""co_posts"":73,""character_coverage"":0.544776},{""copyright"":""heaven's_feel"",""co_posts"":20,""character_coverage"":0.149254},{""copyright"":""fate/hollow_ataraxia"",""co_posts"":18,""character_coverage"":0.134328}]","","","PENDING",""
"I70-016284","matsuoka_chiroru","4","Character","149","","","","","松岡チロル","","[{""copyright"":""heaven_burns_red"",""co_posts"":145,""character_coverage"":1.0},{""copyright"":""key_(company)"",""co_posts"":5,""character_coverage"":0.034483},{""copyright"":""yostar"",""co_posts"":3,""character_coverage"":0.02069},{""copyright"":""angel_beats!"",""co_posts"":2,""character_coverage"":0.013793},{""copyright"":""air_(visual_novel)"",""co_posts"":1,""character_coverage"":0.006897}]","","","PENDING",""
"I70-016285","may_(spring_2021)_(pokemon)","4","Character","149","","","","","5月（2021年春）（ポケモン）","","[{""copyright"":""pokemon"",""co_posts"":136,""character_coverage"":1.0},{""copyright"":""pokemon_masters_ex"",""co_posts"":136,""character_coverage"":1.0},{""copyright"":""pokemon_diamond/pearl/platinum"",""co_posts"":13,""character_coverage"":0.095588},{""copyright"":""pokemon_omega_ruby_and_alpha_sapphire"",""co_posts"":12,""character_coverage"":0.088235},{""copyright"":""pokemon_black_and_white"",""co_posts"":5,""character_coverage"":0.036765}]","","","PENDING",""
"I70-016286","mejiro_palmer_(moonlit_devil)_(umamusume)","4","Character","149","mejiro_palmer_(devil_in_the_moonlight)_(umamusume)","mejiro palmer (devil in the moonlight) (umamusume)","","","月下の悪魔ちゃん♪","","[]","","","PENDING",""
"I70-016287","minato_matsuki","4","Character","149","","","","","","","[{""copyright"":""koharu_and_minato"",""co_posts"":147,""character_coverage"":1.0},{""copyright"":""adachi_to_shimamura"",""co_posts"":1,""character_coverage"":0.006803},{""copyright"":""doushitara_osananajimi_no_kanojo_ni_naremasu_ka!?"",""co_posts"":1,""character_coverage"":0.006803},{""copyright"":""medalist_(manga)"",""co_posts"":1,""character_coverage"":0.006803},{""copyright"":""project_sekai"",""co_posts"":1,""character_coverage"":0.006803}]","","","PENDING",""
"I70-016288","miura_asahi","4","Character","149","","","","","三浦旭","","[{""copyright"":""magia_record:_mahou_shoujo_madoka_magica_gaiden"",""co_posts"":146,""character_coverage"":1.0},{""copyright"":""mahou_shoujo_madoka_magica"",""co_posts"":146,""character_coverage"":1.0},{""copyright"":""mahou_shoujo_kazumi_magica"",""co_posts"":3,""character_coverage"":0.020548},{""copyright"":""mahou_shoujo_oriko_magica"",""co_posts"":3,""character_coverage"":0.020548},{""copyright"":""mahou_shoujo_suzune_magica"",""co_posts"":3,""character_coverage"":0.020548}]","","","PENDING",""
"I70-016289","mog_(ff6)","4","Character","149","","","","","モグ","","[{""copyright"":""final_fantasy"",""co_posts"":138,""character_coverage"":1.0},{""copyright"":""final_fantasy_vi"",""co_posts"":138,""character_coverage"":1.0},{""copyright"":""final_fantasy_iv"",""co_posts"":10,""character_coverage"":0.072464},{""copyright"":""final_fantasy_vii"",""co_posts"":10,""character_coverage"":0.072464},{""copyright"":""dissidia_final_fantasy"",""co_posts"":8,""character_coverage"":0.057971}]","","","PENDING",""
"I70-016290","namari_(dungeon_meshi)","4","Character","149","","","","ナマリ","","","[{""copyright"":""dungeon_meshi"",""co_posts"":139,""character_coverage"":1.0},{""copyright"":""avatar:_the_last_airbender"",""co_posts"":1,""character_coverage"":0.007194},{""copyright"":""avatar_legends"",""co_posts"":1,""character_coverage"":0.007194},{""copyright"":""baldur's_gate"",""co_posts"":1,""character_coverage"":0.007194},{""copyright"":""baldur's_gate_3"",""co_posts"":1,""character_coverage"":0.007194}]","","","PENDING",""
"I70-016291","nekonari_tama","4","Character","149","","","","","猫成珠","","[{""copyright"":""kimi_no_koto_ga_dai_dai_dai_dai_daisuki_na_100-nin_no_kanojo"",""co_posts"":134,""character_coverage"":1.0},{""copyright"":""high_school_dxd"",""co_posts"":2,""character_coverage"":0.014925},{""copyright"":""pokemon"",""co_posts"":2,""character_coverage"":0.014925},{""copyright"":""pokemon_go"",""co_posts"":2,""character_coverage"":0.014925},{""copyright"":""alice's_adventures_in_wonderland"",""co_posts"":1,""character_coverage"":0.007463}]","","","PENDING",""
"I70-016292","nene_(sengoku_musou)","4","Character","149","","","","","ねね","","[{""copyright"":""sengoku_musou"",""co_posts"":137,""character_coverage"":0.992754},{""copyright"":""sengoku_musou_2"",""co_posts"":62,""character_coverage"":0.449275},{""copyright"":""sengoku_musou_3"",""co_posts"":49,""character_coverage"":0.355072},{""copyright"":""sengoku_musou_4"",""co_posts"":20,""character_coverage"":0.144928},{""copyright"":""pokemon"",""co_posts"":6,""character_coverage"":0.043478}]","","","PENDING",""
"I70-016293","newcastle_(azur_lane)","4","Character","149","","","","ニューカッスル | ニューカッスル(アズールレーン)","纽卡斯尔","","[{""copyright"":""azur_lane"",""co_posts"":140,""character_coverage"":1.0},{""copyright"":""2channel"",""co_posts"":1,""character_coverage"":0.007143},{""copyright"":""neptune_(series)"",""co_posts"":1,""character_coverage"":0.007143},{""copyright"":""puyopuyo"",""co_posts"":1,""character_coverage"":0.007143},{""copyright"":""puyopuyo_fever"",""co_posts"":1,""character_coverage"":0.007143}]","","","PENDING",""
"I70-016294","nijimura_keicho","4","Character","149","","","","","虹村形兆","","[{""copyright"":""jojo_no_kimyou_na_bouken"",""co_posts"":148,""character_coverage"":1.0},{""copyright"":""diamond_wa_kudakenai"",""co_posts"":147,""character_coverage"":0.993243},{""copyright"":""vento_aureo"",""co_posts"":8,""character_coverage"":0.054054},{""copyright"":""stone_ocean"",""co_posts"":7,""character_coverage"":0.047297},{""copyright"":""battle_tendency"",""co_posts"":5,""character_coverage"":0.033784}]","","","PENDING",""
"I70-016295","nishiura_sora","4","Character","149","","","","","西浦そら","","[{""copyright"":""22/7"",""co_posts"":131,""character_coverage"":1.0},{""copyright"":""newtype"",""co_posts"":5,""character_coverage"":0.038168},{""copyright"":""atri-my_dear_moments-"",""co_posts"":1,""character_coverage"":0.007634},{""copyright"":""village_vanguard"",""co_posts"":1,""character_coverage"":0.007634}]","","","PENDING",""
"I70-016296","ooba_juri","4","Character","149","","","","","竜ケ崎の炎","","[{""copyright"":""mahou_shoujo_madoka_magica"",""co_posts"":145,""character_coverage"":1.0},{""copyright"":""magia_record:_mahou_shoujo_madoka_magica_gaiden"",""co_posts"":144,""character_coverage"":0.993103},{""copyright"":""mahou_shoujo_suzune_magica"",""co_posts"":5,""character_coverage"":0.034483},{""copyright"":""mahou_shoujo_tart_magica"",""co_posts"":4,""character_coverage"":0.027586},{""copyright"":""mahou_shoujo_oriko_magica"",""co_posts"":3,""character_coverage"":0.02069}]","","","PENDING",""
"I70-016297","pauline_(young)_(nintendo)","4","Character","149","pauline_(young)_(mario)","pauline (young) (mario)","","","少女ポリーン","","[{""copyright"":""donkey_kong_(series)"",""co_posts"":131,""character_coverage"":0.992424},{""copyright"":""donkey_kong_bananza"",""co_posts"":131,""character_coverage"":0.992424},{""copyright"":""mario_(series)"",""co_posts"":32,""character_coverage"":0.242424},{""copyright"":""super_mario_odyssey"",""co_posts"":9,""character_coverage"":0.068182},{""copyright"":""donkey_kong_(1981_game)"",""co_posts"":3,""character_coverage"":0.022727}]","","","PENDING",""
"I70-016298","prunce_(precure)","4","Character","149","","","","","プルンス","","[{""copyright"":""precure"",""co_posts"":139,""character_coverage"":1.0},{""copyright"":""star_twinkle_precure"",""co_posts"":139,""character_coverage"":1.0},{""copyright"":""hugtto!_precure"",""co_posts"":8,""character_coverage"":0.057554},{""copyright"":""tropical-rouge!_precure"",""co_posts"":8,""character_coverage"":0.057554},{""copyright"":""delicious_party_precure"",""co_posts"":6,""character_coverage"":0.043165}]","","","PENDING",""
"I70-016299","punk_girl_(pokemon)","4","Character","149","","","","","バッドガール","","[{""copyright"":""pokemon"",""co_posts"":128,""character_coverage"":1.0},{""copyright"":""pokemon_masters_ex"",""co_posts"":62,""character_coverage"":0.484375},{""copyright"":""pokemon_sun_and_moon"",""co_posts"":59,""character_coverage"":0.460938},{""copyright"":""pokemon_x_and_y"",""co_posts"":10,""character_coverage"":0.078125},{""copyright"":""pokemon_black_2_and_white_2"",""co_posts"":4,""character_coverage"":0.03125}]","","","PENDING",""
"I70-016300","quick_man","4","Character","149","quickman","quickman","","","クイックマン","","[{""copyright"":""mega_man_(classic)"",""co_posts"":137,""character_coverage"":1.0},{""copyright"":""mega_man_(series)"",""co_posts"":137,""character_coverage"":1.0},{""copyright"":""mega_man_2"",""co_posts"":102,""character_coverage"":0.744526},{""copyright"":""mega_man_3"",""co_posts"":17,""character_coverage"":0.124088},{""copyright"":""mega_man_1"",""co_posts"":12,""character_coverage"":0.087591}]","","","PENDING",""
"I70-016301","saeki_ritsuka","4","Character","149","","","","","佐伯リツカ","","[{""copyright"":""sousai_shoujo_teien"",""co_posts"":149,""character_coverage"":1.0},{""copyright"":""kotobukiya"",""co_posts"":18,""character_coverage"":0.120805},{""copyright"":""book_off"",""co_posts"":5,""character_coverage"":0.033557},{""copyright"":""project_tokyo_dolls"",""co_posts"":5,""character_coverage"":0.033557},{""copyright"":""frame_arms_girl"",""co_posts"":4,""character_coverage"":0.026846}]","","","PENDING",""
"I70-016302","sagimiya_ryou_(female)","4","Character","149","","","","","","","[{""copyright"":""zenbu_kimi_no_sei"",""co_posts"":149,""character_coverage"":1.0},{""copyright"":""comiket_103"",""co_posts"":1,""character_coverage"":0.006711},{""copyright"":""twitter"",""co_posts"":1,""character_coverage"":0.006711}]","","","PENDING",""
"I70-016303","saren_(real)_(princess_connect!)","4","Character","149","","","","佐々木咲恋(プリコネ)","佐々木咲恋","","[{""copyright"":""princess_connect!"",""co_posts"":143,""character_coverage"":1.0}]","","","PENDING",""
"I70-016304","shimura_tae","4","Character","149","","","","","志村妙","","[{""copyright"":""gintama"",""co_posts"":143,""character_coverage"":1.0},{""copyright"":""naruto_(series)"",""co_posts"":3,""character_coverage"":0.020979},{""copyright"":""pokemon"",""co_posts"":3,""character_coverage"":0.020979},{""copyright"":""ranma_1/2"",""co_posts"":3,""character_coverage"":0.020979},{""copyright"":""spy_x_family"",""co_posts"":3,""character_coverage"":0.020979}]","","","PENDING",""
"I70-016305","shion_(hundred_line)","4","Character","149","fb_(hundred_line),ghost_boy_(hundred_line)","fb (hundred line) | ghost boy (hundred line)","","","汐音","","[{""copyright"":""the_hundred_line_-last_defense_academy-"",""co_posts"":146,""character_coverage"":1.0},{""copyright"":""american_psycho"",""co_posts"":2,""character_coverage"":0.013699},{""copyright"":""danganronpa_(series)"",""co_posts"":2,""character_coverage"":0.013699},{""copyright"":""higurashi_no_naku_koro_ni"",""co_posts"":1,""character_coverage"":0.006849},{""copyright"":""monitoring_(vocaloid)"",""co_posts"":1,""character_coverage"":0.006849}]","","","PENDING",""
"I70-016306","shiranui_(azur_lane)","4","Character","149","","","","不知火(アズールレーン)","蒲","","[{""copyright"":""azur_lane"",""co_posts"":144,""character_coverage"":1.0},{""copyright"":""kantai_collection"",""co_posts"":9,""character_coverage"":0.0625},{""copyright"":""death_stranding"",""co_posts"":2,""character_coverage"":0.013889},{""copyright"":""2channel"",""co_posts"":1,""character_coverage"":0.006944},{""copyright"":""comiket_103"",""co_posts"":1,""character_coverage"":0.006944}]","","","PENDING",""
"I70-016307","soriz","4","Character","149","","","","","ソリッズ","","[{""copyright"":""granblue_fantasy"",""co_posts"":146,""character_coverage"":1.0},{""copyright"":""shingeki_no_bahamut"",""co_posts"":6,""character_coverage"":0.041096},{""copyright"":""granblue_fantasy_versus"",""co_posts"":5,""character_coverage"":0.034247},{""copyright"":""ace_attorney"",""co_posts"":1,""character_coverage"":0.006849},{""copyright"":""cygames"",""co_posts"":1,""character_coverage"":0.006849}]","","","PENDING",""
"I70-016308","space_ishtar_(third_ascension)_(fate)","4","Character","149","","","","","イシュタル・アシュタレト","","[{""copyright"":""fate/grand_order"",""co_posts"":144,""character_coverage"":1.0},{""copyright"":""fate_(series)"",""co_posts"":144,""character_coverage"":1.0},{""copyright"":""fate/stay_night"",""co_posts"":10,""character_coverage"":0.069444},{""copyright"":""fate/zero"",""co_posts"":4,""character_coverage"":0.027778},{""copyright"":""bishoujo_senshi_sailor_moon"",""co_posts"":2,""character_coverage"":0.013889}]","","","PENDING",""
"I70-016309","sylvanas_windrunner","4","Character","149","","","","","シルヴァナス・ウィンドランナー | 希尔瓦娜斯","Sylvanas | SylvanasWindrunner | windrunner","[{""copyright"":""warcraft"",""co_posts"":130,""character_coverage"":0.984848},{""copyright"":""world_of_warcraft"",""co_posts"":110,""character_coverage"":0.833333},{""copyright"":""heroes_of_the_storm"",""co_posts"":14,""character_coverage"":0.106061},{""copyright"":""starcraft"",""co_posts"":6,""character_coverage"":0.045455},{""copyright"":""diablo_(series)"",""co_posts"":4,""character_coverage"":0.030303}]","","","PENDING",""
"I70-016310","tataru_taru","4","Character","149","","","","タタル","","","[{""copyright"":""final_fantasy"",""co_posts"":147,""character_coverage"":1.0},{""copyright"":""final_fantasy_xiv"",""co_posts"":147,""character_coverage"":1.0},{""copyright"":""original"",""co_posts"":3,""character_coverage"":0.020408},{""copyright"":""sono_bisque_doll_wa_koi_wo_suru"",""co_posts"":2,""character_coverage"":0.013605},{""copyright"":""square_enix"",""co_posts"":2,""character_coverage"":0.013605}]","","","PENDING",""
"I70-016311","tikoh","4","Character","149","","","","ティコ | ティコ(グラブル)","","","[{""copyright"":""granblue_fantasy"",""co_posts"":145,""character_coverage"":1.0},{""copyright"":""cygames"",""co_posts"":1,""character_coverage"":0.006897},{""copyright"":""metal_gear_(series)"",""co_posts"":1,""character_coverage"":0.006897},{""copyright"":""metal_gear_solid_v:_the_phantom_pain"",""co_posts"":1,""character_coverage"":0.006897},{""copyright"":""original"",""co_posts"":1,""character_coverage"":0.006897}]","","","PENDING",""
"I70-016312","tragodia_(arknights)","4","Character","149","","","","","トラゴーディア(アークナイツ)","","[{""copyright"":""arknights"",""co_posts"":142,""character_coverage"":1.0},{""copyright"":""ambience_synesthesia"",""co_posts"":14,""character_coverage"":0.098592},{""copyright"":""monster_hunter_(series)"",""co_posts"":2,""character_coverage"":0.014085},{""copyright"":""bang_dream!"",""co_posts"":1,""character_coverage"":0.007042},{""copyright"":""bang_dream!_it's_mygo!!!!!"",""co_posts"":1,""character_coverage"":0.007042}]","","","PENDING",""
"I70-016313","turtonator","4","Character","149","","","","","バクガメス","","[{""copyright"":""pokemon"",""co_posts"":138,""character_coverage"":1.0},{""copyright"":""pokemon_(anime)"",""co_posts"":59,""character_coverage"":0.427536},{""copyright"":""pokemon_the_series:_sun_&_moon"",""co_posts"":58,""character_coverage"":0.42029},{""copyright"":""pokemon_sun_and_moon"",""co_posts"":21,""character_coverage"":0.152174},{""copyright"":""pokemon_sword_and_shield"",""co_posts"":21,""character_coverage"":0.152174}]","","","PENDING",""
"I70-016314","ultraman_gaia","4","Character","149","","","","","ウルトラマンガイア(キャラクター)","","[{""copyright"":""ultra_series"",""co_posts"":135,""character_coverage"":1.0},{""copyright"":""ultraman_gaia_(series)"",""co_posts"":134,""character_coverage"":0.992593},{""copyright"":""ultraman_dyna_(series)"",""co_posts"":18,""character_coverage"":0.133333},{""copyright"":""ultraman_tiga_(series)"",""co_posts"":18,""character_coverage"":0.133333},{""copyright"":""ultraman_mebius_(series)"",""co_posts"":6,""character_coverage"":0.044444}]","","","PENDING",""
"I70-016315","umise_yotsuha","4","Character","149","","","","","海妹四葉","","[{""copyright"":""nijisanji"",""co_posts"":142,""character_coverage"":1.0},{""copyright"":""nijisanji_en"",""co_posts"":17,""character_coverage"":0.119718},{""copyright"":""nijisanji_koshien"",""co_posts"":4,""character_coverage"":0.028169},{""copyright"":""nijisanji_kr"",""co_posts"":4,""character_coverage"":0.028169},{""copyright"":""nijisanji_id"",""co_posts"":2,""character_coverage"":0.014085}]","","","PENDING",""
"I70-016316","unown_l","4","Character","149","","","","","アンノーンL","","[{""copyright"":""pokemon"",""co_posts"":139,""character_coverage"":1.0},{""copyright"":""pokemon_gold/silver/crystal"",""co_posts"":22,""character_coverage"":0.158273},{""copyright"":""pokemon_(anime)"",""co_posts"":10,""character_coverage"":0.071942},{""copyright"":""pokemon_heartgold_and_soulsilver"",""co_posts"":9,""character_coverage"":0.064748},{""copyright"":""pokemon_(classic_anime)"",""co_posts"":8,""character_coverage"":0.057554}]","","","PENDING",""
"I70-016317","val_(yan_kodiac)","4","Character","149","","","","","","","[{""copyright"":""original"",""co_posts"":135,""character_coverage"":0.992647},{""copyright"":""hollow_knight"",""co_posts"":3,""character_coverage"":0.022059},{""copyright"":""hollow_knight:_silksong"",""co_posts"":2,""character_coverage"":0.014706},{""copyright"":""zenless_zone_zero"",""co_posts"":2,""character_coverage"":0.014706},{""copyright"":""azur_lane"",""co_posts"":1,""character_coverage"":0.007353}]","","","PENDING",""
"I70-016318","vanilla_(arknights)","4","Character","149","","","","バニラ | バニラ(アークナイツ)","香草","","[{""copyright"":""arknights"",""co_posts"":143,""character_coverage"":1.0},{""copyright"":""rainbow_six_siege"",""co_posts"":6,""character_coverage"":0.041958},{""copyright"":""dungeon_meshi"",""co_posts"":5,""character_coverage"":0.034965},{""copyright"":""a_deer_of_nine_colors"",""co_posts"":4,""character_coverage"":0.027972},{""copyright"":""monster_hunter_(series)"",""co_posts"":2,""character_coverage"":0.013986}]","","","PENDING",""
"I70-016319","wakaba_mutsumi_(cautus)","4","Character","149","","","","","","","[{""copyright"":""arknights"",""co_posts"":144,""character_coverage"":1.0},{""copyright"":""bang_dream!"",""co_posts"":144,""character_coverage"":1.0},{""copyright"":""bang_dream!_it's_mygo!!!!!"",""co_posts"":144,""character_coverage"":1.0},{""copyright"":""monster_hunter:_world"",""co_posts"":1,""character_coverage"":0.006944},{""copyright"":""monster_hunter_(series)"",""co_posts"":1,""character_coverage"":0.006944}]","","","PENDING",""
"I70-016320","wattrel","4","Character","149","","","","","カイデン","","[{""copyright"":""pokemon"",""co_posts"":142,""character_coverage"":1.0},{""copyright"":""pokemon_scarlet_and_violet"",""co_posts"":76,""character_coverage"":0.535211},{""copyright"":""pokemon_(anime)"",""co_posts"":20,""character_coverage"":0.140845},{""copyright"":""pokemon_horizons"",""co_posts"":18,""character_coverage"":0.126761},{""copyright"":""original"",""co_posts"":6,""character_coverage"":0.042254}]","","","PENDING",""
"I70-016321","yasuyori_(housamo)","4","Character","149","yasuyori_(tokyo_houkago_summoners)","yasuyori (tokyo houkago summoners)","","","ヤスヨリ","","[{""copyright"":""tokyo_afterschool_summoners"",""co_posts"":149,""character_coverage"":1.0},{""copyright"":""original"",""co_posts"":5,""character_coverage"":0.033557},{""copyright"":""live_a_hero"",""co_posts"":2,""character_coverage"":0.013423},{""copyright"":""arknights"",""co_posts"":1,""character_coverage"":0.006711},{""copyright"":""bakemono_no_ko"",""co_posts"":1,""character_coverage"":0.006711}]","","","PENDING",""
"I70-016322","yoshinoya_(hidamari_sketch)","4","Character","149","yoshinoya","yoshinoya","","","吉野屋","","[{""copyright"":""hidamari_sketch"",""co_posts"":118,""character_coverage"":1.0},{""copyright"":""mahou_shoujo_madoka_magica"",""co_posts"":4,""character_coverage"":0.033898},{""copyright"":""comp_h's"",""co_posts"":3,""character_coverage"":0.025424},{""copyright"":""death_note"",""co_posts"":3,""character_coverage"":0.025424},{""copyright"":""mahou_shoujo_madoka_magica_(anime)"",""co_posts"":3,""character_coverage"":0.025424}]","","","PENDING",""
"I70-016323","zygarde_(complete)","4","Character","149","","","","","パーフェクトジガルデ","","[{""copyright"":""pokemon"",""co_posts"":137,""character_coverage"":1.0},{""copyright"":""pokemon_legends:_z-a"",""co_posts"":21,""character_coverage"":0.153285},{""copyright"":""pokemon_(anime)"",""co_posts"":14,""character_coverage"":0.10219},{""copyright"":""pokemon_x_and_y"",""co_posts"":14,""character_coverage"":0.10219},{""copyright"":""pokemon_masters_ex"",""co_posts"":12,""character_coverage"":0.087591}]","","","PENDING",""
"I70-016324","agito_(nanoha)","4","Character","148","","","","","アギト（ナノハ）","","[{""copyright"":""lyrical_nanoha"",""co_posts"":129,""character_coverage"":1.0},{""copyright"":""mahou_shoujo_lyrical_nanoha_strikers"",""co_posts"":113,""character_coverage"":0.875969},{""copyright"":""mahou_shoujo_lyrical_nanoha_vivid"",""co_posts"":13,""character_coverage"":0.100775},{""copyright"":""mahou_shoujo_lyrical_nanoha"",""co_posts"":12,""character_coverage"":0.093023},{""copyright"":""mahou_shoujo_lyrical_nanoha_a's"",""co_posts"":9,""character_coverage"":0.069767}]","","","PENDING",""
"I70-016325","agnea_bristarni","4","Character","148","agnea_(octopath_traveler)","agnea (octopath traveler)","","","アグネア・ブリスターニ","","[{""copyright"":""octopath_traveler"",""co_posts"":137,""character_coverage"":1.0},{""copyright"":""octopath_traveler_ii"",""co_posts"":131,""character_coverage"":0.956204},{""copyright"":""octopath_traveler_i"",""co_posts"":14,""character_coverage"":0.10219},{""copyright"":""octopath_traveler:_champions_of_the_continent"",""co_posts"":9,""character_coverage"":0.065693},{""copyright"":""famitsu"",""co_posts"":1,""character_coverage"":0.007299}]","","","PENDING",""
"I70-016326","alex_(stardew_valley)","4","Character","148","","","","","アレックス（スターデューバレー）","","[{""copyright"":""stardew_valley"",""co_posts"":143,""character_coverage"":1.0},{""copyright"":""avatar_legends"",""co_posts"":1,""character_coverage"":0.006993},{""copyright"":""degrees_of_lewdity"",""co_posts"":1,""character_coverage"":0.006993},{""copyright"":""dungeon_meshi"",""co_posts"":1,""character_coverage"":0.006993},{""copyright"":""fate/grand_order"",""co_posts"":1,""character_coverage"":0.006993}]","","","PENDING",""
"I70-016327","angel_tear","4","Character","148","","","","","女神天使エンゼルティアー","","[{""copyright"":""nerawareta_megami_tenshi_angel_tear"",""co_posts"":148,""character_coverage"":1.0}]","","","PENDING",""
"I70-016328","beliora_vike","4","Character","148","vike_(zenless_zone_zero)","vike (zenless zone zero)","","","ベリオラ・ヴァイク","","[]","","","PENDING",""
"I70-016329","boltund","4","Character","148","","","","","パルスワン","","[{""copyright"":""pokemon"",""co_posts"":143,""character_coverage"":1.0},{""copyright"":""pokemon_sword_and_shield"",""co_posts"":52,""character_coverage"":0.363636},{""copyright"":""pokemon_(anime)"",""co_posts"":8,""character_coverage"":0.055944},{""copyright"":""pokemon_journeys"",""co_posts"":7,""character_coverage"":0.048951},{""copyright"":""pokemon_(classic_anime)"",""co_posts"":4,""character_coverage"":0.027972}]","","","PENDING",""
"I70-016330","celestia_(exs-tia)","4","Character","148","","","","","聖翼戦姫セレスティア","","[{""copyright"":""kouyoku_senki_exs-tia"",""co_posts"":148,""character_coverage"":1.0}]","","","PENDING",""
"I70-016331","chroche_latel_pastalie","4","Character","148","cloche_leythal_pastalia","cloche leythal pastalia","","","クローシェ・レーテル・パスタリエ","","[{""copyright"":""ar_tonelico"",""co_posts"":137,""character_coverage"":1.0},{""copyright"":""ar_tonelico_ii"",""co_posts"":137,""character_coverage"":1.0},{""copyright"":""ar_tonelico_i"",""co_posts"":10,""character_coverage"":0.072993},{""copyright"":""ar_tonelico_iii"",""co_posts"":6,""character_coverage"":0.043796},{""copyright"":""durarara!!"",""co_posts"":2,""character_coverage"":0.014599}]","","","PENDING",""
"I70-016332","cress_(pokemon)","4","Character","148","corn_(pokemon)","corn (pokemon)","","","コーン(トレーナー)","","[{""copyright"":""pokemon"",""co_posts"":144,""character_coverage"":1.0},{""copyright"":""pokemon_black_and_white"",""co_posts"":131,""character_coverage"":0.909722},{""copyright"":""pokemon_black_2_and_white_2"",""co_posts"":20,""character_coverage"":0.138889},{""copyright"":""pokemon_diamond/pearl/platinum"",""co_posts"":19,""character_coverage"":0.131944},{""copyright"":""pokemon_heartgold_and_soulsilver"",""co_posts"":16,""character_coverage"":0.111111}]","","","PENDING",""
"I70-016333","deepcolor_(arknights)","4","Character","148","","","","ディピカ | ディピカ(アークナイツ)","深海色","","[{""copyright"":""arknights"",""co_posts"":144,""character_coverage"":1.0},{""copyright"":""a_deer_of_nine_colors"",""co_posts"":3,""character_coverage"":0.020833},{""copyright"":""rainbow_six_siege"",""co_posts"":3,""character_coverage"":0.020833},{""copyright"":""monster_hunter_(series)"",""co_posts"":2,""character_coverage"":0.013889},{""copyright"":""the_legend_of_luo_xiaohei"",""co_posts"":2,""character_coverage"":0.013889}]","","","PENDING",""
"I70-016334","dragon_lord","4","Character","148","","","","","りゅうおう","","[{""copyright"":""dragon_quest"",""co_posts"":139,""character_coverage"":1.0},{""copyright"":""dragon_quest_i"",""co_posts"":129,""character_coverage"":0.928058},{""copyright"":""dragon_quest_ii"",""co_posts"":25,""character_coverage"":0.179856},{""copyright"":""dragon_quest_iii"",""co_posts"":24,""character_coverage"":0.172662},{""copyright"":""dragon_quest_iv"",""co_posts"":13,""character_coverage"":0.093525}]","","","PENDING",""
"I70-016335","drapion","4","Character","148","","","","","ドラピオン","","[{""copyright"":""pokemon"",""co_posts"":139,""character_coverage"":1.0},{""copyright"":""pokemon_diamond/pearl/platinum"",""co_posts"":32,""character_coverage"":0.230216},{""copyright"":""pokemon_black_and_white"",""co_posts"":17,""character_coverage"":0.122302},{""copyright"":""pokemon_(anime)"",""co_posts"":13,""character_coverage"":0.093525},{""copyright"":""pokemon_the_series:_diamond_and_pearl"",""co_posts"":10,""character_coverage"":0.071942}]","","","PENDING",""
"I70-016336","elisabeth_blanctorche","4","Character","148","elizabeth_blanchtorche","elizabeth blanchtorche","","","エリザベート・ブラントルシュ","","[{""copyright"":""the_king_of_fighters"",""co_posts"":137,""character_coverage"":1.0},{""copyright"":""the_king_of_fighters_xi"",""co_posts"":28,""character_coverage"":0.20438},{""copyright"":""the_king_of_fighters_xiii"",""co_posts"":28,""character_coverage"":0.20438},{""copyright"":""the_king_of_fighters_xv"",""co_posts"":21,""character_coverage"":0.153285},{""copyright"":""fatal_fury"",""co_posts"":14,""character_coverage"":0.10219}]","","","PENDING",""
"I70-016337","enokawa_miyu","4","Character","148","","","","","","","[{""copyright"":""original"",""co_posts"":147,""character_coverage"":0.993243},{""copyright"":""comiket_102"",""co_posts"":1,""character_coverage"":0.006757},{""copyright"":""ki_ga_hayai_kouhai_kanojo"",""co_posts"":1,""character_coverage"":0.006757},{""copyright"":""twitter"",""co_posts"":1,""character_coverage"":0.006757}]","","","PENDING",""
"I70-016338","fat_gum_(boku_no_hero_academia)","4","Character","148","toyomitsu_taishiro","toyomitsu taishiro","","","ファットガム","","[{""copyright"":""boku_no_hero_academia"",""co_posts"":147,""character_coverage"":1.0},{""copyright"":""one_piece"",""co_posts"":3,""character_coverage"":0.020408},{""copyright"":""tonari_no_totoro"",""co_posts"":3,""character_coverage"":0.020408},{""copyright"":""trigun"",""co_posts"":2,""character_coverage"":0.013605},{""copyright"":""trigun_stampede"",""co_posts"":2,""character_coverage"":0.013605}]","","","PENDING",""
"I70-016339","fukuyama_chihiro","4","Character","148","","","","","福山千尋","","[{""copyright"":""yaiteru_futari"",""co_posts"":148,""character_coverage"":1.0}]","","","PENDING",""
"I70-016340","fuumin_(youkai_watch)","4","Character","148","insomni","insomni","","","フゥミン","","[{""copyright"":""youkai_watch"",""co_posts"":135,""character_coverage"":1.0},{""copyright"":""youkai_watch_2"",""co_posts"":10,""character_coverage"":0.074074},{""copyright"":""youkai_watch_3"",""co_posts"":4,""character_coverage"":0.02963},{""copyright"":""black_jack_(series)"",""co_posts"":2,""character_coverage"":0.014815},{""copyright"":""hokuto_no_ken"",""co_posts"":2,""character_coverage"":0.014815}]","","","PENDING",""
"I70-016341","gager_(girls'_frontline)","4","Character","148","gager_(girls_frontline)","gager (girls frontline)","","ゲーガー(ドールズフロントライン)","計量官 | 計量官(少女前線) | 计量官 | 计量官(少女前线)","","[{""copyright"":""girls'_frontline"",""co_posts"":138,""character_coverage"":1.0},{""copyright"":""va-11_hall-a"",""co_posts"":2,""character_coverage"":0.014493},{""copyright"":""arknights"",""co_posts"":1,""character_coverage"":0.007246},{""copyright"":""boy's_club"",""co_posts"":1,""character_coverage"":0.007246},{""copyright"":""djmax"",""co_posts"":1,""character_coverage"":0.007246}]","","","PENDING",""
"I70-016342","girl_with_a_blonde_braid_(tomoshibi_hidekazu)","4","Character","148","","","","","金髪おさげさん","","[{""copyright"":""original"",""co_posts"":144,""character_coverage"":0.979592},{""copyright"":""pixiv_fantasia"",""co_posts"":2,""character_coverage"":0.013605},{""copyright"":""pixiv_fantasia_2"",""co_posts"":2,""character_coverage"":0.013605},{""copyright"":""lyrical_nanoha"",""co_posts"":1,""character_coverage"":0.006803},{""copyright"":""mahou_shoujo_lyrical_nanoha"",""co_posts"":1,""character_coverage"":0.006803}]","","","PENDING",""
"I70-016343","gothita","4","Character","148","","","","","ゴチム","","[{""copyright"":""pokemon"",""co_posts"":143,""character_coverage"":1.0},{""copyright"":""pokemon_black_and_white"",""co_posts"":37,""character_coverage"":0.258741},{""copyright"":""pokemon_sword_and_shield"",""co_posts"":23,""character_coverage"":0.160839},{""copyright"":""pokemon_black_2_and_white_2"",""co_posts"":10,""character_coverage"":0.06993},{""copyright"":""pokemon_diamond/pearl/platinum"",""co_posts"":8,""character_coverage"":0.055944}]","","","PENDING",""
"I70-016344","gunbreaker_(final_fantasy)","4","Character","148","","","","","ガンブレーカー（ファイナルファンタジー）","","[{""copyright"":""final_fantasy"",""co_posts"":143,""character_coverage"":1.0},{""copyright"":""final_fantasy_xiv"",""co_posts"":143,""character_coverage"":1.0},{""copyright"":""original"",""co_posts"":11,""character_coverage"":0.076923},{""copyright"":""nier:automata"",""co_posts"":4,""character_coverage"":0.027972},{""copyright"":""nier_(series)"",""co_posts"":4,""character_coverage"":0.027972}]","","","PENDING",""
"I70-016345","hanazono_shuka","4","Character","148","hanazono_shuuka","hanazono shuuka","","","華園しゅうか","","[{""copyright"":""pretty_series"",""co_posts"":146,""character_coverage"":1.0},{""copyright"":""pripara"",""co_posts"":146,""character_coverage"":1.0},{""copyright"":""idol_time_pripara"",""co_posts"":141,""character_coverage"":0.965753},{""copyright"":""king_of_prism"",""co_posts"":4,""character_coverage"":0.027397},{""copyright"":""pretty_rhythm"",""co_posts"":4,""character_coverage"":0.027397}]","","","PENDING",""
"I70-016346","hinata_mashu","4","Character","148","","","","","日向ましゅ","","[{""copyright"":""nanashi_inc."",""co_posts"":135,""character_coverage"":1.0},{""copyright"":""comiket_104"",""co_posts"":1,""character_coverage"":0.007407},{""copyright"":""don_quijote_(store)"",""co_posts"":1,""character_coverage"":0.007407},{""copyright"":""eureka_seven"",""co_posts"":1,""character_coverage"":0.007407},{""copyright"":""eureka_seven_(series)"",""co_posts"":1,""character_coverage"":0.007407}]","","","PENDING",""
"I70-016347","ico_(megaman_x_dive)","4","Character","148","","","","","iCO(ロックマン)","","[{""copyright"":""mega_man_(series)"",""co_posts"":140,""character_coverage"":1.0},{""copyright"":""mega_man_x_(series)"",""co_posts"":140,""character_coverage"":1.0},{""copyright"":""mega_man_x_dive"",""co_posts"":140,""character_coverage"":1.0},{""copyright"":""darkstalkers"",""co_posts"":12,""character_coverage"":0.085714},{""copyright"":""capcom"",""co_posts"":10,""character_coverage"":0.071429}]","","","PENDING",""
"I70-016348","ivan_(zombie_stage)","4","Character","148","","","","","イヴァン","","[]","","","PENDING",""
"I70-016349","izumi_kiri","4","Character","148","","","","","伊澄桐利","","[{""copyright"":""dolphin_wave"",""co_posts"":143,""character_coverage"":1.0},{""copyright"":""senran_kagura"",""co_posts"":9,""character_coverage"":0.062937},{""copyright"":""senki_zesshou_symphogear"",""co_posts"":8,""character_coverage"":0.055944},{""copyright"":""marvelous"",""co_posts"":4,""character_coverage"":0.027972},{""copyright"":""azur_lane"",""co_posts"":2,""character_coverage"":0.013986}]","","","PENDING",""
"I70-016350","kalluto_zoldyck","4","Character","148","","","","","カルト=ゾルディック","","[{""copyright"":""hunter_x_hunter"",""co_posts"":141,""character_coverage"":1.0},{""copyright"":""bishoujo_senshi_sailor_moon"",""co_posts"":3,""character_coverage"":0.021277},{""copyright"":""sen_to_chihiro_no_kamikakushi"",""co_posts"":2,""character_coverage"":0.014184},{""copyright"":""bleach"",""co_posts"":1,""character_coverage"":0.007092},{""copyright"":""chibi_maruko-chan"",""co_posts"":1,""character_coverage"":0.007092}]","","","PENDING",""
"I70-016351","karen_(sister_princess)","4","Character","148","","","","","可憐(シスプリ)","","[{""copyright"":""sister_princess"",""co_posts"":133,""character_coverage"":1.0},{""copyright"":""nanashi_inc."",""co_posts"":4,""character_coverage"":0.030075},{""copyright"":""nijisanji"",""co_posts"":4,""character_coverage"":0.030075},{""copyright"":""kamen_rider"",""co_posts"":3,""character_coverage"":0.022556},{""copyright"":""kamen_rider_ryuki_(series)"",""co_posts"":2,""character_coverage"":0.015038}]","","","PENDING",""
"I70-016352","kazari_jun","4","Character","148","","","","","飾利潤","","[{""copyright"":""magia_record:_mahou_shoujo_madoka_magica_gaiden"",""co_posts"":137,""character_coverage"":1.0},{""copyright"":""mahou_shoujo_madoka_magica"",""co_posts"":137,""character_coverage"":1.0},{""copyright"":""mahou_shoujo_tart_magica"",""co_posts"":3,""character_coverage"":0.021898},{""copyright"":""lyrical_nanoha"",""co_posts"":2,""character_coverage"":0.014599},{""copyright"":""mahou_shoujo_kazumi_magica"",""co_posts"":2,""character_coverage"":0.014599}]","","","PENDING",""
"I70-016353","kirishima_kanna","4","Character","148","","","","","桐島カンナ","","[{""copyright"":""sakura_taisen"",""co_posts"":141,""character_coverage"":1.0},{""copyright"":""sakura_taisen_ii"",""co_posts"":49,""character_coverage"":0.347518},{""copyright"":""sega"",""co_posts"":24,""character_coverage"":0.170213},{""copyright"":""sakura_taisen_v"",""co_posts"":14,""character_coverage"":0.099291},{""copyright"":""sakura_taisen_iii"",""co_posts"":12,""character_coverage"":0.085106}]","","","PENDING",""
"I70-016354","kitami_sawako","4","Character","148","","","","","北見紗和子","","[{""copyright"":""mahjong_soul"",""co_posts"":145,""character_coverage"":1.0},{""copyright"":""initial_d"",""co_posts"":2,""character_coverage"":0.013793}]","","","PENDING",""
"I70-016355","kufei","4","Character","148","ku_fei","ku fei","","","クーフェイ","","[{""copyright"":""mahou_sensei_negima!"",""co_posts"":114,""character_coverage"":1.0},{""copyright"":""megami_magazine"",""co_posts"":2,""character_coverage"":0.017544},{""copyright"":""bishoujo_senshi_sailor_moon"",""co_posts"":1,""character_coverage"":0.008772},{""copyright"":""melty_blood"",""co_posts"":1,""character_coverage"":0.008772},{""copyright"":""saint_seiya"",""co_posts"":1,""character_coverage"":0.008772}]","","","PENDING",""
"I70-016356","leaf_nun_(diva)","4","Character","148","grey_bangs_nun_(diva)","grey bangs nun (diva)","","","リーフ・ナン（歌姫）","","[{""copyright"":""little_nuns_(diva)"",""co_posts"":146,""character_coverage"":1.0},{""copyright"":""mona_lisa"",""co_posts"":1,""character_coverage"":0.006849},{""copyright"":""omori"",""co_posts"":1,""character_coverage"":0.006849},{""copyright"":""the_last_supper"",""co_posts"":1,""character_coverage"":0.006849},{""copyright"":""vitruvian_man"",""co_posts"":1,""character_coverage"":0.006849}]","","","PENDING",""
"I70-016357","lucena_winter","4","Character","148","","","","","ルセナ・ウィンテール","","[{""copyright"":""original"",""co_posts"":146,""character_coverage"":1.0}]","","","PENDING",""
"I70-016358","lucy_loud","4","Character","148","","","","","ルーシーラウド","","[{""copyright"":""the_loud_house"",""co_posts"":123,""character_coverage"":1.0},{""copyright"":""the_ring"",""co_posts"":2,""character_coverage"":0.01626},{""copyright"":""adventure_time"",""co_posts"":1,""character_coverage"":0.00813},{""copyright"":""cookie_run"",""co_posts"":1,""character_coverage"":0.00813},{""copyright"":""darkstalkers"",""co_posts"":1,""character_coverage"":0.00813}]","","","PENDING",""
"I70-016359","luo_tianyi_(vocaloid3)","4","Character","148","","","","","","","[{""copyright"":""vocaloid"",""co_posts"":143,""character_coverage"":1.0},{""copyright"":""vsinger_(vocaloid)"",""co_posts"":143,""character_coverage"":1.0},{""copyright"":""voiceroid"",""co_posts"":7,""character_coverage"":0.048951},{""copyright"":""utau"",""co_posts"":6,""character_coverage"":0.041958},{""copyright"":""cevio"",""co_posts"":3,""character_coverage"":0.020979}]","","","PENDING",""
"I70-016360","mach_caliber","4","Character","148","","","","","マッハキャリバー","","[{""copyright"":""lyrical_nanoha"",""co_posts"":135,""character_coverage"":1.0},{""copyright"":""mahou_shoujo_lyrical_nanoha_strikers"",""co_posts"":124,""character_coverage"":0.918519},{""copyright"":""mahou_senki_lyrical_nanoha_force"",""co_posts"":8,""character_coverage"":0.059259},{""copyright"":""mahou_shoujo_lyrical_nanoha"",""co_posts"":7,""character_coverage"":0.051852},{""copyright"":""mahou_shoujo_lyrical_nanoha_vivid"",""co_posts"":7,""character_coverage"":0.051852}]","","","PENDING",""
"I70-016361","makoto_(minami-ke)","4","Character","148","","","","","マコト","","[{""copyright"":""minami-ke"",""co_posts"":138,""character_coverage"":1.0},{""copyright"":""hayate_no_gotoku!"",""co_posts"":3,""character_coverage"":0.021739},{""copyright"":""vocaloid"",""co_posts"":3,""character_coverage"":0.021739},{""copyright"":""baka_to_test_to_shoukanjuu"",""co_posts"":2,""character_coverage"":0.014493},{""copyright"":""comp_h's"",""co_posts"":2,""character_coverage"":0.014493}]","","","PENDING",""
"I70-016362","may_(contest)_(pokemon)","4","Character","148","","","","","","","[{""copyright"":""pokemon"",""co_posts"":136,""character_coverage"":1.0},{""copyright"":""pokemon_omega_ruby_and_alpha_sapphire"",""co_posts"":115,""character_coverage"":0.845588},{""copyright"":""pokemon_(anime)"",""co_posts"":20,""character_coverage"":0.147059},{""copyright"":""pokemon_journeys"",""co_posts"":15,""character_coverage"":0.110294},{""copyright"":""pokemon_adventures"",""co_posts"":6,""character_coverage"":0.044118}]","","","PENDING",""
"I70-016363","mechanic_(splatoon_raiders)","4","Character","148","","","","","メカニック(Splatoon)","","[{""copyright"":""splatoon_(series)"",""co_posts"":89,""character_coverage"":1.0},{""copyright"":""splatoon_raiders"",""co_posts"":87,""character_coverage"":0.977528},{""copyright"":""nintendo"",""co_posts"":1,""character_coverage"":0.011236},{""copyright"":""splatoon_1"",""co_posts"":1,""character_coverage"":0.011236},{""copyright"":""splatoon_2"",""co_posts"":1,""character_coverage"":0.011236}]","","","PENDING",""
"I70-016364","nagara_(azur_lane)","4","Character","148","","","","長良(アズールレーン)","貊","","[{""copyright"":""azur_lane"",""co_posts"":142,""character_coverage"":1.0},{""copyright"":""azur_lane:_slow_ahead"",""co_posts"":4,""character_coverage"":0.028169},{""copyright"":""kantai_collection"",""co_posts"":2,""character_coverage"":0.014085},{""copyright"":""kobeya"",""co_posts"":2,""character_coverage"":0.014085},{""copyright"":""2channel"",""co_posts"":1,""character_coverage"":0.007042}]","","","PENDING",""
"I70-016365","napoli_(azur_lane)","4","Character","148","","","","","ナポリ(アズールレーン)","","[{""copyright"":""azur_lane"",""co_posts"":137,""character_coverage"":1.0},{""copyright"":""azur_lane:_slow_ahead"",""co_posts"":12,""character_coverage"":0.087591},{""copyright"":""world_of_warships"",""co_posts"":5,""character_coverage"":0.036496},{""copyright"":""blue_archive"",""co_posts"":1,""character_coverage"":0.007299},{""copyright"":""yostar"",""co_posts"":1,""character_coverage"":0.007299}]","","","PENDING",""
"I70-016366","naruse_maria","4","Character","148","","","","","成瀬万理亜","","[{""copyright"":""shinmai_maou_no_testament"",""co_posts"":108,""character_coverage"":1.0},{""copyright"":""megami_magazine"",""co_posts"":4,""character_coverage"":0.037037},{""copyright"":""nyantype"",""co_posts"":4,""character_coverage"":0.037037},{""copyright"":""boku_wa_tomodachi_ga_sukunai"",""co_posts"":2,""character_coverage"":0.018519},{""copyright"":""dengeki_g's"",""co_posts"":2,""character_coverage"":0.018519}]","","","PENDING",""
"I70-016367","nazuna_(stella_sora)","4","Character","148","","","","","ナズナ(ステラソラ)","","[{""copyright"":""stella_sora"",""co_posts"":139,""character_coverage"":1.0},{""copyright"":""shigoto_neko"",""co_posts"":3,""character_coverage"":0.021583},{""copyright"":""blue_archive"",""co_posts"":1,""character_coverage"":0.007194},{""copyright"":""yostar"",""co_posts"":1,""character_coverage"":0.007194}]","","","PENDING",""
"I70-016368","nia_(fancy_sundress)_(xenoblade)","4","Character","148","","","","","nia（ファンシーサンドレス）（xenoblade）","","[{""copyright"":""xenoblade_chronicles_(series)"",""co_posts"":130,""character_coverage"":1.0},{""copyright"":""xenoblade_chronicles_2"",""co_posts"":130,""character_coverage"":1.0},{""copyright"":""xenoblade_chronicles_3"",""co_posts"":7,""character_coverage"":0.053846},{""copyright"":""xenoblade_chronicles_1"",""co_posts"":3,""character_coverage"":0.023077},{""copyright"":""xenoblade_chronicles_3:_future_redeemed"",""co_posts"":3,""character_coverage"":0.023077}]","","","PENDING",""
"I70-016369","nina_kosaka_(1st_costume)","4","Character","148","","","","狐坂ニナ(通常)","","","[{""copyright"":""nijisanji"",""co_posts"":145,""character_coverage"":1.0},{""copyright"":""nijisanji_en"",""co_posts"":145,""character_coverage"":1.0},{""copyright"":""hololive"",""co_posts"":4,""character_coverage"":0.027586},{""copyright"":""hololive_indonesia"",""co_posts"":4,""character_coverage"":0.027586},{""copyright"":""indie_virtual_youtuber"",""co_posts"":4,""character_coverage"":0.027586}]","","","PENDING",""
"I70-016370","northern_goshawk_(kemono_friends)","4","Character","148","","","","","オオタカ(けものフレンズ)","","[{""copyright"":""kemono_friends"",""co_posts"":139,""character_coverage"":1.0},{""copyright"":""kemono_friends_3"",""co_posts"":30,""character_coverage"":0.215827},{""copyright"":""godzilla_(series)"",""co_posts"":4,""character_coverage"":0.028777},{""copyright"":""shin_godzilla"",""co_posts"":4,""character_coverage"":0.028777},{""copyright"":""keroro_gunsou"",""co_posts"":3,""character_coverage"":0.021583}]","","","PENDING",""
"I70-016371","panda_meiling_(seki_(red_shine))","4","Character","148","","","","","","","[{""copyright"":""touhou"",""co_posts"":146,""character_coverage"":0.993197},{""copyright"":""dragon_ball"",""co_posts"":3,""character_coverage"":0.020408},{""copyright"":""dragon_ball_z"",""co_posts"":2,""character_coverage"":0.013605},{""copyright"":""digimon"",""co_posts"":1,""character_coverage"":0.006803},{""copyright"":""famitsu"",""co_posts"":1,""character_coverage"":0.006803}]","","","PENDING",""
"I70-016372","phantas-moon_(second_ascension)","4","Character","148","","","","","スペース・ファンタズムーンV","","[{""copyright"":""fate/grand_order"",""co_posts"":118,""character_coverage"":0.991597},{""copyright"":""fate_(series)"",""co_posts"":118,""character_coverage"":0.991597},{""copyright"":""tsukihime"",""co_posts"":57,""character_coverage"":0.478992},{""copyright"":""tsukihime_(remake)"",""co_posts"":54,""character_coverage"":0.453782},{""copyright"":""melty_blood"",""co_posts"":3,""character_coverage"":0.02521}]","","","PENDING",""
"I70-016373","player_character_(lineage_2)","4","Character","148","","","","","","","[{""copyright"":""lineage"",""co_posts"":109,""character_coverage"":1.0},{""copyright"":""lineage_2"",""co_posts"":109,""character_coverage"":1.0},{""copyright"":""original"",""co_posts"":2,""character_coverage"":0.018349},{""copyright"":""aion"",""co_posts"":1,""character_coverage"":0.009174},{""copyright"":""doraemon"",""co_posts"":1,""character_coverage"":0.009174}]","","","PENDING",""
"I70-016374","potato_(pui_pui_molcar)","4","Character","148","","","","","ポテト","","[{""copyright"":""pui_pui_molcar"",""co_posts"":146,""character_coverage"":1.0},{""copyright"":""umamusume"",""co_posts"":24,""character_coverage"":0.164384},{""copyright"":""original"",""co_posts"":9,""character_coverage"":0.061644},{""copyright"":""kantai_collection"",""co_posts"":7,""character_coverage"":0.047945},{""copyright"":""hamtaro_(series)"",""co_posts"":5,""character_coverage"":0.034247}]","","","PENDING",""
"I70-016375","prototype_labiata","4","Character","148","","","","ラビアタ | ラビアタ・プロトタイプ","","라비아타 | 라비아타프로토타입","[{""copyright"":""last_origin"",""co_posts"":131,""character_coverage"":1.0},{""copyright"":""apple_inc."",""co_posts"":1,""character_coverage"":0.007634},{""copyright"":""blue_archive"",""co_posts"":1,""character_coverage"":0.007634},{""copyright"":""resident_evil"",""co_posts"":1,""character_coverage"":0.007634},{""copyright"":""resident_evil_village"",""co_posts"":1,""character_coverage"":0.007634}]","","","PENDING",""
"I70-016376","qbz-191_(girls'_frontline)","4","Character","148","","","","","QBZ-191(ドールズフロントライン)","","[{""copyright"":""girls'_frontline"",""co_posts"":131,""character_coverage"":1.0},{""copyright"":""girls'_frontline_2:_exilium"",""co_posts"":90,""character_coverage"":0.687023},{""copyright"":""metal_gear_(series)"",""co_posts"":2,""character_coverage"":0.015267},{""copyright"":""white_rabbit_candy"",""co_posts"":2,""character_coverage"":0.015267},{""copyright"":""shin_sangoku_musou"",""co_posts"":1,""character_coverage"":0.007634}]","","","PENDING",""
"I70-016377","ren_hakuryuu","4","Character","148","","","","","練白龍","","[{""copyright"":""magi_the_labyrinth_of_magic"",""co_posts"":148,""character_coverage"":1.0},{""copyright"":""mahou_shoujo_madoka_magica"",""co_posts"":2,""character_coverage"":0.013514},{""copyright"":""dungeon_meshi"",""co_posts"":1,""character_coverage"":0.006757},{""copyright"":""gundam"",""co_posts"":1,""character_coverage"":0.006757},{""copyright"":""gundam_seed"",""co_posts"":1,""character_coverage"":0.006757}]","","","PENDING",""
"I70-016378","rikuo_(darkstalkers)","4","Character","148","aulbath,rikuo","aulbath | rikuo","","","オルバス","","[{""copyright"":""darkstalkers"",""co_posts"":129,""character_coverage"":1.0},{""copyright"":""capcom"",""co_posts"":12,""character_coverage"":0.093023},{""copyright"":""street_fighter"",""co_posts"":9,""character_coverage"":0.069767},{""copyright"":""frankenstein"",""co_posts"":3,""character_coverage"":0.023256},{""copyright"":""capcom_fighting_jam"",""co_posts"":2,""character_coverage"":0.015504}]","","","PENDING",""
"I70-016379","sarashiki_tatenashi","4","Character","148","","","","","更識楯無","","[{""copyright"":""infinite_stratos"",""co_posts"":127,""character_coverage"":1.0},{""copyright"":""nyantype"",""co_posts"":3,""character_coverage"":0.023622},{""copyright"":""divine_gate"",""co_posts"":2,""character_coverage"":0.015748},{""copyright"":""senki_zesshou_symphogear"",""co_posts"":2,""character_coverage"":0.015748},{""copyright"":""taimanin_(series)"",""co_posts"":2,""character_coverage"":0.015748}]","","","PENDING",""
"I70-016380","sasaki_rico","4","Character","148","sasaki_rico_(voice_actor)","sasaki rico (voice actor)","","","あかりこ","","[{""copyright"":""real_life"",""co_posts"":75,""character_coverage"":0.646552},{""copyright"":""bang_dream!"",""co_posts"":73,""character_coverage"":0.62931},{""copyright"":""bang_dream!_it's_mygo!!!!!"",""co_posts"":72,""character_coverage"":0.62069},{""copyright"":""azure_striker_gunvolt"",""co_posts"":4,""character_coverage"":0.034483},{""copyright"":""azure_striker_gunvolt_3"",""co_posts"":4,""character_coverage"":0.034483}]","","","PENDING",""
"I70-016381","selen_tatsuki_(military)","4","Character","148","selen_tatsuki_(2nd_costume)","selen tatsuki (2nd costume)","","","セレン・龍月(軍服)","","[{""copyright"":""nijisanji"",""co_posts"":143,""character_coverage"":1.0},{""copyright"":""nijisanji_en"",""co_posts"":143,""character_coverage"":1.0},{""copyright"":""apex_legends"",""co_posts"":6,""character_coverage"":0.041958},{""copyright"":""hololive"",""co_posts"":2,""character_coverage"":0.013986},{""copyright"":""holostars"",""co_posts"":2,""character_coverage"":0.013986}]","","","PENDING",""
"I70-016382","spewpa","4","Character","148","","","","","コフーライ","","[{""copyright"":""pokemon"",""co_posts"":138,""character_coverage"":1.0},{""copyright"":""pokemon_x_and_y"",""co_posts"":18,""character_coverage"":0.130435},{""copyright"":""pokemon_(anime)"",""co_posts"":6,""character_coverage"":0.043478},{""copyright"":""pokemon_the_series:_xy"",""co_posts"":5,""character_coverage"":0.036232},{""copyright"":""pokemon:_arceus_and_the_jewel_of_life"",""co_posts"":3,""character_coverage"":0.021739}]","","","PENDING",""
"I70-016383","steven_a._starphase","4","Character","148","","","","","スティーブン・A・スターフェイズ","","[{""copyright"":""kekkai_sensen"",""co_posts"":133,""character_coverage"":1.0},{""copyright"":""pokemon"",""co_posts"":5,""character_coverage"":0.037594},{""copyright"":""steven_universe"",""co_posts"":3,""character_coverage"":0.022556},{""copyright"":""gundam"",""co_posts"":2,""character_coverage"":0.015038},{""copyright"":""gundam_gquuuuuux"",""co_posts"":2,""character_coverage"":0.015038}]","","","PENDING",""
"I70-016384","stiyl_magnus","4","Character","148","","","","","ステイル=マグヌス","","[{""copyright"":""toaru_majutsu_no_index"",""co_posts"":123,""character_coverage"":1.0},{""copyright"":""toaru_majutsu_no_index:_old_testament"",""co_posts"":68,""character_coverage"":0.552846},{""copyright"":""toaru_kagaku_no_railgun"",""co_posts"":22,""character_coverage"":0.178862},{""copyright"":""toaru_majutsu_no_index:_new_testament"",""co_posts"":17,""character_coverage"":0.138211},{""copyright"":""toaru_majutsu_no_index:_endymion_no_kiseki"",""co_posts"":11,""character_coverage"":0.089431}]","","","PENDING",""
"I70-016385","suzuna_(princess_connect!)","4","Character","148","minami_suzuna","minami suzuna","","スズナ | スズナ(プリコネ)","美波鈴奈","","[{""copyright"":""princess_connect!"",""co_posts"":145,""character_coverage"":1.0},{""copyright"":""cygames"",""co_posts"":2,""character_coverage"":0.013793},{""copyright"":""shadowverse"",""co_posts"":2,""character_coverage"":0.013793},{""copyright"":""amagami"",""co_posts"":1,""character_coverage"":0.006897}]","","","PENDING",""
"I70-016386","takanashi_koyomi","4","Character","148","","","","","小鳥遊暦","","[{""copyright"":""sousai_shoujo_teien"",""co_posts"":148,""character_coverage"":1.0},{""copyright"":""kotobukiya"",""co_posts"":18,""character_coverage"":0.121622},{""copyright"":""book_off"",""co_posts"":6,""character_coverage"":0.040541},{""copyright"":""project_tokyo_dolls"",""co_posts"":5,""character_coverage"":0.033784},{""copyright"":""frame_arms_girl"",""co_posts"":3,""character_coverage"":0.02027}]","","","PENDING",""
"I70-016387","thonburi_(kancolle)","4","Character","148","","","","","トンブリ","","[{""copyright"":""kantai_collection"",""co_posts"":141,""character_coverage"":1.0},{""copyright"":""final_fantasy"",""co_posts"":2,""character_coverage"":0.014184},{""copyright"":""gundam"",""co_posts"":2,""character_coverage"":0.014184},{""copyright"":""char's_counterattack"",""co_posts"":1,""character_coverage"":0.007092},{""copyright"":""comiket_108"",""co_posts"":1,""character_coverage"":0.007092}]","","","PENDING",""
"I70-016388","tokime_(fuuto_tantei)","4","Character","148","","","","","ときめ","","[{""copyright"":""kamen_rider"",""co_posts"":142,""character_coverage"":1.0},{""copyright"":""kamen_rider_w"",""co_posts"":142,""character_coverage"":1.0},{""copyright"":""fuuto_tantei"",""co_posts"":140,""character_coverage"":0.985915},{""copyright"":""dc_comics"",""co_posts"":4,""character_coverage"":0.028169},{""copyright"":""batman_(series)"",""co_posts"":3,""character_coverage"":0.021127}]","","","PENDING",""
"I70-016389","tomoe_(kamisama_hajimemashita)","4","Character","148","","","","","巴衛","","[{""copyright"":""kamisama_hajimemashita"",""co_posts"":147,""character_coverage"":1.0},{""copyright"":""naruto_(series)"",""co_posts"":3,""character_coverage"":0.020408},{""copyright"":""bocchi_the_rock!"",""co_posts"":1,""character_coverage"":0.006803},{""copyright"":""cho_kaguya-hime!"",""co_posts"":1,""character_coverage"":0.006803},{""copyright"":""dungeon_meshi"",""co_posts"":1,""character_coverage"":0.006803}]","","","PENDING",""
"I70-016390","tyrunt","4","Character","148","","","","","チゴラス","","[{""copyright"":""pokemon"",""co_posts"":145,""character_coverage"":1.0},{""copyright"":""pokemon_x_and_y"",""co_posts"":16,""character_coverage"":0.110345},{""copyright"":""pokemon_(anime)"",""co_posts"":10,""character_coverage"":0.068966},{""copyright"":""pokemon_the_series:_xy"",""co_posts"":8,""character_coverage"":0.055172},{""copyright"":""pokemon:_arceus_and_the_jewel_of_life"",""co_posts"":3,""character_coverage"":0.02069}]","","","PENDING",""
"I70-016391","uehara_miyako","4","Character","148","","","","","上原都","","[{""copyright"":""pani_poni_dash!"",""co_posts"":92,""character_coverage"":1.0},{""copyright"":""eureka_seven"",""co_posts"":2,""character_coverage"":0.021739},{""copyright"":""eureka_seven_(series)"",""co_posts"":2,""character_coverage"":0.021739},{""copyright"":""galaxy_angel"",""co_posts"":1,""character_coverage"":0.01087},{""copyright"":""galaxy_angel_rune"",""co_posts"":1,""character_coverage"":0.01087}]","","","PENDING",""
"I70-016392","urshifu_(single)","4","Character","148","","","","","ウーラオス(いちげきのかた)","","[{""copyright"":""pokemon"",""co_posts"":143,""character_coverage"":1.0},{""copyright"":""pokemon_sword_and_shield"",""co_posts"":34,""character_coverage"":0.237762},{""copyright"":""pokemon_tcg"",""co_posts"":8,""character_coverage"":0.055944},{""copyright"":""pokemon_sun_and_moon"",""co_posts"":5,""character_coverage"":0.034965},{""copyright"":""hunter_x_hunter"",""co_posts"":2,""character_coverage"":0.013986}]","","","PENDING",""
"I70-016393","vigna_(casual_vacation)_(arknights)","4","Character","148","","","","","Vigna（カジュアルバケーション）（Arknights）","","[{""copyright"":""arknights"",""co_posts"":144,""character_coverage"":1.0},{""copyright"":""ambience_synesthesia"",""co_posts"":1,""character_coverage"":0.006944}]","","","PENDING",""
"I70-016394","viki_(suikoden)","4","Character","148","","","","","Viki（suikoden）","","[{""copyright"":""gensou_suikoden"",""co_posts"":135,""character_coverage"":1.0},{""copyright"":""gensou_suikoden_ii"",""co_posts"":35,""character_coverage"":0.259259},{""copyright"":""gensou_suikoden_v"",""co_posts"":25,""character_coverage"":0.185185},{""copyright"":""gensou_suikoden_i"",""co_posts"":22,""character_coverage"":0.162963},{""copyright"":""gensou_suikoden_iii"",""co_posts"":18,""character_coverage"":0.133333}]","","","PENDING",""
"I70-016395","yasmine_(street_fighter)","4","Character","148","","","","","ヤスミン(ストリートファイター)","","[{""copyright"":""street_fighter"",""co_posts"":109,""character_coverage"":1.0},{""copyright"":""street_fighter_6"",""co_posts"":108,""character_coverage"":0.990826},{""copyright"":""final_fantasy"",""co_posts"":8,""character_coverage"":0.073394},{""copyright"":""final_fantasy_vii"",""co_posts"":8,""character_coverage"":0.073394},{""copyright"":""final_fantasy_vii_remake"",""co_posts"":8,""character_coverage"":0.073394}]","","","PENDING",""
"I70-016396","zentreya_(cyborg)_(1st_costume)","4","Character","148","zentreya_(3rd_costume)","zentreya (3rd costume)","","","","","[{""copyright"":""vshojo"",""co_posts"":81,""character_coverage"":0.669421},{""copyright"":""socks_agency"",""co_posts"":23,""character_coverage"":0.190083},{""copyright"":""indie_virtual_youtuber"",""co_posts"":21,""character_coverage"":0.173554},{""copyright"":""pokemon"",""co_posts"":3,""character_coverage"":0.024793},{""copyright"":""gamer_supps"",""co_posts"":2,""character_coverage"":0.016529}]","","","PENDING",""
"I70-016397","aiba_asagi","4","Character","147","","","","","藍羽浅葱","","[{""copyright"":""strike_the_blood"",""co_posts"":139,""character_coverage"":1.0},{""copyright"":""megami_magazine"",""co_posts"":17,""character_coverage"":0.122302},{""copyright"":""megami_magazine_deluxe"",""co_posts"":3,""character_coverage"":0.021583},{""copyright"":""divine_gate"",""co_posts"":2,""character_coverage"":0.014388},{""copyright"":""warship_girls_r"",""co_posts"":2,""character_coverage"":0.014388}]","","","PENDING",""
"I70-016398","akari_(new_year)_(blue_archive)","4","Character","147","","","","鰐渕アカリ(正月)","","","[{""copyright"":""blue_archive"",""co_posts"":145,""character_coverage"":1.0},{""copyright"":""yuruyuri"",""co_posts"":1,""character_coverage"":0.006897}]","","","PENDING",""
"I70-016399","alice_(ragnarok_online)","4","Character","147","","","","","アリス","","[{""copyright"":""ragnarok_online"",""co_posts"":140,""character_coverage"":1.0},{""copyright"":""black_rock_shooter"",""co_posts"":1,""character_coverage"":0.007143},{""copyright"":""comiket_83"",""co_posts"":1,""character_coverage"":0.007143},{""copyright"":""durarara!!"",""co_posts"":1,""character_coverage"":0.007143},{""copyright"":""lucky_star"",""co_posts"":1,""character_coverage"":0.007143}]","","","PENDING",""
"I70-016400","amaretto_(girls_und_panzer)","4","Character","147","","","","アマレット | アマレット(GuP) | アンツィオ高校","Si子","","[{""copyright"":""girls_und_panzer"",""co_posts"":132,""character_coverage"":1.0},{""copyright"":""girls_und_panzer_motto_love_love_sakusen_desu!"",""co_posts"":8,""character_coverage"":0.060606},{""copyright"":""girls_und_panzer_little_army"",""co_posts"":2,""character_coverage"":0.015152},{""copyright"":""girls_und_panzer_senshadou_daisakusen!"",""co_posts"":2,""character_coverage"":0.015152},{""copyright"":""428:_fuusa_sareta_shibuya_de"",""co_posts"":1,""character_coverage"":0.007576}]","","","PENDING",""
"I70-016401","amoonguss","4","Character","147","","","","","モロバレル","","[{""copyright"":""pokemon"",""co_posts"":134,""character_coverage"":1.0},{""copyright"":""pokemon_(anime)"",""co_posts"":30,""character_coverage"":0.223881},{""copyright"":""pokemon_black_and_white"",""co_posts"":18,""character_coverage"":0.134328},{""copyright"":""pokemon_(classic_anime)"",""co_posts"":9,""character_coverage"":0.067164},{""copyright"":""pokemon_black_2_and_white_2"",""co_posts"":9,""character_coverage"":0.067164}]","","","PENDING",""
"I70-016402","arunira","4","Character","147","","","","アルニラ","","","[{""copyright"":""original"",""co_posts"":134,""character_coverage"":1.0}]","","","PENDING",""
"I70-016403","aurora_e._juutilainen","4","Character","147","","","","アウロラ・E・ユーティライネン","","","[{""copyright"":""world_witches_series"",""co_posts"":139,""character_coverage"":1.0},{""copyright"":""strike_witches:_aurora_no_majo"",""co_posts"":131,""character_coverage"":0.942446},{""copyright"":""strike_witches"",""co_posts"":54,""character_coverage"":0.388489},{""copyright"":""brave_witches"",""co_posts"":33,""character_coverage"":0.23741},{""copyright"":""strike_witches:_suomus_misfits_squadron"",""co_posts"":10,""character_coverage"":0.071942}]","","","PENDING",""
"I70-016404","aussa_the_earth_charmer","4","Character","147","","","","","地霊使いアウス","","[{""copyright"":""yu-gi-oh!"",""co_posts"":128,""character_coverage"":1.0},{""copyright"":""yu-gi-oh!_duel_monsters"",""co_posts"":8,""character_coverage"":0.0625},{""copyright"":""comiket_104"",""co_posts"":3,""character_coverage"":0.023438},{""copyright"":""touhou"",""co_posts"":2,""character_coverage"":0.015625},{""copyright"":""yu-gi-oh!_rush_duel"",""co_posts"":2,""character_coverage"":0.015625}]","","","PENDING",""
"I70-016405","bergmite","4","Character","147","","","","","カチコール","","[{""copyright"":""pokemon"",""co_posts"":141,""character_coverage"":1.0},{""copyright"":""pokemon_x_and_y"",""co_posts"":15,""character_coverage"":0.106383},{""copyright"":""pokemon_scarlet_and_violet"",""co_posts"":8,""character_coverage"":0.056738},{""copyright"":""pokemon_mystery_dungeon"",""co_posts"":7,""character_coverage"":0.049645},{""copyright"":""pokemon_(anime)"",""co_posts"":5,""character_coverage"":0.035461}]","","","PENDING",""
"I70-016406","black_hair-chan_(ramchi)","4","Character","147","","","","","黒髪ちゃん（ラムチ）","","[{""copyright"":""original"",""co_posts"":143,""character_coverage"":1.0},{""copyright"":""line_(naver)"",""co_posts"":5,""character_coverage"":0.034965}]","","","PENDING",""
"I70-016407","bremerton_(pillowed_counseling)_(azur_lane)","4","Character","147","","","","ピロー・コンサルテーション","","","[{""copyright"":""azur_lane"",""co_posts"":141,""character_coverage"":1.0},{""copyright"":""comiket_107"",""co_posts"":2,""character_coverage"":0.014184},{""copyright"":""zenless_zone_zero"",""co_posts"":2,""character_coverage"":0.014184},{""copyright"":""blue_archive"",""co_posts"":1,""character_coverage"":0.007092},{""copyright"":""comiket_106"",""co_posts"":1,""character_coverage"":0.007092}]","","","PENDING",""
"I70-016408","charles_babbage_(fate)","4","Character","147","charles_babbage_(fate/grand_order)","charles babbage (fate/grand order)","","チャールズ・バベッジ | チャールズ・バベッジ(Fate)","","","[{""copyright"":""fate/grand_order"",""co_posts"":143,""character_coverage"":1.0},{""copyright"":""fate_(series)"",""co_posts"":143,""character_coverage"":1.0},{""copyright"":""fate/apocrypha"",""co_posts"":14,""character_coverage"":0.097902},{""copyright"":""five_star_stories"",""co_posts"":6,""character_coverage"":0.041958},{""copyright"":""fate/extra"",""co_posts"":5,""character_coverage"":0.034965}]","","","PENDING",""
"I70-016409","charmy_bee","4","Character","147","","","","","チャーミー・ビー","","[{""copyright"":""sonic_(series)"",""co_posts"":136,""character_coverage"":1.0},{""copyright"":""sonic_the_hedgehog_(classic)"",""co_posts"":22,""character_coverage"":0.161765},{""copyright"":""sonic_the_hedgehog_(idw)"",""co_posts"":15,""character_coverage"":0.110294},{""copyright"":""sonic_heroes"",""co_posts"":14,""character_coverage"":0.102941},{""copyright"":""sonic_rush_adventure"",""co_posts"":14,""character_coverage"":0.102941}]","","","PENDING",""
"I70-016410","cindy_moon","4","Character","147","","","","","シンディ・ムーン","","[{""copyright"":""marvel"",""co_posts"":123,""character_coverage"":1.0},{""copyright"":""spider-man_(series)"",""co_posts"":114,""character_coverage"":0.926829},{""copyright"":""avengers_(series)"",""co_posts"":11,""character_coverage"":0.089431},{""copyright"":""spider-verse"",""co_posts"":9,""character_coverage"":0.073171},{""copyright"":""spider-verse_(comics)"",""co_posts"":4,""character_coverage"":0.03252}]","","","PENDING",""
"I70-016411","daisuke_(mouthwashing)","4","Character","147","","","","","ダイスケ(Mouthwashing)","","[{""copyright"":""mouthwashing"",""co_posts"":143,""character_coverage"":1.0},{""copyright"":""limbus_company"",""co_posts"":4,""character_coverage"":0.027972},{""copyright"":""project_moon"",""co_posts"":4,""character_coverage"":0.027972},{""copyright"":""persona"",""co_posts"":2,""character_coverage"":0.013986},{""copyright"":""demon_days_(gorillaz)"",""co_posts"":1,""character_coverage"":0.006993}]","","","PENDING",""
"I70-016412","e.h._(nikke)","4","Character","147","elysion_harper_(nikke)","elysion harper (nikke)","","","E.H.(勝利の女神:NIKKE)","","[{""copyright"":""goddess_of_victory:_nikke"",""co_posts"":117,""character_coverage"":1.0},{""copyright"":""domino's_pizza"",""co_posts"":1,""character_coverage"":0.008547},{""copyright"":""original"",""co_posts"":1,""character_coverage"":0.008547}]","","","PENDING",""
"I70-016413","electro_slime_(genshin_impact)","4","Character","147","","","","","雷スライム","","[{""copyright"":""genshin_impact"",""co_posts"":143,""character_coverage"":1.0},{""copyright"":""coca-cola"",""co_posts"":2,""character_coverage"":0.013986},{""copyright"":""honkai_(series)"",""co_posts"":2,""character_coverage"":0.013986},{""copyright"":""mihoyo"",""co_posts"":2,""character_coverage"":0.013986},{""copyright"":""original"",""co_posts"":2,""character_coverage"":0.013986}]","","","PENDING",""
"I70-016414","ensign_(i_can_friday_by_day!)","4","Character","147","","","","","","","[{""copyright"":""i_can_friday_by_day!"",""co_posts"":142,""character_coverage"":1.0},{""copyright"":""gundam"",""co_posts"":137,""character_coverage"":0.964789},{""copyright"":""gundam_gquuuuuux"",""co_posts"":137,""character_coverage"":0.964789},{""copyright"":""mobile_suit_gundam"",""co_posts"":5,""character_coverage"":0.035211},{""copyright"":""gundam_suisei_no_majo"",""co_posts"":3,""character_coverage"":0.021127}]","","","PENDING",""
"I70-016415","finizen","4","Character","147","","","","","ナミイルカ","","[{""copyright"":""pokemon"",""co_posts"":139,""character_coverage"":1.0},{""copyright"":""pokemon_scarlet_and_violet"",""co_posts"":20,""character_coverage"":0.143885},{""copyright"":""pokemon_(anime)"",""co_posts"":8,""character_coverage"":0.057554},{""copyright"":""pokemon_horizons"",""co_posts"":5,""character_coverage"":0.035971},{""copyright"":""pokemon_tcg"",""co_posts"":3,""character_coverage"":0.021583}]","","","PENDING",""
"I70-016416","flamie_speeddraw","4","Character","147","fremy_speeddraw","fremy speeddraw","","フレミー | フレミー・スピッドロウ","芙蕾米","","[{""copyright"":""rokka_no_yuusha"",""co_posts"":145,""character_coverage"":1.0},{""copyright"":""dungeon_ni_deai_wo_motomeru_no_wa_machigatteiru_darou_ka"",""co_posts"":3,""character_coverage"":0.02069},{""copyright"":""kantai_collection"",""co_posts"":3,""character_coverage"":0.02069},{""copyright"":""fate_(series)"",""co_posts"":2,""character_coverage"":0.013793},{""copyright"":""rakudai_kishi_no_cavalry"",""co_posts"":2,""character_coverage"":0.013793}]","","","PENDING",""
"I70-016417","flower_(gynoid_talk)","4","Character","147","v_flower_(gynoid_talk)","v flower (gynoid talk)","","","花（gynoid話）","","[{""copyright"":""vocaloid"",""co_posts"":143,""character_coverage"":1.0},{""copyright"":""gynoid_talk"",""co_posts"":133,""character_coverage"":0.93007},{""copyright"":""cevio"",""co_posts"":25,""character_coverage"":0.174825},{""copyright"":""voiceroid"",""co_posts"":16,""character_coverage"":0.111888},{""copyright"":""a.i._voice"",""co_posts"":7,""character_coverage"":0.048951}]","","","PENDING",""
"I70-016418","fukatsu_kazunari","4","Character","147","","","","","深津一成","","[{""copyright"":""slam_dunk_(series)"",""co_posts"":146,""character_coverage"":1.0},{""copyright"":""harry_potter_(series)"",""co_posts"":1,""character_coverage"":0.006849},{""copyright"":""kanagawa_okinami_ura"",""co_posts"":1,""character_coverage"":0.006849},{""copyright"":""kirby_(series)"",""co_posts"":1,""character_coverage"":0.006849},{""copyright"":""wizarding_world"",""co_posts"":1,""character_coverage"":0.006849}]","","","PENDING",""
"I70-016419","grimoire_weiss","4","Character","147","","","","","グリモアワイス","","[{""copyright"":""nier_(series)"",""co_posts"":136,""character_coverage"":1.0},{""copyright"":""nier"",""co_posts"":127,""character_coverage"":0.933824},{""copyright"":""nier:automata"",""co_posts"":19,""character_coverage"":0.139706},{""copyright"":""drag-on_dragoon"",""co_posts"":7,""character_coverage"":0.051471},{""copyright"":""drag-on_dragoon_3"",""co_posts"":7,""character_coverage"":0.051471}]","","","PENDING",""
"I70-016420","gundam_age-1","4","Character","147","","","","","ガンダムAGE-1","","[{""copyright"":""gundam"",""co_posts"":141,""character_coverage"":1.0},{""copyright"":""gundam_age"",""co_posts"":138,""character_coverage"":0.978723},{""copyright"":""mahou_shoujo_madoka_magica"",""co_posts"":55,""character_coverage"":0.390071},{""copyright"":""mahou_shoujo_madoka_magica_(anime)"",""co_posts"":50,""character_coverage"":0.35461},{""copyright"":""gundam_seed"",""co_posts"":5,""character_coverage"":0.035461}]","","","PENDING",""
"I70-016421","hibiki_kaito","4","Character","147","","","","","響カイト","","[{""copyright"":""kimi_to_idol_precure"",""co_posts"":139,""character_coverage"":1.0},{""copyright"":""precure"",""co_posts"":139,""character_coverage"":1.0},{""copyright"":""wonderful_precure!"",""co_posts"":7,""character_coverage"":0.05036},{""copyright"":""hirogaru_sky!_precure"",""co_posts"":3,""character_coverage"":0.021583},{""copyright"":""real_life"",""co_posts"":3,""character_coverage"":0.021583}]","","","PENDING",""
"I70-016422","highmore_(arknights)","4","Character","147","","","","ハイモア(アークナイツ)","海沫","","[{""copyright"":""arknights"",""co_posts"":143,""character_coverage"":1.0},{""copyright"":""monster_hunter_(series)"",""co_posts"":3,""character_coverage"":0.020979},{""copyright"":""a_deer_of_nine_colors"",""co_posts"":2,""character_coverage"":0.013986},{""copyright"":""doraemon"",""co_posts"":2,""character_coverage"":0.013986},{""copyright"":""rainbow_six_siege"",""co_posts"":2,""character_coverage"":0.013986}]","","","PENDING",""
"I70-016423","hiiragi_kae","4","Character","147","","","","","柊かえ","","[{""copyright"":""re:stage!"",""co_posts"":145,""character_coverage"":1.0},{""copyright"":""tamagotchi"",""co_posts"":3,""character_coverage"":0.02069},{""copyright"":""tamagotchi_(classic)"",""co_posts"":2,""character_coverage"":0.013793},{""copyright"":""alice's_adventures_in_wonderland"",""co_posts"":1,""character_coverage"":0.006897},{""copyright"":""megami_magazine"",""co_posts"":1,""character_coverage"":0.006897}]","","","PENDING",""
"I70-016424","hiratsuka_shizuka","4","Character","147","","","","","平塚静","","[{""copyright"":""yahari_ore_no_seishun_lovecome_wa_machigatteiru."",""co_posts"":133,""character_coverage"":1.0},{""copyright"":""comiket_104"",""co_posts"":2,""character_coverage"":0.015038},{""copyright"":""original"",""co_posts"":2,""character_coverage"":0.015038},{""copyright"":""black_lagoon"",""co_posts"":1,""character_coverage"":0.007519},{""copyright"":""comiket_103"",""co_posts"":1,""character_coverage"":0.007519}]","","","PENDING",""
"I70-016425","ibuki_(dress)_(blue_archive)","4","Character","147","","","","丹花イブキ(ドレス)","","","[{""copyright"":""blue_archive"",""co_posts"":140,""character_coverage"":1.0},{""copyright"":""kantai_collection"",""co_posts"":1,""character_coverage"":0.007143},{""copyright"":""nexon"",""co_posts"":1,""character_coverage"":0.007143}]","","","PENDING",""
"I70-016426","ilima_(pokemon)","4","Character","147","","","","","イリマ(ポケモン)","","[{""copyright"":""pokemon"",""co_posts"":141,""character_coverage"":1.0},{""copyright"":""pokemon_sun_and_moon"",""co_posts"":125,""character_coverage"":0.886525},{""copyright"":""pokemon_(anime)"",""co_posts"":14,""character_coverage"":0.099291},{""copyright"":""pokemon_the_series:_sun_&_moon"",""co_posts"":14,""character_coverage"":0.099291},{""copyright"":""pokemon_scarlet_and_violet"",""co_posts"":10,""character_coverage"":0.070922}]","","","PENDING",""
"I70-016427","inventory_curse_(jujutsu_kaisen)","4","Character","147","","","","","丑宝","","[{""copyright"":""jujutsu_kaisen"",""co_posts"":140,""character_coverage"":1.0},{""copyright"":""family_guy"",""co_posts"":3,""character_coverage"":0.021429},{""copyright"":""tongari_boushi_no_atelier"",""co_posts"":1,""character_coverage"":0.007143}]","","","PENDING",""
"I70-016428","irene_(red_velvet)","4","Character","147","","","","","裴柱现","","[{""copyright"":""red_velvet_(group)"",""co_posts"":129,""character_coverage"":1.0},{""copyright"":""real_life"",""co_posts"":114,""character_coverage"":0.883721},{""copyright"":""blackpink"",""co_posts"":1,""character_coverage"":0.007752}]","","","PENDING",""
"I70-016429","iris_(takunomi)","4","Character","147","","","","アイリス","","","[{""copyright"":""enjo_kouhai"",""co_posts"":147,""character_coverage"":1.0},{""copyright"":""original"",""co_posts"":9,""character_coverage"":0.061224},{""copyright"":""comiket_100"",""co_posts"":6,""character_coverage"":0.040816}]","","","PENDING",""
"I70-016430","irizaki_mei","4","Character","147","","","","","西崎芽依","","[{""copyright"":""high_school_fleet"",""co_posts"":138,""character_coverage"":1.0},{""copyright"":""kantai_collection"",""co_posts"":4,""character_coverage"":0.028986},{""copyright"":""mc_axis"",""co_posts"":4,""character_coverage"":0.028986},{""copyright"":""megami_magazine"",""co_posts"":1,""character_coverage"":0.007246},{""copyright"":""tanaka-kun_wa_itsumo_kedaruge"",""co_posts"":1,""character_coverage"":0.007246}]","","","PENDING",""
"I70-016431","jisoo_(blackpink)","4","Character","147","","","","","","","[{""copyright"":""blackpink"",""co_posts"":101,""character_coverage"":0.980583},{""copyright"":""real_life"",""co_posts"":97,""character_coverage"":0.941748},{""copyright"":""gintama"",""co_posts"":2,""character_coverage"":0.019417},{""copyright"":""pokemon"",""co_posts"":2,""character_coverage"":0.019417},{""copyright"":""alien_stage"",""co_posts"":1,""character_coverage"":0.009709}]","","","PENDING",""
"I70-016432","kanzaki_mizuki","4","Character","147","","","","","神崎美月","","[{""copyright"":""aikatsu!_(series)"",""co_posts"":135,""character_coverage"":1.0},{""copyright"":""aikatsu!"",""co_posts"":128,""character_coverage"":0.948148},{""copyright"":""aikatsu_on_parade!"",""co_posts"":4,""character_coverage"":0.02963},{""copyright"":""aikatsu_stars!"",""co_posts"":4,""character_coverage"":0.02963},{""copyright"":""idolmaster"",""co_posts"":2,""character_coverage"":0.014815}]","","","PENDING",""
"I70-016433","kirara_(phantom_in_boots)_(genshin_impact)","4","Character","147","","","","","绮良良(倩影游侠)","","[{""copyright"":""genshin_impact"",""co_posts"":144,""character_coverage"":1.0},{""copyright"":""honkai:_star_rail"",""co_posts"":3,""character_coverage"":0.020833},{""copyright"":""honkai_(series)"",""co_posts"":3,""character_coverage"":0.020833},{""copyright"":""mihoyo"",""co_posts"":3,""character_coverage"":0.020833},{""copyright"":""honkai_impact_3rd"",""co_posts"":2,""character_coverage"":0.013889}]","","","PENDING",""
"I70-016434","kogure_kiminobu","4","Character","147","","","","","木暮公延","","[{""copyright"":""slam_dunk_(series)"",""co_posts"":145,""character_coverage"":1.0},{""copyright"":""doraemon"",""co_posts"":5,""character_coverage"":0.034483},{""copyright"":""my_melody_(series)"",""co_posts"":5,""character_coverage"":0.034483},{""copyright"":""sanrio"",""co_posts"":5,""character_coverage"":0.034483},{""copyright"":""fuwa_fuwa_cinnamoroll"",""co_posts"":2,""character_coverage"":0.013793}]","","","PENDING",""
"I70-016435","konohata_mira","4","Character","147","","","","","木ノ幡みら","","[{""copyright"":""koisuru_asteroid"",""co_posts"":136,""character_coverage"":1.0},{""copyright"":""manga_time_kirara"",""co_posts"":10,""character_coverage"":0.073529},{""copyright"":""gochuumon_wa_usagi_desu_ka?"",""co_posts"":4,""character_coverage"":0.029412},{""copyright"":""machikado_mazoku"",""co_posts"":4,""character_coverage"":0.029412},{""copyright"":""doraemon"",""co_posts"":3,""character_coverage"":0.022059}]","","","PENDING",""
"I70-016436","koro-sensei","4","Character","147","","","","","殺せんせー","","[{""copyright"":""ansatsu_kyoushitsu"",""co_posts"":141,""character_coverage"":1.0},{""copyright"":""naruto_(series)"",""co_posts"":9,""character_coverage"":0.06383},{""copyright"":""dragon_ball"",""co_posts"":8,""character_coverage"":0.056738},{""copyright"":""jujutsu_kaisen"",""co_posts"":7,""character_coverage"":0.049645},{""copyright"":""nige_jouzu_no_wakagimi"",""co_posts"":7,""character_coverage"":0.049645}]","","","PENDING",""
"I70-016437","kukulkan_(first_ascension)_(fate)","4","Character","147","","","","","","","[{""copyright"":""fate/grand_order"",""co_posts"":132,""character_coverage"":1.0},{""copyright"":""fate_(series)"",""co_posts"":132,""character_coverage"":1.0},{""copyright"":""fate/grand_order_arcade"",""co_posts"":2,""character_coverage"":0.015152},{""copyright"":""comiket_105"",""co_posts"":1,""character_coverage"":0.007576},{""copyright"":""fate/extra"",""co_posts"":1,""character_coverage"":0.007576}]","","","PENDING",""
"I70-016438","kurebayashi_juri","4","Character","147","","","","","紅林珠璃","","[{""copyright"":""aikatsu!_(series)"",""co_posts"":125,""character_coverage"":1.0},{""copyright"":""aikatsu!"",""co_posts"":124,""character_coverage"":0.992},{""copyright"":""aikatsu!_x_pripara_the_movie_-deai_no_kiseki!-"",""co_posts"":6,""character_coverage"":0.048},{""copyright"":""pretty_series"",""co_posts"":6,""character_coverage"":0.048},{""copyright"":""pripara"",""co_posts"":6,""character_coverage"":0.048}]","","","PENDING",""
"I70-016439","kurumi_noah_(7th_costume)","4","Character","147","","","","","","","[{""copyright"":""vspo!"",""co_posts"":145,""character_coverage"":1.0},{""copyright"":""pokemon"",""co_posts"":1,""character_coverage"":0.006897},{""copyright"":""tamagotchi"",""co_posts"":1,""character_coverage"":0.006897},{""copyright"":""tamagotchi_plus"",""co_posts"":1,""character_coverage"":0.006897}]","","","PENDING",""
"I70-016440","kusunoki_tomori","4","Character","147","","","","","楠木ともり","","[{""copyright"":""love_live!"",""co_posts"":111,""character_coverage"":0.770833},{""copyright"":""love_live!_nijigasaki_high_school_idol_club"",""co_posts"":111,""character_coverage"":0.770833},{""copyright"":""real_life"",""co_posts"":71,""character_coverage"":0.493056},{""copyright"":""chase!_(love_live!)"",""co_posts"":39,""character_coverage"":0.270833},{""copyright"":""chainsaw_man"",""co_posts"":23,""character_coverage"":0.159722}]","","","PENDING",""
"I70-016441","lear_(pokemon)","4","Character","147","lyer_(pokemon)","lyer (pokemon)","","","ライヤー","","[{""copyright"":""pokemon"",""co_posts"":137,""character_coverage"":1.0},{""copyright"":""pokemon_masters_ex"",""co_posts"":136,""character_coverage"":0.992701},{""copyright"":""pokemon_black_2_and_white_2"",""co_posts"":12,""character_coverage"":0.087591},{""copyright"":""pokemon_black_and_white"",""co_posts"":10,""character_coverage"":0.072993},{""copyright"":""pokemon_scarlet_and_violet"",""co_posts"":10,""character_coverage"":0.072993}]","","","PENDING",""
"I70-016442","lucy_(pokemon)","4","Character","147","azami_(pokemon)","azami (pokemon)","","","アザミ","","[{""copyright"":""pokemon"",""co_posts"":122,""character_coverage"":1.0},{""copyright"":""pokemon_ruby/sapphire/emerald"",""co_posts"":117,""character_coverage"":0.959016},{""copyright"":""pokemon_emerald"",""co_posts"":115,""character_coverage"":0.942623},{""copyright"":""pokemon_(anime)"",""co_posts"":8,""character_coverage"":0.065574},{""copyright"":""pokemon_diamond/pearl/platinum"",""co_posts"":8,""character_coverage"":0.065574}]","","","PENDING",""
"I70-016443","misumaru_yurika","4","Character","147","","","","","ミスマル・ユリカ","","[{""copyright"":""kidou_senkan_nadesico"",""co_posts"":133,""character_coverage"":1.0},{""copyright"":""super_robot_wars"",""co_posts"":5,""character_coverage"":0.037594},{""copyright"":""kantai_collection"",""co_posts"":4,""character_coverage"":0.030075},{""copyright"":""pixiv_azriel"",""co_posts"":4,""character_coverage"":0.030075},{""copyright"":""cardcaptor_sakura"",""co_posts"":3,""character_coverage"":0.022556}]","","","PENDING",""
"I70-016444","murasaki_shion_(magical_girl_maid)","4","Character","147","murasaki_shion_(6th_costume)","murasaki shion (6th costume)","","","","","[{""copyright"":""hololive"",""co_posts"":144,""character_coverage"":1.0},{""copyright"":""comiket_103"",""co_posts"":1,""character_coverage"":0.006944},{""copyright"":""hololive_english"",""co_posts"":1,""character_coverage"":0.006944},{""copyright"":""phase_connect"",""co_posts"":1,""character_coverage"":0.006944},{""copyright"":""phony_(cevio)"",""co_posts"":1,""character_coverage"":0.006944}]","","","PENDING",""
"I70-016445","myucel_foalan","4","Character","147","myuseru_foaran","myuseru foaran","","ミュセル | ミュセル・フォアラン","","","[{""copyright"":""outbreak_company"",""co_posts"":140,""character_coverage"":1.0},{""copyright"":""love_live!"",""co_posts"":5,""character_coverage"":0.035714},{""copyright"":""love_live!_school_idol_project"",""co_posts"":5,""character_coverage"":0.035714},{""copyright"":""hitsugi_no_chaika"",""co_posts"":3,""character_coverage"":0.021429},{""copyright"":""kantai_collection"",""co_posts"":3,""character_coverage"":0.021429}]","","","PENDING",""
"I70-016446","nakajou_tatsuya","4","Character","147","","","","","南条辰也","","[{""copyright"":""super_heroine_boy"",""co_posts"":146,""character_coverage"":0.993197},{""copyright"":""alice_girls_shiny_heart"",""co_posts"":50,""character_coverage"":0.340136},{""copyright"":""alice's_adventures_in_wonderland"",""co_posts"":1,""character_coverage"":0.006803},{""copyright"":""kuroko_no_basuke"",""co_posts"":1,""character_coverage"":0.006803},{""copyright"":""splatoon_(series)"",""co_posts"":1,""character_coverage"":0.006803}]","","","PENDING",""
"I70-016447","necrass_(summer_flowers)_(arknights)","4","Character","147","","","","","","","[{""copyright"":""arknights"",""co_posts"":121,""character_coverage"":1.0},{""copyright"":""ambience_synesthesia"",""co_posts"":1,""character_coverage"":0.008264}]","","","PENDING",""
"I70-016448","nick_holt","4","Character","147","","","","","","","[{""copyright"":""all_saints_street"",""co_posts"":67,""character_coverage"":1.0},{""copyright"":""hellboy_(comic)"",""co_posts"":1,""character_coverage"":0.014925}]","","","PENDING",""
"I70-016449","noah_(third_ascension)_(fate)","4","Character","147","","","","","ノア(Fate)","","[{""copyright"":""fate/grand_order"",""co_posts"":141,""character_coverage"":1.0},{""copyright"":""fate_(series)"",""co_posts"":141,""character_coverage"":1.0},{""copyright"":""fate/grand_order_arcade"",""co_posts"":40,""character_coverage"":0.283688},{""copyright"":""harry_potter_(series)"",""co_posts"":1,""character_coverage"":0.007092},{""copyright"":""mamotte_shugogetten!"",""co_posts"":1,""character_coverage"":0.007092}]","","","PENDING",""
"I70-016450","nojiko_(one_piece)","4","Character","147","","","","","ノジコ","","[{""copyright"":""one_piece"",""co_posts"":116,""character_coverage"":1.0},{""copyright"":""one_piece:_strong_world"",""co_posts"":2,""character_coverage"":0.017241},{""copyright"":""one_piece_treasure_cruise"",""co_posts"":2,""character_coverage"":0.017241},{""copyright"":""avatar:_the_last_airbender"",""co_posts"":1,""character_coverage"":0.008621},{""copyright"":""avatar_legends"",""co_posts"":1,""character_coverage"":0.008621}]","","","PENDING",""
"I70-016451","paris_(fate)","4","Character","147","paris_(fate/grand_order)","paris (fate/grand order)","","パリス(Fate)","","","[{""copyright"":""fate/grand_order"",""co_posts"":145,""character_coverage"":1.0},{""copyright"":""fate_(series)"",""co_posts"":145,""character_coverage"":1.0},{""copyright"":""fate/apocrypha"",""co_posts"":6,""character_coverage"":0.041379},{""copyright"":""fate/hollow_ataraxia"",""co_posts"":3,""character_coverage"":0.02069},{""copyright"":""fate/requiem"",""co_posts"":2,""character_coverage"":0.013793}]","","","PENDING",""
"I70-016452","pearl_drone_(splatoon)","4","Character","147","","","","ヒメドローン","","","[{""copyright"":""splatoon_(series)"",""co_posts"":141,""character_coverage"":1.0},{""copyright"":""splatoon_3"",""co_posts"":140,""character_coverage"":0.992908},{""copyright"":""splatoon_3:_side_order"",""co_posts"":136,""character_coverage"":0.964539},{""copyright"":""splatoon_2"",""co_posts"":4,""character_coverage"":0.028369},{""copyright"":""splatoon_2:_octo_expansion"",""co_posts"":2,""character_coverage"":0.014184}]","","","PENDING",""
"I70-016453","poison_miku_(project_voltage)","4","Character","147","","","","どくミク","","","[{""copyright"":""pokemon"",""co_posts"":143,""character_coverage"":1.0},{""copyright"":""project_voltage"",""co_posts"":143,""character_coverage"":1.0},{""copyright"":""vocaloid"",""co_posts"":143,""character_coverage"":1.0},{""copyright"":""pokemon_(anime)"",""co_posts"":2,""character_coverage"":0.013986},{""copyright"":""pokemon_(classic_anime)"",""co_posts"":2,""character_coverage"":0.013986}]","","","PENDING",""
"I70-016454","prince_(sennen_sensou_aigis)","4","Character","147","","","","","王子(千年戦争アイギス)","","[{""copyright"":""sennen_sensou_aigis"",""co_posts"":137,""character_coverage"":0.992754},{""copyright"":""monster_musume_td"",""co_posts"":29,""character_coverage"":0.210145},{""copyright"":""oshiro_project:re"",""co_posts"":24,""character_coverage"":0.173913},{""copyright"":""dmm"",""co_posts"":23,""character_coverage"":0.166667},{""copyright"":""google_chrome"",""co_posts"":1,""character_coverage"":0.007246}]","","","PENDING",""
"I70-016455","prinz_eugen_(profusion_of_flowers)_(azur_lane)","4","Character","147","prinz_eugen_(dance_of_a_hundred_flowers)_(azur_lane)","prinz eugen (dance of a hundred flowers) (azur lane)","","百花繚乱(アズールレーン)","百花缭乱","","[{""copyright"":""azur_lane"",""co_posts"":141,""character_coverage"":1.0},{""copyright"":""comiket_105"",""co_posts"":1,""character_coverage"":0.007092},{""copyright"":""gundam"",""co_posts"":1,""character_coverage"":0.007092}]","","","PENDING",""
"I70-016456","protagonist_halo","4","Character","147","","","","","主角光环","","[]","","","PENDING",""
"I70-016457","r2-d2","4","Character","147","r2d2","r2d2","","","R2-D2","","[{""copyright"":""star_wars"",""co_posts"":117,""character_coverage"":1.0},{""copyright"":""star_wars:_a_new_hope"",""co_posts"":20,""character_coverage"":0.17094},{""copyright"":""star_wars:_revenge_of_the_sith"",""co_posts"":9,""character_coverage"":0.076923},{""copyright"":""touhou"",""co_posts"":7,""character_coverage"":0.059829},{""copyright"":""star_wars:_the_clone_wars_(2008_tv_series)"",""co_posts"":6,""character_coverage"":0.051282}]","","","PENDING",""
"I70-016458","rindo_(vrchat)","4","Character","147","","","","","龙胆","","[{""copyright"":""indie_virtual_youtuber"",""co_posts"":102,""character_coverage"":0.784615},{""copyright"":""vrchat"",""co_posts"":29,""character_coverage"":0.223077},{""copyright"":""vedal_ai"",""co_posts"":8,""character_coverage"":0.061538},{""copyright"":""vshojo"",""co_posts"":8,""character_coverage"":0.061538},{""copyright"":""youtube"",""co_posts"":2,""character_coverage"":0.015385}]","","","PENDING",""
"I70-016459","rosa_(masterpiece)_(arknights)","4","Character","147","","","","","ローザ（傑作）（arknights）","","[{""copyright"":""arknights"",""co_posts"":141,""character_coverage"":1.0},{""copyright"":""girl_with_a_pearl_earring"",""co_posts"":1,""character_coverage"":0.007092},{""copyright"":""ophelia_(painting)"",""co_posts"":1,""character_coverage"":0.007092},{""copyright"":""snow_white_(fairy_tale)"",""co_posts"":1,""character_coverage"":0.007092},{""copyright"":""the_birth_of_venus"",""co_posts"":1,""character_coverage"":0.007092}]","","","PENDING",""
"I70-016460","rotom_(wash)","4","Character","147","","","","","ウォッシュロトム","","[{""copyright"":""pokemon"",""co_posts"":139,""character_coverage"":1.0},{""copyright"":""pokemon_diamond/pearl/platinum"",""co_posts"":10,""character_coverage"":0.071942},{""copyright"":""pokemon_scarlet_and_violet"",""co_posts"":10,""character_coverage"":0.071942},{""copyright"":""pokemon_sword_and_shield"",""co_posts"":10,""character_coverage"":0.071942},{""copyright"":""pokemon_sun_and_moon"",""co_posts"":8,""character_coverage"":0.057554}]","","","PENDING",""
"I70-016461","royce_and_royce_(umamusume)","4","Character","147","","","","","ロイスアンドロイス(ウマ娘)","","[{""copyright"":""umamusume"",""co_posts"":143,""character_coverage"":1.0},{""copyright"":""real_life"",""co_posts"":2,""character_coverage"":0.013986},{""copyright"":""ressha_sentai_toqger"",""co_posts"":2,""character_coverage"":0.013986},{""copyright"":""super_sentai"",""co_posts"":2,""character_coverage"":0.013986},{""copyright"":""umamusume:_road_to_the_top"",""co_posts"":2,""character_coverage"":0.013986}]","","","PENDING",""
"I70-016462","sabrith_ebonclaw","4","Character","147","","","","","Sabrith Ebonclaw","","[{""copyright"":""final_fantasy"",""co_posts"":119,""character_coverage"":0.937008},{""copyright"":""final_fantasy_xiv"",""co_posts"":119,""character_coverage"":0.937008},{""copyright"":""original"",""co_posts"":28,""character_coverage"":0.220472},{""copyright"":""fallout"",""co_posts"":6,""character_coverage"":0.047244},{""copyright"":""street_fighter"",""co_posts"":1,""character_coverage"":0.007874}]","","","PENDING",""
"I70-016463","santa_claus_(chainsaw_man)","4","Character","147","","","","サンタクロース(チェンソーマン) | トーリカの師匠","","","[{""copyright"":""chainsaw_man"",""co_posts"":132,""character_coverage"":1.0},{""copyright"":""mcdonald's"",""co_posts"":2,""character_coverage"":0.015152},{""copyright"":""evangelion:_3.0+1.0_thrice_upon_a_time"",""co_posts"":1,""character_coverage"":0.007576},{""copyright"":""heinz"",""co_posts"":1,""character_coverage"":0.007576},{""copyright"":""instagram"",""co_posts"":1,""character_coverage"":0.007576}]","","","PENDING",""
"I70-016464","sera_(hazbin_hotel)","4","Character","147","","","","","","","[{""copyright"":""hazbin_hotel"",""co_posts"":129,""character_coverage"":1.0},{""copyright"":""hellaverse"",""co_posts"":129,""character_coverage"":1.0},{""copyright"":""helluva_boss"",""co_posts"":8,""character_coverage"":0.062016},{""copyright"":""avengers_(series)"",""co_posts"":2,""character_coverage"":0.015504},{""copyright"":""final_fantasy"",""co_posts"":2,""character_coverage"":0.015504}]","","","PENDING",""
"I70-016465","shiba_kuukaku","4","Character","147","shiba_kukaku","shiba kukaku","","","志波空鶴","","[{""copyright"":""bleach"",""co_posts"":116,""character_coverage"":1.0},{""copyright"":""bleach:_sennen_kessen-hen"",""co_posts"":4,""character_coverage"":0.034483},{""copyright"":""2006_fifa_world_cup"",""co_posts"":1,""character_coverage"":0.008621},{""copyright"":""asociacion_del_futbol_argentino"",""co_posts"":1,""character_coverage"":0.008621},{""copyright"":""bleach:_epilogue"",""co_posts"":1,""character_coverage"":0.008621}]","","","PENDING",""
"I70-016466","shimada_minami","4","Character","147","","","","","島田美波","","[{""copyright"":""baka_to_test_to_shoukanjuu"",""co_posts"":134,""character_coverage"":1.0},{""copyright"":""megami_magazine"",""co_posts"":8,""character_coverage"":0.059701},{""copyright"":""newtype"",""co_posts"":3,""character_coverage"":0.022388},{""copyright"":""dengeki_g's"",""co_posts"":2,""character_coverage"":0.014925},{""copyright"":""toaru_majutsu_no_index"",""co_posts"":2,""character_coverage"":0.014925}]","","","PENDING",""
"I70-016467","shirakami_fubuki_(saint)","4","Character","147","shirakami_fubuki_(9th_costume)","shirakami fubuki (9th costume)","","","白上フブキ(セイント衣装)","","[{""copyright"":""hololive"",""co_posts"":145,""character_coverage"":1.0},{""copyright"":""twitter"",""co_posts"":2,""character_coverage"":0.013793},{""copyright"":""backrooms_(creepypasta)"",""co_posts"":1,""character_coverage"":0.006897},{""copyright"":""fate/grand_order"",""co_posts"":1,""character_coverage"":0.006897},{""copyright"":""fate_(series)"",""co_posts"":1,""character_coverage"":0.006897}]","","","PENDING",""
"I70-016468","sorcerer_(fantasy_earth_zero)","4","Character","147","","","","","ソーサラー","","[{""copyright"":""fantasy_earth_zero"",""co_posts"":140,""character_coverage"":1.0},{""copyright"":""fantasy_earth"",""co_posts"":135,""character_coverage"":0.964286},{""copyright"":""original"",""co_posts"":3,""character_coverage"":0.021429},{""copyright"":""300_(movie)"",""co_posts"":1,""character_coverage"":0.007143},{""copyright"":""comiket_100"",""co_posts"":1,""character_coverage"":0.007143}]","","","PENDING",""
"I70-016469","strawberry_crepe_cookie","4","Character","147","","","","","苺クレープ味クッキー","","[{""copyright"":""cookie_run"",""co_posts"":138,""character_coverage"":1.0},{""copyright"":""cookie_run:_kingdom"",""co_posts"":133,""character_coverage"":0.963768},{""copyright"":""cookie_run:_ovenbreak"",""co_posts"":9,""character_coverage"":0.065217},{""copyright"":""ensemble_stars!"",""co_posts"":2,""character_coverage"":0.014493},{""copyright"":""pokemon"",""co_posts"":2,""character_coverage"":0.014493}]","","","PENDING",""
"I70-016470","synth_(iahfy)","4","Character","147","","","","","シンセ（iahfy）","","[{""copyright"":""original"",""co_posts"":138,""character_coverage"":1.0},{""copyright"":""indie_virtual_youtuber"",""co_posts"":3,""character_coverage"":0.021739},{""copyright"":""avatar_legends"",""co_posts"":2,""character_coverage"":0.014493},{""copyright"":""the_legend_of_korra"",""co_posts"":2,""character_coverage"":0.014493},{""copyright"":""amagi_brilliant_park"",""co_posts"":1,""character_coverage"":0.007246}]","","","PENDING",""
"I70-016471","takahashi_keita_(yakitomato)","4","Character","147","takahashi_(yakitomato)","takahashi (yakitomato)","","","高橋（ヤキトマト）","","[{""copyright"":""original"",""co_posts"":147,""character_coverage"":1.0}]","","","PENDING",""
"I70-016472","tama_(wixoss)","4","Character","147","tama_(selector_infected_wixoss)","tama (selector infected wixoss)","","","タマヨリヒメ","","[{""copyright"":""wixoss"",""co_posts"":143,""character_coverage"":1.0},{""copyright"":""selector_wixoss"",""co_posts"":42,""character_coverage"":0.293706},{""copyright"":""megami_magazine"",""co_posts"":4,""character_coverage"":0.027972},{""copyright"":""lostorage_wixoss"",""co_posts"":3,""character_coverage"":0.020979},{""copyright"":""duel_masters"",""co_posts"":2,""character_coverage"":0.013986}]","","","PENDING",""
"I70-016473","tashkent_(the_bound_cruiser)_(azur_lane)","4","Character","147","","","","解かされし巡洋艦","受缚的巡洋舰","","[{""copyright"":""azur_lane"",""co_posts"":144,""character_coverage"":1.0},{""copyright"":""azur_lane:_slow_ahead"",""co_posts"":2,""character_coverage"":0.013889}]","","","PENDING",""
"I70-016474","tasogare_mimi","4","Character","147","","","","","黄昏ミミ","","[{""copyright"":""duel_masters"",""co_posts"":113,""character_coverage"":1.0},{""copyright"":""duel_masters_(classic)"",""co_posts"":110,""character_coverage"":0.973451},{""copyright"":""original"",""co_posts"":5,""character_coverage"":0.044248},{""copyright"":""pokemon"",""co_posts"":5,""character_coverage"":0.044248},{""copyright"":""aria_(manga)"",""co_posts"":4,""character_coverage"":0.035398}]","","","PENDING",""
"I70-016475","tearna_lilian_transylveil","4","Character","147","","","","","ティアナ・リリアン・トランシルヴェール","","[{""copyright"":""mahou_senshi_(series)"",""co_posts"":133,""character_coverage"":1.0},{""copyright"":""mahou_senshi_princess_tear"",""co_posts"":111,""character_coverage"":0.834586},{""copyright"":""mahou_senshi_sweet_knights_2"",""co_posts"":21,""character_coverage"":0.157895}]","","","PENDING",""
"I70-016476","tiffany_lords","4","Character","147","","","","","ティファニー・ローズ","","[{""copyright"":""justice_gakuen"",""co_posts"":127,""character_coverage"":1.0},{""copyright"":""shiritsu_justice_gakuen"",""co_posts"":75,""character_coverage"":0.590551},{""copyright"":""moero!_justice_gakuen"",""co_posts"":31,""character_coverage"":0.244094},{""copyright"":""street_fighter"",""co_posts"":29,""character_coverage"":0.228346},{""copyright"":""darkstalkers"",""co_posts"":15,""character_coverage"":0.11811}]","","","PENDING",""
"I70-016477","todo_erena","4","Character","147","toudou_erena","toudou erena","","","統堂英玲奈","","[{""copyright"":""love_live!"",""co_posts"":141,""character_coverage"":1.0},{""copyright"":""love_live!_school_idol_project"",""co_posts"":141,""character_coverage"":1.0},{""copyright"":""shocking_party"",""co_posts"":55,""character_coverage"":0.390071},{""copyright"":""love_live!_school_idol_festival"",""co_posts"":11,""character_coverage"":0.078014},{""copyright"":""love_live!_sunshine!!"",""co_posts"":7,""character_coverage"":0.049645}]","","","PENDING",""
"I70-016478","ursula_(takunomi)","4","Character","147","","","","ウルスラ","","","[{""copyright"":""enjo_kouhai"",""co_posts"":146,""character_coverage"":1.0},{""copyright"":""original"",""co_posts"":11,""character_coverage"":0.075342},{""copyright"":""comiket_98"",""co_posts"":1,""character_coverage"":0.006849}]","","","PENDING",""
"I70-016479","ushiromiya_ange_(young)","4","Character","147","","","","","","","[]","","","PENDING",""
"I70-016480","uzuki_kou_(4th_costume)","4","Character","147","","","","","卯月コウ(女装)","","[{""copyright"":""nijisanji"",""co_posts"":147,""character_coverage"":1.0},{""copyright"":""kyu-kurarin_(cevio)"",""co_posts"":2,""character_coverage"":0.013605},{""copyright"":""comiket_105"",""co_posts"":1,""character_coverage"":0.006803},{""copyright"":""mahou_shoujo_no_majo_saiban"",""co_posts"":1,""character_coverage"":0.006803},{""copyright"":""pokemon"",""co_posts"":1,""character_coverage"":0.006803}]","","","PENDING",""
"I70-016481","valiant_(kancolle)","4","Character","147","","","","","ヴァリアント","","[{""copyright"":""kantai_collection"",""co_posts"":146,""character_coverage"":1.0},{""copyright"":""dragon_quest"",""co_posts"":2,""character_coverage"":0.013699},{""copyright"":""dragon_quest_iii"",""co_posts"":2,""character_coverage"":0.013699},{""copyright"":""comiket_104"",""co_posts"":1,""character_coverage"":0.006849},{""copyright"":""fatal_fury"",""co_posts"":1,""character_coverage"":0.006849}]","","","PENDING",""
"I70-016482","venom_(guilty_gear)","4","Character","147","","","","","ヴェノム(ギルティギア)","","[{""copyright"":""guilty_gear"",""co_posts"":135,""character_coverage"":1.0},{""copyright"":""guilty_gear_xrd"",""co_posts"":53,""character_coverage"":0.392593},{""copyright"":""guilty_gear_strive"",""co_posts"":29,""character_coverage"":0.214815},{""copyright"":""guilty_gear_xx"",""co_posts"":16,""character_coverage"":0.118519},{""copyright"":""fire_emblem"",""co_posts"":2,""character_coverage"":0.014815}]","","","PENDING",""
"I70-016483","wa2000_(ballroom_interlude)_(girls'_frontline)","4","Character","147","","","","舞踏会の休止符","","","[{""copyright"":""girls'_frontline"",""co_posts"":143,""character_coverage"":1.0},{""copyright"":""girls'_frontline_2:_exilium"",""co_posts"":43,""character_coverage"":0.300699},{""copyright"":""cowboy_bebop"",""co_posts"":1,""character_coverage"":0.006993},{""copyright"":""genshin_impact"",""co_posts"":1,""character_coverage"":0.006993},{""copyright"":""pepsi"",""co_posts"":1,""character_coverage"":0.006993}]","","","PENDING",""
"I70-016484","washizu_iwao","4","Character","147","","","","","鷲巣巌","","[{""copyright"":""akagi:_yami_ni_oritatta_tensai"",""co_posts"":133,""character_coverage"":1.0},{""copyright"":""fukumoto_mahjong"",""co_posts"":133,""character_coverage"":1.0},{""copyright"":""tobaku_mokushiroku_kaiji"",""co_posts"":19,""character_coverage"":0.142857},{""copyright"":""ten_(manga)"",""co_posts"":18,""character_coverage"":0.135338},{""copyright"":""tobaku_haouden_zero"",""co_posts"":14,""character_coverage"":0.105263}]","","","PENDING",""
"I70-016485","yao_fueifuei","4","Character","147","yao_feifei","yao feifei","","","楊菲菲","","[{""copyright"":""idolmaster"",""co_posts"":145,""character_coverage"":1.0},{""copyright"":""idolmaster_cinderella_girls"",""co_posts"":145,""character_coverage"":1.0},{""copyright"":""idolmaster_cinderella_girls_starlight_stage"",""co_posts"":28,""character_coverage"":0.193103},{""copyright"":""cinderella_girls_gekijou"",""co_posts"":25,""character_coverage"":0.172414},{""copyright"":""idolmaster_(classic)"",""co_posts"":4,""character_coverage"":0.027586}]","","","PENDING",""
"I70-016486","ak-15_(erwin)_(girls'_frontline)","4","Character","146","","","","","AK-15(艾尔文)","","[{""copyright"":""girls'_frontline"",""co_posts"":139,""character_coverage"":1.0},{""copyright"":""girls'_frontline_2:_exilium"",""co_posts"":36,""character_coverage"":0.258993},{""copyright"":""helltaker"",""co_posts"":5,""character_coverage"":0.035971},{""copyright"":""hitman_(game)"",""co_posts"":3,""character_coverage"":0.021583},{""copyright"":""payday_(series)"",""co_posts"":2,""character_coverage"":0.014388}]","","","PENDING",""
"I70-016487","ambipom","4","Character","146","","","","","エテボース","","[{""copyright"":""pokemon"",""co_posts"":131,""character_coverage"":1.0},{""copyright"":""pokemon_(anime)"",""co_posts"":34,""character_coverage"":0.259542},{""copyright"":""pokemon_the_series:_diamond_and_pearl"",""co_posts"":22,""character_coverage"":0.167939},{""copyright"":""pokemon_diamond/pearl/platinum"",""co_posts"":17,""character_coverage"":0.129771},{""copyright"":""pokemon_(classic_anime)"",""co_posts"":11,""character_coverage"":0.083969}]","","","PENDING",""
"I70-016488","anorith","4","Character","146","","","","","アノプス","","[{""copyright"":""pokemon"",""co_posts"":134,""character_coverage"":1.0},{""copyright"":""pokemon_ruby/sapphire/emerald"",""co_posts"":16,""character_coverage"":0.119403},{""copyright"":""pokemon_omega_ruby_and_alpha_sapphire"",""co_posts"":10,""character_coverage"":0.074627},{""copyright"":""pokemon_diamond/pearl/platinum"",""co_posts"":6,""character_coverage"":0.044776},{""copyright"":""pokemon_(anime)"",""co_posts"":5,""character_coverage"":0.037313}]","","","PENDING",""
"I70-016489","arisugawa_juri","4","Character","146","","","","","有栖川樹璃","","[{""copyright"":""shoujo_kakumei_utena"",""co_posts"":129,""character_coverage"":1.0},{""copyright"":""shoujo_kakumei_utena_adolescence_mokushiroku"",""co_posts"":8,""character_coverage"":0.062016},{""copyright"":""durarara!!"",""co_posts"":1,""character_coverage"":0.007752},{""copyright"":""fate/grand_order"",""co_posts"":1,""character_coverage"":0.007752},{""copyright"":""fate_(series)"",""co_posts"":1,""character_coverage"":0.007752}]","","","PENDING",""
"I70-016490","berserker_(granblue_fantasy)","4","Character","146","","","","","バーサーカー（グランブルーファンタジー）","","[{""copyright"":""granblue_fantasy"",""co_posts"":144,""character_coverage"":1.0},{""copyright"":""shingeki_no_bahamut"",""co_posts"":3,""character_coverage"":0.020833},{""copyright"":""code_geass"",""co_posts"":2,""character_coverage"":0.013889},{""copyright"":""original"",""co_posts"":1,""character_coverage"":0.006944},{""copyright"":""princess_connect!"",""co_posts"":1,""character_coverage"":0.006944}]","","","PENDING",""
"I70-016491","bow_(paper_mario)","4","Character","146","lady_bow,resaresa","lady bow | resaresa","","","レサレサ","","[{""copyright"":""mario_(series)"",""co_posts"":130,""character_coverage"":1.0},{""copyright"":""paper_mario_(series)"",""co_posts"":130,""character_coverage"":1.0},{""copyright"":""paper_mario_64"",""co_posts"":124,""character_coverage"":0.953846},{""copyright"":""paper_mario:_the_thousand-year_door"",""co_posts"":37,""character_coverage"":0.284615},{""copyright"":""new_super_mario_bros._u_deluxe"",""co_posts"":21,""character_coverage"":0.161538}]","","","PENDING",""
"I70-016492","camazotz_(fate)","4","Character","146","","","","カマソッソ(Fate) | 勇者王カマソッソ","","","[{""copyright"":""fate/grand_order"",""co_posts"":139,""character_coverage"":1.0},{""copyright"":""fate_(series)"",""co_posts"":139,""character_coverage"":1.0},{""copyright"":""fate/dream_striker"",""co_posts"":1,""character_coverage"":0.007194},{""copyright"":""fate/grail_league"",""co_posts"":1,""character_coverage"":0.007194},{""copyright"":""fate/grand_order_arcade"",""co_posts"":1,""character_coverage"":0.007194}]","","","PENDING",""
"I70-016493","chikuma_(azur_lane)","4","Character","146","","","","筑摩(アズールレーン)","筑摩","","[{""copyright"":""azur_lane"",""co_posts"":131,""character_coverage"":1.0},{""copyright"":""azur_lane:_slow_ahead"",""co_posts"":1,""character_coverage"":0.007634},{""copyright"":""nier:automata"",""co_posts"":1,""character_coverage"":0.007634},{""copyright"":""nier_(series)"",""co_posts"":1,""character_coverage"":0.007634}]","","","PENDING",""
"I70-016494","chime_(nikke)","4","Character","146","","","","","チャイム(勝利の女神:NIKKE)","","[{""copyright"":""goddess_of_victory:_nikke"",""co_posts"":131,""character_coverage"":1.0},{""copyright"":""bandai"",""co_posts"":1,""character_coverage"":0.007634},{""copyright"":""comiket_107"",""co_posts"":1,""character_coverage"":0.007634},{""copyright"":""grizzly_ni_osowaretara"",""co_posts"":1,""character_coverage"":0.007634},{""copyright"":""shift_up"",""co_posts"":1,""character_coverage"":0.007634}]","","","PENDING",""
"I70-016495","cut_man","4","Character","146","cutman","cutman","","","カットマン","","[{""copyright"":""mega_man_(classic)"",""co_posts"":135,""character_coverage"":1.0},{""copyright"":""mega_man_(series)"",""co_posts"":135,""character_coverage"":1.0},{""copyright"":""mega_man_1"",""co_posts"":103,""character_coverage"":0.762963},{""copyright"":""mega_man:_powered_up"",""co_posts"":16,""character_coverage"":0.118519},{""copyright"":""mega_man_2"",""co_posts"":16,""character_coverage"":0.118519}]","","","PENDING",""
"I70-016496","dancer_2_(sekaiju)","4","Character","146","","","","","桃ダン子","","[{""copyright"":""sekaiju_no_meikyuu"",""co_posts"":75,""character_coverage"":1.0},{""copyright"":""sekaiju_no_meikyuu_4"",""co_posts"":71,""character_coverage"":0.946667},{""copyright"":""sekaiju_no_meikyuu_1"",""co_posts"":1,""character_coverage"":0.013333},{""copyright"":""sekaiju_no_meikyuu_2"",""co_posts"":1,""character_coverage"":0.013333},{""copyright"":""sekaiju_no_meikyuu_3"",""co_posts"":1,""character_coverage"":0.013333}]","","","PENDING",""
"I70-016497","dark_chao","4","Character","146","","","","","","","[{""copyright"":""sonic_(series)"",""co_posts"":137,""character_coverage"":1.0},{""copyright"":""sonic_adventure_2"",""co_posts"":27,""character_coverage"":0.19708},{""copyright"":""sonic_adventure"",""co_posts"":11,""character_coverage"":0.080292},{""copyright"":""sonic_the_hedgehog_(classic)"",""co_posts"":9,""character_coverage"":0.065693},{""copyright"":""sonic_forces:_speed_battle"",""co_posts"":6,""character_coverage"":0.043796}]","","","PENDING",""
"I70-016498","denmark_(hetalia)","4","Character","146","","","","","マー君","","[{""copyright"":""axis_powers_hetalia"",""co_posts"":130,""character_coverage"":1.0},{""copyright"":""2010_fifa_world_cup"",""co_posts"":8,""character_coverage"":0.061538},{""copyright"":""world_cup"",""co_posts"":8,""character_coverage"":0.061538},{""copyright"":""ragnarok_online"",""co_posts"":2,""character_coverage"":0.015385},{""copyright"":""shingeki_no_kyojin"",""co_posts"":2,""character_coverage"":0.015385}]","","","PENDING",""
"I70-016499","eclair_(kiddy_grade)","4","Character","146","","","","","Eclair（Kiddy Grade）","","[{""copyright"":""kiddy_grade"",""co_posts"":128,""character_coverage"":1.0},{""copyright"":""megami_magazine"",""co_posts"":5,""character_coverage"":0.039062},{""copyright"":""code_geass"",""co_posts"":2,""character_coverage"":0.015625},{""copyright"":""lucky_star"",""co_posts"":1,""character_coverage"":0.007812},{""copyright"":""mahou_shoujo_madoka_magica"",""co_posts"":1,""character_coverage"":0.007812}]","","","PENDING",""
"I70-016500","elc_(arc_the_lad)","4","Character","146","","","","","エルク（アーク・ザ・ラッド）","","[{""copyright"":""arc_the_lad"",""co_posts"":131,""character_coverage"":1.0},{""copyright"":""arc_the_lad_ii"",""co_posts"":126,""character_coverage"":0.961832},{""copyright"":""arc_the_lad_iii"",""co_posts"":26,""character_coverage"":0.198473},{""copyright"":""arc_the_lad_i"",""co_posts"":2,""character_coverage"":0.015267},{""copyright"":""wild_arms"",""co_posts"":2,""character_coverage"":0.015267}]","","","PENDING",""
