"row_id","canonical_tag","category","category_name","post_count","source_aliases","verified_aliases","existing_display_ja","existing_search_ja","existing_candidate_ja","existing_rejected_ja","related_copyright_candidates","display_ja","search_ja","translation_status","translation_note"
"I70-022001","purple_soul_(utdr)","4","Character","100","","","","","","","[{""copyright"":""utdr_(toby_fox)"",""co_posts"":83,""character_coverage"":1.0},{""copyright"":""undertale"",""co_posts"":79,""character_coverage"":0.951807},{""copyright"":""deltarune"",""co_posts"":6,""character_coverage"":0.072289},{""copyright"":""echo_(vocaloid)"",""co_posts"":1,""character_coverage"":0.012048},{""copyright"":""matryoshka_(vocaloid)"",""co_posts"":1,""character_coverage"":0.012048}]","","","PENDING",""
"I70-022002","pyonko_(toaru)","4","Character","100","","","","","ピョン子","","[]","","","PENDING",""
"I70-022003","quinn_(league)","4","Character","100","quinn_(league_of_legends)","quinn (league of legends)","","","クイン","","[{""copyright"":""league_of_legends"",""co_posts"":82,""character_coverage"":1.0},{""copyright"":""legends_of_runeterra"",""co_posts"":6,""character_coverage"":0.073171},{""copyright"":""angry_birds"",""co_posts"":2,""character_coverage"":0.02439},{""copyright"":""avatar:_the_last_airbender"",""co_posts"":2,""character_coverage"":0.02439},{""copyright"":""avatar_legends"",""co_posts"":2,""character_coverage"":0.02439}]","","","PENDING",""
"I70-022004","r._blackriver_agogo","4","Character","100","","","","","r。ブラックリバーアゴゴ","","[{""copyright"":""original"",""co_posts"":95,""character_coverage"":1.0}]","","","PENDING",""
"I70-022005","reyson_(fire_emblem)","4","Character","100","","","","","リュシオン","","[{""copyright"":""fire_emblem"",""co_posts"":96,""character_coverage"":1.0},{""copyright"":""fire_emblem:_path_of_radiance"",""co_posts"":70,""character_coverage"":0.729167},{""copyright"":""fire_emblem:_radiant_dawn"",""co_posts"":51,""character_coverage"":0.53125},{""copyright"":""fire_emblem_heroes"",""co_posts"":25,""character_coverage"":0.260417},{""copyright"":""fire_emblem_fates"",""co_posts"":10,""character_coverage"":0.104167}]","","","PENDING",""
"I70-022006","rideword_(ragnarok_online)","4","Character","100","","","","","ライドワード","","[{""copyright"":""ragnarok_online"",""co_posts"":98,""character_coverage"":1.0},{""copyright"":""comiket_80"",""co_posts"":3,""character_coverage"":0.030612},{""copyright"":""beatmania_iidx"",""co_posts"":1,""character_coverage"":0.010204},{""copyright"":""beatmania_iidx_16_empress"",""co_posts"":1,""character_coverage"":0.010204},{""copyright"":""bemani"",""co_posts"":1,""character_coverage"":0.010204}]","","","PENDING",""
"I70-022007","rokujou_sion","4","Character","100","","","","","六条紫苑","","[{""copyright"":""taimashi_ayano"",""co_posts"":85,""character_coverage"":1.0}]","","","PENDING",""
"I70-022008","rokuta_(paradox_live)","4","Character","100","","","","","ロクタ","","[{""copyright"":""paradox_live"",""co_posts"":98,""character_coverage"":1.0},{""copyright"":""arknights"",""co_posts"":2,""character_coverage"":0.020408},{""copyright"":""cardcaptor_sakura"",""co_posts"":1,""character_coverage"":0.010204},{""copyright"":""harry_potter_(series)"",""co_posts"":1,""character_coverage"":0.010204},{""copyright"":""sanrio"",""co_posts"":1,""character_coverage"":0.010204}]","","","PENDING",""
"I70-022009","roland_(pgr)","4","Character","100","","","","","罗兰","","[{""copyright"":""punishing:_gray_raven"",""co_posts"":88,""character_coverage"":1.0}]","","","PENDING",""
"I70-022010","rosalie_de_hemricourt_de_grunne","4","Character","100","","","","","ロザリー・ド・エムリコート・ド・グリュンネ","","[{""copyright"":""world_witches_series"",""co_posts"":93,""character_coverage"":0.989362},{""copyright"":""noble_witches"",""co_posts"":92,""character_coverage"":0.978723},{""copyright"":""brave_witches"",""co_posts"":13,""character_coverage"":0.138298},{""copyright"":""strike_witches:_kurenai_no_majo-tachi"",""co_posts"":13,""character_coverage"":0.138298},{""copyright"":""strike_witches"",""co_posts"":10,""character_coverage"":0.106383}]","","","PENDING",""
"I70-022011","ruru_(dqb2)","4","Character","100","","","","","ルル(DQB2)","","[{""copyright"":""dragon_quest"",""co_posts"":99,""character_coverage"":1.0},{""copyright"":""dragon_quest_builders_2"",""co_posts"":98,""character_coverage"":0.989899},{""copyright"":""little_red_riding_hood_(fairy_tale)"",""co_posts"":3,""character_coverage"":0.030303},{""copyright"":""dragon_quest_ii"",""co_posts"":2,""character_coverage"":0.020202},{""copyright"":""dragon_quest_builders"",""co_posts"":1,""character_coverage"":0.010101}]","","","PENDING",""
"I70-022012","sandman_(sbr)","4","Character","100","","","","","サウンドマン","","[{""copyright"":""jojo_no_kimyou_na_bouken"",""co_posts"":97,""character_coverage"":1.0},{""copyright"":""steel_ball_run"",""co_posts"":97,""character_coverage"":1.0},{""copyright"":""touhou"",""co_posts"":11,""character_coverage"":0.113402},{""copyright"":""jojolion"",""co_posts"":4,""character_coverage"":0.041237},{""copyright"":""vento_aureo"",""co_posts"":3,""character_coverage"":0.030928}]","","","PENDING",""
"I70-022013","satou_kai","4","Character","100","","","","","佐藤戒","","[{""copyright"":""kimi_ga_shine"",""co_posts"":90,""character_coverage"":1.0},{""copyright"":""detroit:_become_human"",""co_posts"":2,""character_coverage"":0.022222},{""copyright"":""doki_doki_literature_club"",""co_posts"":2,""character_coverage"":0.022222},{""copyright"":""saibou_shinkyoku"",""co_posts"":2,""character_coverage"":0.022222},{""copyright"":""zeno_(game)"",""co_posts"":2,""character_coverage"":0.022222}]","","","PENDING",""
"I70-022014","saya_(casual)_(blue_archive)","4","Character","100","yakushi_saya_(casual)","yakushi saya (casual)","","","サヤ(私服)","","[{""copyright"":""blue_archive"",""co_posts"":97,""character_coverage"":1.0},{""copyright"":""pokemon"",""co_posts"":1,""character_coverage"":0.010309},{""copyright"":""tom_and_jerry"",""co_posts"":1,""character_coverage"":0.010309}]","","","PENDING",""
"I70-022015","seraphita_(xenogears)","4","Character","100","","","","","セラフィータ","","[{""copyright"":""xenogears"",""co_posts"":92,""character_coverage"":1.0},{""copyright"":""xenoblade_chronicles_(series)"",""co_posts"":2,""character_coverage"":0.021739},{""copyright"":""xenoblade_chronicles_1"",""co_posts"":2,""character_coverage"":0.021739},{""copyright"":""after_war_gundam_x"",""co_posts"":1,""character_coverage"":0.01087},{""copyright"":""agarest_senki"",""co_posts"":1,""character_coverage"":0.01087}]","","","PENDING",""
"I70-022016","serizawa_momoka","4","Character","100","","","","","芹沢モモカ","","[{""copyright"":""tokyo_7th_sisters"",""co_posts"":99,""character_coverage"":1.0},{""copyright"":""comptiq"",""co_posts"":1,""character_coverage"":0.010101},{""copyright"":""fate/stay_night"",""co_posts"":1,""character_coverage"":0.010101},{""copyright"":""fate_(series)"",""co_posts"":1,""character_coverage"":0.010101},{""copyright"":""kantai_collection"",""co_posts"":1,""character_coverage"":0.010101}]","","","PENDING",""
"I70-022017","sharon_(words_worth)","4","Character","100","","","","","シャロン","","[{""copyright"":""words_worth"",""co_posts"":87,""character_coverage"":0.988636},{""copyright"":""original"",""co_posts"":2,""character_coverage"":0.022727},{""copyright"":""ikkitousen"",""co_posts"":1,""character_coverage"":0.011364}]","","","PENDING",""
"I70-022018","she_(hachinuki_tessei)","4","Character","100","","","","","彼女","","[{""copyright"":""original"",""co_posts"":95,""character_coverage"":1.0}]","","","PENDING",""
"I70-022019","shibuya_hajime","4","Character","100","","","","","渋谷ハジメ","","[{""copyright"":""nijisanji"",""co_posts"":98,""character_coverage"":1.0},{""copyright"":""nijisanji_en"",""co_posts"":5,""character_coverage"":0.05102},{""copyright"":""nijisanji_kr"",""co_posts"":5,""character_coverage"":0.05102},{""copyright"":""nijisanji_id"",""co_posts"":3,""character_coverage"":0.030612},{""copyright"":""nijisanji_koshien"",""co_posts"":3,""character_coverage"":0.030612}]","","","PENDING",""
"I70-022020","shingetsu_nagisa","4","Character","100","","","","","新月渚","","[{""copyright"":""danganronpa_(series)"",""co_posts"":90,""character_coverage"":1.0},{""copyright"":""danganronpa_another_episode:_ultra_despair_girls"",""co_posts"":90,""character_coverage"":1.0},{""copyright"":""danganronpa_2:_goodbye_despair"",""co_posts"":22,""character_coverage"":0.244444},{""copyright"":""danganronpa:_trigger_happy_havoc"",""co_posts"":18,""character_coverage"":0.2},{""copyright"":""danganronpa_v3:_killing_harmony"",""co_posts"":17,""character_coverage"":0.188889}]","","","PENDING",""
"I70-022021","shirley_medison","4","Character","100","","","","","シャーリー・メディスン","","[{""copyright"":""shirley_(manga)"",""co_posts"":92,""character_coverage"":1.0},{""copyright"":""futaba_channel"",""co_posts"":9,""character_coverage"":0.097826},{""copyright"":""victorian_romance_emma"",""co_posts"":8,""character_coverage"":0.086957},{""copyright"":""nijiura_maids"",""co_posts"":7,""character_coverage"":0.076087},{""copyright"":""os-tan"",""co_posts"":7,""character_coverage"":0.076087}]","","","PENDING",""
"I70-022022","shirokita_kuroha","4","Character","100","","","","","城北玄刃","","[{""copyright"":""re:stage!"",""co_posts"":100,""character_coverage"":1.0},{""copyright"":""taketori_monogatari"",""co_posts"":1,""character_coverage"":0.01}]","","","PENDING",""
"I70-022023","smol_irys","4","Character","100","","","","","","","[{""copyright"":""hololive"",""co_posts"":91,""character_coverage"":1.0},{""copyright"":""hololive_english"",""co_posts"":91,""character_coverage"":1.0},{""copyright"":""hololive_indonesia"",""co_posts"":4,""character_coverage"":0.043956},{""copyright"":""minecraft"",""co_posts"":3,""character_coverage"":0.032967},{""copyright"":""original"",""co_posts"":3,""character_coverage"":0.032967}]","","","PENDING",""
"I70-022024","songque_(jovial_deception:_shadowdimmer)","4","Character","100","","","","","","","[{""copyright"":""honkai_(series)"",""co_posts"":94,""character_coverage"":1.0},{""copyright"":""honkai_impact_3rd"",""co_posts"":94,""character_coverage"":1.0},{""copyright"":""honkai:_star_rail"",""co_posts"":2,""character_coverage"":0.021277},{""copyright"":""genshin_impact"",""co_posts"":1,""character_coverage"":0.010638},{""copyright"":""mihoyo"",""co_posts"":1,""character_coverage"":0.010638}]","","","PENDING",""
"I70-022025","sorahoshi_kirame","4","Character","100","","","","","空星きらめ","","[{""copyright"":""nijisanji"",""co_posts"":99,""character_coverage"":1.0},{""copyright"":""nijisanji_kr"",""co_posts"":6,""character_coverage"":0.060606},{""copyright"":""nijisanji_en"",""co_posts"":5,""character_coverage"":0.050505},{""copyright"":""hololive"",""co_posts"":4,""character_coverage"":0.040404},{""copyright"":""nijisanji_id"",""co_posts"":4,""character_coverage"":0.040404}]","","","PENDING",""
"I70-022026","soul_fighter_gwen","4","Character","100","","","","","","","[{""copyright"":""league_of_legends"",""co_posts"":92,""character_coverage"":1.0},{""copyright"":""legends_of_runeterra"",""co_posts"":4,""character_coverage"":0.043478},{""copyright"":""teamfight_tactics"",""co_posts"":2,""character_coverage"":0.021739}]","","","PENDING",""
"I70-022027","sousuke_(ponyo)","4","Character","100","","","","","宗介(崖の上のポニョ)","","[{""copyright"":""gake_no_ue_no_ponyo"",""co_posts"":90,""character_coverage"":0.989011},{""copyright"":""studio_ghibli"",""co_posts"":35,""character_coverage"":0.384615},{""copyright"":""majo_no_takkyuubin"",""co_posts"":24,""character_coverage"":0.263736},{""copyright"":""tonari_no_totoro"",""co_posts"":21,""character_coverage"":0.230769},{""copyright"":""mononoke_hime"",""co_posts"":17,""character_coverage"":0.186813}]","","","PENDING",""
"I70-022028","starlow","4","Character","100","","","","","イエロースター","","[{""copyright"":""mario_&_luigi_rpg"",""co_posts"":96,""character_coverage"":1.0},{""copyright"":""mario_(series)"",""co_posts"":96,""character_coverage"":1.0},{""copyright"":""mario_&_luigi:_brothership"",""co_posts"":23,""character_coverage"":0.239583},{""copyright"":""mario_&_luigi:_bowser's_inside_story"",""co_posts"":22,""character_coverage"":0.229167},{""copyright"":""mario_&_luigi:_dream_team"",""co_posts"":16,""character_coverage"":0.166667}]","","","PENDING",""
"I70-022029","subatomo_(small)","4","Character","100","","","","","","","[{""copyright"":""hololive"",""co_posts"":83,""character_coverage"":1.0},{""copyright"":""hololive_dev_is"",""co_posts"":2,""character_coverage"":0.024096},{""copyright"":""ai_scream!_(love_live!)"",""co_posts"":1,""character_coverage"":0.012048},{""copyright"":""hololive_dreams"",""co_posts"":1,""character_coverage"":0.012048},{""copyright"":""indie_virtual_youtuber"",""co_posts"":1,""character_coverage"":0.012048}]","","","PENDING",""
"I70-022030","suffolk_(azur_lane)","4","Character","100","","","","","サフォーク(アズールレーン)","","[{""copyright"":""azur_lane"",""co_posts"":97,""character_coverage"":1.0},{""copyright"":""2channel"",""co_posts"":1,""character_coverage"":0.010309},{""copyright"":""clannad"",""co_posts"":1,""character_coverage"":0.010309},{""copyright"":""dango_daikazoku"",""co_posts"":1,""character_coverage"":0.010309},{""copyright"":""neptune_(series)"",""co_posts"":1,""character_coverage"":0.010309}]","","","PENDING",""
"I70-022031","sumire_(part-time)_(blue_archive)","4","Character","100","","","","","乙花スミレ(アルバイト)","","[{""copyright"":""blue_archive"",""co_posts"":98,""character_coverage"":1.0},{""copyright"":""azur_lane"",""co_posts"":1,""character_coverage"":0.010204},{""copyright"":""genshin_impact"",""co_posts"":1,""character_coverage"":0.010204}]","","","PENDING",""
"I70-022032","suzaku_(kemono_friends)","4","Character","100","","","","","スザク(けものフレンズ)","","[{""copyright"":""kemono_friends"",""co_posts"":88,""character_coverage"":1.0},{""copyright"":""kemono_friends_3"",""co_posts"":30,""character_coverage"":0.340909},{""copyright"":""chinese_mythology"",""co_posts"":2,""character_coverage"":0.022727},{""copyright"":""keroro_gunsou"",""co_posts"":2,""character_coverage"":0.022727},{""copyright"":""crayon_shin-chan"",""co_posts"":1,""character_coverage"":0.011364}]","","","PENDING",""
"I70-022033","suzuki_mikura","4","Character","100","","","","","鈴木海空来","","[{""copyright"":""mezzo_danger_service_agency"",""co_posts"":31,""character_coverage"":0.72093},{""copyright"":""mezzo_forte"",""co_posts"":28,""character_coverage"":0.651163},{""copyright"":""a_kite"",""co_posts"":2,""character_coverage"":0.046512},{""copyright"":""lycoris_recoil"",""co_posts"":1,""character_coverage"":0.023256},{""copyright"":""megami_magazine"",""co_posts"":1,""character_coverage"":0.023256}]","","","PENDING",""
"I70-022034","tachibana_satomi","4","Character","100","","","","","立花里美","","[{""copyright"":""dumbbell_nan_kilo_moteru?"",""co_posts"":93,""character_coverage"":1.0},{""copyright"":""kantai_collection"",""co_posts"":2,""character_coverage"":0.021505},{""copyright"":""street_fighter"",""co_posts"":2,""character_coverage"":0.021505},{""copyright"":""final_fantasy"",""co_posts"":1,""character_coverage"":0.010753},{""copyright"":""final_fantasy_vii"",""co_posts"":1,""character_coverage"":0.010753}]","","","PENDING",""
"I70-022035","tanikaze_riku","4","Character","100","","","","","","","[{""copyright"":""tenshi_souzou_re-boot!"",""co_posts"":75,""character_coverage"":1.0},{""copyright"":""yuzusoft"",""co_posts"":4,""character_coverage"":0.053333},{""copyright"":""cafe_stella_to_shinigami_no_chou"",""co_posts"":3,""character_coverage"":0.04},{""copyright"":""senren_banka"",""co_posts"":2,""character_coverage"":0.026667},{""copyright"":""amairo_islenauts"",""co_posts"":1,""character_coverage"":0.013333}]","","","PENDING",""
"I70-022036","tatsuno_malm","4","Character","100","","","","","竜野マルム","","[{""copyright"":""dinosaur_king"",""co_posts"":83,""character_coverage"":1.0},{""copyright"":""3ldkm"",""co_posts"":1,""character_coverage"":0.012048},{""copyright"":""bakusou_kyoudai_let's_&_go!!"",""co_posts"":1,""character_coverage"":0.012048},{""copyright"":""bakusou_kyoudai_let's_&_go!!_max"",""co_posts"":1,""character_coverage"":0.012048},{""copyright"":""digimon"",""co_posts"":1,""character_coverage"":0.012048}]","","","PENDING",""
"I70-022037","tendou_michiko","4","Character","100","","","","","天童ミチコ","","[{""copyright"":""chainsaw_man"",""co_posts"":90,""character_coverage"":1.0},{""copyright"":""despicable_me"",""co_posts"":2,""character_coverage"":0.022222},{""copyright"":""death_stranding"",""co_posts"":1,""character_coverage"":0.011111},{""copyright"":""evangelion:_3.0+1.0_thrice_upon_a_time"",""co_posts"":1,""character_coverage"":0.011111},{""copyright"":""instagram"",""co_posts"":1,""character_coverage"":0.011111}]","","","PENDING",""
"I70-022038","tennessee_(azur_lane)","4","Character","100","","","","","テネシー(アズールレーン)","","[{""copyright"":""azur_lane"",""co_posts"":93,""character_coverage"":1.0},{""copyright"":""2channel"",""co_posts"":1,""character_coverage"":0.010753},{""copyright"":""national_basketball_association"",""co_posts"":1,""character_coverage"":0.010753},{""copyright"":""neptune_(series)"",""co_posts"":1,""character_coverage"":0.010753},{""copyright"":""puyopuyo"",""co_posts"":1,""character_coverage"":0.010753}]","","","PENDING",""
"I70-022039","thief_(disgaea)","4","Character","100","","","","","盗賊(ディスガイア)","","[{""copyright"":""disgaea"",""co_posts"":95,""character_coverage"":1.0},{""copyright"":""makai_senki_disgaea_2"",""co_posts"":29,""character_coverage"":0.305263},{""copyright"":""makai_senki_disgaea"",""co_posts"":14,""character_coverage"":0.147368},{""copyright"":""makai_senki_disgaea_3"",""co_posts"":6,""character_coverage"":0.063158},{""copyright"":""nippon_ichi"",""co_posts"":6,""character_coverage"":0.063158}]","","","PENDING",""
"I70-022040","tosen_jordan_(casual)_(umamusume)","4","Character","100","","","","","","","[{""copyright"":""umamusume"",""co_posts"":93,""character_coverage"":1.0},{""copyright"":""cygames"",""co_posts"":1,""character_coverage"":0.010753},{""copyright"":""don_quijote_(store)"",""co_posts"":1,""character_coverage"":0.010753},{""copyright"":""idolmaster"",""co_posts"":1,""character_coverage"":0.010753},{""copyright"":""idolmaster_cinderella_girls"",""co_posts"":1,""character_coverage"":0.010753}]","","","PENDING",""
"I70-022041","trafalgar_(azur_lane)","4","Character","100","","","","","トラファルガー(アズールレーン)","","[{""copyright"":""azur_lane"",""co_posts"":93,""character_coverage"":1.0}]","","","PENDING",""
"I70-022042","u-511_(swimsuit)_(kancolle)","4","Character","100","","","","","U-511(水着)","","[{""copyright"":""kantai_collection"",""co_posts"":100,""character_coverage"":1.0},{""copyright"":""mario_(series)"",""co_posts"":1,""character_coverage"":0.01},{""copyright"":""osawari_tantei"",""co_posts"":1,""character_coverage"":0.01},{""copyright"":""sazae-san"",""co_posts"":1,""character_coverage"":0.01},{""copyright"":""wacky_races"",""co_posts"":1,""character_coverage"":0.01}]","","","PENDING",""
"I70-022043","ultraman_tarou","4","Character","100","ultraman_taro","ultraman taro","","","ウルトラマンタロウ(キャラクター)","","[{""copyright"":""ultra_series"",""co_posts"":94,""character_coverage"":1.0},{""copyright"":""ultraman_tarou_(series)"",""co_posts"":70,""character_coverage"":0.744681},{""copyright"":""ultraman_(1st_series)"",""co_posts"":29,""character_coverage"":0.308511},{""copyright"":""ultraman_ace_(series)"",""co_posts"":28,""character_coverage"":0.297872},{""copyright"":""ultraseven_(series)"",""co_posts"":28,""character_coverage"":0.297872}]","","","PENDING",""
"I70-022044","undyne_the_undying","4","Character","100","","","","","不死身のアンダイン","","[{""copyright"":""undertale"",""co_posts"":92,""character_coverage"":1.0},{""copyright"":""utdr_(toby_fox)"",""co_posts"":92,""character_coverage"":1.0},{""copyright"":""touhou"",""co_posts"":9,""character_coverage"":0.097826},{""copyright"":""hololive"",""co_posts"":2,""character_coverage"":0.021739},{""copyright"":""umamusume"",""co_posts"":2,""character_coverage"":0.021739}]","","","PENDING",""
"I70-022045","unown_b","4","Character","100","","","","","アンノーンB","","[{""copyright"":""pokemon"",""co_posts"":90,""character_coverage"":1.0},{""copyright"":""pokemon_gold/silver/crystal"",""co_posts"":7,""character_coverage"":0.077778},{""copyright"":""pokemon_heartgold_and_soulsilver"",""co_posts"":7,""character_coverage"":0.077778},{""copyright"":""pokemon_red/green/blue/yellow"",""co_posts"":6,""character_coverage"":0.066667},{""copyright"":""pokemon_(anime)"",""co_posts"":5,""character_coverage"":0.055556}]","","","PENDING",""
"I70-022046","vy2","4","Character","100","","","","","勇馬","","[{""copyright"":""vocaloid"",""co_posts"":93,""character_coverage"":0.989362},{""copyright"":""voiceroid"",""co_posts"":12,""character_coverage"":0.12766},{""copyright"":""utau"",""co_posts"":7,""character_coverage"":0.074468},{""copyright"":""vsinger_(vocaloid)"",""co_posts"":7,""character_coverage"":0.074468},{""copyright"":""a.i._voice"",""co_posts"":4,""character_coverage"":0.042553}]","","","PENDING",""
"I70-022047","white-faced_varre","4","Character","100","","","","","白面のヴァレー","","[{""copyright"":""elden_ring"",""co_posts"":97,""character_coverage"":0.989796},{""copyright"":""elden_ring:_shadow_of_the_erdtree"",""co_posts"":7,""character_coverage"":0.071429},{""copyright"":""animaniacs"",""co_posts"":1,""character_coverage"":0.010204},{""copyright"":""arknights"",""co_posts"":1,""character_coverage"":0.010204},{""copyright"":""baldur's_gate"",""co_posts"":1,""character_coverage"":0.010204}]","","","PENDING",""
"I70-022048","wing_gundam","4","Character","100","","","","","ウイングガンダム","","[{""copyright"":""gundam"",""co_posts"":95,""character_coverage"":1.0},{""copyright"":""gundam_wing"",""co_posts"":94,""character_coverage"":0.989474},{""copyright"":""gundam_wing:_endless_waltz"",""co_posts"":9,""character_coverage"":0.094737},{""copyright"":""zeta_gundam"",""co_posts"":8,""character_coverage"":0.084211},{""copyright"":""after_war_gundam_x"",""co_posts"":6,""character_coverage"":0.063158}]","","","PENDING",""
"I70-022049","witchcrafter_haine","4","Character","100","","","","","ウィッチクラフト・ハイネ","","[{""copyright"":""yu-gi-oh!"",""co_posts"":92,""character_coverage"":1.0},{""copyright"":""turing_love"",""co_posts"":2,""character_coverage"":0.021739},{""copyright"":""yu-gi-oh!_master_duel"",""co_posts"":2,""character_coverage"":0.021739},{""copyright"":""digimon"",""co_posts"":1,""character_coverage"":0.01087},{""copyright"":""fullmetal_alchemist"",""co_posts"":1,""character_coverage"":0.01087}]","","","PENDING",""
"I70-022050","xu_fu_(swimsuit_avenger)_(second_ascension)_(fate)","4","Character","100","","","","","徐福(水着)","","[{""copyright"":""fate/grand_order"",""co_posts"":93,""character_coverage"":1.0},{""copyright"":""fate_(series)"",""co_posts"":93,""character_coverage"":1.0},{""copyright"":"".hack//"",""co_posts"":1,""character_coverage"":0.010753},{""copyright"":"".hack//g.u."",""co_posts"":1,""character_coverage"":0.010753},{""copyright"":""aa_megami-sama"",""co_posts"":1,""character_coverage"":0.010753}]","","","PENDING",""
"I70-022051","yamamoto-genryuusai_shigekuni","4","Character","100","","","","","山本元柳斋重国","","[{""copyright"":""bleach"",""co_posts"":91,""character_coverage"":1.0},{""copyright"":""bleach:_sennen_kessen-hen"",""co_posts"":41,""character_coverage"":0.450549},{""copyright"":""jojo_no_kimyou_na_bouken"",""co_posts"":6,""character_coverage"":0.065934},{""copyright"":""anpanman"",""co_posts"":4,""character_coverage"":0.043956},{""copyright"":""chibi_maruko-chan"",""co_posts"":4,""character_coverage"":0.043956}]","","","PENDING",""
"I70-022052","yamato_(naruto)","4","Character","100","","","","","ヤマト(NARUTO)","","[{""copyright"":""naruto_(series)"",""co_posts"":79,""character_coverage"":1.0},{""copyright"":""naruto_shippuuden"",""co_posts"":76,""character_coverage"":0.962025},{""copyright"":""naruto_(classic)"",""co_posts"":27,""character_coverage"":0.341772},{""copyright"":""boruto_(series)"",""co_posts"":5,""character_coverage"":0.063291},{""copyright"":""boruto:_naruto_next_generations"",""co_posts"":4,""character_coverage"":0.050633}]","","","PENDING",""
"I70-022053","yog-sothoth","4","Character","100","","","","","ヨグ=ソトース","","[{""copyright"":""fate/grand_order"",""co_posts"":70,""character_coverage"":0.76087},{""copyright"":""fate_(series)"",""co_posts"":70,""character_coverage"":0.76087},{""copyright"":""cthulhu_mythos"",""co_posts"":27,""character_coverage"":0.293478},{""copyright"":""ark_order"",""co_posts"":4,""character_coverage"":0.043478},{""copyright"":""original"",""co_posts"":4,""character_coverage"":0.043478}]","","","PENDING",""
"I70-022054","yorktown_ii_(bright-sky_mermaid)_(azur_lane)","4","Character","100","","","","","ブライトスカイ・マーメイド","","[{""copyright"":""azur_lane"",""co_posts"":84,""character_coverage"":1.0},{""copyright"":""azur_lane:_slow_ahead"",""co_posts"":8,""character_coverage"":0.095238},{""copyright"":""hololive"",""co_posts"":1,""character_coverage"":0.011905},{""copyright"":""hololive_english"",""co_posts"":1,""character_coverage"":0.011905},{""copyright"":""kantai_collection"",""co_posts"":1,""character_coverage"":0.011905}]","","","PENDING",""
"I70-022055","yorumi_rena_(10th_costume)","4","Character","100","","","","","夜見れな(チャイナ服)","","[{""copyright"":""nijisanji"",""co_posts"":100,""character_coverage"":1.0},{""copyright"":""pikmin_(series)"",""co_posts"":1,""character_coverage"":0.01},{""copyright"":""pikmin_4"",""co_posts"":1,""character_coverage"":0.01}]","","","PENDING",""
"I70-022056","yunaka_(spirited_envoy)_(fire_emblem)","4","Character","100","yunaka_(fire_emblem)_(spirited_envoy)","yunaka (fire emblem) (spirited envoy)","","","","","[{""copyright"":""fire_emblem"",""co_posts"":96,""character_coverage"":1.0},{""copyright"":""fire_emblem_engage"",""co_posts"":96,""character_coverage"":1.0},{""copyright"":""fire_emblem_heroes"",""co_posts"":95,""character_coverage"":0.989583},{""copyright"":""fire_emblem:_three_houses"",""co_posts"":3,""character_coverage"":0.03125},{""copyright"":""fire_emblem:_radiant_dawn"",""co_posts"":1,""character_coverage"":0.010417}]","","","PENDING",""
"I70-022057","yuni_(school_festival)_(princess_connect!)","4","Character","100","","","","","ユニ(聖学祭)","","[{""copyright"":""princess_connect!"",""co_posts"":99,""character_coverage"":1.0}]","","","PENDING",""
"I70-022058","yuzuruha","4","Character","100","","","","","ゆづるは","","[{""copyright"":""oboro_muramasa"",""co_posts"":94,""character_coverage"":1.0},{""copyright"":""vanillaware"",""co_posts"":3,""character_coverage"":0.031915},{""copyright"":""dragon's_crown"",""co_posts"":2,""character_coverage"":0.021277},{""copyright"":""blazblue"",""co_posts"":1,""character_coverage"":0.010638},{""copyright"":""grimgrimoire"",""co_posts"":1,""character_coverage"":0.010638}]","","","PENDING",""
"I70-022059","zenigata_mawari","4","Character","100","","","","","銭形巡","","[{""copyright"":""seto_no_hanayome"",""co_posts"":92,""character_coverage"":1.0},{""copyright"":""megami_magazine"",""co_posts"":5,""character_coverage"":0.054348}]","","","PENDING",""
"I70-022060","akana_rui","4","Character","99","","","","","赤名累","","[{""copyright"":""chousoku_henkei_gyrozetter"",""co_posts"":97,""character_coverage"":1.0}]","","","PENDING",""
"I70-022061","alteisen","4","Character","99","","","","","アルトアイゼン","","[{""copyright"":""super_robot_wars"",""co_posts"":85,""character_coverage"":1.0},{""copyright"":""super_robot_wars_original_generation"",""co_posts"":58,""character_coverage"":0.682353},{""copyright"":""super_robot_wars_og_the_inspector"",""co_posts"":8,""character_coverage"":0.094118},{""copyright"":""super_robot_wars_original_generation_2"",""co_posts"":8,""character_coverage"":0.094118},{""copyright"":""gundam"",""co_posts"":5,""character_coverage"":0.058824}]","","","PENDING",""
"I70-022062","anshinzawa_sasami","4","Character","99","","","","","安心沢刺々美","","[{""copyright"":""umamusume"",""co_posts"":97,""character_coverage"":1.0},{""copyright"":""umamusume:_cinderella_gray"",""co_posts"":8,""character_coverage"":0.082474},{""copyright"":""persona"",""co_posts"":4,""character_coverage"":0.041237},{""copyright"":""persona_5"",""co_posts"":4,""character_coverage"":0.041237},{""copyright"":""pokemon"",""co_posts"":3,""character_coverage"":0.030928}]","","","PENDING",""
"I70-022063","ashley_mizuki_robbins","4","Character","99","","","","","アシュレイ・ミズキ・ロビンズ","","[{""copyright"":""another_code"",""co_posts"":86,""character_coverage"":1.0},{""copyright"":""splatoon_(series)"",""co_posts"":2,""character_coverage"":0.023256},{""copyright"":""ace_attorney"",""co_posts"":1,""character_coverage"":0.011628},{""copyright"":""arms_(game)"",""co_posts"":1,""character_coverage"":0.011628},{""copyright"":""ever_17"",""co_posts"":1,""character_coverage"":0.011628}]","","","PENDING",""
"I70-022064","ashru_(genshin_impact)","4","Character","99","","","","","","","[{""copyright"":""genshin_impact"",""co_posts"":98,""character_coverage"":1.0},{""copyright"":""duolingo"",""co_posts"":2,""character_coverage"":0.020408},{""copyright"":""honkai:_star_rail"",""co_posts"":1,""character_coverage"":0.010204},{""copyright"":""honkai_(series)"",""co_posts"":1,""character_coverage"":0.010204},{""copyright"":""mihoyo"",""co_posts"":1,""character_coverage"":0.010204}]","","","PENDING",""
"I70-022065","assassin_(learning_with_manga!_fgo)","4","Character","99","riyo_servant_(babydoll)_(fate),riyo_servant_(babydoll)","riyo servant (babydoll) | riyo servant (babydoll) (fate)","","","リヨ鯖","","[{""copyright"":""fate/grand_order"",""co_posts"":99,""character_coverage"":1.0},{""copyright"":""fate_(series)"",""co_posts"":99,""character_coverage"":1.0},{""copyright"":""learning_with_manga!_fgo"",""co_posts"":56,""character_coverage"":0.565657},{""copyright"":""child's_play"",""co_posts"":1,""character_coverage"":0.010101},{""copyright"":""fate/grand_order_arcade"",""co_posts"":1,""character_coverage"":0.010101}]","","","PENDING",""
"I70-022066","beri_(beribug)","4","Character","99","","","","","","","[{""copyright"":""beastiez"",""co_posts"":43,""character_coverage"":0.565789},{""copyright"":""indie_virtual_youtuber"",""co_posts"":37,""character_coverage"":0.486842},{""copyright"":""densetsu.exe"",""co_posts"":2,""character_coverage"":0.026316},{""copyright"":""destiny_(game)"",""co_posts"":1,""character_coverage"":0.013158},{""copyright"":""hololive"",""co_posts"":1,""character_coverage"":0.013158}]","","","PENDING",""
"I70-022067","blinky_(pac-man)","4","Character","99","","","","","ブリンキー","","[{""copyright"":""pac-man_(game)"",""co_posts"":85,""character_coverage"":0.988372},{""copyright"":""mario_(series)"",""co_posts"":17,""character_coverage"":0.197674},{""copyright"":""original"",""co_posts"":14,""character_coverage"":0.162791},{""copyright"":""pokemon"",""co_posts"":13,""character_coverage"":0.151163},{""copyright"":""minecraft"",""co_posts"":8,""character_coverage"":0.093023}]","","","PENDING",""
"I70-022068","blobcat","4","Character","99","","","","","にゃんぷっぷー","","[{""copyright"":""original"",""co_posts"":53,""character_coverage"":0.540816},{""copyright"":""misskey.io"",""co_posts"":47,""character_coverage"":0.479592},{""copyright"":""idolmaster"",""co_posts"":2,""character_coverage"":0.020408},{""copyright"":""idolmaster_cinderella_girls"",""co_posts"":2,""character_coverage"":0.020408},{""copyright"":""blue_archive"",""co_posts"":1,""character_coverage"":0.010204}]","","","PENDING",""
"I70-022069","caitlin_(fall_2021)_(pokemon)","4","Character","99","","","","","ケイトリン（2021年秋）（ポケモン）","","[{""copyright"":""pokemon"",""co_posts"":93,""character_coverage"":1.0},{""copyright"":""pokemon_masters_ex"",""co_posts"":93,""character_coverage"":1.0},{""copyright"":""pokemon_black_and_white"",""co_posts"":6,""character_coverage"":0.064516},{""copyright"":""pokemon_sword_and_shield"",""co_posts"":4,""character_coverage"":0.043011},{""copyright"":""pokemon_firered_and_leafgreen"",""co_posts"":3,""character_coverage"":0.032258}]","","","PENDING",""
"I70-022070","celeritas_lumen","4","Character","99","","","","","ケレリタス・ルーメン","","[{""copyright"":""len'en"",""co_posts"":85,""character_coverage"":1.0},{""copyright"":""earthen_miraculous_sword"",""co_posts"":17,""character_coverage"":0.2},{""copyright"":""brilliant_pagoda_or_haze_castle"",""co_posts"":8,""character_coverage"":0.094118},{""copyright"":""evanescent_existence"",""co_posts"":7,""character_coverage"":0.082353},{""copyright"":""reactivate_majestical_imperial"",""co_posts"":6,""character_coverage"":0.070588}]","","","PENDING",""
"I70-022071","chat_(tales)","4","Character","99","","","","","チャット","","[{""copyright"":""tales_of_(series)"",""co_posts"":91,""character_coverage"":1.0},{""copyright"":""tales_of_eternia"",""co_posts"":91,""character_coverage"":1.0},{""copyright"":""tales_of_innocence"",""co_posts"":10,""character_coverage"":0.10989},{""copyright"":""tales_of_vesperia"",""co_posts"":8,""character_coverage"":0.087912},{""copyright"":""tales_of_legendia"",""co_posts"":7,""character_coverage"":0.076923}]","","","PENDING",""
"I70-022072","chouhi_(koihime_musou)","4","Character","99","chouhi","chouhi","","","鈴々(恋姫†無双)","","[{""copyright"":""koihime_musou"",""co_posts"":82,""character_coverage"":1.0},{""copyright"":""megami_magazine"",""co_posts"":4,""character_coverage"":0.04878},{""copyright"":""nyantype"",""co_posts"":4,""character_coverage"":0.04878},{""copyright"":""shin_koihime_musou"",""co_posts"":3,""character_coverage"":0.036585},{""copyright"":""dengeki_g's"",""co_posts"":1,""character_coverage"":0.012195}]","","","PENDING",""
"I70-022073","connor_kenway","4","Character","99","","","","","コナー(アサシンクリード)","","[{""copyright"":""assassin's_creed_(series)"",""co_posts"":89,""character_coverage"":1.0},{""copyright"":""assassin's_creed_iii"",""co_posts"":83,""character_coverage"":0.932584},{""copyright"":""assassin's_creed"",""co_posts"":20,""character_coverage"":0.224719},{""copyright"":""assassin's_creed_ii"",""co_posts"":19,""character_coverage"":0.213483},{""copyright"":""assassin's_creed_iv:_black_flag"",""co_posts"":8,""character_coverage"":0.089888}]","","","PENDING",""
"I70-022074","cristoforo_(wuthering_waves)","4","Character","99","","","","","","","[{""copyright"":""wuthering_waves"",""co_posts"":95,""character_coverage"":1.0},{""copyright"":""chainsaw_man"",""co_posts"":1,""character_coverage"":0.010526},{""copyright"":""vocaloid"",""co_posts"":1,""character_coverage"":0.010526}]","","","PENDING",""
"I70-022075","date_masamune_(sengoku_musou)","4","Character","99","masamune_(pokemon)","masamune (pokemon)","","","伊達政宗(戦国無双)","","[{""copyright"":""sengoku_musou"",""co_posts"":26,""character_coverage"":0.928571},{""copyright"":""pokemon"",""co_posts"":11,""character_coverage"":0.392857},{""copyright"":""pokemon_conquest"",""co_posts"":11,""character_coverage"":0.392857},{""copyright"":""sengoku_musou_3"",""co_posts"":9,""character_coverage"":0.321429},{""copyright"":""sengoku_basara"",""co_posts"":6,""character_coverage"":0.214286}]","","","PENDING",""
"I70-022076","denjirou_(one_piece)","4","Character","99","kyoshiro_(one_piece)","kyoshiro (one piece)","","","傳ジロー","","[{""copyright"":""one_piece"",""co_posts"":88,""character_coverage"":1.0},{""copyright"":""one_piece_card_game"",""co_posts"":4,""character_coverage"":0.045455},{""copyright"":""one_piece_everyday"",""co_posts"":1,""character_coverage"":0.011364},{""copyright"":""the_weaker_sex_1_(gibson)"",""co_posts"":1,""character_coverage"":0.011364},{""copyright"":""where's_wally?"",""co_posts"":1,""character_coverage"":0.011364}]","","","PENDING",""
"I70-022077","dexter_(dexter's_laboratory)","4","Character","99","","","","","","","[{""copyright"":""dexter's_laboratory"",""co_posts"":68,""character_coverage"":1.0},{""copyright"":""powerpuff_girls"",""co_posts"":39,""character_coverage"":0.573529},{""copyright"":""courage_the_cowardly_dog"",""co_posts"":18,""character_coverage"":0.264706},{""copyright"":""foster's_home_for_imaginary_friends"",""co_posts"":16,""character_coverage"":0.235294},{""copyright"":""the_grim_adventures_of_billy_&_mandy"",""co_posts"":16,""character_coverage"":0.235294}]","","","PENDING",""
"I70-022078","don_corneo","4","Character","99","","","","","コルネオ","","[{""copyright"":""final_fantasy"",""co_posts"":84,""character_coverage"":1.0},{""copyright"":""final_fantasy_vii"",""co_posts"":84,""character_coverage"":1.0},{""copyright"":""final_fantasy_vii_remake"",""co_posts"":47,""character_coverage"":0.559524},{""copyright"":""final_fantasy_vii_rebirth"",""co_posts"":4,""character_coverage"":0.047619},{""copyright"":""comiket_101"",""co_posts"":1,""character_coverage"":0.011905}]","","","PENDING",""
"I70-022079","edgar_valden_(golden_ratio)","4","Character","99","","","","","","","[{""copyright"":""identity_v"",""co_posts"":96,""character_coverage"":1.0},{""copyright"":""fuwa_fuwa_cinnamoroll"",""co_posts"":1,""character_coverage"":0.010417},{""copyright"":""gag_manga_biyori"",""co_posts"":1,""character_coverage"":0.010417},{""copyright"":""genshin_impact"",""co_posts"":1,""character_coverage"":0.010417},{""copyright"":""sanrio"",""co_posts"":1,""character_coverage"":0.010417}]","","","PENDING",""
"I70-022080","emizel_(disgaea)","4","Character","99","","","","","エミーゼル","","[{""copyright"":""disgaea"",""co_posts"":96,""character_coverage"":1.0},{""copyright"":""makai_senki_disgaea_4"",""co_posts"":84,""character_coverage"":0.875},{""copyright"":""disgaea_rpg"",""co_posts"":8,""character_coverage"":0.083333},{""copyright"":""makai_senki_disgaea_3"",""co_posts"":3,""character_coverage"":0.03125},{""copyright"":""nippon_ichi"",""co_posts"":3,""character_coverage"":0.03125}]","","","PENDING",""
"I70-022081","en_(dorohedoro)","4","Character","99","","","","","煙(ドロヘドロ)","","[{""copyright"":""dorohedoro"",""co_posts"":97,""character_coverage"":1.0},{""copyright"":""fullmetal_alchemist"",""co_posts"":7,""character_coverage"":0.072165},{""copyright"":""marvel"",""co_posts"":6,""character_coverage"":0.061856},{""copyright"":""jojo_no_kimyou_na_bouken"",""co_posts"":4,""character_coverage"":0.041237},{""copyright"":""sonic_(series)"",""co_posts"":4,""character_coverage"":0.041237}]","","","PENDING",""
"I70-022082","eun_soyeon_(lustyfox)","4","Character","99","","","","","Eun Soyeon（Lustyfox）","","[{""copyright"":""original"",""co_posts"":90,""character_coverage"":1.0},{""copyright"":""fate/grand_order"",""co_posts"":1,""character_coverage"":0.011111},{""copyright"":""fate_(series)"",""co_posts"":1,""character_coverage"":0.011111},{""copyright"":""portal_(series)"",""co_posts"":1,""character_coverage"":0.011111}]","","","PENDING",""
"I70-022083","executioner_maid_(centurii-chan)","4","Character","99","executioner_maid_(centuriic)","executioner maid (centuriic)","","","死刑執行者のメイド（センチュリック）","","[{""copyright"":""original"",""co_posts"":97,""character_coverage"":1.0},{""copyright"":""chivalry_starved"",""co_posts"":1,""character_coverage"":0.010309},{""copyright"":""heroes_of_order"",""co_posts"":1,""character_coverage"":0.010309},{""copyright"":""mahou_shoujo_ni_akogarete"",""co_posts"":1,""character_coverage"":0.010309}]","","","PENDING",""
"I70-022084","fatalis","4","Character","99","","","","","ミラボレアス","","[{""copyright"":""monster_hunter_(series)"",""co_posts"":96,""character_coverage"":0.989691},{""copyright"":""monster_hunter:_world"",""co_posts"":18,""character_coverage"":0.185567},{""copyright"":""monster_hunter_world:_iceborne"",""co_posts"":6,""character_coverage"":0.061856},{""copyright"":""pokemon"",""co_posts"":4,""character_coverage"":0.041237},{""copyright"":""hololive"",""co_posts"":3,""character_coverage"":0.030928}]","","","PENDING",""
"I70-022085","fiona_gilman","4","Character","99","","","","","フィオナ・ジルマン","","[{""copyright"":""identity_v"",""co_posts"":98,""character_coverage"":1.0},{""copyright"":""animate_(company)"",""co_posts"":1,""character_coverage"":0.010204},{""copyright"":""instagram"",""co_posts"":1,""character_coverage"":0.010204},{""copyright"":""lawson"",""co_posts"":1,""character_coverage"":0.010204}]","","","PENDING",""
"I70-022086","forest_keeper_nowa","4","Character","99","","","","","森の番人ノワ","","[{""copyright"":""queen's_blade"",""co_posts"":73,""character_coverage"":1.0},{""copyright"":""queen's_gate"",""co_posts"":3,""character_coverage"":0.041096},{""copyright"":""megami_magazine"",""co_posts"":2,""character_coverage"":0.027397},{""copyright"":""moetan"",""co_posts"":2,""character_coverage"":0.027397},{""copyright"":""senran_kagura"",""co_posts"":2,""character_coverage"":0.027397}]","","","PENDING",""
"I70-022087","frederick_kreiburg","4","Character","99","","","","","フレデリック・クレイバーグ","","[{""copyright"":""identity_v"",""co_posts"":93,""character_coverage"":1.0},{""copyright"":""animate_(company)"",""co_posts"":1,""character_coverage"":0.010753},{""copyright"":""lawson"",""co_posts"":1,""character_coverage"":0.010753},{""copyright"":""original"",""co_posts"":1,""character_coverage"":0.010753},{""copyright"":""starbucks"",""co_posts"":1,""character_coverage"":0.010753}]","","","PENDING",""
"I70-022088","fueguchi_hinami","4","Character","99","","","","","笛口ヒナミ","","[{""copyright"":""tokyo_ghoul"",""co_posts"":98,""character_coverage"":1.0},{""copyright"":""tokyo_ghoul:re"",""co_posts"":41,""character_coverage"":0.418367},{""copyright"":""beauty_and_the_beast_(disney)"",""co_posts"":3,""character_coverage"":0.030612},{""copyright"":""snow_white_and_the_seven_dwarfs_(disney)"",""co_posts"":3,""character_coverage"":0.030612},{""copyright"":""aladdin_(movie)"",""co_posts"":2,""character_coverage"":0.020408}]","","","PENDING",""
"I70-022089","fujimaru_ritsuka_(female)_(true_ether_chaldea_uniform)","4","Character","99","","","","","第五真説要素環境用カルデア制服","","[{""copyright"":""fate/grand_order"",""co_posts"":96,""character_coverage"":1.0},{""copyright"":""fate_(series)"",""co_posts"":96,""character_coverage"":1.0},{""copyright"":""fate/grand_order_arcade"",""co_posts"":1,""character_coverage"":0.010417},{""copyright"":""fate/hollow_ataraxia"",""co_posts"":1,""character_coverage"":0.010417},{""copyright"":""fate/strange_fake"",""co_posts"":1,""character_coverage"":0.010417}]","","","PENDING",""
"I70-022090","furuhashi_chinatsu","4","Character","99","","","","","古橋千夏","","[{""copyright"":""sweet_home"",""co_posts"":97,""character_coverage"":1.0}]","","","PENDING",""
"I70-022091","gochizo","4","Character","99","","","","","ゴチゾウ","","[{""copyright"":""kamen_rider"",""co_posts"":78,""character_coverage"":1.0},{""copyright"":""kamen_rider_gavv_(series)"",""co_posts"":76,""character_coverage"":0.974359},{""copyright"":""blue_archive"",""co_posts"":5,""character_coverage"":0.064103},{""copyright"":""love_live!"",""co_posts"":4,""character_coverage"":0.051282},{""copyright"":""kamen_rider_gotchard_(series)"",""co_posts"":3,""character_coverage"":0.038462}]","","","PENDING",""
"I70-022092","grady_sisters_(the_shining)","4","Character","99","","","","","Grady Sisters（輝く）","","[{""copyright"":""the_shining"",""co_posts"":83,""character_coverage"":0.882979},{""copyright"":""fate/grand_order"",""co_posts"":12,""character_coverage"":0.12766},{""copyright"":""fate_(series)"",""co_posts"":12,""character_coverage"":0.12766},{""copyright"":""hololive"",""co_posts"":8,""character_coverage"":0.085106},{""copyright"":""original"",""co_posts"":8,""character_coverage"":0.085106}]","","","PENDING",""
"I70-022093","gym_trainer_(pokemon)","4","Character","99","","","","","ジムトレーナー","","[{""copyright"":""pokemon"",""co_posts"":97,""character_coverage"":1.0},{""copyright"":""pokemon_sword_and_shield"",""co_posts"":89,""character_coverage"":0.917526},{""copyright"":""pokemon_scarlet_and_violet"",""co_posts"":6,""character_coverage"":0.061856},{""copyright"":""original"",""co_posts"":5,""character_coverage"":0.051546},{""copyright"":""pokemon_sun_and_moon"",""co_posts"":2,""character_coverage"":0.020619}]","","","PENDING",""
"I70-022094","hai_tien_(azur_lane)","4","Character","99","","","","","海天(アズールレーン)","","[{""copyright"":""azur_lane"",""co_posts"":92,""character_coverage"":1.0}]","","","PENDING",""
"I70-022095","hayama_hayato","4","Character","99","","","","","葉山隼人","","[{""copyright"":""yahari_ore_no_seishun_lovecome_wa_machigatteiru."",""co_posts"":93,""character_coverage"":1.0},{""copyright"":""among_us"",""co_posts"":1,""character_coverage"":0.010753},{""copyright"":""fate/grand_order"",""co_posts"":1,""character_coverage"":0.010753},{""copyright"":""fate_(series)"",""co_posts"":1,""character_coverage"":0.010753},{""copyright"":""houkago_play"",""co_posts"":1,""character_coverage"":0.010753}]","","","PENDING",""
"I70-022096","hijikata_toshizou_(drifters)","4","Character","99","","","","","土方歳三","","[{""copyright"":""drifters"",""co_posts"":93,""character_coverage"":1.0},{""copyright"":""fate_(series)"",""co_posts"":70,""character_coverage"":0.752688},{""copyright"":""koha-ace"",""co_posts"":62,""character_coverage"":0.666667},{""copyright"":""fate/grand_order"",""co_posts"":32,""character_coverage"":0.344086},{""copyright"":""newtype"",""co_posts"":2,""character_coverage"":0.021505}]","","","PENDING",""
"I70-022097","hinako_(issho_ni_training)","4","Character","99","","","","","ひなこ(いっしょにとれーにんぐ)","","[{""copyright"":""issho_ni_training"",""co_posts"":65,""character_coverage"":1.0},{""copyright"":""hokuto_no_ken"",""co_posts"":1,""character_coverage"":0.015385},{""copyright"":""megami_magazine"",""co_posts"":1,""character_coverage"":0.015385},{""copyright"":""monster_hunter_(series)"",""co_posts"":1,""character_coverage"":0.015385},{""copyright"":""umamusume"",""co_posts"":1,""character_coverage"":0.015385}]","","","PENDING",""
"I70-022098","hiyamaru","4","Character","99","","","","","ヒヤマル","","[{""copyright"":""holostars"",""co_posts"":97,""character_coverage"":1.0},{""copyright"":""holostars_english"",""co_posts"":3,""character_coverage"":0.030928},{""copyright"":""hypnosis_mic"",""co_posts"":2,""character_coverage"":0.020619},{""copyright"":""spy_x_family"",""co_posts"":2,""character_coverage"":0.020619},{""copyright"":""kawaikute_gomen_(honeyworks)"",""co_posts"":1,""character_coverage"":0.010309}]","","","PENDING",""
"I70-022099","jack_(identity_v)","4","Character","99","the_ripper_(identity_v)","the ripper (identity v)","","","リッパー(IdentityV)","","[{""copyright"":""identity_v"",""co_posts"":96,""character_coverage"":1.0},{""copyright"":""ib_(kouri)"",""co_posts"":3,""character_coverage"":0.03125},{""copyright"":""2018_fifa_world_cup"",""co_posts"":2,""character_coverage"":0.020833},{""copyright"":""world_cup"",""co_posts"":2,""character_coverage"":0.020833},{""copyright"":""ace_attorney"",""co_posts"":1,""character_coverage"":0.010417}]","","","PENDING",""
"I70-022100","jean_havoc","4","Character","99","","","","","ジャン・ハボック","","[{""copyright"":""fullmetal_alchemist"",""co_posts"":84,""character_coverage"":1.0},{""copyright"":""natsume_yuujinchou"",""co_posts"":4,""character_coverage"":0.047619},{""copyright"":""tales_of_(series)"",""co_posts"":4,""character_coverage"":0.047619},{""copyright"":""animal_crossing"",""co_posts"":3,""character_coverage"":0.035714},{""copyright"":""decadence_(anime)"",""co_posts"":3,""character_coverage"":0.035714}]","","","PENDING",""
"I70-022101","jeanne_d'arc_(formal_dress)_(fate)","4","Character","99","","","","","ブラック・エレガンス","","[{""copyright"":""fate_(series)"",""co_posts"":98,""character_coverage"":1.0},{""copyright"":""fate/grand_order"",""co_posts"":85,""character_coverage"":0.867347},{""copyright"":""fate/apocrypha"",""co_posts"":38,""character_coverage"":0.387755},{""copyright"":""pixiv_fate/grand_order_contest_2"",""co_posts"":2,""character_coverage"":0.020408},{""copyright"":""axis_powers_hetalia"",""co_posts"":1,""character_coverage"":0.010204}]","","","PENDING",""
"I70-022102","jericho_(girls'_frontline)","4","Character","99","jericho_(girls_frontline)","jericho (girls frontline)","","","ジェリコ(少女前線)","","[{""copyright"":""girls'_frontline"",""co_posts"":95,""character_coverage"":1.0},{""copyright"":""metal_gear_(series)"",""co_posts"":2,""character_coverage"":0.021053},{""copyright"":""va-11_hall-a"",""co_posts"":2,""character_coverage"":0.021053},{""copyright"":""adventure_time"",""co_posts"":1,""character_coverage"":0.010526},{""copyright"":""cowboy_bebop"",""co_posts"":1,""character_coverage"":0.010526}]","","","PENDING",""
"I70-022103","joseph_stalin","4","Character","99","","","","","ヨシフ・スターリン","","[{""copyright"":""real_life"",""co_posts"":47,""character_coverage"":0.5875},{""copyright"":""kantai_collection"",""co_posts"":28,""character_coverage"":0.35},{""copyright"":""original"",""co_posts"":10,""character_coverage"":0.125},{""copyright"":""touhou"",""co_posts"":8,""character_coverage"":0.1},{""copyright"":""blue_archive"",""co_posts"":5,""character_coverage"":0.0625}]","","","PENDING",""
"I70-022104","judy_alvarez","4","Character","99","","","","","","","[{""copyright"":""cyberpunk_(series)"",""co_posts"":70,""character_coverage"":1.0},{""copyright"":""cyberpunk_2077"",""co_posts"":69,""character_coverage"":0.985714},{""copyright"":""cyberpunk:_edgerunners"",""co_posts"":4,""character_coverage"":0.057143},{""copyright"":""akira_(manga)"",""co_posts"":2,""character_coverage"":0.028571},{""copyright"":""battle_angel_alita"",""co_posts"":2,""character_coverage"":0.028571}]","","","PENDING",""
"I70-022105","kagamine_rin_(melancholy)","4","Character","99","melancholy_(module)","melancholy (module)","","","","","[{""copyright"":""vocaloid"",""co_posts"":99,""character_coverage"":1.0},{""copyright"":""melancholic_(vocaloid)"",""co_posts"":97,""character_coverage"":0.979798},{""copyright"":""project_diva_(series)"",""co_posts"":28,""character_coverage"":0.282828},{""copyright"":""aku_no_musume_(vocaloid)"",""co_posts"":12,""character_coverage"":0.121212},{""copyright"":""roshin_yuukai_(vocaloid)"",""co_posts"":12,""character_coverage"":0.121212}]","","","PENDING",""
"I70-022106","kagaya_tsubomi","4","Character","99","","","","","カガヤ・ツボミ","","[{""copyright"":""yuri-natsu:_minshuku_kagaya"",""co_posts"":86,""character_coverage"":0.868687},{""copyright"":""original"",""co_posts"":13,""character_coverage"":0.131313}]","","","PENDING",""
"I70-022107","kareha","4","Character","99","","","","","カレハ","","[{""copyright"":""shuffle!"",""co_posts"":74,""character_coverage"":1.0},{""copyright"":""megami_magazine"",""co_posts"":5,""character_coverage"":0.067568},{""copyright"":""dengeki_g's"",""co_posts"":2,""character_coverage"":0.027027},{""copyright"":""kadokawa"",""co_posts"":2,""character_coverage"":0.027027},{""copyright"":""jigoku_shoujo"",""co_posts"":1,""character_coverage"":0.013514}]","","","PENDING",""
"I70-022108","kashii_airi","4","Character","99","","","","","香椎愛莉","","[{""copyright"":""rou-kyuu-bu!"",""co_posts"":84,""character_coverage"":1.0},{""copyright"":""cardcaptor_sakura"",""co_posts"":3,""character_coverage"":0.035714},{""copyright"":""granblue_fantasy"",""co_posts"":3,""character_coverage"":0.035714},{""copyright"":""hacka_doll"",""co_posts"":3,""character_coverage"":0.035714},{""copyright"":""idolmaster"",""co_posts"":3,""character_coverage"":0.035714}]","","","PENDING",""
"I70-022109","katejina_loos","4","Character","99","","","","","カテジナ・ルース","","[{""copyright"":""gundam"",""co_posts"":89,""character_coverage"":1.0},{""copyright"":""victory_gundam"",""co_posts"":89,""character_coverage"":1.0},{""copyright"":""char's_counterattack"",""co_posts"":4,""character_coverage"":0.044944},{""copyright"":""gundam_0083"",""co_posts"":4,""character_coverage"":0.044944},{""copyright"":""gundam_zz"",""co_posts"":4,""character_coverage"":0.044944}]","","","PENDING",""
"I70-022110","kawawa_sakurako","4","Character","99","","","","","川川さくら","","[{""copyright"":""futaribeya"",""co_posts"":99,""character_coverage"":1.0}]","","","PENDING",""
"I70-022111","khan_the_swift","4","Character","99","","","","","迅速のカーン","","[{""copyright"":""last_origin"",""co_posts"":90,""character_coverage"":1.0},{""copyright"":""gundam"",""co_posts"":1,""character_coverage"":0.011111},{""copyright"":""gundam_narrative"",""co_posts"":1,""character_coverage"":0.011111},{""copyright"":""original"",""co_posts"":1,""character_coverage"":0.011111}]","","","PENDING",""
"I70-022112","kiriyama_sakura","4","Character","99","","","","","桐山桜","","[{""copyright"":""sakura_musubi"",""co_posts"":95,""character_coverage"":1.0},{""copyright"":""suigetsu"",""co_posts"":3,""character_coverage"":0.031579},{""copyright"":""suzumiya_haruhi_no_yuuutsu"",""co_posts"":3,""character_coverage"":0.031579},{""copyright"":""aria_(manga)"",""co_posts"":2,""character_coverage"":0.021053},{""copyright"":""comiket_72"",""co_posts"":2,""character_coverage"":0.021053}]","","","PENDING",""
"I70-022113","koda_koji","4","Character","99","kouda_kouji,anima_(boku_no_hero_academia)","anima (boku no hero academia) | kouda kouji","","","口田甲司","","[{""copyright"":""boku_no_hero_academia"",""co_posts"":95,""character_coverage"":1.0},{""copyright"":""among_us"",""co_posts"":1,""character_coverage"":0.010526},{""copyright"":""animal_crossing"",""co_posts"":1,""character_coverage"":0.010526},{""copyright"":""berserk"",""co_posts"":1,""character_coverage"":0.010526},{""copyright"":""bocchi_the_rock!"",""co_posts"":1,""character_coverage"":0.010526}]","","","PENDING",""
"I70-022114","kogarasumaru_(touken_ranbu)","4","Character","99","","","","","小烏丸(刀剣乱舞)","","[{""copyright"":""touken_ranbu"",""co_posts"":98,""character_coverage"":1.0},{""copyright"":""touken_ranbu:_hanamaru"",""co_posts"":2,""character_coverage"":0.020408},{""copyright"":""men_in_black"",""co_posts"":1,""character_coverage"":0.010204},{""copyright"":""nitroplus"",""co_posts"":1,""character_coverage"":0.010204},{""copyright"":""tenka_hyakken"",""co_posts"":1,""character_coverage"":0.010204}]","","","PENDING",""
"I70-022115","kog'maw_(league)","4","Character","99","kog'maw","kog'maw","","","こぐまう","","[{""copyright"":""league_of_legends"",""co_posts"":89,""character_coverage"":1.0},{""copyright"":""adventure_time"",""co_posts"":1,""character_coverage"":0.011236},{""copyright"":""dragon_ball"",""co_posts"":1,""character_coverage"":0.011236},{""copyright"":""dragon_ball_z"",""co_posts"":1,""character_coverage"":0.011236},{""copyright"":""fate/stay_night"",""co_posts"":1,""character_coverage"":0.011236}]","","","PENDING",""
"I70-022116","kumazaki_karen","4","Character","99","","","","","熊崎花蓮","","[{""copyright"":""saibou_shinkyoku"",""co_posts"":99,""character_coverage"":1.0},{""copyright"":""dark_souls_(series)"",""co_posts"":1,""character_coverage"":0.010101},{""copyright"":""dark_souls_i"",""co_posts"":1,""character_coverage"":0.010101},{""copyright"":""omori"",""co_posts"":1,""character_coverage"":0.010101},{""copyright"":""original"",""co_posts"":1,""character_coverage"":0.010101}]","","","PENDING",""
"I70-022117","kumbhira_(summer)_(granblue_fantasy)","4","Character","99","","","","","金波の亥神","","[{""copyright"":""granblue_fantasy"",""co_posts"":93,""character_coverage"":1.0}]","","","PENDING",""
"I70-022118","kuon_(hasumi_(hasubatake39))","4","Character","99","","","","","Kuon（hasumi（hasubatake39））","","[{""copyright"":""original"",""co_posts"":99,""character_coverage"":1.0}]","","","PENDING",""
"I70-022119","kurose_minami","4","Character","99","","","","","黒瀬見波","","[{""copyright"":""dolphin_wave"",""co_posts"":99,""character_coverage"":1.0},{""copyright"":""senran_kagura"",""co_posts"":9,""character_coverage"":0.090909},{""copyright"":""senran_kagura_new_link"",""co_posts"":5,""character_coverage"":0.050505},{""copyright"":""don_quijote_(store)"",""co_posts"":3,""character_coverage"":0.030303},{""copyright"":""kage_no_jitsuryokusha_ni_naritakute!"",""co_posts"":3,""character_coverage"":0.030303}]","","","PENDING",""
"I70-022120","kuruma_suuna","4","Character","99","","","","","久留真珠海","","[{""copyright"":""koutsugou_semi-friend"",""co_posts"":98,""character_coverage"":1.0},{""copyright"":""manga_time_kirara"",""co_posts"":4,""character_coverage"":0.040816},{""copyright"":""melonbooks"",""co_posts"":4,""character_coverage"":0.040816},{""copyright"":""bang_dream!"",""co_posts"":1,""character_coverage"":0.010204},{""copyright"":""bang_dream!_it's_mygo!!!!!"",""co_posts"":1,""character_coverage"":0.010204}]","","","PENDING",""
"I70-022121","kurusu_alexandra","4","Character","99","","","","","栗栖アレクサンドラ","","[{""copyright"":""magia_record:_mahou_shoujo_madoka_magica_gaiden"",""co_posts"":89,""character_coverage"":1.0},{""copyright"":""mahou_shoujo_madoka_magica"",""co_posts"":89,""character_coverage"":1.0},{""copyright"":""mahou_shoujo_kazumi_magica"",""co_posts"":3,""character_coverage"":0.033708},{""copyright"":""mahou_shoujo_suzune_magica"",""co_posts"":3,""character_coverage"":0.033708},{""copyright"":""lyrical_nanoha"",""co_posts"":2,""character_coverage"":0.022472}]","","","PENDING",""
"I70-022122","leomon","4","Character","99","","","","","レオモン","","[{""copyright"":""digimon"",""co_posts"":87,""character_coverage"":1.0},{""copyright"":""digimon_tamers"",""co_posts"":10,""character_coverage"":0.114943},{""copyright"":""digimon_adventure"",""co_posts"":5,""character_coverage"":0.057471},{""copyright"":""digimon_adventure_02"",""co_posts"":4,""character_coverage"":0.045977},{""copyright"":""digimon_world"",""co_posts"":4,""character_coverage"":0.045977}]","","","PENDING",""
"I70-022123","leon_(sygna_suit)_(pokemon)","4","Character","99","","","","","マジコスダンデ","","[{""copyright"":""pokemon"",""co_posts"":99,""character_coverage"":1.0},{""copyright"":""pokemon_masters_ex"",""co_posts"":99,""character_coverage"":1.0},{""copyright"":""pokemon_sword_and_shield"",""co_posts"":31,""character_coverage"":0.313131},{""copyright"":""comiket_102"",""co_posts"":1,""character_coverage"":0.010101},{""copyright"":""pokemon_(anime)"",""co_posts"":1,""character_coverage"":0.010101}]","","","PENDING",""
"I70-022124","li_tianchen","4","Character","99","","","","","李天辰","","[{""copyright"":""shiguang_dailiren"",""co_posts"":99,""character_coverage"":1.0},{""copyright"":""honkai_(series)"",""co_posts"":1,""character_coverage"":0.010101},{""copyright"":""honkai_impact_3rd"",""co_posts"":1,""character_coverage"":0.010101}]","","","PENDING",""
"I70-022125","lithia_beryl_(elsword)","4","Character","99","","","","","リティア(エルソード)","","[{""copyright"":""elsword"",""co_posts"":97,""character_coverage"":1.0},{""copyright"":""azur_lane"",""co_posts"":2,""character_coverage"":0.020619},{""copyright"":""minecraft"",""co_posts"":1,""character_coverage"":0.010309}]","","","PENDING",""
"I70-022126","living_jar_(elden_ring)","4","Character","99","","","","","リビングジャー（エルデンリング）","","[{""copyright"":""elden_ring"",""co_posts"":92,""character_coverage"":1.0},{""copyright"":""elden_ring_nightreign"",""co_posts"":19,""character_coverage"":0.206522},{""copyright"":""dark_souls_(series)"",""co_posts"":8,""character_coverage"":0.086957},{""copyright"":""dark_souls_i"",""co_posts"":7,""character_coverage"":0.076087},{""copyright"":""elden_ring:_shadow_of_the_erdtree"",""co_posts"":5,""character_coverage"":0.054348}]","","","PENDING",""
"I70-022127","loud_cloud","4","Character","99","shirakumo_oboro","shirakumo oboro","","","白雲朧","","[{""copyright"":""boku_no_hero_academia"",""co_posts"":97,""character_coverage"":1.0},{""copyright"":""vigilante_-boku_no_hero_academia:_illegals-"",""co_posts"":6,""character_coverage"":0.061856},{""copyright"":""backrooms_(2026_movie)"",""co_posts"":1,""character_coverage"":0.010309},{""copyright"":""backrooms_(creepypasta)"",""co_posts"":1,""character_coverage"":0.010309},{""copyright"":""batman_(series)"",""co_posts"":1,""character_coverage"":0.010309}]","","","PENDING",""
"I70-022128","lucina_(great_lord)_(fire_emblem)","4","Character","99","lucina_(glorious_archer)_(fire_emblem),lucina_(brave_princess)_(fire_emblem),lucina_(glitters_of_hope)_(fire_emblem)","lucina (brave princess) (fire emblem) | lucina (glitters of hope) (fire emblem) | lucina (glorious archer) (fire emblem)","","","","","[{""copyright"":""fire_emblem"",""co_posts"":92,""character_coverage"":1.0},{""copyright"":""fire_emblem_awakening"",""co_posts"":90,""character_coverage"":0.978261},{""copyright"":""fire_emblem_heroes"",""co_posts"":89,""character_coverage"":0.967391},{""copyright"":""fire_emblem:_the_blazing_blade"",""co_posts"":19,""character_coverage"":0.206522},{""copyright"":""fire_emblem:_path_of_radiance"",""co_posts"":11,""character_coverage"":0.119565}]","","","PENDING",""
"I70-022129","ludan_(blusewilly_retry)","4","Character","99","","","","","魯蛋","","[{""copyright"":""original"",""co_posts"":94,""character_coverage"":0.969072},{""copyright"":""fate/grand_order"",""co_posts"":2,""character_coverage"":0.020619},{""copyright"":""fate_(series)"",""co_posts"":2,""character_coverage"":0.020619},{""copyright"":""facebook"",""co_posts"":1,""character_coverage"":0.010309},{""copyright"":""indie_virtual_youtuber"",""co_posts"":1,""character_coverage"":0.010309}]","","","PENDING",""
"I70-022130","lumi_(merryweather)","4","Character","99","","","","","ルミ（メリーウェザー）","","[{""copyright"":""indie_virtual_youtuber"",""co_posts"":62,""character_coverage"":0.696629},{""copyright"":""astraline"",""co_posts"":31,""character_coverage"":0.348315},{""copyright"":""minecraft"",""co_posts"":5,""character_coverage"":0.05618},{""copyright"":""vshojo"",""co_posts"":2,""character_coverage"":0.022472},{""copyright"":""crawling_dreams"",""co_posts"":1,""character_coverage"":0.011236}]","","","PENDING",""
"I70-022131","macan_(housamo)","4","Character","99","macan_(tokyo_houkago_summoners)","macan (tokyo houkago summoners)","","","マガン","","[{""copyright"":""tokyo_afterschool_summoners"",""co_posts"":99,""character_coverage"":1.0},{""copyright"":""another_eidos-r"",""co_posts"":1,""character_coverage"":0.010101},{""copyright"":""line_(naver)"",""co_posts"":1,""character_coverage"":0.010101},{""copyright"":""morenatsu"",""co_posts"":1,""character_coverage"":0.010101},{""copyright"":""original"",""co_posts"":1,""character_coverage"":0.010101}]","","","PENDING",""
"I70-022132","maid_(naitou_kouse)","4","Character","99","","","","","","","[{""copyright"":""original"",""co_posts"":96,""character_coverage"":1.0},{""copyright"":""kobeya"",""co_posts"":4,""character_coverage"":0.041667},{""copyright"":""pokemon"",""co_posts"":4,""character_coverage"":0.041667},{""copyright"":""blue_archive"",""co_posts"":1,""character_coverage"":0.010417},{""copyright"":""kobayashi-san_chi_no_maidragon"",""co_posts"":1,""character_coverage"":0.010417}]","","","PENDING",""
"I70-022133","mast_(a_pirate's_heart)_(nikke)","4","Character","99","","","","","マスト:パイレーツハート","","[{""copyright"":""goddess_of_victory:_nikke"",""co_posts"":95,""character_coverage"":1.0},{""copyright"":""nier:automata"",""co_posts"":1,""character_coverage"":0.010526},{""copyright"":""nier_(series)"",""co_posts"":1,""character_coverage"":0.010526}]","","","PENDING",""
"I70-022134","matsuoka_kiyone","4","Character","99","","","","","松田kiyone","","[{""copyright"":""original"",""co_posts"":89,""character_coverage"":0.967391},{""copyright"":""neon_genesis_evangelion"",""co_posts"":27,""character_coverage"":0.293478},{""copyright"":""rebuild_of_evangelion"",""co_posts"":6,""character_coverage"":0.065217},{""copyright"":""lyrical_nanoha"",""co_posts"":4,""character_coverage"":0.043478},{""copyright"":""mahou_shoujo_lyrical_nanoha"",""co_posts"":3,""character_coverage"":0.032609}]","","","PENDING",""
"I70-022135","maya_(aoki_hagane_no_arpeggio)","4","Character","99","","","","","マヤ(蒼き鋼のアルペジオ)","","[{""copyright"":""aoki_hagane_no_arpeggio"",""co_posts"":93,""character_coverage"":1.0},{""copyright"":""kantai_collection"",""co_posts"":27,""character_coverage"":0.290323},{""copyright"":""7-eleven"",""co_posts"":2,""character_coverage"":0.021505},{""copyright"":""lawson"",""co_posts"":2,""character_coverage"":0.021505},{""copyright"":""moomin"",""co_posts"":2,""character_coverage"":0.021505}]","","","PENDING",""
"I70-022136","melissa_moretti","4","Character","99","","","","","梅丽莎","","[{""copyright"":""lord_of_the_mysteries"",""co_posts"":97,""character_coverage"":1.0},{""copyright"":""circle_of_inevitability"",""co_posts"":3,""character_coverage"":0.030928}]","","","PENDING",""
"I70-022137","milla_basset","4","Character","99","","","","","巴美兰","","[{""copyright"":""freedom_planet"",""co_posts"":81,""character_coverage"":1.0},{""copyright"":""freedom_planet_2"",""co_posts"":59,""character_coverage"":0.728395},{""copyright"":""original"",""co_posts"":1,""character_coverage"":0.012346}]","","","PENDING",""
"I70-022138","mink_(dragon_half)","4","Character","99","","","","","ミンク（ドラゴンハーフ）","","[{""copyright"":""dragon_half"",""co_posts"":84,""character_coverage"":0.988235},{""copyright"":""3x3_eyes"",""co_posts"":1,""character_coverage"":0.011765},{""copyright"":""aa_megami-sama"",""co_posts"":1,""character_coverage"":0.011765},{""copyright"":""after_war_gundam_x"",""co_posts"":1,""character_coverage"":0.011765},{""copyright"":""akazukin_chacha"",""co_posts"":1,""character_coverage"":0.011765}]","","","PENDING",""
"I70-022139","mirakurun","4","Character","99","","","","","ミラクるん","","[{""copyright"":""yuruyuri"",""co_posts"":94,""character_coverage"":1.0},{""copyright"":""k-on!"",""co_posts"":7,""character_coverage"":0.074468},{""copyright"":""oomuro-ke"",""co_posts"":4,""character_coverage"":0.042553},{""copyright"":""lucky_star"",""co_posts"":2,""character_coverage"":0.021277},{""copyright"":""real_life"",""co_posts"":2,""character_coverage"":0.021277}]","","","PENDING",""
"I70-022140","miura_haru","4","Character","99","","","","","三浦ハル","","[{""copyright"":""katekyo_hitman_reborn!"",""co_posts"":89,""character_coverage"":1.0},{""copyright"":""suzumiya_haruhi_no_yuuutsu"",""co_posts"":2,""character_coverage"":0.022472},{""copyright"":""clannad"",""co_posts"":1,""character_coverage"":0.011236},{""copyright"":""doctor_who"",""co_posts"":1,""character_coverage"":0.011236},{""copyright"":""durarara!!"",""co_posts"":1,""character_coverage"":0.011236}]","","","PENDING",""
"I70-022141","mountain_(book_reader)_(arknights)","4","Character","99","","","","","","","[{""copyright"":""arknights"",""co_posts"":98,""character_coverage"":1.0},{""copyright"":""instagram"",""co_posts"":1,""character_coverage"":0.010204},{""copyright"":""live_a_hero"",""co_posts"":1,""character_coverage"":0.010204},{""copyright"":""original"",""co_posts"":1,""character_coverage"":0.010204},{""copyright"":""the_legend_of_luo_xiaohei"",""co_posts"":1,""character_coverage"":0.010204}]","","","PENDING",""
"I70-022142","muku-chan_(muroku)","4","Character","99","","","","","ムクチャン（ムロク）","","[{""copyright"":""original"",""co_posts"":99,""character_coverage"":1.0},{""copyright"":""among_us"",""co_posts"":1,""character_coverage"":0.010101},{""copyright"":""splatoon_(series)"",""co_posts"":1,""character_coverage"":0.010101}]","","","PENDING",""
"I70-022143","murakami-san_(misskey.io)","4","Character","99","","","","","村上さん","","[{""copyright"":""misskey.io"",""co_posts"":98,""character_coverage"":1.0},{""copyright"":""original"",""co_posts"":7,""character_coverage"":0.071429},{""copyright"":""kaguya-sama_wa_kokurasetai_~tensai-tachi_no_renai_zunousen~"",""co_posts"":2,""character_coverage"":0.020408},{""copyright"":""coca-cola"",""co_posts"":1,""character_coverage"":0.010204},{""copyright"":""comiket_103"",""co_posts"":1,""character_coverage"":0.010204}]","","","PENDING",""
"I70-022144","nakano_ayaka","4","Character","99","","","","","中野綾香","","[{""copyright"":""cinderella_series"",""co_posts"":67,""character_coverage"":1.0},{""copyright"":""hachigatsu_no_cinderella_nine"",""co_posts"":67,""character_coverage"":1.0},{""copyright"":""orix_buffaloes"",""co_posts"":3,""character_coverage"":0.044776},{""copyright"":""chiba_lotte_marines"",""co_posts"":2,""character_coverage"":0.029851},{""copyright"":""fukuoka_softbank_hawks"",""co_posts"":1,""character_coverage"":0.014925}]","","","PENDING",""
"I70-022145","nanako_(jujutsu_kaisen)","4","Character","99","","","","","枷場菜々子","","[{""copyright"":""jujutsu_kaisen"",""co_posts"":98,""character_coverage"":1.0},{""copyright"":""bobobo-bo_bo-bobo"",""co_posts"":6,""character_coverage"":0.061224},{""copyright"":""minecraft"",""co_posts"":3,""character_coverage"":0.030612},{""copyright"":""bleach"",""co_posts"":1,""character_coverage"":0.010204},{""copyright"":""bocchi_the_rock!"",""co_posts"":1,""character_coverage"":0.010204}]","","","PENDING",""
"I70-022146","narumi_gen","4","Character","99","","","","","鳴海隊長","","[{""copyright"":""kaijuu_no._8"",""co_posts"":97,""character_coverage"":1.0},{""copyright"":""fate/grand_order"",""co_posts"":2,""character_coverage"":0.020619},{""copyright"":""fate_(series)"",""co_posts"":2,""character_coverage"":0.020619},{""copyright"":""cardcaptor_sakura"",""co_posts"":1,""character_coverage"":0.010309},{""copyright"":""danganronpa:_trigger_happy_havoc"",""co_posts"":1,""character_coverage"":0.010309}]","","","PENDING",""
"I70-022147","nazomaki_(blue_archive)","4","Character","99","","","","","謎マキ","","[{""copyright"":""blue_archive"",""co_posts"":91,""character_coverage"":0.98913},{""copyright"":""arknights"",""co_posts"":2,""character_coverage"":0.021739},{""copyright"":""armored_core"",""co_posts"":2,""character_coverage"":0.021739},{""copyright"":""armored_core_vi:_fires_of_rubicon"",""co_posts"":2,""character_coverage"":0.021739},{""copyright"":""kirby_(series)"",""co_posts"":2,""character_coverage"":0.021739}]","","","PENDING",""
"I70-022148","nerissa_ravencroft_(nighttime_princess)","4","Character","99","nerissa_ravencroft_(sleepwear)","nerissa ravencroft (sleepwear)","","","ネリッサ・レイヴンクロフト(ナイトタイムプリンセス衣装)","","[{""copyright"":""hololive"",""co_posts"":89,""character_coverage"":1.0},{""copyright"":""hololive_english"",""co_posts"":89,""character_coverage"":1.0},{""copyright"":""go-toubun_no_hanayome"",""co_posts"":1,""character_coverage"":0.011236},{""copyright"":""pokemon"",""co_posts"":1,""character_coverage"":0.011236},{""copyright"":""pokemon_pokopia"",""co_posts"":1,""character_coverage"":0.011236}]","","","PENDING",""
"I70-022149","nero_claudius_(formal_dress)_(fate)","4","Character","99","","","","","ヴィナスのシルク","","[{""copyright"":""fate_(series)"",""co_posts"":89,""character_coverage"":0.967391},{""copyright"":""fate/grand_order"",""co_posts"":68,""character_coverage"":0.73913},{""copyright"":""fate/extra"",""co_posts"":45,""character_coverage"":0.48913},{""copyright"":""hololive"",""co_posts"":3,""character_coverage"":0.032609},{""copyright"":""hololive_english"",""co_posts"":3,""character_coverage"":0.032609}]","","","PENDING",""
"I70-022150","nights_(character)","4","Character","99","","","","","夜（キャラクター）","","[{""copyright"":""nights_into_dreams"",""co_posts"":88,""character_coverage"":1.0},{""copyright"":""sonic_(series)"",""co_posts"":36,""character_coverage"":0.409091},{""copyright"":""sega"",""co_posts"":14,""character_coverage"":0.159091},{""copyright"":""puyopuyo"",""co_posts"":12,""character_coverage"":0.136364},{""copyright"":""mega_man_(classic)"",""co_posts"":9,""character_coverage"":0.102273}]","","","PENDING",""
"I70-022151","nil_sunna","4","Character","99","","","","","ニル・スンナ","","[{""copyright"":""original"",""co_posts"":84,""character_coverage"":0.884211},{""copyright"":""elfheim"",""co_posts"":81,""character_coverage"":0.852632},{""copyright"":""final_fantasy"",""co_posts"":3,""character_coverage"":0.031579},{""copyright"":""final_fantasy_xiv"",""co_posts"":3,""character_coverage"":0.031579},{""copyright"":""2022_fifa_world_cup"",""co_posts"":1,""character_coverage"":0.010526}]","","","PENDING",""
"I70-022152","ogata_garaiya","4","Character","99","","","","","尾形ガライヤ","","[{""copyright"":""len'en"",""co_posts"":82,""character_coverage"":1.0},{""copyright"":""brilliant_pagoda_or_haze_castle"",""co_posts"":8,""character_coverage"":0.097561},{""copyright"":""earthen_miraculous_sword"",""co_posts"":5,""character_coverage"":0.060976},{""copyright"":""evanescent_existence"",""co_posts"":5,""character_coverage"":0.060976},{""copyright"":""reactivate_majestical_imperial"",""co_posts"":5,""character_coverage"":0.060976}]","","","PENDING",""
"I70-022153","oguri_cap_(gray_monster)_(umamusume)","4","Character","99","","","","","芦毛の怪物(着ぐるみ)","","[{""copyright"":""umamusume"",""co_posts"":96,""character_coverage"":1.0},{""copyright"":""umamusume:_cinderella_gray"",""co_posts"":56,""character_coverage"":0.583333},{""copyright"":""godzilla_(series)"",""co_posts"":14,""character_coverage"":0.145833},{""copyright"":""ultra_series"",""co_posts"":6,""character_coverage"":0.0625},{""copyright"":""kantai_collection"",""co_posts"":4,""character_coverage"":0.041667}]","","","PENDING",""
"I70-022154","oliver_fog","4","Character","99","","","","","オリバー・フォッグ","","[{""copyright"":""reverse:1999"",""co_posts"":98,""character_coverage"":1.0},{""copyright"":""indie_virtual_youtuber"",""co_posts"":1,""character_coverage"":0.010204},{""copyright"":""nanashi_inc."",""co_posts"":1,""character_coverage"":0.010204}]","","","PENDING",""
"I70-022155","ookouchi_akira","4","Character","99","okouchi_akira","okouchi akira","","","大河内アキラ","","[{""copyright"":""mahou_sensei_negima!"",""co_posts"":75,""character_coverage"":1.0},{""copyright"":""galaxy_angel"",""co_posts"":1,""character_coverage"":0.013333},{""copyright"":""galaxy_angel_rune"",""co_posts"":1,""character_coverage"":0.013333},{""copyright"":""idolmaster"",""co_posts"":1,""character_coverage"":0.013333},{""copyright"":""idolmaster_(classic)"",""co_posts"":1,""character_coverage"":0.013333}]","","","PENDING",""
"I70-022156","oono_akira","4","Character","99","","","","","大野晶","","[{""copyright"":""high_score_girl"",""co_posts"":87,""character_coverage"":1.0},{""copyright"":""street_fighter"",""co_posts"":23,""character_coverage"":0.264368},{""copyright"":""darkstalkers"",""co_posts"":6,""character_coverage"":0.068966},{""copyright"":""street_fighter_ii_(series)"",""co_posts"":6,""character_coverage"":0.068966},{""copyright"":""final_fight"",""co_posts"":3,""character_coverage"":0.034483}]","","","PENDING",""
"I70-022157","patty_(pso2)","4","Character","99","","","","","パティ","","[{""copyright"":""phantasy_star"",""co_posts"":99,""character_coverage"":1.0},{""copyright"":""phantasy_star_online_2"",""co_posts"":99,""character_coverage"":1.0},{""copyright"":""original"",""co_posts"":1,""character_coverage"":0.010101},{""copyright"":""phantasy_star_portable_2"",""co_posts"":1,""character_coverage"":0.010101},{""copyright"":""phantasy_star_portable_2_infinity"",""co_posts"":1,""character_coverage"":0.010101}]","","","PENDING",""
"I70-022158","prism_saber_gerda","4","Character","99","","","","","プリズムセイバー・ゲルダ","","[{""copyright"":""shugo_seijo_prism_saber"",""co_posts"":99,""character_coverage"":1.0}]","","","PENDING",""
"I70-022159","purah_(young)","4","Character","99","","","","","","","[{""copyright"":""the_legend_of_zelda"",""co_posts"":96,""character_coverage"":1.0},{""copyright"":""the_legend_of_zelda:_breath_of_the_wild"",""co_posts"":92,""character_coverage"":0.958333},{""copyright"":""the_legend_of_zelda:_tears_of_the_kingdom"",""co_posts"":10,""character_coverage"":0.104167},{""copyright"":""hyrule_warriors:_age_of_calamity"",""co_posts"":8,""character_coverage"":0.083333},{""copyright"":""the_legend_of_zelda:_twilight_princess"",""co_posts"":2,""character_coverage"":0.020833}]","","","PENDING",""
"I70-022160","red_luma","4","Character","99","","","","","","","[{""copyright"":""mario_(series)"",""co_posts"":90,""character_coverage"":1.0},{""copyright"":""super_mario_galaxy"",""co_posts"":58,""character_coverage"":0.644444},{""copyright"":""mario_kart"",""co_posts"":9,""character_coverage"":0.1},{""copyright"":""mario_kart_tour"",""co_posts"":9,""character_coverage"":0.1},{""copyright"":""super_smash_bros."",""co_posts"":9,""character_coverage"":0.1}]","","","PENDING",""
"I70-022161","rei_(nikke)","4","Character","99","","","","","ライ(勝利の女神:NIKKE)","","[{""copyright"":""goddess_of_victory:_nikke"",""co_posts"":93,""character_coverage"":1.0},{""copyright"":""neon_genesis_evangelion"",""co_posts"":11,""character_coverage"":0.11828},{""copyright"":""rebuild_of_evangelion"",""co_posts"":8,""character_coverage"":0.086022},{""copyright"":""evangelion:_2.0_you_can_(not)_advance"",""co_posts"":3,""character_coverage"":0.032258},{""copyright"":""evangelion:_1.0_you_are_(not)_alone"",""co_posts"":1,""character_coverage"":0.010753}]","","","PENDING",""
"I70-022162","rie-chan","4","Character","99","","","","","リエ♥ちゃん","","[{""copyright"":""bemani"",""co_posts"":96,""character_coverage"":1.0},{""copyright"":""pop'n_music"",""co_posts"":96,""character_coverage"":1.0},{""copyright"":""sound_voltex"",""co_posts"":2,""character_coverage"":0.020833},{""copyright"":""beatmania_iidx"",""co_posts"":1,""character_coverage"":0.010417},{""copyright"":""bishoujo_senshi_sailor_moon"",""co_posts"":1,""character_coverage"":0.010417}]","","","PENDING",""
"I70-022163","rita_rossweisse_(miss_espionage)","4","Character","99","","","","","","","[{""copyright"":""honkai_(series)"",""co_posts"":93,""character_coverage"":1.0},{""copyright"":""honkai_impact_3rd"",""co_posts"":93,""character_coverage"":1.0},{""copyright"":""mr._and_mrs._smith"",""co_posts"":1,""character_coverage"":0.010753}]","","","PENDING",""
"I70-022164","rosemary_(throtem)","4","Character","99","","","","","","","[{""copyright"":""original"",""co_posts"":96,""character_coverage"":1.0}]","","","PENDING",""
"I70-022165","ru-chan_(hachigatsu_no_cinderella_nine)","4","Character","99","","","","","ルーちゃん","","[]","","","PENDING",""
"I70-022166","sakaki_chizuru","4","Character","99","","","","","榊千鶴","","[{""copyright"":""muv-luv"",""co_posts"":92,""character_coverage"":0.989247},{""copyright"":""muv-luv_alternative"",""co_posts"":44,""character_coverage"":0.473118},{""copyright"":""muv-luv_alternative_(anime)"",""co_posts"":11,""character_coverage"":0.11828},{""copyright"":""kimi_ga_nozomu_eien"",""co_posts"":4,""character_coverage"":0.043011},{""copyright"":""muv-luv_girls_garden"",""co_posts"":4,""character_coverage"":0.043011}]","","","PENDING",""
"I70-022167","sarutobi_konohamaru","4","Character","99","","","","","猿飛木ノ葉丸","","[{""copyright"":""naruto_(series)"",""co_posts"":74,""character_coverage"":1.0},{""copyright"":""boruto_(series)"",""co_posts"":42,""character_coverage"":0.567568},{""copyright"":""boruto:_naruto_next_generations"",""co_posts"":37,""character_coverage"":0.5},{""copyright"":""naruto_(classic)"",""co_posts"":25,""character_coverage"":0.337838},{""copyright"":""naruto_shippuuden"",""co_posts"":23,""character_coverage"":0.310811}]","","","PENDING",""
"I70-022168","sawada_marina","4","Character","99","","","","","沢田麻理菜","","[{""copyright"":""idolmaster"",""co_posts"":96,""character_coverage"":1.0},{""copyright"":""idolmaster_cinderella_girls"",""co_posts"":96,""character_coverage"":1.0},{""copyright"":""cinderella_girls_gekijou"",""co_posts"":29,""character_coverage"":0.302083},{""copyright"":""idolmaster_cinderella_girls_starlight_stage"",""co_posts"":20,""character_coverage"":0.208333},{""copyright"":""idolmaster_(classic)"",""co_posts"":3,""character_coverage"":0.03125}]","","","PENDING",""
"I70-022169","seki_(vtuber)","4","Character","99","","","","","seki（vtuber）","","[{""copyright"":""meridian_project"",""co_posts"":98,""character_coverage"":1.0},{""copyright"":""fate/grand_order"",""co_posts"":2,""character_coverage"":0.020408},{""copyright"":""fate_(series)"",""co_posts"":2,""character_coverage"":0.020408},{""copyright"":""blue_archive"",""co_posts"":1,""character_coverage"":0.010204},{""copyright"":""cevio"",""co_posts"":1,""character_coverage"":0.010204}]","","","PENDING",""
"I70-022170","sekka_(shadowverse)","4","Character","99","","","","","セッカ(シャドウバース)","","[{""copyright"":""shadowverse"",""co_posts"":94,""character_coverage"":1.0},{""copyright"":""cygames"",""co_posts"":4,""character_coverage"":0.042553},{""copyright"":""fate/grand_order"",""co_posts"":4,""character_coverage"":0.042553},{""copyright"":""fate_(series)"",""co_posts"":4,""character_coverage"":0.042553},{""copyright"":""shingeki_no_bahamut"",""co_posts"":3,""character_coverage"":0.031915}]","","","PENDING",""
"I70-022171","senpai_(tawawa)","4","Character","99","","","","","先輩（Tawawa）","","[{""copyright"":""getsuyoubi_no_tawawa"",""co_posts"":90,""character_coverage"":1.0},{""copyright"":""ganbare_douki-chan"",""co_posts"":6,""character_coverage"":0.066667},{""copyright"":""final_fantasy"",""co_posts"":1,""character_coverage"":0.011111},{""copyright"":""final_fantasy_vii"",""co_posts"":1,""character_coverage"":0.011111},{""copyright"":""house_of_the_dead"",""co_posts"":1,""character_coverage"":0.011111}]","","","PENDING",""
"I70-022172","shantak-kun_(nyaruko-san)","4","Character","99","","","","","シャンタッ君","","[]","","","PENDING",""
"I70-022173","shiomi_yoru_(project_moon)","4","Character","99","","","","","","","[{""copyright"":""project_moon"",""co_posts"":86,""character_coverage"":1.0},{""copyright"":""limbus_company"",""co_posts"":85,""character_coverage"":0.988372},{""copyright"":""umamusume"",""co_posts"":4,""character_coverage"":0.046512},{""copyright"":""arknights"",""co_posts"":1,""character_coverage"":0.011628},{""copyright"":""arknights:_endfield"",""co_posts"":1,""character_coverage"":0.011628}]","","","PENDING",""
"I70-022174","sidney_(pokemon)","4","Character","99","","","","","カゲツ","","[{""copyright"":""pokemon"",""co_posts"":93,""character_coverage"":1.0},{""copyright"":""pokemon_omega_ruby_and_alpha_sapphire"",""co_posts"":67,""character_coverage"":0.72043},{""copyright"":""pokemon_ruby/sapphire/emerald"",""co_posts"":30,""character_coverage"":0.322581},{""copyright"":""pokemon_black_and_white"",""co_posts"":22,""character_coverage"":0.236559},{""copyright"":""pokemon_heartgold_and_soulsilver"",""co_posts"":15,""character_coverage"":0.16129}]","","","PENDING",""
"I70-022175","snowciel_(snowcie)","4","Character","99","snowciel","snowciel","","","スノーサイエル","","[{""copyright"":""original"",""co_posts"":99,""character_coverage"":1.0},{""copyright"":""olverse"",""co_posts"":10,""character_coverage"":0.10101},{""copyright"":""dc_comics"",""co_posts"":2,""character_coverage"":0.020202},{""copyright"":""overwatch"",""co_posts"":2,""character_coverage"":0.020202},{""copyright"":""scooby-doo_(series)"",""co_posts"":2,""character_coverage"":0.020202}]","","","PENDING",""
"I70-022176","soma_natsumi","4","Character","99","souma_natsumi","souma natsumi","","","相馬夏美","","[{""copyright"":""idolmaster"",""co_posts"":98,""character_coverage"":1.0},{""copyright"":""idolmaster_cinderella_girls"",""co_posts"":98,""character_coverage"":1.0},{""copyright"":""cinderella_girls_gekijou"",""co_posts"":30,""character_coverage"":0.306122},{""copyright"":""idolmaster_cinderella_girls_starlight_stage"",""co_posts"":30,""character_coverage"":0.306122},{""copyright"":""idolmaster_(classic)"",""co_posts"":2,""character_coverage"":0.020408}]","","","PENDING",""
"I70-022177","soneda_akane","4","Character","99","","","","","曽根田あかね","","[{""copyright"":""original"",""co_posts"":99,""character_coverage"":1.0},{""copyright"":""gachimuchi"",""co_posts"":2,""character_coverage"":0.020202},{""copyright"":""doraemon"",""co_posts"":1,""character_coverage"":0.010101},{""copyright"":""scp_foundation"",""co_posts"":1,""character_coverage"":0.010101}]","","","PENDING",""
"I70-022178","specter_the_unchained_(born_as_one)_(arknights)","4","Character","99","","","","","","","[{""copyright"":""arknights"",""co_posts"":97,""character_coverage"":1.0},{""copyright"":""ambience_synesthesia"",""co_posts"":19,""character_coverage"":0.195876}]","","","PENDING",""
"I70-022179","stella_(black_rock_shooter)","4","Character","99","","","","","ステラ（ブラックロックシューター）","","[{""copyright"":""black_rock_shooter"",""co_posts"":90,""character_coverage"":1.0},{""copyright"":""black_rock_shooter_(game)"",""co_posts"":90,""character_coverage"":1.0},{""copyright"":""black_rock_shooter:_dawn_fall"",""co_posts"":1,""character_coverage"":0.011111},{""copyright"":""science_adventure"",""co_posts"":1,""character_coverage"":0.011111},{""copyright"":""steins;gate"",""co_posts"":1,""character_coverage"":0.011111}]","","","PENDING",""
"I70-022180","strelitzia_(kingdom_hearts)","4","Character","99","","","","","ストレリチア","","[{""copyright"":""kingdom_hearts"",""co_posts"":88,""character_coverage"":1.0},{""copyright"":""kingdom_hearts_x"",""co_posts"":71,""character_coverage"":0.806818},{""copyright"":""kingdom_hearts_iv"",""co_posts"":26,""character_coverage"":0.295455},{""copyright"":""kingdom_hearts_iii"",""co_posts"":10,""character_coverage"":0.113636},{""copyright"":""mickey_mouse_&_friends"",""co_posts"":8,""character_coverage"":0.090909}]","","","PENDING",""
"I70-022181","symphony_luka","4","Character","99","","","","","","","[{""copyright"":""vocaloid"",""co_posts"":97,""character_coverage"":1.0},{""copyright"":""miku_symphony_(vocaloid)"",""co_posts"":96,""character_coverage"":0.989691},{""copyright"":""utau"",""co_posts"":14,""character_coverage"":0.14433},{""copyright"":""the_birth_of_venus"",""co_posts"":2,""character_coverage"":0.020619}]","","","PENDING",""
"I70-022182","tada_shiera","4","Character","99","","","","","多田紫恵楽","","[{""copyright"":""assault_lily"",""co_posts"":98,""character_coverage"":1.0},{""copyright"":""bang_dream!"",""co_posts"":2,""character_coverage"":0.020408},{""copyright"":""bang_dream!_it's_mygo!!!!!"",""co_posts"":2,""character_coverage"":0.020408},{""copyright"":""calpis"",""co_posts"":1,""character_coverage"":0.010204},{""copyright"":""shoujo_kageki_revue_starlight"",""co_posts"":1,""character_coverage"":0.010204}]","","","PENDING",""
"I70-022183","testament_(fate)","4","Character","99","","","","","テスタメント(Fate)","","[{""copyright"":""fate_(series)"",""co_posts"":93,""character_coverage"":1.0},{""copyright"":""fate/grand_order"",""co_posts"":78,""character_coverage"":0.83871},{""copyright"":""fate/kaleid_liner_prisma_illya"",""co_posts"":77,""character_coverage"":0.827957},{""copyright"":""ac_japan"",""co_posts"":1,""character_coverage"":0.010753},{""copyright"":""fate/stay_night"",""co_posts"":1,""character_coverage"":0.010753}]","","","PENDING",""
"I70-022184","thomas_the_tank_engine","4","Character","99","","","","","トーマス(きかんしゃトーマス)","","[{""copyright"":""thomas_the_tank_engine_(series)"",""co_posts"":82,""character_coverage"":0.987952},{""copyright"":""original"",""co_posts"":10,""character_coverage"":0.120482},{""copyright"":""blue_archive"",""co_posts"":8,""character_coverage"":0.096386},{""copyright"":""touhou"",""co_posts"":6,""character_coverage"":0.072289},{""copyright"":""doraemon"",""co_posts"":4,""character_coverage"":0.048193}]","","","PENDING",""
"I70-022185","tia_(black_survival)","4","Character","99","","","","","","","[{""copyright"":""black_survival"",""co_posts"":93,""character_coverage"":1.0},{""copyright"":""eternal_return:_black_survival"",""co_posts"":91,""character_coverage"":0.978495},{""copyright"":""blue_archive"",""co_posts"":1,""character_coverage"":0.010753},{""copyright"":""fate/grand_order"",""co_posts"":1,""character_coverage"":0.010753},{""copyright"":""fate_(series)"",""co_posts"":1,""character_coverage"":0.010753}]","","","PENDING",""
"I70-022186","tsukiyomi_ikuto","4","Character","99","","","","","月詠イクト","","[{""copyright"":""shugo_chara!"",""co_posts"":89,""character_coverage"":1.0},{""copyright"":""kemonomichi"",""co_posts"":2,""character_coverage"":0.022472},{""copyright"":""pokemon"",""co_posts"":2,""character_coverage"":0.022472},{""copyright"":""animal_crossing"",""co_posts"":1,""character_coverage"":0.011236},{""copyright"":""arakawa_under_the_bridge"",""co_posts"":1,""character_coverage"":0.011236}]","","","PENDING",""
"I70-022187","uzen_kyouka","4","Character","99","","","","","羽前京香","","[{""copyright"":""mato_seihei_no_slave"",""co_posts"":86,""character_coverage"":1.0},{""copyright"":""megami_magazine"",""co_posts"":2,""character_coverage"":0.023256},{""copyright"":""2.5_jigen_no_ririsa"",""co_posts"":1,""character_coverage"":0.011628},{""copyright"":""akame_ga_kill!"",""co_posts"":1,""character_coverage"":0.011628},{""copyright"":""bleach"",""co_posts"":1,""character_coverage"":0.011628}]","","","PENDING",""
"I70-022188","wallaby_(girls_und_panzer)","4","Character","99","","","","","コアラの森学園","","[{""copyright"":""girls_und_panzer"",""co_posts"":91,""character_coverage"":1.0},{""copyright"":""girls_und_panzer_motto_love_love_sakusen_desu!"",""co_posts"":13,""character_coverage"":0.142857},{""copyright"":""gekitotsu!_joshikousei_oiroke_sensha_gundan"",""co_posts"":2,""character_coverage"":0.021978},{""copyright"":""2024_summer_olympics"",""co_posts"":1,""character_coverage"":0.010989},{""copyright"":""bobobo-bo_bo-bobo"",""co_posts"":1,""character_coverage"":0.010989}]","","","PENDING",""
"I70-022189","wu_zetian_(swimsuit_caster)_(first_ascension)_(fate)","4","Character","99","","","","","ウー・ゼティアン（水着キャスター）（最初の昇天）（運命）","","[{""copyright"":""fate/grand_order"",""co_posts"":87,""character_coverage"":1.0},{""copyright"":""fate_(series)"",""co_posts"":87,""character_coverage"":1.0},{""copyright"":""fate/grand_order_arcade"",""co_posts"":1,""character_coverage"":0.011494}]","","","PENDING",""
"I70-022190","xiangling_(new_year's_cheer)_(genshin_impact)","4","Character","99","","","","","香菱(岁夜欢哗)","","[{""copyright"":""genshin_impact"",""co_posts"":98,""character_coverage"":1.0},{""copyright"":""mihoyo"",""co_posts"":5,""character_coverage"":0.05102},{""copyright"":""zenless_zone_zero"",""co_posts"":4,""character_coverage"":0.040816},{""copyright"":""honkai:_star_rail"",""co_posts"":1,""character_coverage"":0.010204},{""copyright"":""honkai_(series)"",""co_posts"":1,""character_coverage"":0.010204}]","","","PENDING",""
"I70-022191","yakushi_kabuto","4","Character","99","","","","","ヤクシ・カブト","","[{""copyright"":""naruto_(series)"",""co_posts"":81,""character_coverage"":1.0},{""copyright"":""naruto_shippuuden"",""co_posts"":60,""character_coverage"":0.740741},{""copyright"":""naruto_(classic)"",""co_posts"":23,""character_coverage"":0.283951},{""copyright"":""boruto_(series)"",""co_posts"":5,""character_coverage"":0.061728},{""copyright"":""boruto:_naruto_next_generations"",""co_posts"":4,""character_coverage"":0.049383}]","","","PENDING",""
"I70-022192","yamabuki_kasumi","4","Character","99","","","","","川中ヤマブキ","","[{""copyright"":""futaribeya"",""co_posts"":99,""character_coverage"":1.0}]","","","PENDING",""
"I70-022193","yamazaki_sagaru","4","Character","99","","","","","山崎退","","[{""copyright"":""gintama"",""co_posts"":95,""character_coverage"":1.0},{""copyright"":""gintama_movie_2:_yorozuya_yo_eien_nare"",""co_posts"":2,""character_coverage"":0.021053},{""copyright"":""nichijou"",""co_posts"":2,""character_coverage"":0.021053},{""copyright"":""zootopia"",""co_posts"":2,""character_coverage"":0.021053},{""copyright"":""anpanman"",""co_posts"":1,""character_coverage"":0.010526}]","","","PENDING",""
"I70-022194","yanagiba_panda","4","Character","99","","","","","柳場ぱんだ","","[{""copyright"":""world_dai_star"",""co_posts"":96,""character_coverage"":1.0},{""copyright"":""maimai_(game)"",""co_posts"":3,""character_coverage"":0.03125},{""copyright"":""genjitsu_no_yohane"",""co_posts"":1,""character_coverage"":0.010417},{""copyright"":""love_live!"",""co_posts"":1,""character_coverage"":0.010417},{""copyright"":""love_live!_sunshine!!"",""co_posts"":1,""character_coverage"":0.010417}]","","","PENDING",""
"I70-022195","yokomine_ibuki","4","Character","99","","","","","横峯冬姫","","[{""copyright"":""swing!!"",""co_posts"":97,""character_coverage"":1.0},{""copyright"":""original"",""co_posts"":2,""character_coverage"":0.020619},{""copyright"":""comiket_103"",""co_posts"":1,""character_coverage"":0.010309},{""copyright"":""fushigi_na_neko_no_machi_meltier"",""co_posts"":1,""character_coverage"":0.010309}]","","","PENDING",""
"I70-022196","acerola_(fall_2020)_(pokemon)","4","Character","98","","","","","アセロラ(20シーズン)","","[{""copyright"":""pokemon"",""co_posts"":97,""character_coverage"":1.0},{""copyright"":""pokemon_masters_ex"",""co_posts"":97,""character_coverage"":1.0},{""copyright"":""pokemon_sword_and_shield"",""co_posts"":7,""character_coverage"":0.072165},{""copyright"":""pokemon_black_and_white"",""co_posts"":3,""character_coverage"":0.030928},{""copyright"":""pokemon_sun_and_moon"",""co_posts"":3,""character_coverage"":0.030928}]","","","PENDING",""
"I70-022197","aion_(chrono_crusade)","4","Character","98","","","","","アイオン（クロノ十字軍）","","[{""copyright"":""chrono_crusade"",""co_posts"":9,""character_coverage"":1.0},{""copyright"":""durarara!!"",""co_posts"":1,""character_coverage"":0.111111},{""copyright"":""psycho-pass"",""co_posts"":1,""character_coverage"":0.111111}]","","","PENDING",""
"I70-022198","aivy_lovencraft","4","Character","98","","","","","","","[{""copyright"":""indie_virtual_youtuber"",""co_posts"":98,""character_coverage"":1.0},{""copyright"":""helltaker"",""co_posts"":2,""character_coverage"":0.020408}]","","","PENDING",""
"I70-022199","anjo_nala_(forbidden_fruit)","4","Character","98","","","","","天使娜娜(恶之果)","","[{""copyright"":""reverse:1999"",""co_posts"":94,""character_coverage"":1.0},{""copyright"":""book_of_genesis"",""co_posts"":1,""character_coverage"":0.010638},{""copyright"":""old_testament"",""co_posts"":1,""character_coverage"":0.010638},{""copyright"":""the_bible"",""co_posts"":1,""character_coverage"":0.010638}]","","","PENDING",""
"I70-022200","apollousa_bow_of_the_goddess","4","Character","98","","","","","召命の神弓-アポロウーサ","","[{""copyright"":""yu-gi-oh!"",""co_posts"":85,""character_coverage"":1.0},{""copyright"":""yu-gi-oh!_master_duel"",""co_posts"":2,""character_coverage"":0.023529},{""copyright"":""yu-gi-oh!_vrains"",""co_posts"":2,""character_coverage"":0.023529},{""copyright"":""comiket_105"",""co_posts"":1,""character_coverage"":0.011765},{""copyright"":""sono_bisque_doll_wa_koi_wo_suru"",""co_posts"":1,""character_coverage"":0.011765}]","","","PENDING",""
"I70-022201","ayuki_(yuuwaku_namaiki_lolita)","4","Character","98","","","","","","","[{""copyright"":""yuuwaku_namaiki_lolita"",""co_posts"":98,""character_coverage"":1.0}]","","","PENDING",""
"I70-022202","bell_zephyr","4","Character","98","","","","","ベール=ゼファー","","[{""copyright"":""night_wizard"",""co_posts"":88,""character_coverage"":1.0},{""copyright"":""original"",""co_posts"":4,""character_coverage"":0.045455},{""copyright"":""dream_c_club"",""co_posts"":1,""character_coverage"":0.011364},{""copyright"":""dream_c_club_(series)"",""co_posts"":1,""character_coverage"":0.011364},{""copyright"":""gake_no_ue_no_ponyo"",""co_posts"":1,""character_coverage"":0.011364}]","","","PENDING",""
"I70-022203","black_mask_(persona_5)","4","Character","98","","","","","","","[{""copyright"":""persona"",""co_posts"":98,""character_coverage"":1.0},{""copyright"":""persona_5"",""co_posts"":97,""character_coverage"":0.989796},{""copyright"":""persona_5_the_royal"",""co_posts"":36,""character_coverage"":0.367347},{""copyright"":""pokemon"",""co_posts"":2,""character_coverage"":0.020408},{""copyright"":""utdr_(toby_fox)"",""co_posts"":2,""character_coverage"":0.020408}]","","","PENDING",""
"I70-022204","black_sister_(next-gen_cradle)","4","Character","98","","","","","","","[{""copyright"":""neptune_(series)"",""co_posts"":75,""character_coverage"":1.0},{""copyright"":""choujigen_game_neptune_mk2"",""co_posts"":26,""character_coverage"":0.346667},{""copyright"":""shin_jigen_game_neptune_vii"",""co_posts"":2,""character_coverage"":0.026667},{""copyright"":""choujigen_game_neptune"",""co_posts"":1,""character_coverage"":0.013333},{""copyright"":""four_goddesses_online:_cyber_dimension_neptune"",""co_posts"":1,""character_coverage"":0.013333}]","","","PENDING",""
"I70-022205","bob_cut_girl_(memekko)","4","Character","98","","","","","","","[{""copyright"":""original"",""co_posts"":92,""character_coverage"":1.0}]","","","PENDING",""
"I70-022206","bow_kid","4","Character","98","","","","","","","[{""copyright"":""a_hat_in_time"",""co_posts"":57,""character_coverage"":1.0},{""copyright"":""oneshot_(game)"",""co_posts"":2,""character_coverage"":0.035088},{""copyright"":""barbie_(franchise)"",""co_posts"":1,""character_coverage"":0.017544},{""copyright"":""barbie_(live_action)"",""co_posts"":1,""character_coverage"":0.017544},{""copyright"":""gravity_falls"",""co_posts"":1,""character_coverage"":0.017544}]","","","PENDING",""
"I70-022207","bunet_(fire_emblem)","4","Character","98","","","","","ボネ","","[{""copyright"":""fire_emblem"",""co_posts"":92,""character_coverage"":1.0},{""copyright"":""fire_emblem_engage"",""co_posts"":92,""character_coverage"":1.0},{""copyright"":""fire_emblem:_the_blazing_blade"",""co_posts"":2,""character_coverage"":0.021739},{""copyright"":""pokemon"",""co_posts"":2,""character_coverage"":0.021739},{""copyright"":""cookie_run"",""co_posts"":1,""character_coverage"":0.01087}]","","","PENDING",""
"I70-022208","caelus_(world_tour_2023)_(honkai:_star_rail)","4","Character","98","","","","","","","[{""copyright"":""honkai:_star_rail"",""co_posts"":89,""character_coverage"":1.0},{""copyright"":""honkai_(series)"",""co_posts"":89,""character_coverage"":1.0},{""copyright"":""fate/stay_night"",""co_posts"":1,""character_coverage"":0.011236},{""copyright"":""fate_(series)"",""co_posts"":1,""character_coverage"":0.011236}]","","","PENDING",""
"I70-022209","calamitas","4","Character","98","","","","","","","[{""copyright"":""calamity_(terraria_mod)"",""co_posts"":51,""character_coverage"":0.980769},{""copyright"":""terraria"",""co_posts"":42,""character_coverage"":0.807692},{""copyright"":""original"",""co_posts"":1,""character_coverage"":0.019231}]","","","PENDING",""
"I70-022210","casino_drive_(umamusume)","4","Character","98","","","","","カジノドライヴ(ウマ娘)","","[{""copyright"":""umamusume"",""co_posts"":86,""character_coverage"":1.0},{""copyright"":""pakatube"",""co_posts"":3,""character_coverage"":0.034884},{""copyright"":""peak_(game)"",""co_posts"":3,""character_coverage"":0.034884},{""copyright"":""real_life"",""co_posts"":1,""character_coverage"":0.011628}]","","","PENDING",""
"I70-022211","cendrillmon","4","Character","98","","","","","サンドリモン","","[{""copyright"":""digimon"",""co_posts"":94,""character_coverage"":1.0},{""copyright"":""digimon_card_game"",""co_posts"":29,""character_coverage"":0.308511},{""copyright"":""digimon_liberator"",""co_posts"":28,""character_coverage"":0.297872},{""copyright"":""persona"",""co_posts"":1,""character_coverage"":0.010638},{""copyright"":""persona_5"",""co_posts"":1,""character_coverage"":0.010638}]","","","PENDING",""
"I70-022212","cha_cha_(vtuber)","4","Character","98","","","","","","","[{""copyright"":""indie_virtual_youtuber"",""co_posts"":85,""character_coverage"":0.977011},{""copyright"":""gamer_supps"",""co_posts"":8,""character_coverage"":0.091954},{""copyright"":""vedal_ai"",""co_posts"":3,""character_coverage"":0.034483},{""copyright"":""grand_theft_auto"",""co_posts"":2,""character_coverage"":0.022989},{""copyright"":""grand_theft_auto_vi"",""co_posts"":2,""character_coverage"":0.022989}]","","","PENDING",""
"I70-022213","cherry_(cytus)","4","Character","98","","","","","","","[{""copyright"":""arknights"",""co_posts"":1,""character_coverage"":1.0},{""copyright"":""cytus"",""co_posts"":1,""character_coverage"":1.0},{""copyright"":""cytus_ii"",""co_posts"":1,""character_coverage"":1.0}]","","","PENDING",""
"I70-022214","china_(kokkimusume)","4","Character","98","china_(ppfjvdjudk54073)","china (ppfjvdjudk54073)","","","中国ちゃん","","[]","","","PENDING",""
"I70-022215","choumai_sui","4","Character","98","","","","","蝶舞","","[{""copyright"":""nandome_ka_no_hajimemashite"",""co_posts"":93,""character_coverage"":1.0}]","","","PENDING",""
"I70-022216","chris_(kof)","4","Character","98","","","","","クリス","","[{""copyright"":""the_king_of_fighters"",""co_posts"":74,""character_coverage"":1.0},{""copyright"":""fatal_fury"",""co_posts"":14,""character_coverage"":0.189189},{""copyright"":""the_king_of_fighters_xv"",""co_posts"":13,""character_coverage"":0.175676},{""copyright"":""ryuuko_no_ken"",""co_posts"":9,""character_coverage"":0.121622},{""copyright"":""snk"",""co_posts"":8,""character_coverage"":0.108108}]","","","PENDING",""
"I70-022217","commissar_(warhammer_40k)","4","Character","98","","","","","","","[{""copyright"":""warhammer_40k"",""co_posts"":79,""character_coverage"":1.0},{""copyright"":""ijiranaide_nagatoro-san"",""co_posts"":6,""character_coverage"":0.075949},{""copyright"":""fate/stay_night"",""co_posts"":4,""character_coverage"":0.050633},{""copyright"":""fate_(series)"",""co_posts"":4,""character_coverage"":0.050633},{""copyright"":""neon_genesis_evangelion"",""co_posts"":3,""character_coverage"":0.037975}]","","","PENDING",""
"I70-022218","crust_(nikke)","4","Character","98","","","","","クラスト(勝利の女神:NIKKE)","","[{""copyright"":""goddess_of_victory:_nikke"",""co_posts"":91,""character_coverage"":1.0},{""copyright"":""ace_attorney"",""co_posts"":1,""character_coverage"":0.010989},{""copyright"":""blue_archive"",""co_posts"":1,""character_coverage"":0.010989},{""copyright"":""mom's_touch"",""co_posts"":1,""character_coverage"":0.010989},{""copyright"":""real_life"",""co_posts"":1,""character_coverage"":0.010989}]","","","PENDING",""
"I70-022219","curiambro_(project_moon)","4","Character","98","priest_(project_moon)","priest (project moon)","","","","","[{""copyright"":""limbus_company"",""co_posts"":96,""character_coverage"":1.0},{""copyright"":""project_moon"",""co_posts"":96,""character_coverage"":1.0},{""copyright"":""library_of_ruina"",""co_posts"":4,""character_coverage"":0.041667},{""copyright"":""kokoro_yohou_(eve)"",""co_posts"":3,""character_coverage"":0.03125},{""copyright"":""lobotomy_corporation"",""co_posts"":3,""character_coverage"":0.03125}]","","","PENDING",""
"I70-022220","dayakka","4","Character","98","","","","","ダヤッカ","","[{""copyright"":""tengen_toppa_gurren_lagann"",""co_posts"":91,""character_coverage"":1.0},{""copyright"":""tengen_toppa_gurren_lagann:_lagann-hen"",""co_posts"":5,""character_coverage"":0.054945},{""copyright"":""neon_genesis_evangelion"",""co_posts"":2,""character_coverage"":0.021978},{""copyright"":""top_wo_nerae!_(series)"",""co_posts"":2,""character_coverage"":0.021978},{""copyright"":""top_wo_nerae_2!"",""co_posts"":2,""character_coverage"":0.021978}]","","","PENDING",""
"I70-022221","dianamon","4","Character","98","","","","","ディアナモン","","[{""copyright"":""digimon"",""co_posts"":78,""character_coverage"":1.0},{""copyright"":""digimon_card_game"",""co_posts"":14,""character_coverage"":0.179487},{""copyright"":""digimon_story:_sunburst_and_moonlight"",""co_posts"":7,""character_coverage"":0.089744},{""copyright"":""digimon_story:_cyber_sleuth"",""co_posts"":5,""character_coverage"":0.064103},{""copyright"":""digimon_story:_time_stranger"",""co_posts"":5,""character_coverage"":0.064103}]","","","PENDING",""
"I70-022222","elizabeth_bathory_(perfect)_(first_ascension)_(fate)","4","Character","98","","","","","パーフェクト・エリザベート","","[{""copyright"":""fate_(series)"",""co_posts"":90,""character_coverage"":0.978261},{""copyright"":""fate/grand_order"",""co_posts"":89,""character_coverage"":0.967391},{""copyright"":""tsukihime"",""co_posts"":2,""character_coverage"":0.021739},{""copyright"":""fate/extra"",""co_posts"":1,""character_coverage"":0.01087},{""copyright"":""fate/strange_fake"",""co_posts"":1,""character_coverage"":0.01087}]","","","PENDING",""
"I70-022223","emo-girl_(grs-)","4","Character","98","","","","","","","[{""copyright"":""original"",""co_posts"":96,""character_coverage"":0.989691},{""copyright"":""2024_summer_olympics"",""co_posts"":1,""character_coverage"":0.010309},{""copyright"":""avatar:_the_last_airbender"",""co_posts"":1,""character_coverage"":0.010309},{""copyright"":""avatar_legends"",""co_posts"":1,""character_coverage"":0.010309},{""copyright"":""boruto:_naruto_next_generations"",""co_posts"":1,""character_coverage"":0.010309}]","","","PENDING",""
"I70-022224","eyjafjalla_the_hvit_aska_(a_picnic_before_a_long_trip)_(arknights)","4","Character","98","","","","","","","[{""copyright"":""arknights"",""co_posts"":92,""character_coverage"":1.0},{""copyright"":""alice's_adventures_in_wonderland"",""co_posts"":1,""character_coverage"":0.01087},{""copyright"":""pokemon"",""co_posts"":1,""character_coverage"":0.01087}]","","","PENDING",""
"I70-022225","farnese_(berserk)","4","Character","98","","","","","ファルネーゼ","","[{""copyright"":""berserk"",""co_posts"":84,""character_coverage"":1.0},{""copyright"":""dandadan"",""co_posts"":3,""character_coverage"":0.035714},{""copyright"":""maria-sama_ga_miteru"",""co_posts"":2,""character_coverage"":0.02381},{""copyright"":""sousou_no_frieren"",""co_posts"":2,""character_coverage"":0.02381},{""copyright"":""bleach"",""co_posts"":1,""character_coverage"":0.011905}]","","","PENDING",""
"I70-022226","female_producer_(idolmaster)","4","Character","98","","","","","女性プロデューサー","","[{""copyright"":""idolmaster"",""co_posts"":94,""character_coverage"":1.0},{""copyright"":""idolmaster_million_live!"",""co_posts"":28,""character_coverage"":0.297872},{""copyright"":""gakuen_idolmaster"",""co_posts"":27,""character_coverage"":0.287234},{""copyright"":""idolmaster_cinderella_girls"",""co_posts"":25,""character_coverage"":0.265957},{""copyright"":""original"",""co_posts"":19,""character_coverage"":0.202128}]","","","PENDING",""
"I70-022227","female_protagonist_(live_a_hero)","4","Character","98","","","","","観測者","","[{""copyright"":""live_a_hero"",""co_posts"":97,""character_coverage"":1.0},{""copyright"":""tokyo_afterschool_summoners"",""co_posts"":2,""character_coverage"":0.020619},{""copyright"":""twitter"",""co_posts"":2,""character_coverage"":0.020619}]","","","PENDING",""
"I70-022228","fu_hua_(cerulean_court)","4","Character","98","","","","","","","[{""copyright"":""honkai_(series)"",""co_posts"":88,""character_coverage"":1.0},{""copyright"":""honkai_impact_3rd"",""co_posts"":88,""character_coverage"":1.0},{""copyright"":""honkai_gakuen"",""co_posts"":1,""character_coverage"":0.011364}]","","","PENDING",""
"I70-022229","fujimaru_ritsuka_(female)_(fgo_fes._2025)","4","Character","98","","","","","","","[{""copyright"":""fate/grand_order"",""co_posts"":95,""character_coverage"":1.0},{""copyright"":""fate_(series)"",""co_posts"":95,""character_coverage"":1.0}]","","","PENDING",""
"I70-022230","furukawa_akio","4","Character","98","","","","","古河秋生","","[{""copyright"":""clannad"",""co_posts"":91,""character_coverage"":1.0},{""copyright"":""dango_daikazoku"",""co_posts"":21,""character_coverage"":0.230769},{""copyright"":""key_(company)"",""co_posts"":10,""character_coverage"":0.10989},{""copyright"":""air_(visual_novel)"",""co_posts"":5,""character_coverage"":0.054945},{""copyright"":""little_busters!"",""co_posts"":5,""character_coverage"":0.054945}]","","","PENDING",""
"I70-022231","genesic_gaogaigar","4","Character","98","","","","","ジェネシックガオガイガー","","[{""copyright"":""yuusha_series"",""co_posts"":92,""character_coverage"":0.989247},{""copyright"":""yuusha_ou_gaogaigar_final"",""co_posts"":75,""character_coverage"":0.806452},{""copyright"":""yuusha_ou_gaogaigar"",""co_posts"":72,""character_coverage"":0.774194},{""copyright"":""super_robot_wars"",""co_posts"":13,""character_coverage"":0.139785},{""copyright"":""hakaiou:_gaogaigar_vs._betterman"",""co_posts"":12,""character_coverage"":0.129032}]","","","PENDING",""
"I70-022232","hanako_(disgaea)","4","Character","98","","","","","ハナコ","","[{""copyright"":""disgaea"",""co_posts"":87,""character_coverage"":1.0},{""copyright"":""makai_senki_disgaea_2"",""co_posts"":76,""character_coverage"":0.873563},{""copyright"":""makai_senki_disgaea_3"",""co_posts"":13,""character_coverage"":0.149425},{""copyright"":""makai_senki_disgaea"",""co_posts"":11,""character_coverage"":0.126437},{""copyright"":""nippon_ichi"",""co_posts"":11,""character_coverage"":0.126437}]","","","PENDING",""
"I70-022233","he_mingshuo","4","Character","98","","","","","何明烁","","[]","","","PENDING",""
"I70-022234","heartsteel_sett","4","Character","98","","","","","","","[{""copyright"":""league_of_legends"",""co_posts"":96,""character_coverage"":1.0},{""copyright"":""zenless_zone_zero"",""co_posts"":2,""character_coverage"":0.020833}]","","","PENDING",""
"I70-022235","hitotsuyanagi_yuri","4","Character","98","","","","","一柳結梨","","[{""copyright"":""assault_lily"",""co_posts"":97,""character_coverage"":1.0},{""copyright"":""alice's_adventures_in_wonderland"",""co_posts"":1,""character_coverage"":0.010309},{""copyright"":""princession_orchestra"",""co_posts"":1,""character_coverage"":0.010309},{""copyright"":""shoujo_kageki_revue_starlight"",""co_posts"":1,""character_coverage"":0.010309},{""copyright"":""towa_tsugai"",""co_posts"":1,""character_coverage"":0.010309}]","","","PENDING",""
"I70-022236","holy_roman_empire_(hetalia)","4","Character","98","","","","","神聖ローマ","","[{""copyright"":""axis_powers_hetalia"",""co_posts"":94,""character_coverage"":1.0},{""copyright"":""vocaloid"",""co_posts"":3,""character_coverage"":0.031915},{""copyright"":""touhou"",""co_posts"":2,""character_coverage"":0.021277},{""copyright"":""e.t."",""co_posts"":1,""character_coverage"":0.010638},{""copyright"":""hello_kitty"",""co_posts"":1,""character_coverage"":0.010638}]","","","PENDING",""
"I70-022237","imamura_yukari_(assault_lily)","4","Character","98","","","","","今村紫","","[{""copyright"":""assault_lily"",""co_posts"":91,""character_coverage"":1.0}]","","","PENDING",""
"I70-022238","innes_(fire_emblem)","4","Character","98","","","","","ヒーニアス","","[{""copyright"":""fire_emblem"",""co_posts"":88,""character_coverage"":1.0},{""copyright"":""fire_emblem:_the_sacred_stones"",""co_posts"":87,""character_coverage"":0.988636},{""copyright"":""fire_emblem_heroes"",""co_posts"":53,""character_coverage"":0.602273},{""copyright"":""fire_emblem_awakening"",""co_posts"":15,""character_coverage"":0.170455},{""copyright"":""fire_emblem:_path_of_radiance"",""co_posts"":11,""character_coverage"":0.125}]","","","PENDING",""
"I70-022239","ira_grachevskaya","4","Character","98","","","","","","","[{""copyright"":""z.a.t.o._//_i_love_the_world_and_everything_in_it"",""co_posts"":90,""character_coverage"":1.0},{""copyright"":""full_metal_jacket"",""co_posts"":1,""character_coverage"":0.011111},{""copyright"":""kokoro_yohou_(eve)"",""co_posts"":1,""character_coverage"":0.011111}]","","","PENDING",""
"I70-022240","irodori_mayoi","4","Character","98","","","","","彩まよい","","[{""copyright"":""indie_virtual_youtuber"",""co_posts"":81,""character_coverage"":1.0},{""copyright"":""kemono_friends"",""co_posts"":65,""character_coverage"":0.802469},{""copyright"":""kemono_friends_v_project"",""co_posts"":64,""character_coverage"":0.790123},{""copyright"":"".live"",""co_posts"":21,""character_coverage"":0.259259},{""copyright"":""re:act"",""co_posts"":15,""character_coverage"":0.185185}]","","","PENDING",""
"I70-022241","jake_martinez","4","Character","98","","","","","ジェイク・マルチネス","","[{""copyright"":""tiger_&_bunny"",""co_posts"":87,""character_coverage"":1.0},{""copyright"":""arakawa_under_the_bridge"",""co_posts"":1,""character_coverage"":0.011494},{""copyright"":""baccano!"",""co_posts"":1,""character_coverage"":0.011494},{""copyright"":""eureka_seven"",""co_posts"":1,""character_coverage"":0.011494},{""copyright"":""eureka_seven_(series)"",""co_posts"":1,""character_coverage"":0.011494}]","","","PENDING",""
"I70-022242","jeane_(suikoden)","4","Character","98","","","","","","","[{""copyright"":""gensou_suikoden"",""co_posts"":83,""character_coverage"":1.0},{""copyright"":""gensou_suikoden_v"",""co_posts"":29,""character_coverage"":0.349398},{""copyright"":""gensou_suikoden_ii"",""co_posts"":22,""character_coverage"":0.26506},{""copyright"":""gensou_suikoden_iv"",""co_posts"":20,""character_coverage"":0.240964},{""copyright"":""gensou_suikoden_i"",""co_posts"":12,""character_coverage"":0.144578}]","","","PENDING",""
"I70-022243","jeanne_d'arc_alter_(mystery_treasure)_(fate)","4","Character","98","jeanne_d'arc_(alter)_(mystery_treasure)_(fate)","jeanne d'arc (alter) (mystery treasure) (fate)","","","ミステリー・トレジャー","","[{""copyright"":""fate/grand_order"",""co_posts"":95,""character_coverage"":1.0},{""copyright"":""fate_(series)"",""co_posts"":95,""character_coverage"":1.0},{""copyright"":""re:zero_kara_hajimeru_isekai_seikatsu"",""co_posts"":2,""character_coverage"":0.021053},{""copyright"":""re:zero_kara_hajimeru_isekai_seikatsu:_lost_in_memories"",""co_posts"":2,""character_coverage"":0.021053},{""copyright"":""fate/dream_striker"",""co_posts"":1,""character_coverage"":0.010526}]","","","PENDING",""
"I70-022244","jin_hayato","4","Character","98","","","","","神隼人","","[{""copyright"":""getter_robo"",""co_posts"":85,""character_coverage"":0.988372},{""copyright"":""getter_robo_armageddon"",""co_posts"":19,""character_coverage"":0.22093},{""copyright"":""getter_robo_(classic)"",""co_posts"":12,""character_coverage"":0.139535},{""copyright"":""new_getter_robo"",""co_posts"":11,""character_coverage"":0.127907},{""copyright"":""gundam"",""co_posts"":10,""character_coverage"":0.116279}]","","","PENDING",""
"I70-022245","jingran_(wuthering_waves)","4","Character","98","","","","","景燃","","[{""copyright"":""wuthering_waves"",""co_posts"":45,""character_coverage"":1.0}]","","","PENDING",""
"I70-022246","jiraiya_(housamo)","4","Character","98","jiraiya_(tokyo_houkago_summoners)","jiraiya (tokyo houkago summoners)","","","ジライヤ","","[{""copyright"":""tokyo_afterschool_summoners"",""co_posts"":97,""character_coverage"":1.0},{""copyright"":""shoukan_yuusha_to_f-kei_kareshi"",""co_posts"":1,""character_coverage"":0.010309}]","","","PENDING",""
"I70-022247","kamishiro_ryouga","4","Character","98","reginald_kastle,shark_(yu-gi-oh!_zexal)","reginald kastle | shark (yu-gi-oh! zexal)","","","神代凌牙","","[{""copyright"":""yu-gi-oh!"",""co_posts"":94,""character_coverage"":1.0},{""copyright"":""yu-gi-oh!_zexal"",""co_posts"":94,""character_coverage"":1.0},{""copyright"":""yu-gi-oh!_5d's"",""co_posts"":16,""character_coverage"":0.170213},{""copyright"":""yu-gi-oh!_duel_monsters"",""co_posts"":15,""character_coverage"":0.159574},{""copyright"":""yu-gi-oh!_gx"",""co_posts"":15,""character_coverage"":0.159574}]","","","PENDING",""
"I70-022248","kang_tae-shik","4","Character","98","","","","","","","[{""copyright"":""solo_leveling"",""co_posts"":87,""character_coverage"":1.0}]","","","PENDING",""
"I70-022249","karanomori_shion","4","Character","98","karanomouri_shion","karanomouri shion","","","唐之杜志恩","","[{""copyright"":""psycho-pass"",""co_posts"":97,""character_coverage"":1.0},{""copyright"":""fate_(series)"",""co_posts"":3,""character_coverage"":0.030928},{""copyright"":""jojo_no_kimyou_na_bouken"",""co_posts"":3,""character_coverage"":0.030928},{""copyright"":""428:_fuusa_sareta_shibuya_de"",""co_posts"":2,""character_coverage"":0.020619},{""copyright"":""ace_attorney"",""co_posts"":2,""character_coverage"":0.020619}]","","","PENDING",""
"I70-022250","kinomoto_sakura_(princess_costume)","4","Character","98","","","","","","","[{""copyright"":""cardcaptor_sakura"",""co_posts"":98,""character_coverage"":1.0},{""copyright"":""cardcaptor_sakura_clear_card_arc"",""co_posts"":5,""character_coverage"":0.05102},{""copyright"":""tsubasa_chronicle"",""co_posts"":2,""character_coverage"":0.020408},{""copyright"":""air_(visual_novel)"",""co_posts"":1,""character_coverage"":0.010204},{""copyright"":""bishoujo_senshi_sailor_moon"",""co_posts"":1,""character_coverage"":0.010204}]","","","PENDING",""
"I70-022251","kirishima_mei_(huyumitsu)","4","Character","98","","","","","","","[{""copyright"":""original"",""co_posts"":92,""character_coverage"":1.0}]","","","PENDING",""
"I70-022252","kishi_mieko","4","Character","98","","","","","岸見栄子","","[{""copyright"":""onna_shunin_kishi_mieko"",""co_posts"":96,""character_coverage"":1.0},{""copyright"":""kaikan_change"",""co_posts"":10,""character_coverage"":0.104167},{""copyright"":""street_fighter"",""co_posts"":2,""character_coverage"":0.020833}]","","","PENDING",""
"I70-022253","koinu-chan","4","Character","98","","","","","こいぬちゃん","","[{""copyright"":""original"",""co_posts"":97,""character_coverage"":1.0}]","","","PENDING",""
"I70-022254","krekkball","4","Character","98","","","","","クレックボール","","[{""copyright"":""original"",""co_posts"":72,""character_coverage"":0.791209},{""copyright"":""cyberpunk_(series)"",""co_posts"":9,""character_coverage"":0.098901},{""copyright"":""cyberpunk:_edgerunners"",""co_posts"":6,""character_coverage"":0.065934},{""copyright"":""helltaker"",""co_posts"":5,""character_coverage"":0.054945},{""copyright"":""for_honor"",""co_posts"":4,""character_coverage"":0.043956}]","","","PENDING",""
"I70-022255","kumura_hibari_(jissai_no_tokoro)","4","Character","98","","","","","","","[{""copyright"":""jissai_no_tokoro"",""co_posts"":98,""character_coverage"":1.0}]","","","PENDING",""
"I70-022256","lakiston","4","Character","98","","","","","ラキストン","","[{""copyright"":""cevio"",""co_posts"":95,""character_coverage"":0.969388},{""copyright"":""synthesizer_v"",""co_posts"":93,""character_coverage"":0.94898},{""copyright"":""voiceroid"",""co_posts"":29,""character_coverage"":0.295918},{""copyright"":""vocaloid"",""co_posts"":6,""character_coverage"":0.061224},{""copyright"":""kamitsubaki_studio"",""co_posts"":3,""character_coverage"":0.030612}]","","","PENDING",""
"I70-022257","leo/need_rin","4","Character","98","","","","","レオニリン","","[{""copyright"":""project_sekai"",""co_posts"":91,""character_coverage"":1.0},{""copyright"":""vocaloid"",""co_posts"":91,""character_coverage"":1.0}]","","","PENDING",""
"I70-022258","lloyd_asplund","4","Character","98","","","","","ロイド・アスプルンド","","[{""copyright"":""code_geass"",""co_posts"":89,""character_coverage"":1.0},{""copyright"":""code_geass:_lost_stories"",""co_posts"":11,""character_coverage"":0.123596},{""copyright"":""pizza_hut"",""co_posts"":5,""character_coverage"":0.05618},{""copyright"":""code_geass:_boukoku_no_akito"",""co_posts"":4,""character_coverage"":0.044944},{""copyright"":""code_geachu_lelouch_of_the_calamity"",""co_posts"":3,""character_coverage"":0.033708}]","","","PENDING",""
"I70-022259","ludwig_von_koopa","4","Character","98","","","","","ルドウィッグ","","[{""copyright"":""mario_(series)"",""co_posts"":89,""character_coverage"":1.0},{""copyright"":""super_smash_bros."",""co_posts"":37,""character_coverage"":0.41573},{""copyright"":""the_legend_of_zelda"",""co_posts"":37,""character_coverage"":0.41573},{""copyright"":""donkey_kong_(series)"",""co_posts"":34,""character_coverage"":0.382022},{""copyright"":""fire_emblem"",""co_posts"":32,""character_coverage"":0.359551}]","","","PENDING",""
"I70-022260","lusamine_(sygna_suit)_(pokemon)","4","Character","98","","","","","ルサミン（シグナスーツ）（ポケモン）","","[{""copyright"":""pokemon"",""co_posts"":89,""character_coverage"":1.0},{""copyright"":""pokemon_masters_ex"",""co_posts"":89,""character_coverage"":1.0},{""copyright"":""pokemon_sun_and_moon"",""co_posts"":15,""character_coverage"":0.168539},{""copyright"":""pokemon_(anime)"",""co_posts"":1,""character_coverage"":0.011236},{""copyright"":""pokemon_black_2_and_white_2"",""co_posts"":1,""character_coverage"":0.011236}]","","","PENDING",""
"I70-022261","lyon_rem_helsos","4","Character","98","","","","","ライアン・レム・ヘルソス","","[{""copyright"":""final_fantasy"",""co_posts"":98,""character_coverage"":1.0},{""copyright"":""final_fantasy_xiv"",""co_posts"":98,""character_coverage"":1.0},{""copyright"":""final_fantasy_x"",""co_posts"":1,""character_coverage"":0.010204},{""copyright"":""instagram"",""co_posts"":1,""character_coverage"":0.010204}]","","","PENDING",""
"I70-022262","m1887_(girls'_frontline)","4","Character","98","m1887_(girls_frontline)","m1887 (girls frontline)","","","M1887(ドールズフロントライン)","","[{""copyright"":""girls'_frontline"",""co_posts"":75,""character_coverage"":1.0},{""copyright"":""terminator_(series)"",""co_posts"":7,""character_coverage"":0.093333},{""copyright"":""terminator_2:_judgment_day"",""co_posts"":6,""character_coverage"":0.08},{""copyright"":""metal_gear_(series)"",""co_posts"":2,""character_coverage"":0.026667},{""copyright"":""cowboy_bebop"",""co_posts"":1,""character_coverage"":0.013333}]","","","PENDING",""
"I70-022263","makino_(one_piece)","4","Character","98","","","","","マキノ(ONEPIECE)","","[{""copyright"":""one_piece"",""co_posts"":84,""character_coverage"":1.0},{""copyright"":""one_piece_film:_red"",""co_posts"":8,""character_coverage"":0.095238},{""copyright"":""one_piece_card_game"",""co_posts"":4,""character_coverage"":0.047619},{""copyright"":""one_piece:_strong_world"",""co_posts"":2,""character_coverage"":0.02381},{""copyright"":""final_fantasy"",""co_posts"":1,""character_coverage"":0.011905}]","","","PENDING",""
"I70-022264","mara_(megami_tensei)","4","Character","98","","","","","マーラ様","","[{""copyright"":""persona"",""co_posts"":60,""character_coverage"":0.722892},{""copyright"":""shin_megami_tensei"",""co_posts"":29,""character_coverage"":0.349398},{""copyright"":""persona_4"",""co_posts"":23,""character_coverage"":0.277108},{""copyright"":""persona_5"",""co_posts"":22,""character_coverage"":0.26506},{""copyright"":""persona_3"",""co_posts"":19,""character_coverage"":0.228916}]","","","PENDING",""
"I70-022265","master_gundam","4","Character","98","","","","","マスターガンダム","","[{""copyright"":""gundam"",""co_posts"":94,""character_coverage"":1.0},{""copyright"":""g_gundam"",""co_posts"":93,""character_coverage"":0.989362},{""copyright"":""sd_gundam"",""co_posts"":12,""character_coverage"":0.12766},{""copyright"":""gundam_0083"",""co_posts"":6,""character_coverage"":0.06383},{""copyright"":""gundam_wing"",""co_posts"":6,""character_coverage"":0.06383}]","","","PENDING",""
"I70-022266","master_shiba_(blue_archive)","4","Character","98","","","","","柴関ラーメン","","[{""copyright"":""blue_archive"",""co_posts"":94,""character_coverage"":1.0},{""copyright"":""blue_archive_the_animation"",""co_posts"":7,""character_coverage"":0.074468},{""copyright"":""chainsaw_man"",""co_posts"":2,""character_coverage"":0.021277},{""copyright"":""kamen_rider"",""co_posts"":2,""character_coverage"":0.021277},{""copyright"":""kamen_rider_dcd"",""co_posts"":2,""character_coverage"":0.021277}]","","","PENDING",""
"I70-022267","mayuri_(date_a_live)","4","Character","98","","","","","万由里","","[{""copyright"":""date_a_live"",""co_posts"":88,""character_coverage"":1.0},{""copyright"":""gekijouban_date_a_live:_mayuri_judgement"",""co_posts"":87,""character_coverage"":0.988636},{""copyright"":""date_a_live:_spirit_pledge"",""co_posts"":26,""character_coverage"":0.295455},{""copyright"":""neptune_(series)"",""co_posts"":2,""character_coverage"":0.022727},{""copyright"":""nyantype"",""co_posts"":1,""character_coverage"":0.011364}]","","","PENDING",""
"I70-022268","medoi_(nijiura_maids)","4","Character","98","","","","","めどいさん","","[{""copyright"":""futaba_channel"",""co_posts"":81,""character_coverage"":0.987805},{""copyright"":""nijiura_maids"",""co_posts"":81,""character_coverage"":0.987805},{""copyright"":""os-tan"",""co_posts"":26,""character_coverage"":0.317073},{""copyright"":""suigetsu"",""co_posts"":16,""character_coverage"":0.195122},{""copyright"":""kusari_hime:_euthanasia"",""co_posts"":8,""character_coverage"":0.097561}]","","","PENDING",""
"I70-022269","mega_diancie","4","Character","98","","","","","メガディアンシー","","[{""copyright"":""pokemon"",""co_posts"":92,""character_coverage"":1.0},{""copyright"":""pokemon_masters_ex"",""co_posts"":11,""character_coverage"":0.119565},{""copyright"":""pokemon_omega_ruby_and_alpha_sapphire"",""co_posts"":5,""character_coverage"":0.054348},{""copyright"":""pokemon_sun_and_moon"",""co_posts"":4,""character_coverage"":0.043478},{""copyright"":""pokemon_x_and_y"",""co_posts"":4,""character_coverage"":0.043478}]","","","PENDING",""
"I70-022270","megatron_(kotobukiya_bishoujo)","4","Character","98","","","","","美少女メガトロン","","[{""copyright"":""kotobukiya_bishoujo"",""co_posts"":94,""character_coverage"":1.0},{""copyright"":""transformers"",""co_posts"":94,""character_coverage"":1.0},{""copyright"":""transformers:_generation_1"",""co_posts"":39,""character_coverage"":0.414894},{""copyright"":""transformers_one"",""co_posts"":13,""character_coverage"":0.138298},{""copyright"":""transformers_(live_action)"",""co_posts"":6,""character_coverage"":0.06383}]","","","PENDING",""
"I70-022271","meowstress","4","Character","98","","","","","ネコ嬢","","[{""copyright"":""monster_hunter_(series)"",""co_posts"":96,""character_coverage"":1.0},{""copyright"":""monster_hunter_x"",""co_posts"":79,""character_coverage"":0.822917},{""copyright"":""monster_hunter_xx"",""co_posts"":8,""character_coverage"":0.083333},{""copyright"":""monster_hunter_rise"",""co_posts"":3,""character_coverage"":0.03125},{""copyright"":""comiket_90"",""co_posts"":2,""character_coverage"":0.020833}]","","","PENDING",""
"I70-022272","mimiko_(jujutsu_kaisen)","4","Character","98","","","","","枷場美々子","","[{""copyright"":""jujutsu_kaisen"",""co_posts"":97,""character_coverage"":1.0},{""copyright"":""bobobo-bo_bo-bobo"",""co_posts"":6,""character_coverage"":0.061856},{""copyright"":""minecraft"",""co_posts"":3,""character_coverage"":0.030928},{""copyright"":""bleach"",""co_posts"":1,""character_coverage"":0.010309},{""copyright"":""bocchi_the_rock!"",""co_posts"":1,""character_coverage"":0.010309}]","","","PENDING",""
"I70-022273","mishima_kazumi_(tekken)","4","Character","98","","","","","三島一美","","[{""copyright"":""tekken"",""co_posts"":83,""character_coverage"":0.988095},{""copyright"":""tekken_7"",""co_posts"":48,""character_coverage"":0.571429},{""copyright"":""tekken_8"",""co_posts"":5,""character_coverage"":0.059524},{""copyright"":""idolmaster"",""co_posts"":4,""character_coverage"":0.047619},{""copyright"":""idolmaster_(classic)"",""co_posts"":4,""character_coverage"":0.047619}]","","","PENDING",""
"I70-022274","mitoko_(tsuchikure)","4","Character","98","","","","","ミトコ（Tsuchikure）","","[{""copyright"":""original"",""co_posts"":71,""character_coverage"":1.0},{""copyright"":""comiket_101"",""co_posts"":1,""character_coverage"":0.014085},{""copyright"":""comiket_86"",""co_posts"":1,""character_coverage"":0.014085},{""copyright"":""comiket_88"",""co_posts"":1,""character_coverage"":0.014085}]","","","PENDING",""
"I70-022275","ms._smith","4","Character","98","","","","","墨須","","[{""copyright"":""monster_musume_no_iru_nichijou"",""co_posts"":87,""character_coverage"":1.0},{""copyright"":""hitomi_sensei_no_hokenshitsu"",""co_posts"":4,""character_coverage"":0.045977},{""copyright"":""fate/grand_order"",""co_posts"":3,""character_coverage"":0.034483},{""copyright"":""fate_(series)"",""co_posts"":3,""character_coverage"":0.034483},{""copyright"":""original"",""co_posts"":2,""character_coverage"":0.022989}]","","","PENDING",""
"I70-022276","murasaki_(lightsource)","4","Character","98","","","","","村崎（Lightsource）","","[{""copyright"":""original"",""co_posts"":74,""character_coverage"":1.0},{""copyright"":""egyptian_mythology"",""co_posts"":3,""character_coverage"":0.040541},{""copyright"":""magicorps_(alterkyon)"",""co_posts"":2,""character_coverage"":0.027027},{""copyright"":""skullgirls"",""co_posts"":1,""character_coverage"":0.013514}]","","","PENDING",""
"I70-022277","namori_(character)","4","Character","98","","","","","ナモリ（キャラクター）","","[{""copyright"":""yuruyuri"",""co_posts"":91,""character_coverage"":0.98913},{""copyright"":""kawaikute_gomen_(honeyworks)"",""co_posts"":10,""character_coverage"":0.108696},{""copyright"":""tiktok"",""co_posts"":10,""character_coverage"":0.108696},{""copyright"":""gochuumon_wa_usagi_desu_ka?"",""co_posts"":8,""character_coverage"":0.086957},{""copyright"":""oomuro-ke"",""co_posts"":7,""character_coverage"":0.076087}]","","","PENDING",""
"I70-022278","nanako_(tsukihime)","4","Character","98","nanako_(melty_blood)","nanako (melty blood)","","","ななこ","","[{""copyright"":""tsukihime"",""co_posts"":90,""character_coverage"":1.0},{""copyright"":""melty_blood"",""co_posts"":58,""character_coverage"":0.644444},{""copyright"":""kagetsu_tooya"",""co_posts"":22,""character_coverage"":0.244444},{""copyright"":""fate_(series)"",""co_posts"":20,""character_coverage"":0.222222},{""copyright"":""type-moon"",""co_posts"":20,""character_coverage"":0.222222}]","","","PENDING",""
"I70-022279","natsume_(decadence)","4","Character","98","","","","","ナツメ","","[{""copyright"":""decadence_(anime)"",""co_posts"":96,""character_coverage"":1.0},{""copyright"":""fullmetal_alchemist"",""co_posts"":1,""character_coverage"":0.010417},{""copyright"":""gundam"",""co_posts"":1,""character_coverage"":0.010417},{""copyright"":""gundam_00"",""co_posts"":1,""character_coverage"":0.010417},{""copyright"":""youjo_senki"",""co_posts"":1,""character_coverage"":0.010417}]","","","PENDING",""
"I70-022280","natsume_aya","4","Character","98","","","","","棗亜夜","","[{""copyright"":""tenjou_tenge"",""co_posts"":77,""character_coverage"":1.0},{""copyright"":""megami_magazine"",""co_posts"":4,""character_coverage"":0.051948},{""copyright"":""kill_bill"",""co_posts"":1,""character_coverage"":0.012987},{""copyright"":""suzumiya_haruhi_no_yuuutsu"",""co_posts"":1,""character_coverage"":0.012987}]","","","PENDING",""
"I70-022281","neco-arc_chaos","4","Character","98","nekoarc_chaos,neco_arc_chaos,neko_arc_chaos,necoarc_chaos","neco arc chaos | necoarc chaos | neko arc chaos | nekoarc chaos","","","ネコアルク・カオス","","[{""copyright"":""tsukihime"",""co_posts"":79,""character_coverage"":0.9875},{""copyright"":""melty_blood"",""co_posts"":62,""character_coverage"":0.775},{""copyright"":""fate_(series)"",""co_posts"":27,""character_coverage"":0.3375},{""copyright"":""type-moon"",""co_posts"":27,""character_coverage"":0.3375},{""copyright"":""carnival_phantasm"",""co_posts"":21,""character_coverage"":0.2625}]","","","PENDING",""
"I70-022282","necrozma_(ultra)","4","Character","98","","","","","ウルトラネクロズマ","","[{""copyright"":""pokemon"",""co_posts"":94,""character_coverage"":1.0},{""copyright"":""pokemon_ultra_sun_and_ultra_moon"",""co_posts"":19,""character_coverage"":0.202128},{""copyright"":""pokemon_masters_ex"",""co_posts"":9,""character_coverage"":0.095745},{""copyright"":""pokemon_sun_and_moon"",""co_posts"":7,""character_coverage"":0.074468},{""copyright"":""pokemon_omega_ruby_and_alpha_sapphire"",""co_posts"":2,""character_coverage"":0.021277}]","","","PENDING",""
"I70-022283","nene_(toji_no_miko)","4","Character","98","","","","","ねね(刀使ノ巫女)","","[{""copyright"":""toji_no_miko"",""co_posts"":96,""character_coverage"":1.0},{""copyright"":""toji_no_miko:_kizamishi_issen_no_tomoshibi"",""co_posts"":37,""character_coverage"":0.385417},{""copyright"":""megami_magazine"",""co_posts"":3,""character_coverage"":0.03125},{""copyright"":""nandemo_iu_koto_wo_kiite_kureru_akane-chan_(voiceroid)"",""co_posts"":1,""character_coverage"":0.010417},{""copyright"":""tejina_senpai_(series)"",""co_posts"":1,""character_coverage"":0.010417}]","","","PENDING",""
"I70-022284","nitori_shuuichi","4","Character","98","","","","","二鳥修一","","[{""copyright"":""hourou_musuko"",""co_posts"":92,""character_coverage"":1.0},{""copyright"":""durarara!!"",""co_posts"":2,""character_coverage"":0.021739},{""copyright"":""ac_japan"",""co_posts"":1,""character_coverage"":0.01087},{""copyright"":""aoi_hana"",""co_posts"":1,""character_coverage"":0.01087},{""copyright"":""ore_no_imouto_ga_konna_ni_kawaii_wake_ga_nai"",""co_posts"":1,""character_coverage"":0.01087}]","","","PENDING",""
"I70-022285","nohara_hiroshi","4","Character","98","","","","","野原ひろし","","[{""copyright"":""crayon_shin-chan"",""co_posts"":66,""character_coverage"":0.835443},{""copyright"":""fate/grand_order"",""co_posts"":5,""character_coverage"":0.063291},{""copyright"":""fate_(series)"",""co_posts"":5,""character_coverage"":0.063291},{""copyright"":""chainsaw_man"",""co_posts"":4,""character_coverage"":0.050633},{""copyright"":""jojo_no_kimyou_na_bouken"",""co_posts"":4,""character_coverage"":0.050633}]","","","PENDING",""
"I70-022286","nush_(xter)","4","Character","98","","","","","ヌーシュ（xter）","","[{""copyright"":""original"",""co_posts"":93,""character_coverage"":1.0}]","","","PENDING",""
"I70-022287","ochiai_(kinjo_no_hito_no_nakimushi)","4","Character","98","tsukimi_(kinjo_no_hito_no_nakimushi)","tsukimi (kinjo no hito no nakimushi)","","","落合さん","","[{""copyright"":""kinjo_no_hito_no_nakimushi"",""co_posts"":93,""character_coverage"":1.0},{""copyright"":""musuko_ga_kawaikute_shikatanai_mazoku_no_hahaoya"",""co_posts"":5,""character_coverage"":0.053763},{""copyright"":""aohada_bocchi"",""co_posts"":4,""character_coverage"":0.043011},{""copyright"":""teihen_no_daigaku_janaru"",""co_posts"":4,""character_coverage"":0.043011},{""copyright"":""haiena_chan_ni_nerawarete"",""co_posts"":3,""character_coverage"":0.032258}]","","","PENDING",""
"I70-022288","officer_d.va","4","Character","98","","","","","役員D.Va","","[{""copyright"":""overwatch"",""co_posts"":93,""character_coverage"":1.0},{""copyright"":""zootopia"",""co_posts"":2,""character_coverage"":0.021505},{""copyright"":""himouto!_umaru-chan"",""co_posts"":1,""character_coverage"":0.010753},{""copyright"":""hololive"",""co_posts"":1,""character_coverage"":0.010753},{""copyright"":""hololive_english"",""co_posts"":1,""character_coverage"":0.010753}]","","","PENDING",""
"I70-022289","otoya_eita","4","Character","98","","","","","乙夜影汰","","[{""copyright"":""blue_lock"",""co_posts"":29,""character_coverage"":1.0},{""copyright"":""bleach"",""co_posts"":1,""character_coverage"":0.034483}]","","","PENDING",""
"I70-022290","ozato_fumika","4","Character","98","","","","","百里風実花","","[{""copyright"":""tenshi_souzou_re-boot!"",""co_posts"":82,""character_coverage"":1.0},{""copyright"":""yuzusoft"",""co_posts"":5,""character_coverage"":0.060976},{""copyright"":""cafe_stella_to_shinigami_no_chou"",""co_posts"":3,""character_coverage"":0.036585},{""copyright"":""comiket_104"",""co_posts"":2,""character_coverage"":0.02439},{""copyright"":""sanoba_witch"",""co_posts"":2,""character_coverage"":0.02439}]","","","PENDING",""
"I70-022291","paldean_tauros","4","Character","98","","","","","パルデアケンタロス","","[{""copyright"":""pokemon"",""co_posts"":89,""character_coverage"":1.0},{""copyright"":""pokemon_scarlet_and_violet"",""co_posts"":60,""character_coverage"":0.674157},{""copyright"":""original"",""co_posts"":40,""character_coverage"":0.449438},{""copyright"":""pokemon_champions"",""co_posts"":2,""character_coverage"":0.022472},{""copyright"":""final_fantasy"",""co_posts"":1,""character_coverage"":0.011236}]","","","PENDING",""
"I70-022292","pavianne_(ragnarok_online)","4","Character","98","","","","","ディフォルテー","","[{""copyright"":""ragnarok_online"",""co_posts"":96,""character_coverage"":1.0},{""copyright"":""comiket_81"",""co_posts"":2,""character_coverage"":0.020833},{""copyright"":""ragnarok_masters"",""co_posts"":2,""character_coverage"":0.020833},{""copyright"":""ano_hi_mita_hana_no_namae_wo_bokutachi_wa_mada_shiranai."",""co_posts"":1,""character_coverage"":0.010417},{""copyright"":""bishoujo_senshi_sailor_moon"",""co_posts"":1,""character_coverage"":0.010417}]","","","PENDING",""
"I70-022293","peppy_hare","4","Character","98","","","","","ペッピー・ヘア","","[{""copyright"":""star_fox"",""co_posts"":68,""character_coverage"":1.0},{""copyright"":""star_fox_(2026)"",""co_posts"":14,""character_coverage"":0.205882},{""copyright"":""star_fox_2"",""co_posts"":8,""character_coverage"":0.117647},{""copyright"":""star_fox_assault"",""co_posts"":7,""character_coverage"":0.102941},{""copyright"":""nintendo"",""co_posts"":6,""character_coverage"":0.088235}]","","","PENDING",""
"I70-022294","plotmon","4","Character","98","salamon","salamon","","","プロットモン","","[{""copyright"":""digimon"",""co_posts"":84,""character_coverage"":1.0},{""copyright"":""digimon_adventure"",""co_posts"":20,""character_coverage"":0.238095},{""copyright"":""digimon_adventure_02"",""co_posts"":16,""character_coverage"":0.190476},{""copyright"":""digimon_adventure_tri."",""co_posts"":11,""character_coverage"":0.130952},{""copyright"":""digimon_card_game"",""co_posts"":9,""character_coverage"":0.107143}]","","","PENDING",""
"I70-022295","quatre_salision","4","Character","98","","","","","カトル・サリシオン","","[{""copyright"":""eiyuu_densetsu"",""co_posts"":94,""character_coverage"":1.0},{""copyright"":""kuro_no_kiseki_(series)"",""co_posts"":94,""character_coverage"":1.0},{""copyright"":""kuro_no_kiseki_i"",""co_posts"":42,""character_coverage"":0.446809},{""copyright"":""kai_no_kiseki"",""co_posts"":24,""character_coverage"":0.255319},{""copyright"":""kuro_no_kiseki_ii"",""co_posts"":15,""character_coverage"":0.159574}]","","","PENDING",""
"I70-022296","raquel_applegate","4","Character","98","","","","","Raquel Applegate","","[{""copyright"":""wild_arms"",""co_posts"":76,""character_coverage"":1.0},{""copyright"":""wild_arms_4"",""co_posts"":76,""character_coverage"":1.0},{""copyright"":""wild_arms_1"",""co_posts"":10,""character_coverage"":0.131579},{""copyright"":""wild_arms_3"",""co_posts"":9,""character_coverage"":0.118421},{""copyright"":""wild_arms_2"",""co_posts"":8,""character_coverage"":0.105263}]","","","PENDING",""
"I70-022297","ribbon_(precure)","4","Character","98","ribbon_(happinesscharge_precure!)","ribbon (happinesscharge precure!)","","","リボン（Happiness -charge precure！）","","[{""copyright"":""happinesscharge_precure!"",""co_posts"":95,""character_coverage"":1.0},{""copyright"":""precure"",""co_posts"":95,""character_coverage"":1.0},{""copyright"":""dokidoki!_precure"",""co_posts"":10,""character_coverage"":0.105263},{""copyright"":""futari_wa_precure"",""co_posts"":10,""character_coverage"":0.105263},{""copyright"":""heartcatch_precure!"",""co_posts"":10,""character_coverage"":0.105263}]","","","PENDING",""
"I70-022298","rotto_(far_tarooo)","4","Character","98","","","","","","","[{""copyright"":""original"",""co_posts"":92,""character_coverage"":1.0},{""copyright"":""nintendo"",""co_posts"":1,""character_coverage"":0.01087}]","","","PENDING",""
"I70-022299","runami_yachiyo_(kassen)","4","Character","98","","","","","","","[{""copyright"":""cho_kaguya-hime!"",""co_posts"":94,""character_coverage"":1.0},{""copyright"":""bobobo-bo_bo-bobo"",""co_posts"":1,""character_coverage"":0.010638},{""copyright"":""jujutsu_kaisen"",""co_posts"":1,""character_coverage"":0.010638}]","","","PENDING",""
"I70-022300","runami_yachiyo_(mini)","4","Character","98","","","","","ミニヤチヨ","","[{""copyright"":""cho_kaguya-hime!"",""co_posts"":88,""character_coverage"":1.0},{""copyright"":""kokoro_yohou_(eve)"",""co_posts"":1,""character_coverage"":0.011364}]","","","PENDING",""
"I70-022301","sakurada_shiro_(summer)_(hy_plus)","4","Character","98","","","","","","","[{""copyright"":""original"",""co_posts"":98,""character_coverage"":1.0},{""copyright"":""indie_virtual_youtuber"",""co_posts"":1,""character_coverage"":0.010204}]","","","PENDING",""
"I70-022302","sakurai_haruka_(milgram)","4","Character","98","","","","","櫻井遙","","[{""copyright"":""milgram"",""co_posts"":97,""character_coverage"":1.0},{""copyright"":""alien_stage"",""co_posts"":2,""character_coverage"":0.020619},{""copyright"":""north_american_mythology"",""co_posts"":2,""character_coverage"":0.020619},{""copyright"":""alice's_adventures_in_wonderland"",""co_posts"":1,""character_coverage"":0.010309},{""copyright"":""backrooms_(creepypasta)"",""co_posts"":1,""character_coverage"":0.010309}]","","","PENDING",""
"I70-022303","sakurai_natsuki","4","Character","98","","","","","","","[{""copyright"":""seisenki_valkyrie_sisters"",""co_posts"":77,""character_coverage"":1.0}]","","","PENDING",""
"I70-022304","san_lang","4","Character","98","","","","","三郎","","[{""copyright"":""heaven_official's_blessing"",""co_posts"":98,""character_coverage"":1.0},{""copyright"":""banana_fish"",""co_posts"":1,""character_coverage"":0.010204},{""copyright"":""boku_no_hero_academia"",""co_posts"":1,""character_coverage"":0.010204},{""copyright"":""bungou_stray_dogs"",""co_posts"":1,""character_coverage"":0.010204},{""copyright"":""tokyo_revengers"",""co_posts"":1,""character_coverage"":0.010204}]","","","PENDING",""
"I70-022305","sawsbuck_(winter)","4","Character","98","","","","","Sawsbuck（冬）","","[{""copyright"":""pokemon"",""co_posts"":91,""character_coverage"":1.0},{""copyright"":""pokemon_black_and_white"",""co_posts"":13,""character_coverage"":0.142857},{""copyright"":""pokemon_masters_ex"",""co_posts"":10,""character_coverage"":0.10989},{""copyright"":""pokemon_diamond/pearl/platinum"",""co_posts"":6,""character_coverage"":0.065934},{""copyright"":""pokemon_scarlet_and_violet"",""co_posts"":4,""character_coverage"":0.043956}]","","","PENDING",""
"I70-022306","scheris_adjani","4","Character","98","","","","","シェリス・アジャーニ","","[{""copyright"":""scryed"",""co_posts"":84,""character_coverage"":1.0},{""copyright"":""gundam"",""co_posts"":5,""character_coverage"":0.059524},{""copyright"":""gundam_seed"",""co_posts"":5,""character_coverage"":0.059524},{""copyright"":""gundam_seed_destiny"",""co_posts"":5,""character_coverage"":0.059524},{""copyright"":""kurogane_no_linebarrel"",""co_posts"":3,""character_coverage"":0.035714}]","","","PENDING",""
"I70-022307","scissors_lise","4","Character","98","","","","","シザーズリーゼ","","[{""copyright"":""last_origin"",""co_posts"":91,""character_coverage"":1.0},{""copyright"":""soulworker"",""co_posts"":3,""character_coverage"":0.032967},{""copyright"":""gundam"",""co_posts"":1,""character_coverage"":0.010989},{""copyright"":""gundam_narrative"",""co_posts"":1,""character_coverage"":0.010989},{""copyright"":""instagram"",""co_posts"":1,""character_coverage"":0.010989}]","","","PENDING",""
"I70-022308","seattle_(azur_lane)","4","Character","98","","","","","シアトル","","[{""copyright"":""azur_lane"",""co_posts"":95,""character_coverage"":1.0},{""copyright"":""azur_lane:_slow_ahead"",""co_posts"":3,""character_coverage"":0.031579},{""copyright"":""world_of_warships"",""co_posts"":1,""character_coverage"":0.010526}]","","","PENDING",""
"I70-022309","sergei_smirnov","4","Character","98","sergei_smirnoff","sergei smirnoff","","","セルゲイ・スミルノフ","","[{""copyright"":""gundam"",""co_posts"":90,""character_coverage"":1.0},{""copyright"":""gundam_00"",""co_posts"":90,""character_coverage"":1.0},{""copyright"":""animage"",""co_posts"":2,""character_coverage"":0.022222},{""copyright"":""haou_airen"",""co_posts"":2,""character_coverage"":0.022222},{""copyright"":""aria_(manga)"",""co_posts"":1,""character_coverage"":0.011111}]","","","PENDING",""
"I70-022310","shin_(dragon_ball)","4","Character","98","","","","","シン","","[{""copyright"":""dragon_ball"",""co_posts"":85,""character_coverage"":1.0},{""copyright"":""dragon_ball_z"",""co_posts"":40,""character_coverage"":0.470588},{""copyright"":""dragon_ball_daima"",""co_posts"":26,""character_coverage"":0.305882},{""copyright"":""dragon_ball_super"",""co_posts"":22,""character_coverage"":0.258824},{""copyright"":""dragon_ball_(classic)"",""co_posts"":6,""character_coverage"":0.070588}]","","","PENDING",""
"I70-022311","shin_hae-ryang","4","Character","98","","","","","申海諒","","[{""copyright"":""beacon_of_light_in_the_dark_sea"",""co_posts"":91,""character_coverage"":1.0},{""copyright"":""splatoon_(series)"",""co_posts"":1,""character_coverage"":0.010989}]","","","PENDING",""
"I70-022312","shinomiya_shizuku","4","Character","98","","","","","よもしず","","[{""copyright"":""bang_dream!"",""co_posts"":73,""character_coverage"":1.0},{""copyright"":""bang_dream!_our_notes"",""co_posts"":72,""character_coverage"":0.986301},{""copyright"":""bang_dream!_it's_mygo!!!!!"",""co_posts"":5,""character_coverage"":0.068493},{""copyright"":""bang_dream!_yumemita"",""co_posts"":2,""character_coverage"":0.027397},{""copyright"":""gundam"",""co_posts"":1,""character_coverage"":0.013699}]","","","PENDING",""
"I70-022313","shirin_bakhtiar","4","Character","98","","","","","シーリン・バフティヤール","","[{""copyright"":""gundam"",""co_posts"":88,""character_coverage"":1.0},{""copyright"":""gundam_00"",""co_posts"":88,""character_coverage"":1.0},{""copyright"":""code_geass"",""co_posts"":3,""character_coverage"":0.034091},{""copyright"":""gundam_seed"",""co_posts"":1,""character_coverage"":0.011364},{""copyright"":""meiji_(brand)"",""co_posts"":1,""character_coverage"":0.011364}]","","","PENDING",""
"I70-022314","shishiba_(sakamoto_days)","4","Character","98","","","","","","","[{""copyright"":""sakamoto_days"",""co_posts"":89,""character_coverage"":1.0},{""copyright"":""fate/zero"",""co_posts"":1,""character_coverage"":0.011236},{""copyright"":""fate_(series)"",""co_posts"":1,""character_coverage"":0.011236}]","","","PENDING",""
"I70-022315","shooting_star_d.va","4","Character","98","","","","","シューティングスターd.va","","[{""copyright"":""overwatch"",""co_posts"":95,""character_coverage"":1.0},{""copyright"":""evangelion:_3.0_you_can_(not)_redo"",""co_posts"":1,""character_coverage"":0.010526},{""copyright"":""mountain_dew"",""co_posts"":1,""character_coverage"":0.010526},{""copyright"":""neon_genesis_evangelion"",""co_posts"":1,""character_coverage"":0.010526},{""copyright"":""rebuild_of_evangelion"",""co_posts"":1,""character_coverage"":0.010526}]","","","PENDING",""
"I70-022316","sie_kensou","4","Character","98","","","","","ケンスウ","","[{""copyright"":""the_king_of_fighters"",""co_posts"":76,""character_coverage"":0.974359},{""copyright"":""fatal_fury"",""co_posts"":23,""character_coverage"":0.294872},{""copyright"":""snk"",""co_posts"":20,""character_coverage"":0.25641},{""copyright"":""psycho_soldier"",""co_posts"":17,""character_coverage"":0.217949},{""copyright"":""ryuuko_no_ken"",""co_posts"":17,""character_coverage"":0.217949}]","","","PENDING",""
"I70-022317","sier_(girls'_frontline)","4","Character","98","seele_(girls'_frontline)","seele (girls' frontline)","","","シーア(ドールズフロントライン)","","[{""copyright"":""girls'_frontline"",""co_posts"":95,""character_coverage"":1.0},{""copyright"":""gundam"",""co_posts"":1,""character_coverage"":0.010526},{""copyright"":""mobile_suit_gundam"",""co_posts"":1,""character_coverage"":0.010526},{""copyright"":""mother_(series)"",""co_posts"":1,""character_coverage"":0.010526},{""copyright"":""mother_2"",""co_posts"":1,""character_coverage"":0.010526}]","","","PENDING",""
"I70-022318","soraru","4","Character","98","","","","","そらる","","[{""copyright"":""indie_utaite"",""co_posts"":93,""character_coverage"":1.0},{""copyright"":""apex_legends"",""co_posts"":5,""character_coverage"":0.053763},{""copyright"":""nijisanji"",""co_posts"":3,""character_coverage"":0.032258},{""copyright"":""vocaloid"",""co_posts"":3,""character_coverage"":0.032258},{""copyright"":""original"",""co_posts"":2,""character_coverage"":0.021505}]","","","PENDING",""
"I70-022319","spada_belforma","4","Character","98","","","","","スパーダ・ベルフォルマ","","[{""copyright"":""tales_of_(series)"",""co_posts"":94,""character_coverage"":1.0},{""copyright"":""tales_of_innocence"",""co_posts"":94,""character_coverage"":1.0},{""copyright"":""tales_of_graces"",""co_posts"":17,""character_coverage"":0.180851},{""copyright"":""tales_of_symphonia"",""co_posts"":17,""character_coverage"":0.180851},{""copyright"":""tales_of_the_abyss"",""co_posts"":17,""character_coverage"":0.180851}]","","","PENDING",""
"I70-022320","strasbourg_(azur_lane)","4","Character","98","","","","","ストラスブール","","[{""copyright"":""azur_lane"",""co_posts"":83,""character_coverage"":1.0},{""copyright"":""azur_lane:_slow_ahead"",""co_posts"":9,""character_coverage"":0.108434},{""copyright"":""coca-cola"",""co_posts"":1,""character_coverage"":0.012048},{""copyright"":""yostar"",""co_posts"":1,""character_coverage"":0.012048}]","","","PENDING",""
"I70-022321","suma_(kimetsu_no_yaiba)","4","Character","98","","","","","須磨(鬼滅の刃)","","[{""copyright"":""kimetsu_no_yaiba"",""co_posts"":90,""character_coverage"":1.0},{""copyright"":""kimetsu_gakuen"",""co_posts"":1,""character_coverage"":0.011111},{""copyright"":""ufotable"",""co_posts"":1,""character_coverage"":0.011111},{""copyright"":""urusei_yatsura"",""co_posts"":1,""character_coverage"":0.011111}]","","","PENDING",""
"I70-022322","summer_rose","4","Character","98","","","","","サマー・ローズ","","[{""copyright"":""rwby"",""co_posts"":82,""character_coverage"":1.0},{""copyright"":""mahou_shoujo_madoka_magica"",""co_posts"":1,""character_coverage"":0.012195},{""copyright"":""rwby_chibi"",""co_posts"":1,""character_coverage"":0.012195}]","","","PENDING",""
"I70-022323","suzutuki_sui","4","Character","98","","","","","涼月すい","","[{""copyright"":""varium"",""co_posts"":91,""character_coverage"":1.0}]","","","PENDING",""
"I70-022324","syuen_(young)_(nikke)","4","Character","98","","","","","","","[]","","","PENDING",""
"I70-022325","tachibana_yui","4","Character","98","","","","","","","[{""copyright"":""chaos;child"",""co_posts"":91,""character_coverage"":1.0},{""copyright"":""science_adventure"",""co_posts"":91,""character_coverage"":1.0},{""copyright"":""chaos;child_love_chu_chu!!"",""co_posts"":25,""character_coverage"":0.274725},{""copyright"":""steins;gate"",""co_posts"":2,""character_coverage"":0.021978},{""copyright"":""chaos;head"",""co_posts"":1,""character_coverage"":0.010989}]","","","PENDING",""
"I70-022326","taiga_lucia","4","Character","98","","","","","大賀ルキア","","[{""copyright"":""denonbu"",""co_posts"":98,""character_coverage"":1.0},{""copyright"":""nijisanji"",""co_posts"":6,""character_coverage"":0.061224},{""copyright"":""chainsaw_man"",""co_posts"":1,""character_coverage"":0.010204},{""copyright"":""pokemon"",""co_posts"":1,""character_coverage"":0.010204}]","","","PENDING",""
"I70-022327","taiki_shuttle_(bubblegum_memories)_(umamusume)","4","Character","98","","","","","シーク・ソルヴ・サマーウォーク!","","[{""copyright"":""umamusume"",""co_posts"":95,""character_coverage"":1.0},{""copyright"":""full_metal_jacket"",""co_posts"":1,""character_coverage"":0.010526},{""copyright"":""indiana_jones_(series)"",""co_posts"":1,""character_coverage"":0.010526},{""copyright"":""metal_gear_(series)"",""co_posts"":1,""character_coverage"":0.010526},{""copyright"":""metal_gear_rising:_revengeance"",""co_posts"":1,""character_coverage"":0.010526}]","","","PENDING",""
"I70-022328","takane_hibiki","4","Character","98","","","","","高嶺響","","[{""copyright"":""bakumatsu_rouman"",""co_posts"":84,""character_coverage"":1.0},{""copyright"":""bakumatsu_rouman_dainimaku"",""co_posts"":53,""character_coverage"":0.630952},{""copyright"":""snk"",""co_posts"":9,""character_coverage"":0.107143},{""copyright"":""samurai_spirits"",""co_posts"":8,""character_coverage"":0.095238},{""copyright"":""m.u.g.e.n"",""co_posts"":5,""character_coverage"":0.059524}]","","","PENDING",""
"I70-022329","takao_kazunari","4","Character","98","","","","","高尾和成","","[{""copyright"":""kuroko_no_basuke"",""co_posts"":96,""character_coverage"":1.0},{""copyright"":""fate/zero"",""co_posts"":5,""character_coverage"":0.052083},{""copyright"":""fate_(series)"",""co_posts"":5,""character_coverage"":0.052083},{""copyright"":""instagram"",""co_posts"":2,""character_coverage"":0.020833},{""copyright"":""coca-cola"",""co_posts"":1,""character_coverage"":0.010417}]","","","PENDING",""
"I70-022330","takoko_yakisoba_(combos_&_doodles)","4","Character","98","","","","","","","[{""copyright"":""splatoon_(series)"",""co_posts"":67,""character_coverage"":0.905405},{""copyright"":""splatoon_2"",""co_posts"":19,""character_coverage"":0.256757},{""copyright"":""original"",""co_posts"":10,""character_coverage"":0.135135},{""copyright"":""madagascar_(series)"",""co_posts"":1,""character_coverage"":0.013514},{""copyright"":""splatoon_3"",""co_posts"":1,""character_coverage"":0.013514}]","","","PENDING",""
"I70-022331","tenjiku_aoi","4","Character","98","","","","","天竺アオイ","","[{""copyright"":""saihate_eki"",""co_posts"":90,""character_coverage"":1.0},{""copyright"":""baldi's_basics"",""co_posts"":1,""character_coverage"":0.011111},{""copyright"":""omori"",""co_posts"":1,""character_coverage"":0.011111}]","","","PENDING",""
"I70-022332","the_nameless_boy_(fumetsu_no_anata_e)","4","Character","98","","","","","少年(不滅のあなたへ)","","[{""copyright"":""fumetsu_no_anata_e"",""co_posts"":95,""character_coverage"":1.0},{""copyright"":""chainsaw_man"",""co_posts"":1,""character_coverage"":0.010526},{""copyright"":""golden_kamuy"",""co_posts"":1,""character_coverage"":0.010526},{""copyright"":""honkai_(series)"",""co_posts"":1,""character_coverage"":0.010526},{""copyright"":""honkai_impact_3rd"",""co_posts"":1,""character_coverage"":0.010526}]","","","PENDING",""
"I70-022333","theory_(xenoblade)","4","Character","98","seori_(xenoblade)","seori (xenoblade)","","","セオリ(ゼノブレイド2)","","[{""copyright"":""xenoblade_chronicles_(series)"",""co_posts"":89,""character_coverage"":1.0},{""copyright"":""xenoblade_chronicles_2"",""co_posts"":89,""character_coverage"":1.0},{""copyright"":""xenosaga"",""co_posts"":4,""character_coverage"":0.044944},{""copyright"":""comiket_99"",""co_posts"":2,""character_coverage"":0.022472},{""copyright"":""splatoon_(series)"",""co_posts"":1,""character_coverage"":0.011236}]","","","PENDING",""
"I70-022334","tia_(sea_lizzie)_(nikke)","4","Character","98","","","","","","","[{""copyright"":""goddess_of_victory:_nikke"",""co_posts"":33,""character_coverage"":1.0}]","","","PENDING",""
"I70-022335","tianhu_(the_legend_of_luo_xiaohei)","4","Character","98","tianhu_(luo_xiaohei_zhanji),tianhu_(the_legend_of_luoxiaohei)","tianhu (luo xiaohei zhanji) | tianhu (the legend of luoxiaohei)","","","天虎","","[{""copyright"":""the_legend_of_luo_xiaohei"",""co_posts"":98,""character_coverage"":1.0},{""copyright"":""lanxi_zhen"",""co_posts"":6,""character_coverage"":0.061224},{""copyright"":""gake_no_ue_no_ponyo"",""co_posts"":1,""character_coverage"":0.010204},{""copyright"":""gintama"",""co_posts"":1,""character_coverage"":0.010204},{""copyright"":""one_piece"",""co_posts"":1,""character_coverage"":0.010204}]","","","PENDING",""
"I70-022336","trimmau_(fate)","4","Character","98","trimmau","trimmau","","","トリムマウ","","[{""copyright"":""fate_(series)"",""co_posts"":91,""character_coverage"":1.0},{""copyright"":""lord_el-melloi_ii_case_files"",""co_posts"":55,""character_coverage"":0.604396},{""copyright"":""fate/grand_order"",""co_posts"":38,""character_coverage"":0.417582},{""copyright"":""fate/zero"",""co_posts"":5,""character_coverage"":0.054945},{""copyright"":""fate/apocrypha"",""co_posts"":4,""character_coverage"":0.043956}]","","","PENDING",""
"I70-022337","tsutsukakushi_tsukushi","4","Character","98","","","","","筒隠つくし","","[{""copyright"":""hentai_ouji_to_warawanai_neko."",""co_posts"":87,""character_coverage"":1.0},{""copyright"":""megami_magazine"",""co_posts"":4,""character_coverage"":0.045977},{""copyright"":""megami_magazine_deluxe"",""co_posts"":2,""character_coverage"":0.022989},{""copyright"":""amagi_brilliant_park"",""co_posts"":1,""character_coverage"":0.011494},{""copyright"":""hataraku_maou-sama!"",""co_posts"":1,""character_coverage"":0.011494}]","","","PENDING",""
"I70-022338","tyranid","4","Character","98","","","","","ティラニッド","","[{""copyright"":""warhammer_40k"",""co_posts"":76,""character_coverage"":1.0},{""copyright"":""hololive"",""co_posts"":5,""character_coverage"":0.065789},{""copyright"":""hololive_english"",""co_posts"":4,""character_coverage"":0.052632},{""copyright"":""indie_virtual_youtuber"",""co_posts"":2,""character_coverage"":0.026316},{""copyright"":""vshojo"",""co_posts"":2,""character_coverage"":0.026316}]","","","PENDING",""
"I70-022339","ultraman_agul","4","Character","98","","","","","ウルトラマンアグル","","[{""copyright"":""ultra_series"",""co_posts"":88,""character_coverage"":1.0},{""copyright"":""ultraman_gaia_(series)"",""co_posts"":88,""character_coverage"":1.0},{""copyright"":""ultraman_dyna_(series)"",""co_posts"":9,""character_coverage"":0.102273},{""copyright"":""ultraman_tiga_(series)"",""co_posts"":9,""character_coverage"":0.102273},{""copyright"":""ultraman_ginga_(series)"",""co_posts"":4,""character_coverage"":0.045455}]","","","PENDING",""
"I70-022340","wada_(food_court)","4","Character","98","","","","","和田(フドあす)","","[{""copyright"":""food_court_de_mata_ashita"",""co_posts"":93,""character_coverage"":1.0},{""copyright"":""bishoujo_senshi_sailor_moon"",""co_posts"":4,""character_coverage"":0.043011},{""copyright"":""newtype"",""co_posts"":1,""character_coverage"":0.010753}]","","","PENDING",""
"I70-022341","wakamoto_tetsuko","4","Character","98","","","","","若本徹子","","[{""copyright"":""strike_witches_zero"",""co_posts"":94,""character_coverage"":1.0},{""copyright"":""world_witches_series"",""co_posts"":94,""character_coverage"":1.0},{""copyright"":""strike_witches"",""co_posts"":33,""character_coverage"":0.351064},{""copyright"":""strike_witches:_kurenai_no_majo-tachi"",""co_posts"":28,""character_coverage"":0.297872},{""copyright"":""brave_witches"",""co_posts"":5,""character_coverage"":0.053191}]","","","PENDING",""
"I70-022342","wilnas_(granblue_fantasy)","4","Character","98","","","","","ウィルナス","","[{""copyright"":""granblue_fantasy"",""co_posts"":94,""character_coverage"":1.0},{""copyright"":""granblue_fantasy_versus:_rising"",""co_posts"":3,""character_coverage"":0.031915},{""copyright"":""cygames"",""co_posts"":1,""character_coverage"":0.010638},{""copyright"":""dungeon_meshi"",""co_posts"":1,""character_coverage"":0.010638},{""copyright"":""famitsu"",""co_posts"":1,""character_coverage"":0.010638}]","","","PENDING",""
"I70-022343","yan_(nikke)","4","Character","98","","","","","ヤン(勝利の女神:NIKKE)","","[{""copyright"":""goddess_of_victory:_nikke"",""co_posts"":88,""character_coverage"":1.0},{""copyright"":""jojo_no_kimyou_na_bouken"",""co_posts"":1,""character_coverage"":0.011364},{""copyright"":""nier:automata"",""co_posts"":1,""character_coverage"":0.011364},{""copyright"":""nier_(series)"",""co_posts"":1,""character_coverage"":0.011364},{""copyright"":""to_love-ru"",""co_posts"":1,""character_coverage"":0.011364}]","","","PENDING",""
"I70-022344","youkai_fox_(wild_and_horned_hermit)","4","Character","98","","","","","化け狐(茨歌仙)","","[{""copyright"":""touhou"",""co_posts"":96,""character_coverage"":1.0},{""copyright"":""wild_and_horned_hermit"",""co_posts"":11,""character_coverage"":0.114583},{""copyright"":""forbidden_scrollery"",""co_posts"":9,""character_coverage"":0.09375},{""copyright"":""touhou_(pc-98)"",""co_posts"":9,""character_coverage"":0.09375},{""copyright"":""embodiment_of_scarlet_devil"",""co_posts"":7,""character_coverage"":0.072917}]","","","PENDING",""
"I70-022345","yuri_hyuga","4","Character","98","","","","","ウルムナフ・ボルテ・ヒュウガ","","[{""copyright"":""shadow_hearts"",""co_posts"":85,""character_coverage"":0.988372},{""copyright"":""shadow_hearts_ii"",""co_posts"":32,""character_coverage"":0.372093}]","","","PENDING",""
"I70-022346","yuuki_chihiro_(1st_costume)","4","Character","98","","","","","勇気ちひろ(通常)","","[{""copyright"":""nijisanji"",""co_posts"":94,""character_coverage"":1.0},{""copyright"":""apex_legends"",""co_posts"":3,""character_coverage"":0.031915},{""copyright"":""hololive"",""co_posts"":3,""character_coverage"":0.031915},{""copyright"":""crazy_raccoon"",""co_posts"":2,""character_coverage"":0.021277},{""copyright"":""indie_virtual_youtuber"",""co_posts"":2,""character_coverage"":0.021277}]","","","PENDING",""
"I70-022347","zaku_ii_fz_kai","4","Character","98","","","","","ザクII改","","[{""copyright"":""gundam"",""co_posts"":90,""character_coverage"":1.0},{""copyright"":""gundam_0080"",""co_posts"":85,""character_coverage"":0.944444},{""copyright"":""mobile_suit_gundam"",""co_posts"":13,""character_coverage"":0.144444},{""copyright"":""gundam_08th_ms_team"",""co_posts"":6,""character_coverage"":0.066667},{""copyright"":""original"",""co_posts"":6,""character_coverage"":0.066667}]","","","PENDING",""
"I70-022348","zuihou_kai_(kancolle)","4","Character","98","","","","","","","[{""copyright"":""kantai_collection"",""co_posts"":96,""character_coverage"":1.0},{""copyright"":""aoki_hagane_no_arpeggio"",""co_posts"":1,""character_coverage"":0.010417},{""copyright"":""comiket_102"",""co_posts"":1,""character_coverage"":0.010417},{""copyright"":""comiket_91"",""co_posts"":1,""character_coverage"":0.010417},{""copyright"":""doraemon"",""co_posts"":1,""character_coverage"":0.010417}]","","","PENDING",""
"I70-022349","admiral_shinonome_harutora","4","Character","97","","","","","Shinonome Harutora提督","","[{""copyright"":""kantai_collection"",""co_posts"":92,""character_coverage"":1.0},{""copyright"":""kamen_rider"",""co_posts"":3,""character_coverage"":0.032609},{""copyright"":""comiket_92"",""co_posts"":1,""character_coverage"":0.01087},{""copyright"":""go!_princess_precure"",""co_posts"":1,""character_coverage"":0.01087},{""copyright"":""haou_airen"",""co_posts"":1,""character_coverage"":0.01087}]","","","PENDING",""
"I70-022350","ahat_(ragnarok_online)","4","Character","97","","","","","アハト","","[{""copyright"":""ragnarok_online"",""co_posts"":97,""character_coverage"":1.0},{""copyright"":""danganronpa_(series)"",""co_posts"":1,""character_coverage"":0.010309},{""copyright"":""danganronpa_2:_goodbye_despair"",""co_posts"":1,""character_coverage"":0.010309},{""copyright"":""devil_survivor_(series)"",""co_posts"":1,""character_coverage"":0.010309},{""copyright"":""devil_survivor_1"",""co_posts"":1,""character_coverage"":0.010309}]","","","PENDING",""
"I70-022351","aika_(kiana_mai)","4","Character","97","","","","","","","[{""copyright"":""i_don't_want_to_be_a_magical_girl"",""co_posts"":82,""character_coverage"":1.0},{""copyright"":""cardcaptor_sakura"",""co_posts"":3,""character_coverage"":0.036585},{""copyright"":""mahou_shoujo_madoka_magica"",""co_posts"":3,""character_coverage"":0.036585},{""copyright"":""mahou_shoujo_madoka_magica_(anime)"",""co_posts"":3,""character_coverage"":0.036585},{""copyright"":""bishoujo_senshi_sailor_moon"",""co_posts"":2,""character_coverage"":0.02439}]","","","PENDING",""
"I70-022352","akatsuki_mikoto","4","Character","97","","","","","暁月ミコト","","[{""copyright"":""mikoto_to_rei"",""co_posts"":97,""character_coverage"":1.0},{""copyright"":""comiket_106"",""co_posts"":1,""character_coverage"":0.010309}]","","","PENDING",""
"I70-022353","akebono_(valentine)_(kancolle)","4","Character","97","akebono_(setsubun)_(kancolle)","akebono (setsubun) (kancolle)","","","曙(バレンタイン)","","[{""copyright"":""kantai_collection"",""co_posts"":97,""character_coverage"":1.0},{""copyright"":""kantai_collection_(anime)"",""co_posts"":2,""character_coverage"":0.020619},{""copyright"":""kuso_miso_technique"",""co_posts"":1,""character_coverage"":0.010309}]","","","PENDING",""
"I70-022354","akebono_kai_ni_(swimsuit)_(kancolle)","4","Character","97","","","","","曙改二(水着)","","[{""copyright"":""kantai_collection"",""co_posts"":92,""character_coverage"":1.0}]","","","PENDING",""
"I70-022355","akiyama_mizuki_(middle_school)","4","Character","97","","","","","中学生瑞希","","[{""copyright"":""project_sekai"",""co_posts"":93,""character_coverage"":1.0},{""copyright"":""telecaster_b-boy_(vocaloid)"",""co_posts"":2,""character_coverage"":0.021505},{""copyright"":""bitter_choco_decoration_(vocaloid)"",""co_posts"":1,""character_coverage"":0.010753}]","","","PENDING",""
"I70-022356","altrene","4","Character","97","","","","","アルトレーネ","","[{""copyright"":""busou_shinki"",""co_posts"":96,""character_coverage"":1.0},{""copyright"":""rozen_maiden"",""co_posts"":3,""character_coverage"":0.03125},{""copyright"":""megami_magazine"",""co_posts"":2,""character_coverage"":0.020833},{""copyright"":""busou_renkin"",""co_posts"":1,""character_coverage"":0.010417},{""copyright"":""girls_und_panzer"",""co_posts"":1,""character_coverage"":0.010417}]","","","PENDING",""
"I70-022357","aoi_rei","4","Character","97","","","","","蒼衣レイ","","[{""copyright"":""mikoto_to_rei"",""co_posts"":97,""character_coverage"":1.0},{""copyright"":""comiket_106"",""co_posts"":1,""character_coverage"":0.010309}]","","","PENDING",""
"I70-022358","arch_clover","4","Character","97","","","","","アーククローバー","","[{""copyright"":""shinsou_kenki_arch_saver"",""co_posts"":91,""character_coverage"":1.0}]","","","PENDING",""
"I70-022359","arichi_masaomi","4","Character","97","","","","","","","[{""copyright"":""senren_banka"",""co_posts"":83,""character_coverage"":1.0},{""copyright"":""otogi_frontier"",""co_posts"":20,""character_coverage"":0.240964},{""copyright"":""blue_archive"",""co_posts"":1,""character_coverage"":0.012048}]","","","PENDING",""
"I70-022360","ashley_(pokemon)","4","Character","97","satoko_(pokemon)","satoko (pokemon)","","","サトコ(女装サトシ)","","[{""copyright"":""pokemon"",""co_posts"":88,""character_coverage"":1.0},{""copyright"":""pokemon_(anime)"",""co_posts"":87,""character_coverage"":0.988636},{""copyright"":""pokemon_(classic_anime)"",""co_posts"":78,""character_coverage"":0.886364},{""copyright"":""pokemon_the_series:_diamond_and_pearl"",""co_posts"":20,""character_coverage"":0.227273},{""copyright"":""pokemon_the_series:_sun_&_moon"",""co_posts"":17,""character_coverage"":0.193182}]","","","PENDING",""
"I70-022361","asshimar","4","Character","97","","","","","アッシマー","","[{""copyright"":""gundam"",""co_posts"":88,""character_coverage"":0.988764},{""copyright"":""zeta_gundam"",""co_posts"":84,""character_coverage"":0.94382},{""copyright"":""original"",""co_posts"":16,""character_coverage"":0.179775},{""copyright"":""kantai_collection"",""co_posts"":8,""character_coverage"":0.089888},{""copyright"":""advance_of_zeta"",""co_posts"":4,""character_coverage"":0.044944}]","","","PENDING",""
"I70-022362","aubrey_(neal_d._anderson)","4","Character","97","","","","","オーブリー（ニールd。アンダーソン）","","[{""copyright"":""original"",""co_posts"":92,""character_coverage"":1.0},{""copyright"":""coca-cola"",""co_posts"":1,""character_coverage"":0.01087},{""copyright"":""the_road_to_el_dorado"",""co_posts"":1,""character_coverage"":0.01087}]","","","PENDING",""
"I70-022363","axolotl_(minecraft)","4","Character","97","","","","","ウーパールーパー(Minecraft)","","[{""copyright"":""minecraft"",""co_posts"":80,""character_coverage"":0.869565},{""copyright"":""hololive"",""co_posts"":58,""character_coverage"":0.630435},{""copyright"":""hololive_english"",""co_posts"":7,""character_coverage"":0.076087},{""copyright"":""holostars"",""co_posts"":5,""character_coverage"":0.054348},{""copyright"":""minecraft_youtube"",""co_posts"":5,""character_coverage"":0.054348}]","","","PENDING",""
"I70-022364","ayatsuji_yuki","4","Character","97","","","","","綾辻ユキ","","[{""copyright"":""seito_kaichou_hikaru"",""co_posts"":83,""character_coverage"":1.0}]","","","PENDING",""
"I70-022365","azki_(little_devil)_(hololive)","4","Character","97","","","","","AZKi生誕ライブ2026","","[{""copyright"":""hololive"",""co_posts"":46,""character_coverage"":1.0}]","","","PENDING",""
"I70-022366","azusa_(granblue_fantasy)","4","Character","97","","","","","アズサ(グラブル)","","[{""copyright"":""granblue_fantasy"",""co_posts"":93,""character_coverage"":1.0},{""copyright"":""cygames"",""co_posts"":1,""character_coverage"":0.010753},{""copyright"":""original"",""co_posts"":1,""character_coverage"":0.010753},{""copyright"":""shingeki_no_bahamut"",""co_posts"":1,""character_coverage"":0.010753}]","","","PENDING",""
"I70-022367","bardiche_(device_form)_(nanoha)","4","Character","97","bardiche_(device_form)","bardiche (device form)","","","デバイスフォーム","","[{""copyright"":""lyrical_nanoha"",""co_posts"":95,""character_coverage"":1.0},{""copyright"":""mahou_shoujo_lyrical_nanoha"",""co_posts"":95,""character_coverage"":1.0},{""copyright"":""mahou_shoujo_lyrical_nanoha_a's"",""co_posts"":12,""character_coverage"":0.126316},{""copyright"":""mahou_shoujo_lyrical_nanoha_strikers"",""co_posts"":7,""character_coverage"":0.073684},{""copyright"":""mahoraba"",""co_posts"":1,""character_coverage"":0.010526}]","","","PENDING",""
"I70-022368","beau_(animal_crossing)","4","Character","97","","","","","ペーター(どうぶつの森)","","[{""copyright"":""animal_crossing"",""co_posts"":97,""character_coverage"":1.0},{""copyright"":""animal_crossing:_new_horizons"",""co_posts"":13,""character_coverage"":0.134021},{""copyright"":""fate/grand_order"",""co_posts"":2,""character_coverage"":0.020619},{""copyright"":""fate_(series)"",""co_posts"":2,""character_coverage"":0.020619},{""copyright"":""amazon_(company)"",""co_posts"":1,""character_coverage"":0.010309}]","","","PENDING",""
"I70-022369","bellelba_(pokemon)","4","Character","97","jujube_(pokemon)","jujube (pokemon)","","","ジュジュベ","","[{""copyright"":""pokemon"",""co_posts"":89,""character_coverage"":1.0},{""copyright"":""pokemon_black_2_and_white_2"",""co_posts"":84,""character_coverage"":0.94382},{""copyright"":""pokemon_masters_ex"",""co_posts"":12,""character_coverage"":0.134831},{""copyright"":""pokemon_heartgold_and_soulsilver"",""co_posts"":10,""character_coverage"":0.11236},{""copyright"":""pokemon_firered_and_leafgreen"",""co_posts"":9,""character_coverage"":0.101124}]","","","PENDING",""
"I70-022370","bonta-kun","4","Character","97","","","","","ボン太くん","","[{""copyright"":""full_metal_panic!"",""co_posts"":84,""character_coverage"":0.94382},{""copyright"":""lucky_star"",""co_posts"":35,""character_coverage"":0.393258},{""copyright"":""suzumiya_haruhi_no_yuuutsu"",""co_posts"":14,""character_coverage"":0.157303},{""copyright"":""k-on!"",""co_posts"":9,""character_coverage"":0.101124},{""copyright"":""amagi_brilliant_park"",""co_posts"":7,""character_coverage"":0.078652}]","","","PENDING",""
"I70-022371","buena_vista_(casual)_(umamusume)","4","Character","97","","","","","","","[{""copyright"":""umamusume"",""co_posts"":87,""character_coverage"":1.0},{""copyright"":""microsoft_windows"",""co_posts"":1,""character_coverage"":0.011494},{""copyright"":""the_weaker_sex_1_(gibson)"",""co_posts"":1,""character_coverage"":0.011494},{""copyright"":""windows_vista"",""co_posts"":1,""character_coverage"":0.011494}]","","","PENDING",""
"I70-022372","celine_(sen_no_kiseki)","4","Character","97","","","","","セリーヌ（Sen no kiseki）","","[{""copyright"":""eiyuu_densetsu"",""co_posts"":92,""character_coverage"":1.0},{""copyright"":""sen_no_kiseki_(series)"",""co_posts"":90,""character_coverage"":0.978261},{""copyright"":""sen_no_kiseki_i"",""co_posts"":39,""character_coverage"":0.423913},{""copyright"":""sen_no_kiseki_iv"",""co_posts"":25,""character_coverage"":0.271739},{""copyright"":""sen_no_kiseki_ii"",""co_posts"":10,""character_coverage"":0.108696}]","","","PENDING",""
"I70-022373","chicchai_no_(chiccha_na_watashi)","4","Character","97","","","","","ちっちゃいの","","[{""copyright"":""chiccha_na_watashi_(synthesizer_v)"",""co_posts"":97,""character_coverage"":1.0},{""copyright"":""utau"",""co_posts"":88,""character_coverage"":0.907216},{""copyright"":""synthesizer_v"",""co_posts"":69,""character_coverage"":0.71134},{""copyright"":""liar_dancer_(synthesizer_v)"",""co_posts"":43,""character_coverage"":0.443299},{""copyright"":""ultra_trailer_(synthesizer_v)"",""co_posts"":41,""character_coverage"":0.42268}]","","","PENDING",""
"I70-022374","chicken_(minecraft)","4","Character","97","","","","","ニワトリ(Minecraft)","","[{""copyright"":""minecraft"",""co_posts"":86,""character_coverage"":1.0},{""copyright"":""hololive"",""co_posts"":17,""character_coverage"":0.197674},{""copyright"":""hololive_english"",""co_posts"":13,""character_coverage"":0.151163},{""copyright"":""touhou"",""co_posts"":11,""character_coverage"":0.127907},{""copyright"":""minecraft_youtube"",""co_posts"":10,""character_coverage"":0.116279}]","","","PENDING",""
"I70-022375","chun-li_(sf4_alternate)","4","Character","97","chun-li_(alternate_1)","chun-li (alternate 1)","","","","","[{""copyright"":""street_fighter"",""co_posts"":87,""character_coverage"":1.0},{""copyright"":""street_fighter_iv_(series)"",""co_posts"":85,""character_coverage"":0.977011},{""copyright"":""fatal_fury"",""co_posts"":3,""character_coverage"":0.034483},{""copyright"":""the_king_of_fighters"",""co_posts"":3,""character_coverage"":0.034483},{""copyright"":""arika"",""co_posts"":2,""character_coverage"":0.022989}]","","","PENDING",""
"I70-022376","clarissa_arwin","4","Character","97","","","","","クラリッサ・アウィル","","[{""copyright"":""wild_arms"",""co_posts"":78,""character_coverage"":1.0},{""copyright"":""wild_arms_xf"",""co_posts"":76,""character_coverage"":0.974359},{""copyright"":""wild_arms_1"",""co_posts"":8,""character_coverage"":0.102564},{""copyright"":""wild_arms_2"",""co_posts"":8,""character_coverage"":0.102564},{""copyright"":""wild_arms_3"",""co_posts"":8,""character_coverage"":0.102564}]","","","PENDING",""
"I70-022377","constantia_harvey","4","Character","97","","","","","コンスタンティアハーベイ","","[{""copyright"":""original"",""co_posts"":97,""character_coverage"":1.0},{""copyright"":""strike_witches_1940"",""co_posts"":97,""character_coverage"":1.0},{""copyright"":""world_witches_series"",""co_posts"":97,""character_coverage"":1.0},{""copyright"":""strike_witches:_suomus_misfits_squadron"",""co_posts"":1,""character_coverage"":0.010309},{""copyright"":""strike_witches_zero"",""co_posts"":1,""character_coverage"":0.010309}]","","","PENDING",""
"I70-022378","cream_puff_cookie","4","Character","97","","","","","シュークリーム味クッキー","","[{""copyright"":""cookie_run"",""co_posts"":89,""character_coverage"":1.0},{""copyright"":""cookie_run:_kingdom"",""co_posts"":56,""character_coverage"":0.629213},{""copyright"":""cookie_run:_ovenbreak"",""co_posts"":33,""character_coverage"":0.370787},{""copyright"":""lord_of_heroes"",""co_posts"":2,""character_coverage"":0.022472},{""copyright"":""spy_x_family"",""co_posts"":1,""character_coverage"":0.011236}]","","","PENDING",""
"I70-022379","diablos","4","Character","97","","","","","ディアブロス","","[{""copyright"":""monster_hunter_(series)"",""co_posts"":92,""character_coverage"":1.0},{""copyright"":""monster_hunter:_world"",""co_posts"":7,""character_coverage"":0.076087},{""copyright"":""monster_hunter_rise"",""co_posts"":5,""character_coverage"":0.054348},{""copyright"":""monster_hunter_3"",""co_posts"":4,""character_coverage"":0.043478},{""copyright"":""monster_hunter_xx"",""co_posts"":4,""character_coverage"":0.043478}]","","","PENDING",""
"I70-022380","dice_members_(danganronpa)","4","Character","97","","","","","サイコロメンバー（Danganronpa）","","[{""copyright"":""danganronpa_(series)"",""co_posts"":96,""character_coverage"":1.0},{""copyright"":""danganronpa_v3:_killing_harmony"",""co_posts"":96,""character_coverage"":1.0},{""copyright"":""aespa"",""co_posts"":1,""character_coverage"":0.010417},{""copyright"":""despicable_me"",""co_posts"":1,""character_coverage"":0.010417},{""copyright"":""elden_ring"",""co_posts"":1,""character_coverage"":0.010417}]","","","PENDING",""
"I70-022381","dominic_sorel","4","Character","97","","","","","ドミニク・ソレル","","[{""copyright"":""eureka_seven"",""co_posts"":90,""character_coverage"":1.0},{""copyright"":""eureka_seven_(series)"",""co_posts"":90,""character_coverage"":1.0},{""copyright"":""newtype"",""co_posts"":2,""character_coverage"":0.022222},{""copyright"":""mujin_wakusei_survive"",""co_posts"":1,""character_coverage"":0.011111},{""copyright"":""school_rumble"",""co_posts"":1,""character_coverage"":0.011111}]","","","PENDING",""
"I70-022382","eternal_sakura","4","Character","97","hiiragi_sakurako,mannenzakura_no_uwasa","hiiragi sakurako | mannenzakura no uwasa","","","万年桜のウワサ","","[{""copyright"":""magia_record:_mahou_shoujo_madoka_magica_gaiden"",""co_posts"":92,""character_coverage"":1.0},{""copyright"":""mahou_shoujo_madoka_magica"",""co_posts"":92,""character_coverage"":1.0},{""copyright"":""mahou_shoujo_madoka_magica_magia_exedra"",""co_posts"":10,""character_coverage"":0.108696},{""copyright"":""mahou_shoujo_kazumi_magica"",""co_posts"":4,""character_coverage"":0.043478},{""copyright"":""mahou_shoujo_oriko_magica"",""co_posts"":4,""character_coverage"":0.043478}]","","","PENDING",""
"I70-022383","fei_long","4","Character","97","","","","","フェイロン","","[{""copyright"":""street_fighter"",""co_posts"":83,""character_coverage"":1.0},{""copyright"":""street_fighter_ii_(series)"",""co_posts"":38,""character_coverage"":0.457831},{""copyright"":""street_fighter_zero_(series)"",""co_posts"":26,""character_coverage"":0.313253},{""copyright"":""final_fight"",""co_posts"":17,""character_coverage"":0.204819},{""copyright"":""street_fighter_iv_(series)"",""co_posts"":17,""character_coverage"":0.204819}]","","","PENDING",""
"I70-022384","fujimaru_ritsuka_(male)_(anniversary_blonde)","4","Character","97","","","","","アニバーサリー・ブロンド","","[{""copyright"":""fate/grand_order"",""co_posts"":96,""character_coverage"":1.0},{""copyright"":""fate_(series)"",""co_posts"":96,""character_coverage"":1.0},{""copyright"":""fate/extra"",""co_posts"":9,""character_coverage"":0.09375},{""copyright"":""fate/extra_ccc"",""co_posts"":8,""character_coverage"":0.083333},{""copyright"":""fate/stay_night"",""co_posts"":4,""character_coverage"":0.041667}]","","","PENDING",""
"I70-022385","galarian_linoone","4","Character","97","","","","","ガラルマッスグマ","","[{""copyright"":""pokemon"",""co_posts"":96,""character_coverage"":1.0},{""copyright"":""pokemon_sword_and_shield"",""co_posts"":59,""character_coverage"":0.614583},{""copyright"":""original"",""co_posts"":4,""character_coverage"":0.041667},{""copyright"":""mononoke_hime"",""co_posts"":3,""character_coverage"":0.03125},{""copyright"":""pokemon:_arceus_and_the_jewel_of_life"",""co_posts"":3,""character_coverage"":0.03125}]","","","PENDING",""
"I70-022386","genbu_(kemono_friends)","4","Character","97","","","","","ゲンブ(けものフレンズ)","","[{""copyright"":""kemono_friends"",""co_posts"":84,""character_coverage"":1.0},{""copyright"":""kemono_friends_3"",""co_posts"":33,""character_coverage"":0.392857},{""copyright"":""chinese_mythology"",""co_posts"":3,""character_coverage"":0.035714},{""copyright"":""keroro_gunsou"",""co_posts"":2,""character_coverage"":0.02381},{""copyright"":""crayon_shin-chan"",""co_posts"":1,""character_coverage"":0.011905}]","","","PENDING",""
"I70-022387","george_the_bomb","4","Character","97","","","","","爆弾ジョージ","","[{""copyright"":""skullgirls"",""co_posts"":84,""character_coverage"":1.0},{""copyright"":""darkstalkers"",""co_posts"":3,""character_coverage"":0.035714},{""copyright"":""gradius"",""co_posts"":2,""character_coverage"":0.02381},{""copyright"":""kill_la_kill"",""co_posts"":2,""character_coverage"":0.02381},{""copyright"":""adventure_time"",""co_posts"":1,""character_coverage"":0.011905}]","","","PENDING",""
"I70-022388","haiqing_(astral_party)","4","Character","97","","","","","カイセイ","","[{""copyright"":""astral_party"",""co_posts"":38,""character_coverage"":1.0}]","","","PENDING",""
"I70-022389","hashima_izumi","4","Character","97","","","","","波島出海","","[{""copyright"":""saenai_heroine_no_sodatekata"",""co_posts"":88,""character_coverage"":1.0},{""copyright"":""lawson"",""co_posts"":3,""character_coverage"":0.034091},{""copyright"":""newtype"",""co_posts"":2,""character_coverage"":0.022727},{""copyright"":""sakura_taisen"",""co_posts"":2,""character_coverage"":0.022727},{""copyright"":""lyrical_nanoha"",""co_posts"":1,""character_coverage"":0.011364}]","","","PENDING",""
"I70-022390","hattori_azusa","4","Character","97","","","","","服部梓","","[{""copyright"":""grimoire_~shiritsu_grimoire_mahou_gakuen~"",""co_posts"":96,""character_coverage"":1.0},{""copyright"":""friday_the_13th"",""co_posts"":1,""character_coverage"":0.010417}]","","","PENDING",""
"I70-022391","hawkmon","4","Character","97","","","","","ホークモン","","[{""copyright"":""digimon"",""co_posts"":91,""character_coverage"":1.0},{""copyright"":""digimon_adventure_02"",""co_posts"":68,""character_coverage"":0.747253},{""copyright"":""digimon_adventure"",""co_posts"":8,""character_coverage"":0.087912},{""copyright"":""digimon_card_game"",""co_posts"":5,""character_coverage"":0.054945},{""copyright"":""digimon_frontier"",""co_posts"":5,""character_coverage"":0.054945}]","","","PENDING",""
"I70-022392","hikoboshi","4","Character","97","","","","","牛郎","","[{""copyright"":""original"",""co_posts"":21,""character_coverage"":0.223404},{""copyright"":""japanese_mythology"",""co_posts"":7,""character_coverage"":0.074468},{""copyright"":""touhou"",""co_posts"":7,""character_coverage"":0.074468},{""copyright"":""kantai_collection"",""co_posts"":5,""character_coverage"":0.053191},{""copyright"":""umamusume"",""co_posts"":5,""character_coverage"":0.053191}]","","","PENDING",""
"I70-022393","hokko_tarumae_(pastel_marine_locadol)_(umamusume)","4","Character","97","","","","","パステルマリン・ロコドル","","[{""copyright"":""umamusume"",""co_posts"":88,""character_coverage"":1.0},{""copyright"":""oishinbo"",""co_posts"":1,""character_coverage"":0.011364}]","","","PENDING",""
"I70-022394","hood_(lady_of_the_shining_sun)_(azur_lane)","4","Character","97","hood_(sunlit_lady)_(azur_lane)","hood (sunlit lady) (azur lane)","","","日差しの淑女","","[{""copyright"":""azur_lane"",""co_posts"":93,""character_coverage"":1.0},{""copyright"":""dead_or_alive"",""co_posts"":1,""character_coverage"":0.010753},{""copyright"":""dead_or_alive_xtreme"",""co_posts"":1,""character_coverage"":0.010753},{""copyright"":""girls'_frontline"",""co_posts"":1,""character_coverage"":0.010753}]","","","PENDING",""
"I70-022395","hunter_(great_one)_(bloodborne)","4","Character","97","","","","","ハンター（グレートワン）（ブラッドボーン）","","[{""copyright"":""bloodborne"",""co_posts"":88,""character_coverage"":1.0},{""copyright"":""elden_ring"",""co_posts"":6,""character_coverage"":0.068182},{""copyright"":""fromsoftware"",""co_posts"":4,""character_coverage"":0.045455},{""copyright"":""dark_souls_(series)"",""co_posts"":2,""character_coverage"":0.022727},{""copyright"":""dark_souls_i"",""co_posts"":2,""character_coverage"":0.022727}]","","","PENDING",""
"I70-022396","hylia","4","Character","97","","","","","ハイリア","","[{""copyright"":""the_legend_of_zelda"",""co_posts"":45,""character_coverage"":1.0},{""copyright"":""the_legend_of_zelda:_skyward_sword"",""co_posts"":36,""character_coverage"":0.8},{""copyright"":""the_legend_of_zelda:_breath_of_the_wild"",""co_posts"":8,""character_coverage"":0.177778},{""copyright"":""the_legend_of_zelda:_tears_of_the_kingdom"",""co_posts"":8,""character_coverage"":0.177778},{""copyright"":""the_legend_of_zelda:_ocarina_of_time"",""co_posts"":7,""character_coverage"":0.155556}]","","","PENDING",""
"I70-022397","ibuki_douji_(swimsuit_berserker)_(second_ascension)_(fate)","4","Character","97","","","","","イブキ・ドゥジ（水着・バーサーカー）（第二の昇天）（運命）","","[{""copyright"":""fate_(series)"",""co_posts"":82,""character_coverage"":0.987952},{""copyright"":""fate/grand_order"",""co_posts"":81,""character_coverage"":0.975904},{""copyright"":""indie_virtual_youtuber"",""co_posts"":2,""character_coverage"":0.024096},{""copyright"":""fate/kaleid_liner_prisma_illya"",""co_posts"":1,""character_coverage"":0.012048},{""copyright"":""tatakau_ni_atai_suru"",""co_posts"":1,""character_coverage"":0.012048}]","","","PENDING",""
"I70-022398","igarashi_ritsu_(tetto)","4","Character","97","","","","","五十嵐りつ","","[{""copyright"":""original"",""co_posts"":96,""character_coverage"":1.0}]","","","PENDING",""
"I70-022399","indarias_(genshin_impact)","4","Character","97","","","","","应达","","[{""copyright"":""genshin_impact"",""co_posts"":92,""character_coverage"":1.0},{""copyright"":""2024_summer_olympics"",""co_posts"":1,""character_coverage"":0.01087},{""copyright"":""olympics"",""co_posts"":1,""character_coverage"":0.01087},{""copyright"":""omori"",""co_posts"":1,""character_coverage"":0.01087}]","","","PENDING",""
"I70-022400","inga","4","Character","97","","","","","因果","","[{""copyright"":""un-go"",""co_posts"":95,""character_coverage"":1.0},{""copyright"":""k-on!"",""co_posts"":2,""character_coverage"":0.021053},{""copyright"":""mawaru_penguindrum"",""co_posts"":2,""character_coverage"":0.021053},{""copyright"":""ano_hi_mita_hana_no_namae_wo_bokutachi_wa_mada_shiranai."",""co_posts"":1,""character_coverage"":0.010526},{""copyright"":""comiket_92"",""co_posts"":1,""character_coverage"":0.010526}]","","","PENDING",""
"I70-022401","juniper_actias_(space_invader)","4","Character","97","juniper_actias_(snoth)","juniper actias (snoth)","","","","","[{""copyright"":""indie_virtual_youtuber"",""co_posts"":77,""character_coverage"":1.0},{""copyright"":""nier:automata"",""co_posts"":4,""character_coverage"":0.051948},{""copyright"":""nier_(series)"",""co_posts"":4,""character_coverage"":0.051948},{""copyright"":""socks_agency"",""co_posts"":2,""character_coverage"":0.025974},{""copyright"":""avatar:_the_last_airbender"",""co_posts"":1,""character_coverage"":0.012987}]","","","PENDING",""
"I70-022402","kagura_(onmyoji)","4","Character","97","","","","","神乐","","[{""copyright"":""onmyoji"",""co_posts"":97,""character_coverage"":1.0},{""copyright"":""cardcaptor_sakura"",""co_posts"":3,""character_coverage"":0.030928},{""copyright"":""cardcaptor_sakura_clear_card_arc"",""co_posts"":3,""character_coverage"":0.030928},{""copyright"":""gintama"",""co_posts"":2,""character_coverage"":0.020619},{""copyright"":""mononoke"",""co_posts"":2,""character_coverage"":0.020619}]","","","PENDING",""
"I70-022403","kati_mannequin","4","Character","97","kathy_mannequin","kathy mannequin","","","カティ・マネキン","","[{""copyright"":""gundam"",""co_posts"":86,""character_coverage"":1.0},{""copyright"":""gundam_00"",""co_posts"":86,""character_coverage"":1.0},{""copyright"":""gundam_00_a_wakening_of_the_trailblazer"",""co_posts"":1,""character_coverage"":0.011628},{""copyright"":""gundam_seed"",""co_posts"":1,""character_coverage"":0.011628},{""copyright"":""kantai_collection"",""co_posts"":1,""character_coverage"":0.011628}]","","","PENDING",""
"I70-022404","katsuragi_ace_(casual)_(umamusume)","4","Character","97","","","","","","","[{""copyright"":""umamusume"",""co_posts"":96,""character_coverage"":1.0},{""copyright"":""real_life"",""co_posts"":2,""character_coverage"":0.020833},{""copyright"":""microsoft_windows"",""co_posts"":1,""character_coverage"":0.010417},{""copyright"":""pakatube"",""co_posts"":1,""character_coverage"":0.010417},{""copyright"":""pokemon"",""co_posts"":1,""character_coverage"":0.010417}]","","","PENDING",""
"I70-022405","kel_(birthday)_(omori)","4","Character","97","","","","","ケルサニ","","[{""copyright"":""omori"",""co_posts"":92,""character_coverage"":1.0},{""copyright"":""pokemon"",""co_posts"":1,""character_coverage"":0.01087}]","","","PENDING",""
"I70-022406","kiriya_nozomi","4","Character","97","","","","","霧谷希","","[{""copyright"":""mayoi_neko_overrun!"",""co_posts"":88,""character_coverage"":1.0},{""copyright"":""megami_magazine"",""co_posts"":5,""character_coverage"":0.056818},{""copyright"":""ore_no_imouto_ga_konna_ni_kawaii_wake_ga_nai"",""co_posts"":3,""character_coverage"":0.034091},{""copyright"":""kami_nomi_zo_shiru_sekai"",""co_posts"":2,""character_coverage"":0.022727},{""copyright"":""nyantype"",""co_posts"":2,""character_coverage"":0.022727}]","","","PENDING",""
"I70-022407","koma_ion","4","Character","97","","","","","衣音","","[{""copyright"":""boku_no_kanojo_wa_ningyohime!?"",""co_posts"":96,""character_coverage"":1.0},{""copyright"":""talesshop"",""co_posts"":23,""character_coverage"":0.239583}]","","","PENDING",""
"I70-022408","komachi_tsugumi","4","Character","97","","","","","小町つぐみ","","[{""copyright"":""ever_17"",""co_posts"":93,""character_coverage"":1.0},{""copyright"":""azumanga_daioh"",""co_posts"":2,""character_coverage"":0.021505},{""copyright"":""fate_(series)"",""co_posts"":2,""character_coverage"":0.021505},{""copyright"":""persona"",""co_posts"":2,""character_coverage"":0.021505},{""copyright"":""tsukihime"",""co_posts"":2,""character_coverage"":0.021505}]","","","PENDING",""
"I70-022409","koseki_bijou_(new_year)","4","Character","97","koseki_bijou_(2nd_costume)","koseki bijou (2nd costume)","","","古石ビジュー(正月衣装)","","[{""copyright"":""hololive"",""co_posts"":92,""character_coverage"":1.0},{""copyright"":""hololive_english"",""co_posts"":92,""character_coverage"":1.0},{""copyright"":""breaking_bad"",""co_posts"":4,""character_coverage"":0.043478},{""copyright"":""hololive_indonesia"",""co_posts"":4,""character_coverage"":0.043478},{""copyright"":""minecraft"",""co_posts"":4,""character_coverage"":0.043478}]","","","PENDING",""
"I70-022410","kurt_vander","4","Character","97","","","","","クルト・ヴァンダール","","[{""copyright"":""eiyuu_densetsu"",""co_posts"":87,""character_coverage"":1.0},{""copyright"":""sen_no_kiseki_(series)"",""co_posts"":80,""character_coverage"":0.91954},{""copyright"":""sen_no_kiseki_iii"",""co_posts"":48,""character_coverage"":0.551724},{""copyright"":""sen_no_kiseki_iv"",""co_posts"":21,""character_coverage"":0.241379},{""copyright"":""hajimari_no_kiseki"",""co_posts"":18,""character_coverage"":0.206897}]","","","PENDING",""
"I70-022411","kurusu_yuzuko","4","Character","97","","","","","来栖柚子","","[{""copyright"":""pani_poni_dash!"",""co_posts"":44,""character_coverage"":1.0},{""copyright"":""boukun_habanero"",""co_posts"":1,""character_coverage"":0.022727},{""copyright"":""busou_renkin"",""co_posts"":1,""character_coverage"":0.022727},{""copyright"":""galaxy_angel"",""co_posts"":1,""character_coverage"":0.022727},{""copyright"":""galaxy_angel_rune"",""co_posts"":1,""character_coverage"":0.022727}]","","","PENDING",""
"I70-022412","kusuriuri_(gekijouban_mononoke)","4","Character","97","","","","","薬売り","","[{""copyright"":""mononoke"",""co_posts"":96,""character_coverage"":1.0},{""copyright"":""gekijouban_mononoke"",""co_posts"":90,""character_coverage"":0.9375},{""copyright"":""fate/grand_order"",""co_posts"":5,""character_coverage"":0.052083},{""copyright"":""fate_(series)"",""co_posts"":5,""character_coverage"":0.052083}]","","","PENDING",""
"I70-022413","kyogoku_masamune","4","Character","97","","","","","京極正宗","","[{""copyright"":""touken_ranbu"",""co_posts"":96,""character_coverage"":1.0},{""copyright"":""blue_archive"",""co_posts"":2,""character_coverage"":0.020833},{""copyright"":""fate/grand_order"",""co_posts"":2,""character_coverage"":0.020833},{""copyright"":""fate_(series)"",""co_posts"":2,""character_coverage"":0.020833},{""copyright"":""umamusume"",""co_posts"":2,""character_coverage"":0.020833}]","","","PENDING",""
"I70-022414","laffey_ii_(sleepy_on_a_busy_day)_(azur_lane)","4","Character","97","","","","","うとうとビジーデー","","[{""copyright"":""azur_lane"",""co_posts"":92,""character_coverage"":1.0},{""copyright"":""blue_archive"",""co_posts"":2,""character_coverage"":0.021739},{""copyright"":""comiket_107"",""co_posts"":1,""character_coverage"":0.01087}]","","","PENDING",""
"I70-022415","lanolin_the_sheep","4","Character","97","","","","","ラノリン・ザ・シープ","","[{""copyright"":""sonic_(series)"",""co_posts"":77,""character_coverage"":1.0},{""copyright"":""sonic_the_hedgehog_(idw)"",""co_posts"":73,""character_coverage"":0.948052},{""copyright"":""sonic_riders_(series)"",""co_posts"":5,""character_coverage"":0.064935},{""copyright"":""sonic_the_hedgehog_(classic)"",""co_posts"":4,""character_coverage"":0.051948},{""copyright"":""sonic_boom_(series)"",""co_posts"":3,""character_coverage"":0.038961}]","","","PENDING",""
"I70-022416","lazlo_(suikoden)","4","Character","97","","","","","","","[{""copyright"":""gensou_suikoden"",""co_posts"":91,""character_coverage"":1.0},{""copyright"":""gensou_suikoden_iv"",""co_posts"":91,""character_coverage"":1.0},{""copyright"":""gensou_suikoden_i"",""co_posts"":18,""character_coverage"":0.197802},{""copyright"":""gensou_suikoden_v"",""co_posts"":16,""character_coverage"":0.175824},{""copyright"":""gensou_suikoden_ii"",""co_posts"":15,""character_coverage"":0.164835}]","","","PENDING",""
"I70-022417","ling_mei_(yewang19)","4","Character","97","sato-san_(yewang19)","sato-san (yewang19)","","","","","[{""copyright"":""original"",""co_posts"":96,""character_coverage"":1.0}]","","","PENDING",""
"I70-022418","lion_el'jonson","4","Character","97","","","","","ライオン・エル=ジョンソン","","[{""copyright"":""warhammer_40k"",""co_posts"":85,""character_coverage"":1.0},{""copyright"":""fate_(series)"",""co_posts"":12,""character_coverage"":0.141176},{""copyright"":""fate/grand_order"",""co_posts"":6,""character_coverage"":0.070588},{""copyright"":""fate/stay_night"",""co_posts"":6,""character_coverage"":0.070588},{""copyright"":""blue_archive"",""co_posts"":2,""character_coverage"":0.023529}]","","","PENDING",""
"I70-022419","lorian_(elder_prince)","4","Character","97","","","","","ロリアン（王子長老）","","[{""copyright"":""dark_souls_(series)"",""co_posts"":96,""character_coverage"":1.0},{""copyright"":""dark_souls_iii"",""co_posts"":94,""character_coverage"":0.979167},{""copyright"":""dark_souls_i"",""co_posts"":8,""character_coverage"":0.083333},{""copyright"":""elden_ring"",""co_posts"":3,""character_coverage"":0.03125},{""copyright"":""fromsoftware"",""co_posts"":3,""character_coverage"":0.03125}]","","","PENDING",""
"I70-022420","luckyboo_(zenless_zone_zero)","4","Character","97","","","","","オマネキボンプ","","[{""copyright"":""zenless_zone_zero"",""co_posts"":87,""character_coverage"":1.0},{""copyright"":""big_hero_6"",""co_posts"":1,""character_coverage"":0.011494},{""copyright"":""dragon_ball"",""co_posts"":1,""character_coverage"":0.011494},{""copyright"":""dragon_ball_z"",""co_posts"":1,""character_coverage"":0.011494},{""copyright"":""honkai:_star_rail"",""co_posts"":1,""character_coverage"":0.011494}]","","","PENDING",""
"I70-022421","luka_(honkai:_star_rail)","4","Character","97","","","","","卢卡","","[{""copyright"":""honkai:_star_rail"",""co_posts"":95,""character_coverage"":1.0},{""copyright"":""honkai_(series)"",""co_posts"":95,""character_coverage"":1.0},{""copyright"":""mihoyo"",""co_posts"":4,""character_coverage"":0.042105},{""copyright"":""genshin_impact"",""co_posts"":3,""character_coverage"":0.031579},{""copyright"":""zenless_zone_zero"",""co_posts"":2,""character_coverage"":0.021053}]","","","PENDING",""
"I70-022422","lygus_(honkai:_star_rail)","4","Character","97","","","","","ライコス","","[{""copyright"":""honkai:_star_rail"",""co_posts"":91,""character_coverage"":1.0},{""copyright"":""honkai_(series)"",""co_posts"":91,""character_coverage"":1.0},{""copyright"":""genshin_impact"",""co_posts"":2,""character_coverage"":0.021978},{""copyright"":""real_life"",""co_posts"":2,""character_coverage"":0.021978},{""copyright"":""death_note"",""co_posts"":1,""character_coverage"":0.010989}]","","","PENDING",""
"I70-022423","m_(xenoblade)","4","Character","97","","","","","","","[{""copyright"":""xenoblade_chronicles_(series)"",""co_posts"":93,""character_coverage"":1.0},{""copyright"":""xenoblade_chronicles_3"",""co_posts"":93,""character_coverage"":1.0},{""copyright"":""xenoblade_chronicles_3:_future_redeemed"",""co_posts"":8,""character_coverage"":0.086022},{""copyright"":""xenoblade_chronicles_2"",""co_posts"":3,""character_coverage"":0.032258},{""copyright"":""bereal"",""co_posts"":1,""character_coverage"":0.010753}]","","","PENDING",""
"I70-022424","maidena_angers","4","Character","97","","","","","","","[{""copyright"":""futoku_no_guild"",""co_posts"":63,""character_coverage"":1.0},{""copyright"":""megami_magazine"",""co_posts"":1,""character_coverage"":0.015873}]","","","PENDING",""
"I70-022425","marlon_(pokemon)","4","Character","97","shizui_(pokemon)","shizui (pokemon)","","","シズイ","","[{""copyright"":""pokemon"",""co_posts"":92,""character_coverage"":1.0},{""copyright"":""pokemon_black_2_and_white_2"",""co_posts"":92,""character_coverage"":1.0},{""copyright"":""pokemon_black_and_white"",""co_posts"":22,""character_coverage"":0.23913},{""copyright"":""pokemon_diamond/pearl/platinum"",""co_posts"":11,""character_coverage"":0.119565},{""copyright"":""pokemon_heartgold_and_soulsilver"",""co_posts"":11,""character_coverage"":0.119565}]","","","PENDING",""
"I70-022426","mega_chandelure","4","Character","97","","","","","メガシャンデラ","","[{""copyright"":""pokemon"",""co_posts"":90,""character_coverage"":1.0},{""copyright"":""pokemon_legends:_z-a"",""co_posts"":48,""character_coverage"":0.533333},{""copyright"":""original"",""co_posts"":1,""character_coverage"":0.011111},{""copyright"":""pokemon_black_and_white"",""co_posts"":1,""character_coverage"":0.011111},{""copyright"":""pokemon_champions"",""co_posts"":1,""character_coverage"":0.011111}]","","","PENDING",""
"I70-022427","meigo_arisa","4","Character","97","","","","","鳴護アリサ","","[{""copyright"":""toaru_majutsu_no_index"",""co_posts"":84,""character_coverage"":1.0},{""copyright"":""toaru_majutsu_no_index:_endymion_no_kiseki"",""co_posts"":83,""character_coverage"":0.988095},{""copyright"":""toaru_kagaku_no_railgun"",""co_posts"":9,""character_coverage"":0.107143},{""copyright"":""toaru_majutsu_no_index:_old_testament"",""co_posts"":7,""character_coverage"":0.083333},{""copyright"":""toaru_majutsu_no_index:_new_testament"",""co_posts"":6,""character_coverage"":0.071429}]","","","PENDING",""
"I70-022428","meito_(vocaloid)","4","Character","97","meito","meito","","","メイト","","[{""copyright"":""vocaloid"",""co_posts"":86,""character_coverage"":1.0},{""copyright"":""utau"",""co_posts"":4,""character_coverage"":0.046512},{""copyright"":""world_is_mine_(vocaloid)"",""co_posts"":2,""character_coverage"":0.023256},{""copyright"":""aku_no_musume_(vocaloid)"",""co_posts"":1,""character_coverage"":0.011628},{""copyright"":""bishoujo_senshi_sailor_moon"",""co_posts"":1,""character_coverage"":0.011628}]","","","PENDING",""
"I70-022429","mikuni_miku","4","Character","97","","","","","三國未来","","[]","","","PENDING",""
"I70-022430","minamoto_no_raikou_(third_ascension)_(fate)","4","Character","97","","","","","","","[{""copyright"":""fate/grand_order"",""co_posts"":86,""character_coverage"":1.0},{""copyright"":""fate_(series)"",""co_posts"":86,""character_coverage"":1.0},{""copyright"":""fate/apocrypha"",""co_posts"":2,""character_coverage"":0.023256},{""copyright"":""fate/stay_night"",""co_posts"":2,""character_coverage"":0.023256},{""copyright"":""fate/extella"",""co_posts"":1,""character_coverage"":0.011628}]","","","PENDING",""
"I70-022431","mito-chan_(tsukino_mito)","4","Character","97","","","","","","","[{""copyright"":""nijisanji"",""co_posts"":97,""character_coverage"":1.0},{""copyright"":""mito_and_kaede"",""co_posts"":95,""character_coverage"":0.979381},{""copyright"":""youtube"",""co_posts"":3,""character_coverage"":0.030928},{""copyright"":""1000-nen_ikiteru_(vocaloid)"",""co_posts"":2,""character_coverage"":0.020619},{""copyright"":""internet_explorer"",""co_posts"":2,""character_coverage"":0.020619}]","","","PENDING",""
"I70-022432","mitsuba_sousuke","4","Character","97","","","","","ミツバ","","[{""copyright"":""jibaku_shounen_hanako-kun"",""co_posts"":94,""character_coverage"":1.0},{""copyright"":""soul_eater"",""co_posts"":2,""character_coverage"":0.021277},{""copyright"":""alien_stage"",""co_posts"":1,""character_coverage"":0.010638},{""copyright"":""code_geass"",""co_posts"":1,""character_coverage"":0.010638},{""copyright"":""danganronpa_(series)"",""co_posts"":1,""character_coverage"":0.010638}]","","","PENDING",""
"I70-022433","miyadeguchi_mizuchi_(human)","4","Character","97","","","","","宮出口瑞霊","","[{""copyright"":""touhou"",""co_posts"":88,""character_coverage"":1.0},{""copyright"":""foul_detective_satori"",""co_posts"":41,""character_coverage"":0.465909},{""copyright"":""dolls_in_pseudo_paradise"",""co_posts"":3,""character_coverage"":0.034091},{""copyright"":""touhou_(pc-98)"",""co_posts"":2,""character_coverage"":0.022727},{""copyright"":""manatsu_no_yo_no_inmu"",""co_posts"":1,""character_coverage"":0.011364}]","","","PENDING",""
"I70-022434","miyamae_kanako","4","Character","97","","","","","宮前かなこ","","[{""copyright"":""maria_holic"",""co_posts"":70,""character_coverage"":1.0},{""copyright"":""megami_magazine"",""co_posts"":5,""character_coverage"":0.071429},{""copyright"":""bakemonogatari"",""co_posts"":2,""character_coverage"":0.028571},{""copyright"":""k-on!"",""co_posts"":2,""character_coverage"":0.028571},{""copyright"":""monogatari_(series)"",""co_posts"":2,""character_coverage"":0.028571}]","","","PENDING",""
"I70-022435","morpeah_(brown_dust)","4","Character","97","","","","","","","[{""copyright"":""brown_dust_(series)"",""co_posts"":93,""character_coverage"":1.0},{""copyright"":""brown_dust_2"",""co_posts"":93,""character_coverage"":1.0}]","","","PENDING",""
"I70-022436","n_(xenoblade)","4","Character","97","","","","","","","[{""copyright"":""xenoblade_chronicles_(series)"",""co_posts"":92,""character_coverage"":1.0},{""copyright"":""xenoblade_chronicles_3"",""co_posts"":92,""character_coverage"":1.0},{""copyright"":""xenoblade_chronicles_3:_future_redeemed"",""co_posts"":8,""character_coverage"":0.086957},{""copyright"":""xenoblade_chronicles_2"",""co_posts"":2,""character_coverage"":0.021739},{""copyright"":""bereal"",""co_posts"":1,""character_coverage"":0.01087}]","","","PENDING",""
"I70-022437","naoe_tayu","4","Character","97","","","","","直江太結","","[{""copyright"":""cinderella_series"",""co_posts"":58,""character_coverage"":1.0},{""copyright"":""hachigatsu_no_cinderella_nine"",""co_posts"":58,""character_coverage"":1.0},{""copyright"":""suzumiya_haruhi_no_yuuutsu"",""co_posts"":3,""character_coverage"":0.051724},{""copyright"":""chunichi_dragons"",""co_posts"":2,""character_coverage"":0.034483},{""copyright"":""chiba_lotte_marines"",""co_posts"":1,""character_coverage"":0.017241}]","","","PENDING",""
"I70-022438","negev_(little_drifter)_(girls'_frontline)","4","Character","97","","","","","幼き流離人","","[{""copyright"":""girls'_frontline"",""co_posts"":93,""character_coverage"":1.0},{""copyright"":""kemono_friends"",""co_posts"":2,""character_coverage"":0.021505},{""copyright"":""blue_archive"",""co_posts"":1,""character_coverage"":0.010753},{""copyright"":""chromashift"",""co_posts"":1,""character_coverage"":0.010753},{""copyright"":""cowboy_bebop"",""co_posts"":1,""character_coverage"":0.010753}]","","","PENDING",""
"I70-022439","nei_(phantasy_star_ii)","4","Character","97","","","","","ネイ","","[]","","","PENDING",""
"I70-022440","nellko_agogo","4","Character","97","","","","","Nellko Agogo","","[{""copyright"":""original"",""co_posts"":92,""character_coverage"":1.0}]","","","PENDING",""
"I70-022441","nijimura_kei","4","Character","97","","","","","虹村京","","[{""copyright"":""jojo_no_kimyou_na_bouken"",""co_posts"":94,""character_coverage"":1.0},{""copyright"":""jojolion"",""co_posts"":94,""character_coverage"":1.0},{""copyright"":""diamond_wa_kudakenai"",""co_posts"":5,""character_coverage"":0.053191},{""copyright"":""stardust_crusaders"",""co_posts"":5,""character_coverage"":0.053191},{""copyright"":""steel_ball_run"",""co_posts"":5,""character_coverage"":0.053191}]","","","PENDING",""
"I70-022442","ninym_ralei","4","Character","97","","","","","ニニム・ラーレイ","","[{""copyright"":""tensai_ouji_no_akaji_kokka_saiseijutsu"",""co_posts"":89,""character_coverage"":1.0},{""copyright"":""fire_emblem"",""co_posts"":2,""character_coverage"":0.022472},{""copyright"":""fire_emblem:_three_houses"",""co_posts"":2,""character_coverage"":0.022472},{""copyright"":""megami_magazine"",""co_posts"":2,""character_coverage"":0.022472},{""copyright"":""re:zero_kara_hajimeru_isekai_seikatsu"",""co_posts"":2,""character_coverage"":0.022472}]","","","PENDING",""
"I70-022443","noctis_(pgr)","4","Character","97","noctis_(punishing:_gray_raven)","noctis (punishing: gray raven)","","","诺克提","","[{""copyright"":""punishing:_gray_raven"",""co_posts"":79,""character_coverage"":1.0},{""copyright"":""jojo_no_kimyou_na_bouken"",""co_posts"":1,""character_coverage"":0.012658}]","","","PENDING",""
"I70-022444","noko-chan_(mamei_mema)","4","Character","97","","","","","のこちゃん","","[{""copyright"":""original"",""co_posts"":97,""character_coverage"":1.0},{""copyright"":""huion"",""co_posts"":1,""character_coverage"":0.010309}]","","","PENDING",""
"I70-022445","okada_izou_(i'm_one_dapping_fella)_(fate)","4","Character","97","","","","","えろうイケちょるスーツ","","[{""copyright"":""fate/grand_order"",""co_posts"":97,""character_coverage"":1.0},{""copyright"":""fate_(series)"",""co_posts"":97,""character_coverage"":1.0},{""copyright"":""koha-ace"",""co_posts"":10,""character_coverage"":0.103093},{""copyright"":""touken_ranbu"",""co_posts"":2,""character_coverage"":0.020619},{""copyright"":""original"",""co_posts"":1,""character_coverage"":0.010309}]","","","PENDING",""
"I70-022446","ousaka_hikari","4","Character","97","","","","","桜坂ひかり","","[{""copyright"":""hitozuma_sentai_aisaiger"",""co_posts"":97,""character_coverage"":1.0}]","","","PENDING",""
"I70-022447","palanquin_d.va","4","Character","97","","","","","Palanquin D.Va","","[{""copyright"":""overwatch"",""co_posts"":93,""character_coverage"":1.0},{""copyright"":""himouto!_umaru-chan"",""co_posts"":1,""character_coverage"":0.010753},{""copyright"":""pinterest"",""co_posts"":1,""character_coverage"":0.010753}]","","","PENDING",""
"I70-022448","pokemon_breeder_(pokemon)","4","Character","97","","","","","ポケモンブリーダー","","[{""copyright"":""pokemon"",""co_posts"":80,""character_coverage"":1.0},{""copyright"":""pokemon_x_and_y"",""co_posts"":29,""character_coverage"":0.3625},{""copyright"":""pokemon_sun_and_moon"",""co_posts"":19,""character_coverage"":0.2375},{""copyright"":""pokemon_omega_ruby_and_alpha_sapphire"",""co_posts"":18,""character_coverage"":0.225},{""copyright"":""pokemon_sword_and_shield"",""co_posts"":8,""character_coverage"":0.1}]","","","PENDING",""
"I70-022449","prinz_eugen_(warship_girls_r)","4","Character","97","","","","","プリンツ・オイゲン","","[{""copyright"":""warship_girls_r"",""co_posts"":93,""character_coverage"":1.0},{""copyright"":""kantai_collection"",""co_posts"":4,""character_coverage"":0.043011},{""copyright"":""azur_lane"",""co_posts"":3,""character_coverage"":0.032258},{""copyright"":""love_live!"",""co_posts"":2,""character_coverage"":0.021505},{""copyright"":""love_live!_school_idol_project"",""co_posts"":2,""character_coverage"":0.021505}]","","","PENDING",""
"I70-022450","pryce_(pokemon)","4","Character","97","yanagi_(pokemon)","yanagi (pokemon)","","","ヤナギ","","[{""copyright"":""pokemon"",""co_posts"":91,""character_coverage"":1.0},{""copyright"":""pokemon_heartgold_and_soulsilver"",""co_posts"":82,""character_coverage"":0.901099},{""copyright"":""pokemon_gold/silver/crystal"",""co_posts"":14,""character_coverage"":0.153846},{""copyright"":""pokemon_diamond/pearl/platinum"",""co_posts"":13,""character_coverage"":0.142857},{""copyright"":""pokemon_firered_and_leafgreen"",""co_posts"":13,""character_coverage"":0.142857}]","","","PENDING",""
"I70-022451","rabii","4","Character","97","","","","","rabii","","[{""copyright"":""original"",""co_posts"":97,""character_coverage"":1.0},{""copyright"":""azur_lane"",""co_posts"":3,""character_coverage"":0.030928},{""copyright"":""pokemon"",""co_posts"":1,""character_coverage"":0.010309},{""copyright"":""pokemon_sun_and_moon"",""co_posts"":1,""character_coverage"":0.010309}]","","","PENDING",""
"I70-022452","red_robin","4","Character","97","","","","","","","[{""copyright"":""dc_comics"",""co_posts"":78,""character_coverage"":1.0},{""copyright"":""batman_(series)"",""co_posts"":75,""character_coverage"":0.961538},{""copyright"":""red_hood_and_the_outlaws"",""co_posts"":7,""character_coverage"":0.089744},{""copyright"":""dc:_dark_legion"",""co_posts"":6,""character_coverage"":0.076923},{""copyright"":""young_justice"",""co_posts"":2,""character_coverage"":0.025641}]","","","PENDING",""
"I70-022453","reeve_tuesti","4","Character","97","","","","","","","[{""copyright"":""final_fantasy"",""co_posts"":92,""character_coverage"":1.0},{""copyright"":""final_fantasy_vii"",""co_posts"":92,""character_coverage"":1.0},{""copyright"":""final_fantasy_vii_remake"",""co_posts"":41,""character_coverage"":0.445652},{""copyright"":""final_fantasy_vii_rebirth"",""co_posts"":29,""character_coverage"":0.315217},{""copyright"":""dirge_of_cerberus:_final_fantasy_vii"",""co_posts"":25,""character_coverage"":0.271739}]","","","PENDING",""
"I70-022454","regult","4","Character","97","","","","","リガード","","[{""copyright"":""macross"",""co_posts"":79,""character_coverage"":1.0},{""copyright"":""choujikuu_yousai_macross"",""co_posts"":65,""character_coverage"":0.822785},{""copyright"":""robotech"",""co_posts"":22,""character_coverage"":0.278481},{""copyright"":""original"",""co_posts"":8,""character_coverage"":0.101266},{""copyright"":""macross:_do_you_remember_love?"",""co_posts"":6,""character_coverage"":0.075949}]","","","PENDING",""
"I70-022455","reverie_metherlence","4","Character","97","reverie_metherlance","reverie metherlance","","","レヴェリー=メザーランス","","[{""copyright"":""elemental_gelade"",""co_posts"":67,""character_coverage"":1.0},{""copyright"":""ciel_nosurge"",""co_posts"":1,""character_coverage"":0.014925},{""copyright"":""hololive"",""co_posts"":1,""character_coverage"":0.014925},{""copyright"":""surge_concerto"",""co_posts"":1,""character_coverage"":0.014925},{""copyright"":""to_love-ru"",""co_posts"":1,""character_coverage"":0.014925}]","","","PENDING",""
"I70-022456","ryougi_shiki_(mirai_fukuin)","4","Character","97","","","","","","","[{""copyright"":""kara_no_kyoukai"",""co_posts"":87,""character_coverage"":1.0},{""copyright"":""fate/stay_night"",""co_posts"":3,""character_coverage"":0.034483},{""copyright"":""fate_(series)"",""co_posts"":3,""character_coverage"":0.034483},{""copyright"":""mahou_tsukai_no_yoru"",""co_posts"":3,""character_coverage"":0.034483},{""copyright"":""type-moon"",""co_posts"":3,""character_coverage"":0.034483}]","","","PENDING",""
"I70-022457","sabertooth_(x-men)","4","Character","97","","","","","セイバートゥース","","[{""copyright"":""marvel"",""co_posts"":87,""character_coverage"":0.988636},{""copyright"":""x-men"",""co_posts"":86,""character_coverage"":0.977273},{""copyright"":""x-men_movie_series"",""co_posts"":36,""character_coverage"":0.409091},{""copyright"":""x-men_origins:_wolverine"",""co_posts"":32,""character_coverage"":0.363636},{""copyright"":""marvel_vs._capcom"",""co_posts"":12,""character_coverage"":0.136364}]","","","PENDING",""
"I70-022458","sakaki_ness","4","Character","97","","","","","榊ネス","","[{""copyright"":""nijisanji"",""co_posts"":92,""character_coverage"":1.0},{""copyright"":""nijisanji_kr"",""co_posts"":10,""character_coverage"":0.108696},{""copyright"":""nijisanji_en"",""co_posts"":8,""character_coverage"":0.086957},{""copyright"":""nijisanji_gta"",""co_posts"":8,""character_coverage"":0.086957},{""copyright"":""grand_theft_auto"",""co_posts"":3,""character_coverage"":0.032609}]","","","PENDING",""
"I70-022459","saria_(stronghold)_(arknights)","4","Character","97","saria_(jiancheng)_(arknights)","saria (jiancheng) (arknights)","","","サリア（ストロングホールド）（arknights）","","[{""copyright"":""arknights"",""co_posts"":93,""character_coverage"":1.0},{""copyright"":""shigoto_neko"",""co_posts"":1,""character_coverage"":0.010753},{""copyright"":""splatoon_(series)"",""co_posts"":1,""character_coverage"":0.010753}]","","","PENDING",""
"I70-022460","savage_babe","4","Character","97","","","","","野avなベイビー","","[{""copyright"":""ragnarok_online"",""co_posts"":95,""character_coverage"":1.0},{""copyright"":""ragnarok_masters"",""co_posts"":8,""character_coverage"":0.084211},{""copyright"":""neon_genesis_evangelion"",""co_posts"":1,""character_coverage"":0.010526},{""copyright"":""touhou"",""co_posts"":1,""character_coverage"":0.010526}]","","","PENDING",""
"I70-022461","sea_fairy_cookie","4","Character","97","","","","","海の妖精クッキー","","[{""copyright"":""cookie_run"",""co_posts"":88,""character_coverage"":1.0},{""copyright"":""cookie_run:_kingdom"",""co_posts"":35,""character_coverage"":0.397727},{""copyright"":""cookie_run:_ovenbreak"",""co_posts"":24,""character_coverage"":0.272727},{""copyright"":""powerpuff_girls"",""co_posts"":4,""character_coverage"":0.045455},{""copyright"":""sonic_(series)"",""co_posts"":3,""character_coverage"":0.034091}]","","","PENDING",""
"I70-022462","seira_kamui","4","Character","97","","","","","セイラ・神居","","[{""copyright"":""seito_kaichou_hikaru"",""co_posts"":83,""character_coverage"":1.0}]","","","PENDING",""
"I70-022463","sekishiro_mico_(1st_costume)","4","Character","97","","","","","","","[{""copyright"":""nanashi_inc."",""co_posts"":96,""character_coverage"":1.0},{""copyright"":""indie_virtual_youtuber"",""co_posts"":2,""character_coverage"":0.020833},{""copyright"":""comiket_95"",""co_posts"":1,""character_coverage"":0.010417},{""copyright"":""iosys"",""co_posts"":1,""character_coverage"":0.010417},{""copyright"":""kizuna_ai_inc."",""co_posts"":1,""character_coverage"":0.010417}]","","","PENDING",""
"I70-022464","seong_mi-na","4","Character","97","seung_mi-na,seung_mina","seung mi-na | seung mina","","","ソン・ミナ","","[{""copyright"":""soulcalibur"",""co_posts"":79,""character_coverage"":1.0},{""copyright"":""soulcalibur_vi"",""co_posts"":11,""character_coverage"":0.139241},{""copyright"":""soulcalibur_iv"",""co_posts"":9,""character_coverage"":0.113924},{""copyright"":""soulcalibur_ii"",""co_posts"":5,""character_coverage"":0.063291},{""copyright"":""samurai_spirits"",""co_posts"":4,""character_coverage"":0.050633}]","","","PENDING",""
"I70-022465","sephiroth_(shinra_private_academy)","4","Character","97","","","","","私立神羅学院付属高等部","","[{""copyright"":""final_fantasy"",""co_posts"":96,""character_coverage"":1.0},{""copyright"":""final_fantasy_vii"",""co_posts"":96,""character_coverage"":1.0},{""copyright"":""final_fantasy_vii:_ever_crisis"",""co_posts"":96,""character_coverage"":1.0},{""copyright"":""square_enix"",""co_posts"":5,""character_coverage"":0.052083},{""copyright"":""astro_bot_(series)"",""co_posts"":1,""character_coverage"":0.010417}]","","","PENDING",""
"I70-022466","seto_shouko","4","Character","97","","","","","瀬戸硝子","","[{""copyright"":""ruri_no_houseki"",""co_posts"":92,""character_coverage"":1.0},{""copyright"":""dragon_quest"",""co_posts"":2,""character_coverage"":0.021739},{""copyright"":""dragon_quest_iii"",""co_posts"":2,""character_coverage"":0.021739},{""copyright"":""onii-chan_wa_oshimai!"",""co_posts"":2,""character_coverage"":0.021739},{""copyright"":""kizuato"",""co_posts"":1,""character_coverage"":0.01087}]","","","PENDING",""
"I70-022467","shadow_cross_(ragnarok_online)","4","Character","97","","","","","シャドウクロス","","[{""copyright"":""ragnarok_online"",""co_posts"":97,""character_coverage"":1.0},{""copyright"":""egyptian_mythology"",""co_posts"":2,""character_coverage"":0.020619},{""copyright"":""ragnarok_masters"",""co_posts"":1,""character_coverage"":0.010309}]","","","PENDING",""
"I70-022468","sheep_(kemono_friends)","4","Character","97","","","","","ヒツジ(けものフレンズ)","","[{""copyright"":""kemono_friends"",""co_posts"":93,""character_coverage"":1.0},{""copyright"":""kemono_friends_3"",""co_posts"":24,""character_coverage"":0.258065},{""copyright"":""keroro_gunsou"",""co_posts"":4,""character_coverage"":0.043011},{""copyright"":""ghost_in_the_shell"",""co_posts"":3,""character_coverage"":0.032258},{""copyright"":""berserk"",""co_posts"":1,""character_coverage"":0.010753}]","","","PENDING",""
"I70-022469","shinon_(blue_archive)","4","Character","97","kawaru_shinon","kawaru shinon","","","川流シノン","","[{""copyright"":""blue_archive"",""co_posts"":97,""character_coverage"":1.0},{""copyright"":""vocaloid"",""co_posts"":5,""character_coverage"":0.051546},{""copyright"":""jojo_no_kimyou_na_bouken"",""co_posts"":2,""character_coverage"":0.020619},{""copyright"":""kamen_rider"",""co_posts"":2,""character_coverage"":0.020619},{""copyright"":""comiket_103"",""co_posts"":1,""character_coverage"":0.010309}]","","","PENDING",""
"I70-022470","shion_alfine_(satoumogumogu)","4","Character","97","","","","","シオン・アルフィーネ","","[{""copyright"":""original"",""co_posts"":95,""character_coverage"":1.0},{""copyright"":""comiket_105"",""co_posts"":1,""character_coverage"":0.010526}]","","","PENDING",""
"I70-022471","shippou_(inuyasha)","4","Character","97","","","","","七宝","","[{""copyright"":""inuyasha"",""co_posts"":89,""character_coverage"":1.0},{""copyright"":""ranma_1/2"",""co_posts"":6,""character_coverage"":0.067416},{""copyright"":""urusei_yatsura"",""co_posts"":4,""character_coverage"":0.044944},{""copyright"":""han'you_no_yashahime"",""co_posts"":3,""character_coverage"":0.033708},{""copyright"":""kyoukai_no_rinne"",""co_posts"":3,""character_coverage"":0.033708}]","","","PENDING",""
"I70-022472","shirono_mirai","4","Character","97","","","","","皓乃未来","","[{""copyright"":""original"",""co_posts"":95,""character_coverage"":1.0},{""copyright"":""azur_lane"",""co_posts"":2,""character_coverage"":0.021053},{""copyright"":""armored_core"",""co_posts"":1,""character_coverage"":0.010526},{""copyright"":""armored_core:_for_answer"",""co_posts"":1,""character_coverage"":0.010526},{""copyright"":""eromanga_sensei"",""co_posts"":1,""character_coverage"":0.010526}]","","","PENDING",""
"I70-022473","shitogi_eris","4","Character","97","shitogi_elis","shitogi elis","","","粢エリス","","[{""copyright"":""sono_hanabira_ni_kuchizuke_wo"",""co_posts"":89,""character_coverage"":1.0}]","","","PENDING",""
"I70-022474","signora_(the_final_gift)_(genshin_impact)","4","Character","97","","","","","","","[{""copyright"":""genshin_impact"",""co_posts"":81,""character_coverage"":1.0},{""copyright"":""mihoyo"",""co_posts"":2,""character_coverage"":0.024691}]","","","PENDING",""
"I70-022475","silverash_(elite_ii)_(arknights)","4","Character","97","","","","","","","[{""copyright"":""arknights"",""co_posts"":97,""character_coverage"":1.0},{""copyright"":""hololive"",""co_posts"":5,""character_coverage"":0.051546},{""copyright"":""akame_ga_kill!"",""co_posts"":1,""character_coverage"":0.010309},{""copyright"":""ambience_synesthesia"",""co_posts"":1,""character_coverage"":0.010309},{""copyright"":""ben-tou"",""co_posts"":1,""character_coverage"":0.010309}]","","","PENDING",""
"I70-022476","slime_knight","4","Character","97","","","","","スライムナイト","","[{""copyright"":""dragon_quest"",""co_posts"":93,""character_coverage"":1.0},{""copyright"":""dragon_quest_v"",""co_posts"":56,""character_coverage"":0.602151},{""copyright"":""dragon_quest_iii"",""co_posts"":10,""character_coverage"":0.107527},{""copyright"":""dragon_quest_iv"",""co_posts"":9,""character_coverage"":0.096774},{""copyright"":""dragon_quest_vi"",""co_posts"":9,""character_coverage"":0.096774}]","","","PENDING",""
"I70-022477","snow_white's_queen_(fairy_tale_character)","4","Character","97","","","","","女王(白雪姫)","","[{""copyright"":""snow_white_(fairy_tale)"",""co_posts"":97,""character_coverage"":1.0},{""copyright"":""kantai_collection"",""co_posts"":18,""character_coverage"":0.185567},{""copyright"":""original"",""co_posts"":12,""character_coverage"":0.123711},{""copyright"":""gundam"",""co_posts"":4,""character_coverage"":0.041237},{""copyright"":""gundam_suisei_no_majo"",""co_posts"":4,""character_coverage"":0.041237}]","","","PENDING",""
"I70-022478","sone_miyuki","4","Character","97","","","","","曽根美雪","","[{""copyright"":""kimi_to_kanojo_to_kanojo_no_koi."",""co_posts"":88,""character_coverage"":1.0},{""copyright"":""nitroplus"",""co_posts"":27,""character_coverage"":0.306818},{""copyright"":""doki_doki_literature_club"",""co_posts"":6,""character_coverage"":0.068182},{""copyright"":""miside"",""co_posts"":5,""character_coverage"":0.056818},{""copyright"":""gravity_falls"",""co_posts"":2,""character_coverage"":0.022727}]","","","PENDING",""
"I70-022479","steven_armstrong","4","Character","97","","","","","スティーヴン・アームストロング","","[{""copyright"":""metal_gear_(series)"",""co_posts"":86,""character_coverage"":1.0},{""copyright"":""metal_gear_rising:_revengeance"",""co_posts"":86,""character_coverage"":1.0},{""copyright"":""umamusume"",""co_posts"":34,""character_coverage"":0.395349},{""copyright"":""jojo_no_kimyou_na_bouken"",""co_posts"":6,""character_coverage"":0.069767},{""copyright"":""blue_archive"",""co_posts"":3,""character_coverage"":0.034884}]","","","PENDING",""
"I70-022480","swordfighter_peach","4","Character","97","","","","","剣士ピーチ","","[{""copyright"":""mario_(series)"",""co_posts"":91,""character_coverage"":1.0},{""copyright"":""princess_peach:_showtime!"",""co_posts"":91,""character_coverage"":1.0},{""copyright"":""the_legend_of_zelda"",""co_posts"":6,""character_coverage"":0.065934},{""copyright"":""the_legend_of_zelda:_breath_of_the_wild"",""co_posts"":3,""character_coverage"":0.032967},{""copyright"":""super_mario_odyssey"",""co_posts"":2,""character_coverage"":0.021978}]","","","PENDING",""
"I70-022481","tamaki_iroha_(swimsuit_ver.)","4","Character","97","","","","","水着いろは","","[{""copyright"":""mahou_shoujo_madoka_magica"",""co_posts"":81,""character_coverage"":1.0},{""copyright"":""magia_record:_mahou_shoujo_madoka_magica_gaiden"",""co_posts"":79,""character_coverage"":0.975309},{""copyright"":""mahou_shoujo_madoka_magica_magia_exedra"",""co_posts"":6,""character_coverage"":0.074074},{""copyright"":""the_birth_of_venus"",""co_posts"":2,""character_coverage"":0.024691},{""copyright"":""aniplex"",""co_posts"":1,""character_coverage"":0.012346}]","","","PENDING",""
"I70-022482","tamami_(jonsun)","4","Character","97","","","","","タマミ","","[{""copyright"":""original"",""co_posts"":94,""character_coverage"":1.0}]","","","PENDING",""
"I70-022483","tamara_(eddsworld)","4","Character","97","","","","","タマラ","","[{""copyright"":""eddsworld"",""co_posts"":80,""character_coverage"":1.0},{""copyright"":""asdfmovie"",""co_posts"":3,""character_coverage"":0.0375},{""copyright"":""sonic_(series)"",""co_posts"":3,""character_coverage"":0.0375},{""copyright"":""google"",""co_posts"":2,""character_coverage"":0.025},{""copyright"":""matryoshka_(vocaloid)"",""co_posts"":2,""character_coverage"":0.025}]","","","PENDING",""
"I70-022484","teruhashi_kokomi","4","Character","97","","","","","照橋心美","","[{""copyright"":""saiki_kusuo_no_psi_nan"",""co_posts"":92,""character_coverage"":1.0},{""copyright"":""naruto_(series)"",""co_posts"":4,""character_coverage"":0.043478},{""copyright"":""gintama"",""co_posts"":3,""character_coverage"":0.032609},{""copyright"":""haikyuu!!"",""co_posts"":3,""character_coverage"":0.032609},{""copyright"":""naruto_(classic)"",""co_posts"":3,""character_coverage"":0.032609}]","","","PENDING",""
"I70-022485","tofu_(project_sekai)","4","Character","97","avatar_(project_sekai)","avatar (project sekai)","","","","","[{""copyright"":""project_sekai"",""co_posts"":91,""character_coverage"":1.0},{""copyright"":""vocaloid"",""co_posts"":28,""character_coverage"":0.307692},{""copyright"":""sanrio"",""co_posts"":2,""character_coverage"":0.021978},{""copyright"":""doko_demo_issyo"",""co_posts"":1,""character_coverage"":0.010989},{""copyright"":""ensemble_stars!"",""co_posts"":1,""character_coverage"":0.010989}]","","","PENDING",""
"I70-022486","tomori_manaka","4","Character","97","","","","","灯里愛夏","","[{""copyright"":""idolmaster"",""co_posts"":91,""character_coverage"":1.0},{""copyright"":""idolmaster_va-liv"",""co_posts"":91,""character_coverage"":1.0},{""copyright"":""idolmaster_dearly_stars"",""co_posts"":28,""character_coverage"":0.307692},{""copyright"":""idolmaster_million_live!"",""co_posts"":9,""character_coverage"":0.098901},{""copyright"":""idolmaster_(classic)"",""co_posts"":8,""character_coverage"":0.087912}]","","","PENDING",""
"I70-022487","tornadus_(incarnate)","4","Character","97","","","","","トルネロス(けしん)","","[{""copyright"":""pokemon"",""co_posts"":92,""character_coverage"":1.0},{""copyright"":""pokemon_black_and_white"",""co_posts"":24,""character_coverage"":0.26087},{""copyright"":""pokemon_masters_ex"",""co_posts"":11,""character_coverage"":0.119565},{""copyright"":""pokemon_(anime)"",""co_posts"":6,""character_coverage"":0.065217},{""copyright"":""pokemon_journeys"",""co_posts"":4,""character_coverage"":0.043478}]","","","PENDING",""
"I70-022488","ulthury","4","Character","97","urutori,urtoriy","urtoriy | urutori","","","ウルトリィ","","[{""copyright"":""utawarerumono_(series)"",""co_posts"":90,""character_coverage"":1.0},{""copyright"":""utawarerumono:_lost_flag"",""co_posts"":7,""character_coverage"":0.077778},{""copyright"":""utawarerumono:_itsuwari_no_kamen"",""co_posts"":6,""character_coverage"":0.066667},{""copyright"":""aruruu_to_asobo!!"",""co_posts"":3,""character_coverage"":0.033333},{""copyright"":""busou_renkin"",""co_posts"":2,""character_coverage"":0.022222}]","","","PENDING",""
"I70-022489","urin_(umi_monogatari)","4","Character","97","","","","","ウリンちゃん","","[{""copyright"":""umi_monogatari"",""co_posts"":96,""character_coverage"":1.0},{""copyright"":""megami_magazine"",""co_posts"":4,""character_coverage"":0.041667},{""copyright"":""original"",""co_posts"":2,""character_coverage"":0.020833},{""copyright"":""aoi_hana"",""co_posts"":1,""character_coverage"":0.010417},{""copyright"":""bakemonogatari"",""co_posts"":1,""character_coverage"":0.010417}]","","","PENDING",""
"I70-022490","usatan_(ezaki_bisuko)","4","Character","97","","","","","","","[{""copyright"":""menhera-chan_(ezaki_bisuko)"",""co_posts"":96,""character_coverage"":1.0},{""copyright"":""real_life"",""co_posts"":4,""character_coverage"":0.041667},{""copyright"":""the_bible"",""co_posts"":3,""character_coverage"":0.03125},{""copyright"":""itazuraguma_no_gloomy"",""co_posts"":2,""character_coverage"":0.020833},{""copyright"":""my_melody_(series)"",""co_posts"":2,""character_coverage"":0.020833}]","","","PENDING",""
"I70-022491","vanfeny_vamp","4","Character","97","","","","","ヴァンフェニー・ヴァンプ","","[{""copyright"":""inazuma_eleven_(series)"",""co_posts"":95,""character_coverage"":1.0},{""copyright"":""inazuma_eleven_go"",""co_posts"":95,""character_coverage"":1.0},{""copyright"":""inazuma_eleven_go_chrono_stone"",""co_posts"":94,""character_coverage"":0.989474},{""copyright"":""inazuma_eleven"",""co_posts"":8,""character_coverage"":0.084211},{""copyright"":""panty_&_stocking_with_garterbelt"",""co_posts"":3,""character_coverage"":0.031579}]","","","PENDING",""
"I70-022492","white_glint","4","Character","97","","","","","ホワイトグリント","","[{""copyright"":""armored_core"",""co_posts"":87,""character_coverage"":1.0},{""copyright"":""armored_core:_for_answer"",""co_posts"":75,""character_coverage"":0.862069},{""copyright"":""touhou"",""co_posts"":5,""character_coverage"":0.057471},{""copyright"":""kantai_collection"",""co_posts"":4,""character_coverage"":0.045977},{""copyright"":""dark_souls_(series)"",""co_posts"":3,""character_coverage"":0.034483}]","","","PENDING",""
"I70-022493","wildhunt_art_academy_student_(smg)_(blue_archive)","4","Character","97","","","","","ワイルドハント芸術学院のモブ","","[{""copyright"":""blue_archive"",""co_posts"":94,""character_coverage"":1.0},{""copyright"":""golden_kamuy"",""co_posts"":1,""character_coverage"":0.010638}]","","","PENDING",""
"I70-022494","wilhelmina_frost","4","Character","97","","","","","ウィルヘルミナ・フロスト","","[{""copyright"":""phase_connect"",""co_posts"":74,""character_coverage"":1.0},{""copyright"":""original"",""co_posts"":3,""character_coverage"":0.040541},{""copyright"":""indie_virtual_youtuber"",""co_posts"":2,""character_coverage"":0.027027},{""copyright"":""vershion"",""co_posts"":2,""character_coverage"":0.027027},{""copyright"":""brown_dust_(series)"",""co_posts"":1,""character_coverage"":0.013514}]","","","PENDING",""
"I70-022495","wormadam_(plant)","4","Character","97","","","","","ミノマダム(くさきのミノ)","","[{""copyright"":""pokemon"",""co_posts"":92,""character_coverage"":1.0},{""copyright"":""pokemon_diamond/pearl/platinum"",""co_posts"":12,""character_coverage"":0.130435},{""copyright"":""pokemon_(anime)"",""co_posts"":7,""character_coverage"":0.076087},{""copyright"":""pokemon_(classic_anime)"",""co_posts"":5,""character_coverage"":0.054348},{""copyright"":""pokemon_4ever_-_celebi:_the_voice_of_the_forest"",""co_posts"":4,""character_coverage"":0.043478}]","","","PENDING",""
"I70-022496","yazoo","4","Character","97","","","","","ヤズー","","[{""copyright"":""final_fantasy"",""co_posts"":90,""character_coverage"":1.0},{""copyright"":""final_fantasy_vii"",""co_posts"":90,""character_coverage"":1.0},{""copyright"":""final_fantasy_vii:_advent_children"",""co_posts"":89,""character_coverage"":0.988889},{""copyright"":""final_fantasy_vii:_ever_crisis"",""co_posts"":8,""character_coverage"":0.088889},{""copyright"":""crisis_core:_final_fantasy_vii"",""co_posts"":4,""character_coverage"":0.044444}]","","","PENDING",""
"I70-022497","yotsuba_(sister_princess)","4","Character","97","","","","","四葉(シスプリ)","","[{""copyright"":""sister_princess"",""co_posts"":86,""character_coverage"":1.0},{""copyright"":""final_fantasy"",""co_posts"":2,""character_coverage"":0.023256},{""copyright"":""2channel"",""co_posts"":1,""character_coverage"":0.011628},{""copyright"":""dengeki_g's"",""co_posts"":1,""character_coverage"":0.011628},{""copyright"":""final_fantasy_tactics"",""co_posts"":1,""character_coverage"":0.011628}]","","","PENDING",""
"I70-022498","yunohana_yuuna","4","Character","97","","","","","湯ノ花幽奈","","[{""copyright"":""yuragisou_no_yuuna-san"",""co_posts"":72,""character_coverage"":1.0},{""copyright"":""megami_magazine"",""co_posts"":5,""character_coverage"":0.069444},{""copyright"":""kimetsu_no_yaiba"",""co_posts"":4,""character_coverage"":0.055556},{""copyright"":""shounen_jump"",""co_posts"":4,""character_coverage"":0.055556},{""copyright"":""black_clover"",""co_posts"":3,""character_coverage"":0.041667}]","","","PENDING",""
"I70-022499","yuzuha_(utawarerumono)","4","Character","97","yuzuha_(utawareru_mono)","yuzuha (utawareru mono)","","","ユズハ","","[{""copyright"":""utawarerumono_(series)"",""co_posts"":64,""character_coverage"":1.0},{""copyright"":""utawarerumono:_itsuwari_no_kamen"",""co_posts"":5,""character_coverage"":0.078125},{""copyright"":""aruruu_to_asobo!!"",""co_posts"":2,""character_coverage"":0.03125},{""copyright"":""megami_magazine"",""co_posts"":2,""character_coverage"":0.03125},{""copyright"":""utawarerumono:_lost_flag"",""co_posts"":2,""character_coverage"":0.03125}]","","","PENDING",""
"I70-022500","zanka_nijiku","4","Character","97","","","","","ザンカ・ニジク","","[{""copyright"":""gachiakuta"",""co_posts"":94,""character_coverage"":1.0},{""copyright"":""neon_genesis_evangelion"",""co_posts"":1,""character_coverage"":0.010638},{""copyright"":""radiohead_(band)"",""co_posts"":1,""character_coverage"":0.010638},{""copyright"":""splatoon_(series)"",""co_posts"":1,""character_coverage"":0.010638},{""copyright"":""umamusume"",""co_posts"":1,""character_coverage"":0.010638}]","","","PENDING",""
