"row_id","canonical_tag","category","category_name","post_count","source_aliases","verified_aliases","existing_display_ja","existing_search_ja","existing_candidate_ja","existing_rejected_ja","related_copyright_candidates","display_ja","search_ja","translation_status","translation_note"
"I70-012501","anti_(ssss.gridman)","4","Character","210","","","","アンチ | アンチ(SSSS.GRIDMAN)","","","[{""copyright"":""gridman_universe"",""co_posts"":201,""character_coverage"":1.0},{""copyright"":""ssss.gridman"",""co_posts"":112,""character_coverage"":0.557214},{""copyright"":""gridman_universe_(movie)"",""co_posts"":67,""character_coverage"":0.333333},{""copyright"":""ssss.dynazenon"",""co_posts"":49,""character_coverage"":0.243781},{""copyright"":""denkou_choujin_gridman"",""co_posts"":4,""character_coverage"":0.0199}]","","","PENDING",""
"I70-012502","april_(arknights)","4","Character","210","","","","エイプリル(アークナイツ)","四月","","[{""copyright"":""arknights"",""co_posts"":203,""character_coverage"":1.0},{""copyright"":""a_deer_of_nine_colors"",""co_posts"":2,""character_coverage"":0.009852},{""copyright"":""genshin_impact"",""co_posts"":2,""character_coverage"":0.009852},{""copyright"":""rainbow_six_siege"",""co_posts"":2,""character_coverage"":0.009852},{""copyright"":""bilibili"",""co_posts"":1,""character_coverage"":0.004926}]","","","PENDING",""
"I70-012503","arcane_jayce","4","Character","210","","","","","","","[{""copyright"":""league_of_legends"",""co_posts"":199,""character_coverage"":1.0},{""copyright"":""arcane:_league_of_legends"",""co_posts"":195,""character_coverage"":0.979899},{""copyright"":""no_i'm_not_a_human"",""co_posts"":2,""character_coverage"":0.01005},{""copyright"":""dc_comics"",""co_posts"":1,""character_coverage"":0.005025},{""copyright"":""fuwa_fuwa_cinnamoroll"",""co_posts"":1,""character_coverage"":0.005025}]","","","PENDING",""
"I70-012504","bismarck_zwei_(azur_lane)","4","Character","210","","","","ビスマルクZwei(アズールレーン)","","","[{""copyright"":""azur_lane"",""co_posts"":175,""character_coverage"":1.0},{""copyright"":""kantai_collection"",""co_posts"":10,""character_coverage"":0.057143},{""copyright"":""ikea"",""co_posts"":2,""character_coverage"":0.011429},{""copyright"":""mona_lisa"",""co_posts"":2,""character_coverage"":0.011429},{""copyright"":""pokemon"",""co_posts"":2,""character_coverage"":0.011429}]","","","PENDING",""
"I70-012505","doctor_doom","4","Character","210","","","","","Dr.ドゥーム","","[{""copyright"":""marvel"",""co_posts"":158,""character_coverage"":1.0},{""copyright"":""fantastic_four"",""co_posts"":112,""character_coverage"":0.708861},{""copyright"":""x-men"",""co_posts"":63,""character_coverage"":0.398734},{""copyright"":""marvel_vs._capcom"",""co_posts"":52,""character_coverage"":0.329114},{""copyright"":""spider-man_(series)"",""co_posts"":45,""character_coverage"":0.28481}]","","","PENDING",""
"I70-012506","enforcer_(arknights)","4","Character","210","","","","エンフォーサー(アークナイツ)","见行者","","[{""copyright"":""arknights"",""co_posts"":200,""character_coverage"":1.0},{""copyright"":""ambience_synesthesia"",""co_posts"":7,""character_coverage"":0.035},{""copyright"":""a_deer_of_nine_colors"",""co_posts"":3,""character_coverage"":0.015},{""copyright"":""rainbow_six_siege"",""co_posts"":3,""character_coverage"":0.015},{""copyright"":""monster_hunter_(series)"",""co_posts"":2,""character_coverage"":0.01}]","","","PENDING",""
"I70-012507","fortune_teller_(touhou)","4","Character","210","","","","","易者","","[{""copyright"":""touhou"",""co_posts"":203,""character_coverage"":1.0},{""copyright"":""forbidden_scrollery"",""co_posts"":27,""character_coverage"":0.133005},{""copyright"":""touhou_(pc-98)"",""co_posts"":12,""character_coverage"":0.059113},{""copyright"":""double_dealing_character"",""co_posts"":10,""character_coverage"":0.049261},{""copyright"":""legacy_of_lunatic_kingdom"",""co_posts"":10,""character_coverage"":0.049261}]","","","PENDING",""
"I70-012508","fumizuki_kai_ni_(kancolle)","4","Character","210","","","","","文月改二","","[{""copyright"":""kantai_collection"",""co_posts"":207,""character_coverage"":1.0},{""copyright"":""comiket_100"",""co_posts"":2,""character_coverage"":0.009662},{""copyright"":""kemono_friends"",""co_posts"":1,""character_coverage"":0.004831},{""copyright"":""original"",""co_posts"":1,""character_coverage"":0.004831},{""copyright"":""umamusume"",""co_posts"":1,""character_coverage"":0.004831}]","","","PENDING",""
"I70-012509","gneisenau_(azur_lane)","4","Character","210","","","","グナイゼナウ | グナイゼナウ(アズールレーン)","格奈森瑙","","[{""copyright"":""azur_lane"",""co_posts"":196,""character_coverage"":1.0},{""copyright"":""azur_lane:_slow_ahead"",""co_posts"":5,""character_coverage"":0.02551},{""copyright"":""2channel"",""co_posts"":1,""character_coverage"":0.005102},{""copyright"":""carnival_phantasm"",""co_posts"":1,""character_coverage"":0.005102},{""copyright"":""honkai_(series)"",""co_posts"":1,""character_coverage"":0.005102}]","","","PENDING",""
"I70-012510","haraga_kurumi","4","Character","210","","","","","原賀胡桃","","[{""copyright"":""kimi_no_koto_ga_dai_dai_dai_dai_daisuki_na_100-nin_no_kanojo"",""co_posts"":174,""character_coverage"":1.0},{""copyright"":""7-eleven"",""co_posts"":1,""character_coverage"":0.005747},{""copyright"":""cars_(movie)"",""co_posts"":1,""character_coverage"":0.005747},{""copyright"":""little_red_riding_hood_(fairy_tale)"",""co_posts"":1,""character_coverage"":0.005747},{""copyright"":""one_piece"",""co_posts"":1,""character_coverage"":0.005747}]","","","PENDING",""
"I70-012511","hatsukano_yo","4","Character","210","hatsukano_you","hatsukano you","","","初鹿野瑤","","[{""copyright"":""assault_lily"",""co_posts"":209,""character_coverage"":1.0},{""copyright"":""alice's_adventures_in_wonderland"",""co_posts"":2,""character_coverage"":0.009569},{""copyright"":""chiikawa"",""co_posts"":1,""character_coverage"":0.004785},{""copyright"":""disneyland"",""co_posts"":1,""character_coverage"":0.004785},{""copyright"":""hirogaru_sky!_precure"",""co_posts"":1,""character_coverage"":0.004785}]","","","PENDING",""
"I70-012512","heaven's_door","4","Character","210","","","","","ヘブンズ・ドアー","","[{""copyright"":""jojo_no_kimyou_na_bouken"",""co_posts"":203,""character_coverage"":1.0},{""copyright"":""diamond_wa_kudakenai"",""co_posts"":189,""character_coverage"":0.931034},{""copyright"":""kishibe_rohan_wa_ugokanai"",""co_posts"":11,""character_coverage"":0.054187},{""copyright"":""stardust_crusaders"",""co_posts"":11,""character_coverage"":0.054187},{""copyright"":""stone_ocean"",""co_posts"":11,""character_coverage"":0.054187}]","","","PENDING",""
"I70-012513","hiiragi_tsukino_(aldehyde)","4","Character","210","","","","","柊月乃","","[{""copyright"":""original"",""co_posts"":210,""character_coverage"":1.0},{""copyright"":""amazon_(company)"",""co_posts"":1,""character_coverage"":0.004762}]","","","PENDING",""
"I70-012514","hyakuya_yuuichirou","4","Character","210","","","","","百夜優一郎","","[{""copyright"":""owari_no_seraph"",""co_posts"":205,""character_coverage"":1.0},{""copyright"":""animedia"",""co_posts"":2,""character_coverage"":0.009756},{""copyright"":""pash_(magazine)"",""co_posts"":2,""character_coverage"":0.009756},{""copyright"":""aldnoah.zero"",""co_posts"":1,""character_coverage"":0.004878},{""copyright"":""guilty_crown"",""co_posts"":1,""character_coverage"":0.004878}]","","","PENDING",""
"I70-012515","inukai_isuke","4","Character","210","","","","","犬飼伊介","","[{""copyright"":""akuma_no_riddle"",""co_posts"":204,""character_coverage"":1.0},{""copyright"":""elsword"",""co_posts"":2,""character_coverage"":0.009804},{""copyright"":""newtype"",""co_posts"":2,""character_coverage"":0.009804},{""copyright"":""original"",""co_posts"":2,""character_coverage"":0.009804},{""copyright"":""yuri_kuma_arashi"",""co_posts"":2,""character_coverage"":0.009804}]","","","PENDING",""
"I70-012516","john_rottweil_(dickfish)","4","Character","210","","","","","ロットワイル","","[{""copyright"":""original"",""co_posts"":210,""character_coverage"":1.0},{""copyright"":""yarofes:2023"",""co_posts"":2,""character_coverage"":0.009524},{""copyright"":""miffy"",""co_posts"":1,""character_coverage"":0.004762}]","","","PENDING",""
"I70-012517","kampfer_(mobile_suit)","4","Character","210","","","","ケンプファー","","MS-18E","[{""copyright"":""gundam"",""co_posts"":196,""character_coverage"":1.0},{""copyright"":""gundam_0080"",""co_posts"":181,""character_coverage"":0.923469},{""copyright"":""sd_gundam"",""co_posts"":25,""character_coverage"":0.127551},{""copyright"":""original"",""co_posts"":21,""character_coverage"":0.107143},{""copyright"":""mobile_suit_gundam"",""co_posts"":15,""character_coverage"":0.076531}]","","","PENDING",""
"I70-012518","leos_vincent_(1st_costume)","4","Character","210","","","","","レオス・ヴィンセント(通常)","","[{""copyright"":""nijisanji"",""co_posts"":208,""character_coverage"":0.995215},{""copyright"":""pokemon"",""co_posts"":9,""character_coverage"":0.043062},{""copyright"":""nijisanji_en"",""co_posts"":7,""character_coverage"":0.033493},{""copyright"":""dream_c_club"",""co_posts"":4,""character_coverage"":0.019139},{""copyright"":""dream_c_club_(series)"",""co_posts"":4,""character_coverage"":0.019139}]","","","PENDING",""
"I70-012519","lilith_(true_form)_(machikado_mazoku)","4","Character","210","","","","","","","[{""copyright"":""machikado_mazoku"",""co_posts"":202,""character_coverage"":1.0},{""copyright"":""kirara_fantasia"",""co_posts"":2,""character_coverage"":0.009901},{""copyright"":""pokemon"",""co_posts"":2,""character_coverage"":0.009901},{""copyright"":""village_vanguard"",""co_posts"":2,""character_coverage"":0.009901},{""copyright"":""alice's_adventures_in_wonderland"",""co_posts"":1,""character_coverage"":0.00495}]","","","PENDING",""
"I70-012520","lion_(azur_lane)","4","Character","210","","","","","ライオン(アズールレーン)","","[{""copyright"":""azur_lane"",""co_posts"":190,""character_coverage"":1.0},{""copyright"":""azur_lane:_slow_ahead"",""co_posts"":13,""character_coverage"":0.068421},{""copyright"":""comiket_106"",""co_posts"":1,""character_coverage"":0.005263},{""copyright"":""hololive"",""co_posts"":1,""character_coverage"":0.005263},{""copyright"":""metro-goldwyn-mayer"",""co_posts"":1,""character_coverage"":0.005263}]","","","PENDING",""
"I70-012521","lord_raptor","4","Character","210","zabel_zarock","zabel zarock","","ザベル | ザベル・ザロック","","","[{""copyright"":""darkstalkers"",""co_posts"":187,""character_coverage"":1.0},{""copyright"":""capcom"",""co_posts"":16,""character_coverage"":0.085561},{""copyright"":""street_fighter"",""co_posts"":14,""character_coverage"":0.074866},{""copyright"":""resident_evil"",""co_posts"":6,""character_coverage"":0.032086},{""copyright"":""warzard"",""co_posts"":5,""character_coverage"":0.026738}]","","","PENDING",""
"I70-012522","misaki_(project_tokyo_dolls)","4","Character","210","","","","","ミサキ(プロジェクト東京ドールズ)","","[{""copyright"":""project_tokyo_dolls"",""co_posts"":210,""character_coverage"":1.0},{""copyright"":""nier:automata"",""co_posts"":2,""character_coverage"":0.009524},{""copyright"":""nier_(series)"",""co_posts"":2,""character_coverage"":0.009524},{""copyright"":""valkyrie_profile_(series)"",""co_posts"":2,""character_coverage"":0.009524},{""copyright"":""alice's_adventures_in_wonderland"",""co_posts"":1,""character_coverage"":0.004762}]","","","PENDING",""
"I70-012523","monk_(fft)","4","Character","210","","","","","修道士（fft）","","[{""copyright"":""final_fantasy"",""co_posts"":183,""character_coverage"":1.0},{""copyright"":""final_fantasy_tactics"",""co_posts"":183,""character_coverage"":1.0},{""copyright"":""original"",""co_posts"":4,""character_coverage"":0.021858},{""copyright"":""final_fantasy_v"",""co_posts"":3,""character_coverage"":0.016393},{""copyright"":""final_fantasy_vii"",""co_posts"":2,""character_coverage"":0.010929}]","","","PENDING",""
"I70-012524","mutsu_(azur_lane)","4","Character","210","","","","陸奥(アズールレーン)","陸奥 | 鲛","","[{""copyright"":""azur_lane"",""co_posts"":198,""character_coverage"":1.0},{""copyright"":""pokemon"",""co_posts"":22,""character_coverage"":0.111111},{""copyright"":""kantai_collection"",""co_posts"":6,""character_coverage"":0.030303},{""copyright"":""azur_lane:_slow_ahead"",""co_posts"":5,""character_coverage"":0.025253},{""copyright"":""yu-gi-oh!"",""co_posts"":2,""character_coverage"":0.010101}]","","","PENDING",""
"I70-012525","ninomae_ina'nis_(school_uniform)","4","Character","210","","","","","","","[{""copyright"":""hololive"",""co_posts"":202,""character_coverage"":1.0},{""copyright"":""hololive_english"",""co_posts"":202,""character_coverage"":1.0},{""copyright"":""chuunibyou_demo_koi_ga_shitai!"",""co_posts"":4,""character_coverage"":0.019802},{""copyright"":""creepypasta"",""co_posts"":2,""character_coverage"":0.009901},{""copyright"":""ego_(takanashi_kiara)"",""co_posts"":1,""character_coverage"":0.00495}]","","","PENDING",""
"I70-012526","nishizumi_family_dog","4","Character","210","","","","","","","[{""copyright"":""girls_und_panzer"",""co_posts"":209,""character_coverage"":1.0},{""copyright"":""girls_und_panzer_motto_love_love_sakusen_desu!"",""co_posts"":5,""character_coverage"":0.023923},{""copyright"":""kidou_keisatsu_patlabor"",""co_posts"":5,""character_coverage"":0.023923},{""copyright"":""girls_und_panzer_senshadou_daisakusen!"",""co_posts"":3,""character_coverage"":0.014354},{""copyright"":""gekitotsu!_joshikousei_oiroke_sensha_gundan"",""co_posts"":1,""character_coverage"":0.004785}]","","","PENDING",""
"I70-012527","okazaki_yasuha","4","Character","210","","","","","岡崎泰葉","","[{""copyright"":""idolmaster"",""co_posts"":207,""character_coverage"":1.0},{""copyright"":""idolmaster_cinderella_girls"",""co_posts"":207,""character_coverage"":1.0},{""copyright"":""idolmaster_cinderella_girls_starlight_stage"",""co_posts"":37,""character_coverage"":0.178744},{""copyright"":""cinderella_girls_gekijou"",""co_posts"":33,""character_coverage"":0.15942},{""copyright"":""idolmaster_(classic)"",""co_posts"":4,""character_coverage"":0.019324}]","","","PENDING",""
"I70-012528","patty_(fire_emblem)","4","Character","210","","","","","パティ","","[{""copyright"":""fire_emblem"",""co_posts"":152,""character_coverage"":1.0},{""copyright"":""fire_emblem:_genealogy_of_the_holy_war"",""co_posts"":152,""character_coverage"":1.0},{""copyright"":""fire_emblem_heroes"",""co_posts"":16,""character_coverage"":0.105263},{""copyright"":""fire_emblem:_mystery_of_the_emblem"",""co_posts"":5,""character_coverage"":0.032895},{""copyright"":""fire_emblem_fates"",""co_posts"":5,""character_coverage"":0.032895}]","","","PENDING",""
"I70-012529","poncirus_(arknights)","4","Character","210","","","","ポンシラス(アークナイツ)","青枳","","[{""copyright"":""arknights"",""co_posts"":203,""character_coverage"":1.0},{""copyright"":""a_deer_of_nine_colors"",""co_posts"":2,""character_coverage"":0.009852},{""copyright"":""azur_lane"",""co_posts"":2,""character_coverage"":0.009852},{""copyright"":""blue_archive"",""co_posts"":2,""character_coverage"":0.009852},{""copyright"":""dungeon_meshi"",""co_posts"":2,""character_coverage"":0.009852}]","","","PENDING",""
"I70-012530","quina_quen","4","Character","210","","","","","クイナ・クゥエン","","[{""copyright"":""final_fantasy"",""co_posts"":194,""character_coverage"":1.0},{""copyright"":""final_fantasy_ix"",""co_posts"":194,""character_coverage"":1.0},{""copyright"":""final_fantasy_viii"",""co_posts"":6,""character_coverage"":0.030928},{""copyright"":""final_fantasy_x"",""co_posts"":6,""character_coverage"":0.030928},{""copyright"":""final_fantasy_vi"",""co_posts"":5,""character_coverage"":0.025773}]","","","PENDING",""
"I70-012531","roaring_knight","4","Character","210","","","","","咆哮の騎士","","[{""copyright"":""deltarune"",""co_posts"":161,""character_coverage"":0.993827},{""copyright"":""utdr_(toby_fox)"",""co_posts"":161,""character_coverage"":0.993827},{""copyright"":""jujutsu_kaisen"",""co_posts"":11,""character_coverage"":0.067901},{""copyright"":""undertale"",""co_posts"":8,""character_coverage"":0.049383},{""copyright"":""jojo_no_kimyou_na_bouken"",""co_posts"":3,""character_coverage"":0.018519}]","","","PENDING",""
"I70-012532","saionji_sekai","4","Character","210","","","","","西園寺世界","","[{""copyright"":""school_days"",""co_posts"":142,""character_coverage"":1.0},{""copyright"":""higurashi_no_naku_koro_ni"",""co_posts"":9,""character_coverage"":0.06338},{""copyright"":""higurashi_no_naku_koro_ni_mei"",""co_posts"":7,""character_coverage"":0.049296},{""copyright"":""megami_magazine"",""co_posts"":5,""character_coverage"":0.035211},{""copyright"":""comp_h's"",""co_posts"":4,""character_coverage"":0.028169}]","","","PENDING",""
"I70-012533","shiroe_(log_horizon)","4","Character","210","shiroe","shiroe","","","シロエ(ログホラ)","","[{""copyright"":""log_horizon"",""co_posts"":198,""character_coverage"":1.0},{""copyright"":""log_horizon_new_adventure_land"",""co_posts"":5,""character_coverage"":0.025253},{""copyright"":""aoki_hagane_no_arpeggio"",""co_posts"":1,""character_coverage"":0.005051},{""copyright"":""coppelion"",""co_posts"":1,""character_coverage"":0.005051},{""copyright"":""doraemon"",""co_posts"":1,""character_coverage"":0.005051}]","","","PENDING",""
"I70-012534","snubbull","4","Character","210","","","","","ブルー(ポケモン)","","[{""copyright"":""pokemon"",""co_posts"":195,""character_coverage"":1.0},{""copyright"":""pokemon_sun_and_moon"",""co_posts"":30,""character_coverage"":0.153846},{""copyright"":""pokemon_(anime)"",""co_posts"":17,""character_coverage"":0.087179},{""copyright"":""pokemon_gold/silver/crystal"",""co_posts"":17,""character_coverage"":0.087179},{""copyright"":""pokemon_scarlet_and_violet"",""co_posts"":12,""character_coverage"":0.061538}]","","","PENDING",""
"I70-012535","strike_freedom_gundam","4","Character","210","","","","","ストライクフリーダムガンダム","","[{""copyright"":""gundam"",""co_posts"":199,""character_coverage"":0.995},{""copyright"":""gundam_seed"",""co_posts"":198,""character_coverage"":0.99},{""copyright"":""gundam_seed_destiny"",""co_posts"":112,""character_coverage"":0.56},{""copyright"":""gundam_seed_freedom"",""co_posts"":84,""character_coverage"":0.42},{""copyright"":""gundam_00"",""co_posts"":12,""character_coverage"":0.06}]","","","PENDING",""
"I70-012536","sunny_(birthday)_(omori)","4","Character","210","","","","","サニー","","[{""copyright"":""omori"",""co_posts"":195,""character_coverage"":1.0},{""copyright"":""instagram"",""co_posts"":1,""character_coverage"":0.005128},{""copyright"":""pokemon"",""co_posts"":1,""character_coverage"":0.005128},{""copyright"":""taiko_no_tatsujin"",""co_posts"":1,""character_coverage"":0.005128},{""copyright"":""takopii_no_genzai"",""co_posts"":1,""character_coverage"":0.005128}]","","","PENDING",""
"I70-012537","super_orion_(fate)","4","Character","210","orion_(super_archer)_(fate)","orion (super archer) (fate)","","超人オリオン","","","[{""copyright"":""fate/grand_order"",""co_posts"":209,""character_coverage"":1.0},{""copyright"":""fate_(series)"",""co_posts"":209,""character_coverage"":1.0},{""copyright"":""fate/apocrypha"",""co_posts"":5,""character_coverage"":0.023923},{""copyright"":""fate/grand_order_arcade"",""co_posts"":4,""character_coverage"":0.019139},{""copyright"":""family_guy"",""co_posts"":2,""character_coverage"":0.009569}]","","","PENDING",""
"I70-012538","tatsuta_(swimsuit)_(kancolle)","4","Character","210","","","","","龍田(水着)","","[{""copyright"":""kantai_collection"",""co_posts"":207,""character_coverage"":1.0}]","","","PENDING",""
"I70-012539","tohsaka_rin_(fate/extra)","4","Character","210","","","","","遠坂リン","","[{""copyright"":""fate_(series)"",""co_posts"":196,""character_coverage"":1.0},{""copyright"":""fate/extra"",""co_posts"":188,""character_coverage"":0.959184},{""copyright"":""fate/extra_ccc"",""co_posts"":51,""character_coverage"":0.260204},{""copyright"":""fate/stay_night"",""co_posts"":16,""character_coverage"":0.081633},{""copyright"":""fate/grand_order"",""co_posts"":15,""character_coverage"":0.076531}]","","","PENDING",""
"I70-012540","valerie_(pokemon)","4","Character","210","mache_(pokemon)","mache (pokemon)","","マーシュ | マーシュ(トレーナー)","","","[{""copyright"":""pokemon"",""co_posts"":198,""character_coverage"":1.0},{""copyright"":""pokemon_x_and_y"",""co_posts"":183,""character_coverage"":0.924242},{""copyright"":""pokemon_heartgold_and_soulsilver"",""co_posts"":20,""character_coverage"":0.10101},{""copyright"":""pokemon_sun_and_moon"",""co_posts"":17,""character_coverage"":0.085859},{""copyright"":""pokemon_diamond/pearl/platinum"",""co_posts"":16,""character_coverage"":0.080808}]","","","PENDING",""
"I70-012541","wormmon","4","Character","210","","","","","ワームモン","","[{""copyright"":""digimon"",""co_posts"":197,""character_coverage"":1.0},{""copyright"":""digimon_adventure_02"",""co_posts"":98,""character_coverage"":0.497462},{""copyright"":""digimon_card_game"",""co_posts"":19,""character_coverage"":0.096447},{""copyright"":""digimon_story:_cyber_sleuth"",""co_posts"":18,""character_coverage"":0.091371},{""copyright"":""digimon_story:_cyber_sleuth_-_hacker's_memory"",""co_posts"":17,""character_coverage"":0.086294}]","","","PENDING",""
"I70-012542","abomasnow","4","Character","209","","","","ユキノオー","","","[{""copyright"":""pokemon"",""co_posts"":197,""character_coverage"":1.0},{""copyright"":""pokemon_diamond/pearl/platinum"",""co_posts"":57,""character_coverage"":0.28934},{""copyright"":""pokemon_x_and_y"",""co_posts"":27,""character_coverage"":0.137056},{""copyright"":""pokemon_platinum"",""co_posts"":12,""character_coverage"":0.060914},{""copyright"":""pokemon_(anime)"",""co_posts"":10,""character_coverage"":0.050761}]","","","PENDING",""
"I70-012543","akiyama_yoshiko","4","Character","209","","","","","秋山好子","","[{""copyright"":""girls_und_panzer"",""co_posts"":194,""character_coverage"":1.0},{""copyright"":""girls_und_panzer_motto_love_love_sakusen_desu!"",""co_posts"":6,""character_coverage"":0.030928},{""copyright"":""gekitotsu!_joshikousei_oiroke_sensha_gundan"",""co_posts"":3,""character_coverage"":0.015464},{""copyright"":""nazo_no_kanojo_x"",""co_posts"":2,""character_coverage"":0.010309},{""copyright"":""animal_crossing"",""co_posts"":1,""character_coverage"":0.005155}]","","","PENDING",""
"I70-012544","ana_(mother)","4","Character","209","","","","","アナ(MOTHER)","","[{""copyright"":""mother_(series)"",""co_posts"":195,""character_coverage"":1.0},{""copyright"":""mother_1"",""co_posts"":195,""character_coverage"":1.0},{""copyright"":""mother_2"",""co_posts"":45,""character_coverage"":0.230769},{""copyright"":""mother_3"",""co_posts"":35,""character_coverage"":0.179487},{""copyright"":""donkey_kong_(series)"",""co_posts"":5,""character_coverage"":0.025641}]","","","PENDING",""
"I70-012545","ange_katrina_(qipao)","4","Character","209","ange_katrina_(china_dress),ange_katrina_(7th_costume)","ange katrina (7th costume) | ange katrina (china dress)","","","アンジュ・カトリーナ(チャイナ服)","","[]","","","PENDING",""
"I70-012546","ayase_saki","4","Character","209","","","","","綾瀬沙季","","[{""copyright"":""gimai_seikatsu"",""co_posts"":201,""character_coverage"":1.0},{""copyright"":""akiba_maid_sensou"",""co_posts"":1,""character_coverage"":0.004975},{""copyright"":""fate/grand_order"",""co_posts"":1,""character_coverage"":0.004975},{""copyright"":""fate_(series)"",""co_posts"":1,""character_coverage"":0.004975},{""copyright"":""megami_magazine"",""co_posts"":1,""character_coverage"":0.004975}]","","","PENDING",""
"I70-012547","goldenglow_(summer_flowers)_(arknights)","4","Character","209","","","","","","","[{""copyright"":""arknights"",""co_posts"":204,""character_coverage"":1.0},{""copyright"":""hello_kitty"",""co_posts"":1,""character_coverage"":0.004902},{""copyright"":""sanrio"",""co_posts"":1,""character_coverage"":0.004902}]","","","PENDING",""
"I70-012548","hinoshita_kaho_(summer_loungewear)","4","Character","209","","","","","","","[{""copyright"":""love_live!"",""co_posts"":184,""character_coverage"":1.0},{""copyright"":""love_live!_hasu_no_sora_jogakuin_school_idol_club"",""co_posts"":184,""character_coverage"":1.0},{""copyright"":""fortune_movie_(love_live!)"",""co_posts"":3,""character_coverage"":0.016304},{""copyright"":""love_live!_sunshine!!"",""co_posts"":2,""character_coverage"":0.01087},{""copyright"":""comiket_106"",""co_posts"":1,""character_coverage"":0.005435}]","","","PENDING",""
"I70-012549","kadabra","4","Character","209","","","","","ユンゲラー","","[{""copyright"":""pokemon"",""co_posts"":192,""character_coverage"":1.0},{""copyright"":""pokemon_red/green/blue/yellow"",""co_posts"":38,""character_coverage"":0.197917},{""copyright"":""pokemon_firered_and_leafgreen"",""co_posts"":32,""character_coverage"":0.166667},{""copyright"":""pokemon_(anime)"",""co_posts"":23,""character_coverage"":0.119792},{""copyright"":""pokemon_(classic_anime)"",""co_posts"":20,""character_coverage"":0.104167}]","","","PENDING",""
"I70-012550","kashihara_noa_(kindatsu)","4","Character","209","","","","","橿原希愛","","[{""copyright"":""original"",""co_posts"":203,""character_coverage"":1.0},{""copyright"":""7-eleven"",""co_posts"":2,""character_coverage"":0.009852}]","","","PENDING",""
"I70-012551","kii-kun_(agnes_tachyon)_(umamusume)","4","Character","209","","","","キー君","","","[{""copyright"":""umamusume"",""co_posts"":198,""character_coverage"":1.0},{""copyright"":""umamusume:_beginning_of_a_new_era"",""co_posts"":4,""character_coverage"":0.020202},{""copyright"":""comiket_103"",""co_posts"":2,""character_coverage"":0.010101},{""copyright"":"".hack//"",""co_posts"":1,""character_coverage"":0.005051},{""copyright"":""apple_inc."",""co_posts"":1,""character_coverage"":0.005051}]","","","PENDING",""
"I70-012552","kingprotea_alter_(fate)","4","Character","209","xochitonal_(fate)","xochitonal (fate)","","","キングプロテア・ソチナトル","","[]","","","PENDING",""
"I70-012553","klug_(puyopuyo)","4","Character","209","","","","","クルーク","","[{""copyright"":""puyopuyo"",""co_posts"":191,""character_coverage"":1.0},{""copyright"":""puyopuyo_20th_anniversary"",""co_posts"":98,""character_coverage"":0.513089},{""copyright"":""puyopuyo_quest"",""co_posts"":48,""character_coverage"":0.251309},{""copyright"":""puyopuyo_fever_2"",""co_posts"":44,""character_coverage"":0.230366},{""copyright"":""puyopuyo_fever"",""co_posts"":7,""character_coverage"":0.036649}]","","","PENDING",""
"I70-012554","konparu_nozomi","4","Character","209","","","","カモさんチーム | パゾ美","金春希美","","[{""copyright"":""girls_und_panzer"",""co_posts"":189,""character_coverage"":1.0},{""copyright"":""girls_und_panzer_motto_love_love_sakusen_desu!"",""co_posts"":28,""character_coverage"":0.148148},{""copyright"":""gekitotsu!_joshikousei_oiroke_sensha_gundan"",""co_posts"":6,""character_coverage"":0.031746},{""copyright"":""girls_und_panzer_senshadou_daisakusen!"",""co_posts"":4,""character_coverage"":0.021164},{""copyright"":""girls_und_panzer_gekijouban"",""co_posts"":2,""character_coverage"":0.010582}]","","","PENDING",""
"I70-012555","kosegawa_shiromi","4","Character","209","","","","","小瀬川白望","","[{""copyright"":""saki_(manga)"",""co_posts"":201,""character_coverage"":1.0},{""copyright"":""saki_achiga-hen"",""co_posts"":17,""character_coverage"":0.084577},{""copyright"":""kantai_collection"",""co_posts"":1,""character_coverage"":0.004975},{""copyright"":""south_park"",""co_posts"":1,""character_coverage"":0.004975},{""copyright"":""taketori_monogatari"",""co_posts"":1,""character_coverage"":0.004975}]","","","PENDING",""
"I70-012556","lavolpe_(yagisaka_seto)","4","Character","209","","","","ラヴォルペ","","","[{""copyright"":""original"",""co_posts"":209,""character_coverage"":1.0},{""copyright"":""bayonetta_(series)"",""co_posts"":1,""character_coverage"":0.004785},{""copyright"":""bayonetta_1"",""co_posts"":1,""character_coverage"":0.004785},{""copyright"":""calpis"",""co_posts"":1,""character_coverage"":0.004785},{""copyright"":""hooters"",""co_posts"":1,""character_coverage"":0.004785}]","","","PENDING",""
"I70-012557","makaino_ririmu_(6th_costume)","4","Character","209","","","","","魔界ノりりむ(おりコウ衣装)","","[{""copyright"":""nijisanji"",""co_posts"":207,""character_coverage"":1.0},{""copyright"":""crazy_raccoon"",""co_posts"":1,""character_coverage"":0.004831},{""copyright"":""microsoft_windows"",""co_posts"":1,""character_coverage"":0.004831},{""copyright"":""vspo!"",""co_posts"":1,""character_coverage"":0.004831},{""copyright"":""windows_2000"",""co_posts"":1,""character_coverage"":0.004831}]","","","PENDING",""
"I70-012558","mishima_heihachi","4","Character","209","","","","","三島平八","","[{""copyright"":""tekken"",""co_posts"":185,""character_coverage"":0.994624},{""copyright"":""tekken_8"",""co_posts"":34,""character_coverage"":0.182796},{""copyright"":""street_fighter"",""co_posts"":13,""character_coverage"":0.069892},{""copyright"":""tekken_7"",""co_posts"":11,""character_coverage"":0.05914},{""copyright"":""super_smash_bros."",""co_posts"":9,""character_coverage"":0.048387}]","","","PENDING",""
"I70-012559","nekomiya_ryuu","4","Character","209","","","","","猫宮柳","","[{""copyright"":""original"",""co_posts"":208,""character_coverage"":1.0},{""copyright"":""lucky_star"",""co_posts"":3,""character_coverage"":0.014423},{""copyright"":""joreibu_no_mikado-san"",""co_posts"":1,""character_coverage"":0.004808}]","","","PENDING",""
"I70-012560","okabe_rintarou_(beta)","4","Character","209","","","","","","","[{""copyright"":""science_adventure"",""co_posts"":209,""character_coverage"":1.0},{""copyright"":""steins;gate"",""co_posts"":209,""character_coverage"":1.0},{""copyright"":""steins;gate_0"",""co_posts"":209,""character_coverage"":1.0},{""copyright"":""2channel"",""co_posts"":2,""character_coverage"":0.009569}]","","","PENDING",""
"I70-012561","orbeetle","4","Character","209","","","","","イオルブ","","[{""copyright"":""pokemon"",""co_posts"":206,""character_coverage"":1.0},{""copyright"":""pokemon_sword_and_shield"",""co_posts"":18,""character_coverage"":0.087379},{""copyright"":""original"",""co_posts"":13,""character_coverage"":0.063107},{""copyright"":""pokemon_tcg"",""co_posts"":5,""character_coverage"":0.024272},{""copyright"":""pokemon:_arceus_and_the_jewel_of_life"",""co_posts"":3,""character_coverage"":0.014563}]","","","PENDING",""
"I70-012562","park_dona","4","Character","209","","","","","","DONART | DONARTH | DONA_ART | DONA_LIVE | 박도나","[{""copyright"":""luvdia"",""co_posts"":138,""character_coverage"":0.722513},{""copyright"":""indie_virtual_youtuber"",""co_posts"":55,""character_coverage"":0.287958},{""copyright"":""original"",""co_posts"":2,""character_coverage"":0.010471},{""copyright"":""vlyz"",""co_posts"":2,""character_coverage"":0.010471},{""copyright"":""blue_archive"",""co_posts"":1,""character_coverage"":0.005236}]","","","PENDING",""
"I70-012563","phi_(kyokugen_dasshutsu)","4","Character","209","phi_(zero_escape)","phi (zero escape)","","","ファイ","","[{""copyright"":""kyokugen_dasshutsu"",""co_posts"":183,""character_coverage"":1.0},{""copyright"":""kyokugen_dasshutsu_adv:_zennin_shibou_desu"",""co_posts"":114,""character_coverage"":0.622951},{""copyright"":""zero_escape:_toki_no_dilemma"",""co_posts"":80,""character_coverage"":0.437158},{""copyright"":""kyokugen_dasshutsu:_9_jikan_9_nin_9_no_tobira"",""co_posts"":12,""character_coverage"":0.065574},{""copyright"":""ai_the_somnium_files"",""co_posts"":4,""character_coverage"":0.021858}]","","","PENDING",""
"I70-012564","pon_de_lion","4","Character","209","moe_lion","moe lion","","ポンデライオン | ポン・デ・ライオン","","","[{""copyright"":""mister_donut"",""co_posts"":193,""character_coverage"":0.969849},{""copyright"":""monogatari_(series)"",""co_posts"":68,""character_coverage"":0.341709},{""copyright"":""bakemonogatari"",""co_posts"":44,""character_coverage"":0.221106},{""copyright"":""fate_(series)"",""co_posts"":38,""character_coverage"":0.190955},{""copyright"":""touhou"",""co_posts"":33,""character_coverage"":0.165829}]","","","PENDING",""
"I70-012565","pt_imp_group","4","Character","209","","","","","PT小鬼群","","[{""copyright"":""kantai_collection"",""co_posts"":206,""character_coverage"":1.0},{""copyright"":""jojo_no_kimyou_na_bouken"",""co_posts"":5,""character_coverage"":0.024272},{""copyright"":""amazon_(company)"",""co_posts"":3,""character_coverage"":0.014563},{""copyright"":""dota_(series)"",""co_posts"":3,""character_coverage"":0.014563},{""copyright"":""dota_2"",""co_posts"":3,""character_coverage"":0.014563}]","","","PENDING",""
"I70-012566","rugal_bernstein","4","Character","209","","","","","ルガール・バーンシュタイン","","[{""copyright"":""the_king_of_fighters"",""co_posts"":193,""character_coverage"":1.0},{""copyright"":""touhou"",""co_posts"":76,""character_coverage"":0.393782},{""copyright"":""m.u.g.e.n"",""co_posts"":63,""character_coverage"":0.326425},{""copyright"":""street_fighter"",""co_posts"":26,""character_coverage"":0.134715},{""copyright"":""fatal_fury"",""co_posts"":25,""character_coverage"":0.129534}]","","","PENDING",""
"I70-012567","safety_(zenless_zone_zero)","4","Character","209","","","","","ゴアンゼン","","[{""copyright"":""zenless_zone_zero"",""co_posts"":202,""character_coverage"":1.0},{""copyright"":""azur_lane"",""co_posts"":2,""character_coverage"":0.009901},{""copyright"":""dragon_ball"",""co_posts"":1,""character_coverage"":0.00495},{""copyright"":""dragon_ball_z"",""co_posts"":1,""character_coverage"":0.00495},{""copyright"":""gameoverse"",""co_posts"":1,""character_coverage"":0.00495}]","","","PENDING",""
"I70-012568","scopedog","4","Character","209","","","","スコープドッグ","","","[{""copyright"":""soukou_kihei_votoms"",""co_posts"":199,""character_coverage"":1.0},{""copyright"":""gundam"",""co_posts"":30,""character_coverage"":0.150754},{""copyright"":""mobile_suit_gundam"",""co_posts"":16,""character_coverage"":0.080402},{""copyright"":""sunrise_(company)"",""co_posts"":15,""character_coverage"":0.075377},{""copyright"":""seisenshi_dunbine"",""co_posts"":13,""character_coverage"":0.065327}]","","","PENDING",""
"I70-012569","takuya_(acceed)","4","Character","209","","","","","タクヤ(ACCEED)","","[{""copyright"":""manatsu_no_yo_no_inmu"",""co_posts"":197,""character_coverage"":0.965686},{""copyright"":""cookie_(touhou)"",""co_posts"":127,""character_coverage"":0.622549},{""copyright"":""touhou"",""co_posts"":116,""character_coverage"":0.568627},{""copyright"":""tone_sphere"",""co_posts"":16,""character_coverage"":0.078431},{""copyright"":""blue_archive"",""co_posts"":9,""character_coverage"":0.044118}]","","","PENDING",""
"I70-012570","temmie","4","Character","209","","","","","テミー","","[{""copyright"":""utdr_(toby_fox)"",""co_posts"":178,""character_coverage"":1.0},{""copyright"":""undertale"",""co_posts"":163,""character_coverage"":0.91573},{""copyright"":""deltarune"",""co_posts"":21,""character_coverage"":0.117978},{""copyright"":""touhou"",""co_posts"":9,""character_coverage"":0.050562},{""copyright"":""original"",""co_posts"":5,""character_coverage"":0.02809}]","","","PENDING",""
"I70-012571","tezuka_saki","4","Character","209","","","","","手塚咲","","[{""copyright"":""heaven_burns_red"",""co_posts"":202,""character_coverage"":1.0},{""copyright"":""key_(company)"",""co_posts"":4,""character_coverage"":0.019802},{""copyright"":""persona"",""co_posts"":3,""character_coverage"":0.014851},{""copyright"":""persona_5"",""co_posts"":3,""character_coverage"":0.014851},{""copyright"":""angel_beats!"",""co_posts"":2,""character_coverage"":0.009901}]","","","PENDING",""
"I70-012572","tiffa_adill","4","Character","209","","","","ティファ・アディール","","","[{""copyright"":""after_war_gundam_x"",""co_posts"":193,""character_coverage"":1.0},{""copyright"":""gundam"",""co_posts"":193,""character_coverage"":1.0},{""copyright"":""gundam_seed"",""co_posts"":7,""character_coverage"":0.036269},{""copyright"":""g_gundam"",""co_posts"":5,""character_coverage"":0.025907},{""copyright"":""gundam_seed_destiny"",""co_posts"":5,""character_coverage"":0.025907}]","","","PENDING",""
"I70-012573","tiphereth_b_(project_moon)","4","Character","209","","","","","ティファレト","","[{""copyright"":""project_moon"",""co_posts"":200,""character_coverage"":1.0},{""copyright"":""lobotomy_corporation"",""co_posts"":179,""character_coverage"":0.895},{""copyright"":""library_of_ruina"",""co_posts"":47,""character_coverage"":0.235},{""copyright"":""limbus_company"",""co_posts"":11,""character_coverage"":0.055},{""copyright"":""hamhampangpang"",""co_posts"":4,""character_coverage"":0.02}]","","","PENDING",""
"I70-012574","tololo_(girls'_frontline_2)","4","Character","209","","","","","トロロ(ドールズフロントライン2)","","[{""copyright"":""girls'_frontline"",""co_posts"":198,""character_coverage"":1.0},{""copyright"":""girls'_frontline_2:_exilium"",""co_posts"":198,""character_coverage"":1.0},{""copyright"":""age_of_empires_(series)"",""co_posts"":1,""character_coverage"":0.005051},{""copyright"":""nier:automata"",""co_posts"":1,""character_coverage"":0.005051},{""copyright"":""nier_(series)"",""co_posts"":1,""character_coverage"":0.005051}]","","","PENDING",""
"I70-012575","vatista_(under_night_in-birth)","4","Character","209","","","","バティスタ","","","[{""copyright"":""under_night_in-birth"",""co_posts"":196,""character_coverage"":1.0},{""copyright"":""blazblue"",""co_posts"":5,""character_coverage"":0.02551},{""copyright"":""akatsuki_blitzkampf"",""co_posts"":3,""character_coverage"":0.015306},{""copyright"":""blazblue:_cross_tag_battle"",""co_posts"":3,""character_coverage"":0.015306},{""copyright"":""under_night_in-birth_2_sys:celes"",""co_posts"":3,""character_coverage"":0.015306}]","","","PENDING",""
"I70-012576","yamaba_yume","4","Character","209","","","","","山葉由芽","","[{""copyright"":""dolphin_wave"",""co_posts"":198,""character_coverage"":1.0},{""copyright"":""atelier_(series)"",""co_posts"":9,""character_coverage"":0.045455},{""copyright"":""atelier_ryza"",""co_posts"":9,""character_coverage"":0.045455},{""copyright"":""atelier_ryza_1"",""co_posts"":5,""character_coverage"":0.025253},{""copyright"":""azur_lane"",""co_posts"":4,""character_coverage"":0.020202}]","","","PENDING",""
"I70-012577","yuzuki_yukari_(onn)","4","Character","209","","","","結月ゆかり穏","","","[{""copyright"":""voiceroid"",""co_posts"":203,""character_coverage"":0.980676},{""copyright"":""vocaloid"",""co_posts"":199,""character_coverage"":0.961353},{""copyright"":""a.i._voice"",""co_posts"":6,""character_coverage"":0.028986},{""copyright"":""cevio"",""co_posts"":6,""character_coverage"":0.028986},{""copyright"":""piapro_studio"",""co_posts"":6,""character_coverage"":0.028986}]","","","PENDING",""
"I70-012578","abby_(kpop_demon_hunters)","4","Character","208","","","","","","","[{""copyright"":""kpop_demon_hunters"",""co_posts"":191,""character_coverage"":1.0},{""copyright"":""baldur's_gate"",""co_posts"":1,""character_coverage"":0.005236},{""copyright"":""baldur's_gate_3"",""co_posts"":1,""character_coverage"":0.005236},{""copyright"":""cartoon_network"",""co_posts"":1,""character_coverage"":0.005236},{""copyright"":""dungeons_&_dragons"",""co_posts"":1,""character_coverage"":0.005236}]","","","PENDING",""
"I70-012579","ak-12_(quiet_azure)_(girls'_frontline)","4","Character","208","","","","青藍なる静寂","","","[{""copyright"":""girls'_frontline"",""co_posts"":192,""character_coverage"":1.0},{""copyright"":""avengers:_infinity_war"",""co_posts"":1,""character_coverage"":0.005208},{""copyright"":""avengers_(series)"",""co_posts"":1,""character_coverage"":0.005208},{""copyright"":""girls'_frontline_2:_exilium"",""co_posts"":1,""character_coverage"":0.005208},{""copyright"":""marvel"",""co_posts"":1,""character_coverage"":0.005208}]","","","PENDING",""
"I70-012580","amano_ririsa","4","Character","208","amano_lilysa","amano lilysa","","天乃リリサ","","","[{""copyright"":""2.5_jigen_no_ririsa"",""co_posts"":200,""character_coverage"":1.0},{""copyright"":""2.5_jigen_no_ririsa_tenshitachi_no_stage"",""co_posts"":19,""character_coverage"":0.095},{""copyright"":""sono_bisque_doll_wa_koi_wo_suru"",""co_posts"":4,""character_coverage"":0.02},{""copyright"":""love_live!"",""co_posts"":3,""character_coverage"":0.015},{""copyright"":""love_live!_nijigasaki_high_school_idol_club"",""co_posts"":3,""character_coverage"":0.015}]","","","PENDING",""
"I70-012581","anemo_nemo","4","Character","208","","","","姉母ネモ","","","[{""copyright"":""mahou_shoujo_ni_akogarete"",""co_posts"":182,""character_coverage"":1.0},{""copyright"":""alice's_adventures_in_wonderland"",""co_posts"":2,""character_coverage"":0.010989},{""copyright"":""bang_dream!"",""co_posts"":1,""character_coverage"":0.005495},{""copyright"":""bang_dream!_girls_band_party!"",""co_posts"":1,""character_coverage"":0.005495},{""copyright"":""dragon_ball"",""co_posts"":1,""character_coverage"":0.005495}]","","","PENDING",""
"I70-012582","arnval","4","Character","208","","","","アーンヴァル","","","[{""copyright"":""busou_shinki"",""co_posts"":199,""character_coverage"":1.0},{""copyright"":""otomedius"",""co_posts"":7,""character_coverage"":0.035176},{""copyright"":""otomedius_excellent"",""co_posts"":7,""character_coverage"":0.035176},{""copyright"":""frame_arms_girl"",""co_posts"":3,""character_coverage"":0.015075},{""copyright"":""hidamari_sketch"",""co_posts"":3,""character_coverage"":0.015075}]","","","PENDING",""
"I70-012583","asaboo_(zenless_zone_zero)","4","Character","208","asaba_harumasa_bangboo","asaba harumasa bangboo","","","ハルマサボンプ","","[{""copyright"":""zenless_zone_zero"",""co_posts"":199,""character_coverage"":1.0},{""copyright"":""genshin_impact"",""co_posts"":3,""character_coverage"":0.015075},{""copyright"":""mihoyo"",""co_posts"":2,""character_coverage"":0.01005},{""copyright"":""gundam"",""co_posts"":1,""character_coverage"":0.005025},{""copyright"":""mobile_suit_gundam"",""co_posts"":1,""character_coverage"":0.005025}]","","","PENDING",""
"I70-012584","astarotte_ygvar","4","Character","208","","","","","アスタロッテ・ユグヴァール","","[{""copyright"":""lotte_no_omocha!"",""co_posts"":192,""character_coverage"":1.0},{""copyright"":""megami_magazine"",""co_posts"":3,""character_coverage"":0.015625},{""copyright"":""vocaloid"",""co_posts"":3,""character_coverage"":0.015625},{""copyright"":""c_(control)"",""co_posts"":2,""character_coverage"":0.010417},{""copyright"":""mahou_shoujo_madoka_magica"",""co_posts"":2,""character_coverage"":0.010417}]","","","PENDING",""
"I70-012585","ayla_(pgr)","4","Character","208","ayla_(punishing:_gray_raven)","ayla (punishing: gray raven)","","アイラ","万华 | 溢彩 | 艾拉 | 艾拉万华 | 艾拉溢彩","","[{""copyright"":""punishing:_gray_raven"",""co_posts"":180,""character_coverage"":1.0},{""copyright"":""starry_night_(van_gogh)"",""co_posts"":3,""character_coverage"":0.016667},{""copyright"":""alien_stage"",""co_posts"":1,""character_coverage"":0.005556},{""copyright"":""genshin_impact"",""co_posts"":1,""character_coverage"":0.005556}]","","","PENDING",""
"I70-012586","bitey_(arknights)","4","Character","208","","","","","クヒツム","","[{""copyright"":""arknights"",""co_posts"":196,""character_coverage"":1.0},{""copyright"":""ambience_synesthesia"",""co_posts"":3,""character_coverage"":0.015306},{""copyright"":""dungeon_meshi"",""co_posts"":2,""character_coverage"":0.010204},{""copyright"":""devil_may_cry_(series)"",""co_posts"":1,""character_coverage"":0.005102},{""copyright"":""devil_may_cry_5"",""co_posts"":1,""character_coverage"":0.005102}]","","","PENDING",""
"I70-012587","caenis_(unofficial_casual_wear)_(fate)","4","Character","208","","","","","ねつぞー私服","","[{""copyright"":""fate/grand_order"",""co_posts"":194,""character_coverage"":1.0},{""copyright"":""fate_(series)"",""co_posts"":194,""character_coverage"":1.0},{""copyright"":""kaiten_muten-maru"",""co_posts"":1,""character_coverage"":0.005155}]","","","PENDING",""
"I70-012588","calcharo_(wuthering_waves)","4","Character","208","","","","","カカロ","","[{""copyright"":""wuthering_waves"",""co_posts"":204,""character_coverage"":1.0},{""copyright"":""genshin_impact"",""co_posts"":2,""character_coverage"":0.009804},{""copyright"":""ace_attorney"",""co_posts"":1,""character_coverage"":0.004902},{""copyright"":""carnival_phantasm"",""co_posts"":1,""character_coverage"":0.004902},{""copyright"":""crymachina"",""co_posts"":1,""character_coverage"":0.004902}]","","","PENDING",""
"I70-012589","callie_(agent_1_casual)_(splatoon)","4","Character","208","callie_(agent_1/casual)_(splatoon)","callie (agent 1/casual) (splatoon)","","","","","[{""copyright"":""splatoon_(series)"",""co_posts"":204,""character_coverage"":1.0},{""copyright"":""splatoon_2"",""co_posts"":111,""character_coverage"":0.544118},{""copyright"":""splatoon_1"",""co_posts"":51,""character_coverage"":0.25},{""copyright"":""splatoon_2:_octo_expansion"",""co_posts"":23,""character_coverage"":0.112745},{""copyright"":""splatoon_3"",""co_posts"":11,""character_coverage"":0.053922}]","","","PENDING",""
"I70-012590","chuchu_(pokemon)","4","Character","208","","","","チュチュ","","","[{""copyright"":""pokemon"",""co_posts"":205,""character_coverage"":1.0},{""copyright"":""pokemon_adventures"",""co_posts"":205,""character_coverage"":1.0},{""copyright"":""pokemon_heartgold_and_soulsilver"",""co_posts"":6,""character_coverage"":0.029268},{""copyright"":""pokemon_black_and_white"",""co_posts"":4,""character_coverage"":0.019512},{""copyright"":""pokemon_firered_and_leafgreen"",""co_posts"":3,""character_coverage"":0.014634}]","","","PENDING",""
"I70-012591","ciel_(elsword)","4","Character","208","","","","","シエル（エルワード）","","[{""copyright"":""elsword"",""co_posts"":203,""character_coverage"":1.0},{""copyright"":""cinderella_(fairy_tale)"",""co_posts"":1,""character_coverage"":0.004926},{""copyright"":""jojo_no_kimyou_na_bouken"",""co_posts"":1,""character_coverage"":0.004926},{""copyright"":""vocaloid"",""co_posts"":1,""character_coverage"":0.004926}]","","","PENDING",""
"I70-012592","cure_macherie","4","Character","208","","","","キュアマシェリ","","","[{""copyright"":""precure"",""co_posts"":194,""character_coverage"":1.0},{""copyright"":""hugtto!_precure"",""co_posts"":193,""character_coverage"":0.994845},{""copyright"":""kirakira_precure_a_la_mode"",""co_posts"":16,""character_coverage"":0.082474},{""copyright"":""star_twinkle_precure"",""co_posts"":15,""character_coverage"":0.07732},{""copyright"":""suite_precure"",""co_posts"":15,""character_coverage"":0.07732}]","","","PENDING",""
"I70-012593","elizabeth_(bioshock_infinite)","4","Character","208","","","","エリザベス","","","[{""copyright"":""bioshock_(series)"",""co_posts"":160,""character_coverage"":1.0},{""copyright"":""bioshock_infinite"",""co_posts"":158,""character_coverage"":0.9875},{""copyright"":""persona"",""co_posts"":7,""character_coverage"":0.04375},{""copyright"":""persona_3"",""co_posts"":6,""character_coverage"":0.0375},{""copyright"":""arakawa_under_the_bridge"",""co_posts"":5,""character_coverage"":0.03125}]","","","PENDING",""
"I70-012594","enjoji_michiru","4","Character","208","enjouji_michiru","enjouji michiru","","","円城寺道流","","[{""copyright"":""idolmaster"",""co_posts"":206,""character_coverage"":1.0},{""copyright"":""idolmaster_side-m"",""co_posts"":206,""character_coverage"":1.0},{""copyright"":""idolmaster_side-m_growing_stars"",""co_posts"":14,""character_coverage"":0.067961},{""copyright"":""idolmaster_cinderella_girls"",""co_posts"":8,""character_coverage"":0.038835},{""copyright"":""idolmaster_side-m_live_on_stage!"",""co_posts"":6,""character_coverage"":0.029126}]","","","PENDING",""
"I70-012595","female_commander_(azur_lane)","4","Character","208","","","","女性指揮官(アズールレーン)","","","[{""copyright"":""azur_lane"",""co_posts"":177,""character_coverage"":0.988827},{""copyright"":""original"",""co_posts"":8,""character_coverage"":0.044693},{""copyright"":""ace_combat"",""co_posts"":2,""character_coverage"":0.011173},{""copyright"":""ace_combat_7"",""co_posts"":2,""character_coverage"":0.011173},{""copyright"":""k-on!"",""co_posts"":2,""character_coverage"":0.011173}]","","","PENDING",""
"I70-012596","flint_(arknights)","4","Character","208","","","","フリント(アークナイツ)","燧石","","[{""copyright"":""arknights"",""co_posts"":202,""character_coverage"":1.0},{""copyright"":""a_deer_of_nine_colors"",""co_posts"":3,""character_coverage"":0.014851},{""copyright"":""rainbow_six_siege"",""co_posts"":3,""character_coverage"":0.014851},{""copyright"":""monster_hunter_(series)"",""co_posts"":2,""character_coverage"":0.009901},{""copyright"":""pokemon"",""co_posts"":2,""character_coverage"":0.009901}]","","","PENDING",""
"I70-012597","franken_stein_(soul_eater)","4","Character","208","dr._franken_stein","dr. franken stein","","","フランケン・シュタイン","","[{""copyright"":""soul_eater"",""co_posts"":200,""character_coverage"":1.0},{""copyright"":""bleach"",""co_posts"":2,""character_coverage"":0.01},{""copyright"":""fullmetal_alchemist"",""co_posts"":2,""character_coverage"":0.01},{""copyright"":""helltaker"",""co_posts"":2,""character_coverage"":0.01},{""copyright"":""made_in_abyss"",""co_posts"":2,""character_coverage"":0.01}]","","","PENDING",""
"I70-012598","fuwawa_abyssgard_(new_year)","4","Character","208","fuwawa_abyssgard_(2nd_costume)","fuwawa abyssgard (2nd costume)","","フワワ・アビスガード(正月衣装)","","","[{""copyright"":""hololive"",""co_posts"":197,""character_coverage"":1.0},{""copyright"":""hololive_english"",""co_posts"":197,""character_coverage"":1.0},{""copyright"":""hololive_indonesia"",""co_posts"":2,""character_coverage"":0.010152},{""copyright"":""hololive_dev_is"",""co_posts"":1,""character_coverage"":0.005076},{""copyright"":""metal_gear_(series)"",""co_posts"":1,""character_coverage"":0.005076}]","","","PENDING",""
"I70-012599","galarian_corsola","4","Character","208","","","","","ガラルサニーゴ","","[{""copyright"":""pokemon"",""co_posts"":202,""character_coverage"":1.0},{""copyright"":""pokemon_sword_and_shield"",""co_posts"":52,""character_coverage"":0.257426},{""copyright"":""pokemon_(anime)"",""co_posts"":5,""character_coverage"":0.024752},{""copyright"":""original"",""co_posts"":4,""character_coverage"":0.019802},{""copyright"":""pokemon_(classic_anime)"",""co_posts"":4,""character_coverage"":0.019802}]","","","PENDING",""
"I70-012600","garou_(one-punch_man)","4","Character","208","garou_(onepunch_man)","garou (onepunch man)","","ガロウ(ワンパンマン)","饿狼","","[{""copyright"":""one-punch_man"",""co_posts"":197,""character_coverage"":1.0},{""copyright"":""family_guy"",""co_posts"":3,""character_coverage"":0.015228},{""copyright"":""kono_subarashii_sekai_ni_shukufuku_wo!"",""co_posts"":3,""character_coverage"":0.015228},{""copyright"":""boku_no_hero_academia"",""co_posts"":2,""character_coverage"":0.010152},{""copyright"":""dragon_ball"",""co_posts"":2,""character_coverage"":0.010152}]","","","PENDING",""
"I70-012601","hakos_baelz_(strawberry_onesie)","4","Character","208","hakos_baelz_(5th_costume),hakos_baelz_(sleepwear)","hakos baelz (5th costume) | hakos baelz (sleepwear)","","","","","[{""copyright"":""hololive"",""co_posts"":195,""character_coverage"":1.0},{""copyright"":""hololive_english"",""co_posts"":195,""character_coverage"":1.0},{""copyright"":""ryuu_ga_gotoku_(series)"",""co_posts"":2,""character_coverage"":0.010256},{""copyright"":""amazon_(company)"",""co_posts"":1,""character_coverage"":0.005128},{""copyright"":""domino's_pizza"",""co_posts"":1,""character_coverage"":0.005128}]","","","PENDING",""
"I70-012602","hanazono_shizuma","4","Character","208","","","","","花園静馬","","[{""copyright"":""strawberry_panic!"",""co_posts"":158,""character_coverage"":1.0},{""copyright"":""dengeki_g's"",""co_posts"":3,""character_coverage"":0.018987},{""copyright"":""baby_princess"",""co_posts"":1,""character_coverage"":0.006329},{""copyright"":""gokujou_seitokai"",""co_posts"":1,""character_coverage"":0.006329},{""copyright"":""idolmaster"",""co_posts"":1,""character_coverage"":0.006329}]","","","PENDING",""
"I70-012603","helen_parr","4","Character","208","","","","","ヘレン・パー","","[{""copyright"":""the_incredibles"",""co_posts"":110,""character_coverage"":1.0},{""copyright"":""big_hero_6"",""co_posts"":9,""character_coverage"":0.081818},{""copyright"":""boku_no_hero_academia"",""co_posts"":4,""character_coverage"":0.036364},{""copyright"":""street_fighter"",""co_posts"":4,""character_coverage"":0.036364},{""copyright"":""dexter's_laboratory"",""co_posts"":3,""character_coverage"":0.027273}]","","","PENDING",""
"I70-012604","hitotsubashi_yurie","4","Character","208","","","","一橋ゆりえ","","","[{""copyright"":""kamichu!"",""co_posts"":141,""character_coverage"":1.0},{""copyright"":""megami_magazine"",""co_posts"":9,""character_coverage"":0.06383},{""copyright"":""suzumiya_haruhi_no_yuuutsu"",""co_posts"":3,""character_coverage"":0.021277},{""copyright"":""doraemon"",""co_posts"":2,""character_coverage"":0.014184},{""copyright"":""higurashi_no_naku_koro_ni"",""co_posts"":2,""character_coverage"":0.014184}]","","","PENDING",""
"I70-012605","janine_(pokemon)","4","Character","208","anzu_(pokemon)","anzu (pokemon)","","アンズ | アンズ(トレーナー)","","","[{""copyright"":""pokemon"",""co_posts"":187,""character_coverage"":1.0},{""copyright"":""pokemon_heartgold_and_soulsilver"",""co_posts"":162,""character_coverage"":0.86631},{""copyright"":""pokemon_gold/silver/crystal"",""co_posts"":29,""character_coverage"":0.15508},{""copyright"":""pokemon_firered_and_leafgreen"",""co_posts"":18,""character_coverage"":0.096257},{""copyright"":""pokemon_black_2_and_white_2"",""co_posts"":17,""character_coverage"":0.090909}]","","","PENDING",""
"I70-012606","jeanne_d'arc_(summer)_(granblue_fantasy)","4","Character","208","","","","","JeanneD'Arc（夏）（Granblueファンタジー）","","[{""copyright"":""granblue_fantasy"",""co_posts"":207,""character_coverage"":0.995192},{""copyright"":""cygames"",""co_posts"":4,""character_coverage"":0.019231},{""copyright"":""fate/grand_order"",""co_posts"":3,""character_coverage"":0.014423},{""copyright"":""fate_(series)"",""co_posts"":3,""character_coverage"":0.014423},{""copyright"":""fate/apocrypha"",""co_posts"":2,""character_coverage"":0.009615}]","","","PENDING",""
"I70-012607","kazuki_hana","4","Character","208","","","","","香月華","","[{""copyright"":""chaos;child"",""co_posts"":196,""character_coverage"":1.0},{""copyright"":""science_adventure"",""co_posts"":196,""character_coverage"":1.0},{""copyright"":""chaos;child_love_chu_chu!!"",""co_posts"":35,""character_coverage"":0.178571},{""copyright"":""chaos;head"",""co_posts"":2,""character_coverage"":0.010204},{""copyright"":""blood_tune"",""co_posts"":1,""character_coverage"":0.005102}]","","","PENDING",""
"I70-012608","kougami_shin'ya","4","Character","208","kougami_shinya","kougami shinya","","","狡噛慎也","","[{""copyright"":""psycho-pass"",""co_posts"":198,""character_coverage"":1.0},{""copyright"":""mahou_shoujo_madoka_magica"",""co_posts"":15,""character_coverage"":0.075758},{""copyright"":""mahou_shoujo_madoka_magica_(anime)"",""co_posts"":15,""character_coverage"":0.075758},{""copyright"":""fate/zero"",""co_posts"":3,""character_coverage"":0.015152},{""copyright"":""fate_(series)"",""co_posts"":3,""character_coverage"":0.015152}]","","","PENDING",""
"I70-012609","kuroeda_(elf-san_wa_yaserarenai.)","4","Character","208","kuroeda-san","kuroeda-san","","","黒枝","kuroeda_(plus-sized_elf)","[{""copyright"":""elf-san_wa_yaserarenai."",""co_posts"":185,""character_coverage"":1.0},{""copyright"":""2026_fifa_world_cup"",""co_posts"":1,""character_coverage"":0.005405},{""copyright"":""baldur's_gate"",""co_posts"":1,""character_coverage"":0.005405},{""copyright"":""baldur's_gate_3"",""co_posts"":1,""character_coverage"":0.005405},{""copyright"":""crash_bandicoot_(series)"",""co_posts"":1,""character_coverage"":0.005405}]","","","PENDING",""
"I70-012610","kurosaki_karin","4","Character","208","","","","","黑崎夏梨","","[{""copyright"":""bleach"",""co_posts"":197,""character_coverage"":1.0},{""copyright"":""bleach:_sennen_kessen-hen"",""co_posts"":84,""character_coverage"":0.426396},{""copyright"":""bleach:_epilogue"",""co_posts"":49,""character_coverage"":0.248731},{""copyright"":""bleach:_the_high_school_warfare"",""co_posts"":4,""character_coverage"":0.020305},{""copyright"":""bleach:_brave_souls"",""co_posts"":1,""character_coverage"":0.005076}]","","","PENDING",""
"I70-012611","kusuha_mizuha","4","Character","208","","","","","クスハ・ミズハ","","[{""copyright"":""super_robot_wars"",""co_posts"":186,""character_coverage"":1.0},{""copyright"":""super_robot_wars_original_generation"",""co_posts"":62,""character_coverage"":0.333333},{""copyright"":""super_robot_wars_alpha"",""co_posts"":13,""character_coverage"":0.069892},{""copyright"":""super_robot_wars_the_lord_of_elemental"",""co_posts"":9,""character_coverage"":0.048387},{""copyright"":""the_3rd_super_robot_wars_alpha"",""co_posts"":8,""character_coverage"":0.043011}]","","","PENDING",""
"I70-012612","kusunoki_midori","4","Character","208","","","","楠木みどり","","","[{""copyright"":""higanbana_no_saku_yoru_ni"",""co_posts"":206,""character_coverage"":1.0},{""copyright"":""umineko_no_naku_koro_ni"",""co_posts"":8,""character_coverage"":0.038835},{""copyright"":""higurashi_no_naku_koro_ni"",""co_posts"":4,""character_coverage"":0.019417},{""copyright"":""kantai_collection"",""co_posts"":2,""character_coverage"":0.009709},{""copyright"":""alice's_adventures_in_wonderland"",""co_posts"":1,""character_coverage"":0.004854}]","","","PENDING",""
"I70-012613","laplace_(kamitsubaki_studio)","4","Character","208","","","","らぷらす","","","[{""copyright"":""kamitsubaki_studio"",""co_posts"":205,""character_coverage"":1.0},{""copyright"":""cevio"",""co_posts"":6,""character_coverage"":0.029268},{""copyright"":""sana_channel"",""co_posts"":2,""character_coverage"":0.009756},{""copyright"":""blue_archive"",""co_posts"":1,""character_coverage"":0.004878},{""copyright"":""ch4nge_(cevio)"",""co_posts"":1,""character_coverage"":0.004878}]","","","PENDING",""
"I70-012614","m37_(girls'_frontline)","4","Character","208","ithaca_m37_(girls'_frontline),ithaca_m37_(girls_frontline)","ithaca m37 (girls frontline) | ithaca m37 (girls' frontline)","","M37(ドールズフロントライン)","M37(少女前線)","M37 | ithaca37","[{""copyright"":""girls'_frontline"",""co_posts"":195,""character_coverage"":1.0},{""copyright"":""detroit:_become_human"",""co_posts"":2,""character_coverage"":0.010256},{""copyright"":""looney_tunes"",""co_posts"":2,""character_coverage"":0.010256},{""copyright"":""metal_gear_(series)"",""co_posts"":2,""character_coverage"":0.010256},{""copyright"":""space_jam"",""co_posts"":2,""character_coverage"":0.010256}]","","","PENDING",""
"I70-012615","mafuyu_(vrchat)","4","Character","208","","","","","真冬","","[{""copyright"":""vrchat"",""co_posts"":191,""character_coverage"":1.0},{""copyright"":""escape_from_tarkov"",""co_posts"":1,""character_coverage"":0.005236},{""copyright"":""hololive"",""co_posts"":1,""character_coverage"":0.005236},{""copyright"":""original"",""co_posts"":1,""character_coverage"":0.005236},{""copyright"":""pokemon"",""co_posts"":1,""character_coverage"":0.005236}]","","","PENDING",""
"I70-012616","maia_(blue_archive)","4","Character","208","tachiki_maia","tachiki maia","","","立木マイア","","[{""copyright"":""blue_archive"",""co_posts"":192,""character_coverage"":1.0},{""copyright"":""chainsaw_man"",""co_posts"":1,""character_coverage"":0.005208},{""copyright"":""comiket_107"",""co_posts"":1,""character_coverage"":0.005208},{""copyright"":""dungeon_meshi"",""co_posts"":1,""character_coverage"":0.005208},{""copyright"":""trickcal"",""co_posts"":1,""character_coverage"":0.005208}]","","","PENDING",""
"I70-012617","marie_antoinette_alter_(third_ascension)_(fate)","4","Character","208","marie_antoinette_(alter)_(third_ascension)_(fate)","marie antoinette (alter) (third ascension) (fate)","","","黒いマリー","","[{""copyright"":""fate/grand_order"",""co_posts"":189,""character_coverage"":1.0},{""copyright"":""fate_(series)"",""co_posts"":189,""character_coverage"":1.0},{""copyright"":""fate/requiem"",""co_posts"":14,""character_coverage"":0.074074}]","","","PENDING",""
"I70-012618","met_(mega_man)","4","Character","208","metool","metool","","","メットール","","[{""copyright"":""mega_man_(series)"",""co_posts"":185,""character_coverage"":1.0},{""copyright"":""mega_man_(classic)"",""co_posts"":103,""character_coverage"":0.556757},{""copyright"":""mega_man_battle_network_(series)"",""co_posts"":58,""character_coverage"":0.313514},{""copyright"":""mega_man_x_(series)"",""co_posts"":37,""character_coverage"":0.2},{""copyright"":""mega_man_1"",""co_posts"":23,""character_coverage"":0.124324}]","","","PENDING",""
"I70-012619","minazuki_ruka","4","Character","208","","","","","水無月流歌","","[{""copyright"":""fatal_frame"",""co_posts"":191,""character_coverage"":1.0},{""copyright"":""fatal_frame:_mask_of_the_lunar_eclipse"",""co_posts"":191,""character_coverage"":1.0},{""copyright"":""fatal_frame_iii:_the_tormented"",""co_posts"":21,""character_coverage"":0.109948},{""copyright"":""fatal_frame_ii:_crimson_butterfly"",""co_posts"":20,""character_coverage"":0.104712},{""copyright"":""fatal_frame_1"",""co_posts"":9,""character_coverage"":0.04712}]","","","PENDING",""
"I70-012620","ninjask","4","Character","208","","","","","テッカニン","","[{""copyright"":""pokemon"",""co_posts"":189,""character_coverage"":1.0},{""copyright"":""pokemon_ruby/sapphire/emerald"",""co_posts"":16,""character_coverage"":0.084656},{""copyright"":""pokemon_(anime)"",""co_posts"":15,""character_coverage"":0.079365},{""copyright"":""pokemon_omega_ruby_and_alpha_sapphire"",""co_posts"":11,""character_coverage"":0.058201},{""copyright"":""pokemon_the_series:_diamond_and_pearl"",""co_posts"":11,""character_coverage"":0.058201}]","","","PENDING",""
"I70-012621","nishi_yuuko","4","Character","208","","","","","西由宇子","","[{""copyright"":""a_channel"",""co_posts"":185,""character_coverage"":1.0},{""copyright"":""manga_time_kirara"",""co_posts"":10,""character_coverage"":0.054054},{""copyright"":""k-on!"",""co_posts"":4,""character_coverage"":0.021622},{""copyright"":""megami_magazine"",""co_posts"":4,""character_coverage"":0.021622},{""copyright"":""kirara_fantasia"",""co_posts"":3,""character_coverage"":0.016216}]","","","PENDING",""
"I70-012622","pansear","4","Character","208","baoppu","baoppu","","","バオップ","","[{""copyright"":""pokemon"",""co_posts"":199,""character_coverage"":1.0},{""copyright"":""pokemon_black_and_white"",""co_posts"":95,""character_coverage"":0.477387},{""copyright"":""pokemon_black_2_and_white_2"",""co_posts"":15,""character_coverage"":0.075377},{""copyright"":""pokemon_diamond/pearl/platinum"",""co_posts"":11,""character_coverage"":0.055276},{""copyright"":""pokemon_(anime)"",""co_posts"":8,""character_coverage"":0.040201}]","","","PENDING",""
"I70-012623","penguin_1-gou","4","Character","208","","","","","ペンギン一号","","[{""copyright"":""mawaru_penguindrum"",""co_posts"":201,""character_coverage"":0.99505},{""copyright"":""mahou_shoujo_madoka_magica"",""co_posts"":4,""character_coverage"":0.019802},{""copyright"":""mahou_shoujo_madoka_magica_(anime)"",""co_posts"":4,""character_coverage"":0.019802},{""copyright"":""megami_magazine"",""co_posts"":3,""character_coverage"":0.014851},{""copyright"":""touhou"",""co_posts"":3,""character_coverage"":0.014851}]","","","PENDING",""
"I70-012624","poli_(nikke)","4","Character","208","","","","ポリ(NIKKE) | ポリ(勝利の女神:NIKKE)","","","[{""copyright"":""goddess_of_victory:_nikke"",""co_posts"":190,""character_coverage"":1.0},{""copyright"":""resident_evil"",""co_posts"":6,""character_coverage"":0.031579},{""copyright"":""arknights"",""co_posts"":3,""character_coverage"":0.015789},{""copyright"":""resident_evil_2"",""co_posts"":3,""character_coverage"":0.015789},{""copyright"":""resident_evil_2_(remake)"",""co_posts"":3,""character_coverage"":0.015789}]","","","PENDING",""
"I70-012625","seteth_(fire_emblem)","4","Character","208","","","","セテス","","","[{""copyright"":""fire_emblem"",""co_posts"":190,""character_coverage"":1.0},{""copyright"":""fire_emblem:_three_houses"",""co_posts"":187,""character_coverage"":0.984211},{""copyright"":""fire_emblem_heroes"",""co_posts"":22,""character_coverage"":0.115789},{""copyright"":""fire_emblem_awakening"",""co_posts"":8,""character_coverage"":0.042105},{""copyright"":""fire_emblem_fates"",""co_posts"":6,""character_coverage"":0.031579}]","","","PENDING",""
"I70-012626","shindou_chihiro","4","Character","208","","","","","新藤千尋","","[{""copyright"":""ef_(visual_novel)"",""co_posts"":191,""character_coverage"":1.0},{""copyright"":""shaft_(company)"",""co_posts"":7,""character_coverage"":0.036649},{""copyright"":""sayonara_zetsubou_sensei"",""co_posts"":6,""character_coverage"":0.031414},{""copyright"":""pani_poni_dash!"",""co_posts"":5,""character_coverage"":0.026178},{""copyright"":""tsukuyomi_moonphase"",""co_posts"":5,""character_coverage"":0.026178}]","","","PENDING",""
"I70-012627","shiratama_(shiranami_ramune)","4","Character","208","","","","","しらたま","","[]","","","PENDING",""
"I70-012628","tirena_(pair_tabi_skinship)","4","Character","208","","","","","","","[{""copyright"":""pair_tabi_skinship"",""co_posts"":208,""character_coverage"":1.0}]","","","PENDING",""
"I70-012629","toono_mizuki","4","Character","208","tohno_mizuki","tohno mizuki","","遠野みづき","","","[{""copyright"":""super_real_mahjong"",""co_posts"":200,""character_coverage"":1.0},{""copyright"":""alien_(1979)"",""co_posts"":1,""character_coverage"":0.005},{""copyright"":""alien_(series)"",""co_posts"":1,""character_coverage"":0.005},{""copyright"":""ghostbusters"",""co_posts"":1,""character_coverage"":0.005},{""copyright"":""harry_potter_(series)"",""co_posts"":1,""character_coverage"":0.005}]","","","PENDING",""
"I70-012630","tsuruki_shizuka","4","Character","208","","","","鶴姫しずか","","","[{""copyright"":""girls_und_panzer"",""co_posts"":186,""character_coverage"":1.0},{""copyright"":""girls_und_panzer_ribbon_no_musha"",""co_posts"":184,""character_coverage"":0.989247},{""copyright"":""girls_und_panzer_senshadou_daisakusen!"",""co_posts"":10,""character_coverage"":0.053763},{""copyright"":""girls_und_panzer_gekitou!_maginot-sen_desu!!"",""co_posts"":5,""character_coverage"":0.026882},{""copyright"":""girls_und_panzer_little_army"",""co_posts"":5,""character_coverage"":0.026882}]","","","PENDING",""
"I70-012631","tuye_(arknights)","4","Character","208","","","","トゥイエ(アークナイツ)","图耶","Tuye","[{""copyright"":""arknights"",""co_posts"":201,""character_coverage"":1.0},{""copyright"":""a_deer_of_nine_colors"",""co_posts"":3,""character_coverage"":0.014925},{""copyright"":""blue_archive"",""co_posts"":3,""character_coverage"":0.014925},{""copyright"":""rainbow_six_siege"",""co_posts"":3,""character_coverage"":0.014925},{""copyright"":""monster_hunter_(series)"",""co_posts"":2,""character_coverage"":0.00995}]","","","PENDING",""
"I70-012632","varus_(league)","4","Character","208","varus","varus","","","ヴァラス","","[{""copyright"":""league_of_legends"",""co_posts"":202,""character_coverage"":1.0},{""copyright"":""legends_of_runeterra"",""co_posts"":5,""character_coverage"":0.024752},{""copyright"":""avengers:_age_of_ultron"",""co_posts"":2,""character_coverage"":0.009901},{""copyright"":""avengers_(series)"",""co_posts"":2,""character_coverage"":0.009901},{""copyright"":""marvel"",""co_posts"":2,""character_coverage"":0.009901}]","","","PENDING",""
"I70-012633","viktoriya_ivanovna_serebryakov","4","Character","208","visha","visha","","ヴィクトーリヤ・イヴァーノヴナ・セレブリャコーフ | ヴィーシャ","","","[{""copyright"":""youjo_senki"",""co_posts"":187,""character_coverage"":0.994681},{""copyright"":""isekai_quartet"",""co_posts"":16,""character_coverage"":0.085106},{""copyright"":""re:zero_kara_hajimeru_isekai_seikatsu"",""co_posts"":13,""character_coverage"":0.069149},{""copyright"":""kono_subarashii_sekai_ni_shukufuku_wo!"",""co_posts"":11,""character_coverage"":0.058511},{""copyright"":""overlord_(maruyama)"",""co_posts"":10,""character_coverage"":0.053191}]","","","PENDING",""
"I70-012634","william_shakespeare_(fate)","4","Character","208","","","","","ウィリアム・シェイクスピア(Fate)","","[{""copyright"":""fate_(series)"",""co_posts"":192,""character_coverage"":1.0},{""copyright"":""fate/grand_order"",""co_posts"":136,""character_coverage"":0.708333},{""copyright"":""fate/apocrypha"",""co_posts"":91,""character_coverage"":0.473958},{""copyright"":""fate/extra"",""co_posts"":20,""character_coverage"":0.104167},{""copyright"":""fate/extra_ccc"",""co_posts"":13,""character_coverage"":0.067708}]","","","PENDING",""
"I70-012635","zen'in_mai","4","Character","208","","","","","禪院真依","","[{""copyright"":""jujutsu_kaisen"",""co_posts"":193,""character_coverage"":1.0},{""copyright"":""chainsaw_man"",""co_posts"":2,""character_coverage"":0.010363},{""copyright"":""real_life"",""co_posts"":2,""character_coverage"":0.010363},{""copyright"":""bleach"",""co_posts"":1,""character_coverage"":0.005181},{""copyright"":""code_geass"",""co_posts"":1,""character_coverage"":0.005181}]","","","PENDING",""
"I70-012636","zhu_yaoxing","4","Character","208","","","","","朱耀星","","[{""copyright"":""touqi_guaitan"",""co_posts"":208,""character_coverage"":1.0},{""copyright"":""starbucks"",""co_posts"":4,""character_coverage"":0.019231},{""copyright"":""hello_kitty"",""co_posts"":2,""character_coverage"":0.009615},{""copyright"":""mcdonald's"",""co_posts"":2,""character_coverage"":0.009615},{""copyright"":""sanrio"",""co_posts"":2,""character_coverage"":0.009615}]","","","PENDING",""
"I70-012637","aldra_(queen's_blade)","4","Character","207","aldora","aldora","","アルドラ","","","[{""copyright"":""queen's_blade"",""co_posts"":187,""character_coverage"":1.0},{""copyright"":""queen's_blade_rebellion"",""co_posts"":62,""character_coverage"":0.331551},{""copyright"":""queen's_blade_unlimited"",""co_posts"":16,""character_coverage"":0.085561},{""copyright"":""queen's_blade_white_triangle"",""co_posts"":12,""character_coverage"":0.064171},{""copyright"":""vanquished_queens"",""co_posts"":7,""character_coverage"":0.037433}]","","","PENDING",""
"I70-012638","arjuna_alter_(first_ascension)_(fate)","4","Character","207","","","","","","","[{""copyright"":""fate/grand_order"",""co_posts"":200,""character_coverage"":1.0},{""copyright"":""fate_(series)"",""co_posts"":200,""character_coverage"":1.0},{""copyright"":""fate/apocrypha"",""co_posts"":8,""character_coverage"":0.04},{""copyright"":""fate/grand_order_arcade"",""co_posts"":3,""character_coverage"":0.015},{""copyright"":""fate/extra"",""co_posts"":2,""character_coverage"":0.01}]","","","PENDING",""
"I70-012639","bakura_ryou","4","Character","207","","","","","獏良了","","[{""copyright"":""yu-gi-oh!"",""co_posts"":175,""character_coverage"":1.0},{""copyright"":""yu-gi-oh!_duel_monsters"",""co_posts"":162,""character_coverage"":0.925714},{""copyright"":""yu-gi-oh!_gx"",""co_posts"":6,""character_coverage"":0.034286},{""copyright"":""yu-gi-oh!_5d's"",""co_posts"":5,""character_coverage"":0.028571},{""copyright"":""touhou"",""co_posts"":4,""character_coverage"":0.022857}]","","","PENDING",""
"I70-012640","bianca_(pokemon_heroes)","4","Character","207","bianca_(pokemon_m05),kanon_(pokemon)","bianca (pokemon m05) | kanon (pokemon)","","カノン | カノン(ポケモン)","","","[{""copyright"":""pokemon"",""co_posts"":172,""character_coverage"":1.0},{""copyright"":""pokemon_(anime)"",""co_posts"":169,""character_coverage"":0.982558},{""copyright"":""pokemon_(classic_anime)"",""co_posts"":169,""character_coverage"":0.982558},{""copyright"":""pokemon_heroes:_latios_&_latias"",""co_posts"":167,""character_coverage"":0.97093},{""copyright"":""pokemon_the_series:_ruby_and_sapphire"",""co_posts"":13,""character_coverage"":0.075581}]","","","PENDING",""
"I70-012641","bkornblume","4","Character","207","","","","コーンブルメ","柏林以东","","[{""copyright"":""reverse:1999"",""co_posts"":201,""character_coverage"":1.0},{""copyright"":""coca-cola"",""co_posts"":1,""character_coverage"":0.004975},{""copyright"":""library_of_ruina"",""co_posts"":1,""character_coverage"":0.004975},{""copyright"":""project_moon"",""co_posts"":1,""character_coverage"":0.004975},{""copyright"":""youtube"",""co_posts"":1,""character_coverage"":0.004975}]","","","PENDING",""
"I70-012642","brooklyn_(kancolle)","4","Character","207","","","","Brooklyn(艦これ) | Brooklyn(艦隊これくしょん) | ブルックリン | ブルックリン(艦これ) | ブルックリン(艦隊これくしょん)","布鲁克林","Brooklyn","[{""copyright"":""kantai_collection"",""co_posts"":198,""character_coverage"":1.0},{""copyright"":""gundam"",""co_posts"":3,""character_coverage"":0.015152},{""copyright"":""gundam_seed"",""co_posts"":3,""character_coverage"":0.015152},{""copyright"":""godzilla_(series)"",""co_posts"":1,""character_coverage"":0.005051},{""copyright"":""hooters"",""co_posts"":1,""character_coverage"":0.005051}]","","","PENDING",""
"I70-012643","cardinal_(ragnarok_online)","4","Character","207","","","","","カーディナル","","[{""copyright"":""ragnarok_online"",""co_posts"":200,""character_coverage"":1.0},{""copyright"":""egyptian_mythology"",""co_posts"":1,""character_coverage"":0.005}]","","","PENDING",""
"I70-012644","changli_(laurel_nymph)_(wuthering_waves)","4","Character","207","","","","","长离(桂枝宁芙)","","[{""copyright"":""wuthering_waves"",""co_posts"":191,""character_coverage"":1.0},{""copyright"":""comiket_107"",""co_posts"":3,""character_coverage"":0.015707},{""copyright"":""fire_emblem"",""co_posts"":2,""character_coverage"":0.010471},{""copyright"":""fire_emblem_fates"",""co_posts"":2,""character_coverage"":0.010471},{""copyright"":""kuro_games"",""co_posts"":2,""character_coverage"":0.010471}]","","","PENDING",""
"I70-012645","cheryl_(pokemon)","4","Character","207","momi_(pokemon)","momi (pokemon)","","モミ | モミ(トレーナー)","","","[{""copyright"":""pokemon"",""co_posts"":174,""character_coverage"":1.0},{""copyright"":""pokemon_diamond/pearl/platinum"",""co_posts"":165,""character_coverage"":0.948276},{""copyright"":""pokemon_platinum"",""co_posts"":16,""character_coverage"":0.091954},{""copyright"":""pokemon_(anime)"",""co_posts"":8,""character_coverage"":0.045977},{""copyright"":""pokemon_legends:_arceus"",""co_posts"":8,""character_coverage"":0.045977}]","","","PENDING",""
"I70-012646","chigusa_asuha","4","Character","207","","","","","千種明日葉","","[{""copyright"":""qualidea_code"",""co_posts"":202,""character_coverage"":1.0},{""copyright"":""animedia"",""co_posts"":1,""character_coverage"":0.00495},{""copyright"":""nitroplus"",""co_posts"":1,""character_coverage"":0.00495}]","","","PENDING",""
"I70-012647","chikage_(sister_princess)","4","Character","207","","","","","千影","","[{""copyright"":""sister_princess"",""co_posts"":189,""character_coverage"":1.0},{""copyright"":""urusei_yatsura"",""co_posts"":4,""character_coverage"":0.021164},{""copyright"":""fate/stay_night"",""co_posts"":2,""character_coverage"":0.010582},{""copyright"":""fate_(series)"",""co_posts"":2,""character_coverage"":0.010582},{""copyright"":""2channel"",""co_posts"":1,""character_coverage"":0.005291}]","","","PENDING",""
"I70-012648","chuugoku_usagi","4","Character","207","","","","中国うさぎ","","","[{""copyright"":""voicevox"",""co_posts"":187,""character_coverage"":0.939698},{""copyright"":""utau"",""co_posts"":37,""character_coverage"":0.18593},{""copyright"":""voiceroid"",""co_posts"":17,""character_coverage"":0.085427},{""copyright"":""a.i._voice"",""co_posts"":3,""character_coverage"":0.015075},{""copyright"":""vocaloid"",""co_posts"":3,""character_coverage"":0.015075}]","","","PENDING",""
"I70-012649","duo_maxwell","4","Character","207","","","","","デュオ・マックスウェル","","[{""copyright"":""gundam"",""co_posts"":183,""character_coverage"":1.0},{""copyright"":""gundam_wing"",""co_posts"":183,""character_coverage"":1.0},{""copyright"":""gundam_00"",""co_posts"":20,""character_coverage"":0.10929},{""copyright"":""zeta_gundam"",""co_posts"":19,""character_coverage"":0.103825},{""copyright"":""mobile_suit_gundam"",""co_posts"":17,""character_coverage"":0.092896}]","","","PENDING",""
"I70-012650","ezra_(project_moon)","4","Character","207","ezra_(the_distortion_detective)","ezra (the distortion detective)","","","","","[{""copyright"":""project_moon"",""co_posts"":189,""character_coverage"":1.0},{""copyright"":""limbus_company"",""co_posts"":138,""character_coverage"":0.730159},{""copyright"":""the_distortion_detective"",""co_posts"":114,""character_coverage"":0.603175},{""copyright"":""library_of_ruina"",""co_posts"":6,""character_coverage"":0.031746},{""copyright"":""lobotomy_corporation"",""co_posts"":6,""character_coverage"":0.031746}]","","","PENDING",""
"I70-012651","goldenglow_(maiden_for_the_bright_night)_(arknights)","4","Character","207","","","","","","","[{""copyright"":""arknights"",""co_posts"":206,""character_coverage"":1.0},{""copyright"":""hello_kitty"",""co_posts"":2,""character_coverage"":0.009709},{""copyright"":""sanrio"",""co_posts"":2,""character_coverage"":0.009709},{""copyright"":""ambience_synesthesia"",""co_posts"":1,""character_coverage"":0.004854},{""copyright"":""code_geass"",""co_posts"":1,""character_coverage"":0.004854}]","","","PENDING",""
"I70-012652","golduck","4","Character","207","","","","","ゴルダック","","[{""copyright"":""pokemon"",""co_posts"":192,""character_coverage"":1.0},{""copyright"":""pokemon_(anime)"",""co_posts"":27,""character_coverage"":0.140625},{""copyright"":""pokemon_(classic_anime)"",""co_posts"":22,""character_coverage"":0.114583},{""copyright"":""pokemon_red/green/blue/yellow"",""co_posts"":21,""character_coverage"":0.109375},{""copyright"":""pokemon_heartgold_and_soulsilver"",""co_posts"":18,""character_coverage"":0.09375}]","","","PENDING",""
"I70-012653","guilty_(nikke)","4","Character","207","","","","ギルティ(勝利の女神:NIKKE)","","","[{""copyright"":""goddess_of_victory:_nikke"",""co_posts"":184,""character_coverage"":1.0},{""copyright"":""comiket_102"",""co_posts"":1,""character_coverage"":0.005435},{""copyright"":""fate/grand_order"",""co_posts"":1,""character_coverage"":0.005435},{""copyright"":""fate_(series)"",""co_posts"":1,""character_coverage"":0.005435},{""copyright"":""twitter"",""co_posts"":1,""character_coverage"":0.005435}]","","","PENDING",""
"I70-012654","hakubi_washuu","4","Character","207","","","","","白眉鷲羽 | 鷲羽","","[{""copyright"":""tenchi_muyou!"",""co_posts"":179,""character_coverage"":1.0},{""copyright"":""tenchi_muyou!_uchuu_hen"",""co_posts"":37,""character_coverage"":0.206704},{""copyright"":""tenchi_muyou!_ryou-ouki"",""co_posts"":22,""character_coverage"":0.122905},{""copyright"":""mahou_shoujo_pretty_sammy"",""co_posts"":3,""character_coverage"":0.01676},{""copyright"":""tsukihime"",""co_posts"":3,""character_coverage"":0.01676}]","","","PENDING",""
"I70-012655","hakuji_(kimetsu_no_yaiba)","4","Character","207","","","","","狛恋","","[{""copyright"":""kimetsu_no_yaiba"",""co_posts"":196,""character_coverage"":1.0},{""copyright"":""kimetsu_gakuen"",""co_posts"":6,""character_coverage"":0.030612},{""copyright"":""chainsaw_man"",""co_posts"":2,""character_coverage"":0.010204},{""copyright"":""made_in_abyss"",""co_posts"":1,""character_coverage"":0.005102}]","","","PENDING",""
"I70-012656","han_sooyoung_(1863rd_turn)","4","Character","207","","","","","","","[{""copyright"":""omniscient_reader's_viewpoint"",""co_posts"":205,""character_coverage"":1.0},{""copyright"":""inward_(itwasleo)"",""co_posts"":1,""character_coverage"":0.004878},{""copyright"":""shiguang_dailiren"",""co_posts"":1,""character_coverage"":0.004878},{""copyright"":""starry_night_(van_gogh)"",""co_posts"":1,""character_coverage"":0.004878},{""copyright"":""tomie"",""co_posts"":1,""character_coverage"":0.004878}]","","","PENDING",""
"I70-012657","hazuki_watora","4","Character","207","watora_(pepepe)","watora (pepepe)","","ワトラ | ワトラちゃん | 葉月ワトラ","","","[{""copyright"":""original"",""co_posts"":203,""character_coverage"":1.0},{""copyright"":""kantai_collection"",""co_posts"":5,""character_coverage"":0.024631},{""copyright"":""quiz_magic_academy"",""co_posts"":3,""character_coverage"":0.014778},{""copyright"":""toradora!"",""co_posts"":2,""character_coverage"":0.009852},{""copyright"":""comiket_103"",""co_posts"":1,""character_coverage"":0.004926}]","","","PENDING",""
"I70-012658","hongryeon_(last_origin)","4","Character","207","c-77_hongryeon","c-77 hongryeon","","","C-77紅蓮","C-77 | C-77_홍련 | C-77홍련 | 홍련","[{""copyright"":""last_origin"",""co_posts"":192,""character_coverage"":1.0},{""copyright"":""who_framed_roger_rabbit"",""co_posts"":3,""character_coverage"":0.015625},{""copyright"":""comic_lo"",""co_posts"":1,""character_coverage"":0.005208},{""copyright"":""fate/grand_order"",""co_posts"":1,""character_coverage"":0.005208},{""copyright"":""fate_(series)"",""co_posts"":1,""character_coverage"":0.005208}]","","","PENDING",""
"I70-012659","idunn_(fire_emblem)","4","Character","207","idoun","idoun","","イドゥン | イドゥン(ファイアーエムブレム)","","","[{""copyright"":""fire_emblem"",""co_posts"":184,""character_coverage"":1.0},{""copyright"":""fire_emblem:_the_binding_blade"",""co_posts"":181,""character_coverage"":0.983696},{""copyright"":""fire_emblem_heroes"",""co_posts"":77,""character_coverage"":0.418478},{""copyright"":""fire_emblem_awakening"",""co_posts"":10,""character_coverage"":0.054348},{""copyright"":""fire_emblem:_shadow_dragon"",""co_posts"":7,""character_coverage"":0.038043}]","","","PENDING",""
"I70-012660","j_(reverse:1999)","4","Character","207","joe_(reverse:1999)","joe (reverse:1999)","","","重返未来J","","[{""copyright"":""reverse:1999"",""co_posts"":198,""character_coverage"":1.0},{""copyright"":""cardcaptor_sakura"",""co_posts"":1,""character_coverage"":0.005051},{""copyright"":""crayon_shin-chan"",""co_posts"":1,""character_coverage"":0.005051},{""copyright"":""original"",""co_posts"":1,""character_coverage"":0.005051},{""copyright"":""xinyue_tongxing"",""co_posts"":1,""character_coverage"":0.005051}]","","","PENDING",""
"I70-012661","johnston_kai_(swimsuit)_(kancolle)","4","Character","207","","","","","ジョンストン改(水着)","","[{""copyright"":""kantai_collection"",""co_posts"":198,""character_coverage"":1.0},{""copyright"":""comiket_100"",""co_posts"":2,""character_coverage"":0.010101},{""copyright"":""2024_summer_olympics"",""co_posts"":1,""character_coverage"":0.005051},{""copyright"":""comiket_106"",""co_posts"":1,""character_coverage"":0.005051},{""copyright"":""fate/grand_order"",""co_posts"":1,""character_coverage"":0.005051}]","","","PENDING",""
"I70-012662","joseph_joestar_(tequila)","4","Character","207","","","","","テキーラ娘","","[{""copyright"":""jojo_no_kimyou_na_bouken"",""co_posts"":204,""character_coverage"":1.0},{""copyright"":""battle_tendency"",""co_posts"":189,""character_coverage"":0.926471},{""copyright"":""stardust_crusaders"",""co_posts"":31,""character_coverage"":0.151961},{""copyright"":""diamond_wa_kudakenai"",""co_posts"":17,""character_coverage"":0.083333},{""copyright"":""phantom_blood"",""co_posts"":13,""character_coverage"":0.063725}]","","","PENDING",""
"I70-012663","kimijima_sara","4","Character","207","","","","","キミジマサラ","","[{""copyright"":""orenchi_no_meidosan"",""co_posts"":206,""character_coverage"":1.0},{""copyright"":""original"",""co_posts"":206,""character_coverage"":1.0},{""copyright"":""cookie_clicker"",""co_posts"":1,""character_coverage"":0.004854}]","","","PENDING",""
"I70-012664","kurogane_tama","4","Character","207","","","","","黒鉄たま","","[{""copyright"":""denonbu"",""co_posts"":207,""character_coverage"":1.0},{""copyright"":""d4dj"",""co_posts"":2,""character_coverage"":0.009662},{""copyright"":""alice's_adventures_in_wonderland"",""co_posts"":1,""character_coverage"":0.004831},{""copyright"":""bandai_namco"",""co_posts"":1,""character_coverage"":0.004831},{""copyright"":""original"",""co_posts"":1,""character_coverage"":0.004831}]","","","PENDING",""
"I70-012665","laffey_ii_(azur_lane)","4","Character","207","","","","ラフィーII(アズールレーン)","","","[{""copyright"":""azur_lane"",""co_posts"":193,""character_coverage"":1.0},{""copyright"":""blue_archive"",""co_posts"":2,""character_coverage"":0.010363},{""copyright"":""comiket_107"",""co_posts"":1,""character_coverage"":0.005181}]","","","PENDING",""
"I70-012666","leonardo_(tmnt)","4","Character","207","","","","","レオナルド(タートルズ)","","[{""copyright"":""teenage_mutant_ninja_turtles"",""co_posts"":161,""character_coverage"":0.993827},{""copyright"":""teenage_mutant_ninja_turtles_(1987)"",""co_posts"":16,""character_coverage"":0.098765},{""copyright"":""mario_(series)"",""co_posts"":12,""character_coverage"":0.074074},{""copyright"":""pokemon"",""co_posts"":12,""character_coverage"":0.074074},{""copyright"":""dragon_ball"",""co_posts"":10,""character_coverage"":0.061728}]","","","PENDING",""
"I70-012667","liv:_eclipse_(pgr)","4","Character","207","liv:_eclipse_(punishing:_gray_raven)","liv: eclipse (punishing: gray raven)","","","蚀暗","","[{""copyright"":""punishing:_gray_raven"",""co_posts"":197,""character_coverage"":1.0},{""copyright"":""devil_may_cry_(series)"",""co_posts"":3,""character_coverage"":0.015228},{""copyright"":""devil_may_cry_5"",""co_posts"":3,""character_coverage"":0.015228},{""copyright"":""kuro_games"",""co_posts"":2,""character_coverage"":0.010152},{""copyright"":""wuthering_waves"",""co_posts"":2,""character_coverage"":0.010152}]","","","PENDING",""
"I70-012668","m4_sopmod_ii_(mod3)_(girls'_frontline)","4","Character","207","","","","","","","[{""copyright"":""girls'_frontline"",""co_posts"":198,""character_coverage"":1.0},{""copyright"":""arknights"",""co_posts"":7,""character_coverage"":0.035354},{""copyright"":""helltaker"",""co_posts"":5,""character_coverage"":0.025253},{""copyright"":""girls'_frontline_2:_exilium"",""co_posts"":3,""character_coverage"":0.015152},{""copyright"":""girls'_frontline_neural_cloud"",""co_posts"":3,""character_coverage"":0.015152}]","","","PENDING",""
"I70-012669","magical_mirai_miku_(2020_summer)","4","Character","207","magimirai_miku_(2020_summer)","magimirai miku (2020 summer)","","マジカルミライ2020","","","[{""copyright"":""vocaloid"",""co_posts"":197,""character_coverage"":1.0},{""copyright"":""magical_mirai_(vocaloid)"",""co_posts"":196,""character_coverage"":0.994924},{""copyright"":""hatsune_miku_graphy_collection"",""co_posts"":3,""character_coverage"":0.015228},{""copyright"":""odds_&_ends_(vocaloid)"",""co_posts"":3,""character_coverage"":0.015228},{""copyright"":""piapro_studio"",""co_posts"":3,""character_coverage"":0.015228}]","","","PENDING",""
"I70-012670","magical_mirai_miku_(2026)","4","Character","207","","","","","マジカルミライ2026","","[{""copyright"":""vocaloid"",""co_posts"":111,""character_coverage"":1.0},{""copyright"":""magical_mirai_(vocaloid)"",""co_posts"":110,""character_coverage"":0.990991},{""copyright"":""synthesizer_v"",""co_posts"":6,""character_coverage"":0.054054},{""copyright"":""goodsmile_company"",""co_posts"":1,""character_coverage"":0.009009},{""copyright"":""goodsmile_racing"",""co_posts"":1,""character_coverage"":0.009009}]","","","PENDING",""
"I70-012671","marie_(alice_sherlock)","4","Character","207","","","","","","","[{""copyright"":""alice_sherlock:_the_rubious_nebula"",""co_posts"":207,""character_coverage"":1.0}]","","","PENDING",""
"I70-012672","mirror_maiden_(genshin_impact)","4","Character","207","","","","ミラーメイデン","","","[{""copyright"":""genshin_impact"",""co_posts"":179,""character_coverage"":1.0},{""copyright"":""kono_subarashii_sekai_ni_shukufuku_wo!"",""co_posts"":3,""character_coverage"":0.01676},{""copyright"":""kono_subarashii_sekai_ni_shukufuku_wo!:_kurenai_densetsu"",""co_posts"":3,""character_coverage"":0.01676},{""copyright"":""gundam"",""co_posts"":1,""character_coverage"":0.005587},{""copyright"":""gundam:_hathaway's_flash"",""co_posts"":1,""character_coverage"":0.005587}]","","","PENDING",""
"I70-012673","mori_calliope_(rock_bunny)","4","Character","207","mori_calliope_(rock),mori_calliope_(9th_costume)","mori calliope (9th costume) | mori calliope (rock)","","","","","[{""copyright"":""hololive"",""co_posts"":196,""character_coverage"":1.0},{""copyright"":""hololive_english"",""co_posts"":196,""character_coverage"":1.0},{""copyright"":""hololive_indonesia"",""co_posts"":5,""character_coverage"":0.02551},{""copyright"":""bocchi_the_rock!"",""co_posts"":2,""character_coverage"":0.010204},{""copyright"":""devil_may_cry_(series)"",""co_posts"":2,""character_coverage"":0.010204}]","","","PENDING",""
"I70-012674","nitocris_(third_ascension)_(fate)","4","Character","207","","","","","ニトクリス（第三の昇天）（運命）","","[{""copyright"":""fate/grand_order"",""co_posts"":200,""character_coverage"":1.0},{""copyright"":""fate_(series)"",""co_posts"":200,""character_coverage"":1.0},{""copyright"":""code_geass"",""co_posts"":4,""character_coverage"":0.02},{""copyright"":""egyptian_mythology"",""co_posts"":3,""character_coverage"":0.015},{""copyright"":""fate/grand_order_arcade"",""co_posts"":1,""character_coverage"":0.005}]","","","PENDING",""
"I70-012675","opal_(pokemon)","4","Character","207","poplar_(pokemon)","poplar (pokemon)","","ポプラ | ポプラ(トレーナー)","","","[{""copyright"":""pokemon"",""co_posts"":201,""character_coverage"":1.0},{""copyright"":""pokemon_sword_and_shield"",""co_posts"":197,""character_coverage"":0.9801},{""copyright"":""pokemon_scarlet_and_violet"",""co_posts"":7,""character_coverage"":0.034826},{""copyright"":""pokemon_x_and_y"",""co_posts"":7,""character_coverage"":0.034826},{""copyright"":""howl_no_ugoku_shiro"",""co_posts"":4,""character_coverage"":0.0199}]","","","PENDING",""
"I70-012676","oribe_tsubasa","4","Character","207","","","","織部つばさ","","","[{""copyright"":""fire_emblem"",""co_posts"":175,""character_coverage"":1.0},{""copyright"":""tokyo_mirage_sessions_fe"",""co_posts"":174,""character_coverage"":0.994286},{""copyright"":""fire_emblem_heroes"",""co_posts"":22,""character_coverage"":0.125714},{""copyright"":""fire_emblem:_mystery_of_the_emblem"",""co_posts"":13,""character_coverage"":0.074286},{""copyright"":""fire_emblem_awakening"",""co_posts"":10,""character_coverage"":0.057143}]","","","PENDING",""
"I70-012677","patricia_thompson","4","Character","207","","","","パティ・トンプソン | パトリシア・トンプソン","","","[{""copyright"":""soul_eater"",""co_posts"":183,""character_coverage"":1.0},{""copyright"":""newtype"",""co_posts"":2,""character_coverage"":0.010929},{""copyright"":""omori"",""co_posts"":2,""character_coverage"":0.010929},{""copyright"":""apple_inc."",""co_posts"":1,""character_coverage"":0.005464},{""copyright"":""boku_no_hero_academia"",""co_posts"":1,""character_coverage"":0.005464}]","","","PENDING",""
"I70-012678","penguin_(one_piece)","4","Character","207","","","","","ペンギン(ONEPIECE)","","[{""copyright"":""one_piece"",""co_posts"":198,""character_coverage"":1.0},{""copyright"":""one_piece_card_game"",""co_posts"":5,""character_coverage"":0.025253},{""copyright"":""batman_(series)"",""co_posts"":1,""character_coverage"":0.005051},{""copyright"":""breaking_bad"",""co_posts"":1,""character_coverage"":0.005051},{""copyright"":""dc_comics"",""co_posts"":1,""character_coverage"":0.005051}]","","","PENDING",""
"I70-012679","red_shoes_(nikke)","4","Character","207","","","","","レッドシューズ(勝利の女神:NIKKE)","","[{""copyright"":""goddess_of_victory:_nikke"",""co_posts"":175,""character_coverage"":1.0},{""copyright"":""chainsaw_man"",""co_posts"":1,""character_coverage"":0.005714},{""copyright"":""danganronpa_(series)"",""co_posts"":1,""character_coverage"":0.005714},{""copyright"":""danganronpa_2:_goodbye_despair"",""co_posts"":1,""character_coverage"":0.005714},{""copyright"":""detroit:_become_human"",""co_posts"":1,""character_coverage"":0.005714}]","","","PENDING",""
"I70-012680","shidou_maki_(toji_no_miko)","4","Character","207","","","","","獅童真希","","[{""copyright"":""toji_no_miko"",""co_posts"":204,""character_coverage"":1.0},{""copyright"":""toji_no_miko:_kizamishi_issen_no_tomoshibi"",""co_posts"":52,""character_coverage"":0.254902},{""copyright"":""journey_to_the_west"",""co_posts"":3,""character_coverage"":0.014706},{""copyright"":""pokemon"",""co_posts"":3,""character_coverage"":0.014706},{""copyright"":""shoujo_kageki_revue_starlight"",""co_posts"":3,""character_coverage"":0.014706}]","","","PENDING",""
"I70-012681","sissela_(black_survival)","4","Character","207","sissela_kyle","sissela kyle","","","シセラ","","[{""copyright"":""black_survival"",""co_posts"":193,""character_coverage"":0.994845},{""copyright"":""eternal_return:_black_survival"",""co_posts"":148,""character_coverage"":0.762887},{""copyright"":""touhou"",""co_posts"":8,""character_coverage"":0.041237},{""copyright"":""original"",""co_posts"":2,""character_coverage"":0.010309},{""copyright"":""blue_archive"",""co_posts"":1,""character_coverage"":0.005155}]","","","PENDING",""
"I70-012682","sivir_(league)","4","Character","207","sivir","sivir","","","希维尔","","[{""copyright"":""league_of_legends"",""co_posts"":185,""character_coverage"":1.0},{""copyright"":""adventure_time"",""co_posts"":1,""character_coverage"":0.005405},{""copyright"":""angry_birds"",""co_posts"":1,""character_coverage"":0.005405},{""copyright"":""coca-cola"",""co_posts"":1,""character_coverage"":0.005405},{""copyright"":""death_note"",""co_posts"":1,""character_coverage"":0.005405}]","","","PENDING",""
"I70-012683","skorpion_(girls'_frontline)","4","Character","207","skorpion_(girls_frontline)","skorpion (girls frontline)","","すこすこスコーピオン | スコーピオン(ドールズフロントライン) | スコーピオン(少女前線)","","Scorpion | Vz61","[{""copyright"":""girls'_frontline"",""co_posts"":189,""character_coverage"":1.0},{""copyright"":""metal_gear_(series)"",""co_posts"":2,""character_coverage"":0.010582},{""copyright"":""adventure_time"",""co_posts"":1,""character_coverage"":0.005291},{""copyright"":""arknights"",""co_posts"":1,""character_coverage"":0.005291},{""copyright"":""cowboy_bebop"",""co_posts"":1,""character_coverage"":0.005291}]","","","PENDING",""
"I70-012684","stella_hoshii","4","Character","207","","","","ステラ・ホシイ","","","[{""copyright"":""va-11_hall-a"",""co_posts"":189,""character_coverage"":1.0},{""copyright"":""girls'_frontline"",""co_posts"":21,""character_coverage"":0.111111},{""copyright"":""darkstalkers"",""co_posts"":1,""character_coverage"":0.005291},{""copyright"":""kantai_collection"",""co_posts"":1,""character_coverage"":0.005291},{""copyright"":""kyouryuu_sentai_zyuranger"",""co_posts"":1,""character_coverage"":0.005291}]","","","PENDING",""
"I70-012685","tinkatink","4","Character","207","","","","","カヌチャン","","[{""copyright"":""pokemon"",""co_posts"":199,""character_coverage"":1.0},{""copyright"":""pokemon_(anime)"",""co_posts"":52,""character_coverage"":0.261307},{""copyright"":""pokemon_horizons"",""co_posts"":52,""character_coverage"":0.261307},{""copyright"":""pokemon_scarlet_and_violet"",""co_posts"":40,""character_coverage"":0.201005},{""copyright"":""original"",""co_posts"":4,""character_coverage"":0.020101}]","","","PENDING",""
"I70-012686","toono_minagi","4","Character","207","tohno_minagi","tohno minagi","","","遠野美凪","","[{""copyright"":""air_(visual_novel)"",""co_posts"":175,""character_coverage"":1.0},{""copyright"":""key_(company)"",""co_posts"":27,""character_coverage"":0.154286},{""copyright"":""kanon"",""co_posts"":19,""character_coverage"":0.108571},{""copyright"":""little_busters!"",""co_posts"":18,""character_coverage"":0.102857},{""copyright"":""clannad"",""co_posts"":16,""character_coverage"":0.091429}]","","","PENDING",""
"I70-012687","trevenant","4","Character","207","","","","","オーロット","","[{""copyright"":""pokemon"",""co_posts"":193,""character_coverage"":1.0},{""copyright"":""pokemon_x_and_y"",""co_posts"":17,""character_coverage"":0.088083},{""copyright"":""pokemon_sun_and_moon"",""co_posts"":12,""character_coverage"":0.062176},{""copyright"":""pokemon_(anime)"",""co_posts"":10,""character_coverage"":0.051813},{""copyright"":""pokemon_sword_and_shield"",""co_posts"":8,""character_coverage"":0.041451}]","","","PENDING",""
"I70-012688","trony_(nikke)","4","Character","207","","","","トロニー | トロニー(勝利の女神:NIKKE)","","","[{""copyright"":""goddess_of_victory:_nikke"",""co_posts"":180,""character_coverage"":1.0},{""copyright"":""doom_(series)"",""co_posts"":3,""character_coverage"":0.016667},{""copyright"":""breaking_bad"",""co_posts"":2,""character_coverage"":0.011111},{""copyright"":""ace_combat"",""co_posts"":1,""character_coverage"":0.005556},{""copyright"":""bandai"",""co_posts"":1,""character_coverage"":0.005556}]","","","PENDING",""
"I70-012689","ui_(voisona)","4","Character","207","","","","","あめころあーと","","[{""copyright"":""voisona"",""co_posts"":195,""character_coverage"":1.0},{""copyright"":""indie_virtual_youtuber"",""co_posts"":30,""character_coverage"":0.153846},{""copyright"":""vocaloid"",""co_posts"":13,""character_coverage"":0.066667},{""copyright"":""utau"",""co_posts"":8,""character_coverage"":0.041026},{""copyright"":""synthesizer_v"",""co_posts"":4,""character_coverage"":0.020513}]","","","PENDING",""
"I70-012690","usalia_(disgaea)","4","Character","207","","","","ウサリア","","","[{""copyright"":""disgaea"",""co_posts"":195,""character_coverage"":0.994898},{""copyright"":""makai_senki_disgaea_5"",""co_posts"":151,""character_coverage"":0.770408},{""copyright"":""disgaea_rpg"",""co_posts"":36,""character_coverage"":0.183673},{""copyright"":""disgaea_d2"",""co_posts"":5,""character_coverage"":0.02551},{""copyright"":""makai_senki_disgaea"",""co_posts"":5,""character_coverage"":0.02551}]","","","PENDING",""
"I70-012691","warwick_(league)","4","Character","207","warwick","warwick","","","ワーウィック","","[{""copyright"":""league_of_legends"",""co_posts"":188,""character_coverage"":1.0},{""copyright"":""arcane:_league_of_legends"",""co_posts"":30,""character_coverage"":0.159574},{""copyright"":""2xko"",""co_posts"":10,""character_coverage"":0.053191},{""copyright"":""adventure_time"",""co_posts"":1,""character_coverage"":0.005319},{""copyright"":""blue_dragon"",""co_posts"":1,""character_coverage"":0.005319}]","","","PENDING",""
"I70-012692","yuki_miku_(2023)","4","Character","207","","","","","雪ミク2023","","[{""copyright"":""vocaloid"",""co_posts"":206,""character_coverage"":1.0},{""copyright"":""magical_mirai_(vocaloid)"",""co_posts"":15,""character_coverage"":0.072816},{""copyright"":""hatsune_miku_happy_16th_birthday_-dear_creators-"",""co_posts"":4,""character_coverage"":0.019417},{""copyright"":""unknown_mother_goose_(vocaloid)"",""co_posts"":4,""character_coverage"":0.019417},{""copyright"":""hello_planet_(vocaloid)"",""co_posts"":3,""character_coverage"":0.014563}]","","","PENDING",""
"I70-012693","yukihana_lamy_(new_year)","4","Character","207","yukihana_lamy_(2nd_costume)","yukihana lamy (2nd costume)","","雪花ラミィ(正月衣装)","","","[{""copyright"":""hololive"",""co_posts"":206,""character_coverage"":1.0},{""copyright"":""hololive_english"",""co_posts"":6,""character_coverage"":0.029126},{""copyright"":""pokemon"",""co_posts"":2,""character_coverage"":0.009709},{""copyright"":""hololive_indonesia"",""co_posts"":1,""character_coverage"":0.004854},{""copyright"":""looney_tunes"",""co_posts"":1,""character_coverage"":0.004854}]","","","PENDING",""
"I70-012694","aegir_(golden_dragon_among_auspicious_clouds)_(azur_lane)","4","Character","206","","","","祥雲に昇る金龍","","","[{""copyright"":""azur_lane"",""co_posts"":182,""character_coverage"":1.0}]","","","PENDING",""
"I70-012695","aizawa_mint","4","Character","206","corina_bucksworth,aizawa_minto","aizawa minto | corina bucksworth","","","藍沢みんと","","[{""copyright"":""tokyo_mew_mew"",""co_posts"":182,""character_coverage"":1.0},{""copyright"":""tokyo_mew_mew_new"",""co_posts"":45,""character_coverage"":0.247253},{""copyright"":""precure"",""co_posts"":10,""character_coverage"":0.054945},{""copyright"":""bishoujo_senshi_sailor_moon"",""co_posts"":9,""character_coverage"":0.049451},{""copyright"":""mermaid_melody_pichi_pichi_pitch"",""co_posts"":9,""character_coverage"":0.049451}]","","","PENDING",""
"I70-012696","alphen_(tales)","4","Character","206","","","","アルフェン","","","[{""copyright"":""tales_of_(series)"",""co_posts"":195,""character_coverage"":1.0},{""copyright"":""tales_of_arise"",""co_posts"":195,""character_coverage"":1.0},{""copyright"":""bandai_namco"",""co_posts"":5,""character_coverage"":0.025641},{""copyright"":""tales_of_phantasia"",""co_posts"":5,""character_coverage"":0.025641},{""copyright"":""tales_of_berseria"",""co_posts"":4,""character_coverage"":0.020513}]","","","PENDING",""
"I70-012697","ashiya_douman_(second_ascension)_(fate)","4","Character","206","","","","","Ashiya Douman（2番目の昇天）（運命）","","[{""copyright"":""fate/grand_order"",""co_posts"":206,""character_coverage"":1.0},{""copyright"":""fate_(series)"",""co_posts"":206,""character_coverage"":1.0},{""copyright"":""fate/grand_order_arcade"",""co_posts"":1,""character_coverage"":0.004854},{""copyright"":""gintama"",""co_posts"":1,""character_coverage"":0.004854},{""copyright"":""inuyasha"",""co_posts"":1,""character_coverage"":0.004854}]","","","PENDING",""
"I70-012698","aura_bella_fiora","4","Character","206","","","","アウラ・ベラ・フィオーラ","","","[{""copyright"":""overlord_(maruyama)"",""co_posts"":190,""character_coverage"":1.0},{""copyright"":""isekai_quartet"",""co_posts"":7,""character_coverage"":0.036842},{""copyright"":""re:zero_kara_hajimeru_isekai_seikatsu"",""co_posts"":6,""character_coverage"":0.031579},{""copyright"":""kono_subarashii_sekai_ni_shukufuku_wo!"",""co_posts"":5,""character_coverage"":0.026316},{""copyright"":""youjo_senki"",""co_posts"":4,""character_coverage"":0.021053}]","","","PENDING",""
"I70-012699","call_(mighty_no._9)","4","Character","206","","","","","コールちゃん","","[{""copyright"":""mighty_no._9"",""co_posts"":164,""character_coverage"":1.0},{""copyright"":""mega_man_(series)"",""co_posts"":8,""character_coverage"":0.04878},{""copyright"":""azure_striker_gunvolt"",""co_posts"":7,""character_coverage"":0.042683},{""copyright"":""mega_man_zx"",""co_posts"":4,""character_coverage"":0.02439},{""copyright"":""gal_gun_(series)"",""co_posts"":3,""character_coverage"":0.018293}]","","","PENDING",""
"I70-012700","cirno-nee","4","Character","206","","","","","チル姉","","[{""copyright"":""touhou"",""co_posts"":194,""character_coverage"":1.0},{""copyright"":""touhou_(pc-98)"",""co_posts"":5,""character_coverage"":0.025773},{""copyright"":""advent_cirno"",""co_posts"":3,""character_coverage"":0.015464},{""copyright"":""jojo_no_kimyou_na_bouken"",""co_posts"":3,""character_coverage"":0.015464},{""copyright"":""mario_(series)"",""co_posts"":2,""character_coverage"":0.010309}]","","","PENDING",""
"I70-012701","cupitan_(granblue_fantasy)","4","Character","206","","","","クピタン","","","[{""copyright"":""granblue_fantasy"",""co_posts"":194,""character_coverage"":1.0},{""copyright"":""arknights"",""co_posts"":3,""character_coverage"":0.015464},{""copyright"":""shadowverse"",""co_posts"":3,""character_coverage"":0.015464},{""copyright"":""shadowverse:_worlds_beyond"",""co_posts"":3,""character_coverage"":0.015464},{""copyright"":""bleach"",""co_posts"":2,""character_coverage"":0.010309}]","","","PENDING",""
"I70-012702","fail_(djmax)","4","Character","206","el_fail","el fail","","エル・フェイル","","El_Fail","[{""copyright"":""djmax"",""co_posts"":184,""character_coverage"":0.994595},{""copyright"":""djmax_respect"",""co_posts"":147,""character_coverage"":0.794595},{""copyright"":""girls'_frontline"",""co_posts"":42,""character_coverage"":0.227027},{""copyright"":""original"",""co_posts"":4,""character_coverage"":0.021622},{""copyright"":""arcaea"",""co_posts"":3,""character_coverage"":0.016216}]","","","PENDING",""
"I70-012703","fox_(persona_5)","4","Character","206","","","","","","","[{""copyright"":""persona"",""co_posts"":194,""character_coverage"":1.0},{""copyright"":""persona_5"",""co_posts"":194,""character_coverage"":1.0},{""copyright"":""persona_5_the_royal"",""co_posts"":33,""character_coverage"":0.170103},{""copyright"":""super_smash_bros."",""co_posts"":5,""character_coverage"":0.025773},{""copyright"":""persona_5_scramble:_the_phantom_strikers"",""co_posts"":4,""character_coverage"":0.020619}]","","","PENDING",""
"I70-012704","garbodor","4","Character","206","","","","","ダストダス","","[{""copyright"":""pokemon"",""co_posts"":183,""character_coverage"":1.0},{""copyright"":""pokemon_black_and_white"",""co_posts"":47,""character_coverage"":0.256831},{""copyright"":""pokemon_sword_and_shield"",""co_posts"":23,""character_coverage"":0.125683},{""copyright"":""pokemon_black_2_and_white_2"",""co_posts"":15,""character_coverage"":0.081967},{""copyright"":""pokemon_tcg"",""co_posts"":7,""character_coverage"":0.038251}]","","","PENDING",""
"I70-012705","girafarig","4","Character","206","","","","","キリンリキ","","[{""copyright"":""pokemon"",""co_posts"":190,""character_coverage"":1.0},{""copyright"":""pokemon_gold/silver/crystal"",""co_posts"":16,""character_coverage"":0.084211},{""copyright"":""pokemon_diamond/pearl/platinum"",""co_posts"":13,""character_coverage"":0.068421},{""copyright"":""pokemon_heartgold_and_soulsilver"",""co_posts"":13,""character_coverage"":0.068421},{""copyright"":""pokemon_(anime)"",""co_posts"":7,""character_coverage"":0.036842}]","","","PENDING",""
"I70-012706","harpie_lady","4","Character","206","","","","ハーピィ・レディ","","","[{""copyright"":""yu-gi-oh!"",""co_posts"":184,""character_coverage"":1.0},{""copyright"":""yu-gi-oh!_duel_monsters"",""co_posts"":58,""character_coverage"":0.315217},{""copyright"":""yu-gi-oh!_gx"",""co_posts"":10,""character_coverage"":0.054348},{""copyright"":""yu-gi-oh!_zexal"",""co_posts"":3,""character_coverage"":0.016304},{""copyright"":""original"",""co_posts"":2,""character_coverage"":0.01087}]","","","PENDING",""
"I70-012707","hatsuharu_kai_ni_(kancolle)","4","Character","206","","","","","Hatsuharu Kai Ni（Kancolle）","","[{""copyright"":""kantai_collection"",""co_posts"":202,""character_coverage"":1.0},{""copyright"":""original"",""co_posts"":2,""character_coverage"":0.009901},{""copyright"":""pokemon"",""co_posts"":2,""character_coverage"":0.009901},{""copyright"":""toaru_kagaku_no_railgun"",""co_posts"":2,""character_coverage"":0.009901},{""copyright"":""toaru_majutsu_no_index"",""co_posts"":2,""character_coverage"":0.009901}]","","","PENDING",""
"I70-012708","hermes_(ff14)","4","Character","206","","","","ヘルメス(ff14)","","","[{""copyright"":""final_fantasy"",""co_posts"":203,""character_coverage"":1.0},{""copyright"":""final_fantasy_xiv"",""co_posts"":203,""character_coverage"":1.0},{""copyright"":""bereal"",""co_posts"":1,""character_coverage"":0.004926},{""copyright"":""fuwa_fuwa_cinnamoroll"",""co_posts"":1,""character_coverage"":0.004926},{""copyright"":""harry_potter_(series)"",""co_posts"":1,""character_coverage"":0.004926}]","","","PENDING",""
"I70-012709","hibari_kyouya","4","Character","206","","","","","雲雀恭弥","","[{""copyright"":""katekyo_hitman_reborn!"",""co_posts"":173,""character_coverage"":1.0},{""copyright"":""meitantei_conan"",""co_posts"":3,""character_coverage"":0.017341},{""copyright"":""yu-gi-oh!"",""co_posts"":3,""character_coverage"":0.017341},{""copyright"":""devilman"",""co_posts"":2,""character_coverage"":0.011561},{""copyright"":""diamond_wa_kudakenai"",""co_posts"":2,""character_coverage"":0.011561}]","","","PENDING",""
"I70-012710","inne_sulistya_robin","4","Character","206","","","","","Inne Sulistya Robin","innesensei","[{""copyright"":""original"",""co_posts"":197,""character_coverage"":1.0},{""copyright"":""among_us"",""co_posts"":1,""character_coverage"":0.005076},{""copyright"":""hooters"",""co_posts"":1,""character_coverage"":0.005076},{""copyright"":""metallica"",""co_posts"":1,""character_coverage"":0.005076},{""copyright"":""pokemon"",""co_posts"":1,""character_coverage"":0.005076}]","","","PENDING",""
"I70-012711","jitomi_monoe","4","Character","206","","","","マグnet | 磁っとみて | 磁っとみないで | 磁富モノエ","","","[{""copyright"":""voms"",""co_posts"":205,""character_coverage"":1.0},{""copyright"":""pokemon"",""co_posts"":10,""character_coverage"":0.04878},{""copyright"":""minecraft"",""co_posts"":7,""character_coverage"":0.034146},{""copyright"":""diamond_wa_kudakenai"",""co_posts"":3,""character_coverage"":0.014634},{""copyright"":""helltaker"",""co_posts"":3,""character_coverage"":0.014634}]","","","PENDING",""
"I70-012712","kawamura_yuzuriha","4","Character","206","","","","","川村楪","","[{""copyright"":""assault_lily"",""co_posts"":192,""character_coverage"":1.0},{""copyright"":""real_life"",""co_posts"":14,""character_coverage"":0.072917},{""copyright"":""shoujo_kageki_revue_starlight"",""co_posts"":1,""character_coverage"":0.005208},{""copyright"":""towa_tsugai"",""co_posts"":1,""character_coverage"":0.005208}]","","","PENDING",""
"I70-012713","kirisu_mafuyu","4","Character","206","","","","","桐須真冬","","[{""copyright"":""bokutachi_wa_benkyou_ga_dekinai"",""co_posts"":181,""character_coverage"":1.0},{""copyright"":""fate/grand_order"",""co_posts"":3,""character_coverage"":0.016575},{""copyright"":""fate_(series)"",""co_posts"":3,""character_coverage"":0.016575},{""copyright"":""act-age"",""co_posts"":2,""character_coverage"":0.01105},{""copyright"":""ayakashi_triangle"",""co_posts"":2,""character_coverage"":0.01105}]","","","PENDING",""
"I70-012714","lal'c_mellk_mal","4","Character","206","lark","lark","","ラルク・メルク・マール","","","[{""copyright"":""top_wo_nerae!_(series)"",""co_posts"":196,""character_coverage"":1.0},{""copyright"":""top_wo_nerae_2!"",""co_posts"":195,""character_coverage"":0.994898},{""copyright"":""neon_genesis_evangelion"",""co_posts"":17,""character_coverage"":0.086735},{""copyright"":""top_wo_nerae!"",""co_posts"":17,""character_coverage"":0.086735},{""copyright"":""gainax"",""co_posts"":14,""character_coverage"":0.071429}]","","","PENDING",""
"I70-012715","master_asia","4","Character","206","","","","マスターアジア","東方不敗","","[{""copyright"":""gundam"",""co_posts"":167,""character_coverage"":0.948864},{""copyright"":""g_gundam"",""co_posts"":166,""character_coverage"":0.943182},{""copyright"":""kantai_collection"",""co_posts"":27,""character_coverage"":0.153409},{""copyright"":""touhou"",""co_posts"":18,""character_coverage"":0.102273},{""copyright"":""zeta_gundam"",""co_posts"":8,""character_coverage"":0.045455}]","","","PENDING",""
"I70-012716","medli","4","Character","206","","","","メドリ","","","[{""copyright"":""the_legend_of_zelda"",""co_posts"":173,""character_coverage"":1.0},{""copyright"":""the_legend_of_zelda:_the_wind_waker"",""co_posts"":171,""character_coverage"":0.988439},{""copyright"":""the_legend_of_zelda:_ocarina_of_time"",""co_posts"":17,""character_coverage"":0.098266},{""copyright"":""the_legend_of_zelda:_twilight_princess"",""co_posts"":14,""character_coverage"":0.080925},{""copyright"":""the_legend_of_zelda:_majora's_mask"",""co_posts"":12,""character_coverage"":0.069364}]","","","PENDING",""
"I70-012717","mem-mem_(precure)","4","Character","206","men-men_(precure)","men-men (precure)","","メンメン","","","[{""copyright"":""delicious_party_precure"",""co_posts"":204,""character_coverage"":1.0},{""copyright"":""precure"",""co_posts"":204,""character_coverage"":1.0},{""copyright"":""kirakira_precure_a_la_mode"",""co_posts"":9,""character_coverage"":0.044118},{""copyright"":""tropical-rouge!_precure"",""co_posts"":9,""character_coverage"":0.044118},{""copyright"":""hirogaru_sky!_precure"",""co_posts"":8,""character_coverage"":0.039216}]","","","PENDING",""
"I70-012718","monoyoshi_sadamune","4","Character","206","","","","","物吉貞宗","","[{""copyright"":""touken_ranbu"",""co_posts"":206,""character_coverage"":1.0},{""copyright"":""kantai_collection"",""co_posts"":3,""character_coverage"":0.014563},{""copyright"":""nitroplus"",""co_posts"":3,""character_coverage"":0.014563},{""copyright"":""pokemon"",""co_posts"":2,""character_coverage"":0.009709},{""copyright"":""arknights"",""co_posts"":1,""character_coverage"":0.004854}]","","","PENDING",""
"I70-012719","mori_calliope_(kawaiiope)","4","Character","206","mori_calliope_(10th_costume)","mori calliope (10th costume)","","","","","[{""copyright"":""hololive"",""co_posts"":203,""character_coverage"":1.0},{""copyright"":""hololive_english"",""co_posts"":203,""character_coverage"":1.0},{""copyright"":""hololive_indonesia"",""co_posts"":3,""character_coverage"":0.014778},{""copyright"":""ego_(takanashi_kiara)"",""co_posts"":2,""character_coverage"":0.009852},{""copyright"":""indie_virtual_youtuber"",""co_posts"":2,""character_coverage"":0.009852}]","","","PENDING",""
"I70-012720","murasakibara_atsushi","4","Character","206","","","","","紫原敦","","[{""copyright"":""kuroko_no_basuke"",""co_posts"":202,""character_coverage"":1.0},{""copyright"":""fate/zero"",""co_posts"":9,""character_coverage"":0.044554},{""copyright"":""fate_(series)"",""co_posts"":9,""character_coverage"":0.044554},{""copyright"":""clannad"",""co_posts"":2,""character_coverage"":0.009901},{""copyright"":""akane-iro_ni_somaru_saka"",""co_posts"":1,""character_coverage"":0.00495}]","","","PENDING",""
"I70-012721","mutsushika_misumi","4","Character","206","","","","","六鹿視澄","","[{""copyright"":""saibou_shinkyoku"",""co_posts"":206,""character_coverage"":1.0},{""copyright"":""garbage_time"",""co_posts"":3,""character_coverage"":0.014563},{""copyright"":""library_of_ruina"",""co_posts"":1,""character_coverage"":0.004854},{""copyright"":""ore_no_imouto_ga_konna_ni_kawaii_wake_ga_nai"",""co_posts"":1,""character_coverage"":0.004854},{""copyright"":""project_moon"",""co_posts"":1,""character_coverage"":0.004854}]","","","PENDING",""
"I70-012722","neeko_(aldehyde)","4","Character","206","neeko","neeko","","ニー子","新戸眠子","","[{""copyright"":""original"",""co_posts"":193,""character_coverage"":0.936893},{""copyright"":""coca-cola"",""co_posts"":5,""character_coverage"":0.024272},{""copyright"":""line_(naver)"",""co_posts"":5,""character_coverage"":0.024272},{""copyright"":""hinako_note"",""co_posts"":3,""character_coverage"":0.014563},{""copyright"":""nintendo"",""co_posts"":3,""character_coverage"":0.014563}]","","","PENDING",""
"I70-012723","noiz_(dramatical_murder)","4","Character","206","","","","","ノイズ","","[{""copyright"":""dramatical_murder"",""co_posts"":155,""character_coverage"":1.0},{""copyright"":""nitro+_chiral"",""co_posts"":6,""character_coverage"":0.03871},{""copyright"":""chiikawa"",""co_posts"":2,""character_coverage"":0.012903},{""copyright"":""chainsaw_man"",""co_posts"":1,""character_coverage"":0.006452},{""copyright"":""evanescence"",""co_posts"":1,""character_coverage"":0.006452}]","","","PENDING",""
"I70-012724","pangoro","4","Character","206","","","","","ゴロンダ","","[{""copyright"":""pokemon"",""co_posts"":199,""character_coverage"":1.0},{""copyright"":""pokemon_x_and_y"",""co_posts"":19,""character_coverage"":0.095477},{""copyright"":""pokemon_sword_and_shield"",""co_posts"":16,""character_coverage"":0.080402},{""copyright"":""idolmaster"",""co_posts"":10,""character_coverage"":0.050251},{""copyright"":""idolmaster_shiny_colors"",""co_posts"":10,""character_coverage"":0.050251}]","","","PENDING",""
"I70-012725","poland_(hetalia)","4","Character","206","feliks_lukasiewicz","feliks lukasiewicz","","","フェリクス・ウカシェヴィチ","","[{""copyright"":""axis_powers_hetalia"",""co_posts"":199,""character_coverage"":1.0},{""copyright"":""touhou"",""co_posts"":5,""character_coverage"":0.025126},{""copyright"":""vocaloid"",""co_posts"":3,""character_coverage"":0.015075},{""copyright"":""alice's_adventures_in_wonderland"",""co_posts"":2,""character_coverage"":0.01005},{""copyright"":""2010_fifa_world_cup"",""co_posts"":1,""character_coverage"":0.005025}]","","","PENDING",""
"I70-012726","rainbow_dash_(equestria_girls)","4","Character","206","","","","","レインボーダッシュ","","[{""copyright"":""my_little_pony"",""co_posts"":180,""character_coverage"":1.0},{""copyright"":""my_little_pony:_friendship_is_magic"",""co_posts"":180,""character_coverage"":1.0},{""copyright"":""my_little_pony:_equestria_girls"",""co_posts"":176,""character_coverage"":0.977778},{""copyright"":""equestria_girls:_better_together"",""co_posts"":18,""character_coverage"":0.1},{""copyright"":""equestria_girls:_rainbow_rocks"",""co_posts"":4,""character_coverage"":0.022222}]","","","PENDING",""
"I70-012727","ritsu_(blue_archive)","4","Character","206","usuba_ritsu","usuba ritsu","","","薄葉リツ","","[{""copyright"":""blue_archive"",""co_posts"":192,""character_coverage"":1.0},{""copyright"":""voiceroid"",""co_posts"":2,""character_coverage"":0.010417},{""copyright"":""beyblade"",""co_posts"":1,""character_coverage"":0.005208},{""copyright"":""hunter_x_hunter"",""co_posts"":1,""character_coverage"":0.005208},{""copyright"":""papers_please"",""co_posts"":1,""character_coverage"":0.005208}]","","","PENDING",""
"I70-012728","rose_kingdom_(umamusume)","4","Character","206","","","","","ローズキングダム(ウマ娘)","","[{""copyright"":""umamusume"",""co_posts"":173,""character_coverage"":1.0},{""copyright"":""pokemon"",""co_posts"":3,""character_coverage"":0.017341},{""copyright"":""tomodachi_life"",""co_posts"":2,""character_coverage"":0.011561},{""copyright"":""tomodachi_life:_living_the_dream"",""co_posts"":2,""character_coverage"":0.011561},{""copyright"":""cygames"",""co_posts"":1,""character_coverage"":0.00578}]","","","PENDING",""
"I70-012729","sadaharu","4","Character","206","","","","","定春","","[{""copyright"":""gintama"",""co_posts"":193,""character_coverage"":1.0},{""copyright"":""pokemon"",""co_posts"":7,""character_coverage"":0.036269},{""copyright"":""naruto_(series)"",""co_posts"":6,""character_coverage"":0.031088},{""copyright"":""spy_x_family"",""co_posts"":6,""character_coverage"":0.031088},{""copyright"":""chainsaw_man"",""co_posts"":5,""character_coverage"":0.025907}]","","","PENDING",""
"I70-012730","sakine_meiko","4","Character","206","","","","","咲音メイコ","","[{""copyright"":""vocaloid"",""co_posts"":202,""character_coverage"":1.0},{""copyright"":""project_diva_(series)"",""co_posts"":19,""character_coverage"":0.094059},{""copyright"":""utau"",""co_posts"":9,""character_coverage"":0.044554},{""copyright"":""project_diva_2nd"",""co_posts"":8,""character_coverage"":0.039604},{""copyright"":""project_diva"",""co_posts"":6,""character_coverage"":0.029703}]","","","PENDING",""
"I70-012731","sakura_(usashiro_mani)","4","Character","206","","","","","さくら（ウサシロマニ）","","[{""copyright"":""original"",""co_posts"":201,""character_coverage"":1.0},{""copyright"":""real_life"",""co_posts"":2,""character_coverage"":0.00995},{""copyright"":""alice's_adventures_in_wonderland"",""co_posts"":1,""character_coverage"":0.004975},{""copyright"":""mahou_shoujo_madoka_magica"",""co_posts"":1,""character_coverage"":0.004975},{""copyright"":""mahou_shoujo_madoka_magica_(anime)"",""co_posts"":1,""character_coverage"":0.004975}]","","","PENDING",""
"I70-012732","satou_sakie","4","Character","206","","","","","佐藤早紀絵","","[{""copyright"":""demi-chan_wa_kataritai"",""co_posts"":195,""character_coverage"":1.0},{""copyright"":""little_witch_academia"",""co_posts"":4,""character_coverage"":0.020513},{""copyright"":""kobayashi-san_chi_no_maidragon"",""co_posts"":3,""character_coverage"":0.015385},{""copyright"":""kono_subarashii_sekai_ni_shukufuku_wo!"",""co_posts"":3,""character_coverage"":0.015385},{""copyright"":""ajin_(sakurai_gamon)"",""co_posts"":2,""character_coverage"":0.010256}]","","","PENDING",""
"I70-012733","shinomiya_rurina","4","Character","206","","","","","篠宮ルリナ","","[{""copyright"":""shugo_seijo_prism_saber"",""co_posts"":206,""character_coverage"":1.0}]","","","PENDING",""
"I70-012734","shurelia_(ar_tonelico)","4","Character","206","shurelia","shurelia","","シュレリア","","","[{""copyright"":""ar_tonelico"",""co_posts"":180,""character_coverage"":0.972973},{""copyright"":""ar_tonelico_i"",""co_posts"":179,""character_coverage"":0.967568},{""copyright"":""ar_tonelico_ii"",""co_posts"":43,""character_coverage"":0.232432},{""copyright"":""cross_edge"",""co_posts"":16,""character_coverage"":0.086486},{""copyright"":""ar_tonelico_iii"",""co_posts"":14,""character_coverage"":0.075676}]","","","PENDING",""
"I70-012735","skyla_(summer_2025)_(pokemon)","4","Character","206","","","","","フウロ(25シーズン)","","[{""copyright"":""pokemon"",""co_posts"":179,""character_coverage"":1.0},{""copyright"":""pokemon_masters_ex"",""co_posts"":179,""character_coverage"":1.0},{""copyright"":""pokemon_black_2_and_white_2"",""co_posts"":8,""character_coverage"":0.044693},{""copyright"":""pokemon_black_and_white"",""co_posts"":8,""character_coverage"":0.044693},{""copyright"":""pokemon_ruby/sapphire/emerald"",""co_posts"":2,""character_coverage"":0.011173}]","","","PENDING",""
"I70-012736","sword_kirby","4","Character","206","","","","","ソードカービィ","","[{""copyright"":""kirby_(series)"",""co_posts"":193,""character_coverage"":1.0},{""copyright"":""kirby's_return_to_dream_land"",""co_posts"":53,""character_coverage"":0.274611},{""copyright"":""kirby_and_the_forgotten_land"",""co_posts"":36,""character_coverage"":0.186528},{""copyright"":""kirby:_planet_robobot"",""co_posts"":24,""character_coverage"":0.124352},{""copyright"":""kirby_&_the_amazing_mirror"",""co_posts"":24,""character_coverage"":0.124352}]","","","PENDING",""
"I70-012737","thresh_(league)","4","Character","206","thresh_(league_of_legends)","thresh (league of legends)","","","スレッシュ","","[{""copyright"":""league_of_legends"",""co_posts"":179,""character_coverage"":1.0},{""copyright"":""2xko"",""co_posts"":6,""character_coverage"":0.03352},{""copyright"":""teamfight_tactics"",""co_posts"":2,""character_coverage"":0.011173},{""copyright"":""dc_comics"",""co_posts"":1,""character_coverage"":0.005587},{""copyright"":""overwatch"",""co_posts"":1,""character_coverage"":0.005587}]","","","PENDING",""
"I70-012738","tokiwa_midori","4","Character","206","","","","常盤みどり","","","[{""copyright"":""tamako_market"",""co_posts"":197,""character_coverage"":1.0},{""copyright"":""tamako_love_story"",""co_posts"":10,""character_coverage"":0.050761},{""copyright"":""animage"",""co_posts"":4,""character_coverage"":0.020305},{""copyright"":""animedia"",""co_posts"":4,""character_coverage"":0.020305},{""copyright"":""newtype"",""co_posts"":3,""character_coverage"":0.015228}]","","","PENDING",""
"I70-012739","v_(cyberpunk)","4","Character","206","","","","","V(赛博朋克)","","[{""copyright"":""cyberpunk_(series)"",""co_posts"":136,""character_coverage"":1.0},{""copyright"":""cyberpunk_2077"",""co_posts"":132,""character_coverage"":0.970588},{""copyright"":""cyberpunk:_edgerunners"",""co_posts"":12,""character_coverage"":0.088235},{""copyright"":""brand_new_animal"",""co_posts"":4,""character_coverage"":0.029412},{""copyright"":""wuthering_waves"",""co_posts"":4,""character_coverage"":0.029412}]","","","PENDING",""
"I70-012740","vikala_(event)_(granblue_fantasy)","4","Character","206","","","","","","","[{""copyright"":""granblue_fantasy"",""co_posts"":205,""character_coverage"":1.0},{""copyright"":""comiket_105"",""co_posts"":1,""character_coverage"":0.004878},{""copyright"":""twitter"",""co_posts"":1,""character_coverage"":0.004878}]","","","PENDING",""
"I70-012741","wilhelmina_carmel","4","Character","206","","","","","ヴィルヘルミナ・カルメル","","[{""copyright"":""shakugan_no_shana"",""co_posts"":174,""character_coverage"":1.0},{""copyright"":""suzumiya_haruhi_no_yuuutsu"",""co_posts"":4,""character_coverage"":0.022989},{""copyright"":""hayate_no_gotoku!"",""co_posts"":3,""character_coverage"":0.017241},{""copyright"":""divine_gate"",""co_posts"":2,""character_coverage"":0.011494},{""copyright"":""fate/stay_night"",""co_posts"":2,""character_coverage"":0.011494}]","","","PENDING",""
"I70-012742","yamano_remon","4","Character","206","","","","","山乃檸檬","","[{""copyright"":""ano_natsu_de_matteru"",""co_posts"":198,""character_coverage"":1.0},{""copyright"":""dengeki_moeoh"",""co_posts"":4,""character_coverage"":0.020202},{""copyright"":""megami_magazine"",""co_posts"":4,""character_coverage"":0.020202},{""copyright"":""men_in_black"",""co_posts"":3,""character_coverage"":0.015152},{""copyright"":""monogatari_(series)"",""co_posts"":3,""character_coverage"":0.015152}]","","","PENDING",""
"I70-012743","yonah","4","Character","206","","","","","ヨナ(NieR)","","[{""copyright"":""nier_(series)"",""co_posts"":180,""character_coverage"":1.0},{""copyright"":""nier"",""co_posts"":176,""character_coverage"":0.977778},{""copyright"":""nier:automata"",""co_posts"":10,""character_coverage"":0.055556},{""copyright"":""nier_reincarnation"",""co_posts"":6,""character_coverage"":0.033333},{""copyright"":""drag-on_dragoon"",""co_posts"":3,""character_coverage"":0.016667}]","","","PENDING",""
"I70-012744","aeiou_(yoako)","4","Character","205","","","","","aeiou（yoako）","","[{""copyright"":""original"",""co_posts"":197,""character_coverage"":0.985},{""copyright"":""transformers"",""co_posts"":5,""character_coverage"":0.025},{""copyright"":""angry_birds"",""co_posts"":4,""character_coverage"":0.02},{""copyright"":""hololive"",""co_posts"":3,""character_coverage"":0.015},{""copyright"":""hololive_english"",""co_posts"":3,""character_coverage"":0.015}]","","","PENDING",""
"I70-012745","aoyama_motoko","4","Character","205","","","","","青山素子","","[{""copyright"":""love_hina"",""co_posts"":176,""character_coverage"":1.0},{""copyright"":""mahou_sensei_negima!"",""co_posts"":3,""character_coverage"":0.017045},{""copyright"":""newtype"",""co_posts"":2,""character_coverage"":0.011364},{""copyright"":""angelic_layer"",""co_posts"":1,""character_coverage"":0.005682},{""copyright"":""ano_hi_mita_hana_no_namae_wo_bokutachi_wa_mada_shiranai."",""co_posts"":1,""character_coverage"":0.005682}]","","","PENDING",""
"I70-012746","aris_(winter)_(blue_archive)","4","Character","205","","","","","天童爱丽丝(冬装)","","[{""copyright"":""blue_archive"",""co_posts"":195,""character_coverage"":1.0},{""copyright"":""comiket_106"",""co_posts"":3,""character_coverage"":0.015385},{""copyright"":""minecraft"",""co_posts"":3,""character_coverage"":0.015385},{""copyright"":""doom_(series)"",""co_posts"":2,""character_coverage"":0.010256},{""copyright"":""doom_i"",""co_posts"":2,""character_coverage"":0.010256}]","","","PENDING",""
"I70-012747","belphegor_(reborn)","4","Character","205","","","","","ベルフェゴール","","[{""copyright"":""katekyo_hitman_reborn!"",""co_posts"":82,""character_coverage"":1.0},{""copyright"":""bungou_stray_dogs"",""co_posts"":1,""character_coverage"":0.012195},{""copyright"":""durarara!!"",""co_posts"":1,""character_coverage"":0.012195},{""copyright"":""naruto_(series)"",""co_posts"":1,""character_coverage"":0.012195},{""copyright"":""original"",""co_posts"":1,""character_coverage"":0.012195}]","","","PENDING",""
"I70-012748","bronzong","4","Character","205","","","","","ドータクン","","[{""copyright"":""pokemon"",""co_posts"":186,""character_coverage"":1.0},{""copyright"":""pokemon_diamond/pearl/platinum"",""co_posts"":44,""character_coverage"":0.236559},{""copyright"":""pokemon_platinum"",""co_posts"":18,""character_coverage"":0.096774},{""copyright"":""pokemon_scarlet_and_violet"",""co_posts"":15,""character_coverage"":0.080645},{""copyright"":""pokemon_black_and_white"",""co_posts"":9,""character_coverage"":0.048387}]","","","PENDING",""
"I70-012749","bubble_head_nurse","4","Character","205","nurse_(silent_hill_2)","nurse (silent hill 2)","","バブルヘッドナース","","","[{""copyright"":""silent_hill_(series)"",""co_posts"":165,""character_coverage"":1.0},{""copyright"":""silent_hill_2"",""co_posts"":153,""character_coverage"":0.927273},{""copyright"":""silent_hill_(movie)"",""co_posts"":9,""character_coverage"":0.054545},{""copyright"":""hololive"",""co_posts"":8,""character_coverage"":0.048485},{""copyright"":""hololive_english"",""co_posts"":6,""character_coverage"":0.036364}]","","","PENDING",""
"I70-012750","chiester00","4","Character","205","siesta00","siesta00","","","シエスタ00","","[{""copyright"":""umineko_no_naku_koro_ni"",""co_posts"":192,""character_coverage"":1.0},{""copyright"":""higurashi_no_naku_koro_ni"",""co_posts"":4,""character_coverage"":0.020833},{""copyright"":""higurashi_no_naku_koro_ni_mei"",""co_posts"":4,""character_coverage"":0.020833},{""copyright"":""ougon_musou_kyoku"",""co_posts"":2,""character_coverage"":0.010417},{""copyright"":""dawn_of_the_golden_witch"",""co_posts"":1,""character_coverage"":0.005208}]","","","PENDING",""
"I70-012751","clair_vaux_bernardus","4","Character","205","claire_bernardus","claire bernardus","","","クレル・ヴォーブ・ベルナルドゥス","","[{""copyright"":""umineko_no_naku_koro_ni"",""co_posts"":193,""character_coverage"":1.0},{""copyright"":""bang_dream!"",""co_posts"":4,""character_coverage"":0.020725},{""copyright"":""bang_dream!_it's_mygo!!!!!"",""co_posts"":4,""character_coverage"":0.020725},{""copyright"":""darker_than_black"",""co_posts"":1,""character_coverage"":0.005181},{""copyright"":""higurashi_no_naku_koro_ni"",""co_posts"":1,""character_coverage"":0.005181}]","","","PENDING",""
"I70-012752","clear_(djmax)","4","Character","205","el_clear,clear_(dj_max)","clear (dj max) | el clear","","","エル・クレア","","[{""copyright"":""djmax"",""co_posts"":183,""character_coverage"":1.0},{""copyright"":""djmax_respect"",""co_posts"":152,""character_coverage"":0.830601},{""copyright"":""girls'_frontline"",""co_posts"":19,""character_coverage"":0.103825},{""copyright"":""blue_archive"",""co_posts"":7,""character_coverage"":0.038251},{""copyright"":""original"",""co_posts"":4,""character_coverage"":0.021858}]","","","PENDING",""
"I70-012753","cooler_(dragon_ball)","4","Character","205","cooler_(dragonball)","cooler (dragonball)","","","クウラ","","[{""copyright"":""dragon_ball"",""co_posts"":190,""character_coverage"":1.0},{""copyright"":""dragon_ball_z"",""co_posts"":189,""character_coverage"":0.994737},{""copyright"":""kantai_collection"",""co_posts"":16,""character_coverage"":0.084211},{""copyright"":""dragon_ball_super"",""co_posts"":10,""character_coverage"":0.052632},{""copyright"":""dragon_ball_(classic)"",""co_posts"":7,""character_coverage"":0.036842}]","","","PENDING",""
"I70-012754","cosmos_(wuthering_waves)","4","Character","205","","","","","黑咩","","[{""copyright"":""wuthering_waves"",""co_posts"":200,""character_coverage"":1.0},{""copyright"":""hololive"",""co_posts"":1,""character_coverage"":0.005},{""copyright"":""kuro_games"",""co_posts"":1,""character_coverage"":0.005},{""copyright"":""punishing:_gray_raven"",""co_posts"":1,""character_coverage"":0.005}]","","","PENDING",""
"I70-012755","elira_pendora_(2nd_costume)","4","Character","205","","","","エリーラ・ペンドラ(和風ドレス)","","","[{""copyright"":""nijisanji"",""co_posts"":196,""character_coverage"":1.0},{""copyright"":""nijisanji_en"",""co_posts"":196,""character_coverage"":1.0},{""copyright"":""indie_virtual_youtuber"",""co_posts"":3,""character_coverage"":0.015306},{""copyright"":""nijisanji_id"",""co_posts"":3,""character_coverage"":0.015306},{""copyright"":""among_us"",""co_posts"":2,""character_coverage"":0.010204}]","","","PENDING",""
"I70-012756","enid_sinclair","4","Character","205","","","","イーニッド・シンクレア","","enid","[{""copyright"":""the_addams_family"",""co_posts"":199,""character_coverage"":0.995},{""copyright"":""wednesday_(netflix)"",""co_posts"":199,""character_coverage"":0.995},{""copyright"":""bang_dream!"",""co_posts"":2,""character_coverage"":0.01},{""copyright"":""bang_dream!_it's_mygo!!!!!"",""co_posts"":2,""character_coverage"":0.01},{""copyright"":""a_song_of_ice_and_fire"",""co_posts"":1,""character_coverage"":0.005}]","","","PENDING",""
"I70-012757","gwenpool","4","Character","205","gwen_poole","gwen poole","","グウェンプール | グウェン・プール","格温侍 | 關侍","","[{""copyright"":""marvel"",""co_posts"":174,""character_coverage"":0.994286},{""copyright"":""deadpool_(series)"",""co_posts"":24,""character_coverage"":0.137143},{""copyright"":""spider-man_(series)"",""co_posts"":23,""character_coverage"":0.131429},{""copyright"":""x-men"",""co_posts"":11,""character_coverage"":0.062857},{""copyright"":""fortnite"",""co_posts"":7,""character_coverage"":0.04}]","","","PENDING",""
"I70-012758","hammann_(retrofit)_(azur_lane)","4","Character","205","","","","ハムマン改(アズールレーン)","","","[{""copyright"":""azur_lane"",""co_posts"":200,""character_coverage"":1.0},{""copyright"":""kantai_collection"",""co_posts"":2,""character_coverage"":0.01},{""copyright"":""2channel"",""co_posts"":1,""character_coverage"":0.005}]","","","PENDING",""
"I70-012759","hohenheim_(project_moon)","4","Character","205","","","","","ホーエンハイム","","[{""copyright"":""limbus_company"",""co_posts"":160,""character_coverage"":1.0},{""copyright"":""project_moon"",""co_posts"":160,""character_coverage"":1.0},{""copyright"":""lobotomy_corporation"",""co_posts"":10,""character_coverage"":0.0625},{""copyright"":""kokoro_yohou_(eve)"",""co_posts"":2,""character_coverage"":0.0125},{""copyright"":""the_distortion_detective"",""co_posts"":2,""character_coverage"":0.0125}]","","","PENDING",""
"I70-012760","hu_wei_(zenless_zone_zero)","4","Character","205","","","","","","","[{""copyright"":""zenless_zone_zero"",""co_posts"":189,""character_coverage"":1.0},{""copyright"":""guilty_gear"",""co_posts"":2,""character_coverage"":0.010582},{""copyright"":""guilty_gear_strive"",""co_posts"":2,""character_coverage"":0.010582},{""copyright"":""genshin_impact"",""co_posts"":1,""character_coverage"":0.005291},{""copyright"":""honkai:_star_rail"",""co_posts"":1,""character_coverage"":0.005291}]","","","PENDING",""
"I70-012761","iori_yuzuru","4","Character","205","","","","","伊織弓鶴","","[{""copyright"":""voiceroid"",""co_posts"":201,""character_coverage"":1.0},{""copyright"":""voicevox"",""co_posts"":53,""character_coverage"":0.263682},{""copyright"":""vocaloid"",""co_posts"":43,""character_coverage"":0.21393},{""copyright"":""cevio"",""co_posts"":17,""character_coverage"":0.084577},{""copyright"":""a.i._voice"",""co_posts"":14,""character_coverage"":0.069652}]","","","PENDING",""
"I70-012762","kira_yoshikage_(jojolion)","4","Character","205","","","","","吉良吉影(ジョジョリオン)","","[{""copyright"":""jojo_no_kimyou_na_bouken"",""co_posts"":200,""character_coverage"":1.0},{""copyright"":""jojolion"",""co_posts"":199,""character_coverage"":0.995},{""copyright"":""diamond_wa_kudakenai"",""co_posts"":25,""character_coverage"":0.125},{""copyright"":""steel_ball_run"",""co_posts"":11,""character_coverage"":0.055},{""copyright"":""dead_man's_questions"",""co_posts"":10,""character_coverage"":0.05}]","","","PENDING",""
"I70-012763","kushizaki_(vtuber)","4","Character","205","","","","クシザキ","","","[{""copyright"":""indie_virtual_youtuber"",""co_posts"":205,""character_coverage"":1.0},{""copyright"":""original"",""co_posts"":5,""character_coverage"":0.02439},{""copyright"":""apex_legends"",""co_posts"":1,""character_coverage"":0.004878},{""copyright"":""fate/apocrypha"",""co_posts"":1,""character_coverage"":0.004878},{""copyright"":""fate_(series)"",""co_posts"":1,""character_coverage"":0.004878}]","","","PENDING",""
"I70-012764","limealicious_(cozy)","4","Character","205","laimu_(cozy)_(vtuber),laimu_(vtuber)_(cozy),laimu_(vtuber)_(2nd_costume)","laimu (cozy) (vtuber) | laimu (vtuber) (2nd costume) | laimu (vtuber) (cozy)","","","","","[{""copyright"":""vinesauce"",""co_posts"":171,""character_coverage"":0.988439},{""copyright"":""indie_virtual_youtuber"",""co_posts"":15,""character_coverage"":0.086705},{""copyright"":""densetsu.exe"",""co_posts"":5,""character_coverage"":0.028902},{""copyright"":""3am"",""co_posts"":4,""character_coverage"":0.023121},{""copyright"":""gamer_supps"",""co_posts"":2,""character_coverage"":0.011561}]","","","PENDING",""
"I70-012765","loen_(brown_dust)","4","Character","205","","","","","ロエン・アイルノート","","[{""copyright"":""brown_dust_(series)"",""co_posts"":203,""character_coverage"":1.0},{""copyright"":""brown_dust_2"",""co_posts"":203,""character_coverage"":1.0},{""copyright"":""chromashift"",""co_posts"":2,""character_coverage"":0.009852},{""copyright"":""brown_dust"",""co_posts"":1,""character_coverage"":0.004926},{""copyright"":""goddess_of_victory:_nikke"",""co_posts"":1,""character_coverage"":0.004926}]","","","PENDING",""
"I70-012766","luis_cammy","4","Character","205","","","","ルイスのコレクション | ルイスの盗品庫 | ルイスキャミー | ルイス・キャミー","","","[{""copyright"":""nijisanji"",""co_posts"":200,""character_coverage"":1.0},{""copyright"":""nijisanji_en"",""co_posts"":9,""character_coverage"":0.045},{""copyright"":""nijisanji_kr"",""co_posts"":6,""character_coverage"":0.03},{""copyright"":""nijisanji_id"",""co_posts"":3,""character_coverage"":0.015},{""copyright"":""ark_survival_evolved"",""co_posts"":2,""character_coverage"":0.01}]","","","PENDING",""
"I70-012767","makihara_arina","4","Character","205","","","","牧原アリーナ","","","[{""copyright"":""waku_waku_7"",""co_posts"":167,""character_coverage"":1.0},{""copyright"":""galaxy_fight"",""co_posts"":6,""character_coverage"":0.035928},{""copyright"":""gundam"",""co_posts"":2,""character_coverage"":0.011976},{""copyright"":""pokemon"",""co_posts"":2,""character_coverage"":0.011976},{""copyright"":""street_fighter"",""co_posts"":2,""character_coverage"":0.011976}]","","","PENDING",""
"I70-012768","male_kana_(fire_emblem)","4","Character","205","kana_(male)_(fire_emblem),kana_(fire_emblem)_(male),kanna_(fire_emblem)_(male),kanna_(male)_(fire_emblem_if)","kana (fire emblem) (male) | kana (male) (fire emblem) | kanna (fire emblem) (male) | kanna (male) (fire emblem if)","","","カンナ(FEif)","","[{""copyright"":""fire_emblem"",""co_posts"":182,""character_coverage"":1.0},{""copyright"":""fire_emblem_fates"",""co_posts"":182,""character_coverage"":1.0},{""copyright"":""fire_emblem_heroes"",""co_posts"":52,""character_coverage"":0.285714},{""copyright"":""fire_emblem_awakening"",""co_posts"":13,""character_coverage"":0.071429},{""copyright"":""fire_emblem:_mystery_of_the_emblem"",""co_posts"":4,""character_coverage"":0.021978}]","","","PENDING",""
"I70-012769","male_protagonist_(live_a_hero)","4","Character","205","","","","","観測者","","[{""copyright"":""live_a_hero"",""co_posts"":203,""character_coverage"":0.995098},{""copyright"":""tokyo_afterschool_summoners"",""co_posts"":6,""character_coverage"":0.029412},{""copyright"":""crave_saga"",""co_posts"":1,""character_coverage"":0.004902},{""copyright"":""golden_kamuy"",""co_posts"":1,""character_coverage"":0.004902},{""copyright"":""original"",""co_posts"":1,""character_coverage"":0.004902}]","","","PENDING",""
"I70-012770","midori_(kimi_ga_shine)","4","Character","205","","","","","ミドリ","","[{""copyright"":""kimi_ga_shine"",""co_posts"":183,""character_coverage"":1.0},{""copyright"":""danganronpa_(series)"",""co_posts"":4,""character_coverage"":0.021858},{""copyright"":""danganronpa_2:_goodbye_despair"",""co_posts"":4,""character_coverage"":0.021858},{""copyright"":""saibou_shinkyoku"",""co_posts"":3,""character_coverage"":0.016393},{""copyright"":""the_hundred_line_-last_defense_academy-"",""co_posts"":3,""character_coverage"":0.016393}]","","","PENDING",""
"I70-012771","mika_melatika","4","Character","205","","","","ミカ・メラティカ","","Melatikaart | MikaMelatika | Mika_Live | Mikayang | MusiKunti | MysMi | mikawin","[{""copyright"":""nijisanji"",""co_posts"":188,""character_coverage"":1.0},{""copyright"":""nijisanji_id"",""co_posts"":188,""character_coverage"":1.0},{""copyright"":""nijisanji_en"",""co_posts"":56,""character_coverage"":0.297872},{""copyright"":""nijisanji_kr"",""co_posts"":7,""character_coverage"":0.037234},{""copyright"":""genshin_impact"",""co_posts"":5,""character_coverage"":0.026596}]","","","PENDING",""
"I70-012772","nanna_(fire_emblem)","4","Character","205","","","","ナンナ | ナンナ(ファイアーエムブレム)","","","[{""copyright"":""fire_emblem"",""co_posts"":191,""character_coverage"":1.0},{""copyright"":""fire_emblem:_thracia_776"",""co_posts"":141,""character_coverage"":0.73822},{""copyright"":""fire_emblem:_genealogy_of_the_holy_war"",""co_posts"":131,""character_coverage"":0.685864},{""copyright"":""fire_emblem_heroes"",""co_posts"":61,""character_coverage"":0.319372},{""copyright"":""fire_emblem:_three_houses"",""co_posts"":19,""character_coverage"":0.099476}]","","","PENDING",""
"I70-012773","saitou_hajime_(third_ascension)_(fate)","4","Character","205","","","","","Saitou Hajime（3番目の昇天）（運命）","","[{""copyright"":""fate/grand_order"",""co_posts"":201,""character_coverage"":1.0},{""copyright"":""fate_(series)"",""co_posts"":201,""character_coverage"":1.0},{""copyright"":""koha-ace"",""co_posts"":16,""character_coverage"":0.079602},{""copyright"":""hakuouki_shinsengumi_kitan"",""co_posts"":1,""character_coverage"":0.004975}]","","","PENDING",""
"I70-012774","sannomiya_shiho","4","Character","205","","","","","三宮紫穂","","[{""copyright"":""zettai_karen_children"",""co_posts"":183,""character_coverage"":1.0},{""copyright"":""code_geass"",""co_posts"":2,""character_coverage"":0.010929},{""copyright"":""dead_or_alive"",""co_posts"":1,""character_coverage"":0.005464},{""copyright"":""dead_or_alive_xtreme"",""co_posts"":1,""character_coverage"":0.005464},{""copyright"":""dungeons_&_dragons"",""co_posts"":1,""character_coverage"":0.005464}]","","","PENDING",""
"I70-012775","seedot","4","Character","205","","","","","タネボー","","[{""copyright"":""pokemon"",""co_posts"":194,""character_coverage"":1.0},{""copyright"":""pokemon_ruby/sapphire/emerald"",""co_posts"":27,""character_coverage"":0.139175},{""copyright"":""pokemon_(anime)"",""co_posts"":15,""character_coverage"":0.07732},{""copyright"":""pokemon_omega_ruby_and_alpha_sapphire"",""co_posts"":11,""character_coverage"":0.056701},{""copyright"":""pokemon_diamond/pearl/platinum"",""co_posts"":8,""character_coverage"":0.041237}]","","","PENDING",""
"I70-012776","shinano_(visions_of_fantasy)_(azur_lane)","4","Character","205","","","","","幻夢の絡繰","","[{""copyright"":""azur_lane"",""co_posts"":187,""character_coverage"":1.0},{""copyright"":""genshin_impact"",""co_posts"":3,""character_coverage"":0.016043},{""copyright"":""comiket_108"",""co_posts"":1,""character_coverage"":0.005348}]","","","PENDING",""
"I70-012777","shinobu_(ninin_ga_shinobuden)","4","Character","205","","","","","忍(ニニンがシノブ伝)","","[{""copyright"":""ninin_ga_shinobuden"",""co_posts"":155,""character_coverage"":0.99359},{""copyright"":""azumanga_daioh"",""co_posts"":3,""character_coverage"":0.019231},{""copyright"":""megami_magazine"",""co_posts"":3,""character_coverage"":0.019231},{""copyright"":""to_heart_(series)"",""co_posts"":3,""character_coverage"":0.019231},{""copyright"":""ace_attorney"",""co_posts"":2,""character_coverage"":0.012821}]","","","PENDING",""
"I70-012778","si_(arknights)","4","Character","205","feranmut_proxy_(arknights)","feranmut proxy (arknights)","","","スー(エンドフィールド)","","[{""copyright"":""arknights"",""co_posts"":21,""character_coverage"":1.0},{""copyright"":""arknights:_endfield"",""co_posts"":21,""character_coverage"":1.0}]","","","PENDING",""
"I70-012779","tapu_koko","4","Character","205","","","","","カプ・コケコ","","[{""copyright"":""pokemon"",""co_posts"":191,""character_coverage"":1.0},{""copyright"":""pokemon_sun_and_moon"",""co_posts"":51,""character_coverage"":0.267016},{""copyright"":""pokemon_(anime)"",""co_posts"":27,""character_coverage"":0.141361},{""copyright"":""pokemon_the_series:_sun_&_moon"",""co_posts"":23,""character_coverage"":0.120419},{""copyright"":""pokemon_masters_ex"",""co_posts"":15,""character_coverage"":0.078534}]","","","PENDING",""
"I70-012780","timeslot_(arknights)","4","Character","205","","","","","时隙","","[]","","","PENDING",""
"I70-012781","tobi_(naruto)","4","Character","205","","","","","トビ(NARUTO)","","[{""copyright"":""naruto_(series)"",""co_posts"":169,""character_coverage"":1.0},{""copyright"":""naruto_shippuuden"",""co_posts"":154,""character_coverage"":0.911243},{""copyright"":""naruto_(classic)"",""co_posts"":38,""character_coverage"":0.224852},{""copyright"":""touhou"",""co_posts"":9,""character_coverage"":0.053254},{""copyright"":""bleach"",""co_posts"":3,""character_coverage"":0.017751}]","","","PENDING",""
"I70-012782","usaslug_(tsukumo_sana)","4","Character","205","","","","","ウサスラグ（sukumo sana）","","[{""copyright"":""hololive"",""co_posts"":196,""character_coverage"":1.0},{""copyright"":""hololive_english"",""co_posts"":196,""character_coverage"":1.0},{""copyright"":""hololive_indonesia"",""co_posts"":9,""character_coverage"":0.045918},{""copyright"":""jojo_no_kimyou_na_bouken"",""co_posts"":3,""character_coverage"":0.015306},{""copyright"":""minecraft"",""co_posts"":3,""character_coverage"":0.015306}]","","","PENDING",""
"I70-012783","yayoi_sakura","4","Character","205","","","","","夜宵桜","","[{""copyright"":""cu-no"",""co_posts"":204,""character_coverage"":0.995122},{""copyright"":""original"",""co_posts"":3,""character_coverage"":0.014634}]","","","PENDING",""
"I70-012784","yuki_miku_(2026)","4","Character","205","yuki_miku_(2026)_(candidate_no.5)","yuki miku (2026) (candidate no.5)","","","2026年雪ミク","","[{""copyright"":""vocaloid"",""co_posts"":192,""character_coverage"":1.0},{""copyright"":""magical_mirai_(vocaloid)"",""co_posts"":3,""character_coverage"":0.015625},{""copyright"":""pokemon"",""co_posts"":3,""character_coverage"":0.015625},{""copyright"":""goodsmile_company"",""co_posts"":2,""character_coverage"":0.010417},{""copyright"":""goodsmile_racing"",""co_posts"":2,""character_coverage"":0.010417}]","","","PENDING",""
"I70-012785","yunoha_thrul","4","Character","205","","","","","ユノハ・スルール","","[{""copyright"":""aquarion_(series)"",""co_posts"":203,""character_coverage"":1.0},{""copyright"":""aquarion_evol"",""co_posts"":203,""character_coverage"":1.0},{""copyright"":""nyantype"",""co_posts"":3,""character_coverage"":0.014778},{""copyright"":""ano_natsu_de_matteru"",""co_posts"":2,""character_coverage"":0.009852},{""copyright"":""fate/zero"",""co_posts"":2,""character_coverage"":0.009852}]","","","PENDING",""
"I70-012786","alolan_marowak","4","Character","204","","","","","アローラガラガラ","","[{""copyright"":""pokemon"",""co_posts"":188,""character_coverage"":1.0},{""copyright"":""pokemon_sun_and_moon"",""co_posts"":44,""character_coverage"":0.234043},{""copyright"":""pokemon_(anime)"",""co_posts"":39,""character_coverage"":0.207447},{""copyright"":""pokemon_the_series:_sun_&_moon"",""co_posts"":38,""character_coverage"":0.202128},{""copyright"":""pokemon_journeys"",""co_posts"":10,""character_coverage"":0.053191}]","","","PENDING",""
"I70-012787","amiya_(young)_(arknights)","4","Character","204","","","","","","","[{""copyright"":""arknights"",""co_posts"":196,""character_coverage"":1.0},{""copyright"":""ambience_synesthesia"",""co_posts"":5,""character_coverage"":0.02551},{""copyright"":""mili_(band)"",""co_posts"":2,""character_coverage"":0.010204},{""copyright"":""white_rabbit_candy"",""co_posts"":2,""character_coverage"":0.010204},{""copyright"":""bang_dream!"",""co_posts"":1,""character_coverage"":0.005102}]","","","PENDING",""
"I70-012788","aoi_kimi","4","Character","204","","","","葵・喜美","","","[{""copyright"":""kyoukaisenjou_no_horizon"",""co_posts"":197,""character_coverage"":1.0},{""copyright"":""dengeki_g's"",""co_posts"":2,""character_coverage"":0.010152},{""copyright"":""megami_magazine"",""co_posts"":2,""character_coverage"":0.010152},{""copyright"":""touhou"",""co_posts"":2,""character_coverage"":0.010152},{""copyright"":""fullmetal_alchemist"",""co_posts"":1,""character_coverage"":0.005076}]","","","PENDING",""
"I70-012789","cheeta_(girls'_frontline_2)","4","Character","204","","","","","チータ(ドールズフロントライン2)","","[{""copyright"":""girls'_frontline"",""co_posts"":190,""character_coverage"":1.0},{""copyright"":""girls'_frontline_2:_exilium"",""co_posts"":190,""character_coverage"":1.0},{""copyright"":""atlantis:_the_lost_empire"",""co_posts"":1,""character_coverage"":0.005263},{""copyright"":""bocchi_the_rock!"",""co_posts"":1,""character_coverage"":0.005263},{""copyright"":""fuwa_fuwa_cinnamoroll"",""co_posts"":1,""character_coverage"":0.005263}]","","","PENDING",""
"I70-012790","colorado_(azur_lane)","4","Character","204","","","","コロラド | コロラド(アズールレーン)","科罗拉多","","[{""copyright"":""azur_lane"",""co_posts"":177,""character_coverage"":1.0},{""copyright"":""national_basketball_association"",""co_posts"":1,""character_coverage"":0.00565}]","","","PENDING",""
"I70-012791","contender_(girls'_frontline)","4","Character","204","contender_(girls_frontline)","contender (girls frontline)","","コンテンダー | コンテンダー(ドールズフロントライン) | コンテンダー(少女前線)","百花侍从 | 竞争者 | 競爭者","Contender","[{""copyright"":""girls'_frontline"",""co_posts"":194,""character_coverage"":1.0},{""copyright"":""fate_(series)"",""co_posts"":4,""character_coverage"":0.020619},{""copyright"":""fate/zero"",""co_posts"":3,""character_coverage"":0.015464},{""copyright"":""metal_gear_(series)"",""co_posts"":2,""character_coverage"":0.010309},{""copyright"":""adventure_time"",""co_posts"":1,""character_coverage"":0.005155}]","","","PENDING",""
"I70-012792","damian_doyle_(cyphers)","4","Character","204","","","","","ダミアン・ドイル（cyphers）","","[{""copyright"":""cyphers"",""co_posts"":202,""character_coverage"":1.0},{""copyright"":""dungeon_and_fighter"",""co_posts"":2,""character_coverage"":0.009901},{""copyright"":""original"",""co_posts"":2,""character_coverage"":0.009901},{""copyright"":""ace_attorney"",""co_posts"":1,""character_coverage"":0.00495},{""copyright"":""dragon_ball"",""co_posts"":1,""character_coverage"":0.00495}]","","","PENDING",""
"I70-012793","dodrio","4","Character","204","","","","","ドードリオ","","[{""copyright"":""pokemon"",""co_posts"":186,""character_coverage"":1.0},{""copyright"":""pokemon_adventures"",""co_posts"":26,""character_coverage"":0.139785},{""copyright"":""pokemon_(anime)"",""co_posts"":21,""character_coverage"":0.112903},{""copyright"":""pokemon_red/green/blue/yellow"",""co_posts"":19,""character_coverage"":0.102151},{""copyright"":""pokemon_(classic_anime)"",""co_posts"":17,""character_coverage"":0.091398}]","","","PENDING",""
"I70-012794","dongbaek_(project_moon)","4","Character","204","dongbaek_(limbus_company)","dongbaek (limbus company)","","","","","[{""copyright"":""limbus_company"",""co_posts"":202,""character_coverage"":1.0},{""copyright"":""project_moon"",""co_posts"":202,""character_coverage"":1.0},{""copyright"":""library_of_ruina"",""co_posts"":8,""character_coverage"":0.039604},{""copyright"":""lobotomy_corporation"",""co_posts"":5,""character_coverage"":0.024752},{""copyright"":""papers_please"",""co_posts"":3,""character_coverage"":0.014851}]","","","PENDING",""
"I70-012795","dororo_(keroro_gunsou)","4","Character","204","","","","","ドロロ兵長","","[{""copyright"":""keroro_gunsou"",""co_posts"":188,""character_coverage"":1.0},{""copyright"":""sanrio"",""co_posts"":10,""character_coverage"":0.053191},{""copyright"":""gundam"",""co_posts"":8,""character_coverage"":0.042553},{""copyright"":""kemono_friends"",""co_posts"":6,""character_coverage"":0.031915},{""copyright"":""fuwa_fuwa_cinnamoroll"",""co_posts"":4,""character_coverage"":0.021277}]","","","PENDING",""
"I70-012796","dusty_(gravity_daze)","4","Character","204","dusty_(gravity_rush)","dusty (gravity rush)","","","ほこりっぽい（重力のぼんやり）","","[{""copyright"":""gravity_daze"",""co_posts"":175,""character_coverage"":1.0},{""copyright"":""gravity_daze_2"",""co_posts"":33,""character_coverage"":0.188571},{""copyright"":""nier_(series)"",""co_posts"":6,""character_coverage"":0.034286},{""copyright"":""nier:automata"",""co_posts"":5,""character_coverage"":0.028571},{""copyright"":""original"",""co_posts"":2,""character_coverage"":0.011429}]","","","PENDING",""
"I70-012797","emerald_sustrai","4","Character","204","","","","","エメラルド・サストライ","EmeraldSustrai","[{""copyright"":""rwby"",""co_posts"":162,""character_coverage"":1.0},{""copyright"":""pokemon"",""co_posts"":2,""character_coverage"":0.012346},{""copyright"":""pokemon_sword_and_shield"",""co_posts"":2,""character_coverage"":0.012346},{""copyright"":""rwby_chibi"",""co_posts"":2,""character_coverage"":0.012346},{""copyright"":""boku_no_hero_academia"",""co_posts"":1,""character_coverage"":0.006173}]","","","PENDING",""
"I70-012798","emily_(hazbin_hotel)","4","Character","204","","","","","","","[{""copyright"":""hazbin_hotel"",""co_posts"":186,""character_coverage"":1.0},{""copyright"":""hellaverse"",""co_posts"":186,""character_coverage"":1.0},{""copyright"":""final_fantasy"",""co_posts"":3,""character_coverage"":0.016129},{""copyright"":""avengers_(series)"",""co_posts"":2,""character_coverage"":0.010753},{""copyright"":""chainsaw_man"",""co_posts"":2,""character_coverage"":0.010753}]","","","PENDING",""
"I70-012799","ephnel","4","Character","204","","","","","エフネル","에프넬","[{""copyright"":""soulworker"",""co_posts"":187,""character_coverage"":0.994681},{""copyright"":""last_origin"",""co_posts"":8,""character_coverage"":0.042553},{""copyright"":""dungeon_ni_deai_wo_motomeru_no_wa_machigatteiru_darou_ka"",""co_posts"":4,""character_coverage"":0.021277},{""copyright"":""kono_subarashii_sekai_ni_shukufuku_wo!"",""co_posts"":4,""character_coverage"":0.021277},{""copyright"":""guilty_gear"",""co_posts"":2,""character_coverage"":0.010638}]","","","PENDING",""
"I70-012800","galarian_farfetch'd","4","Character","204","","","","","ガラルカモネギ","","[{""copyright"":""pokemon"",""co_posts"":204,""character_coverage"":1.0},{""copyright"":""vocaloid"",""co_posts"":20,""character_coverage"":0.098039},{""copyright"":""pokemon_(anime)"",""co_posts"":17,""character_coverage"":0.083333},{""copyright"":""pokemon_journeys"",""co_posts"":17,""character_coverage"":0.083333},{""copyright"":""project_voltage"",""co_posts"":16,""character_coverage"":0.078431}]","","","PENDING",""
"I70-012801","gekkomon","4","Character","204","","","","","ゲッコーモン","","[{""copyright"":""digimon"",""co_posts"":193,""character_coverage"":1.0},{""copyright"":""digimon_beatbreak"",""co_posts"":158,""character_coverage"":0.818653},{""copyright"":""digimon_ghost_game"",""co_posts"":7,""character_coverage"":0.036269},{""copyright"":""digimon_story:_time_stranger"",""co_posts"":6,""character_coverage"":0.031088},{""copyright"":""digimon_adventure_02"",""co_posts"":5,""character_coverage"":0.025907}]","","","PENDING",""
"I70-012802","golbez","4","Character","204","golbeza","golbeza","","","ゴルベーザ","","[{""copyright"":""final_fantasy"",""co_posts"":178,""character_coverage"":1.0},{""copyright"":""final_fantasy_iv"",""co_posts"":171,""character_coverage"":0.960674},{""copyright"":""dissidia_final_fantasy"",""co_posts"":59,""character_coverage"":0.331461},{""copyright"":""final_fantasy_v"",""co_posts"":47,""character_coverage"":0.264045},{""copyright"":""final_fantasy_vi"",""co_posts"":42,""character_coverage"":0.235955}]","","","PENDING",""
"I70-012803","hakos_baelz_(steel_rose)","4","Character","204","hakos_baelz_(4th_costume),hakos_baelz_(military_casual)","hakos baelz (4th costume) | hakos baelz (military casual)","","","","WitnessME","[{""copyright"":""hololive"",""co_posts"":198,""character_coverage"":1.0},{""copyright"":""hololive_english"",""co_posts"":198,""character_coverage"":1.0},{""copyright"":""hololive_grand_theft_auto"",""co_posts"":6,""character_coverage"":0.030303},{""copyright"":""call_of_duty"",""co_posts"":1,""character_coverage"":0.005051},{""copyright"":""call_of_duty:_black_ops"",""co_posts"":1,""character_coverage"":0.005051}]","","","PENDING",""
"I70-012804","hasunoue_keroppi","4","Character","204","","","","","はすの上けろっぴ","","[{""copyright"":""kero_kero_keroppi"",""co_posts"":198,""character_coverage"":1.0},{""copyright"":""sanrio"",""co_posts"":198,""character_coverage"":1.0},{""copyright"":""my_melody_(series)"",""co_posts"":54,""character_coverage"":0.272727},{""copyright"":""hello_kitty"",""co_posts"":52,""character_coverage"":0.262626},{""copyright"":""fuwa_fuwa_cinnamoroll"",""co_posts"":45,""character_coverage"":0.227273}]","","","PENDING",""
"I70-012805","himeyuri_sango","4","Character","204","","","","","姫百合珊瑚","","[{""copyright"":""to_heart_(series)"",""co_posts"":147,""character_coverage"":1.0},{""copyright"":""to_heart_2"",""co_posts"":147,""character_coverage"":1.0},{""copyright"":""to_heart_2_xrated"",""co_posts"":21,""character_coverage"":0.142857},{""copyright"":""to_heart_2_ad"",""co_posts"":3,""character_coverage"":0.020408},{""copyright"":""bleach"",""co_posts"":1,""character_coverage"":0.006803}]","","","PENDING",""
"I70-012806","hinomoto_hikari","4","Character","204","","","","","陽ノ下光","","[{""copyright"":""tokimeki_memorial"",""co_posts"":193,""character_coverage"":1.0},{""copyright"":""tokimeki_memorial_2"",""co_posts"":191,""character_coverage"":0.989637},{""copyright"":""tokimeki_memorial_1"",""co_posts"":6,""character_coverage"":0.031088},{""copyright"":""konami"",""co_posts"":2,""character_coverage"":0.010363},{""copyright"":""amagami"",""co_posts"":1,""character_coverage"":0.005181}]","","","PENDING",""
"I70-012807","ish_the_tyrant","4","Character","204","","","","","","","[{""copyright"":""original"",""co_posts"":5,""character_coverage"":1.0}]","","","PENDING",""
"I70-012808","kasane_teto_(voicepeak)","4","Character","204","","","","","重音テトVP","","[{""copyright"":""utau"",""co_posts"":190,""character_coverage"":1.0},{""copyright"":""voicepeak"",""co_posts"":181,""character_coverage"":0.952632},{""copyright"":""synthesizer_v"",""co_posts"":65,""character_coverage"":0.342105},{""copyright"":""vocaloid"",""co_posts"":15,""character_coverage"":0.078947},{""copyright"":""tetoris_(synthesizer_v)"",""co_posts"":8,""character_coverage"":0.042105}]","","","PENDING",""
"I70-012809","kishitani_shinra","4","Character","204","","","","","岸谷新羅","","[{""copyright"":""durarara!!"",""co_posts"":187,""character_coverage"":1.0},{""copyright"":""baccano!"",""co_posts"":4,""character_coverage"":0.02139},{""copyright"":""etsusa_oohashi"",""co_posts"":3,""character_coverage"":0.016043},{""copyright"":""working!!"",""co_posts"":3,""character_coverage"":0.016043},{""copyright"":""alice's_adventures_in_wonderland"",""co_posts"":2,""character_coverage"":0.010695}]","","","PENDING",""
"I70-012810","komikado_sachi","4","Character","204","","","","","小見門さち","","[{""copyright"":""honey_come_chatka!!"",""co_posts"":203,""character_coverage"":1.0},{""copyright"":""poptepipic"",""co_posts"":2,""character_coverage"":0.009852},{""copyright"":""3ldkm"",""co_posts"":1,""character_coverage"":0.004926},{""copyright"":""bohemian_rhapsody"",""co_posts"":1,""character_coverage"":0.004926},{""copyright"":""captain_america:_civil_war"",""co_posts"":1,""character_coverage"":0.004926}]","","","PENDING",""
"I70-012811","laufen_(sousou_no_frieren)","4","Character","204","","","","ラオフェン","","","[{""copyright"":""sousou_no_frieren"",""co_posts"":201,""character_coverage"":1.0},{""copyright"":""fire_emblem"",""co_posts"":1,""character_coverage"":0.004975},{""copyright"":""fire_emblem_awakening"",""co_posts"":1,""character_coverage"":0.004975},{""copyright"":""hololive"",""co_posts"":1,""character_coverage"":0.004975},{""copyright"":""hololive_indonesia"",""co_posts"":1,""character_coverage"":0.004975}]","","","PENDING",""
"I70-012812","luca_kaneshiro_(1st_costume)","4","Character","204","","","","ルカ・カネシロ(通常)","","","[{""copyright"":""nijisanji"",""co_posts"":201,""character_coverage"":1.0},{""copyright"":""nijisanji_en"",""co_posts"":201,""character_coverage"":1.0},{""copyright"":""mafia_(vocaloid)"",""co_posts"":3,""character_coverage"":0.014925},{""copyright"":""nijisanji_id"",""co_posts"":3,""character_coverage"":0.014925},{""copyright"":""among_us"",""co_posts"":2,""character_coverage"":0.00995}]","","","PENDING",""
"I70-012813","makoto_(dress)_(blue_archive)","4","Character","204","","","","羽沼マコト(ドレス)","","","[{""copyright"":""blue_archive"",""co_posts"":191,""character_coverage"":1.0},{""copyright"":""blue_archive_the_animation"",""co_posts"":1,""character_coverage"":0.005236},{""copyright"":""hearthstone"",""co_posts"":1,""character_coverage"":0.005236},{""copyright"":""nexon"",""co_posts"":1,""character_coverage"":0.005236},{""copyright"":""warcraft"",""co_posts"":1,""character_coverage"":0.005236}]","","","PENDING",""
"I70-012814","mankey","4","Character","204","","","","","マンキー","","[{""copyright"":""pokemon"",""co_posts"":184,""character_coverage"":1.0},{""copyright"":""pokemon_(anime)"",""co_posts"":23,""character_coverage"":0.125},{""copyright"":""pokemon_firered_and_leafgreen"",""co_posts"":19,""character_coverage"":0.103261},{""copyright"":""pokemon_red/green/blue/yellow"",""co_posts"":19,""character_coverage"":0.103261},{""copyright"":""pokemon_(classic_anime)"",""co_posts"":16,""character_coverage"":0.086957}]","","","PENDING",""
"I70-012815","marowak","4","Character","204","","","","","ガラガラ","","[{""copyright"":""pokemon"",""co_posts"":186,""character_coverage"":1.0},{""copyright"":""pokemon_red/green/blue/yellow"",""co_posts"":24,""character_coverage"":0.129032},{""copyright"":""pokemon_(anime)"",""co_posts"":19,""character_coverage"":0.102151},{""copyright"":""pokemon_(classic_anime)"",""co_posts"":18,""character_coverage"":0.096774},{""copyright"":""pokemon_firered_and_leafgreen"",""co_posts"":17,""character_coverage"":0.091398}]","","","PENDING",""
"I70-012816","martha_(third_ascension)_(fate)","4","Character","204","","","","","","","[{""copyright"":""fate/grand_order"",""co_posts"":194,""character_coverage"":1.0},{""copyright"":""fate_(series)"",""co_posts"":194,""character_coverage"":1.0},{""copyright"":""fate/stay_night"",""co_posts"":6,""character_coverage"":0.030928},{""copyright"":""fate/apocrypha"",""co_posts"":2,""character_coverage"":0.010309},{""copyright"":""fate/extra"",""co_posts"":1,""character_coverage"":0.005155}]","","","PENDING",""
"I70-012817","massachusetts_(dressed_to_impress)_(azur_lane)","4","Character","204","","","","ドレッシービューティー","盛宴的准备","","[{""copyright"":""azur_lane"",""co_posts"":193,""character_coverage"":1.0},{""copyright"":""azur_lane:_slow_ahead"",""co_posts"":1,""character_coverage"":0.005181},{""copyright"":""hololive"",""co_posts"":1,""character_coverage"":0.005181},{""copyright"":""kantai_collection"",""co_posts"":1,""character_coverage"":0.005181},{""copyright"":""tatakau_ni_atai_suru"",""co_posts"":1,""character_coverage"":0.005181}]","","","PENDING",""
"I70-012818","mega_banette","4","Character","204","","","","","メガジュペッタ","","[{""copyright"":""pokemon"",""co_posts"":195,""character_coverage"":1.0},{""copyright"":""pokemon_x_and_y"",""co_posts"":24,""character_coverage"":0.123077},{""copyright"":""pokemon_masters_ex"",""co_posts"":9,""character_coverage"":0.046154},{""copyright"":""pokemon_omega_ruby_and_alpha_sapphire"",""co_posts"":9,""character_coverage"":0.046154},{""copyright"":""pokemon_sword_and_shield"",""co_posts"":8,""character_coverage"":0.041026}]","","","PENDING",""
"I70-012819","new_jersey_(midsummer_leisure)_(azur_lane)","4","Character","204","","","","盛夏のレジャータイム","","","[{""copyright"":""azur_lane"",""co_posts"":172,""character_coverage"":1.0},{""copyright"":""kantai_collection"",""co_posts"":2,""character_coverage"":0.011628},{""copyright"":""comiket_106"",""co_posts"":1,""character_coverage"":0.005814},{""copyright"":""original"",""co_posts"":1,""character_coverage"":0.005814},{""copyright"":""yostar"",""co_posts"":1,""character_coverage"":0.005814}]","","","PENDING",""
"I70-012820","nickit","4","Character","204","","","","","クスネ","","[{""copyright"":""pokemon"",""co_posts"":193,""character_coverage"":1.0},{""copyright"":""pokemon_sword_and_shield"",""co_posts"":30,""character_coverage"":0.15544},{""copyright"":""pokemon_(anime)"",""co_posts"":8,""character_coverage"":0.041451},{""copyright"":""original"",""co_posts"":7,""character_coverage"":0.036269},{""copyright"":""pokemon_journeys"",""co_posts"":5,""character_coverage"":0.025907}]","","","PENDING",""
"I70-012821","ouro_kronii_(holonatsu_paradise)","4","Character","204","","","","","","","[{""copyright"":""hololive"",""co_posts"":191,""character_coverage"":1.0},{""copyright"":""hololive_english"",""co_posts"":191,""character_coverage"":1.0},{""copyright"":""enigmatic_recollection"",""co_posts"":1,""character_coverage"":0.005236},{""copyright"":""indie_virtual_youtuber"",""co_posts"":1,""character_coverage"":0.005236},{""copyright"":""kimagure_mercy_(vocaloid)"",""co_posts"":1,""character_coverage"":0.005236}]","","","PENDING",""
"I70-012822","rennala_queen_of_the_full_moon","4","Character","204","","","","レナラ | 満月の女王レナラ","满月女王","Rennala","[{""copyright"":""elden_ring"",""co_posts"":190,""character_coverage"":1.0},{""copyright"":""elden_ring:_shadow_of_the_erdtree"",""co_posts"":27,""character_coverage"":0.142105},{""copyright"":""helltaker"",""co_posts"":3,""character_coverage"":0.015789},{""copyright"":""bereal"",""co_posts"":1,""character_coverage"":0.005263},{""copyright"":""dark_souls_(series)"",""co_posts"":1,""character_coverage"":0.005263}]","","","PENDING",""
"I70-012823","saya_(twrlare)","4","Character","204","","","","","サヤ（Twrlare）","","[{""copyright"":""original"",""co_posts"":165,""character_coverage"":1.0},{""copyright"":""japanese_urban_legends"",""co_posts"":1,""character_coverage"":0.006061},{""copyright"":""starbucks"",""co_posts"":1,""character_coverage"":0.006061}]","","","PENDING",""
"I70-012824","sayo_(voicevox)","4","Character","204","neko_no_sayo","neko no sayo","","","小夜","","[{""copyright"":""voicevox"",""co_posts"":179,""character_coverage"":0.937173},{""copyright"":""utau"",""co_posts"":39,""character_coverage"":0.204188},{""copyright"":""coefont"",""co_posts"":24,""character_coverage"":0.125654},{""copyright"":""voiceroid"",""co_posts"":20,""character_coverage"":0.104712},{""copyright"":""cevio"",""co_posts"":7,""character_coverage"":0.036649}]","","","PENDING",""
"I70-012825","sein_(sousou_no_frieren)","4","Character","204","","","","ザイン","","","[{""copyright"":""sousou_no_frieren"",""co_posts"":201,""character_coverage"":1.0},{""copyright"":""dungeon_meshi"",""co_posts"":2,""character_coverage"":0.00995},{""copyright"":""kusuriya_no_hitorigoto"",""co_posts"":2,""character_coverage"":0.00995},{""copyright"":""mcdonald's"",""co_posts"":2,""character_coverage"":0.00995},{""copyright"":""pokemon"",""co_posts"":2,""character_coverage"":0.00995}]","","","PENDING",""
"I70-012826","sekhmet_of_death","4","Character","204","","","","セクメト | 死滅のセクメト","","사멸의_세크메트 | 사멸의세크메트 | 세크메트","[{""copyright"":""last_origin"",""co_posts"":182,""character_coverage"":1.0},{""copyright"":""dog_days"",""co_posts"":2,""character_coverage"":0.010989},{""copyright"":""azur_lane"",""co_posts"":1,""character_coverage"":0.005495},{""copyright"":""fate/grand_order"",""co_posts"":1,""character_coverage"":0.005495},{""copyright"":""fate_(series)"",""co_posts"":1,""character_coverage"":0.005495}]","","","PENDING",""
"I70-012827","spark_(pokemon)","4","Character","204","","","","","スパーク","","[{""copyright"":""pokemon"",""co_posts"":189,""character_coverage"":1.0},{""copyright"":""pokemon_go"",""co_posts"":189,""character_coverage"":1.0},{""copyright"":""original"",""co_posts"":9,""character_coverage"":0.047619},{""copyright"":""pokemon_sun_and_moon"",""co_posts"":5,""character_coverage"":0.026455},{""copyright"":""fire_emblem"",""co_posts"":3,""character_coverage"":0.015873}]","","","PENDING",""
"I70-012828","suika_(dr._stone)","4","Character","204","suika_(dr.stone)","suika (dr.stone)","","","スイカ(Dr.STONE)","","[{""copyright"":""dr._stone"",""co_posts"":194,""character_coverage"":1.0},{""copyright"":""kimetsu_no_yaiba"",""co_posts"":3,""character_coverage"":0.015464},{""copyright"":""boku_no_hero_academia"",""co_posts"":2,""character_coverage"":0.010309},{""copyright"":""jujutsu_kaisen"",""co_posts"":2,""character_coverage"":0.010309},{""copyright"":""mairimashita!_iruma-kun"",""co_posts"":2,""character_coverage"":0.010309}]","","","PENDING",""
"I70-012829","vesti_(nikke)","4","Character","204","","","","","ベスティー(勝利の女神:NIKKE)","","[{""copyright"":""goddess_of_victory:_nikke"",""co_posts"":182,""character_coverage"":1.0},{""copyright"":""sousou_no_frieren"",""co_posts"":2,""character_coverage"":0.010989},{""copyright"":""jujutsu_kaisen"",""co_posts"":1,""character_coverage"":0.005495},{""copyright"":""re:zero_kara_hajimeru_isekai_seikatsu"",""co_posts"":1,""character_coverage"":0.005495}]","","","PENDING",""
"I70-012830","youhu_(wuthering_waves)","4","Character","204","","","","","ユウゴ","","[{""copyright"":""wuthering_waves"",""co_posts"":195,""character_coverage"":1.0},{""copyright"":""blue_archive"",""co_posts"":4,""character_coverage"":0.020513},{""copyright"":""powerpuff_girls"",""co_posts"":4,""character_coverage"":0.020513},{""copyright"":""powerpuff_girls_z"",""co_posts"":4,""character_coverage"":0.020513},{""copyright"":""genshin_impact"",""co_posts"":2,""character_coverage"":0.010256}]","","","PENDING",""
"I70-012831","agnes_oblige","4","Character","203","","","","アニエス | アニエス・オブリージュ","","","[{""copyright"":""bravely_default_(series)"",""co_posts"":194,""character_coverage"":1.0},{""copyright"":""bravely_default:_flying_fairy"",""co_posts"":181,""character_coverage"":0.93299},{""copyright"":""bravely_second:_end_layer"",""co_posts"":21,""character_coverage"":0.108247},{""copyright"":""square_enix"",""co_posts"":5,""character_coverage"":0.025773},{""copyright"":""drag-on_dragoon"",""co_posts"":3,""character_coverage"":0.015464}]","","","PENDING",""
"I70-012832","akihime_sumomo","4","Character","203","","","","","秋姫すもも","","[{""copyright"":""nanatsuiro_drops"",""co_posts"":175,""character_coverage"":1.0},{""copyright"":""shakugan_no_shana"",""co_posts"":11,""character_coverage"":0.062857},{""copyright"":""megami_magazine"",""co_posts"":7,""character_coverage"":0.04},{""copyright"":""suzumiya_haruhi_no_yuuutsu"",""co_posts"":7,""character_coverage"":0.04},{""copyright"":""flyable_heart"",""co_posts"":4,""character_coverage"":0.022857}]","","","PENDING",""
"I70-012833","amiya_aranha","4","Character","203","","","","","アミヤ・アラニャ","","[{""copyright"":""indie_virtual_youtuber"",""co_posts"":163,""character_coverage"":0.831633},{""copyright"":""tsunderia"",""co_posts"":33,""character_coverage"":0.168367},{""copyright"":""chromashift"",""co_posts"":4,""character_coverage"":0.020408},{""copyright"":""prism_project"",""co_posts"":2,""character_coverage"":0.010204},{""copyright"":""sonic_(series)"",""co_posts"":2,""character_coverage"":0.010204}]","","","PENDING",""
"I70-012834","bardiche_(axe_form)_(nanoha)","4","Character","203","bardiche_(axe_form)","bardiche (axe form)","","","アックスフォーム","","[{""copyright"":""lyrical_nanoha"",""co_posts"":198,""character_coverage"":1.0},{""copyright"":""mahou_shoujo_lyrical_nanoha"",""co_posts"":192,""character_coverage"":0.969697},{""copyright"":""mahou_shoujo_lyrical_nanoha_the_movie_1st"",""co_posts"":173,""character_coverage"":0.873737},{""copyright"":""mahou_shoujo_lyrical_nanoha_strikers"",""co_posts"":13,""character_coverage"":0.065657},{""copyright"":""mahou_shoujo_lyrical_nanoha_a's"",""co_posts"":12,""character_coverage"":0.060606}]","","","PENDING",""
"I70-012835","bartholomew_roberts_(fate)","4","Character","203","bartholomew_roberts_(fate/grand_order)","bartholomew roberts (fate/grand order)","","サラザール(Fate) | バーソロミュー・ロバーツ(Fate)","","","[{""copyright"":""fate/grand_order"",""co_posts"":198,""character_coverage"":1.0},{""copyright"":""fate_(series)"",""co_posts"":198,""character_coverage"":1.0},{""copyright"":""fate/apocrypha"",""co_posts"":5,""character_coverage"":0.025253},{""copyright"":""fate/extra"",""co_posts"":3,""character_coverage"":0.015152},{""copyright"":""azur_lane"",""co_posts"":2,""character_coverage"":0.010101}]","","","PENDING",""
"I70-012836","basculegion","4","Character","203","","","","","イダイトウ","","[{""copyright"":""pokemon"",""co_posts"":193,""character_coverage"":1.0},{""copyright"":""pokemon_legends:_arceus"",""co_posts"":62,""character_coverage"":0.321244},{""copyright"":""original"",""co_posts"":12,""character_coverage"":0.062176},{""copyright"":""pokemon_masters_ex"",""co_posts"":8,""character_coverage"":0.041451},{""copyright"":""pokemon_champions"",""co_posts"":6,""character_coverage"":0.031088}]","","","PENDING",""
"I70-012837","bellows_(suisei_no_gargantia)","4","Character","203","","","","ベローズ","","","[{""copyright"":""suisei_no_gargantia"",""co_posts"":188,""character_coverage"":1.0},{""copyright"":""megami_magazine"",""co_posts"":1,""character_coverage"":0.005319},{""copyright"":""michiko_to_hacchin"",""co_posts"":1,""character_coverage"":0.005319},{""copyright"":""rwby"",""co_posts"":1,""character_coverage"":0.005319}]","","","PENDING",""
"I70-012838","carbink","4","Character","203","","","","","メレシー","","[{""copyright"":""pokemon"",""co_posts"":195,""character_coverage"":1.0},{""copyright"":""pokemon_omega_ruby_and_alpha_sapphire"",""co_posts"":25,""character_coverage"":0.128205},{""copyright"":""pokemon_x_and_y"",""co_posts"":23,""character_coverage"":0.117949},{""copyright"":""pokemon_legends:_z-a"",""co_posts"":17,""character_coverage"":0.087179},{""copyright"":""pokemon_(anime)"",""co_posts"":7,""character_coverage"":0.035897}]","","","PENDING",""
"I70-012839","chibikko_(morihito)","4","Character","203","","","","ちびっこちゃん","","","[{""copyright"":""original"",""co_posts"":202,""character_coverage"":0.995074},{""copyright"":""arknights"",""co_posts"":2,""character_coverage"":0.009852},{""copyright"":""indie_virtual_youtuber"",""co_posts"":2,""character_coverage"":0.009852},{""copyright"":""phase_connect"",""co_posts"":2,""character_coverage"":0.009852},{""copyright"":""real_life"",""co_posts"":2,""character_coverage"":0.009852}]","","","PENDING",""
"I70-012840","chloe_price","4","Character","203","","","","","クロエ価格","","[{""copyright"":""life_is_strange_(series)"",""co_posts"":164,""character_coverage"":0.993939},{""copyright"":""life_is_strange_1"",""co_posts"":128,""character_coverage"":0.775758},{""copyright"":""chainsaw_man"",""co_posts"":2,""character_coverage"":0.012121},{""copyright"":""resident_evil"",""co_posts"":2,""character_coverage"":0.012121},{""copyright"":""adventure_time"",""co_posts"":1,""character_coverage"":0.006061}]","","","PENDING",""
"I70-012841","coo_(kirby)","4","Character","203","","","","","クー","","[{""copyright"":""kirby_(series)"",""co_posts"":197,""character_coverage"":1.0},{""copyright"":""kirby's_dream_land_3"",""co_posts"":67,""character_coverage"":0.340102},{""copyright"":""kirby_star_allies"",""co_posts"":55,""character_coverage"":0.279188},{""copyright"":""kirby's_dream_land_2"",""co_posts"":53,""character_coverage"":0.269036},{""copyright"":""kirby_64"",""co_posts"":52,""character_coverage"":0.263959}]","","","PENDING",""
"I70-012842","dustox","4","Character","203","","","","","ドクケイル","","[{""copyright"":""pokemon"",""co_posts"":190,""character_coverage"":1.0},{""copyright"":""pokemon_(anime)"",""co_posts"":37,""character_coverage"":0.194737},{""copyright"":""pokemon_the_series:_ruby_and_sapphire"",""co_posts"":16,""character_coverage"":0.084211},{""copyright"":""pokemon_(classic_anime)"",""co_posts"":15,""character_coverage"":0.078947},{""copyright"":""pokemon_the_series:_diamond_and_pearl"",""co_posts"":15,""character_coverage"":0.078947}]","","","PENDING",""
"I70-012843","emerald_(pokemon)","4","Character","203","","","","","エメラルド(ポケスペ)","","[{""copyright"":""pokemon"",""co_posts"":163,""character_coverage"":1.0},{""copyright"":""pokemon_adventures"",""co_posts"":163,""character_coverage"":1.0},{""copyright"":""pokemon_heartgold_and_soulsilver"",""co_posts"":8,""character_coverage"":0.04908},{""copyright"":""pokemon_black_and_white"",""co_posts"":6,""character_coverage"":0.03681},{""copyright"":""pokemon_diamond/pearl/platinum"",""co_posts"":6,""character_coverage"":0.03681}]","","","PENDING",""
"I70-012844","eustace_winner","4","Character","203","ichiyanagi_yumihiko,sebastian_debeste","ichiyanagi yumihiko | sebastian debeste","","","一柳弓彦","","[{""copyright"":""ace_attorney"",""co_posts"":201,""character_coverage"":1.0},{""copyright"":""ace_attorney_investigations"",""co_posts"":200,""character_coverage"":0.995025},{""copyright"":""ace_attorney_investigations_2:_prosecutor's_gambit"",""co_posts"":199,""character_coverage"":0.99005},{""copyright"":""apollo_justice:_ace_attorney"",""co_posts"":18,""character_coverage"":0.089552},{""copyright"":""phoenix_wright:_ace_attorney_-_dual_destinies"",""co_posts"":14,""character_coverage"":0.069652}]","","","PENDING",""
"I70-012845","fujii_natsumi_(ysphere)","4","Character","203","","","","","藤井夏海","","[{""copyright"":""soukou_seiki_ysphere"",""co_posts"":203,""character_coverage"":1.0}]","","","PENDING",""
"I70-012846","ghostface","4","Character","203","","","","","お化けの顔","","[{""copyright"":""scream_(movie)"",""co_posts"":165,""character_coverage"":0.9375},{""copyright"":""dead_by_daylight"",""co_posts"":48,""character_coverage"":0.272727},{""copyright"":""friday_the_13th"",""co_posts"":20,""character_coverage"":0.113636},{""copyright"":""original"",""co_posts"":19,""character_coverage"":0.107955},{""copyright"":""touhou"",""co_posts"":19,""character_coverage"":0.107955}]","","","PENDING",""
"I70-012847","gloomy_bear","4","Character","203","","","","","グル~ミ~","","[{""copyright"":""itazuraguma_no_gloomy"",""co_posts"":191,""character_coverage"":0.979487},{""copyright"":""original"",""co_posts"":64,""character_coverage"":0.328205},{""copyright"":""nitroplus"",""co_posts"":36,""character_coverage"":0.184615},{""copyright"":""sanrio"",""co_posts"":32,""character_coverage"":0.164103},{""copyright"":""vocaloid"",""co_posts"":27,""character_coverage"":0.138462}]","","","PENDING",""
"I70-012848","grimm_(rwby)","4","Character","203","","","","","グリム（rwby）","","[{""copyright"":""rwby"",""co_posts"":173,""character_coverage"":1.0},{""copyright"":""japanese_urban_legends"",""co_posts"":2,""character_coverage"":0.011561},{""copyright"":""lies_of_p"",""co_posts"":2,""character_coverage"":0.011561},{""copyright"":""original"",""co_posts"":2,""character_coverage"":0.011561},{""copyright"":""the_elder_scrolls"",""co_posts"":2,""character_coverage"":0.011561}]","","","PENDING",""
"I70-012849","guan_chao_(false_memory)","4","Character","203","","","","","关潮","","[]","","","PENDING",""
"I70-012850","hiura_mihate","4","Character","203","mihate_hiura","mihate hiura","","","日浦美果","","[{""copyright"":""koisuru_(otome)_no_tsukurikata"",""co_posts"":193,""character_coverage"":1.0},{""copyright"":""original"",""co_posts"":5,""character_coverage"":0.025907},{""copyright"":""little_red_riding_hood_(fairy_tale)"",""co_posts"":1,""character_coverage"":0.005181},{""copyright"":""snow_white_and_the_seven_dwarfs_(disney)"",""co_posts"":1,""character_coverage"":0.005181}]","","","PENDING",""
"I70-012851","inubousaki_shian","4","Character","203","","","","","犬吠埼紫杏","","[{""copyright"":""denonbu"",""co_posts"":203,""character_coverage"":1.0},{""copyright"":""akroglam"",""co_posts"":4,""character_coverage"":0.019704},{""copyright"":""d4dj"",""co_posts"":2,""character_coverage"":0.009852},{""copyright"":""pokemon"",""co_posts"":2,""character_coverage"":0.009852},{""copyright"":""bandai_namco"",""co_posts"":1,""character_coverage"":0.004926}]","","","PENDING",""
"I70-012852","julia_chang","4","Character","203","","","","ジュリア・チャン","","","[{""copyright"":""tekken"",""co_posts"":156,""character_coverage"":1.0},{""copyright"":""tekken_7"",""co_posts"":32,""character_coverage"":0.205128},{""copyright"":""tekken_tag_tournament_2"",""co_posts"":26,""character_coverage"":0.166667},{""copyright"":""street_fighter"",""co_posts"":9,""character_coverage"":0.057692},{""copyright"":""tekken_5"",""co_posts"":6,""character_coverage"":0.038462}]","","","PENDING",""
"I70-012853","kanada_toshu","4","Character","203","","","","","","","[{""copyright"":""bacchikoi!"",""co_posts"":203,""character_coverage"":1.0},{""copyright"":""sagawa_express"",""co_posts"":7,""character_coverage"":0.034483},{""copyright"":""camp_buddy"",""co_posts"":1,""character_coverage"":0.004926}]","","","PENDING",""
"I70-012854","kizuna_akari_(a.i._voice)","4","Character","203","","","","","キズナアカリ（A.I.ボイス）","","[{""copyright"":""a.i._voice"",""co_posts"":194,""character_coverage"":0.984772},{""copyright"":""voiceroid"",""co_posts"":193,""character_coverage"":0.979695},{""copyright"":""vocaloid"",""co_posts"":77,""character_coverage"":0.390863},{""copyright"":""cevio"",""co_posts"":9,""character_coverage"":0.045685},{""copyright"":""synthesizer_v"",""co_posts"":6,""character_coverage"":0.030457}]","","","PENDING",""
"I70-012855","krookodile","4","Character","203","","","","","ワルビアル","","[{""copyright"":""pokemon"",""co_posts"":184,""character_coverage"":1.0},{""copyright"":""pokemon_black_and_white"",""co_posts"":43,""character_coverage"":0.233696},{""copyright"":""pokemon_(anime)"",""co_posts"":28,""character_coverage"":0.152174},{""copyright"":""pokemon_the_series:_black_&_white"",""co_posts"":14,""character_coverage"":0.076087},{""copyright"":""pokemon_(classic_anime)"",""co_posts"":13,""character_coverage"":0.070652}]","","","PENDING",""
"I70-012856","kunugi_chiaki","4","Character","203","","","","","功刀千晶","","[{""copyright"":""shugo_seijo_prism_saber"",""co_posts"":202,""character_coverage"":1.0}]","","","PENDING",""
"I70-012857","kurumi_(hazakura_hinata)","4","Character","203","","","","","猫珠くるみ","","[{""copyright"":""original"",""co_posts"":192,""character_coverage"":1.0},{""copyright"":""kantai_collection"",""co_posts"":3,""character_coverage"":0.015625},{""copyright"":""vocaloid"",""co_posts"":2,""character_coverage"":0.010417}]","","","PENDING",""
"I70-012858","kycilia_zabi","4","Character","203","","","","","キシリア・ザビ","","[{""copyright"":""gundam"",""co_posts"":185,""character_coverage"":1.0},{""copyright"":""gundam_gquuuuuux"",""co_posts"":113,""character_coverage"":0.610811},{""copyright"":""mobile_suit_gundam"",""co_posts"":84,""character_coverage"":0.454054},{""copyright"":""mobile_suit_gundam_the_origin"",""co_posts"":12,""character_coverage"":0.064865},{""copyright"":""gundam_gihren_no_yabou"",""co_posts"":6,""character_coverage"":0.032432}]","","","PENDING",""
"I70-012859","lillie_(anniversary_2021)_(pokemon)","4","Character","203","","","","リーリエ(21アニバーサリー)","","","[{""copyright"":""pokemon"",""co_posts"":197,""character_coverage"":1.0},{""copyright"":""pokemon_masters_ex"",""co_posts"":197,""character_coverage"":1.0},{""copyright"":""pokemon_sun_and_moon"",""co_posts"":17,""character_coverage"":0.086294},{""copyright"":""pokemon_(anime)"",""co_posts"":2,""character_coverage"":0.010152},{""copyright"":""pokemon_tcg"",""co_posts"":2,""character_coverage"":0.010152}]","","","PENDING",""
"I70-012860","luna_(shadowverse)","4","Character","203","","","","ルナ | ルナ(シャドウバース)","","","[{""copyright"":""shadowverse"",""co_posts"":195,""character_coverage"":0.994898},{""copyright"":""princess_connect!"",""co_posts"":18,""character_coverage"":0.091837},{""copyright"":""shingeki_no_bahamut"",""co_posts"":12,""character_coverage"":0.061224},{""copyright"":""granblue_fantasy"",""co_posts"":8,""character_coverage"":0.040816},{""copyright"":""umamusume"",""co_posts"":6,""character_coverage"":0.030612}]","","","PENDING",""
"I70-012861","magneto","4","Character","203","","","","","マグニートー","","[{""copyright"":""marvel"",""co_posts"":165,""character_coverage"":1.0},{""copyright"":""x-men"",""co_posts"":161,""character_coverage"":0.975758},{""copyright"":""marvel_rivals"",""co_posts"":44,""character_coverage"":0.266667},{""copyright"":""spider-man_(series)"",""co_posts"":39,""character_coverage"":0.236364},{""copyright"":""marvel_vs._capcom"",""co_posts"":30,""character_coverage"":0.181818}]","","","PENDING",""
"I70-012862","maliss_<p>_white_rabbit","4","Character","203","maliss_p_white_rabbit,malice<p>white_rabbit","malice<p>white rabbit | maliss p white rabbit","","","マリス<クイーン>レッド・ランサム","","[{""copyright"":""yu-gi-oh!"",""co_posts"":191,""character_coverage"":1.0},{""copyright"":""yu-gi-oh!_master_duel"",""co_posts"":4,""character_coverage"":0.020942},{""copyright"":""alice's_adventures_in_wonderland"",""co_posts"":1,""character_coverage"":0.005236},{""copyright"":""black_souls"",""co_posts"":1,""character_coverage"":0.005236},{""copyright"":""black_souls_2"",""co_posts"":1,""character_coverage"":0.005236}]","","","PENDING",""
"I70-012863","marco_polo_(azur_lane)","4","Character","203","","","","マルコ・ポーロ | マルコ・ポーロ(アズールレーン)","马可波罗","","[{""copyright"":""azur_lane"",""co_posts"":180,""character_coverage"":1.0},{""copyright"":""azur_lane:_slow_ahead"",""co_posts"":7,""character_coverage"":0.038889},{""copyright"":""world_of_warships"",""co_posts"":5,""character_coverage"":0.027778}]","","","PENDING",""
"I70-012864","miyake_shinobu","4","Character","203","","","","三宅しのぶ","","","[{""copyright"":""urusei_yatsura"",""co_posts"":188,""character_coverage"":1.0},{""copyright"":""ranma_1/2"",""co_posts"":6,""character_coverage"":0.031915},{""copyright"":""dirty_pair"",""co_posts"":4,""character_coverage"":0.021277},{""copyright"":""inuyasha"",""co_posts"":4,""character_coverage"":0.021277},{""copyright"":""kyoukai_no_rinne"",""co_posts"":4,""character_coverage"":0.021277}]","","","PENDING",""
"I70-012865","nagao_kei","4","Character","203","","","","","長尾景","","[{""copyright"":""nijisanji"",""co_posts"":193,""character_coverage"":1.0},{""copyright"":""nijisanji_en"",""co_posts"":12,""character_coverage"":0.062176},{""copyright"":""nijisanji_kr"",""co_posts"":9,""character_coverage"":0.046632},{""copyright"":""nijisanji_id"",""co_posts"":7,""character_coverage"":0.036269},{""copyright"":""nijisanji_koshien"",""co_posts"":5,""character_coverage"":0.025907}]","","","PENDING",""
"I70-012866","noumu_(boku_no_hero_academia)","4","Character","203","","","","","脳無","","[{""copyright"":""boku_no_hero_academia"",""co_posts"":189,""character_coverage"":1.0},{""copyright"":""darkstalkers"",""co_posts"":2,""character_coverage"":0.010582},{""copyright"":""fate/grand_order"",""co_posts"":1,""character_coverage"":0.005291},{""copyright"":""fate_(series)"",""co_posts"":1,""character_coverage"":0.005291},{""copyright"":""looney_tunes"",""co_posts"":1,""character_coverage"":0.005291}]","","","PENDING",""
"I70-012867","pioneer_(azki)","4","Character","203","","","","","開拓者","","[{""copyright"":""hololive"",""co_posts"":188,""character_coverage"":1.0},{""copyright"":""hololive_english"",""co_posts"":3,""character_coverage"":0.015957},{""copyright"":""holohoneygaoka_koukou"",""co_posts"":2,""character_coverage"":0.010638},{""copyright"":""hololive_grand_theft_auto"",""co_posts"":2,""character_coverage"":0.010638},{""copyright"":""hololive_indonesia"",""co_posts"":2,""character_coverage"":0.010638}]","","","PENDING",""
"I70-012868","ponyo","4","Character","203","","","","ポニョ","","","[{""copyright"":""gake_no_ue_no_ponyo"",""co_posts"":157,""character_coverage"":0.912791},{""copyright"":""studio_ghibli"",""co_posts"":60,""character_coverage"":0.348837},{""copyright"":""majo_no_takkyuubin"",""co_posts"":47,""character_coverage"":0.273256},{""copyright"":""tonari_no_totoro"",""co_posts"":42,""character_coverage"":0.244186},{""copyright"":""howl_no_ugoku_shiro"",""co_posts"":34,""character_coverage"":0.197674}]","","","PENDING",""
"I70-012869","rei_(blue_archive)","4","Character","203","nomasa_rei","nomasa rei","","","野正レイ","","[{""copyright"":""blue_archive"",""co_posts"":187,""character_coverage"":1.0},{""copyright"":""los_angeles_dodgers"",""co_posts"":2,""character_coverage"":0.010695},{""copyright"":""major"",""co_posts"":2,""character_coverage"":0.010695},{""copyright"":""a.i._voice"",""co_posts"":1,""character_coverage"":0.005348},{""copyright"":""comiket_106"",""co_posts"":1,""character_coverage"":0.005348}]","","","PENDING",""
"I70-012870","sasaki_makie","4","Character","203","","","","","佐々木まき絵","","[{""copyright"":""mahou_sensei_negima!"",""co_posts"":158,""character_coverage"":1.0},{""copyright"":""megami_magazine"",""co_posts"":8,""character_coverage"":0.050633},{""copyright"":""higurashi_no_naku_koro_ni"",""co_posts"":2,""character_coverage"":0.012658},{""copyright"":""bakemonogatari"",""co_posts"":1,""character_coverage"":0.006329},{""copyright"":""darkstalkers"",""co_posts"":1,""character_coverage"":0.006329}]","","","PENDING",""
"I70-012871","scathach_(fire_emblem)","4","Character","203","ulster_(fire_emblem),skasaha_(fire_emblem)","skasaha (fire emblem) | ulster (fire emblem)","","","スカサハ","","[{""copyright"":""fire_emblem"",""co_posts"":150,""character_coverage"":1.0},{""copyright"":""fire_emblem:_genealogy_of_the_holy_war"",""co_posts"":150,""character_coverage"":1.0},{""copyright"":""fire_emblem_heroes"",""co_posts"":20,""character_coverage"":0.133333},{""copyright"":""fire_emblem:_thracia_776"",""co_posts"":4,""character_coverage"":0.026667},{""copyright"":""fire_emblem:_path_of_radiance"",""co_posts"":2,""character_coverage"":0.013333}]","","","PENDING",""
"I70-012872","shinx_(male)","4","Character","203","","","","","","","[{""copyright"":""pokemon"",""co_posts"":135,""character_coverage"":1.0},{""copyright"":""pokemon_diamond/pearl/platinum"",""co_posts"":18,""character_coverage"":0.133333},{""copyright"":""pokemon_mystery_dungeon"",""co_posts"":9,""character_coverage"":0.066667},{""copyright"":""pokemon_legends:_arceus"",""co_posts"":7,""character_coverage"":0.051852},{""copyright"":""pokemon_mystery_dungeon:_explorers_of_time/darkness/sky"",""co_posts"":6,""character_coverage"":0.044444}]","","","PENDING",""
"I70-012873","star_guardian_soraka","4","Character","203","","","","","スターガーディアンソラカ","","[{""copyright"":""league_of_legends"",""co_posts"":185,""character_coverage"":1.0},{""copyright"":""legends_of_runeterra"",""co_posts"":9,""character_coverage"":0.048649},{""copyright"":""no_game_no_life"",""co_posts"":1,""character_coverage"":0.005405},{""copyright"":""overlord_(maruyama)"",""co_posts"":1,""character_coverage"":0.005405}]","","","PENDING",""
"I70-012874","stunfisk","4","Character","203","","","","","マッギョ","","[{""copyright"":""pokemon"",""co_posts"":196,""character_coverage"":1.0},{""copyright"":""pokemon_black_and_white"",""co_posts"":51,""character_coverage"":0.260204},{""copyright"":""pokemon_(anime)"",""co_posts"":22,""character_coverage"":0.112245},{""copyright"":""pokemon_black_2_and_white_2"",""co_posts"":20,""character_coverage"":0.102041},{""copyright"":""pokemon_legends:_z-a"",""co_posts"":20,""character_coverage"":0.102041}]","","","PENDING",""
"I70-012875","summoner_(final_fantasy)","4","Character","203","","","","","召喚士","","[{""copyright"":""final_fantasy"",""co_posts"":198,""character_coverage"":1.0},{""copyright"":""final_fantasy_xiv"",""co_posts"":102,""character_coverage"":0.515152},{""copyright"":""final_fantasy_v"",""co_posts"":38,""character_coverage"":0.191919},{""copyright"":""final_fantasy_xi"",""co_posts"":32,""character_coverage"":0.161616},{""copyright"":""final_fantasy_iii"",""co_posts"":9,""character_coverage"":0.045455}]","","","PENDING",""
"I70-012876","susannah_manatt","4","Character","203","","","","スーサナ","苏莎娜","","[{""copyright"":""honkai_(series)"",""co_posts"":192,""character_coverage"":1.0},{""copyright"":""honkai_impact_3rd"",""co_posts"":192,""character_coverage"":1.0},{""copyright"":""genshin_impact"",""co_posts"":11,""character_coverage"":0.057292},{""copyright"":""honkai:_star_rail"",""co_posts"":11,""character_coverage"":0.057292},{""copyright"":""mihoyo"",""co_posts"":11,""character_coverage"":0.057292}]","","","PENDING",""
"I70-012877","theresis_(arknights)","4","Character","203","","","","テレシス(アークナイツ)","特雷西斯","","[{""copyright"":""arknights"",""co_posts"":191,""character_coverage"":1.0},{""copyright"":""ambience_synesthesia"",""co_posts"":3,""character_coverage"":0.015707},{""copyright"":""bang_dream!"",""co_posts"":2,""character_coverage"":0.010471},{""copyright"":""bang_dream!_it's_mygo!!!!!"",""co_posts"":2,""character_coverage"":0.010471},{""copyright"":""little_twin_stars"",""co_posts"":2,""character_coverage"":0.010471}]","","","PENDING",""
"I70-012878","tsugikuni_michikatsu","4","Character","203","","","","","继国严胜","","[{""copyright"":""kimetsu_no_yaiba"",""co_posts"":197,""character_coverage"":1.0},{""copyright"":""kimetsu_gakuen"",""co_posts"":2,""character_coverage"":0.010152},{""copyright"":""backrooms_(creepypasta)"",""co_posts"":1,""character_coverage"":0.005076},{""copyright"":""houseki_no_kuni"",""co_posts"":1,""character_coverage"":0.005076},{""copyright"":""pokemon"",""co_posts"":1,""character_coverage"":0.005076}]","","","PENDING",""
"I70-012879","umino_iruka","4","Character","203","","","","","うみのイルカ","","[{""copyright"":""naruto_(series)"",""co_posts"":178,""character_coverage"":1.0},{""copyright"":""naruto_(classic)"",""co_posts"":107,""character_coverage"":0.601124},{""copyright"":""naruto_shippuuden"",""co_posts"":38,""character_coverage"":0.213483},{""copyright"":""boruto_(series)"",""co_posts"":5,""character_coverage"":0.02809},{""copyright"":""naruto:_the_last"",""co_posts"":5,""character_coverage"":0.02809}]","","","PENDING",""
"I70-012880","valvatorez_(disgaea)","4","Character","203","valbatose","valbatose","","","ヴァルバトーゼ","","[{""copyright"":""disgaea"",""co_posts"":198,""character_coverage"":1.0},{""copyright"":""makai_senki_disgaea_4"",""co_posts"":186,""character_coverage"":0.939394},{""copyright"":""makai_senki_disgaea_2"",""co_posts"":16,""character_coverage"":0.080808},{""copyright"":""makai_senki_disgaea_3"",""co_posts"":15,""character_coverage"":0.075758},{""copyright"":""makai_senki_disgaea"",""co_posts"":12,""character_coverage"":0.060606}]","","","PENDING",""
"I70-012881","vlov_arkhangel","4","Character","203","","","","","ヴローヴ・アルハンゲリ","","[{""copyright"":""tsukihime"",""co_posts"":162,""character_coverage"":1.0},{""copyright"":""tsukihime_(remake)"",""co_posts"":162,""character_coverage"":1.0},{""copyright"":""melty_blood"",""co_posts"":35,""character_coverage"":0.216049},{""copyright"":""melty_blood:_type_lumina"",""co_posts"":33,""character_coverage"":0.203704},{""copyright"":""fate_(series)"",""co_posts"":5,""character_coverage"":0.030864}]","","","PENDING",""
"I70-012882","yamana_akane","4","Character","203","","","","","山菜茜","","[{""copyright"":""inazuma_eleven_(series)"",""co_posts"":197,""character_coverage"":1.0},{""copyright"":""inazuma_eleven_go"",""co_posts"":196,""character_coverage"":0.994924},{""copyright"":""inazuma_eleven"",""co_posts"":29,""character_coverage"":0.147208},{""copyright"":""inazuma_eleven_go_chrono_stone"",""co_posts"":13,""character_coverage"":0.06599},{""copyright"":""inazuma_eleven_go_galaxy"",""co_posts"":6,""character_coverage"":0.030457}]","","","PENDING",""
"I70-012883","yang_lee","4","Character","203","","","","","ヤン","","[{""copyright"":""street_fighter"",""co_posts"":190,""character_coverage"":1.0},{""copyright"":""street_fighter_iii_(series)"",""co_posts"":128,""character_coverage"":0.673684},{""copyright"":""street_fighter_iv_(series)"",""co_posts"":35,""character_coverage"":0.184211},{""copyright"":""capcom"",""co_posts"":17,""character_coverage"":0.089474},{""copyright"":""final_fight"",""co_posts"":15,""character_coverage"":0.078947}]","","","PENDING",""
"I70-012884","yatonokami_kanata","4","Character","203","","","","","コズメズ","","[{""copyright"":""paradox_live"",""co_posts"":198,""character_coverage"":1.0},{""copyright"":""sanrio"",""co_posts"":6,""character_coverage"":0.030303},{""copyright"":""little_twin_stars"",""co_posts"":4,""character_coverage"":0.020202},{""copyright"":""my_melody_(series)"",""co_posts"":2,""character_coverage"":0.010101},{""copyright"":""genshin_impact"",""co_posts"":1,""character_coverage"":0.005051}]","","","PENDING",""
"I70-012885","yoohee_(girls'_frontline_2)","4","Character","203","","","","","幼熙(ドールズフロントライン2)","","[{""copyright"":""girls'_frontline"",""co_posts"":193,""character_coverage"":1.0},{""copyright"":""girls'_frontline_2:_exilium"",""co_posts"":193,""character_coverage"":1.0},{""copyright"":""original"",""co_posts"":3,""character_coverage"":0.015544},{""copyright"":""honkai_(series)"",""co_posts"":2,""character_coverage"":0.010363},{""copyright"":""honkai_impact_3rd"",""co_posts"":2,""character_coverage"":0.010363}]","","","PENDING",""
"I70-012886","yoshioka_chie","4","Character","203","yocchi","yocchi","","","吉岡チエ","","[{""copyright"":""to_heart_(series)"",""co_posts"":189,""character_coverage"":1.0},{""copyright"":""to_heart_2"",""co_posts"":189,""character_coverage"":1.0},{""copyright"":""to_heart_2_ad"",""co_posts"":27,""character_coverage"":0.142857},{""copyright"":""to_heart_2_dungeon_travelers"",""co_posts"":5,""character_coverage"":0.026455},{""copyright"":""idolmaster"",""co_posts"":3,""character_coverage"":0.015873}]","","","PENDING",""
"I70-012887","akagi_kai_ni_(kancolle)","4","Character","202","","","","","アカギカイニ（カンコル）","","[{""copyright"":""kantai_collection"",""co_posts"":200,""character_coverage"":1.0},{""copyright"":""line_(naver)"",""co_posts"":3,""character_coverage"":0.015},{""copyright"":""avengers:_endgame"",""co_posts"":1,""character_coverage"":0.005},{""copyright"":""avengers:_infinity_war"",""co_posts"":1,""character_coverage"":0.005},{""copyright"":""avengers_(series)"",""co_posts"":1,""character_coverage"":0.005}]","","","PENDING",""
"I70-012888","akazawa_izumi","4","Character","202","","","","赤沢さん","赤沢泉美","","[{""copyright"":""another"",""co_posts"":194,""character_coverage"":1.0},{""copyright"":""newtype"",""co_posts"":3,""character_coverage"":0.015464},{""copyright"":""flyable_heart"",""co_posts"":2,""character_coverage"":0.010309},{""copyright"":""kill_me_baby"",""co_posts"":2,""character_coverage"":0.010309},{""copyright"":""amagami"",""co_posts"":1,""character_coverage"":0.005155}]","","","PENDING",""
"I70-012889","ancient_destroyer_oni","4","Character","202","","","","","駆逐古鬼 | 驱逐古鬼","","[{""copyright"":""kantai_collection"",""co_posts"":195,""character_coverage"":1.0},{""copyright"":""kamen_rider"",""co_posts"":2,""character_coverage"":0.010256},{""copyright"":""naruto_(classic)"",""co_posts"":2,""character_coverage"":0.010256},{""copyright"":""naruto_(series)"",""co_posts"":2,""character_coverage"":0.010256},{""copyright"":""pokemon"",""co_posts"":2,""character_coverage"":0.010256}]","","","PENDING",""
"I70-012890","angel_of_light_nanael","4","Character","202","","","","光明の天使 | 光明の天使ナナエル","","","[{""copyright"":""queen's_blade"",""co_posts"":177,""character_coverage"":1.0},{""copyright"":""megami_magazine"",""co_posts"":6,""character_coverage"":0.033898},{""copyright"":""vanquished_queens"",""co_posts"":6,""character_coverage"":0.033898},{""copyright"":""queen's_blade_rebellion"",""co_posts"":3,""character_coverage"":0.016949},{""copyright"":""queen's_blade_unlimited"",""co_posts"":2,""character_coverage"":0.011299}]","","","PENDING",""
"I70-012891","arita_haruyuki","4","Character","202","","","","","有田春雪","","[{""copyright"":""accel_world"",""co_posts"":187,""character_coverage"":1.0},{""copyright"":""newtype"",""co_posts"":6,""character_coverage"":0.032086},{""copyright"":""sword_art_online"",""co_posts"":4,""character_coverage"":0.02139},{""copyright"":""dengeki_g's"",""co_posts"":3,""character_coverage"":0.016043},{""copyright"":""megami_magazine"",""co_posts"":3,""character_coverage"":0.016043}]","","","PENDING",""
"I70-012892","ash_(fire_emblem)","4","Character","202","","","","アシュ | アシュ(FE) | アシュ(ファイアーエムブレム)","","","[{""copyright"":""fire_emblem"",""co_posts"":191,""character_coverage"":1.0},{""copyright"":""fire_emblem_heroes"",""co_posts"":191,""character_coverage"":1.0},{""copyright"":""fire_emblem_awakening"",""co_posts"":7,""character_coverage"":0.036649},{""copyright"":""fire_emblem_fates"",""co_posts"":5,""character_coverage"":0.026178},{""copyright"":""fire_emblem:_three_houses"",""co_posts"":4,""character_coverage"":0.020942}]","","","PENDING",""
"I70-012893","bass.exe_(mega_man)","4","Character","202","forte_exe","forte exe","","","フォルテ(ロックマンエグゼ)","","[{""copyright"":""mega_man_(series)"",""co_posts"":202,""character_coverage"":1.0},{""copyright"":""mega_man_battle_network_(series)"",""co_posts"":202,""character_coverage"":1.0},{""copyright"":""mega_man_battle_network_3"",""co_posts"":23,""character_coverage"":0.113861},{""copyright"":""mega_man_(classic)"",""co_posts"":18,""character_coverage"":0.089109},{""copyright"":""mega_man_battle_network_5"",""co_posts"":15,""character_coverage"":0.074257}]","","","PENDING",""
"I70-012894","blazing_cartesia_the_virtuous","4","Character","202","","","","赫の聖女カルテシア","","","[{""copyright"":""yu-gi-oh!"",""co_posts"":190,""character_coverage"":1.0},{""copyright"":""yu-gi-oh!_master_duel"",""co_posts"":3,""character_coverage"":0.015789},{""copyright"":""yu-gi-oh!_duel_monsters"",""co_posts"":1,""character_coverage"":0.005263}]","","","PENDING",""
"I70-012895","bojji","4","Character","202","","","","","ボッジ(王様ランキング)","","[{""copyright"":""ousama_ranking"",""co_posts"":195,""character_coverage"":1.0},{""copyright"":""one_piece"",""co_posts"":6,""character_coverage"":0.030769},{""copyright"":""chainsaw_man"",""co_posts"":5,""character_coverage"":0.025641},{""copyright"":""neon_genesis_evangelion"",""co_posts"":5,""character_coverage"":0.025641},{""copyright"":""spy_x_family"",""co_posts"":5,""character_coverage"":0.025641}]","","","PENDING",""
"I70-012896","borongo","4","Character","202","","","","","ボロンゴ","","[{""copyright"":""dragon_quest"",""co_posts"":200,""character_coverage"":1.0},{""copyright"":""dragon_quest_v"",""co_posts"":199,""character_coverage"":0.995},{""copyright"":""dragon_quest_iv"",""co_posts"":12,""character_coverage"":0.06},{""copyright"":""dragon_quest_i"",""co_posts"":11,""character_coverage"":0.055},{""copyright"":""dragon_quest_ii"",""co_posts"":11,""character_coverage"":0.055}]","","","PENDING",""
"I70-012897","charlemagne_(first_ascension)_(fate)","4","Character","202","","","","","","","[{""copyright"":""fate_(series)"",""co_posts"":199,""character_coverage"":1.0},{""copyright"":""fate/grand_order"",""co_posts"":148,""character_coverage"":0.743719},{""copyright"":""fate/extella"",""co_posts"":103,""character_coverage"":0.517588},{""copyright"":""fate/extra"",""co_posts"":103,""character_coverage"":0.517588},{""copyright"":""fate/extella_link"",""co_posts"":101,""character_coverage"":0.507538}]","","","PENDING",""
"I70-012898","chica","4","Character","202","","","","","チカ","","[{""copyright"":""five_nights_at_freddy's"",""co_posts"":112,""character_coverage"":1.0},{""copyright"":""five_nights_at_freddy's_1"",""co_posts"":44,""character_coverage"":0.392857},{""copyright"":""five_nights_at_freddy's_2"",""co_posts"":22,""character_coverage"":0.196429},{""copyright"":""five_nights_at_freddy's:_security_breach"",""co_posts"":17,""character_coverage"":0.151786},{""copyright"":""five_nights_in_anime_(fangame)"",""co_posts"":5,""character_coverage"":0.044643}]","","","PENDING",""
"I70-012899","coralie_6626_planck_(valkyrie_blastmetal)","4","Character","202","coralie_(valkyrie_blastmetal)_(honkai_impact)","coralie (valkyrie blastmetal) (honkai impact)","","","戦乙女・重槌","","[{""copyright"":""honkai_(series)"",""co_posts"":192,""character_coverage"":1.0},{""copyright"":""honkai_impact_3rd"",""co_posts"":192,""character_coverage"":1.0},{""copyright"":""genshin_impact"",""co_posts"":5,""character_coverage"":0.026042},{""copyright"":""mihoyo"",""co_posts"":5,""character_coverage"":0.026042},{""copyright"":""honkai:_star_rail"",""co_posts"":4,""character_coverage"":0.020833}]","","","PENDING",""
"I70-012900","dead_apostle_noel_(tsukihime)","4","Character","202","","","","","死徒ノエル","","[{""copyright"":""tsukihime"",""co_posts"":177,""character_coverage"":1.0},{""copyright"":""tsukihime_(remake)"",""co_posts"":177,""character_coverage"":1.0},{""copyright"":""melty_blood"",""co_posts"":42,""character_coverage"":0.237288},{""copyright"":""melty_blood:_type_lumina"",""co_posts"":38,""character_coverage"":0.214689},{""copyright"":""fate_(series)"",""co_posts"":6,""character_coverage"":0.033898}]","","","PENDING",""
"I70-012901","deren_(path_to_nowhere)","4","Character","202","","","","","デイリン","","[{""copyright"":""path_to_nowhere"",""co_posts"":194,""character_coverage"":1.0},{""copyright"":""original"",""co_posts"":1,""character_coverage"":0.005155}]","","","PENDING",""
"I70-012902","diesel_(nikke)","4","Character","202","","","","ディーゼル(NIKKE) | ディーゼル(勝利の女神:NIKKE)","","디젤(NIKKE)","[{""copyright"":""goddess_of_victory:_nikke"",""co_posts"":185,""character_coverage"":1.0},{""copyright"":""doom_(series)"",""co_posts"":1,""character_coverage"":0.005405},{""copyright"":""gakuen_idolmaster"",""co_posts"":1,""character_coverage"":0.005405},{""copyright"":""gochuumon_wa_usagi_desu_ka?"",""co_posts"":1,""character_coverage"":0.005405},{""copyright"":""idolmaster"",""co_posts"":1,""character_coverage"":0.005405}]","","","PENDING",""
"I70-012903","eikthyrnir_(fire_emblem)","4","Character","202","","","","","エイクスルニル","","[{""copyright"":""fire_emblem"",""co_posts"":179,""character_coverage"":1.0},{""copyright"":""fire_emblem_heroes"",""co_posts"":179,""character_coverage"":1.0},{""copyright"":""fire_emblem:_the_sacred_stones"",""co_posts"":5,""character_coverage"":0.027933},{""copyright"":""fire_emblem_engage"",""co_posts"":4,""character_coverage"":0.022346},{""copyright"":""fire_emblem:_path_of_radiance"",""co_posts"":3,""character_coverage"":0.01676}]","","","PENDING",""
"I70-012904","elma_leivonen","4","Character","202","","","","エルマ・レイヴォネン","","","[{""copyright"":""world_witches_series"",""co_posts"":191,""character_coverage"":1.0},{""copyright"":""strike_witches:_suomus_misfits_squadron"",""co_posts"":190,""character_coverage"":0.994764},{""copyright"":""strike_witches"",""co_posts"":38,""character_coverage"":0.198953},{""copyright"":""brave_witches"",""co_posts"":27,""character_coverage"":0.141361},{""copyright"":""strike_witches:_aurora_no_majo"",""co_posts"":25,""character_coverage"":0.13089}]","","","PENDING",""
"I70-012905","exs-tia_sol","4","Character","202","","","","","エクスティア・ソル","","[{""copyright"":""kouyoku_senki_exs-tia_concert"",""co_posts"":202,""character_coverage"":1.0}]","","","PENDING",""
"I70-012906","gran_alegria_(smile_my_way!)_(umamusume)","4","Character","202","","","","","すまいる・まい・うぇい!","","[{""copyright"":""umamusume"",""co_posts"":192,""character_coverage"":1.0},{""copyright"":""pakatube"",""co_posts"":3,""character_coverage"":0.015625},{""copyright"":""dragon_ball"",""co_posts"":2,""character_coverage"":0.010417},{""copyright"":""dragon_ball_z"",""co_posts"":2,""character_coverage"":0.010417},{""copyright"":""ai_scream!_(love_live!)"",""co_posts"":1,""character_coverage"":0.005208}]","","","PENDING",""
"I70-012907","hoshikawa_mafuyu","4","Character","202","","","","","星川麻冬","","[{""copyright"":""blend_s"",""co_posts"":190,""character_coverage"":0.994764},{""copyright"":""cardcaptor_sakura"",""co_posts"":4,""character_coverage"":0.020942},{""copyright"":""megami_magazine"",""co_posts"":4,""character_coverage"":0.020942},{""copyright"":""gochuumon_wa_usagi_desu_ka?"",""co_posts"":2,""character_coverage"":0.010471},{""copyright"":""kirara_fantasia"",""co_posts"":2,""character_coverage"":0.010471}]","","","PENDING",""
"I70-012908","inagi_(kancolle)","4","Character","202","","","","稲木(艦これく) | 稲木(艦隊これくしょん)","稲木","","[{""copyright"":""kantai_collection"",""co_posts"":198,""character_coverage"":1.0},{""copyright"":""high_school_fleet"",""co_posts"":2,""character_coverage"":0.010101},{""copyright"":""blue_archive"",""co_posts"":1,""character_coverage"":0.005051},{""copyright"":""comiket_104"",""co_posts"":1,""character_coverage"":0.005051},{""copyright"":""comiket_106"",""co_posts"":1,""character_coverage"":0.005051}]","","","PENDING",""
"I70-012909","inui_shinju","4","Character","202","","","","","乾心寿","","[{""copyright"":""sono_bisque_doll_wa_koi_wo_suru"",""co_posts"":186,""character_coverage"":1.0},{""copyright"":""boku_no_kokoro_no_yabai_yatsu"",""co_posts"":2,""character_coverage"":0.010753},{""copyright"":""kantai_collection"",""co_posts"":2,""character_coverage"":0.010753},{""copyright"":""bang_dream!"",""co_posts"":1,""character_coverage"":0.005376},{""copyright"":""bang_dream!_it's_mygo!!!!!"",""co_posts"":1,""character_coverage"":0.005376}]","","","PENDING",""
"I70-012910","itoya_(studionice2011)","4","Character","202","","","","","","","[{""copyright"":""working_girls_weekly"",""co_posts"":202,""character_coverage"":1.0},{""copyright"":""neon_genesis_evangelion"",""co_posts"":14,""character_coverage"":0.069307},{""copyright"":""jojo_no_kimyou_na_bouken"",""co_posts"":2,""character_coverage"":0.009901},{""copyright"":""one_piece"",""co_posts"":2,""character_coverage"":0.009901},{""copyright"":""dora_the_explorer"",""co_posts"":1,""character_coverage"":0.00495}]","","","PENDING",""
"I70-012911","kaalaa_baunaa","4","Character","202","black_dwarf_(reverse:1999)","black dwarf (reverse:1999)","","カーラ・ボナー","伽菈波那","","[{""copyright"":""reverse:1999"",""co_posts"":194,""character_coverage"":1.0},{""copyright"":""ipstar"",""co_posts"":3,""character_coverage"":0.015464},{""copyright"":""la_la_land"",""co_posts"":1,""character_coverage"":0.005155},{""copyright"":""leon_the_professional"",""co_posts"":1,""character_coverage"":0.005155}]","","","PENDING",""
"I70-012912","kai_(blue_archive)","4","Character","202","shintani_kai","shintani kai","","申谷カイ","","","[{""copyright"":""blue_archive"",""co_posts"":183,""character_coverage"":1.0},{""copyright"":""pokemon"",""co_posts"":2,""character_coverage"":0.010929},{""copyright"":""ryuu_ga_gotoku_(series)"",""co_posts"":2,""character_coverage"":0.010929},{""copyright"":""fate/grand_order"",""co_posts"":1,""character_coverage"":0.005464},{""copyright"":""fate_(series)"",""co_posts"":1,""character_coverage"":0.005464}]","","","PENDING",""
"I70-012913","kanzarin_(vtuber)","4","Character","202","","","","FANZAリン | カンザリン | 画ンザリン","","","[{""copyright"":""indie_virtual_youtuber"",""co_posts"":188,""character_coverage"":1.0},{""copyright"":""original"",""co_posts"":12,""character_coverage"":0.06383},{""copyright"":""comiket_104"",""co_posts"":6,""character_coverage"":0.031915},{""copyright"":""comiket_106"",""co_posts"":3,""character_coverage"":0.015957},{""copyright"":""comiket_101"",""co_posts"":2,""character_coverage"":0.010638}]","","","PENDING",""
"I70-012914","kayle_(league)","4","Character","202","kayle_(league_of_legends)","kayle (league of legends)","","","ケイル","","[{""copyright"":""league_of_legends"",""co_posts"":177,""character_coverage"":1.0},{""copyright"":""dragon_ball"",""co_posts"":2,""character_coverage"":0.011299},{""copyright"":""kuso_miso_technique"",""co_posts"":2,""character_coverage"":0.011299},{""copyright"":""pokemon"",""co_posts"":2,""character_coverage"":0.011299},{""copyright"":""adventure_time"",""co_posts"":1,""character_coverage"":0.00565}]","","","PENDING",""
"I70-012915","kirin_r_yato_(arknights)","4","Character","202","kirin_x_yato_(arknights)","kirin x yato (arknights)","","","麒麟_R_夜刀","","[{""copyright"":""arknights"",""co_posts"":193,""character_coverage"":1.0},{""copyright"":""monster_hunter_(series)"",""co_posts"":193,""character_coverage"":1.0},{""copyright"":""monster_hunter:_world"",""co_posts"":3,""character_coverage"":0.015544},{""copyright"":""cyberpunk_(series)"",""co_posts"":2,""character_coverage"":0.010363},{""copyright"":""final_fantasy"",""co_posts"":2,""character_coverage"":0.010363}]","","","PENDING",""
"I70-012916","kurai_yonaka","4","Character","202","","","","","倉井ヨナカ","","[{""copyright"":""funamusea"",""co_posts"":182,""character_coverage"":1.0},{""copyright"":""mogeko_castle"",""co_posts"":182,""character_coverage"":1.0},{""copyright"":""yume_nikki"",""co_posts"":16,""character_coverage"":0.087912},{""copyright"":""oounabara_to_wadanohara"",""co_posts"":15,""character_coverage"":0.082418},{""copyright"":""ib_(kouri)"",""co_posts"":13,""character_coverage"":0.071429}]","","","PENDING",""
"I70-012917","liza_(pokemon)","4","Character","202","ran_(pokemon)","ran (pokemon)","","フウとラン | ラン(トレーナー)","","","[{""copyright"":""pokemon"",""co_posts"":172,""character_coverage"":1.0},{""copyright"":""pokemon_omega_ruby_and_alpha_sapphire"",""co_posts"":97,""character_coverage"":0.563953},{""copyright"":""pokemon_ruby/sapphire/emerald"",""co_posts"":48,""character_coverage"":0.27907},{""copyright"":""pokemon_masters_ex"",""co_posts"":44,""character_coverage"":0.255814},{""copyright"":""pokemon_black_and_white"",""co_posts"":24,""character_coverage"":0.139535}]","","","PENDING",""
"I70-012918","mistorene_callus","4","Character","202","","","","","ミストレ","","[{""copyright"":""inazuma_eleven_(series)"",""co_posts"":199,""character_coverage"":1.0},{""copyright"":""inazuma_eleven"",""co_posts"":196,""character_coverage"":0.984925},{""copyright"":""inazuma_eleven_go"",""co_posts"":29,""character_coverage"":0.145729},{""copyright"":""inazuma_eleven_go_chrono_stone"",""co_posts"":13,""character_coverage"":0.065327},{""copyright"":""inazuma_eleven_go_galaxy"",""co_posts"":4,""character_coverage"":0.020101}]","","","PENDING",""
"I70-012919","moria_luluka_(civilian)","4","Character","202","","","","","森亜るるか","","[]","","","PENDING",""
"I70-012920","muginami","4","Character","202","","","","ムギナミ","","","[{""copyright"":""rinne_no_lagrange"",""co_posts"":184,""character_coverage"":1.0},{""copyright"":""ano_natsu_de_matteru"",""co_posts"":3,""character_coverage"":0.016304},{""copyright"":""dream_c_club"",""co_posts"":3,""character_coverage"":0.016304},{""copyright"":""dream_c_club_(series)"",""co_posts"":3,""character_coverage"":0.016304},{""copyright"":""mahou_shoujo_madoka_magica"",""co_posts"":3,""character_coverage"":0.016304}]","","","PENDING",""
"I70-012921","nidorina","4","Character","202","","","","","ニドリーナ","","[{""copyright"":""pokemon"",""co_posts"":151,""character_coverage"":1.0},{""copyright"":""pokemon_red/green/blue/yellow"",""co_posts"":22,""character_coverage"":0.145695},{""copyright"":""pokemon_(anime)"",""co_posts"":21,""character_coverage"":0.139073},{""copyright"":""pokemon_(classic_anime)"",""co_posts"":14,""character_coverage"":0.092715},{""copyright"":""pokemon_firered_and_leafgreen"",""co_posts"":9,""character_coverage"":0.059603}]","","","PENDING",""
"I70-012922","night_of_wallachia","4","Character","202","night_of_warachia,wallachia_(melty_blood),warachia_(melty_blood)","night of warachia | wallachia (melty blood) | warachia (melty blood)","","","ワラキアの夜","","[{""copyright"":""tsukihime"",""co_posts"":159,""character_coverage"":0.981481},{""copyright"":""melty_blood"",""co_posts"":158,""character_coverage"":0.975309},{""copyright"":""fate_(series)"",""co_posts"":26,""character_coverage"":0.160494},{""copyright"":""type-moon"",""co_posts"":16,""character_coverage"":0.098765},{""copyright"":""fate/stay_night"",""co_posts"":12,""character_coverage"":0.074074}]","","","PENDING",""
"I70-012923","nobeta_(witch_skin)","4","Character","202","","","","","","","[{""copyright"":""little_witch_nobeta"",""co_posts"":196,""character_coverage"":1.0},{""copyright"":""amiami_(company)"",""co_posts"":4,""character_coverage"":0.020408},{""copyright"":""hololive"",""co_posts"":3,""character_coverage"":0.015306},{""copyright"":""hololive_english"",""co_posts"":2,""character_coverage"":0.010204},{""copyright"":""voiceroid"",""co_posts"":2,""character_coverage"":0.010204}]","","","PENDING",""
"I70-012924","normad","4","Character","202","","","","","ノーマッド","","[{""copyright"":""galaxy_angel"",""co_posts"":186,""character_coverage"":0.994652},{""copyright"":""colorful_kanan"",""co_posts"":8,""character_coverage"":0.042781},{""copyright"":""megami_magazine"",""co_posts"":5,""character_coverage"":0.026738},{""copyright"":""touhou"",""co_posts"":5,""character_coverage"":0.026738},{""copyright"":""galaxy_angel_rune"",""co_posts"":4,""character_coverage"":0.02139}]","","","PENDING",""
"I70-012925","ooshima_ichiko","4","Character","202","","","","","大島一千子","","[{""copyright"":""heaven_burns_red"",""co_posts"":190,""character_coverage"":1.0},{""copyright"":""key_(company)"",""co_posts"":5,""character_coverage"":0.026316},{""copyright"":""yostar"",""co_posts"":4,""character_coverage"":0.021053},{""copyright"":""one_piece"",""co_posts"":2,""character_coverage"":0.010526},{""copyright"":""angel_beats!"",""co_posts"":1,""character_coverage"":0.005263}]","","","PENDING",""
"I70-012926","ophelia_(merryweather)","4","Character","202","","","","","オフィーリア（メリーウェザー）","","[{""copyright"":""goth_girl_and_the_jock"",""co_posts"":202,""character_coverage"":1.0},{""copyright"":""original"",""co_posts"":38,""character_coverage"":0.188119},{""copyright"":""indie_virtual_youtuber"",""co_posts"":4,""character_coverage"":0.019802},{""copyright"":""pokemon"",""co_posts"":1,""character_coverage"":0.00495},{""copyright"":""real_life"",""co_posts"":1,""character_coverage"":0.00495}]","","","PENDING",""
"I70-012927","ouro_kronii_(goddess)","4","Character","202","ouro_kronii_(divine)","ouro kronii (divine)","","","オーロ・クロニー(女神)","","[{""copyright"":""hololive"",""co_posts"":183,""character_coverage"":1.0},{""copyright"":""hololive_english"",""co_posts"":183,""character_coverage"":1.0},{""copyright"":""the_fallen_angel_(painting)"",""co_posts"":2,""character_coverage"":0.010929},{""copyright"":""fate/stay_night"",""co_posts"":1,""character_coverage"":0.005464},{""copyright"":""fate/unlimited_blade_works"",""co_posts"":1,""character_coverage"":0.005464}]","","","PENDING",""
"I70-012928","pawmo","4","Character","202","","","","","パモット","","[{""copyright"":""pokemon"",""co_posts"":187,""character_coverage"":1.0},{""copyright"":""pokemon_scarlet_and_violet"",""co_posts"":47,""character_coverage"":0.251337},{""copyright"":""original"",""co_posts"":9,""character_coverage"":0.048128},{""copyright"":""pokemon_(anime)"",""co_posts"":7,""character_coverage"":0.037433},{""copyright"":""pokemon_tcg"",""co_posts"":6,""character_coverage"":0.032086}]","","","PENDING",""
"I70-012929","prospera_mercury","4","Character","202","","","","プロスペラ・マーキュリー","","","[{""copyright"":""gundam"",""co_posts"":185,""character_coverage"":1.0},{""copyright"":""gundam_suisei_no_majo"",""co_posts"":185,""character_coverage"":1.0},{""copyright"":""girls_und_panzer"",""co_posts"":4,""character_coverage"":0.021622},{""copyright"":""gundam_seed"",""co_posts"":4,""character_coverage"":0.021622},{""copyright"":""kantai_collection"",""co_posts"":4,""character_coverage"":0.021622}]","","","PENDING",""
"I70-012930","queen_sectonia","4","Character","202","","","","","クィン・セクトニア","","[{""copyright"":""kirby_(series)"",""co_posts"":185,""character_coverage"":1.0},{""copyright"":""kirby:_triple_deluxe"",""co_posts"":130,""character_coverage"":0.702703},{""copyright"":""kirby:_planet_robobot"",""co_posts"":38,""character_coverage"":0.205405},{""copyright"":""kirby_star_allies"",""co_posts"":31,""character_coverage"":0.167568},{""copyright"":""kirby_64"",""co_posts"":26,""character_coverage"":0.140541}]","","","PENDING",""
"I70-012931","raiden_mei_(lightning_empress)","4","Character","202","","","","雷電女王の鬼鎧","","","[{""copyright"":""honkai_(series)"",""co_posts"":184,""character_coverage"":1.0},{""copyright"":""honkai_impact_3rd"",""co_posts"":184,""character_coverage"":1.0},{""copyright"":""honkai_gakuen"",""co_posts"":8,""character_coverage"":0.043478},{""copyright"":""date_a_live"",""co_posts"":2,""character_coverage"":0.01087},{""copyright"":""helltaker"",""co_posts"":1,""character_coverage"":0.005435}]","","","PENDING",""
"I70-012932","rebellion_(ragnarok_online)","4","Character","202","","","","","リベリオン","","[{""copyright"":""ragnarok_online"",""co_posts"":200,""character_coverage"":1.0},{""copyright"":""ragnarok_masters"",""co_posts"":2,""character_coverage"":0.01},{""copyright"":""marvel"",""co_posts"":1,""character_coverage"":0.005},{""copyright"":""original"",""co_posts"":1,""character_coverage"":0.005},{""copyright"":""ragnarok_origin"",""co_posts"":1,""character_coverage"":0.005}]","","","PENDING",""
"I70-012933","rey_(star_wars)","4","Character","202","rey_skywalker","rey skywalker","","レイ | レイ(STARWARS)","","Rey | Rey_Palpatine","[{""copyright"":""star_wars"",""co_posts"":138,""character_coverage"":1.0},{""copyright"":""star_wars:_the_force_awakens"",""co_posts"":84,""character_coverage"":0.608696},{""copyright"":""star_wars:_a_new_hope"",""co_posts"":6,""character_coverage"":0.043478},{""copyright"":""star_wars:_attack_of_the_clones"",""co_posts"":4,""character_coverage"":0.028986},{""copyright"":""star_wars:_revenge_of_the_sith"",""co_posts"":4,""character_coverage"":0.028986}]","","","PENDING",""
"I70-012934","ryu_(breath_of_fire_v)","4","Character","202","ryuu_(breath_of_fire_v),ryu_v","ryu v | ryuu (breath of fire v)","","","ryuu（火の呼吸V）","","[{""copyright"":""breath_of_fire"",""co_posts"":175,""character_coverage"":1.0},{""copyright"":""breath_of_fire_v"",""co_posts"":175,""character_coverage"":1.0},{""copyright"":""breath_of_fire_ii"",""co_posts"":14,""character_coverage"":0.08},{""copyright"":""breath_of_fire_i"",""co_posts"":10,""character_coverage"":0.057143},{""copyright"":""breath_of_fire_iii"",""co_posts"":10,""character_coverage"":0.057143}]","","","PENDING",""
"I70-012935","sagimiya_ryou","4","Character","202","","","","","鷺宮了","","[{""copyright"":""zenbu_kimi_no_sei"",""co_posts"":202,""character_coverage"":1.0},{""copyright"":""comiket_103"",""co_posts"":1,""character_coverage"":0.00495},{""copyright"":""twitter"",""co_posts"":1,""character_coverage"":0.00495}]","","","PENDING",""
"I70-012936","sena_mikoto","4","Character","202","","","","","瀬奈みこと","","[{""copyright"":""magia_record:_mahou_shoujo_madoka_magica_gaiden"",""co_posts"":199,""character_coverage"":1.0},{""copyright"":""mahou_shoujo_madoka_magica"",""co_posts"":199,""character_coverage"":1.0},{""copyright"":""mahou_shoujo_madoka_magica_magia_exedra"",""co_posts"":3,""character_coverage"":0.015075},{""copyright"":""dungeon_meshi"",""co_posts"":1,""character_coverage"":0.005025},{""copyright"":""houseki_no_kuni"",""co_posts"":1,""character_coverage"":0.005025}]","","","PENDING",""
"I70-012937","sokka","4","Character","202","","","","","サカ","","[{""copyright"":""avatar_legends"",""co_posts"":152,""character_coverage"":1.0},{""copyright"":""avatar:_the_last_airbender"",""co_posts"":131,""character_coverage"":0.861842},{""copyright"":""avatar_aang:_the_last_airbender"",""co_posts"":17,""character_coverage"":0.111842},{""copyright"":""the_legend_of_korra"",""co_posts"":14,""character_coverage"":0.092105},{""copyright"":""voltron:_legendary_defender"",""co_posts"":3,""character_coverage"":0.019737}]","","","PENDING",""
"I70-012938","tenma_mitsuru","4","Character","202","","","","","天満光","","[{""copyright"":""ensemble_stars!"",""co_posts"":201,""character_coverage"":1.0},{""copyright"":""arknights"",""co_posts"":1,""character_coverage"":0.004975},{""copyright"":""ensemble_girls!"",""co_posts"":1,""character_coverage"":0.004975},{""copyright"":""genshin_impact"",""co_posts"":1,""character_coverage"":0.004975},{""copyright"":""hamtaro_(series)"",""co_posts"":1,""character_coverage"":0.004975}]","","","PENDING",""
"I70-012939","the_regent_(slay_the_spire)","4","Character","202","","","","","储君(杀戮尖塔)","","[{""copyright"":""slay_the_spire"",""co_posts"":193,""character_coverage"":1.0},{""copyright"":""slay_the_spire_2"",""co_posts"":184,""character_coverage"":0.953368},{""copyright"":""blue_archive"",""co_posts"":5,""character_coverage"":0.025907},{""copyright"":""touhou"",""co_posts"":2,""character_coverage"":0.010363},{""copyright"":""among_us"",""co_posts"":1,""character_coverage"":0.005181}]","","","PENDING",""
"I70-012940","tokino_sora_(casual)","4","Character","202","tokino_sora_(3rd_costume)","tokino sora (3rd costume)","","ときのそら(私服) | ときのそら(私服衣装) | ときのそら私服3D","","","[{""copyright"":""hololive"",""co_posts"":195,""character_coverage"":1.0},{""copyright"":""hololive_indonesia"",""co_posts"":8,""character_coverage"":0.041026},{""copyright"":""hololive_english"",""co_posts"":7,""character_coverage"":0.035897},{""copyright"":""hololive_dev_is"",""co_posts"":4,""character_coverage"":0.020513},{""copyright"":""minecraft"",""co_posts"":3,""character_coverage"":0.015385}]","","","PENDING",""
"I70-012941","vector_the_crocodile","4","Character","202","","","","","ベクター・ザ・クロコダイル","","[{""copyright"":""sonic_(series)"",""co_posts"":185,""character_coverage"":1.0},{""copyright"":""the_murder_of_sonic_the_hedgehog"",""co_posts"":38,""character_coverage"":0.205405},{""copyright"":""sonic_the_hedgehog_(classic)"",""co_posts"":21,""character_coverage"":0.113514},{""copyright"":""sonic_heroes"",""co_posts"":14,""character_coverage"":0.075676},{""copyright"":""sonic_the_hedgehog_(idw)"",""co_posts"":14,""character_coverage"":0.075676}]","","","PENDING",""
"I70-012942","yamamoto_keigo","4","Character","202","","","","","山本keigo","","[{""copyright"":""kantai_collection"",""co_posts"":202,""character_coverage"":1.0},{""copyright"":""g_gundam"",""co_posts"":1,""character_coverage"":0.00495},{""copyright"":""gundam"",""co_posts"":1,""character_coverage"":0.00495}]","","","PENDING",""
"I70-012943","yuni_(nikke)","4","Character","202","","","","ユニ(NIKKE) | ユニ(勝利の女神:NIKKE)","","유니(NIKKE)","[{""copyright"":""goddess_of_victory:_nikke"",""co_posts"":171,""character_coverage"":1.0},{""copyright"":""comiket_102"",""co_posts"":1,""character_coverage"":0.005848},{""copyright"":""comiket_108"",""co_posts"":1,""character_coverage"":0.005848},{""copyright"":""original"",""co_posts"":1,""character_coverage"":0.005848},{""copyright"":""street_fighter"",""co_posts"":1,""character_coverage"":0.005848}]","","","PENDING",""
"I70-012944","abigail_williams_(santa)_(fate)","4","Character","201","","","","","アビゲイル・ウィリアムズ〔サンタ〕","","[{""copyright"":""fate/grand_order"",""co_posts"":198,""character_coverage"":1.0},{""copyright"":""fate_(series)"",""co_posts"":198,""character_coverage"":1.0},{""copyright"":""alice's_adventures_in_wonderland"",""co_posts"":1,""character_coverage"":0.005051}]","","","PENDING",""
"I70-012945","amethyst_(steven_universe)","4","Character","201","","","","","アメジスト(スティーブン・ユニバース)","","[{""copyright"":""steven_universe"",""co_posts"":156,""character_coverage"":1.0},{""copyright"":""steven_universe_future"",""co_posts"":18,""character_coverage"":0.115385},{""copyright"":""dc_comics"",""co_posts"":5,""character_coverage"":0.032051},{""copyright"":""adventure_time"",""co_posts"":4,""character_coverage"":0.025641},{""copyright"":""kekkai_sensen"",""co_posts"":4,""character_coverage"":0.025641}]","","","PENDING",""
"I70-012946","arsene_(persona_5)","4","Character","201","","","","アルセーヌ","","Arsène","[{""copyright"":""persona"",""co_posts"":192,""character_coverage"":1.0},{""copyright"":""persona_5"",""co_posts"":192,""character_coverage"":1.0},{""copyright"":""super_smash_bros."",""co_posts"":18,""character_coverage"":0.09375},{""copyright"":""persona_4"",""co_posts"":14,""character_coverage"":0.072917},{""copyright"":""persona_5_the_royal"",""co_posts"":14,""character_coverage"":0.072917}]","","","PENDING",""
"I70-012947","ashlock_(arknights)","4","Character","201","ashley_(arknights)","ashley (arknights)","","アッシュロック(アークナイツ)","灰毫","","[{""copyright"":""arknights"",""co_posts"":198,""character_coverage"":1.0},{""copyright"":""a_deer_of_nine_colors"",""co_posts"":4,""character_coverage"":0.020202},{""copyright"":""rainbow_six_siege"",""co_posts"":4,""character_coverage"":0.020202},{""copyright"":""monster_hunter_(series)"",""co_posts"":3,""character_coverage"":0.015152},{""copyright"":""suzumiya_haruhi_no_yuuutsu"",""co_posts"":2,""character_coverage"":0.010101}]","","","PENDING",""
"I70-012948","asura_(onmyoji)","4","Character","201","","","","","阿修羅(Onmyoji)","","[{""copyright"":""onmyoji"",""co_posts"":200,""character_coverage"":1.0},{""copyright"":""onmyoji:_the_card_game"",""co_posts"":1,""character_coverage"":0.005}]","","","PENDING",""
"I70-012949","bagon","4","Character","201","","","","","タツベイ","","[{""copyright"":""pokemon"",""co_posts"":188,""character_coverage"":1.0},{""copyright"":""pokemon_ruby/sapphire/emerald"",""co_posts"":18,""character_coverage"":0.095745},{""copyright"":""pokemon_omega_ruby_and_alpha_sapphire"",""co_posts"":10,""character_coverage"":0.053191},{""copyright"":""pokemon_diamond/pearl/platinum"",""co_posts"":9,""character_coverage"":0.047872},{""copyright"":""pokemon_emerald"",""co_posts"":8,""character_coverage"":0.042553}]","","","PENDING",""
"I70-012950","charybdis_(azur_lane)","4","Character","201","","","","カリブディス | カリブディス(アズールレーン)","卡律布狄斯","","[{""copyright"":""azur_lane"",""co_posts"":182,""character_coverage"":1.0},{""copyright"":""azur_lane:_slow_ahead"",""co_posts"":9,""character_coverage"":0.049451},{""copyright"":""comiket_100"",""co_posts"":1,""character_coverage"":0.005495}]","","","PENDING",""
"I70-012951","christina_sierra","4","Character","201","","","","クリスティナ・シエラ","","","[{""copyright"":""gundam"",""co_posts"":188,""character_coverage"":1.0},{""copyright"":""gundam_00"",""co_posts"":188,""character_coverage"":1.0},{""copyright"":""k-on!"",""co_posts"":2,""character_coverage"":0.010638},{""copyright"":""animedia"",""co_posts"":1,""character_coverage"":0.005319},{""copyright"":""coca-cola"",""co_posts"":1,""character_coverage"":0.005319}]","","","PENDING",""
"I70-012952","devola","4","Character","201","","","","デボル","迪瓦菈","","[{""copyright"":""nier_(series)"",""co_posts"":186,""character_coverage"":0.994652},{""copyright"":""nier"",""co_posts"":107,""character_coverage"":0.572193},{""copyright"":""nier:automata"",""co_posts"":84,""character_coverage"":0.449198},{""copyright"":""sinoalice"",""co_posts"":2,""character_coverage"":0.010695},{""copyright"":""square_enix"",""co_posts"":2,""character_coverage"":0.010695}]","","","PENDING",""
"I70-012953","dongrang_(project_moon)","4","Character","201","","","","","ドンラン","","[{""copyright"":""limbus_company"",""co_posts"":200,""character_coverage"":1.0},{""copyright"":""project_moon"",""co_posts"":200,""character_coverage"":1.0},{""copyright"":""library_of_ruina"",""co_posts"":8,""character_coverage"":0.04},{""copyright"":""lobotomy_corporation"",""co_posts"":4,""character_coverage"":0.02},{""copyright"":""papers_please"",""co_posts"":3,""character_coverage"":0.015}]","","","PENDING",""
"I70-012954","dtto.","4","Character","201","","","","","","dttoart | dttodot","[{""copyright"":""reject_(esports)"",""co_posts"":96,""character_coverage"":0.551724},{""copyright"":""scarz"",""co_posts"":63,""character_coverage"":0.362069},{""copyright"":""indie_virtual_youtuber"",""co_posts"":25,""character_coverage"":0.143678},{""copyright"":""hololive"",""co_posts"":23,""character_coverage"":0.132184},{""copyright"":""vee_(vtuber)"",""co_posts"":17,""character_coverage"":0.097701}]","","","PENDING",""
"I70-012955","envy_(fma)","4","Character","201","","","","","エンヴィー","","[{""copyright"":""fullmetal_alchemist"",""co_posts"":173,""character_coverage"":1.0},{""copyright"":""touhou"",""co_posts"":4,""character_coverage"":0.023121},{""copyright"":""yotsubato!"",""co_posts"":3,""character_coverage"":0.017341},{""copyright"":""crash_fever"",""co_posts"":2,""character_coverage"":0.011561},{""copyright"":""kantai_collection"",""co_posts"":2,""character_coverage"":0.011561}]","","","PENDING",""
"I70-012956","fujimaru_ritsuka_(male)_(mage's_association_uniform)","4","Character","201","","","","","魔術協会制服","","[{""copyright"":""fate/grand_order"",""co_posts"":195,""character_coverage"":1.0},{""copyright"":""fate_(series)"",""co_posts"":195,""character_coverage"":1.0},{""copyright"":""fate/extra"",""co_posts"":8,""character_coverage"":0.041026},{""copyright"":""fate/apocrypha"",""co_posts"":5,""character_coverage"":0.025641},{""copyright"":""fate/stay_night"",""co_posts"":4,""character_coverage"":0.020513}]","","","PENDING",""
"I70-012957","gelatoni","4","Character","201","","","","","ジェラトーニ","","[{""copyright"":""duffy_and_friends"",""co_posts"":153,""character_coverage"":1.0},{""copyright"":""disneyland"",""co_posts"":30,""character_coverage"":0.196078},{""copyright"":""mickey_mouse_&_friends"",""co_posts"":17,""character_coverage"":0.111111},{""copyright"":""disney"",""co_posts"":14,""character_coverage"":0.091503},{""copyright"":""frozen_(disney)"",""co_posts"":3,""character_coverage"":0.019608}]","","","PENDING",""
"I70-012958","hibino_kafka","4","Character","201","","","","日比野カフカ","","","[{""copyright"":""kaijuu_no._8"",""co_posts"":194,""character_coverage"":1.0},{""copyright"":""jujutsu_kaisen"",""co_posts"":2,""character_coverage"":0.010309},{""copyright"":""another_eidos-r"",""co_posts"":1,""character_coverage"":0.005155},{""copyright"":""boku_no_hero_academia"",""co_posts"":1,""character_coverage"":0.005155},{""copyright"":""chainsaw_man"",""co_posts"":1,""character_coverage"":0.005155}]","","","PENDING",""
"I70-012959","hirano_aya","4","Character","201","","","","","平野綾","","[{""copyright"":""suzumiya_haruhi_no_yuuutsu"",""co_posts"":135,""character_coverage"":0.84375},{""copyright"":""lucky_star"",""co_posts"":116,""character_coverage"":0.725},{""copyright"":""real_life"",""co_posts"":16,""character_coverage"":0.1},{""copyright"":""arknights"",""co_posts"":10,""character_coverage"":0.0625},{""copyright"":""kyoto_animation"",""co_posts"":10,""character_coverage"":0.0625}]","","","PENDING",""
"I70-012960","ichijou_ayaka","4","Character","201","","","","","一条綾香","","[{""copyright"":""alice_gear_aegis"",""co_posts"":197,""character_coverage"":1.0},{""copyright"":""gundam"",""co_posts"":3,""character_coverage"":0.015228},{""copyright"":""comiket_94"",""co_posts"":2,""character_coverage"":0.010152},{""copyright"":""kantai_collection"",""co_posts"":2,""character_coverage"":0.010152},{""copyright"":""blue_archive"",""co_posts"":1,""character_coverage"":0.005076}]","","","PENDING",""
"I70-012961","izumi_(swimsuit)_(blue_archive)","4","Character","201","shishidou_izumi_(swimsuit)","shishidou izumi (swimsuit)","","イズミ(水着) | 獅子堂イズミ(水着)","","","[{""copyright"":""blue_archive"",""co_posts"":198,""character_coverage"":1.0},{""copyright"":""chiikawa"",""co_posts"":1,""character_coverage"":0.005051},{""copyright"":""mario_(series)"",""co_posts"":1,""character_coverage"":0.005051},{""copyright"":""pikmin_(series)"",""co_posts"":1,""character_coverage"":0.005051},{""copyright"":""pokemon"",""co_posts"":1,""character_coverage"":0.005051}]","","","PENDING",""
"I70-012962","jade_(azur_lane)","4","Character","201","","","","ヤーデ | ヤーデ(アズールレーン)","","","[{""copyright"":""azur_lane"",""co_posts"":182,""character_coverage"":1.0},{""copyright"":""ambience_synesthesia"",""co_posts"":1,""character_coverage"":0.005495},{""copyright"":""arknights"",""co_posts"":1,""character_coverage"":0.005495},{""copyright"":""arknights:_endfield"",""co_posts"":1,""character_coverage"":0.005495},{""copyright"":""blue_archive"",""co_posts"":1,""character_coverage"":0.005495}]","","","PENDING",""
"I70-012963","kagurazaka_miyu","4","Character","201","","","","","神楽坂珠優","","[{""copyright"":""shugo_seijo_prism_saber"",""co_posts"":201,""character_coverage"":1.0}]","","","PENDING",""
"I70-012964","kasuga_ichiban","4","Character","201","","","","","春日一番","","[{""copyright"":""ryuu_ga_gotoku_(series)"",""co_posts"":188,""character_coverage"":0.994709},{""copyright"":""ryuu_ga_gotoku_7"",""co_posts"":138,""character_coverage"":0.730159},{""copyright"":""ryuu_ga_gotoku_8"",""co_posts"":28,""character_coverage"":0.148148},{""copyright"":""hololive"",""co_posts"":13,""character_coverage"":0.068783},{""copyright"":""sonic_(series)"",""co_posts"":12,""character_coverage"":0.063492}]","","","PENDING",""
"I70-012965","kotama_(camp)_(blue_archive)","4","Character","201","","","","","音濑小玉(野营)","","[{""copyright"":""blue_archive"",""co_posts"":194,""character_coverage"":1.0},{""copyright"":""yurucamp"",""co_posts"":3,""character_coverage"":0.015464},{""copyright"":""counter-strike_(series)"",""co_posts"":1,""character_coverage"":0.005155},{""copyright"":""counter-strike_2"",""co_posts"":1,""character_coverage"":0.005155},{""copyright"":""doom_(series)"",""co_posts"":1,""character_coverage"":0.005155}]","","","PENDING",""
"I70-012966","lapwing_(vrchat)","4","Character","201","","","","","赛博亡妻","","[{""copyright"":""vrchat"",""co_posts"":180,""character_coverage"":0.962567},{""copyright"":""blade_runner_(series)"",""co_posts"":21,""character_coverage"":0.112299},{""copyright"":""blade_runner_2049"",""co_posts"":21,""character_coverage"":0.112299},{""copyright"":""escape_from_tarkov"",""co_posts"":12,""character_coverage"":0.064171},{""copyright"":""hololive"",""co_posts"":5,""character_coverage"":0.026738}]","","","PENDING",""
"I70-012967","lind_(hotathino)","4","Character","201","","","","","","","[{""copyright"":""original"",""co_posts"":201,""character_coverage"":1.0},{""copyright"":""olympics"",""co_posts"":1,""character_coverage"":0.004975},{""copyright"":""undertale"",""co_posts"":1,""character_coverage"":0.004975},{""copyright"":""utdr_(toby_fox)"",""co_posts"":1,""character_coverage"":0.004975}]","","","PENDING",""
"I70-012968","liter_(nikke)","4","Character","201","","","","リター(勝利の女神:NIKKE)","","","[{""copyright"":""goddess_of_victory:_nikke"",""co_posts"":165,""character_coverage"":1.0},{""copyright"":""blue_archive"",""co_posts"":2,""character_coverage"":0.012121},{""copyright"":""vocaloid"",""co_posts"":2,""character_coverage"":0.012121},{""copyright"":""arknights"",""co_posts"":1,""character_coverage"":0.006061},{""copyright"":""doom_(series)"",""co_posts"":1,""character_coverage"":0.006061}]","","","PENDING",""
"I70-012969","lordgenome","4","Character","201","lord_genome","lord genome","","ロージェノム","螺旋王","","[{""copyright"":""tengen_toppa_gurren_lagann"",""co_posts"":190,""character_coverage"":1.0},{""copyright"":""tengen_toppa_gurren_lagann:_parallel_works"",""co_posts"":26,""character_coverage"":0.136842},{""copyright"":""tengen_toppa_gurren_lagann:_lagann-hen"",""co_posts"":7,""character_coverage"":0.036842},{""copyright"":""gainax"",""co_posts"":6,""character_coverage"":0.031579},{""copyright"":""neon_genesis_evangelion"",""co_posts"":5,""character_coverage"":0.026316}]","","","PENDING",""
"I70-012970","lyon_(fire_emblem)","4","Character","201","","","","","リオン(ファイアーエムブレム)","","[{""copyright"":""fire_emblem"",""co_posts"":197,""character_coverage"":1.0},{""copyright"":""fire_emblem:_the_sacred_stones"",""co_posts"":194,""character_coverage"":0.984772},{""copyright"":""fire_emblem_heroes"",""co_posts"":113,""character_coverage"":0.573604},{""copyright"":""fire_emblem_fates"",""co_posts"":12,""character_coverage"":0.060914},{""copyright"":""fire_emblem:_genealogy_of_the_holy_war"",""co_posts"":8,""character_coverage"":0.040609}]","","","PENDING",""
"I70-012971","magearna_(normal)","4","Character","201","","","","","Magearna（通常）","","[{""copyright"":""pokemon"",""co_posts"":183,""character_coverage"":1.0},{""copyright"":""pokemon_(anime)"",""co_posts"":46,""character_coverage"":0.251366},{""copyright"":""pokemon_masters_ex"",""co_posts"":24,""character_coverage"":0.131148},{""copyright"":""pokemon_the_series:_xy"",""co_posts"":24,""character_coverage"":0.131148},{""copyright"":""pokemon_the_movie:_volcanion_and_the_mechanical_marvel"",""co_posts"":21,""character_coverage"":0.114754}]","","","PENDING",""
"I70-012972","magical_mirai_len","4","Character","201","","","","","魔法のミライ・レン","","[{""copyright"":""magical_mirai_(vocaloid)"",""co_posts"":197,""character_coverage"":1.0},{""copyright"":""vocaloid"",""co_posts"":197,""character_coverage"":1.0},{""copyright"":""sanrio"",""co_posts"":3,""character_coverage"":0.015228},{""copyright"":""voicevox"",""co_posts"":3,""character_coverage"":0.015228},{""copyright"":""voiceroid"",""co_posts"":2,""character_coverage"":0.010152}]","","","PENDING",""
"I70-012973","marley_(pokemon)","4","Character","201","mai_(pokemon)","mai (pokemon)","","マイ(トレーナー)","","","[{""copyright"":""pokemon"",""co_posts"":186,""character_coverage"":1.0},{""copyright"":""pokemon_diamond/pearl/platinum"",""co_posts"":156,""character_coverage"":0.83871},{""copyright"":""pokemon_masters_ex"",""co_posts"":30,""character_coverage"":0.16129},{""copyright"":""pokemon_platinum"",""co_posts"":22,""character_coverage"":0.11828},{""copyright"":""pokemon_heartgold_and_soulsilver"",""co_posts"":11,""character_coverage"":0.05914}]","","","PENDING",""
"I70-012974","orange_(deltarune)","4","Character","201","","","","","オレンジ(DELTARUNE)","","[{""copyright"":""deltarune"",""co_posts"":79,""character_coverage"":1.0},{""copyright"":""utdr_(toby_fox)"",""co_posts"":79,""character_coverage"":1.0},{""copyright"":""undertale"",""co_posts"":4,""character_coverage"":0.050633},{""copyright"":""futatsu_no_mokuba_(kikuo)"",""co_posts"":2,""character_coverage"":0.025316},{""copyright"":""invincible_(series)"",""co_posts"":2,""character_coverage"":0.025316}]","","","PENDING",""
"I70-012975","osanai_(shashaki)","4","Character","201","","","","","小山内先輩","","[{""copyright"":""otaku-kun_to_gyaru_no_koi"",""co_posts"":199,""character_coverage"":1.0},{""copyright"":""cthulhu_mythos"",""co_posts"":21,""character_coverage"":0.105528},{""copyright"":""kirby_(series)"",""co_posts"":16,""character_coverage"":0.080402},{""copyright"":""kirby_super_star"",""co_posts"":13,""character_coverage"":0.065327},{""copyright"":""line_(naver)"",""co_posts"":4,""character_coverage"":0.020101}]","","","PENDING",""
"I70-012976","raiden_mei_(danzai_spectramancer)","4","Character","201","","","","","断罪影舞 | 斷罪影舞 | 雷電芽衣(断罪影舞)","","[{""copyright"":""honkai_(series)"",""co_posts"":189,""character_coverage"":1.0},{""copyright"":""honkai_impact_3rd"",""co_posts"":189,""character_coverage"":1.0},{""copyright"":""honkai:_star_rail"",""co_posts"":8,""character_coverage"":0.042328},{""copyright"":""genshin_impact"",""co_posts"":7,""character_coverage"":0.037037},{""copyright"":""mihoyo"",""co_posts"":7,""character_coverage"":0.037037}]","","","PENDING",""
"I70-012977","rio_(christmas_dress)_(blue_archive)","4","Character","201","rio_(dress)_(blue_archive)","rio (dress) (blue archive)","","","","","[]","","","PENDING",""
"I70-012978","saitou_hajime_(second_ascension)_(fate)","4","Character","201","","","","","","","[{""copyright"":""fate/grand_order"",""co_posts"":199,""character_coverage"":1.0},{""copyright"":""fate_(series)"",""co_posts"":199,""character_coverage"":1.0},{""copyright"":""koha-ace"",""co_posts"":19,""character_coverage"":0.095477},{""copyright"":""fate/apocrypha"",""co_posts"":3,""character_coverage"":0.015075},{""copyright"":""baskin-robbins"",""co_posts"":1,""character_coverage"":0.005025}]","","","PENDING",""
"I70-012979","seifer_almasy","4","Character","201","","","","","サイファー・アルマシー","","[{""copyright"":""final_fantasy"",""co_posts"":185,""character_coverage"":0.989305},{""copyright"":""final_fantasy_viii"",""co_posts"":185,""character_coverage"":0.989305},{""copyright"":""final_fantasy_vii"",""co_posts"":13,""character_coverage"":0.069519},{""copyright"":""kingdom_hearts"",""co_posts"":13,""character_coverage"":0.069519},{""copyright"":""kingdom_hearts_ii"",""co_posts"":10,""character_coverage"":0.053476}]","","","PENDING",""
"I70-012980","senkou_(senran_kagura)","4","Character","201","","","","","閃光(閃乱カグラ)","","[{""copyright"":""senran_kagura"",""co_posts"":174,""character_coverage"":1.0},{""copyright"":""senran_kagura_new_link"",""co_posts"":154,""character_coverage"":0.885057},{""copyright"":""senran_kagura_new_wave"",""co_posts"":12,""character_coverage"":0.068966},{""copyright"":""ikkitousen"",""co_posts"":3,""character_coverage"":0.017241},{""copyright"":""dead_or_alive"",""co_posts"":2,""character_coverage"":0.011494}]","","","PENDING",""
"I70-012981","seulgi_(red_velvet)","4","Character","201","","","","","","","[{""copyright"":""red_velvet_(group)"",""co_posts"":169,""character_coverage"":0.971264},{""copyright"":""real_life"",""co_posts"":154,""character_coverage"":0.885057},{""copyright"":""kpop_demon_hunters"",""co_posts"":2,""character_coverage"":0.011494}]","","","PENDING",""
"I70-012982","shimanto_(azur_lane)","4","Character","201","","","","四万十(アズールレーン)","四万十","","[{""copyright"":""azur_lane"",""co_posts"":193,""character_coverage"":1.0},{""copyright"":""world_of_warships"",""co_posts"":9,""character_coverage"":0.046632},{""copyright"":""azur_lane:_slow_ahead"",""co_posts"":7,""character_coverage"":0.036269},{""copyright"":""pepsi"",""co_posts"":7,""character_coverage"":0.036269},{""copyright"":""comiket_107"",""co_posts"":3,""character_coverage"":0.015544}]","","","PENDING",""
"I70-012983","sigrid_de_l'azur_(majestic_wavechaser)","4","Character","201","","","","","","","[]","","","PENDING",""
"I70-012984","succubus_(ragnarok_online)","4","Character","201","succubus_(ro)","succubus (ro)","","","サキュバス(ラグナロクオンライン)","","[{""copyright"":""ragnarok_online"",""co_posts"":183,""character_coverage"":1.0},{""copyright"":""ragnarok_masters"",""co_posts"":8,""character_coverage"":0.043716},{""copyright"":""catherine_(game)"",""co_posts"":2,""character_coverage"":0.010929},{""copyright"":""disgaea"",""co_posts"":2,""character_coverage"":0.010929},{""copyright"":""fate_(series)"",""co_posts"":2,""character_coverage"":0.010929}]","","","PENDING",""
"I70-012985","swellow","4","Character","201","","","","","オオスバメ","","[{""copyright"":""pokemon"",""co_posts"":190,""character_coverage"":1.0},{""copyright"":""pokemon_ruby/sapphire/emerald"",""co_posts"":32,""character_coverage"":0.168421},{""copyright"":""pokemon_(anime)"",""co_posts"":28,""character_coverage"":0.147368},{""copyright"":""pokemon_heartgold_and_soulsilver"",""co_posts"":22,""character_coverage"":0.115789},{""copyright"":""pokemon_(classic_anime)"",""co_posts"":15,""character_coverage"":0.078947}]","","","PENDING",""
"I70-012986","throne_anguis","4","Character","201","throne_(octopath_traveler)","throne (octopath traveler)","","","ソローネ・アングイス","","[{""copyright"":""octopath_traveler"",""co_posts"":191,""character_coverage"":1.0},{""copyright"":""octopath_traveler_ii"",""co_posts"":188,""character_coverage"":0.984293},{""copyright"":""octopath_traveler_i"",""co_posts"":9,""character_coverage"":0.04712},{""copyright"":""nier:automata"",""co_posts"":4,""character_coverage"":0.020942},{""copyright"":""nier_(series)"",""co_posts"":4,""character_coverage"":0.020942}]","","","PENDING",""
"I70-012987","tsubasa_ryuuji","4","Character","201","","","","","龍人提督","","[{""copyright"":""kantai_collection"",""co_posts"":162,""character_coverage"":0.80597},{""copyright"":""original"",""co_posts"":48,""character_coverage"":0.238806},{""copyright"":""dragon_ball"",""co_posts"":5,""character_coverage"":0.024876},{""copyright"":""dragon_ball_z"",""co_posts"":5,""character_coverage"":0.024876},{""copyright"":""black_rock_shooter"",""co_posts"":1,""character_coverage"":0.004975}]","","","PENDING",""
"I70-012988","yamanashi_haruka","4","Character","201","childhood_friend_(liya)","childhood friend (liya)","","","","","[]","","","PENDING",""
"I70-012989","yuki_anju","4","Character","201","yuuki_anju","yuuki anju","","優木あんじゅ","","","[{""copyright"":""love_live!"",""co_posts"":194,""character_coverage"":1.0},{""copyright"":""love_live!_school_idol_project"",""co_posts"":194,""character_coverage"":1.0},{""copyright"":""shocking_party"",""co_posts"":66,""character_coverage"":0.340206},{""copyright"":""love_live!_school_idol_festival"",""co_posts"":11,""character_coverage"":0.056701},{""copyright"":""love_live!_sunshine!!"",""co_posts"":5,""character_coverage"":0.025773}]","","","PENDING",""
"I70-012990","zygarde_core","4","Character","201","squishy_(pokemon),puni_(pokemon)","puni (pokemon) | squishy (pokemon)","","","ジガルデ・コア","","[{""copyright"":""pokemon"",""co_posts"":190,""character_coverage"":1.0},{""copyright"":""pokemon_(anime)"",""co_posts"":68,""character_coverage"":0.357895},{""copyright"":""pokemon_the_series:_xy"",""co_posts"":62,""character_coverage"":0.326316},{""copyright"":""pokemon_masters_ex"",""co_posts"":22,""character_coverage"":0.115789},{""copyright"":""pokemon_legends:_z-a"",""co_posts"":21,""character_coverage"":0.110526}]","","","PENDING",""
"I70-012991","airy_(bravely_default)","4","Character","200","aerie_(bravely_default)","aerie (bravely default)","","エアリー","","","[{""copyright"":""bravely_default_(series)"",""co_posts"":183,""character_coverage"":1.0},{""copyright"":""bravely_default:_flying_fairy"",""co_posts"":180,""character_coverage"":0.983607},{""copyright"":""bravely_second:_end_layer"",""co_posts"":66,""character_coverage"":0.360656},{""copyright"":""original"",""co_posts"":36,""character_coverage"":0.196721},{""copyright"":""mahou_shoujo_madoka_magica"",""co_posts"":3,""character_coverage"":0.016393}]","","","PENDING",""
"I70-012992","andy_bogard","4","Character","200","","","","","アンディ・ボガード","","[{""copyright"":""fatal_fury"",""co_posts"":158,""character_coverage"":0.946108},{""copyright"":""the_king_of_fighters"",""co_posts"":121,""character_coverage"":0.724551},{""copyright"":""snk"",""co_posts"":37,""character_coverage"":0.221557},{""copyright"":""ryuuko_no_ken"",""co_posts"":24,""character_coverage"":0.143713},{""copyright"":""fatal_fury:_city_of_the_wolves"",""co_posts"":22,""character_coverage"":0.131737}]","","","PENDING",""
"I70-012993","anyoji_hime_(seal)","4","Character","200","","","","","あにょざらし","","[{""copyright"":""love_live!"",""co_posts"":180,""character_coverage"":1.0},{""copyright"":""love_live!_hasu_no_sora_jogakuin_school_idol_club"",""co_posts"":180,""character_coverage"":1.0},{""copyright"":""holiday_holiday_(love_live!)"",""co_posts"":71,""character_coverage"":0.394444},{""copyright"":""holiday_holiday_(tenko)_(love_live!)"",""co_posts"":71,""character_coverage"":0.394444},{""copyright"":""love_live!_hasu_no_sora_jogakuin_school_idol_club_bloom_garden_party"",""co_posts"":2,""character_coverage"":0.011111}]","","","PENDING",""
"I70-012994","asakura_yoh","4","Character","200","asakura_you","asakura you","","","麻倉葉","","[{""copyright"":""shaman_king"",""co_posts"":193,""character_coverage"":1.0},{""copyright"":""naruto_(series)"",""co_posts"":12,""character_coverage"":0.062176},{""copyright"":""one_piece"",""co_posts"":11,""character_coverage"":0.056995},{""copyright"":""dragon_ball"",""co_posts"":10,""character_coverage"":0.051813},{""copyright"":""bleach"",""co_posts"":9,""character_coverage"":0.046632}]","","","PENDING",""
"I70-012995","ayanokouji_kiyotaka","4","Character","200","","","","","綾小路清隆","","[{""copyright"":""youkoso_jitsuryoku_shijou_shugi_no_kyoushitsu_e"",""co_posts"":164,""character_coverage"":1.0},{""copyright"":""seishun_buta_yarou"",""co_posts"":4,""character_coverage"":0.02439},{""copyright"":""yahari_ore_no_seishun_lovecome_wa_machigatteiru."",""co_posts"":4,""character_coverage"":0.02439},{""copyright"":""hyouka"",""co_posts"":3,""character_coverage"":0.018293},{""copyright"":""monogatari_(series)"",""co_posts"":3,""character_coverage"":0.018293}]","","","PENDING",""
"I70-012996","ayase_naru","4","Character","200","","","","","彩瀬なる","","[{""copyright"":""pretty_series"",""co_posts"":190,""character_coverage"":1.0},{""copyright"":""pretty_rhythm"",""co_posts"":189,""character_coverage"":0.994737},{""copyright"":""pretty_rhythm_rainbow_live"",""co_posts"":185,""character_coverage"":0.973684},{""copyright"":""pretty_rhythm_aurora_dream"",""co_posts"":17,""character_coverage"":0.089474},{""copyright"":""pretty_rhythm_dear_my_future"",""co_posts"":15,""character_coverage"":0.078947}]","","","PENDING",""
"I70-012997","bunny_girl_(yuuhagi_(amaretto-no-natsu))","4","Character","200","","","","","バニーガール（ユハギ（アマレットノツナツ））","","[{""copyright"":""original"",""co_posts"":200,""character_coverage"":1.0}]","","","PENDING",""
"I70-012998","cheshire_(summery_date!)_(azur_lane)","4","Character","200","","","","デーティングサマー!","","Dating_Summer!","[{""copyright"":""azur_lane"",""co_posts"":190,""character_coverage"":1.0},{""copyright"":""arknights"",""co_posts"":1,""character_coverage"":0.005263},{""copyright"":""blue_archive"",""co_posts"":1,""character_coverage"":0.005263},{""copyright"":""cuddly_octopus"",""co_posts"":1,""character_coverage"":0.005263},{""copyright"":""yostar"",""co_posts"":1,""character_coverage"":0.005263}]","","","PENDING",""
"I70-012999","cutter_(arknights)","4","Character","200","","","","カッター(アークナイツ)","刻刀","","[{""copyright"":""arknights"",""co_posts"":188,""character_coverage"":1.0},{""copyright"":""a_deer_of_nine_colors"",""co_posts"":3,""character_coverage"":0.015957},{""copyright"":""monster_hunter_(series)"",""co_posts"":3,""character_coverage"":0.015957},{""copyright"":""rainbow_six_siege"",""co_posts"":3,""character_coverage"":0.015957},{""copyright"":""the_legend_of_luo_xiaohei"",""co_posts"":2,""character_coverage"":0.010638}]","","","PENDING",""
"I70-013000","elena_(ff7)","4","Character","200","","","","","イリーナ(FF7)","","[{""copyright"":""final_fantasy"",""co_posts"":174,""character_coverage"":1.0},{""copyright"":""final_fantasy_vii"",""co_posts"":174,""character_coverage"":1.0},{""copyright"":""final_fantasy_vii_remake"",""co_posts"":70,""character_coverage"":0.402299},{""copyright"":""final_fantasy_vii_rebirth"",""co_posts"":42,""character_coverage"":0.241379},{""copyright"":""final_fantasy_vii:_advent_children"",""co_posts"":7,""character_coverage"":0.04023}]","","","PENDING",""
