"row_id","canonical_tag","category","category_name","post_count","source_aliases","verified_aliases","existing_display_ja","existing_search_ja","existing_candidate_ja","existing_rejected_ja","related_copyright_candidates","display_ja","search_ja","translation_status","translation_note"
"I70-027001","shamare_(echo_of_the_horrorlair)_(arknights)","4","Character","75","","","","","シャマレ（ホラーエアのエコー）（arknights）","","[{""copyright"":""arknights"",""co_posts"":75,""character_coverage"":1.0},{""copyright"":""the_legend_of_luo_xiaohei"",""co_posts"":3,""character_coverage"":0.04},{""copyright"":""omori"",""co_posts"":2,""character_coverage"":0.026667},{""copyright"":""among_us"",""co_posts"":1,""character_coverage"":0.013333},{""copyright"":""hololive"",""co_posts"":1,""character_coverage"":0.013333}]","","","PENDING",""
"I70-027002","s-hawk","4","Character","75","","","","","","","[{""copyright"":""one_piece"",""co_posts"":69,""character_coverage"":1.0},{""copyright"":""one_piece_card_game"",""co_posts"":1,""character_coverage"":0.014493},{""copyright"":""one_piece_everyday"",""co_posts"":1,""character_coverage"":0.014493}]","","","PENDING",""
"I70-027003","she-venom","4","Character","75","","","","","シー・ヴェノム","","[{""copyright"":""marvel"",""co_posts"":62,""character_coverage"":0.984127},{""copyright"":""spider-man_(series)"",""co_posts"":61,""character_coverage"":0.968254},{""copyright"":""brand_new_animal"",""co_posts"":3,""character_coverage"":0.047619},{""copyright"":""dandadan"",""co_posts"":3,""character_coverage"":0.047619},{""copyright"":""the_legend_of_zelda"",""co_posts"":3,""character_coverage"":0.047619}]","","","PENDING",""
"I70-027004","shibata_mizuki","4","Character","75","","","","","柴田美月","","[{""copyright"":""mahouka_koukou_no_rettousei"",""co_posts"":65,""character_coverage"":1.0},{""copyright"":""divine_gate"",""co_posts"":2,""character_coverage"":0.030769},{""copyright"":""kantai_collection"",""co_posts"":2,""character_coverage"":0.030769},{""copyright"":""dengeki_bunko"",""co_posts"":1,""character_coverage"":0.015385},{""copyright"":""no_game_no_life"",""co_posts"":1,""character_coverage"":0.015385}]","","","PENDING",""
"I70-027005","shigure_(retrofit)_(azur_lane)","4","Character","75","","","","","時雨改(アズールレーン)","","[{""copyright"":""azur_lane"",""co_posts"":70,""character_coverage"":1.0}]","","","PENDING",""
"I70-027006","shihoru_(grimgar)","4","Character","75","","","","","シホル","","[{""copyright"":""hai_to_gensou_no_grimgar"",""co_posts"":73,""character_coverage"":1.0},{""copyright"":""kono_subarashii_sekai_ni_shukufuku_wo!"",""co_posts"":2,""character_coverage"":0.027397}]","","","PENDING",""
"I70-027007","shiki_souma","4","Character","75","","","","","四季蒼真","","[{""copyright"":""cool_doji_danshi"",""co_posts"":73,""character_coverage"":1.0},{""copyright"":""pokemon"",""co_posts"":1,""character_coverage"":0.013699},{""copyright"":""real_life"",""co_posts"":1,""character_coverage"":0.013699}]","","","PENDING",""
"I70-027008","shinobu_jacobs","4","Character","75","","","","","忍ヤコブス","","[{""copyright"":""no_more_heroes"",""co_posts"":63,""character_coverage"":1.0},{""copyright"":""street_fighter"",""co_posts"":4,""character_coverage"":0.063492},{""copyright"":""atelier_(series)"",""co_posts"":2,""character_coverage"":0.031746},{""copyright"":""atelier_ryza"",""co_posts"":2,""character_coverage"":0.031746},{""copyright"":""bleach"",""co_posts"":2,""character_coverage"":0.031746}]","","","PENDING",""
"I70-027009","shinozaki_ayumi","4","Character","75","","","","","篠崎あゆみ","","[{""copyright"":""corpse_party"",""co_posts"":66,""character_coverage"":1.0},{""copyright"":""yume_nikki"",""co_posts"":3,""character_coverage"":0.045455},{""copyright"":""ib_(kouri)"",""co_posts"":2,""character_coverage"":0.030303},{""copyright"":""mad_father"",""co_posts"":2,""character_coverage"":0.030303},{""copyright"":""misao"",""co_posts"":2,""character_coverage"":0.030303}]","","","PENDING",""
"I70-027010","shiraishi_haruhi_(yugaa)","4","Character","75","azato_jk_(yugaa)","azato jk (yugaa)","","","あざとJK","","[{""copyright"":""original"",""co_posts"":75,""character_coverage"":1.0},{""copyright"":""comiket_105"",""co_posts"":2,""character_coverage"":0.026667},{""copyright"":""comiket_107"",""co_posts"":2,""character_coverage"":0.026667},{""copyright"":""comiket_103"",""co_posts"":1,""character_coverage"":0.013333},{""copyright"":""dengeki_moeoh"",""co_posts"":1,""character_coverage"":0.013333}]","","","PENDING",""
"I70-027011","shirayuki_(warship_girls_r)","4","Character","75","","","","","白雪(戦艦少女)","","[{""copyright"":""warship_girls_r"",""co_posts"":72,""character_coverage"":1.0}]","","","PENDING",""
"I70-027012","shiro_(bombergirl)","4","Character","75","","","","","シロ(ボンバーガール)","","[{""copyright"":""bombergirl"",""co_posts"":66,""character_coverage"":1.0},{""copyright"":""bomberman"",""co_posts"":20,""character_coverage"":0.30303},{""copyright"":""contra"",""co_posts"":1,""character_coverage"":0.015152},{""copyright"":""cookie_(touhou)"",""co_posts"":1,""character_coverage"":0.015152},{""copyright"":""ganbare_goemon"",""co_posts"":1,""character_coverage"":0.015152}]","","","PENDING",""
"I70-027013","slave_ignis","4","Character","75","","","","","スレイブ・イグニス","","[{""copyright"":""ts_magical_girl_nao"",""co_posts"":73,""character_coverage"":1.0},{""copyright"":""shakugan_no_shana"",""co_posts"":2,""character_coverage"":0.027397},{""copyright"":""xenoblade_chronicles_(series)"",""co_posts"":2,""character_coverage"":0.027397},{""copyright"":""xenoblade_chronicles_2"",""co_posts"":2,""character_coverage"":0.027397},{""copyright"":""original"",""co_posts"":1,""character_coverage"":0.013699}]","","","PENDING",""
"I70-027014","slipstream_(transformers)","4","Character","75","","","","","スリップストリーム（トランス）","","[{""copyright"":""transformers"",""co_posts"":26,""character_coverage"":1.0},{""copyright"":""transformers:_animated"",""co_posts"":11,""character_coverage"":0.423077},{""copyright"":""beast_wars"",""co_posts"":4,""character_coverage"":0.153846},{""copyright"":""transformers:_generation_1"",""co_posts"":4,""character_coverage"":0.153846},{""copyright"":""beast_wars:_transformers"",""co_posts"":3,""character_coverage"":0.115385}]","","","PENDING",""
"I70-027015","snoutlet_(mario)","4","Character","75","","","","","タップー","","[{""copyright"":""mario_(series)"",""co_posts"":73,""character_coverage"":1.0},{""copyright"":""mario_&_luigi_rpg"",""co_posts"":72,""character_coverage"":0.986301},{""copyright"":""mario_&_luigi:_brothership"",""co_posts"":70,""character_coverage"":0.958904},{""copyright"":""mario_&_luigi:_superstar_saga"",""co_posts"":10,""character_coverage"":0.136986},{""copyright"":""mario_&_luigi:_bowser's_inside_story"",""co_posts"":7,""character_coverage"":0.09589}]","","","PENDING",""
"I70-027016","sol_(neural_cloud)","4","Character","75","","","","","ソル(ニューラルクラウド)","","[{""copyright"":""girls'_frontline"",""co_posts"":70,""character_coverage"":1.0},{""copyright"":""girls'_frontline_neural_cloud"",""co_posts"":70,""character_coverage"":1.0},{""copyright"":""girls'_frontline_2:_exilium"",""co_posts"":4,""character_coverage"":0.057143},{""copyright"":""dark_souls_(series)"",""co_posts"":2,""character_coverage"":0.028571},{""copyright"":""dark_souls_i"",""co_posts"":2,""character_coverage"":0.028571}]","","","PENDING",""
"I70-027017","solitar_(sousou_no_frieren)","4","Character","75","","","","","ソリテール","","[{""copyright"":""sousou_no_frieren"",""co_posts"":72,""character_coverage"":1.0},{""copyright"":""asura's_wrath"",""co_posts"":1,""character_coverage"":0.013889}]","","","PENDING",""
"I70-027018","sono_chieri","4","Character","75","","","","","園智恵理","","[{""copyright"":""akb0048"",""co_posts"":75,""character_coverage"":1.0},{""copyright"":""megami_magazine"",""co_posts"":2,""character_coverage"":0.026667},{""copyright"":""nyantype"",""co_posts"":1,""character_coverage"":0.013333}]","","","PENDING",""
"I70-027019","sorano_minori","4","Character","75","","","","","空野みのり","","[{""copyright"":""raisei_no_ryuu_tsukai"",""co_posts"":74,""character_coverage"":1.0},{""copyright"":""original"",""co_posts"":25,""character_coverage"":0.337838}]","","","PENDING",""
"I70-027020","spectre_(off)","4","Character","75","","","","","","","[{""copyright"":""off_(game)"",""co_posts"":66,""character_coverage"":1.0},{""copyright"":""yume_nikki"",""co_posts"":5,""character_coverage"":0.075758},{""copyright"":""deltarune"",""co_posts"":3,""character_coverage"":0.045455},{""copyright"":""ib_(kouri)"",""co_posts"":3,""character_coverage"":0.045455},{""copyright"":""omori"",""co_posts"":3,""character_coverage"":0.045455}]","","","PENDING",""
"I70-027021","suga_kyoutarou","4","Character","75","","","","","Suga Kyoutarou","","[{""copyright"":""saki_(manga)"",""co_posts"":72,""character_coverage"":1.0},{""copyright"":""akagi:_yami_ni_oritatta_tensai"",""co_posts"":4,""character_coverage"":0.055556},{""copyright"":""fukumoto_mahjong"",""co_posts"":4,""character_coverage"":0.055556},{""copyright"":""saki_achiga-hen"",""co_posts"":3,""character_coverage"":0.041667},{""copyright"":""azumanga_daioh"",""co_posts"":2,""character_coverage"":0.027778}]","","","PENDING",""
"I70-027022","sumire_(path_to_nowhere)","4","Character","75","","","","","菫","","[{""copyright"":""path_to_nowhere"",""co_posts"":73,""character_coverage"":1.0},{""copyright"":""final_fantasy"",""co_posts"":1,""character_coverage"":0.013699},{""copyright"":""final_fantasy_xiv"",""co_posts"":1,""character_coverage"":0.013699}]","","","PENDING",""
"I70-027023","tachibana_hinano_(4th_costume)","4","Character","75","","","","","","","[{""copyright"":""vspo!"",""co_posts"":73,""character_coverage"":1.0},{""copyright"":""crazy_raccoon"",""co_posts"":1,""character_coverage"":0.013699},{""copyright"":""indie_virtual_youtuber"",""co_posts"":1,""character_coverage"":0.013699},{""copyright"":""league_of_legends"",""co_posts"":1,""character_coverage"":0.013699},{""copyright"":""nijisanji"",""co_posts"":1,""character_coverage"":0.013699}]","","","PENDING",""
"I70-027024","tai_yuan_(azur_lane)","4","Character","75","","","","","太原(アズールレーン)","","[{""copyright"":""azur_lane"",""co_posts"":68,""character_coverage"":1.0},{""copyright"":""2channel"",""co_posts"":1,""character_coverage"":0.014706},{""copyright"":""neptune_(series)"",""co_posts"":1,""character_coverage"":0.014706},{""copyright"":""peppa_pig_(series)"",""co_posts"":1,""character_coverage"":0.014706},{""copyright"":""puyopuyo"",""co_posts"":1,""character_coverage"":0.014706}]","","","PENDING",""
"I70-027025","tamamo_cat_(lostroom_outfit)_(fate)","4","Character","75","","","","","タマモ猫（Lostroom Outfit）（運命）","","[{""copyright"":""fate/grand_order"",""co_posts"":72,""character_coverage"":1.0},{""copyright"":""fate_(series)"",""co_posts"":72,""character_coverage"":1.0},{""copyright"":""fire_emblem"",""co_posts"":2,""character_coverage"":0.027778},{""copyright"":""fire_emblem_engage"",""co_posts"":2,""character_coverage"":0.027778},{""copyright"":""fate/stay_night"",""co_posts"":1,""character_coverage"":0.013889}]","","","PENDING",""
"I70-027026","tanemura_riko","4","Character","75","","","","","多祢村理子","","[{""copyright"":""persona"",""co_posts"":74,""character_coverage"":1.0},{""copyright"":""persona_5"",""co_posts"":74,""character_coverage"":1.0},{""copyright"":""persona_5:_the_phantom_x"",""co_posts"":74,""character_coverage"":1.0},{""copyright"":""atlus"",""co_posts"":2,""character_coverage"":0.027027},{""copyright"":""persona_3"",""co_posts"":2,""character_coverage"":0.027027}]","","","PENDING",""
"I70-027027","tanezawa_nanami_(rouka)","4","Character","75","","","","","","","[{""copyright"":""original"",""co_posts"":75,""character_coverage"":1.0},{""copyright"":""comiket_106"",""co_posts"":1,""character_coverage"":0.013333}]","","","PENDING",""
"I70-027028","teddy_(mother)","4","Character","75","","","","","テディ(MOTHER)","","[{""copyright"":""mother_(series)"",""co_posts"":73,""character_coverage"":1.0},{""copyright"":""mother_1"",""co_posts"":73,""character_coverage"":1.0},{""copyright"":""mother_2"",""co_posts"":19,""character_coverage"":0.260274},{""copyright"":""mother_3"",""co_posts"":16,""character_coverage"":0.219178},{""copyright"":""donkey_kong_(series)"",""co_posts"":5,""character_coverage"":0.068493}]","","","PENDING",""
"I70-027029","tenochtitlan_(academy_outfit)_(fate)","4","Character","75","tenochtitlan_(fgo_fes._2026)_(fate)","tenochtitlan (fgo fes. 2026) (fate)","","","英霊学装","","[]","","","PENDING",""
"I70-027030","the_baddest_ahri","4","Character","75","","","","","最も悪いahri","","[{""copyright"":""league_of_legends"",""co_posts"":63,""character_coverage"":1.0},{""copyright"":""hololive"",""co_posts"":1,""character_coverage"":0.015873},{""copyright"":""hololive_indonesia"",""co_posts"":1,""character_coverage"":0.015873}]","","","PENDING",""
"I70-027031","the_idealist_(reverse:1999)","4","Character","75","","","","","理想家","","[{""copyright"":""reverse:1999"",""co_posts"":74,""character_coverage"":1.0}]","","","PENDING",""
"I70-027032","tomioka_tsutako","4","Character","75","","","","","","","[{""copyright"":""kimetsu_no_yaiba"",""co_posts"":74,""character_coverage"":1.0},{""copyright"":""kimetsu_gakuen"",""co_posts"":3,""character_coverage"":0.040541},{""copyright"":""starbucks"",""co_posts"":1,""character_coverage"":0.013514}]","","","PENDING",""
"I70-027033","toujou_ruby","4","Character","75","","","","","橙条瑠妃","","[{""copyright"":""rosario+vampire"",""co_posts"":49,""character_coverage"":1.0},{""copyright"":""darkstalkers"",""co_posts"":1,""character_coverage"":0.020408},{""copyright"":""high_school_dxd"",""co_posts"":1,""character_coverage"":0.020408},{""copyright"":""olympics"",""co_posts"":1,""character_coverage"":0.020408},{""copyright"":""panty_&_stocking_with_garterbelt"",""co_posts"":1,""character_coverage"":0.020408}]","","","PENDING",""
"I70-027034","ultraman_decker","4","Character","75","","","","","デッカー(ウルトラマン)","","[{""copyright"":""ultra_series"",""co_posts"":73,""character_coverage"":1.0},{""copyright"":""ultraman_decker_(series)"",""co_posts"":73,""character_coverage"":1.0},{""copyright"":""ultraman_trigger_(series)"",""co_posts"":17,""character_coverage"":0.232877},{""copyright"":""ultraman_dyna_(series)"",""co_posts"":7,""character_coverage"":0.09589},{""copyright"":""ultra_galaxy_(series)"",""co_posts"":5,""character_coverage"":0.068493}]","","","PENDING",""
"I70-027035","urd_(second_ascension)_(fate)","4","Character","75","","","","","","","[{""copyright"":""fate/grand_order"",""co_posts"":69,""character_coverage"":1.0},{""copyright"":""fate_(series)"",""co_posts"":69,""character_coverage"":1.0},{""copyright"":""hololive"",""co_posts"":1,""character_coverage"":0.014493},{""copyright"":""hololive_indonesia"",""co_posts"":1,""character_coverage"":0.014493},{""copyright"":""indie_virtual_youtuber"",""co_posts"":1,""character_coverage"":0.014493}]","","","PENDING",""
"I70-027036","ursula_(disney)","4","Character","75","","","","","アースラ","","[{""copyright"":""the_little_mermaid_(disney)"",""co_posts"":62,""character_coverage"":0.984127},{""copyright"":""disney"",""co_posts"":17,""character_coverage"":0.269841},{""copyright"":""hercules_(1997_movie)"",""co_posts"":7,""character_coverage"":0.111111},{""copyright"":""sleeping_beauty_(disney)"",""co_posts"":7,""character_coverage"":0.111111},{""copyright"":""aladdin_(movie)"",""co_posts"":6,""character_coverage"":0.095238}]","","","PENDING",""
"I70-027037","urushia_(okame_nin)","4","Character","75","","","","","ウルシア","","[{""copyright"":""original"",""co_posts"":75,""character_coverage"":1.0}]","","","PENDING",""
"I70-027038","valstrax","4","Character","75","","","","","バルファルク","","[{""copyright"":""monster_hunter_(series)"",""co_posts"":71,""character_coverage"":1.0},{""copyright"":""monster_hunter_xx"",""co_posts"":18,""character_coverage"":0.253521},{""copyright"":""monster_hunter_rise"",""co_posts"":10,""character_coverage"":0.140845},{""copyright"":""umamusume"",""co_posts"":4,""character_coverage"":0.056338},{""copyright"":""mega_man_(series)"",""co_posts"":3,""character_coverage"":0.042254}]","","","PENDING",""
"I70-027039","wa2000_(haunted_castle)_(girls'_frontline)","4","Character","75","","","","","古城探検","","[{""copyright"":""girls'_frontline"",""co_posts"":72,""character_coverage"":1.0},{""copyright"":""cave_story"",""co_posts"":4,""character_coverage"":0.055556},{""copyright"":""doom_(2016)"",""co_posts"":2,""character_coverage"":0.027778},{""copyright"":""doom_(series)"",""co_posts"":2,""character_coverage"":0.027778},{""copyright"":""hotline_miami"",""co_posts"":2,""character_coverage"":0.027778}]","","","PENDING",""
"I70-027040","wandjina_(fate)","4","Character","75","","","","","ワンジナ(Fate)","","[{""copyright"":""fate/grand_order"",""co_posts"":74,""character_coverage"":1.0},{""copyright"":""fate_(series)"",""co_posts"":74,""character_coverage"":1.0},{""copyright"":""fate/grand_order_arcade"",""co_posts"":3,""character_coverage"":0.040541},{""copyright"":""fate/kaleid_liner_prisma_illya"",""co_posts"":2,""character_coverage"":0.027027},{""copyright"":""fate/samurai_remnant"",""co_posts"":2,""character_coverage"":0.027027}]","","","PENDING",""
"I70-027041","watagi_michelle","4","Character","75","","","","","綿木ミシェル","","[{""copyright"":""battle_girl_high_school"",""co_posts"":74,""character_coverage"":1.0},{""copyright"":""alice_gear_aegis"",""co_posts"":7,""character_coverage"":0.094595},{""copyright"":""megami_magazine"",""co_posts"":1,""character_coverage"":0.013514},{""copyright"":""monster_girl_encyclopedia"",""co_posts"":1,""character_coverage"":0.013514}]","","","PENDING",""
"I70-027042","weiss_(arcana_heart)","4","Character","75","","","","","ヴァイス","","[{""copyright"":""arcana_heart"",""co_posts"":66,""character_coverage"":1.0},{""copyright"":""arcana_heart_3"",""co_posts"":62,""character_coverage"":0.939394},{""copyright"":""street_fighter"",""co_posts"":6,""character_coverage"":0.090909},{""copyright"":""arakawa_under_the_bridge"",""co_posts"":4,""character_coverage"":0.060606},{""copyright"":""bioshock_(series)"",""co_posts"":4,""character_coverage"":0.060606}]","","","PENDING",""
"I70-027043","wendy_crawford","4","Character","75","","","","","ウェンディ・クロフォード","","[{""copyright"":""suketto_sanjou!"",""co_posts"":57,""character_coverage"":0.982759},{""copyright"":""original"",""co_posts"":15,""character_coverage"":0.258621}]","","","PENDING",""
"I70-027044","wkp_(girls'_frontline)","4","Character","75","","","","","WKp(ドールズフロントライン)","","[{""copyright"":""girls'_frontline"",""co_posts"":68,""character_coverage"":1.0},{""copyright"":""girls'_frontline_2:_exilium"",""co_posts"":62,""character_coverage"":0.911765},{""copyright"":""among_us"",""co_posts"":4,""character_coverage"":0.058824},{""copyright"":""blue_archive"",""co_posts"":2,""character_coverage"":0.029412},{""copyright"":""metal_gear_(series)"",""co_posts"":2,""character_coverage"":0.029412}]","","","PENDING",""
"I70-027045","x95_(girls'_frontline)","4","Character","75","x95_(girls_frontline)","x95 (girls frontline)","","","X95(ドールズフロントライン)","","[{""copyright"":""girls'_frontline"",""co_posts"":65,""character_coverage"":1.0},{""copyright"":""metal_gear_(series)"",""co_posts"":2,""character_coverage"":0.030769},{""copyright"":""chromashift"",""co_posts"":1,""character_coverage"":0.015385},{""copyright"":""doom_(series)"",""co_posts"":1,""character_coverage"":0.015385},{""copyright"":""girls'_frontline_neural_cloud"",""co_posts"":1,""character_coverage"":0.015385}]","","","PENDING",""
"I70-027046","xingqiu_(bamboo_rain)_(genshin_impact)","4","Character","75","","","","","行秋(雨化竹身)","","[{""copyright"":""genshin_impact"",""co_posts"":75,""character_coverage"":1.0},{""copyright"":""honkai:_star_rail"",""co_posts"":2,""character_coverage"":0.026667},{""copyright"":""honkai_(series)"",""co_posts"":2,""character_coverage"":0.026667},{""copyright"":""mihoyo"",""co_posts"":2,""character_coverage"":0.026667},{""copyright"":""kuroshitsuji"",""co_posts"":1,""character_coverage"":0.013333}]","","","PENDING",""
"I70-027047","xingye_(xing)","4","Character","75","xingye","xingye","","","醒爷","","[{""copyright"":""original"",""co_posts"":51,""character_coverage"":0.69863},{""copyright"":""indie_virtual_youtuber"",""co_posts"":19,""character_coverage"":0.260274},{""copyright"":""microsoft_windows"",""co_posts"":1,""character_coverage"":0.013699},{""copyright"":""windows_10"",""co_posts"":1,""character_coverage"":0.013699}]","","","PENDING",""
"I70-027048","yagyu_mitsuyoshi_(ikkitousen)","4","Character","75","","","","","柳生三厳","","[{""copyright"":""ikkitousen"",""co_posts"":70,""character_coverage"":1.0},{""copyright"":""ikkitousen_extra_burst"",""co_posts"":34,""character_coverage"":0.485714},{""copyright"":""megami_magazine"",""co_posts"":1,""character_coverage"":0.014286}]","","","PENDING",""
"I70-027049","yakuzen_yaku","4","Character","75","","","","","薬膳ヤク","","[{""copyright"":""kimi_no_koto_ga_dai_dai_dai_dai_daisuki_na_100-nin_no_kanojo"",""co_posts"":49,""character_coverage"":1.0},{""copyright"":""little_red_riding_hood_(fairy_tale)"",""co_posts"":1,""character_coverage"":0.020408},{""copyright"":""one_piece"",""co_posts"":1,""character_coverage"":0.020408},{""copyright"":""pokemon"",""co_posts"":1,""character_coverage"":0.020408},{""copyright"":""precure"",""co_posts"":1,""character_coverage"":0.020408}]","","","PENDING",""
"I70-027050","yomogawa_ayame","4","Character","75","","","","","四方川菖蒲","","[{""copyright"":""koutetsujou_no_kabaneri"",""co_posts"":72,""character_coverage"":1.0},{""copyright"":""animedia"",""co_posts"":2,""character_coverage"":0.027778},{""copyright"":""newtype"",""co_posts"":2,""character_coverage"":0.027778},{""copyright"":""animage"",""co_posts"":1,""character_coverage"":0.013889}]","","","PENDING",""
"I70-027051","yonehara_sousuke","4","Character","75","","","","","ヨネハラ・スゥースケ","","[{""copyright"":""kantai_collection"",""co_posts"":75,""character_coverage"":1.0},{""copyright"":""original"",""co_posts"":3,""character_coverage"":0.04},{""copyright"":""pokemon"",""co_posts"":1,""character_coverage"":0.013333}]","","","PENDING",""
"I70-027052","yoshioka_mamoru","4","Character","75","","","","","吉岡衛","","[{""copyright"":""mob_psycho_100"",""co_posts"":74,""character_coverage"":1.0},{""copyright"":""jujutsu_kaisen"",""co_posts"":2,""character_coverage"":0.027027},{""copyright"":""chainsaw_man"",""co_posts"":1,""character_coverage"":0.013514},{""copyright"":""saiki_kusuo_no_psi_nan"",""co_posts"":1,""character_coverage"":0.013514}]","","","PENDING",""
"I70-027053","yoshizuki_iori","4","Character","75","","","","","葦月伊織","","[{""copyright"":""i\""s"",""co_posts"":65,""character_coverage"":0.984848},{""copyright"":""dna^2"",""co_posts"":1,""character_coverage"":0.015152},{""copyright"":""hunter_x_hunter"",""co_posts"":1,""character_coverage"":0.015152},{""copyright"":""original"",""co_posts"":1,""character_coverage"":0.015152},{""copyright"":""urusei_yatsura"",""co_posts"":1,""character_coverage"":0.015152}]","","","PENDING",""
"I70-027054","yotsutsuji_mayoi","4","Character","75","","","","","四ツ辻まよい","","[{""copyright"":""amaryllis_gumi"",""co_posts"":74,""character_coverage"":1.0},{""copyright"":""indie_virtual_youtuber"",""co_posts"":2,""character_coverage"":0.027027},{""copyright"":""pokemon"",""co_posts"":2,""character_coverage"":0.027027},{""copyright"":""ring_fit_adventure"",""co_posts"":2,""character_coverage"":0.027027},{""copyright"":""neon_genesis_evangelion"",""co_posts"":1,""character_coverage"":0.013514}]","","","PENDING",""
"I70-027055","yukoku_kiriko_(delight_summer)","4","Character","75","daylight_summer_(kiriko)","daylight summer (kiriko)","","","","","[]","","","PENDING",""
"I70-027056","zacharie_(off)","4","Character","75","","","","","","","[{""copyright"":""off_(game)"",""co_posts"":61,""character_coverage"":1.0},{""copyright"":""cookie_(touhou)"",""co_posts"":5,""character_coverage"":0.081967},{""copyright"":""offside:_diyusi"",""co_posts"":5,""character_coverage"":0.081967},{""copyright"":""touhou"",""co_posts"":5,""character_coverage"":0.081967},{""copyright"":""ib_(kouri)"",""co_posts"":3,""character_coverage"":0.04918}]","","","PENDING",""
"I70-027057","zarbon","4","Character","75","","","","","ザーボン","","[{""copyright"":""dragon_ball"",""co_posts"":71,""character_coverage"":1.0},{""copyright"":""dragon_ball_z"",""co_posts"":71,""character_coverage"":1.0},{""copyright"":""dragon_ball_(classic)"",""co_posts"":7,""character_coverage"":0.098592},{""copyright"":""dr._slump"",""co_posts"":3,""character_coverage"":0.042254},{""copyright"":""dragon_ball_super"",""co_posts"":3,""character_coverage"":0.042254}]","","","PENDING",""
"I70-027058","zonda_(gunvolt)","4","Character","75","mysterious_girl_(gunvolt),pantera_(gunvolt)","mysterious girl (gunvolt) | pantera (gunvolt)","","","パンテーラ","","[{""copyright"":""azure_striker_gunvolt"",""co_posts"":35,""character_coverage"":1.0},{""copyright"":""azure_striker_gunvolt_2"",""co_posts"":26,""character_coverage"":0.742857},{""copyright"":""azure_striker_gunvolt_1"",""co_posts"":5,""character_coverage"":0.142857},{""copyright"":""azure_striker_gunvolt_3"",""co_posts"":2,""character_coverage"":0.057143},{""copyright"":""mega_man_(series)"",""co_posts"":2,""character_coverage"":0.057143}]","","","PENDING",""
"I70-027059","aether_(hot_springs)_(genshin_impact)","4","Character","74","","","","","","","[{""copyright"":""genshin_impact"",""co_posts"":73,""character_coverage"":1.0},{""copyright"":""mihoyo"",""co_posts"":2,""character_coverage"":0.027397},{""copyright"":""zenless_zone_zero"",""co_posts"":2,""character_coverage"":0.027397},{""copyright"":""honkai:_star_rail"",""co_posts"":1,""character_coverage"":0.013699},{""copyright"":""honkai_(series)"",""co_posts"":1,""character_coverage"":0.013699}]","","","PENDING",""
"I70-027060","agent_gulliver_(zenless_zone_zero)","4","Character","74","","","","","ガリバー隊員","","[{""copyright"":""zenless_zone_zero"",""co_posts"":68,""character_coverage"":1.0},{""copyright"":""mcdonald's"",""co_posts"":1,""character_coverage"":0.014706}]","","","PENDING",""
"I70-027061","akagi_wen_(1st_costume)","4","Character","74","","","","","","","[{""copyright"":""nijisanji"",""co_posts"":70,""character_coverage"":1.0},{""copyright"":""nijisanji_en"",""co_posts"":2,""character_coverage"":0.028571},{""copyright"":""nijisanji_kr"",""co_posts"":2,""character_coverage"":0.028571},{""copyright"":""little_red_riding_hood_(fairy_tale)"",""co_posts"":1,""character_coverage"":0.014286},{""copyright"":""nijisanji_gta"",""co_posts"":1,""character_coverage"":0.014286}]","","","PENDING",""
"I70-027062","alex_(degrees_of_lewdity)","4","Character","74","","","","","","","[{""copyright"":""degrees_of_lewdity"",""co_posts"":54,""character_coverage"":1.0},{""copyright"":""original"",""co_posts"":4,""character_coverage"":0.074074},{""copyright"":""stardew_valley"",""co_posts"":1,""character_coverage"":0.018519}]","","","PENDING",""
"I70-027063","altea_aquila_(jain_no_ikenie)","4","Character","74","","","","","アルテア・アクイーラ(邪淫のいけにえ)","","[{""copyright"":""jain_no_ikenie"",""co_posts"":8,""character_coverage"":1.0},{""copyright"":""jain_no_ikenie_(series)"",""co_posts"":8,""character_coverage"":1.0}]","","","PENDING",""
"I70-027064","amamiya_aki","4","Character","74","","","","","アマミヤアキ","","[{""copyright"":""mofu-mofu_after_school"",""co_posts"":74,""character_coverage"":1.0},{""copyright"":""mofumofu_channel"",""co_posts"":71,""character_coverage"":0.959459},{""copyright"":""original"",""co_posts"":2,""character_coverage"":0.027027},{""copyright"":""avengers_(series)"",""co_posts"":1,""character_coverage"":0.013514},{""copyright"":""marvel"",""co_posts"":1,""character_coverage"":0.013514}]","","","PENDING",""
"I70-027065","anata-chan_(love_live!)","4","Character","74","","","","","あなたちゃん","","[{""copyright"":""love_live!"",""co_posts"":74,""character_coverage"":1.0},{""copyright"":""love_live!_nijigasaki_high_school_idol_club"",""co_posts"":74,""character_coverage"":1.0},{""copyright"":""love_live!_school_idol_festival_all_stars"",""co_posts"":58,""character_coverage"":0.783784},{""copyright"":""original"",""co_posts"":7,""character_coverage"":0.094595},{""copyright"":""tokimeki_no_mirai_chizu"",""co_posts"":5,""character_coverage"":0.067568}]","","","PENDING",""
"I70-027066","anaxa_(nanus)_(honkai:_star_rail)","4","Character","74","","","","","ヌヌス","","[{""copyright"":""honkai:_star_rail"",""co_posts"":71,""character_coverage"":1.0},{""copyright"":""honkai_(series)"",""co_posts"":71,""character_coverage"":1.0},{""copyright"":""original"",""co_posts"":2,""character_coverage"":0.028169},{""copyright"":""pink_bitch_club"",""co_posts"":1,""character_coverage"":0.014085}]","","","PENDING",""
"I70-027067","annyui_(cookie)","4","Character","74","","","","","ANNYUI姉貴","","[{""copyright"":""cookie_(touhou)"",""co_posts"":71,""character_coverage"":0.986111},{""copyright"":""touhou"",""co_posts"":71,""character_coverage"":0.986111},{""copyright"":""manatsu_no_yo_no_inmu"",""co_posts"":10,""character_coverage"":0.138889},{""copyright"":""street_fighter"",""co_posts"":8,""character_coverage"":0.111111},{""copyright"":""niconico"",""co_posts"":4,""character_coverage"":0.055556}]","","","PENDING",""
"I70-027068","anrakutei_kukuru","4","Character","74","","","","","暗落亭苦来","","[{""copyright"":""joshiraku"",""co_posts"":65,""character_coverage"":1.0},{""copyright"":""girls_und_panzer"",""co_posts"":2,""character_coverage"":0.030769},{""copyright"":""azumanga_daioh"",""co_posts"":1,""character_coverage"":0.015385},{""copyright"":""blazblue"",""co_posts"":1,""character_coverage"":0.015385},{""copyright"":""blazblue_remix_heart"",""co_posts"":1,""character_coverage"":0.015385}]","","","PENDING",""
"I70-027069","aphilia_(kiyomin)","4","Character","74","afilia_(kiyomin)","afilia (kiyomin)","","","アフィリア","","[{""copyright"":""original"",""co_posts"":74,""character_coverage"":1.0},{""copyright"":""nier:automata"",""co_posts"":1,""character_coverage"":0.013514},{""copyright"":""nier_(series)"",""co_posts"":1,""character_coverage"":0.013514},{""copyright"":""touhou"",""co_posts"":1,""character_coverage"":0.013514}]","","","PENDING",""
"I70-027070","apple_(the_fruit_of_wisdom)_(reverse:1999)","4","Character","74","","","","","APPLe(智慧尽头)","","[{""copyright"":""reverse:1999"",""co_posts"":74,""character_coverage"":1.0},{""copyright"":""assassin's_creed_(series)"",""co_posts"":65,""character_coverage"":0.878378},{""copyright"":""assassin's_creed_ii"",""co_posts"":45,""character_coverage"":0.608108},{""copyright"":""assassin's_creed:_odyssey"",""co_posts"":26,""character_coverage"":0.351351},{""copyright"":""mario_(series)"",""co_posts"":1,""character_coverage"":0.013514}]","","","PENDING",""
"I70-027071","apricot_the_lich_(goth)","4","Character","74","apricot_the_lich_(8th_costume)","apricot the lich (8th costume)","","","","","[{""copyright"":""vshojo"",""co_posts"":52,""character_coverage"":0.776119},{""copyright"":""indie_virtual_youtuber"",""co_posts"":22,""character_coverage"":0.328358},{""copyright"":""mario_(series)"",""co_posts"":1,""character_coverage"":0.014925},{""copyright"":""new_super_mario_bros._u_deluxe"",""co_posts"":1,""character_coverage"":0.014925}]","","","PENDING",""
"I70-027072","aramaki_scaltinof","4","Character","74","","","","","荒巻スカルチノフ","","[{""copyright"":""2channel"",""co_posts"":66,""character_coverage"":0.916667},{""copyright"":""touhou"",""co_posts"":20,""character_coverage"":0.277778},{""copyright"":""kantai_collection"",""co_posts"":12,""character_coverage"":0.166667},{""copyright"":""original"",""co_posts"":7,""character_coverage"":0.097222},{""copyright"":""umamusume"",""co_posts"":7,""character_coverage"":0.097222}]","","","PENDING",""
"I70-027073","artesia_som_deikun","4","Character","74","","","","","アルテイシア・ソム・ダイクン","","[{""copyright"":""gundam"",""co_posts"":71,""character_coverage"":1.0},{""copyright"":""mobile_suit_gundam"",""co_posts"":55,""character_coverage"":0.774648},{""copyright"":""mobile_suit_gundam_the_origin"",""co_posts"":41,""character_coverage"":0.577465},{""copyright"":""gundam_gquuuuuux"",""co_posts"":18,""character_coverage"":0.253521},{""copyright"":""gundam_g_no_reconguista"",""co_posts"":3,""character_coverage"":0.042254}]","","","PENDING",""
"I70-027074","aruma_(shinrabanshou)","4","Character","74","","","","","眠り姫アルマ","","[{""copyright"":""shinrabanshou"",""co_posts"":74,""character_coverage"":1.0},{""copyright"":""dragon_ball"",""co_posts"":1,""character_coverage"":0.013514},{""copyright"":""dragon_ball_z"",""co_posts"":1,""character_coverage"":0.013514},{""copyright"":""os-tan"",""co_posts"":1,""character_coverage"":0.013514}]","","","PENDING",""
"I70-027075","arya_kuroha","4","Character","74","","","","","黒刃アリヤ","","[]","","","PENDING",""
"I70-027076","ashtoreth_illacrimo","4","Character","74","","","","","Ashtoreth Illacrimo","","[{""copyright"":""original"",""co_posts"":67,""character_coverage"":0.985294},{""copyright"":""bunny_and_fox_world"",""co_posts"":3,""character_coverage"":0.044118}]","","","PENDING",""
"I70-027077","aurora_(kanachirou)","4","Character","74","","","","","オーロラ（カナチロウ）","","[{""copyright"":""original"",""co_posts"":74,""character_coverage"":1.0},{""copyright"":""fate/grand_order"",""co_posts"":3,""character_coverage"":0.040541},{""copyright"":""fate_(series)"",""co_posts"":3,""character_coverage"":0.040541},{""copyright"":""azur_lane"",""co_posts"":1,""character_coverage"":0.013514},{""copyright"":""pornhub"",""co_posts"":1,""character_coverage"":0.013514}]","","","PENDING",""
"I70-027078","ayer","4","Character","74","","","","","アイル","","[{""copyright"":""granblue_fantasy"",""co_posts"":70,""character_coverage"":0.985915},{""copyright"":""fate/grand_order"",""co_posts"":2,""character_coverage"":0.028169},{""copyright"":""fate_(series)"",""co_posts"":2,""character_coverage"":0.028169},{""copyright"":""shingeki_no_bahamut"",""co_posts"":2,""character_coverage"":0.028169},{""copyright"":""arknights"",""co_posts"":1,""character_coverage"":0.014085}]","","","PENDING",""
"I70-027079","baekto_(last_origin)","4","Character","74","magical_baekto","magical baekto","","","魔法少女マジカル白兎","","[{""copyright"":""last_origin"",""co_posts"":72,""character_coverage"":1.0},{""copyright"":""gundam"",""co_posts"":1,""character_coverage"":0.013889},{""copyright"":""gundam_narrative"",""co_posts"":1,""character_coverage"":0.013889}]","","","PENDING",""
"I70-027080","barbeloth_(genshin_impact)","4","Character","74","","","","","バーベロス(原神)","","[{""copyright"":""genshin_impact"",""co_posts"":69,""character_coverage"":1.0},{""copyright"":""dandadan"",""co_posts"":1,""character_coverage"":0.014493},{""copyright"":""winx_club"",""co_posts"":1,""character_coverage"":0.014493}]","","","PENDING",""
"I70-027081","barnabas_tharmr","4","Character","74","","","","","バルナバス・ザルム","","[{""copyright"":""final_fantasy"",""co_posts"":70,""character_coverage"":1.0},{""copyright"":""final_fantasy_xvi"",""co_posts"":70,""character_coverage"":1.0},{""copyright"":""famitsu"",""co_posts"":1,""character_coverage"":0.014286},{""copyright"":""final_fantasy_i"",""co_posts"":1,""character_coverage"":0.014286},{""copyright"":""final_fantasy_ii"",""co_posts"":1,""character_coverage"":0.014286}]","","","PENDING",""
"I70-027082","bismarck_zwei_(crystal-clear_holiday)_(azur_lane)","4","Character","74","","","","","清澈のヴィントシュティレ","","[{""copyright"":""azur_lane"",""co_posts"":60,""character_coverage"":1.0},{""copyright"":""mona_lisa"",""co_posts"":2,""character_coverage"":0.033333},{""copyright"":""kantai_collection"",""co_posts"":1,""character_coverage"":0.016667}]","","","PENDING",""
"I70-027083","black_groza_(girls'_frontline_2)","4","Character","74","groza?_(girls'_frontline_2),ots-14_(girls'_frontline_2)","groza? (girls' frontline 2) | ots-14 (girls' frontline 2)","","","OTs-14(ドールズフロントライン2)","","[{""copyright"":""girls'_frontline"",""co_posts"":62,""character_coverage"":1.0},{""copyright"":""girls'_frontline_2:_exilium"",""co_posts"":62,""character_coverage"":1.0},{""copyright"":""girls'_frontline_neural_cloud"",""co_posts"":1,""character_coverage"":0.016129}]","","","PENDING",""
"I70-027084","blueno","4","Character","74","","","","","","","[{""copyright"":""one_piece"",""co_posts"":66,""character_coverage"":1.0},{""copyright"":""one_piece_film:_red"",""co_posts"":5,""character_coverage"":0.075758},{""copyright"":""one_piece_card_game"",""co_posts"":2,""character_coverage"":0.030303},{""copyright"":""dragon_ball"",""co_posts"":1,""character_coverage"":0.015152},{""copyright"":""fruits_basket"",""co_posts"":1,""character_coverage"":0.015152}]","","","PENDING",""
"I70-027085","bonnie_(bunny_gif)","4","Character","74","","","","","ボニー（バニーGIF）","","[{""copyright"":""indie_virtual_youtuber"",""co_posts"":71,""character_coverage"":1.0},{""copyright"":""vshojo"",""co_posts"":4,""character_coverage"":0.056338},{""copyright"":""real_life"",""co_posts"":3,""character_coverage"":0.042254},{""copyright"":""cloud9"",""co_posts"":1,""character_coverage"":0.014085},{""copyright"":""cyberlive"",""co_posts"":1,""character_coverage"":0.014085}]","","","PENDING",""
"I70-027086","boogiepop_(character)","4","Character","74","","","","","ブギーポップ","","[{""copyright"":""boogiepop"",""co_posts"":70,""character_coverage"":1.0},{""copyright"":""kino_no_tabi"",""co_posts"":4,""character_coverage"":0.057143},{""copyright"":""pokemon"",""co_posts"":3,""character_coverage"":0.042857},{""copyright"":""spice_and_wolf"",""co_posts"":3,""character_coverage"":0.042857},{""copyright"":""sword_art_online"",""co_posts"":3,""character_coverage"":0.042857}]","","","PENDING",""
"I70-027087","br'er_fox_(disney)","4","Character","74","","","","","","","[{""copyright"":""song_of_the_south"",""co_posts"":74,""character_coverage"":1.0},{""copyright"":""disney"",""co_posts"":49,""character_coverage"":0.662162},{""copyright"":""robin_hood_(disney_movie)"",""co_posts"":38,""character_coverage"":0.513514},{""copyright"":""zootopia"",""co_posts"":21,""character_coverage"":0.283784},{""copyright"":""pinocchio_(disney_movie)"",""co_posts"":20,""character_coverage"":0.27027}]","","","PENDING",""
"I70-027088","brown_hair_girl_(nagioka)","4","Character","74","","","","","ブラウンヘアガール（ナギオカ）","","[{""copyright"":""original"",""co_posts"":74,""character_coverage"":1.0}]","","","PENDING",""
"I70-027089","casablanca_(azur_lane)","4","Character","74","","","","","カサブランカ(アズールレーン)","","[{""copyright"":""azur_lane"",""co_posts"":68,""character_coverage"":1.0},{""copyright"":""goddess_of_victory:_nikke"",""co_posts"":2,""character_coverage"":0.029412}]","","","PENDING",""
"I70-027090","catchouli_(hazuki_ruu)","4","Character","74","catchouli","catchouli","","","ニャチュリー","","[{""copyright"":""touhou"",""co_posts"":74,""character_coverage"":1.0},{""copyright"":""original"",""co_posts"":3,""character_coverage"":0.040541},{""copyright"":""niconico"",""co_posts"":1,""character_coverage"":0.013514}]","","","PENDING",""
"I70-027091","catherine_(sedai)","4","Character","74","","","","","","","[{""copyright"":""original"",""co_posts"":68,""character_coverage"":1.0},{""copyright"":""bocchi_the_rock!"",""co_posts"":2,""character_coverage"":0.029412},{""copyright"":""backrooms_(creepypasta)"",""co_posts"":1,""character_coverage"":0.014706},{""copyright"":""touhou"",""co_posts"":1,""character_coverage"":0.014706}]","","","PENDING",""
"I70-027092","celeste_(animal_crossing)","4","Character","74","","","","","フーコ","","[{""copyright"":""animal_crossing"",""co_posts"":69,""character_coverage"":1.0},{""copyright"":""animal_crossing:_new_horizons"",""co_posts"":15,""character_coverage"":0.217391},{""copyright"":""pokemon"",""co_posts"":5,""character_coverage"":0.072464},{""copyright"":""original"",""co_posts"":3,""character_coverage"":0.043478},{""copyright"":""fire_emblem"",""co_posts"":2,""character_coverage"":0.028986}]","","","PENDING",""
"I70-027093","celine_(teatime_garb)_(fire_emblem)","4","Character","74","","","","","","","[{""copyright"":""fire_emblem"",""co_posts"":62,""character_coverage"":1.0},{""copyright"":""fire_emblem_engage"",""co_posts"":62,""character_coverage"":1.0},{""copyright"":""fire_emblem:_three_houses"",""co_posts"":1,""character_coverage"":0.016129},{""copyright"":""fire_emblem_awakening"",""co_posts"":1,""character_coverage"":0.016129},{""copyright"":""fire_emblem_fates"",""co_posts"":1,""character_coverage"":0.016129}]","","","PENDING",""
"I70-027094","cenco","4","Character","74","","","","","センコ","","[{""copyright"":""cencoroll"",""co_posts"":73,""character_coverage"":1.0},{""copyright"":""bakemonogatari"",""co_posts"":2,""character_coverage"":0.027397},{""copyright"":""darker_than_black"",""co_posts"":2,""character_coverage"":0.027397},{""copyright"":""monogatari_(series)"",""co_posts"":2,""character_coverage"":0.027397},{""copyright"":""axis_powers_hetalia"",""co_posts"":1,""character_coverage"":0.013699}]","","","PENDING",""
"I70-027095","centi_(ocean_repair)_(nikke)","4","Character","74","","","","","センチ:オーシャンリペア","","[{""copyright"":""goddess_of_victory:_nikke"",""co_posts"":65,""character_coverage"":1.0}]","","","PENDING",""
"I70-027096","chara_soon","4","Character","74","","","","","キャラ・スーン","","[{""copyright"":""gundam"",""co_posts"":61,""character_coverage"":1.0},{""copyright"":""gundam_zz"",""co_posts"":60,""character_coverage"":0.983607},{""copyright"":""arasa_ol_haman-sama"",""co_posts"":9,""character_coverage"":0.147541},{""copyright"":""zeta_gundam"",""co_posts"":6,""character_coverage"":0.098361},{""copyright"":""gundam_gihren_no_yabou"",""co_posts"":3,""character_coverage"":0.04918}]","","","PENDING",""
"I70-027097","ciel_(bird/binary)","4","Character","74","","","","","シエル（鳥/バイナリ）","","[{""copyright"":""bird/binary"",""co_posts"":66,""character_coverage"":1.0},{""copyright"":""original"",""co_posts"":2,""character_coverage"":0.030303},{""copyright"":""transformers"",""co_posts"":1,""character_coverage"":0.015152}]","","","PENDING",""
"I70-027098","cinderella_(queen's_blade_grimoire)","4","Character","74","","","","","シンデレラ（クイーンズブレードグリモワール）","","[{""copyright"":""queen's_blade"",""co_posts"":71,""character_coverage"":1.0},{""copyright"":""queen's_blade_grimoire"",""co_posts"":71,""character_coverage"":1.0},{""copyright"":""queen's_blade_rebellion"",""co_posts"":1,""character_coverage"":0.014085},{""copyright"":""queen's_blade_unlimited"",""co_posts"":1,""character_coverage"":0.014085}]","","","PENDING",""
"I70-027099","cirucci_sanderwicci","4","Character","74","cirucci_thunderwitch","cirucci thunderwitch","","","チルッチ・サンダーウィッチ","","[{""copyright"":""bleach"",""co_posts"":62,""character_coverage"":1.0},{""copyright"":""bleach:_sennen_kessen-hen"",""co_posts"":9,""character_coverage"":0.145161},{""copyright"":""bleach:_epilogue"",""co_posts"":1,""character_coverage"":0.016129},{""copyright"":""bleach:_zanpakutou_ibun_hen"",""co_posts"":1,""character_coverage"":0.016129},{""copyright"":""girls'_generation"",""co_posts"":1,""character_coverage"":0.016129}]","","","PENDING",""
"I70-027100","connie_(mario)","4","Character","74","","","","","コネッタ","","[{""copyright"":""mario_&_luigi:_brothership"",""co_posts"":73,""character_coverage"":1.0},{""copyright"":""mario_&_luigi_rpg"",""co_posts"":73,""character_coverage"":1.0},{""copyright"":""mario_(series)"",""co_posts"":73,""character_coverage"":1.0},{""copyright"":""mario_&_luigi:_superstar_saga"",""co_posts"":8,""character_coverage"":0.109589},{""copyright"":""mario_&_luigi:_partners_in_time"",""co_posts"":6,""character_coverage"":0.082192}]","","","PENDING",""
"I70-027101","cowardly_lion","4","Character","74","","","","","臆病なライオン","","[{""copyright"":""the_wizard_of_oz"",""co_posts"":69,""character_coverage"":0.971831},{""copyright"":""original"",""co_posts"":7,""character_coverage"":0.098592},{""copyright"":""princess_royale"",""co_posts"":4,""character_coverage"":0.056338},{""copyright"":""alice's_adventures_in_wonderland"",""co_posts"":3,""character_coverage"":0.042254},{""copyright"":""little_red_riding_hood_(fairy_tale)"",""co_posts"":3,""character_coverage"":0.042254}]","","","PENDING",""
"I70-027102","cure_magical_(ruby_style)","4","Character","74","","","","","ルビースタイルマジカル","","[{""copyright"":""mahou_girls_precure!"",""co_posts"":71,""character_coverage"":1.0},{""copyright"":""precure"",""co_posts"":71,""character_coverage"":1.0},{""copyright"":""go!_princess_precure"",""co_posts"":2,""character_coverage"":0.028169},{""copyright"":""bishoujo_senshi_sailor_moon"",""co_posts"":1,""character_coverage"":0.014085},{""copyright"":""bishoujo_senshi_sailor_moon_r"",""co_posts"":1,""character_coverage"":0.014085}]","","","PENDING",""
"I70-027103","cyron_tanryoku","4","Character","74","","","","","Cyron Tanryoku","","[{""copyright"":""original"",""co_posts"":71,""character_coverage"":1.0},{""copyright"":""dragon_ball"",""co_posts"":1,""character_coverage"":0.014085},{""copyright"":""dragon_ball_z"",""co_posts"":1,""character_coverage"":0.014085},{""copyright"":""fearless_night"",""co_posts"":1,""character_coverage"":0.014085},{""copyright"":""mario_(series)"",""co_posts"":1,""character_coverage"":0.014085}]","","","PENDING",""
"I70-027104","debater_(16personalities)","4","Character","74","","","","","","","[{""copyright"":""16personalities"",""co_posts"":74,""character_coverage"":1.0},{""copyright"":""gorillaz"",""co_posts"":3,""character_coverage"":0.040541},{""copyright"":""demon_days_(gorillaz)"",""co_posts"":1,""character_coverage"":0.013514},{""copyright"":""original"",""co_posts"":1,""character_coverage"":0.013514}]","","","PENDING",""
"I70-027105","doomfist_(overwatch)","4","Character","74","akande_ogundimu","akande ogundimu","","","Doomfist（オーバーウォッチ）","","[{""copyright"":""overwatch"",""co_posts"":58,""character_coverage"":1.0},{""copyright"":""one-punch_man"",""co_posts"":3,""character_coverage"":0.051724},{""copyright"":""boku_no_hero_academia"",""co_posts"":1,""character_coverage"":0.017241},{""copyright"":""final_fantasy"",""co_posts"":1,""character_coverage"":0.017241},{""copyright"":""final_fantasy_vii"",""co_posts"":1,""character_coverage"":0.017241}]","","","PENDING",""
"I70-027106","dr._arinsu","4","Character","74","","","","","ドクター・アリンス","","[{""copyright"":""dragon_ball"",""co_posts"":62,""character_coverage"":1.0},{""copyright"":""dragon_ball_daima"",""co_posts"":62,""character_coverage"":1.0},{""copyright"":""dragon_ball_heroes"",""co_posts"":5,""character_coverage"":0.080645},{""copyright"":""dragon_ball_super"",""co_posts"":4,""character_coverage"":0.064516},{""copyright"":""dragon_ball_xenoverse"",""co_posts"":3,""character_coverage"":0.048387}]","","","PENDING",""
"I70-027107","dr._gero_(dragon_ball)","4","Character","74","","","","","ドクター・ゲロ","","[{""copyright"":""dragon_ball"",""co_posts"":61,""character_coverage"":1.0},{""copyright"":""dragon_ball_z"",""co_posts"":56,""character_coverage"":0.918033},{""copyright"":""dragon_ball_fighterz"",""co_posts"":23,""character_coverage"":0.377049},{""copyright"":""dragon_ball_super"",""co_posts"":10,""character_coverage"":0.163934},{""copyright"":""dragon_ball_(classic)"",""co_posts"":8,""character_coverage"":0.131148}]","","","PENDING",""
"I70-027108","eddie_(guilty_gear)","4","Character","74","","","","","エディ(ギルティギア)","","[{""copyright"":""guilty_gear"",""co_posts"":70,""character_coverage"":1.0},{""copyright"":""guilty_gear_strive"",""co_posts"":24,""character_coverage"":0.342857},{""copyright"":""guilty_gear_xrd"",""co_posts"":14,""character_coverage"":0.2},{""copyright"":""guilty_gear_xx"",""co_posts"":6,""character_coverage"":0.085714},{""copyright"":""touhou"",""co_posts"":6,""character_coverage"":0.085714}]","","","PENDING",""
"I70-027109","el_mofus","4","Character","74","","","","","エール・モフス","","[{""copyright"":""rance_(series)"",""co_posts"":67,""character_coverage"":1.0},{""copyright"":""rance_x"",""co_posts"":66,""character_coverage"":0.985075},{""copyright"":""rance_quest"",""co_posts"":2,""character_coverage"":0.029851}]","","","PENDING",""
"I70-027110","elia_stellaria","4","Character","74","","","","","","","[{""copyright"":""indie_virtual_youtuber"",""co_posts"":30,""character_coverage"":0.625},{""copyright"":""v-dere"",""co_posts"":19,""character_coverage"":0.395833},{""copyright"":""chromashift"",""co_posts"":1,""character_coverage"":0.020833},{""copyright"":""eien_project"",""co_posts"":1,""character_coverage"":0.020833},{""copyright"":""minecraft"",""co_posts"":1,""character_coverage"":0.020833}]","","","PENDING",""
"I70-027111","elysia_(summer_2024)_(honkai_impact)","4","Character","74","","","","","エリシア(2024水着)","","[{""copyright"":""honkai_(series)"",""co_posts"":66,""character_coverage"":1.0},{""copyright"":""honkai_impact_3rd"",""co_posts"":66,""character_coverage"":1.0},{""copyright"":""honkai:_star_rail"",""co_posts"":1,""character_coverage"":0.015152}]","","","PENDING",""
"I70-027112","emeraldas","4","Character","74","","","","","エメラルダス","","[{""copyright"":""harlock_saga"",""co_posts"":62,""character_coverage"":0.939394},{""copyright"":""queen_emeraldas"",""co_posts"":48,""character_coverage"":0.727273},{""copyright"":""ginga_tetsudou_999"",""co_posts"":28,""character_coverage"":0.424242},{""copyright"":""uchuu_kaizoku_captain_harlock"",""co_posts"":26,""character_coverage"":0.393939},{""copyright"":""girls_und_panzer"",""co_posts"":3,""character_coverage"":0.045455}]","","","PENDING",""
"I70-027113","erma_(girls'_frontline)","4","Character","74","","","","","エルマ(ドールズフロントライン)","","[{""copyright"":""girls'_frontline"",""co_posts"":68,""character_coverage"":1.0},{""copyright"":""girls'_frontline_2:_exilium"",""co_posts"":2,""character_coverage"":0.029412},{""copyright"":""girls'_frontline_neural_cloud"",""co_posts"":2,""character_coverage"":0.029412},{""copyright"":""metal_gear_(series)"",""co_posts"":2,""character_coverage"":0.029412},{""copyright"":""apple_inc."",""co_posts"":1,""character_coverage"":0.014706}]","","","PENDING",""
"I70-027114","ethan-baron_v._nusjuro","4","Character","74","","","","","イーザンバロン・V・ナス寿郎聖","","[{""copyright"":""one_piece"",""co_posts"":72,""character_coverage"":1.0},{""copyright"":""jubilee_2025"",""co_posts"":2,""character_coverage"":0.027778},{""copyright"":""manatsu_no_yo_no_inmu"",""co_posts"":2,""character_coverage"":0.027778},{""copyright"":""dragon_ball"",""co_posts"":1,""character_coverage"":0.013889},{""copyright"":""national_basketball_association"",""co_posts"":1,""character_coverage"":0.013889}]","","","PENDING",""
"I70-027115","ev3_(junkzero)","4","Character","74","ev3_(gomulgong)","ev3 (gomulgong)","","","","","[{""copyright"":""original"",""co_posts"":72,""character_coverage"":1.0},{""copyright"":""chainsaw_man"",""co_posts"":1,""character_coverage"":0.013889},{""copyright"":""cyberpunk:_edgerunners"",""co_posts"":1,""character_coverage"":0.013889},{""copyright"":""cyberpunk_(series)"",""co_posts"":1,""character_coverage"":0.013889},{""copyright"":""final_fantasy"",""co_posts"":1,""character_coverage"":0.013889}]","","","PENDING",""
"I70-027116","ficus_finis","4","Character","74","","","","","フィクス・フィニス","","[{""copyright"":""atelier_(series)"",""co_posts"":74,""character_coverage"":1.0},{""copyright"":""atelier_lulua"",""co_posts"":74,""character_coverage"":1.0}]","","","PENDING",""
"I70-027117","fire_kirby","4","Character","74","","","","","ファイアカービィ","","[{""copyright"":""kirby_(series)"",""co_posts"":67,""character_coverage"":1.0},{""copyright"":""kirby_and_the_forgotten_land"",""co_posts"":17,""character_coverage"":0.253731},{""copyright"":""kirby's_return_to_dream_land"",""co_posts"":10,""character_coverage"":0.149254},{""copyright"":""kirby_&_the_amazing_mirror"",""co_posts"":9,""character_coverage"":0.134328},{""copyright"":""kirby:_planet_robobot"",""co_posts"":8,""character_coverage"":0.119403}]","","","PENDING",""
"I70-027118","floof_(infinity_nikki)","4","Character","74","","","","","ケイトワンワン","","[{""copyright"":""infinity_nikki"",""co_posts"":71,""character_coverage"":1.0},{""copyright"":""nikki_(series)"",""co_posts"":71,""character_coverage"":1.0}]","","","PENDING",""
"I70-027119","follower_(yagisaka_seto)","4","Character","74","","","","","フォロワー（Yagisaka Seto）","","[{""copyright"":""original"",""co_posts"":71,""character_coverage"":1.0},{""copyright"":""final_fantasy"",""co_posts"":1,""character_coverage"":0.014085},{""copyright"":""final_fantasy_xi"",""co_posts"":1,""character_coverage"":0.014085}]","","","PENDING",""
"I70-027120","forte_(crystalplanet00)","4","Character","74","","","","","forte（crystalplanet00）","","[{""copyright"":""original"",""co_posts"":69,""character_coverage"":1.0},{""copyright"":""league_of_legends"",""co_posts"":6,""character_coverage"":0.086957},{""copyright"":""diablo_(series)"",""co_posts"":1,""character_coverage"":0.014493},{""copyright"":""final_fantasy"",""co_posts"":1,""character_coverage"":0.014493},{""copyright"":""final_fantasy_xiv"",""co_posts"":1,""character_coverage"":0.014493}]","","","PENDING",""
"I70-027121","four_arms_(ben_10)","4","Character","74","","","","","フォーアームズ","","[{""copyright"":""ben_10"",""co_posts"":57,""character_coverage"":1.0},{""copyright"":""ben_10:_omniverse"",""co_posts"":4,""character_coverage"":0.070175},{""copyright"":""ben_10:_ultimate_alien"",""co_posts"":4,""character_coverage"":0.070175},{""copyright"":""ben_10:_alien_force"",""co_posts"":3,""character_coverage"":0.052632},{""copyright"":""original"",""co_posts"":3,""character_coverage"":0.052632}]","","","PENDING",""
"I70-027122","foxhound_(azur_lane)","4","Character","74","","","","","フォックスハウンド(アズールレーン)","","[{""copyright"":""azur_lane"",""co_posts"":63,""character_coverage"":1.0},{""copyright"":""2channel"",""co_posts"":1,""character_coverage"":0.015873},{""copyright"":""metal_gear_(series)"",""co_posts"":1,""character_coverage"":0.015873},{""copyright"":""metal_gear_solid"",""co_posts"":1,""character_coverage"":0.015873},{""copyright"":""neptune_(series)"",""co_posts"":1,""character_coverage"":0.015873}]","","","PENDING",""
"I70-027123","francine_smith","4","Character","74","","","","","","","[{""copyright"":""american_dad!"",""co_posts"":31,""character_coverage"":0.96875},{""copyright"":""family_guy"",""co_posts"":1,""character_coverage"":0.03125},{""copyright"":""monsters_inc."",""co_posts"":1,""character_coverage"":0.03125},{""copyright"":""peanuts_(comic)"",""co_posts"":1,""character_coverage"":0.03125},{""copyright"":""scooby-doo_(series)"",""co_posts"":1,""character_coverage"":0.03125}]","","","PENDING",""
"I70-027124","frye_(splatoween)_(splatoon)","4","Character","74","","","","","","","[{""copyright"":""splatoon_(series)"",""co_posts"":74,""character_coverage"":1.0},{""copyright"":""splatoon_3"",""co_posts"":72,""character_coverage"":0.972973},{""copyright"":""the_legend_of_zelda"",""co_posts"":1,""character_coverage"":0.013514},{""copyright"":""the_legend_of_zelda:_echoes_of_wisdom"",""co_posts"":1,""character_coverage"":0.013514}]","","","PENDING",""
"I70-027125","fujiki_kouta","4","Character","74","","","","","フジキ・クタ","","[{""copyright"":""god_eater"",""co_posts"":68,""character_coverage"":1.0},{""copyright"":""god_eater_burst"",""co_posts"":45,""character_coverage"":0.661765},{""copyright"":""god_eater_2:_rage_burst"",""co_posts"":16,""character_coverage"":0.235294},{""copyright"":""jojo_no_kimyou_na_bouken"",""co_posts"":2,""character_coverage"":0.029412},{""copyright"":""idolmaster"",""co_posts"":1,""character_coverage"":0.014706}]","","","PENDING",""
"I70-027126","furukawa_uta_(yukimoto_shuuji_(gurigura))","4","Character","74","parakeet_girl_(yukimoto_shuuji_(gurigura))","parakeet girl (yukimoto shuuji (gurigura))","","","Parakeet Girl（Shuuji Yukimoji（Gurigura））","","[{""copyright"":""original"",""co_posts"":74,""character_coverage"":1.0}]","","","PENDING",""
"I70-027127","futami_shun","4","Character","74","","","","","二見瞬","","[{""copyright"":""cool_doji_danshi"",""co_posts"":74,""character_coverage"":1.0},{""copyright"":""pokemon"",""co_posts"":1,""character_coverage"":0.013514},{""copyright"":""real_life"",""co_posts"":1,""character_coverage"":0.013514}]","","","PENDING",""
"I70-027128","fuzuki_miki","4","Character","74","","","","","みきの宝箱","","[{""copyright"":""indie_virtual_youtuber"",""co_posts"":67,""character_coverage"":1.0},{""copyright"":""among_us"",""co_posts"":2,""character_coverage"":0.029851},{""copyright"":""nijisanji"",""co_posts"":2,""character_coverage"":0.029851},{""copyright"":"".live"",""co_posts"":1,""character_coverage"":0.014925},{""copyright"":""atelier_live"",""co_posts"":1,""character_coverage"":0.014925}]","","","PENDING",""
"I70-027129","galarian_darmanitan_(standard)","4","Character","74","","","","","ノーマルモード(ガラルヒヒダルマ)","","[{""copyright"":""pokemon"",""co_posts"":68,""character_coverage"":1.0},{""copyright"":""pokemon_sword_and_shield"",""co_posts"":23,""character_coverage"":0.338235},{""copyright"":""pokemon_masters_ex"",""co_posts"":10,""character_coverage"":0.147059},{""copyright"":""pokemon_diamond/pearl/platinum"",""co_posts"":5,""character_coverage"":0.073529},{""copyright"":""detective_pikachu_(series)"",""co_posts"":3,""character_coverage"":0.044118}]","","","PENDING",""
"I70-027130","garon_(fire_emblem)","4","Character","74","garon_(fire_emblem_if)","garon (fire emblem if)","","","ガロン(FE)","","[{""copyright"":""fire_emblem"",""co_posts"":73,""character_coverage"":1.0},{""copyright"":""fire_emblem_fates"",""co_posts"":73,""character_coverage"":1.0},{""copyright"":""fire_emblem_heroes"",""co_posts"":8,""character_coverage"":0.109589},{""copyright"":""fire_emblem_cipher"",""co_posts"":4,""character_coverage"":0.054795},{""copyright"":""pokemon"",""co_posts"":4,""character_coverage"":0.054795}]","","","PENDING",""
"I70-027131","ghost_(psg)","4","Character","74","","","","","ゴースト","","[{""copyright"":""panty_&_stocking_with_garterbelt"",""co_posts"":60,""character_coverage"":0.967742},{""copyright"":""touhou"",""co_posts"":5,""character_coverage"":0.080645},{""copyright"":""tengen_toppa_gurren_lagann"",""co_posts"":3,""character_coverage"":0.048387},{""copyright"":""back_to_the_future"",""co_posts"":1,""character_coverage"":0.016129},{""copyright"":""little_red_riding_hood_(fairy_tale)"",""co_posts"":1,""character_coverage"":0.016129}]","","","PENDING",""
"I70-027132","ginny_weasley","4","Character","74","","","","","ジニー・ウィーズリー","","[{""copyright"":""harry_potter_(series)"",""co_posts"":57,""character_coverage"":1.0},{""copyright"":""wizarding_world"",""co_posts"":57,""character_coverage"":1.0},{""copyright"":""harry_potter_and_the_cursed_child"",""co_posts"":3,""character_coverage"":0.052632},{""copyright"":""harry_potter_and_the_philosopher's_stone"",""co_posts"":2,""character_coverage"":0.035088},{""copyright"":""fate/grand_order"",""co_posts"":1,""character_coverage"":0.017544}]","","","PENDING",""
"I70-027133","grain_buds_(arknights)","4","Character","74","","","","","グレインバッズ(アークナイツ)","","[{""copyright"":""arknights"",""co_posts"":72,""character_coverage"":1.0},{""copyright"":""a_deer_of_nine_colors"",""co_posts"":3,""character_coverage"":0.041667},{""copyright"":""monster_hunter_(series)"",""co_posts"":2,""character_coverage"":0.027778},{""copyright"":""rainbow_six_siege"",""co_posts"":2,""character_coverage"":0.027778},{""copyright"":""the_legend_of_luo_xiaohei"",""co_posts"":2,""character_coverage"":0.027778}]","","","PENDING",""
"I70-027134","haruna_konomi","4","Character","74","","","","","春名このみ","","[{""copyright"":""magia_record:_mahou_shoujo_madoka_magica_gaiden"",""co_posts"":73,""character_coverage"":1.0},{""copyright"":""mahou_shoujo_madoka_magica"",""co_posts"":73,""character_coverage"":1.0},{""copyright"":""mahou_shoujo_madoka_magica:_hangyaku_no_monogatari"",""co_posts"":4,""character_coverage"":0.054795},{""copyright"":""mahou_shoujo_suzune_magica"",""co_posts"":4,""character_coverage"":0.054795},{""copyright"":""mahou_shoujo_tart_magica"",""co_posts"":4,""character_coverage"":0.054795}]","","","PENDING",""
"I70-027135","hayasaka_miura","4","Character","74","","","","","早坂みうら","","[{""copyright"":""yotsubato!"",""co_posts"":65,""character_coverage"":1.0},{""copyright"":""azumanga_daioh"",""co_posts"":5,""character_coverage"":0.076923},{""copyright"":""dragon_quest"",""co_posts"":2,""character_coverage"":0.030769},{""copyright"":""dragon_quest_iii"",""co_posts"":1,""character_coverage"":0.015385},{""copyright"":""monster_(manga)"",""co_posts"":1,""character_coverage"":0.015385}]","","","PENDING",""
"I70-027136","hayasui_(zuiun_festival)_(kancolle)","4","Character","74","","","","","速吸(瑞雲祭り)","","[{""copyright"":""kantai_collection"",""co_posts"":74,""character_coverage"":1.0},{""copyright"":""mcdonald's"",""co_posts"":1,""character_coverage"":0.013514},{""copyright"":""real_life"",""co_posts"":1,""character_coverage"":0.013514},{""copyright"":""suiyou_dou_de_shou"",""co_posts"":1,""character_coverage"":0.013514}]","","","PENDING",""
"I70-027137","heavyrain_(tranquil_moss)_(arknights)","4","Character","74","","","","","Heavyrain（静かな苔）（Arknights）","","[{""copyright"":""arknights"",""co_posts"":73,""character_coverage"":1.0}]","","","PENDING",""
"I70-027138","hero_(dq9)","4","Character","74","","","","","","","[{""copyright"":""dragon_quest"",""co_posts"":70,""character_coverage"":1.0},{""copyright"":""dragon_quest_ix"",""co_posts"":70,""character_coverage"":1.0},{""copyright"":""dragon_quest_vii"",""co_posts"":40,""character_coverage"":0.571429},{""copyright"":""dragon_quest_i"",""co_posts"":39,""character_coverage"":0.557143},{""copyright"":""dragon_quest_ii"",""co_posts"":39,""character_coverage"":0.557143}]","","","PENDING",""
"I70-027139","hishi_miracle_(casual)_(umamusume)","4","Character","74","","","","","","","[{""copyright"":""umamusume"",""co_posts"":74,""character_coverage"":1.0},{""copyright"":""coca-cola"",""co_posts"":1,""character_coverage"":0.013514},{""copyright"":""japan_racing_association"",""co_posts"":1,""character_coverage"":0.013514},{""copyright"":""mcdonald's"",""co_posts"":1,""character_coverage"":0.013514},{""copyright"":""real_life"",""co_posts"":1,""character_coverage"":0.013514}]","","","PENDING",""
"I70-027140","hoshimachi_suisei_(supernova)","4","Character","74","hoshimachi_suisei_(10th_costume)","hoshimachi suisei (10th costume)","","","","","[{""copyright"":""hololive"",""co_posts"":73,""character_coverage"":1.0},{""copyright"":""comiket_106"",""co_posts"":1,""character_coverage"":0.013699},{""copyright"":""original"",""co_posts"":1,""character_coverage"":0.013699},{""copyright"":""osu!"",""co_posts"":1,""character_coverage"":0.013699},{""copyright"":""vedal_ai"",""co_posts"":1,""character_coverage"":0.013699}]","","","PENDING",""
"I70-027141","hoshina_shuuji","4","Character","74","","","","","","","[{""copyright"":""sanoba_witch"",""co_posts"":53,""character_coverage"":1.0},{""copyright"":""yuzusoft"",""co_posts"":6,""character_coverage"":0.113208},{""copyright"":""cafe_stella_to_shinigami_no_chou"",""co_posts"":1,""character_coverage"":0.018868},{""copyright"":""ring_fit_adventure"",""co_posts"":1,""character_coverage"":0.018868},{""copyright"":""tenshi_souzou_re-boot!"",""co_posts"":1,""character_coverage"":0.018868}]","","","PENDING",""
"I70-027142","hourei_tenten","4","Character","74","","","","","鳳玲天々","","[{""copyright"":""indie_virtual_youtuber"",""co_posts"":47,""character_coverage"":0.652778},{""copyright"":""melty+"",""co_posts"":25,""character_coverage"":0.347222},{""copyright"":""hololive"",""co_posts"":1,""character_coverage"":0.013889},{""copyright"":""shoujo_rei_(vocaloid)"",""co_posts"":1,""character_coverage"":0.013889},{""copyright"":""uni_create"",""co_posts"":1,""character_coverage"":0.013889}]","","","PENDING",""
"I70-027143","houshou_marine_(holonatsu_paradise)","4","Character","74","","","","","","","[{""copyright"":""hololive"",""co_posts"":69,""character_coverage"":1.0},{""copyright"":""hololive_english"",""co_posts"":5,""character_coverage"":0.072464},{""copyright"":""hololive_dev_is"",""co_posts"":2,""character_coverage"":0.028986}]","","","PENDING",""
"I70-027144","hyuuga_(azur_lane)","4","Character","74","","","","","日向(アズールレーン)","","[{""copyright"":""azur_lane"",""co_posts"":68,""character_coverage"":0.985507},{""copyright"":""kantai_collection"",""co_posts"":5,""character_coverage"":0.072464},{""copyright"":""kirby_(series)"",""co_posts"":1,""character_coverage"":0.014493},{""copyright"":""sekiro:_shadows_die_twice"",""co_posts"":1,""character_coverage"":0.014493}]","","","PENDING",""
"I70-027145","ibara_muan","4","Character","74","","","","","茨むあん","","[{""copyright"":""indie_virtual_youtuber"",""co_posts"":71,""character_coverage"":0.986111},{""copyright"":""suzumiya_haruhi_no_yuuutsu"",""co_posts"":2,""character_coverage"":0.027778},{""copyright"":""original"",""co_posts"":1,""character_coverage"":0.013889},{""copyright"":""shukusei!!_loli-kami_requiem"",""co_posts"":1,""character_coverage"":0.013889}]","","","PENDING",""
"I70-027146","ice_god_(jimini_shijimi)","4","Character","74","","","","","氷神さん","","[]","","","PENDING",""
"I70-027147","ichikura_hayate","4","Character","74","","","","","一倉颯","","[{""copyright"":""cool_doji_danshi"",""co_posts"":74,""character_coverage"":1.0},{""copyright"":""pokemon"",""co_posts"":1,""character_coverage"":0.013514},{""copyright"":""real_life"",""co_posts"":1,""character_coverage"":0.013514}]","","","PENDING",""
"I70-027148","ichino_nanasuke","4","Character","74","","","","","一乃七助","","[{""copyright"":""inazuma_eleven_(series)"",""co_posts"":74,""character_coverage"":1.0},{""copyright"":""inazuma_eleven_go"",""co_posts"":73,""character_coverage"":0.986486},{""copyright"":""inazuma_eleven_go_chrono_stone"",""co_posts"":5,""character_coverage"":0.067568},{""copyright"":""inazuma_eleven"",""co_posts"":4,""character_coverage"":0.054054},{""copyright"":""inazuma_eleven_go_galaxy"",""co_posts"":3,""character_coverage"":0.040541}]","","","PENDING",""
"I70-027149","ichinose_kazuya","4","Character","74","erik_eagle","erik eagle","","","一之瀬一哉","","[{""copyright"":""inazuma_eleven_(series)"",""co_posts"":74,""character_coverage"":1.0},{""copyright"":""inazuma_eleven"",""co_posts"":68,""character_coverage"":0.918919},{""copyright"":""inazuma_eleven_go"",""co_posts"":12,""character_coverage"":0.162162},{""copyright"":""inazuma_eleven_go_galaxy"",""co_posts"":4,""character_coverage"":0.054054},{""copyright"":""inazuma_eleven_go_chrono_stone"",""co_posts"":2,""character_coverage"":0.027027}]","","","PENDING",""
"I70-027150","ikaruga_(rune_factory)","4","Character","74","","","","","イカルガ(ルーンファクトリー)","","[{""copyright"":""rune_factory"",""co_posts"":74,""character_coverage"":1.0},{""copyright"":""rune_factory:_guardians_of_azuma"",""co_posts"":74,""character_coverage"":1.0},{""copyright"":""rune_factory_4"",""co_posts"":1,""character_coverage"":0.013514}]","","","PENDING",""
"I70-027151","inugami_korone_(wonderland)","4","Character","74","inugami_korone_(6th_costume)","inugami korone (6th costume)","","","戌神ころね(アリス)","","[{""copyright"":""hololive"",""co_posts"":73,""character_coverage"":1.0},{""copyright"":""alice's_adventures_in_wonderland"",""co_posts"":2,""character_coverage"":0.027397},{""copyright"":""akira_(manga)"",""co_posts"":1,""character_coverage"":0.013699},{""copyright"":""hololive_english"",""co_posts"":1,""character_coverage"":0.013699}]","","","PENDING",""
"I70-027152","itami_youji","4","Character","74","","","","","伊丹耀司","","[{""copyright"":""gate_-_jieitai_ka_no_chi_nite_kaku_tatakaeri"",""co_posts"":62,""character_coverage"":1.0},{""copyright"":""civilization_(series)"",""co_posts"":1,""character_coverage"":0.016129},{""copyright"":""fate/grand_order"",""co_posts"":1,""character_coverage"":0.016129},{""copyright"":""fate_(series)"",""co_posts"":1,""character_coverage"":0.016129},{""copyright"":""strike_witches"",""co_posts"":1,""character_coverage"":0.016129}]","","","PENDING",""
"I70-027153","izumi_ken","4","Character","74","","","","","泉研","","[{""copyright"":""chargeman_ken!"",""co_posts"":61,""character_coverage"":1.0},{""copyright"":""touhou"",""co_posts"":4,""character_coverage"":0.065574},{""copyright"":""vocaloid"",""co_posts"":3,""character_coverage"":0.04918},{""copyright"":""gachimuchi"",""co_posts"":2,""character_coverage"":0.032787},{""copyright"":""gouketsuji_ichizoku"",""co_posts"":2,""character_coverage"":0.032787}]","","","PENDING",""
"I70-027154","izumiya_konomi","4","Character","74","","","","","泉谷このみ","","[{""copyright"":""indie_virtual_youtuber"",""co_posts"":72,""character_coverage"":0.986301},{""copyright"":""kantai_collection"",""co_posts"":2,""character_coverage"":0.027397},{""copyright"":""isekai_tensei_shite_v_ni_narimashita"",""co_posts"":1,""character_coverage"":0.013699},{""copyright"":""youtube"",""co_posts"":1,""character_coverage"":0.013699}]","","","PENDING",""
"I70-027155","jeice","4","Character","74","","","","","ジース","","[{""copyright"":""dragon_ball"",""co_posts"":66,""character_coverage"":1.0},{""copyright"":""dragon_ball_z"",""co_posts"":66,""character_coverage"":1.0},{""copyright"":""dragon_ball_(classic)"",""co_posts"":5,""character_coverage"":0.075758},{""copyright"":""dr._slump"",""co_posts"":3,""character_coverage"":0.045455},{""copyright"":""dragon_ball_fighterz"",""co_posts"":2,""character_coverage"":0.030303}]","","","PENDING",""
"I70-027156","jeritza_von_hrym","4","Character","74","","","","","Jeritza von Hrym","","[{""copyright"":""fire_emblem"",""co_posts"":70,""character_coverage"":1.0},{""copyright"":""fire_emblem:_three_houses"",""co_posts"":70,""character_coverage"":1.0},{""copyright"":""fire_emblem_warriors:_three_hopes"",""co_posts"":4,""character_coverage"":0.057143},{""copyright"":""fire_emblem:_fortune's_weave"",""co_posts"":3,""character_coverage"":0.042857},{""copyright"":""fire_emblem_fates"",""co_posts"":2,""character_coverage"":0.028571}]","","","PENDING",""
"I70-027157","jimmy_olsen","4","Character","74","","","","","ジミー・オルセン","","[{""copyright"":""dc_comics"",""co_posts"":59,""character_coverage"":1.0},{""copyright"":""superman_(series)"",""co_posts"":57,""character_coverage"":0.966102},{""copyright"":""my_adventures_with_superman"",""co_posts"":55,""character_coverage"":0.932203},{""copyright"":""batman_(series)"",""co_posts"":1,""character_coverage"":0.016949},{""copyright"":""dragon_ball"",""co_posts"":1,""character_coverage"":0.016949}]","","","PENDING",""
"I70-027158","jumbo_(yotsubato!)","4","Character","74","","","","","ジャンボ","","[{""copyright"":""yotsubato!"",""co_posts"":62,""character_coverage"":1.0},{""copyright"":""azumanga_daioh"",""co_posts"":6,""character_coverage"":0.096774},{""copyright"":""shingeki_no_kyojin"",""co_posts"":4,""character_coverage"":0.064516},{""copyright"":""toaru_majutsu_no_index"",""co_posts"":3,""character_coverage"":0.048387},{""copyright"":""touhou"",""co_posts"":2,""character_coverage"":0.032258}]","","","PENDING",""
"I70-027159","june_lin_milliam","4","Character","74","","","","","ジューンリンミリアム","","[{""copyright"":""star_gladiator"",""co_posts"":58,""character_coverage"":0.983051},{""copyright"":""justice_gakuen"",""co_posts"":27,""character_coverage"":0.457627},{""copyright"":""street_fighter"",""co_posts"":27,""character_coverage"":0.457627},{""copyright"":""capcom"",""co_posts"":22,""character_coverage"":0.372881},{""copyright"":""darkstalkers"",""co_posts"":21,""character_coverage"":0.355932}]","","","PENDING",""
"I70-027160","k9-17_izuna","4","Character","74","","","","","K9-17号イヅナ","","[{""copyright"":""yu-gi-oh!"",""co_posts"":69,""character_coverage"":1.0},{""copyright"":""yu-gi-oh!_master_duel"",""co_posts"":2,""character_coverage"":0.028986},{""copyright"":""liar's_bar"",""co_posts"":1,""character_coverage"":0.014493},{""copyright"":""touhou"",""co_posts"":1,""character_coverage"":0.014493},{""copyright"":""yu-gi-oh!_5d's"",""co_posts"":1,""character_coverage"":0.014493}]","","","PENDING",""
"I70-027161","kagari_kitsune","4","Character","74","","","","","篝狐","","[{""copyright"":""indie_virtual_youtuber"",""co_posts"":57,""character_coverage"":0.95},{""copyright"":""original"",""co_posts"":4,""character_coverage"":0.066667}]","","","PENDING",""
"I70-027162","kanan_(genjitsu_no_yohane)","4","Character","74","","","","","カナン(幻日のヨハネ)","","[{""copyright"":""genjitsu_no_yohane"",""co_posts"":72,""character_coverage"":1.0},{""copyright"":""love_live!"",""co_posts"":72,""character_coverage"":1.0},{""copyright"":""love_live!_sunshine!!"",""co_posts"":72,""character_coverage"":1.0},{""copyright"":""sunrise_(company)"",""co_posts"":2,""character_coverage"":0.027778},{""copyright"":""gundam"",""co_posts"":1,""character_coverage"":0.013889}]","","","PENDING",""
"I70-027163","kannagi_loki","4","Character","74","","","","","巫ロキ","","[{""copyright"":""phase_connect"",""co_posts"":59,""character_coverage"":1.0},{""copyright"":""alice's_adventures_in_wonderland"",""co_posts"":1,""character_coverage"":0.016949},{""copyright"":""danganronpa_(series)"",""co_posts"":1,""character_coverage"":0.016949},{""copyright"":""frankenstein"",""co_posts"":1,""character_coverage"":0.016949},{""copyright"":""little_red_riding_hood_(fairy_tale)"",""co_posts"":1,""character_coverage"":0.016949}]","","","PENDING",""
"I70-027164","karakida_hanto","4","Character","74","","","","","辛木田絆斗","","[{""copyright"":""kamen_rider"",""co_posts"":51,""character_coverage"":1.0},{""copyright"":""kamen_rider_gavv_(series)"",""co_posts"":51,""character_coverage"":1.0},{""copyright"":""bakuage_sentai_boonboomger"",""co_posts"":1,""character_coverage"":0.019608},{""copyright"":""kamen_rider_build_(series)"",""co_posts"":1,""character_coverage"":0.019608},{""copyright"":""kamen_rider_geats_(series)"",""co_posts"":1,""character_coverage"":0.019608}]","","","PENDING",""
"I70-027165","katsuki_mari","4","Character","74","","","","","勝生真利","","[{""copyright"":""yuri!!!_on_ice"",""co_posts"":74,""character_coverage"":1.0},{""copyright"":""kobayashi-san_chi_no_maidragon"",""co_posts"":2,""character_coverage"":0.027027},{""copyright"":""newtype"",""co_posts"":1,""character_coverage"":0.013514}]","","","PENDING",""
"I70-027166","kawahara_masashi","4","Character","74","","","","","","","[{""copyright"":""chaos;child"",""co_posts"":74,""character_coverage"":1.0},{""copyright"":""science_adventure"",""co_posts"":74,""character_coverage"":1.0},{""copyright"":""chaos;child_love_chu_chu!!"",""co_posts"":4,""character_coverage"":0.054054},{""copyright"":""steins;gate"",""co_posts"":1,""character_coverage"":0.013514}]","","","PENDING",""
"I70-027167","kikimora_(monster_girl_encyclopedia)","4","Character","74","","","","","キキモラ（モンスターガール百科事典）","","[{""copyright"":""monster_girl_encyclopedia"",""co_posts"":66,""character_coverage"":1.0},{""copyright"":""original"",""co_posts"":7,""character_coverage"":0.106061},{""copyright"":""kantai_collection"",""co_posts"":1,""character_coverage"":0.015152}]","","","PENDING",""
"I70-027168","kohaku_(rune_factory)","4","Character","74","amber_(rune_factory)","amber (rune factory)","","","コハク","","[{""copyright"":""rune_factory"",""co_posts"":70,""character_coverage"":1.0},{""copyright"":""rune_factory_4"",""co_posts"":70,""character_coverage"":1.0},{""copyright"":""pokemon"",""co_posts"":1,""character_coverage"":0.014286},{""copyright"":""pokemon_scarlet_and_violet"",""co_posts"":1,""character_coverage"":0.014286}]","","","PENDING",""
"I70-027169","koubu","4","Character","74","","","","","光武","","[{""copyright"":""sakura_taisen"",""co_posts"":72,""character_coverage"":1.0},{""copyright"":""sakura_taisen_iii"",""co_posts"":18,""character_coverage"":0.25},{""copyright"":""sega"",""co_posts"":9,""character_coverage"":0.125},{""copyright"":""gundam"",""co_posts"":8,""character_coverage"":0.111111},{""copyright"":""super_robot_wars"",""co_posts"":7,""character_coverage"":0.097222}]","","","PENDING",""
"I70-027170","koubuin_yuuhi","4","Character","74","","","","","煌武院悠陽","","[{""copyright"":""muv-luv"",""co_posts"":73,""character_coverage"":1.0},{""copyright"":""muv-luv_alternative"",""co_posts"":24,""character_coverage"":0.328767},{""copyright"":""muv-luv_unlimited:_the_day_after"",""co_posts"":3,""character_coverage"":0.041096},{""copyright"":""muv-luv_alternative_(anime)"",""co_posts"":2,""character_coverage"":0.027397},{""copyright"":""taimanin_(series)"",""co_posts"":2,""character_coverage"":0.027397}]","","","PENDING",""
"I70-027171","kuma_(tekken)","4","Character","74","","","","","","","[{""copyright"":""tekken"",""co_posts"":66,""character_coverage"":1.0},{""copyright"":""tekken_8"",""co_posts"":27,""character_coverage"":0.409091},{""copyright"":""tekken_7"",""co_posts"":9,""character_coverage"":0.136364},{""copyright"":""namco"",""co_posts"":5,""character_coverage"":0.075758},{""copyright"":""tekken_4"",""co_posts"":5,""character_coverage"":0.075758}]","","","PENDING",""
"I70-027172","kurihara_mari_(prison_school)","4","Character","74","","","","","栗原万里","","[{""copyright"":""prison_school"",""co_posts"":62,""character_coverage"":1.0},{""copyright"":""aldnoah.zero"",""co_posts"":1,""character_coverage"":0.016129},{""copyright"":""charlotte_(anime)"",""co_posts"":1,""character_coverage"":0.016129},{""copyright"":""death_parade"",""co_posts"":1,""character_coverage"":0.016129},{""copyright"":""dungeon_ni_deai_wo_motomeru_no_wa_machigatteiru_darou_ka"",""co_posts"":1,""character_coverage"":0.016129}]","","","PENDING",""
"I70-027173","kuune_(asobi_ni_iku_yo!)","4","Character","74","","","","","","","[]","","","PENDING",""
"I70-027174","lady_in_azure","4","Character","74","shadow_milk_cookie_(female)","shadow milk cookie (female)","","","","","[{""copyright"":""cookie_run"",""co_posts"":65,""character_coverage"":1.0},{""copyright"":""cookie_run:_kingdom"",""co_posts"":64,""character_coverage"":0.984615}]","","","PENDING",""
"I70-027175","laguna_(granblue_fantasy)","4","Character","74","","","","","ラグナ(グラブル)","","[{""copyright"":""granblue_fantasy"",""co_posts"":72,""character_coverage"":1.0},{""copyright"":""shingeki_no_bahamut"",""co_posts"":23,""character_coverage"":0.319444},{""copyright"":""cygames"",""co_posts"":1,""character_coverage"":0.013889},{""copyright"":""manaria_friends"",""co_posts"":1,""character_coverage"":0.013889}]","","","PENDING",""
"I70-027176","lanino_(deltarune)","4","Character","74","","","","","","","[{""copyright"":""deltarune"",""co_posts"":64,""character_coverage"":1.0},{""copyright"":""utdr_(toby_fox)"",""co_posts"":64,""character_coverage"":1.0},{""copyright"":""fuwa_fuwa_cinnamoroll"",""co_posts"":1,""character_coverage"":0.015625},{""copyright"":""limbus_company"",""co_posts"":1,""character_coverage"":0.015625},{""copyright"":""little_red_riding_hood_(fairy_tale)"",""co_posts"":1,""character_coverage"":0.015625}]","","","PENDING",""
"I70-027177","lee_rein","4","Character","74","","","","","","","[{""copyright"":""vlyz"",""co_posts"":72,""character_coverage"":1.0},{""copyright"":""disneyland"",""co_posts"":1,""character_coverage"":0.013889},{""copyright"":""shuumatsu_no_valkyrie"",""co_posts"":1,""character_coverage"":0.013889}]","","","PENDING",""
"I70-027178","leon_(idolmaster)","4","Character","74","","","","","玲音(アイドルマスター)","","[{""copyright"":""idolmaster"",""co_posts"":70,""character_coverage"":1.0},{""copyright"":""idolmaster_(classic)"",""co_posts"":70,""character_coverage"":1.0},{""copyright"":""idolmaster_one_for_all"",""co_posts"":70,""character_coverage"":1.0},{""copyright"":""idolmaster_stella_stage"",""co_posts"":17,""character_coverage"":0.242857},{""copyright"":""idolmaster_million_live!"",""co_posts"":12,""character_coverage"":0.171429}]","","","PENDING",""
"I70-027179","leona_(granblue_fantasy)","4","Character","74","","","","","レオナ","","[{""copyright"":""granblue_fantasy"",""co_posts"":69,""character_coverage"":1.0},{""copyright"":""shingeki_no_bahamut"",""co_posts"":2,""character_coverage"":0.028986},{""copyright"":""cygames"",""co_posts"":1,""character_coverage"":0.014493},{""copyright"":""fate/grand_order"",""co_posts"":1,""character_coverage"":0.014493},{""copyright"":""fate_(series)"",""co_posts"":1,""character_coverage"":0.014493}]","","","PENDING",""
"I70-027180","lily_artemis_ii_(stellar_blade)","4","Character","74","","","","","リリー・アルテミスII世","","[{""copyright"":""stellar_blade"",""co_posts"":71,""character_coverage"":1.0},{""copyright"":""goddess_of_victory:_nikke"",""co_posts"":23,""character_coverage"":0.323944},{""copyright"":""shift_up"",""co_posts"":19,""character_coverage"":0.267606},{""copyright"":""akira_(manga)"",""co_posts"":1,""character_coverage"":0.014085},{""copyright"":""astro_bot_(series)"",""co_posts"":1,""character_coverage"":0.014085}]","","","PENDING",""
"I70-027181","lily_evans","4","Character","74","","","","","リリー・ポッター","","[{""copyright"":""harry_potter_(series)"",""co_posts"":66,""character_coverage"":1.0},{""copyright"":""wizarding_world"",""co_posts"":66,""character_coverage"":1.0},{""copyright"":""harry_potter_and_the_philosopher's_stone"",""co_posts"":4,""character_coverage"":0.060606},{""copyright"":""harry_potter_and_the_cursed_child"",""co_posts"":1,""character_coverage"":0.015152},{""copyright"":""just_be_friends_(vocaloid)"",""co_posts"":1,""character_coverage"":0.015152}]","","","PENDING",""
"I70-027182","lionel_messi","4","Character","74","","","","","リオネル・メッシ","","[{""copyright"":""world_cup"",""co_posts"":27,""character_coverage"":0.5625},{""copyright"":""2022_fifa_world_cup"",""co_posts"":22,""character_coverage"":0.458333},{""copyright"":""asociacion_del_futbol_argentino"",""co_posts"":14,""character_coverage"":0.291667},{""copyright"":""real_life"",""co_posts"":10,""character_coverage"":0.208333},{""copyright"":""chainsaw_man"",""co_posts"":6,""character_coverage"":0.125}]","","","PENDING",""
"I70-027183","littorio_(swimsuit)_(kancolle)","4","Character","74","italia_(swimsuit_mode)_(kancolle)","italia (swimsuit mode) (kancolle)","","","リットリオ(水着)","","[{""copyright"":""kantai_collection"",""co_posts"":71,""character_coverage"":1.0},{""copyright"":""fate/grand_order"",""co_posts"":3,""character_coverage"":0.042254},{""copyright"":""fate_(series)"",""co_posts"":3,""character_coverage"":0.042254},{""copyright"":""animal_crossing"",""co_posts"":2,""character_coverage"":0.028169},{""copyright"":""animal_crossing:_new_horizons"",""co_posts"":2,""character_coverage"":0.028169}]","","","PENDING",""
"I70-027184","maga-reimu","4","Character","74","","","","","禍・霊夢","","[{""copyright"":""touhou"",""co_posts"":74,""character_coverage"":1.0},{""copyright"":""m.u.g.e.n"",""co_posts"":71,""character_coverage"":0.959459},{""copyright"":""original"",""co_posts"":2,""character_coverage"":0.027027},{""copyright"":""antinomy_of_common_flowers"",""co_posts"":1,""character_coverage"":0.013514},{""copyright"":""curiosities_of_lotus_asia"",""co_posts"":1,""character_coverage"":0.013514}]","","","PENDING",""
"I70-027185","maid-chou_(maoyuu)","4","Character","74","headmaid_(maoyuu)","headmaid (maoyuu)","","","メイド長","","[{""copyright"":""maoyuu_maou_yuusha"",""co_posts"":65,""character_coverage"":0.984848},{""copyright"":""newtype"",""co_posts"":2,""character_coverage"":0.030303},{""copyright"":""dengeki_g's"",""co_posts"":1,""character_coverage"":0.015152},{""copyright"":""doraemon"",""co_posts"":1,""character_coverage"":0.015152},{""copyright"":""original"",""co_posts"":1,""character_coverage"":0.015152}]","","","PENDING",""
"I70-027186","maika_(vocaloid)","4","Character","74","","","","","","","[{""copyright"":""vocaloid"",""co_posts"":68,""character_coverage"":1.0},{""copyright"":""vsinger_(vocaloid)"",""co_posts"":5,""character_coverage"":0.073529},{""copyright"":""voiceroid"",""co_posts"":3,""character_coverage"":0.044118},{""copyright"":""macne_series"",""co_posts"":2,""character_coverage"":0.029412},{""copyright"":""apple_inc."",""co_posts"":1,""character_coverage"":0.014706}]","","","PENDING",""
"I70-027187","maille-breze_(azur_lane)","4","Character","74","","","","","マイレ・ブレゼ(アズールレーン)","","[{""copyright"":""azur_lane"",""co_posts"":72,""character_coverage"":1.0},{""copyright"":""the_shining"",""co_posts"":3,""character_coverage"":0.041667},{""copyright"":""silent_hill_(series)"",""co_posts"":2,""character_coverage"":0.027778},{""copyright"":""silent_hill_2"",""co_posts"":2,""character_coverage"":0.027778},{""copyright"":""the_legend_of_zelda"",""co_posts"":2,""character_coverage"":0.027778}]","","","PENDING",""
"I70-027188","manaka_(sumiyao)","4","Character","74","","","","","Manaka（Sumiyao）","","[{""copyright"":""original"",""co_posts"":74,""character_coverage"":1.0}]","","","PENDING",""
"I70-027189","maria_tr","4","Character","74","","","","","マリアtr","","[{""copyright"":""dungeon_and_fighter"",""co_posts"":68,""character_coverage"":1.0},{""copyright"":""original"",""co_posts"":4,""character_coverage"":0.058824},{""copyright"":""brown_dust"",""co_posts"":1,""character_coverage"":0.014706},{""copyright"":""brown_dust_(series)"",""co_posts"":1,""character_coverage"":0.014706}]","","","PENDING",""
"I70-027190","marikawa_kumi","4","Character","74","","","","","毬川紅美","","[{""copyright"":""school_star_dream!"",""co_posts"":74,""character_coverage"":1.0},{""copyright"":""dengeki_moeoh"",""co_posts"":1,""character_coverage"":0.013514}]","","","PENDING",""
"I70-027191","matsubara_honoka","4","Character","74","","","","","松原穂乃花","","[{""copyright"":""kin-iro_mosaic"",""co_posts"":68,""character_coverage"":1.0},{""copyright"":""megami_magazine"",""co_posts"":2,""character_coverage"":0.029412},{""copyright"":""gochuumon_wa_usagi_desu_ka?"",""co_posts"":1,""character_coverage"":0.014706},{""copyright"":""hasbro"",""co_posts"":1,""character_coverage"":0.014706},{""copyright"":""kirara_fantasia"",""co_posts"":1,""character_coverage"":0.014706}]","","","PENDING",""
"I70-027192","mayo_(trickcal)","4","Character","74","","","","","マヨ(トリッカル)","","[{""copyright"":""trickcal"",""co_posts"":43,""character_coverage"":1.0},{""copyright"":""bakemonogatari"",""co_posts"":1,""character_coverage"":0.023256},{""copyright"":""blue_archive"",""co_posts"":1,""character_coverage"":0.023256},{""copyright"":""death_stranding"",""co_posts"":1,""character_coverage"":0.023256},{""copyright"":""gakuen_idolmaster"",""co_posts"":1,""character_coverage"":0.023256}]","","","PENDING",""
"I70-027193","merric_(fire_emblem)","4","Character","74","marich","marich","","","マリク","","[{""copyright"":""fire_emblem"",""co_posts"":66,""character_coverage"":1.0},{""copyright"":""fire_emblem:_mystery_of_the_emblem"",""co_posts"":63,""character_coverage"":0.954545},{""copyright"":""fire_emblem_heroes"",""co_posts"":31,""character_coverage"":0.469697},{""copyright"":""fire_emblem:_new_mystery_of_the_emblem"",""co_posts"":7,""character_coverage"":0.106061},{""copyright"":""fire_emblem:_shadow_dragon"",""co_posts"":7,""character_coverage"":0.106061}]","","","PENDING",""
"I70-027194","mighty_strike_freedom_gundam","4","Character","74","","","","","マイティーストライクフリーダムガンダム","","[{""copyright"":""gundam"",""co_posts"":73,""character_coverage"":1.0},{""copyright"":""gundam_seed"",""co_posts"":73,""character_coverage"":1.0},{""copyright"":""gundam_seed_freedom"",""co_posts"":73,""character_coverage"":1.0},{""copyright"":""gundam_seed_destiny"",""co_posts"":6,""character_coverage"":0.082192},{""copyright"":""gundam_arsenal_base"",""co_posts"":5,""character_coverage"":0.068493}]","","","PENDING",""
"I70-027195","mii_(popotan)","4","Character","74","","","","","Mii（Popotan）","","[{""copyright"":""popotan"",""co_posts"":61,""character_coverage"":1.0},{""copyright"":""megami_magazine"",""co_posts"":6,""character_coverage"":0.098361},{""copyright"":""lucky_star"",""co_posts"":3,""character_coverage"":0.04918},{""copyright"":""mahou_shoujo_madoka_magica"",""co_posts"":3,""character_coverage"":0.04918},{""copyright"":""4chan"",""co_posts"":2,""character_coverage"":0.032787}]","","","PENDING",""
"I70-027196","mika_(veyonis)","4","Character","74","","","","","","","[{""copyright"":""original"",""co_posts"":73,""character_coverage"":1.0},{""copyright"":""hello_kitty"",""co_posts"":5,""character_coverage"":0.068493},{""copyright"":""sanrio"",""co_posts"":5,""character_coverage"":0.068493},{""copyright"":""better_call_saul"",""co_posts"":2,""character_coverage"":0.027397},{""copyright"":""breaking_bad"",""co_posts"":2,""character_coverage"":0.027397}]","","","PENDING",""
"I70-027197","mikuri_ayame","4","Character","74","","","","","三栗あやめ","","[{""copyright"":""magia_record:_mahou_shoujo_madoka_magica_gaiden"",""co_posts"":71,""character_coverage"":1.0},{""copyright"":""mahou_shoujo_madoka_magica"",""co_posts"":71,""character_coverage"":1.0},{""copyright"":""mahou_shoujo_madoka_magica_magia_exedra"",""co_posts"":8,""character_coverage"":0.112676},{""copyright"":""mahou_shoujo_kazumi_magica"",""co_posts"":6,""character_coverage"":0.084507},{""copyright"":""mahou_shoujo_oriko_magica"",""co_posts"":6,""character_coverage"":0.084507}]","","","PENDING",""
"I70-027198","mimi_(paper_mario)","4","Character","74","manera","manera","","","マネーラ","","[{""copyright"":""mario_(series)"",""co_posts"":63,""character_coverage"":1.0},{""copyright"":""paper_mario_(series)"",""co_posts"":63,""character_coverage"":1.0},{""copyright"":""super_paper_mario"",""co_posts"":63,""character_coverage"":1.0},{""copyright"":""paper_mario:_the_thousand-year_door"",""co_posts"":11,""character_coverage"":0.174603},{""copyright"":""paper_mario_64"",""co_posts"":9,""character_coverage"":0.142857}]","","","PENDING",""
"I70-027199","ming_yi","4","Character","74","","","","","明仪","","[{""copyright"":""heaven_official's_blessing"",""co_posts"":74,""character_coverage"":1.0}]","","","PENDING",""
"I70-027200","miranda_lotto","4","Character","74","","","","","ミランダ・ロットー","","[{""copyright"":""d.gray-man"",""co_posts"":62,""character_coverage"":1.0},{""copyright"":""durarara!!"",""co_posts"":1,""character_coverage"":0.016129}]","","","PENDING",""
"I70-027201","miss_siamour","4","Character","74","","","","","ミス・シャムール","","[{""copyright"":""go!_princess_precure"",""co_posts"":66,""character_coverage"":1.0},{""copyright"":""precure"",""co_posts"":66,""character_coverage"":1.0},{""copyright"":""suite_precure"",""co_posts"":9,""character_coverage"":0.136364},{""copyright"":""dokidoki!_precure"",""co_posts"":7,""character_coverage"":0.106061},{""copyright"":""healin'_good_precure"",""co_posts"":5,""character_coverage"":0.075758}]","","","PENDING",""
"I70-027202","mist_dragon","4","Character","74","","","","","ミストドラゴン","","[{""copyright"":""final_fantasy"",""co_posts"":68,""character_coverage"":1.0},{""copyright"":""final_fantasy_iv"",""co_posts"":68,""character_coverage"":1.0},{""copyright"":""final_fantasy_iv:_the_after_years"",""co_posts"":7,""character_coverage"":0.102941},{""copyright"":""dragon_quest"",""co_posts"":2,""character_coverage"":0.029412},{""copyright"":""final_fantasy_ix"",""co_posts"":2,""character_coverage"":0.029412}]","","","PENDING",""
"I70-027203","miura_daisenpai","4","Character","74","","","","","そうだよ(便乗)","","[{""copyright"":""manatsu_no_yo_no_inmu"",""co_posts"":70,""character_coverage"":1.0},{""copyright"":""cookie_(touhou)"",""co_posts"":58,""character_coverage"":0.828571},{""copyright"":""touhou"",""co_posts"":58,""character_coverage"":0.828571},{""copyright"":""pokemon"",""co_posts"":9,""character_coverage"":0.128571},{""copyright"":""niconico"",""co_posts"":6,""character_coverage"":0.085714}]","","","PENDING",""
"I70-027204","mizuki_saori","4","Character","74","","","","","観月さおり","","[{""copyright"":""hajimete_no_orusuban"",""co_posts"":62,""character_coverage"":0.984127},{""copyright"":""nanami_to_konomi_no_oshiete_abc"",""co_posts"":19,""character_coverage"":0.301587},{""copyright"":""hajimete_no_oisha-san"",""co_posts"":7,""character_coverage"":0.111111},{""copyright"":""suigetsu"",""co_posts"":2,""character_coverage"":0.031746},{""copyright"":""utawarerumono_(series)"",""co_posts"":2,""character_coverage"":0.031746}]","","","PENDING",""
"I70-027205","mizuno_kaede","4","Character","74","","","","","水野楓","","[{""copyright"":""nyan_koi!"",""co_posts"":62,""character_coverage"":1.0},{""copyright"":""megami_magazine"",""co_posts"":3,""character_coverage"":0.048387},{""copyright"":""newtype"",""co_posts"":1,""character_coverage"":0.016129},{""copyright"":""nyantype"",""co_posts"":1,""character_coverage"":0.016129}]","","","PENDING",""
"I70-027206","more_more_jump!_len","4","Character","74","","","","","","","[{""copyright"":""project_sekai"",""co_posts"":72,""character_coverage"":1.0},{""copyright"":""vocaloid"",""co_posts"":72,""character_coverage"":1.0},{""copyright"":""sega"",""co_posts"":1,""character_coverage"":0.013889}]","","","PENDING",""
"I70-027207","mostima_(sports)_(arknights)","4","Character","74","","","","","","","[{""copyright"":""arknights"",""co_posts"":70,""character_coverage"":1.0}]","","","PENDING",""
"I70-027208","mother_superior_(diva)","4","Character","74","","","","","マザースーペリア（歌姫）","","[{""copyright"":""little_nuns_(diva)"",""co_posts"":73,""character_coverage"":1.0},{""copyright"":""ordo_mediare_sisters_(ironlily)"",""co_posts"":1,""character_coverage"":0.013699}]","","","PENDING",""
"I70-027209","motomiya_nagisa","4","Character","74","","","","","本宮凪沙","","[{""copyright"":""akb0048"",""co_posts"":72,""character_coverage"":1.0},{""copyright"":""aikatsu!"",""co_posts"":2,""character_coverage"":0.027778},{""copyright"":""aikatsu!_(series)"",""co_posts"":2,""character_coverage"":0.027778},{""copyright"":""aikatsu_stars!"",""co_posts"":2,""character_coverage"":0.027778},{""copyright"":""b-project"",""co_posts"":2,""character_coverage"":0.027778}]","","","PENDING",""
"I70-027210","muimi_(princess_connect!)","4","Character","74","","","","","ムイミ","","[{""copyright"":""princess_connect!"",""co_posts"":73,""character_coverage"":1.0},{""copyright"":""cygames"",""co_posts"":6,""character_coverage"":0.082192},{""copyright"":""shadowverse"",""co_posts"":1,""character_coverage"":0.013699},{""copyright"":""super_smash_bros."",""co_posts"":1,""character_coverage"":0.013699}]","","","PENDING",""
"I70-027211","munakata_isaomi","4","Character","74","","","","","ムナカタ・イサオミ","","[{""copyright"":""original"",""co_posts"":74,""character_coverage"":1.0}]","","","PENDING",""
"I70-027212","murano_sayaka_(swimsuit)","4","Character","74","","","","","","","[{""copyright"":""love_live!"",""co_posts"":71,""character_coverage"":1.0},{""copyright"":""love_live!_hasu_no_sora_jogakuin_school_idol_club"",""co_posts"":71,""character_coverage"":1.0},{""copyright"":""comiket_108"",""co_posts"":1,""character_coverage"":0.014085},{""copyright"":""ladybug_(love_live!)"",""co_posts"":1,""character_coverage"":0.014085},{""copyright"":""natsumeki_pain"",""co_posts"":1,""character_coverage"":0.014085}]","","","PENDING",""
"I70-027213","musashibou_benkei_(ikkitousen)","4","Character","74","","","","","武蔵坊弁慶","","[{""copyright"":""ikkitousen"",""co_posts"":58,""character_coverage"":1.0},{""copyright"":""ikkitousen_extra_burst"",""co_posts"":28,""character_coverage"":0.482759},{""copyright"":""hyakka_ryouran_samurai_girls"",""co_posts"":1,""character_coverage"":0.017241},{""copyright"":""megami_magazine"",""co_posts"":1,""character_coverage"":0.017241}]","","","PENDING",""
"I70-027214","nachi_(senran_kagura)","4","Character","74","","","","","那智(閃乱カグラ)","","[{""copyright"":""senran_kagura"",""co_posts"":71,""character_coverage"":1.0},{""copyright"":""senran_kagura_new_wave"",""co_posts"":63,""character_coverage"":0.887324},{""copyright"":""senran_kagura_new_link"",""co_posts"":18,""character_coverage"":0.253521}]","","","PENDING",""
"I70-027215","naishi-chan","4","Character","74","","","","","ないしちゃん","","[{""copyright"":""original"",""co_posts"":74,""character_coverage"":1.0},{""copyright"":""fuwa_fuwa_cinnamoroll"",""co_posts"":1,""character_coverage"":0.013514},{""copyright"":""sanrio"",""co_posts"":1,""character_coverage"":0.013514}]","","","PENDING",""
"I70-027216","nakamura_kana","4","Character","74","","","","","中村かな","","[{""copyright"":""nichijou"",""co_posts"":69,""character_coverage"":1.0},{""copyright"":""tenga"",""co_posts"":2,""character_coverage"":0.028986},{""copyright"":""bilibili"",""co_posts"":1,""character_coverage"":0.014493},{""copyright"":""city_(arawi_keiichi)"",""co_posts"":1,""character_coverage"":0.014493},{""copyright"":""joshi_kousei_no_mudazukai"",""co_posts"":1,""character_coverage"":0.014493}]","","","PENDING",""
"I70-027217","nanako_(houkago_no_pleiades)","4","Character","74","","","","","ななこ(放課後のプレアデス)","","[{""copyright"":""houkago_no_pleiades"",""co_posts"":73,""character_coverage"":1.0},{""copyright"":""megami_magazine"",""co_posts"":3,""character_coverage"":0.041096},{""copyright"":""k-on!"",""co_posts"":2,""character_coverage"":0.027397},{""copyright"":""gainax"",""co_posts"":1,""character_coverage"":0.013699},{""copyright"":""nyantype"",""co_posts"":1,""character_coverage"":0.013699}]","","","PENDING",""
"I70-027218","nehan_(granblue_fantasy)","4","Character","74","","","","","ネハン(グラブル)","","[{""copyright"":""granblue_fantasy"",""co_posts"":72,""character_coverage"":1.0},{""copyright"":""cygames"",""co_posts"":1,""character_coverage"":0.013889},{""copyright"":""shingeki_no_bahamut"",""co_posts"":1,""character_coverage"":0.013889}]","","","PENDING",""
"I70-027219","nekoyashiki_miku","4","Character","74","","","","","ねこやしきみく","","[{""copyright"":""nijisanji"",""co_posts"":57,""character_coverage"":1.0}]","","","PENDING",""
"I70-027220","neon_katt","4","Character","74","","","","","ネオンカット","","[{""copyright"":""rwby"",""co_posts"":66,""character_coverage"":1.0},{""copyright"":""hibike!_euphonium"",""co_posts"":2,""character_coverage"":0.030303},{""copyright"":""lol_comics"",""co_posts"":2,""character_coverage"":0.030303},{""copyright"":""kemono_friends"",""co_posts"":1,""character_coverage"":0.015152},{""copyright"":""kiznaiver"",""co_posts"":1,""character_coverage"":0.015152}]","","","PENDING",""
"I70-027221","ninomiya_masataka","4","Character","74","","","","","二宮匡貴","","[{""copyright"":""world_trigger"",""co_posts"":74,""character_coverage"":1.0},{""copyright"":""instagram"",""co_posts"":1,""character_coverage"":0.013514},{""copyright"":""nier:automata"",""co_posts"":1,""character_coverage"":0.013514},{""copyright"":""nier_(series)"",""co_posts"":1,""character_coverage"":0.013514},{""copyright"":""psycho-pass"",""co_posts"":1,""character_coverage"":0.013514}]","","","PENDING",""
"I70-027222","nitta_isamu","4","Character","74","","","","","新田勇","","[{""copyright"":""shin_megami_tensei"",""co_posts"":70,""character_coverage"":1.0},{""copyright"":""shin_megami_tensei_iii:_nocturne"",""co_posts"":70,""character_coverage"":1.0},{""copyright"":""devil_summoner_(series)"",""co_posts"":2,""character_coverage"":0.028571},{""copyright"":""persona"",""co_posts"":2,""character_coverage"":0.028571},{""copyright"":""persona_2"",""co_posts"":2,""character_coverage"":0.028571}]","","","PENDING",""
"I70-027223","ntw-20_(the_aristocrat_experience)_(girls'_frontline)","4","Character","74","","","","","貴族体験館","","[{""copyright"":""girls'_frontline"",""co_posts"":70,""character_coverage"":1.0},{""copyright"":""azur_lane"",""co_posts"":1,""character_coverage"":0.014286},{""copyright"":""cowboy_bebop"",""co_posts"":1,""character_coverage"":0.014286}]","","","PENDING",""
"I70-027224","nun_nun_(tokino_sora)","4","Character","74","","","","","ぬんぬん","","[{""copyright"":""hololive"",""co_posts"":73,""character_coverage"":1.0},{""copyright"":""hololive_english"",""co_posts"":3,""character_coverage"":0.041096},{""copyright"":""hololive_indonesia"",""co_posts"":3,""character_coverage"":0.041096},{""copyright"":""2024_summer_olympics"",""co_posts"":1,""character_coverage"":0.013699},{""copyright"":""abbey_road"",""co_posts"":1,""character_coverage"":0.013699}]","","","PENDING",""
"I70-027225","obsumin","4","Character","74","","","","","オブスミン","","[{""copyright"":""kouyoku_senki_exs-tia"",""co_posts"":74,""character_coverage"":1.0}]","","","PENDING",""
"I70-027226","ofelia_(gogalking)","4","Character","74","","","","","オフェリア（ゴーガルキング）","","[{""copyright"":""original"",""co_posts"":73,""character_coverage"":0.986486}]","","","PENDING",""
"I70-027227","ohtsuka_miyako_(calm_mashiro)","4","Character","74","","","","","宮田大屋（穏やかなマシロ）","","[{""copyright"":""original"",""co_posts"":70,""character_coverage"":1.0},{""copyright"":""comiket_107"",""co_posts"":3,""character_coverage"":0.042857},{""copyright"":""sekaiju_no_meikyuu"",""co_posts"":2,""character_coverage"":0.028571},{""copyright"":""sekaiju_no_meikyuu_3"",""co_posts"":1,""character_coverage"":0.014286},{""copyright"":""sekaiju_no_meikyuu_4"",""co_posts"":1,""character_coverage"":0.014286}]","","","PENDING",""
"I70-027228","oozaru","4","Character","74","monkey_form_(dragon_ball),great_ape_(dragon_ball)","great ape (dragon ball) | monkey form (dragon ball)","","","大猿","","[{""copyright"":""dragon_ball"",""co_posts"":66,""character_coverage"":1.0},{""copyright"":""dragon_ball_z"",""co_posts"":36,""character_coverage"":0.545455},{""copyright"":""dragon_ball_gt"",""co_posts"":31,""character_coverage"":0.469697},{""copyright"":""dragon_ball_(classic)"",""co_posts"":10,""character_coverage"":0.151515},{""copyright"":""dragon_ball_super"",""co_posts"":9,""character_coverage"":0.136364}]","","","PENDING",""
"I70-027229","opera_(iruma-kun)","4","Character","74","","","","","オペラ","","[{""copyright"":""mairimashita!_iruma-kun"",""co_posts"":71,""character_coverage"":1.0},{""copyright"":""battle_tendency"",""co_posts"":1,""character_coverage"":0.014085},{""copyright"":""bleach"",""co_posts"":1,""character_coverage"":0.014085},{""copyright"":""bocchi_the_rock!"",""co_posts"":1,""character_coverage"":0.014085},{""copyright"":""boku_no_hero_academia"",""co_posts"":1,""character_coverage"":0.014085}]","","","PENDING",""
"I70-027230","oribe_mafuyu","4","Character","74","","","","","Oribe Mafuyu","","[{""copyright"":""seikon_no_qwaser"",""co_posts"":33,""character_coverage"":1.0},{""copyright"":""megami_magazine"",""co_posts"":5,""character_coverage"":0.151515},{""copyright"":""nyantype"",""co_posts"":3,""character_coverage"":0.090909},{""copyright"":""kuso_miso_technique"",""co_posts"":1,""character_coverage"":0.030303},{""copyright"":""lyrical_nanoha"",""co_posts"":1,""character_coverage"":0.030303}]","","","PENDING",""
"I70-027231","otomachi_una_(voicepeak)","4","Character","74","","","","","","","[{""copyright"":""voicepeak"",""co_posts"":72,""character_coverage"":0.986301},{""copyright"":""vocaloid"",""co_posts"":24,""character_coverage"":0.328767},{""copyright"":""talkex"",""co_posts"":16,""character_coverage"":0.219178},{""copyright"":""voiceroid"",""co_posts"":8,""character_coverage"":0.109589},{""copyright"":""a.i._voice"",""co_posts"":4,""character_coverage"":0.054795}]","","","PENDING",""
"I70-027232","otowa_kanae","4","Character","74","","","","","音羽歌苗","","[{""copyright"":""classicaloid"",""co_posts"":74,""character_coverage"":1.0},{""copyright"":""bloodborne"",""co_posts"":1,""character_coverage"":0.013514},{""copyright"":""tengen_toppa_gurren_lagann"",""co_posts"":1,""character_coverage"":0.013514}]","","","PENDING",""
"I70-027233","ou_taiga","4","Character","74","","","","","王大河","","[{""copyright"":""girls_und_panzer"",""co_posts"":61,""character_coverage"":1.0},{""copyright"":""girls_und_panzer_motto_love_love_sakusen_desu!"",""co_posts"":5,""character_coverage"":0.081967},{""copyright"":""real_life"",""co_posts"":1,""character_coverage"":0.016393},{""copyright"":""sofmap"",""co_posts"":1,""character_coverage"":0.016393}]","","","PENDING",""
"I70-027234","oumi_(azur_lane)","4","Character","74","","","","","近江(アズールレーン)","","[{""copyright"":""azur_lane"",""co_posts"":73,""character_coverage"":1.0}]","","","PENDING",""
"I70-027235","p-3_(atomic_heart)","4","Character","74","","","","","","","[{""copyright"":""atomic_heart"",""co_posts"":66,""character_coverage"":1.0},{""copyright"":""batman_(series)"",""co_posts"":1,""character_coverage"":0.015152},{""copyright"":""dc_comics"",""co_posts"":1,""character_coverage"":0.015152},{""copyright"":""joker_(2019)"",""co_posts"":1,""character_coverage"":0.015152},{""copyright"":""poptepipic"",""co_posts"":1,""character_coverage"":0.015152}]","","","PENDING",""
"I70-027236","pan_(xeno)_(dragon_ball)","4","Character","74","","","","","パン:ゼノ","","[{""copyright"":""dragon_ball"",""co_posts"":72,""character_coverage"":1.0},{""copyright"":""dragon_ball_heroes"",""co_posts"":72,""character_coverage"":1.0},{""copyright"":""dragon_ball_gt"",""co_posts"":18,""character_coverage"":0.25},{""copyright"":""dragon_ball_super"",""co_posts"":3,""character_coverage"":0.041667},{""copyright"":""dragon_ball_z"",""co_posts"":3,""character_coverage"":0.041667}]","","","PENDING",""
"I70-027237","paper_peach","4","Character","74","","","","","ペーパーピーチ姫","","[{""copyright"":""mario_(series)"",""co_posts"":68,""character_coverage"":1.0},{""copyright"":""paper_mario_(series)"",""co_posts"":68,""character_coverage"":1.0},{""copyright"":""paper_mario:_the_thousand-year_door"",""co_posts"":35,""character_coverage"":0.514706},{""copyright"":""super_paper_mario"",""co_posts"":13,""character_coverage"":0.191176},{""copyright"":""paper_mario:_the_origami_king"",""co_posts"":6,""character_coverage"":0.088235}]","","","PENDING",""
"I70-027238","peke_(zannen_onna-kanbu_black_general-san)","4","Character","74","","","","","","","[{""copyright"":""zannen_onna-kanbu_black_general-san"",""co_posts"":74,""character_coverage"":1.0},{""copyright"":""original"",""co_posts"":18,""character_coverage"":0.243243},{""copyright"":""2channel"",""co_posts"":1,""character_coverage"":0.013514}]","","","PENDING",""
"I70-027239","pinky_(pac-man)","4","Character","74","","","","","ピンキー(パックマン)","","[{""copyright"":""pac-man_(game)"",""co_posts"":57,""character_coverage"":0.95},{""copyright"":""original"",""co_posts"":10,""character_coverage"":0.166667},{""copyright"":""mario_(series)"",""co_posts"":9,""character_coverage"":0.15},{""copyright"":""pokemon"",""co_posts"":7,""character_coverage"":0.116667},{""copyright"":""the_legend_of_zelda"",""co_posts"":7,""character_coverage"":0.116667}]","","","PENDING",""
"I70-027240","priest_(warcraft)","4","Character","74","","","","","司祭（ウォークラフト）","","[{""copyright"":""warcraft"",""co_posts"":67,""character_coverage"":1.0},{""copyright"":""world_of_warcraft"",""co_posts"":67,""character_coverage"":1.0},{""copyright"":""heroes_of_the_storm"",""co_posts"":4,""character_coverage"":0.059701},{""copyright"":""original"",""co_posts"":2,""character_coverage"":0.029851},{""copyright"":""dungeons_&_dragons"",""co_posts"":1,""character_coverage"":0.014925}]","","","PENDING",""
"I70-027241","princess_white_rose","4","Character","74","","","","","白薔薇姫","","[{""copyright"":""saga"",""co_posts"":49,""character_coverage"":1.0},{""copyright"":""saga_frontier"",""co_posts"":48,""character_coverage"":0.979592},{""copyright"":""emperors_saga"",""co_posts"":3,""character_coverage"":0.061224},{""copyright"":""romancing_saga_re;universe"",""co_posts"":2,""character_coverage"":0.040816},{""copyright"":""square_enix"",""co_posts"":2,""character_coverage"":0.040816}]","","","PENDING",""
"I70-027242","prinz_eugen_(brilliant_touchdown)_(azur_lane)","4","Character","74","","","","","ブリリアント・タッチダウン","","[{""copyright"":""azur_lane"",""co_posts"":63,""character_coverage"":1.0}]","","","PENDING",""
"I70-027243","producer_(idolmaster_cinderella_girls_u149)","4","Character","74","","","","","米内P","","[{""copyright"":""idolmaster"",""co_posts"":71,""character_coverage"":1.0},{""copyright"":""idolmaster_cinderella_girls"",""co_posts"":71,""character_coverage"":1.0},{""copyright"":""idolmaster_cinderella_girls_u149"",""co_posts"":66,""character_coverage"":0.929577},{""copyright"":""idolmaster_(classic)"",""co_posts"":5,""character_coverage"":0.070423},{""copyright"":""idolmaster_side-m"",""co_posts"":3,""character_coverage"":0.042254}]","","","PENDING",""
"I70-027244","purple_kecleon","4","Character","74","","","","","紫色のケクレオン","","[{""copyright"":""pokemon"",""co_posts"":61,""character_coverage"":1.0},{""copyright"":""pokemon_mystery_dungeon"",""co_posts"":49,""character_coverage"":0.803279},{""copyright"":""original"",""co_posts"":41,""character_coverage"":0.672131},{""copyright"":""pokemon_mystery_dungeon:_explorers_of_time/darkness/sky"",""co_posts"":3,""character_coverage"":0.04918},{""copyright"":""pokemon_mystery_dungeon:_red/blue_rescue_team"",""co_posts"":2,""character_coverage"":0.032787}]","","","PENDING",""
"I70-027245","qin_shi_huang_(shuumatsu_no_valkyrie)","4","Character","74","","","","","","","[{""copyright"":""shuumatsu_no_valkyrie"",""co_posts"":66,""character_coverage"":1.0},{""copyright"":""fate/grand_order"",""co_posts"":1,""character_coverage"":0.015152},{""copyright"":""fate_(series)"",""co_posts"":1,""character_coverage"":0.015152},{""copyright"":""honkai:_star_rail"",""co_posts"":1,""character_coverage"":0.015152},{""copyright"":""honkai_(series)"",""co_posts"":1,""character_coverage"":0.015152}]","","","PENDING",""
"I70-027246","rara_(g_(genesis1556))","4","Character","74","lala_(g_(genesis1556))","lala (g (genesis1556))","","","ララ(G)","","[{""copyright"":""original"",""co_posts"":73,""character_coverage"":0.986486},{""copyright"":""black_rock_shooter"",""co_posts"":1,""character_coverage"":0.013514},{""copyright"":""gundam"",""co_posts"":1,""character_coverage"":0.013514},{""copyright"":""gundam:_hathaway's_flash"",""co_posts"":1,""character_coverage"":0.013514},{""copyright"":""kantai_collection"",""co_posts"":1,""character_coverage"":0.013514}]","","","PENDING",""
"I70-027247","rei_(granblue_fantasy)","4","Character","74","","","","","レイ(グラブル)","","[{""copyright"":""granblue_fantasy"",""co_posts"":73,""character_coverage"":1.0},{""copyright"":""shingeki_no_bahamut"",""co_posts"":3,""character_coverage"":0.041096},{""copyright"":""cygames"",""co_posts"":1,""character_coverage"":0.013699},{""copyright"":""ring_fit_adventure"",""co_posts"":1,""character_coverage"":0.013699}]","","","PENDING",""
"I70-027248","rhaast","4","Character","74","","","","","","","[{""copyright"":""league_of_legends"",""co_posts"":66,""character_coverage"":1.0},{""copyright"":""legends_of_runeterra"",""co_posts"":2,""character_coverage"":0.030303},{""copyright"":""hades_(series)"",""co_posts"":1,""character_coverage"":0.015152}]","","","PENDING",""
"I70-027249","rhyno_(yuushakei_ni_shosu)","4","Character","74","","","","","ライノー","","[{""copyright"":""yuushakei_ni_shosu"",""co_posts"":70,""character_coverage"":1.0},{""copyright"":""final_fantasy"",""co_posts"":1,""character_coverage"":0.014286},{""copyright"":""final_fantasy_xiv"",""co_posts"":1,""character_coverage"":0.014286},{""copyright"":""hikaru_ga_shinda_natsu"",""co_posts"":1,""character_coverage"":0.014286},{""copyright"":""kokoro_yohou_(eve)"",""co_posts"":1,""character_coverage"":0.014286}]","","","PENDING",""
"I70-027250","rice_shower_(boc'z)_(umamusume)","4","Character","74","","","","","","","[{""copyright"":""umamusume"",""co_posts"":72,""character_coverage"":1.0},{""copyright"":""real_life"",""co_posts"":2,""character_coverage"":0.027778},{""copyright"":""umamusume:_cinderella_gray"",""co_posts"":2,""character_coverage"":0.027778},{""copyright"":""godzilla_(series)"",""co_posts"":1,""character_coverage"":0.013889},{""copyright"":""nhk_(broadcaster)"",""co_posts"":1,""character_coverage"":0.013889}]","","","PENDING",""
"I70-027251","rosalina_(pro_racer)","4","Character","74","","","","","","","[{""copyright"":""mario_(series)"",""co_posts"":69,""character_coverage"":1.0},{""copyright"":""mario_kart"",""co_posts"":67,""character_coverage"":0.971014},{""copyright"":""mario_kart_world"",""co_posts"":66,""character_coverage"":0.956522},{""copyright"":""super_mario_galaxy"",""co_posts"":2,""character_coverage"":0.028986},{""copyright"":""bravely_default:_flying_fairy"",""co_posts"":1,""character_coverage"":0.014493}]","","","PENDING",""
"I70-027252","rose_(nikke)","4","Character","74","","","","","薔花(勝利の女神:NIKKE)","","[{""copyright"":""goddess_of_victory:_nikke"",""co_posts"":54,""character_coverage"":1.0},{""copyright"":""jahy-sama_wa_kujikenai!"",""co_posts"":1,""character_coverage"":0.018519},{""copyright"":""kill_la_kill"",""co_posts"":1,""character_coverage"":0.018519}]","","","PENDING",""
"I70-027253","rosmontis_(an_airy_dream)_(arknights)","4","Character","74","","","","","","","[{""copyright"":""arknights"",""co_posts"":69,""character_coverage"":1.0},{""copyright"":""ambience_synesthesia"",""co_posts"":1,""character_coverage"":0.014493},{""copyright"":""arknights:_endfield"",""co_posts"":1,""character_coverage"":0.014493},{""copyright"":""real_life"",""co_posts"":1,""character_coverage"":0.014493},{""copyright"":""taiko_no_tatsujin"",""co_posts"":1,""character_coverage"":0.014493}]","","","PENDING",""
"I70-027254","saber_(summer_battle_clothes)_(fate)","4","Character","74","","","","","セイバー（夏のバトル服）（運命）","","[{""copyright"":""fate_(series)"",""co_posts"":70,""character_coverage"":1.0},{""copyright"":""fate/stay_night"",""co_posts"":34,""character_coverage"":0.485714},{""copyright"":""fate/grand_order"",""co_posts"":22,""character_coverage"":0.314286},{""copyright"":""fate/zero"",""co_posts"":15,""character_coverage"":0.214286},{""copyright"":""fate/extra"",""co_posts"":10,""character_coverage"":0.142857}]","","","PENDING",""
"I70-027255","saeki_haruko_(idoly_pride)","4","Character","74","","","","","佐伯遙子","","[{""copyright"":""idoly_pride"",""co_posts"":66,""character_coverage"":1.0},{""copyright"":""alternative_girls"",""co_posts"":1,""character_coverage"":0.015152},{""copyright"":""bang_dream!"",""co_posts"":1,""character_coverage"":0.015152},{""copyright"":""bang_dream!_girls_band_party!"",""co_posts"":1,""character_coverage"":0.015152},{""copyright"":""cinderella_series"",""co_posts"":1,""character_coverage"":0.015152}]","","","PENDING",""
"I70-027256","saileach_(appreciate_fragrance)_(arknights)","4","Character","74","","","","","Saileach（感謝の香り）（Arknights）","","[{""copyright"":""arknights"",""co_posts"":74,""character_coverage"":1.0},{""copyright"":""ambience_synesthesia"",""co_posts"":2,""character_coverage"":0.027027},{""copyright"":""woman_with_a_parasol"",""co_posts"":2,""character_coverage"":0.027027},{""copyright"":""monster_hunter_(series)"",""co_posts"":1,""character_coverage"":0.013514}]","","","PENDING",""
"I70-027257","sakai_wakana","4","Character","74","","","","","坂井和奏","","[{""copyright"":""tari_tari"",""co_posts"":65,""character_coverage"":1.0},{""copyright"":""megami_magazine"",""co_posts"":4,""character_coverage"":0.061538},{""copyright"":""nyantype"",""co_posts"":3,""character_coverage"":0.046154},{""copyright"":""comiket_92"",""co_posts"":1,""character_coverage"":0.015385},{""copyright"":""eureka_seven_(series)"",""co_posts"":1,""character_coverage"":0.015385}]","","","PENDING",""
"I70-027258","sakurada_akane","4","Character","74","","","","","櫻田茜","","[{""copyright"":""joukamachi_no_dandelion"",""co_posts"":71,""character_coverage"":1.0},{""copyright"":""keroro_gunsou"",""co_posts"":3,""character_coverage"":0.042254},{""copyright"":""ore_twintail_ni_narimasu"",""co_posts"":3,""character_coverage"":0.042254},{""copyright"":""date_a_live"",""co_posts"":1,""character_coverage"":0.014085},{""copyright"":""dengeki_g's"",""co_posts"":1,""character_coverage"":0.014085}]","","","PENDING",""
"I70-027259","sam_wilson","4","Character","74","","","","","サム・ウィルソン","","[{""copyright"":""marvel"",""co_posts"":71,""character_coverage"":1.0},{""copyright"":""captain_america_(series)"",""co_posts"":43,""character_coverage"":0.605634},{""copyright"":""avengers_(series)"",""co_posts"":29,""character_coverage"":0.408451},{""copyright"":""spider-man_(series)"",""co_posts"":17,""character_coverage"":0.239437},{""copyright"":""guardians_of_the_galaxy"",""co_posts"":12,""character_coverage"":0.169014}]","","","PENDING",""
"I70-027260","sapphire_rhodonite","4","Character","74","","","","","サファイアロドナイト","","[{""copyright"":""disgaea"",""co_posts"":67,""character_coverage"":1.0},{""copyright"":""makai_senki_disgaea_3"",""co_posts"":66,""character_coverage"":0.985075},{""copyright"":""makai_senki_disgaea_2"",""co_posts"":13,""character_coverage"":0.19403},{""copyright"":""nippon_ichi"",""co_posts"":8,""character_coverage"":0.119403},{""copyright"":""makai_senki_disgaea"",""co_posts"":7,""character_coverage"":0.104478}]","","","PENDING",""
"I70-027261","satou_akira","4","Character","74","","","","","サトゥアキラ","","[{""copyright"":""katawa_shoujo"",""co_posts"":67,""character_coverage"":1.0},{""copyright"":""cowboy_bebop"",""co_posts"":2,""character_coverage"":0.029851},{""copyright"":""real_life"",""co_posts"":2,""character_coverage"":0.029851},{""copyright"":""aladdin_(movie)"",""co_posts"":1,""character_coverage"":0.014925},{""copyright"":""ao_oni"",""co_posts"":1,""character_coverage"":0.014925}]","","","PENDING",""
"I70-027262","satsuki_(reverse:1999)","4","Character","74","","","","","五色月","","[{""copyright"":""reverse:1999"",""co_posts"":71,""character_coverage"":1.0},{""copyright"":""2026_fifa_world_cup"",""co_posts"":1,""character_coverage"":0.014085},{""copyright"":""pokemon"",""co_posts"":1,""character_coverage"":0.014085},{""copyright"":""world_cup"",""co_posts"":1,""character_coverage"":0.014085},{""copyright"":""youtube"",""co_posts"":1,""character_coverage"":0.014085}]","","","PENDING",""
"I70-027263","scp-173","4","Character","74","","","","","SCP-173","","[{""copyright"":""scp_foundation"",""co_posts"":63,""character_coverage"":1.0},{""copyright"":""original"",""co_posts"":8,""character_coverage"":0.126984},{""copyright"":""kantai_collection"",""co_posts"":4,""character_coverage"":0.063492},{""copyright"":""sonic_(series)"",""co_posts"":4,""character_coverage"":0.063492},{""copyright"":""touhou"",""co_posts"":4,""character_coverage"":0.063492}]","","","PENDING",""
"I70-027264","seraph_dazzlegarden_(1st_costume)","4","Character","74","","","","","セラフ・ダズルガーデン(通常)","","[{""copyright"":""nijisanji"",""co_posts"":72,""character_coverage"":1.0},{""copyright"":""nijisanji_kr"",""co_posts"":5,""character_coverage"":0.069444},{""copyright"":""nijisanji_en"",""co_posts"":3,""character_coverage"":0.041667},{""copyright"":""genshin_impact"",""co_posts"":1,""character_coverage"":0.013889},{""copyright"":""hololive"",""co_posts"":1,""character_coverage"":0.013889}]","","","PENDING",""
"I70-027265","seri_(zankuro)","4","Character","74","","","","","セリ（ザンクロ）","","[{""copyright"":""original"",""co_posts"":73,""character_coverage"":1.0}]","","","PENDING",""
"I70-027266","shadow_sae","4","Character","74","","","","","シャドウ冴","","[{""copyright"":""persona"",""co_posts"":58,""character_coverage"":1.0},{""copyright"":""persona_5"",""co_posts"":58,""character_coverage"":1.0},{""copyright"":""persona_5_the_royal"",""co_posts"":4,""character_coverage"":0.068966},{""copyright"":""persona_q_(series)"",""co_posts"":3,""character_coverage"":0.051724},{""copyright"":""original"",""co_posts"":1,""character_coverage"":0.017241}]","","","PENDING",""
"I70-027267","sharon_rainsworth","4","Character","74","","","","","シャロン・レインズワース","","[{""copyright"":""pandora_hearts"",""co_posts"":71,""character_coverage"":1.0},{""copyright"":""alice's_adventures_in_wonderland"",""co_posts"":4,""character_coverage"":0.056338},{""copyright"":""kantai_collection"",""co_posts"":1,""character_coverage"":0.014085},{""copyright"":""rozen_maiden"",""co_posts"":1,""character_coverage"":0.014085},{""copyright"":""shingeki_no_kyojin"",""co_posts"":1,""character_coverage"":0.014085}]","","","PENDING",""
"I70-027268","shinohara_raika","4","Character","74","","","","","忍原来夏","","[{""copyright"":""inazuma_eleven_(series)"",""co_posts"":63,""character_coverage"":1.0},{""copyright"":""inazuma_eleven_victory_road"",""co_posts"":61,""character_coverage"":0.968254},{""copyright"":""inazuma_eleven"",""co_posts"":8,""character_coverage"":0.126984},{""copyright"":""inazuma_eleven_go"",""co_posts"":2,""character_coverage"":0.031746},{""copyright"":""inazuma_eleven_go_chrono_stone"",""co_posts"":2,""character_coverage"":0.031746}]","","","PENDING",""
"I70-027269","shirakawa_yuina_(midsummer_gendarmerie)","4","Character","74","","","","","","","[{""copyright"":""heaven_burns_red"",""co_posts"":73,""character_coverage"":1.0}]","","","PENDING",""
"I70-027270","shirami_souko","4","Character","74","","","","","銀鏡蒼枯","","[{""copyright"":""len'en"",""co_posts"":60,""character_coverage"":1.0},{""copyright"":""brilliant_pagoda_or_haze_castle"",""co_posts"":8,""character_coverage"":0.133333},{""copyright"":""earthen_miraculous_sword"",""co_posts"":5,""character_coverage"":0.083333},{""copyright"":""evanescent_existence"",""co_posts"":5,""character_coverage"":0.083333},{""copyright"":""reactivate_majestical_imperial"",""co_posts"":5,""character_coverage"":0.083333}]","","","PENDING",""
"I70-027271","shiratama_liliana_(magister)","4","Character","74","","","","","リリーちゃん","","[{""copyright"":""original"",""co_posts"":67,""character_coverage"":1.0},{""copyright"":""muchigaku"",""co_posts"":2,""character_coverage"":0.029851},{""copyright"":""ano_hi_mita_hana_no_namae_wo_bokutachi_wa_mada_shiranai."",""co_posts"":1,""character_coverage"":0.014925},{""copyright"":""binbougami_ga!"",""co_posts"":1,""character_coverage"":0.014925},{""copyright"":""bishoujo_senshi_sailor_moon"",""co_posts"":1,""character_coverage"":0.014925}]","","","PENDING",""
"I70-027272","shuutai_(koihime_musou)","4","Character","74","shuutai","shuutai","","","明命","","[{""copyright"":""koihime_musou"",""co_posts"":69,""character_coverage"":1.0},{""copyright"":""suzukuri_karin-chan"",""co_posts"":8,""character_coverage"":0.115942},{""copyright"":""dengeki_hime"",""co_posts"":2,""character_coverage"":0.028986},{""copyright"":""shin_koihime_musou"",""co_posts"":2,""character_coverage"":0.028986},{""copyright"":""heartcatch_precure!"",""co_posts"":1,""character_coverage"":0.014493}]","","","PENDING",""
"I70-027273","sierokarte","4","Character","74","","","","","シェロカルテ","","[{""copyright"":""granblue_fantasy"",""co_posts"":74,""character_coverage"":1.0},{""copyright"":""cygames"",""co_posts"":3,""character_coverage"":0.040541},{""copyright"":""idolmaster"",""co_posts"":3,""character_coverage"":0.040541},{""copyright"":""shingeki_no_bahamut"",""co_posts"":3,""character_coverage"":0.040541},{""copyright"":""idolmaster_cinderella_girls"",""co_posts"":2,""character_coverage"":0.027027}]","","","PENDING",""
"I70-027274","snow_white_(grimms_notes)","4","Character","74","","","","","白雪姫(グリムノーツ)","","[{""copyright"":""grimms_notes"",""co_posts"":72,""character_coverage"":1.0},{""copyright"":""grimms_notes_the_animation"",""co_posts"":3,""character_coverage"":0.041667},{""copyright"":""grimms_notes_gakuen"",""co_posts"":2,""character_coverage"":0.027778},{""copyright"":""#compass"",""co_posts"":1,""character_coverage"":0.013889},{""copyright"":""square_enix"",""co_posts"":1,""character_coverage"":0.013889}]","","","PENDING",""
"I70-027275","southern_ocean_war_oni","4","Character","74","","","","","南方棲戦鬼","","[{""copyright"":""kantai_collection"",""co_posts"":73,""character_coverage"":1.0},{""copyright"":""aoki_hagane_no_arpeggio"",""co_posts"":2,""character_coverage"":0.027397},{""copyright"":""kamen_rider"",""co_posts"":2,""character_coverage"":0.027397},{""copyright"":""splatoon_(series)"",""co_posts"":2,""character_coverage"":0.027397},{""copyright"":""splatoon_1"",""co_posts"":2,""character_coverage"":0.027397}]","","","PENDING",""
"I70-027276","star_ciel_(fate)","4","Character","74","c.i.e.l_(third_ascension)_(fate)","c.i.e.l (third ascension) (fate)","","","スターシエル","","[{""copyright"":""fate/grand_order"",""co_posts"":67,""character_coverage"":0.985294},{""copyright"":""fate_(series)"",""co_posts"":67,""character_coverage"":0.985294},{""copyright"":""tsukihime"",""co_posts"":37,""character_coverage"":0.544118},{""copyright"":""tsukihime_(remake)"",""co_posts"":37,""character_coverage"":0.544118},{""copyright"":""type-moon"",""co_posts"":8,""character_coverage"":0.117647}]","","","PENDING",""
"I70-027277","starbucks_siren","4","Character","74","","","","","スターバックスサイレン","","[{""copyright"":""starbucks"",""co_posts"":63,""character_coverage"":1.0},{""copyright"":""wendy's"",""co_posts"":7,""character_coverage"":0.111111},{""copyright"":""original"",""co_posts"":5,""character_coverage"":0.079365},{""copyright"":""kfc"",""co_posts"":2,""character_coverage"":0.031746},{""copyright"":""mcdonald's"",""co_posts"":2,""character_coverage"":0.031746}]","","","PENDING",""
"I70-027278","sue_(fire_emblem)","4","Character","74","","","","","スー","","[{""copyright"":""fire_emblem"",""co_posts"":71,""character_coverage"":1.0},{""copyright"":""fire_emblem:_the_binding_blade"",""co_posts"":71,""character_coverage"":1.0},{""copyright"":""fire_emblem_heroes"",""co_posts"":17,""character_coverage"":0.239437},{""copyright"":""fire_emblem:_the_blazing_blade"",""co_posts"":9,""character_coverage"":0.126761},{""copyright"":""fire_emblem_cipher"",""co_posts"":4,""character_coverage"":0.056338}]","","","PENDING",""
"I70-027279","tabata_hidenori","4","Character","74","","","","","タバタ・ハイドノリ","","[{""copyright"":""danshi_koukousei_no_nichijou"",""co_posts"":70,""character_coverage"":1.0},{""copyright"":""gintama"",""co_posts"":6,""character_coverage"":0.085714},{""copyright"":""mahou_shoujo_madoka_magica"",""co_posts"":4,""character_coverage"":0.057143},{""copyright"":""mahou_shoujo_madoka_magica_(anime)"",""co_posts"":4,""character_coverage"":0.057143},{""copyright"":""chuunibyou_demo_koi_ga_shitai!"",""co_posts"":3,""character_coverage"":0.042857}]","","","PENDING",""
"I70-027280","takamine_kiyomaro","4","Character","74","","","","","高嶺清麿","","[{""copyright"":""konjiki_no_gash!!"",""co_posts"":71,""character_coverage"":1.0},{""copyright"":""one_piece"",""co_posts"":3,""character_coverage"":0.042254},{""copyright"":""cardcaptor_sakura"",""co_posts"":2,""character_coverage"":0.028169},{""copyright"":""chibi_maruko-chan"",""co_posts"":2,""character_coverage"":0.028169},{""copyright"":""digimon"",""co_posts"":2,""character_coverage"":0.028169}]","","","PENDING",""
"I70-027281","takane_lui_(new_year)","4","Character","74","takane_lui_(2nd_costume)","takane lui (2nd costume)","","","鷹嶺ルイ(正月衣装)","","[{""copyright"":""hololive"",""co_posts"":70,""character_coverage"":1.0},{""copyright"":""hololive_english"",""co_posts"":3,""character_coverage"":0.042857},{""copyright"":""hololive_indonesia"",""co_posts"":3,""character_coverage"":0.042857},{""copyright"":""mario_(series)"",""co_posts"":2,""character_coverage"":0.028571},{""copyright"":""mario_kart"",""co_posts"":2,""character_coverage"":0.028571}]","","","PENDING",""
"I70-027282","takatsuki_shiori","4","Character","74","","","","","高槻枝織","","[{""copyright"":""shoujo_kakumei_utena"",""co_posts"":65,""character_coverage"":1.0},{""copyright"":""shoujo_kakumei_utena_adolescence_mokushiroku"",""co_posts"":7,""character_coverage"":0.107692},{""copyright"":""durarara!!"",""co_posts"":1,""character_coverage"":0.015385}]","","","PENDING",""
"I70-027283","tanaka_keiko_(ado)","4","Character","74","","","","","田中ケイコ","","[{""copyright"":""ado_(utaite)"",""co_posts"":71,""character_coverage"":1.0},{""copyright"":""atashi_wa_mondaisaku"",""co_posts"":71,""character_coverage"":1.0},{""copyright"":""readymade_(ado)"",""co_posts"":23,""character_coverage"":0.323944},{""copyright"":""usseewa"",""co_posts"":14,""character_coverage"":0.197183},{""copyright"":""gira_gira"",""co_posts"":3,""character_coverage"":0.042254}]","","","PENDING",""
"I70-027284","tarzan_(disney_character)","4","Character","74","","","","","ターザン(ディズニー)","","[{""copyright"":""tarzan_(disney_movie)"",""co_posts"":58,""character_coverage"":1.0},{""copyright"":""aladdin_(movie)"",""co_posts"":20,""character_coverage"":0.344828},{""copyright"":""beauty_and_the_beast_(disney)"",""co_posts"":16,""character_coverage"":0.275862},{""copyright"":""hercules_(1997_movie)"",""co_posts"":16,""character_coverage"":0.275862},{""copyright"":""disney"",""co_posts"":15,""character_coverage"":0.258621}]","","","PENDING",""
"I70-027285","taski_maiden_(ena)","4","Character","74","","","","","","","[{""copyright"":""ena_(series)"",""co_posts"":66,""character_coverage"":1.0},{""copyright"":""ena:_dream_bbq"",""co_posts"":64,""character_coverage"":0.969697},{""copyright"":""ena_(web_series)"",""co_posts"":12,""character_coverage"":0.181818},{""copyright"":""the_amazing_digital_circus"",""co_posts"":4,""character_coverage"":0.060606},{""copyright"":""alice's_adventures_in_wonderland"",""co_posts"":2,""character_coverage"":0.030303}]","","","PENDING",""
"I70-027286","tateyama_kenjirou","4","Character","74","","","","","ケンジロウ","","[{""copyright"":""kagerou_project"",""co_posts"":71,""character_coverage"":1.0},{""copyright"":""ayano_no_koufuku_riron_(vocaloid)"",""co_posts"":6,""character_coverage"":0.084507},{""copyright"":""headphone_actor_(vocaloid)"",""co_posts"":4,""character_coverage"":0.056338},{""copyright"":""kagerou_days_(vocaloid)"",""co_posts"":3,""character_coverage"":0.042254},{""copyright"":""mekakucity_actors"",""co_posts"":3,""character_coverage"":0.042254}]","","","PENDING",""
"I70-027287","tatsuki_midoriya","4","Character","74","","","","","","","[{""copyright"":""morenatsu"",""co_posts"":71,""character_coverage"":0.959459},{""copyright"":""original"",""co_posts"":3,""character_coverage"":0.040541},{""copyright"":""another_eidos-r"",""co_posts"":1,""character_coverage"":0.013514},{""copyright"":""kekkai_sensen"",""co_posts"":1,""character_coverage"":0.013514},{""copyright"":""tokyo_afterschool_summoners"",""co_posts"":1,""character_coverage"":0.013514}]","","","PENDING",""
"I70-027288","tawna_bandicoot","4","Character","74","","","","","タウナ・バンディクー","","[{""copyright"":""crash_bandicoot_(series)"",""co_posts"":49,""character_coverage"":1.0},{""copyright"":""star_fox"",""co_posts"":5,""character_coverage"":0.102041},{""copyright"":""sly_cooper_(series)"",""co_posts"":4,""character_coverage"":0.081633},{""copyright"":""digimon"",""co_posts"":1,""character_coverage"":0.020408},{""copyright"":""digimon_tamers"",""co_posts"":1,""character_coverage"":0.020408}]","","","PENDING",""
"I70-027289","tazuna_joe","4","Character","74","","","","","田綱丈","","[{""copyright"":""kimi_ga_shine"",""co_posts"":69,""character_coverage"":1.0},{""copyright"":"".flow"",""co_posts"":1,""character_coverage"":0.014493},{""copyright"":""1bitheart"",""co_posts"":1,""character_coverage"":0.014493},{""copyright"":""american_psycho"",""co_posts"":1,""character_coverage"":0.014493},{""copyright"":""ao_oni"",""co_posts"":1,""character_coverage"":0.014493}]","","","PENDING",""
"I70-027290","teba_(zelda)","4","Character","74","","","","","テバ","","[{""copyright"":""the_legend_of_zelda"",""co_posts"":70,""character_coverage"":1.0},{""copyright"":""the_legend_of_zelda:_breath_of_the_wild"",""co_posts"":63,""character_coverage"":0.9},{""copyright"":""the_legend_of_zelda:_tears_of_the_kingdom"",""co_posts"":13,""character_coverage"":0.185714},{""copyright"":""hyrule_warriors:_age_of_calamity"",""co_posts"":6,""character_coverage"":0.085714},{""copyright"":""hyrule_warriors:_age_of_imprisonment"",""co_posts"":3,""character_coverage"":0.042857}]","","","PENDING",""
"I70-027291","tecno_(arknights)","4","Character","74","","","","","テクノ(アークナイツ)","","[{""copyright"":""arknights"",""co_posts"":74,""character_coverage"":1.0},{""copyright"":""blue_archive"",""co_posts"":1,""character_coverage"":0.013514},{""copyright"":""rainbow_six_siege"",""co_posts"":1,""character_coverage"":0.013514}]","","","PENDING",""
"I70-027292","terufu-chan","4","Character","74","","","","","テルフちゃん","","[{""copyright"":""original"",""co_posts"":74,""character_coverage"":1.0}]","","","PENDING",""
"I70-027293","tezcatlipoca_(second_ascension)_(fate)","4","Character","74","","","","","","","[{""copyright"":""fate/grand_order"",""co_posts"":68,""character_coverage"":1.0},{""copyright"":""fate_(series)"",""co_posts"":68,""character_coverage"":1.0},{""copyright"":""fancy_dress_party_(idolmaster)"",""co_posts"":1,""character_coverage"":0.014706},{""copyright"":""gakuen_idolmaster"",""co_posts"":1,""character_coverage"":0.014706},{""copyright"":""idolmaster"",""co_posts"":1,""character_coverage"":0.014706}]","","","PENDING",""
"I70-027294","tifa_lockhart_(bahamut_suit)","4","Character","74","","","","","バハムートスーツ","","[{""copyright"":""final_fantasy"",""co_posts"":71,""character_coverage"":1.0},{""copyright"":""final_fantasy_vii"",""co_posts"":71,""character_coverage"":1.0},{""copyright"":""final_fantasy_vii:_ever_crisis"",""co_posts"":63,""character_coverage"":0.887324},{""copyright"":""square_enix"",""co_posts"":2,""character_coverage"":0.028169},{""copyright"":""disgaea"",""co_posts"":1,""character_coverage"":0.014085}]","","","PENDING",""
"I70-027295","toba_minami","4","Character","74","","","","","とばみなみ","","[{""copyright"":""yurucamp"",""co_posts"":73,""character_coverage"":1.0},{""copyright"":""bocchi_the_rock!"",""co_posts"":3,""character_coverage"":0.041096},{""copyright"":""real_life"",""co_posts"":3,""character_coverage"":0.041096},{""copyright"":""akiba_maid_sensou"",""co_posts"":1,""character_coverage"":0.013699},{""copyright"":""apple_inc."",""co_posts"":1,""character_coverage"":0.013699}]","","","PENDING",""
"I70-027296","torotoro_kishika","4","Character","74","","","","","土呂瀞騎士華","","[{""copyright"":""kimi_no_koto_ga_dai_dai_dai_dai_daisuki_na_100-nin_no_kanojo"",""co_posts"":55,""character_coverage"":1.0},{""copyright"":""one_piece"",""co_posts"":1,""character_coverage"":0.018182},{""copyright"":""precure"",""co_posts"":1,""character_coverage"":0.018182}]","","","PENDING",""
"I70-027297","tsubakihime_(youkai_watch)","4","Character","74","","","","","椿姫(妖怪ウォッチ)","","[{""copyright"":""youkai_watch"",""co_posts"":71,""character_coverage"":1.0},{""copyright"":""youkai_watch_2"",""co_posts"":2,""character_coverage"":0.028169},{""copyright"":""youkai_watch_3"",""co_posts"":2,""character_coverage"":0.028169},{""copyright"":""youkai_watch_jam:_youkai_gakuen_y"",""co_posts"":2,""character_coverage"":0.028169},{""copyright"":""youkai_watch_shadowside"",""co_posts"":1,""character_coverage"":0.014085}]","","","PENDING",""
"I70-027298","tsukahara_shizuku","4","Character","74","","","","","塚原雫","","[{""copyright"":""cinderella_series"",""co_posts"":56,""character_coverage"":1.0},{""copyright"":""hachigatsu_no_cinderella_nine"",""co_posts"":56,""character_coverage"":1.0},{""copyright"":""touhoku_rakuten_golden_eagles"",""co_posts"":3,""character_coverage"":0.053571},{""copyright"":""orix_buffaloes"",""co_posts"":2,""character_coverage"":0.035714},{""copyright"":""chiba_lotte_marines"",""co_posts"":1,""character_coverage"":0.017857}]","","","PENDING",""
"I70-027299","unfezant_(female)","4","Character","74","","","","","Unfezant（女性）","","[{""copyright"":""pokemon"",""co_posts"":70,""character_coverage"":1.0},{""copyright"":""pokemon_(anime)"",""co_posts"":23,""character_coverage"":0.328571},{""copyright"":""pokemon_black_and_white"",""co_posts"":18,""character_coverage"":0.257143},{""copyright"":""pokemon_the_series:_black_&_white"",""co_posts"":11,""character_coverage"":0.157143},{""copyright"":""pokemon_(classic_anime)"",""co_posts"":9,""character_coverage"":0.128571}]","","","PENDING",""
"I70-027300","uratanuki","4","Character","74","","","","","うらたぬき","","[{""copyright"":""urashimasakatasen"",""co_posts"":61,""character_coverage"":1.0},{""copyright"":""indie_utaite"",""co_posts"":5,""character_coverage"":0.081967},{""copyright"":""shinkalion_(series)"",""co_posts"":2,""character_coverage"":0.032787},{""copyright"":""free!"",""co_posts"":1,""character_coverage"":0.016393},{""copyright"":""niconico"",""co_posts"":1,""character_coverage"":0.016393}]","","","PENDING",""
"I70-027301","usagi_aloha'oe","4","Character","74","usagi_alohaoe","usagi alohaoe","","","ウサギ・アロハオエ","","[{""copyright"":""jojo_no_kimyou_na_bouken"",""co_posts"":71,""character_coverage"":1.0},{""copyright"":""the_jojolands"",""co_posts"":71,""character_coverage"":1.0},{""copyright"":""animal_crossing"",""co_posts"":2,""character_coverage"":0.028169},{""copyright"":""baskin-robbins"",""co_posts"":1,""character_coverage"":0.014085},{""copyright"":""marvel"",""co_posts"":1,""character_coverage"":0.014085}]","","","PENDING",""
"I70-027302","usagyaru_(rangu)","4","Character","74","usagyaru_(ran9u)","usagyaru (ran9u)","","","ウサギャル","","[{""copyright"":""original"",""co_posts"":73,""character_coverage"":1.0},{""copyright"":""pokemon"",""co_posts"":1,""character_coverage"":0.013699}]","","","PENDING",""
"I70-027303","uzuki_tooru","4","Character","74","","","","","うずまきトゥール","","[{""copyright"":""onna_ga_nigate_na_yankee_to_shoujo_no_hanashi"",""co_posts"":74,""character_coverage"":1.0}]","","","PENDING",""
"I70-027304","vinsmoke_yonji","4","Character","74","winch_green","winch green","","","ヴィンスモーク・ヨンジ","","[{""copyright"":""one_piece"",""co_posts"":69,""character_coverage"":1.0},{""copyright"":""one_piece_card_game"",""co_posts"":3,""character_coverage"":0.043478},{""copyright"":""pokemon"",""co_posts"":2,""character_coverage"":0.028986},{""copyright"":""one_piece_everyday"",""co_posts"":1,""character_coverage"":0.014493}]","","","PENDING",""
"I70-027305","virion_(fire_emblem)","4","Character","74","viole_(fire_emblem)","viole (fire emblem)","","","ヴィオール","","[{""copyright"":""fire_emblem"",""co_posts"":71,""character_coverage"":1.0},{""copyright"":""fire_emblem_awakening"",""co_posts"":66,""character_coverage"":0.929577},{""copyright"":""fire_emblem_heroes"",""co_posts"":22,""character_coverage"":0.309859},{""copyright"":""fire_emblem:_mystery_of_the_emblem"",""co_posts"":12,""character_coverage"":0.169014},{""copyright"":""fire_emblem:_the_binding_blade"",""co_posts"":8,""character_coverage"":0.112676}]","","","PENDING",""
"I70-027306","vladimir_(league)","4","Character","74","vladimir_(league_of_legends)","vladimir (league of legends)","","","ウラジミール（リーグオブレジェンド）","","[{""copyright"":""league_of_legends"",""co_posts"":66,""character_coverage"":1.0},{""copyright"":""league_of_legends:_wild_rift"",""co_posts"":2,""character_coverage"":0.030303},{""copyright"":""arcane:_league_of_legends"",""co_posts"":1,""character_coverage"":0.015152},{""copyright"":""chainsaw_man"",""co_posts"":1,""character_coverage"":0.015152},{""copyright"":""kuso_miso_technique"",""co_posts"":1,""character_coverage"":0.015152}]","","","PENDING",""
"I70-027307","worick_arcangelo","4","Character","74","","","","","ワーリックアルカンジェロ","","[{""copyright"":""gangsta"",""co_posts"":72,""character_coverage"":1.0},{""copyright"":""original"",""co_posts"":2,""character_coverage"":0.027778},{""copyright"":""black_lagoon"",""co_posts"":1,""character_coverage"":0.013889}]","","","PENDING",""
"I70-027308","yasopp","4","Character","74","","","","","ヤソップ","","[{""copyright"":""one_piece"",""co_posts"":66,""character_coverage"":1.0},{""copyright"":""one_piece_film:_red"",""co_posts"":15,""character_coverage"":0.227273},{""copyright"":""one_piece_card_game"",""co_posts"":6,""character_coverage"":0.090909},{""copyright"":""one_piece_everyday"",""co_posts"":1,""character_coverage"":0.015152},{""copyright"":""one_piece_fan_letter"",""co_posts"":1,""character_coverage"":0.015152}]","","","PENDING",""
"I70-027309","yazawa_cocoa","4","Character","74","yazawa_kokoa","yazawa kokoa","","","矢澤ココア","","[{""copyright"":""love_live!"",""co_posts"":72,""character_coverage"":1.0},{""copyright"":""love_live!_school_idol_project"",""co_posts"":72,""character_coverage"":1.0},{""copyright"":""happy_maker!"",""co_posts"":2,""character_coverage"":0.027778},{""copyright"":""kira-kira_sensation!"",""co_posts"":2,""character_coverage"":0.027778},{""copyright"":""love_wing_bell"",""co_posts"":2,""character_coverage"":0.027778}]","","","PENDING",""
"I70-027310","yuki_len","4","Character","74","","","","","雪レン","","[{""copyright"":""vocaloid"",""co_posts"":69,""character_coverage"":1.0},{""copyright"":""suki!_yuki!_maji_magic_(vocaloid)"",""co_posts"":1,""character_coverage"":0.014493},{""copyright"":""synthesizer_v"",""co_posts"":1,""character_coverage"":0.014493},{""copyright"":""utau"",""co_posts"":1,""character_coverage"":0.014493}]","","","PENDING",""
"I70-027311","yun_wuyue_(gujian_qitan)","4","Character","74","","","","","云无月","","[{""copyright"":""gujian_qitan_3"",""co_posts"":73,""character_coverage"":1.0},{""copyright"":""gujian_qitan_(series)"",""co_posts"":72,""character_coverage"":0.986301}]","","","PENDING",""
"I70-027312","yuuta_kanami","4","Character","74","","","","","由詑かなみ","","[{""copyright"":""scryed"",""co_posts"":68,""character_coverage"":1.0},{""copyright"":""lyrical_nanoha"",""co_posts"":4,""character_coverage"":0.058824},{""copyright"":""gundam"",""co_posts"":3,""character_coverage"":0.044118},{""copyright"":""gundam_seed"",""co_posts"":3,""character_coverage"":0.044118},{""copyright"":""ip_police_tsuduki-chan"",""co_posts"":3,""character_coverage"":0.044118}]","","","PENDING",""
"I70-027313","yuzuki_kanaha","4","Character","74","","","","","柚木香那葉","","[{""copyright"":""mahou_senshi_(series)"",""co_posts"":69,""character_coverage"":0.971831},{""copyright"":""mahou_senshi_sweet_knights"",""co_posts"":57,""character_coverage"":0.802817},{""copyright"":""mahou_senshi_sweet_knights_2"",""co_posts"":47,""character_coverage"":0.661972},{""copyright"":""mahou_senshi_princess_tear"",""co_posts"":22,""character_coverage"":0.309859},{""copyright"":""eden's_ritter_grenze"",""co_posts"":1,""character_coverage"":0.014085}]","","","PENDING",""
"I70-027314","zemi_mama","4","Character","74","","","","","ゼミママ","","[{""copyright"":""shinken-zemi"",""co_posts"":73,""character_coverage"":1.0},{""copyright"":""original"",""co_posts"":6,""character_coverage"":0.082192},{""copyright"":""gundam"",""co_posts"":2,""character_coverage"":0.027397},{""copyright"":""gundam_build_fighters"",""co_posts"":2,""character_coverage"":0.027397},{""copyright"":""umamusume"",""co_posts"":1,""character_coverage"":0.013699}]","","","PENDING",""
"I70-027315","zhou_mingrui","4","Character","74","","","","","周明瑞","","[{""copyright"":""lord_of_the_mysteries"",""co_posts"":72,""character_coverage"":1.0},{""copyright"":""circle_of_inevitability"",""co_posts"":2,""character_coverage"":0.027778},{""copyright"":""starbucks"",""co_posts"":2,""character_coverage"":0.027778}]","","","PENDING",""
"I70-027316","aayla_secura","4","Character","73","","","","","","","[{""copyright"":""star_wars"",""co_posts"":37,""character_coverage"":1.0},{""copyright"":""star_wars:_the_clone_wars_(2008_tv_series)"",""co_posts"":9,""character_coverage"":0.243243},{""copyright"":""star_wars:_revenge_of_the_sith"",""co_posts"":2,""character_coverage"":0.054054},{""copyright"":""star_wars_rebels"",""co_posts"":2,""character_coverage"":0.054054},{""copyright"":""bible_black"",""co_posts"":1,""character_coverage"":0.027027}]","","","PENDING",""
"I70-027317","ada_(iyowa)","4","Character","73","","","","","アダ","","[{""copyright"":""iyowa_girls"",""co_posts"":71,""character_coverage"":1.0},{""copyright"":""adipocere_(vocaloid)"",""co_posts"":70,""character_coverage"":0.985915},{""copyright"":""vocaloid"",""co_posts"":28,""character_coverage"":0.394366},{""copyright"":""kyu-kurarin_(cevio)"",""co_posts"":6,""character_coverage"":0.084507},{""copyright"":""cevio"",""co_posts"":5,""character_coverage"":0.070423}]","","","PENDING",""
"I70-027318","ada_(naruto)","4","Character","73","","","","","エイダ(BORUTO)","","[{""copyright"":""naruto_(series)"",""co_posts"":53,""character_coverage"":1.0},{""copyright"":""boruto_(series)"",""co_posts"":52,""character_coverage"":0.981132},{""copyright"":""boruto:_naruto_next_generations"",""co_posts"":31,""character_coverage"":0.584906},{""copyright"":""boruto:_two_blue_vortex"",""co_posts"":21,""character_coverage"":0.396226},{""copyright"":""boruto:_naruto_the_movie"",""co_posts"":1,""character_coverage"":0.018868}]","","","PENDING",""
"I70-027319","afumau_(final_fantasy)","4","Character","73","","","","","アフマウ","","[{""copyright"":""final_fantasy"",""co_posts"":71,""character_coverage"":1.0},{""copyright"":""final_fantasy_xi"",""co_posts"":71,""character_coverage"":1.0},{""copyright"":""dissidia_final_fantasy"",""co_posts"":3,""character_coverage"":0.042254},{""copyright"":""final_fantasy_v"",""co_posts"":3,""character_coverage"":0.042254},{""copyright"":""final_fantasy_x"",""co_posts"":3,""character_coverage"":0.042254}]","","","PENDING",""
"I70-027320","agielba","4","Character","73","","","","","アギエルバ","","[{""copyright"":""granblue_fantasy"",""co_posts"":73,""character_coverage"":1.0},{""copyright"":""ao_no_kiseki"",""co_posts"":2,""character_coverage"":0.027397},{""copyright"":""bleach"",""co_posts"":2,""character_coverage"":0.027397},{""copyright"":""boku_no_hero_academia"",""co_posts"":2,""character_coverage"":0.027397},{""copyright"":""eiyuu_densetsu"",""co_posts"":2,""character_coverage"":0.027397}]","","","PENDING",""
"I70-027321","aimoto_rinku","4","Character","73","","","","","愛本りんく","","[{""copyright"":""d4dj"",""co_posts"":69,""character_coverage"":1.0},{""copyright"":""bang_dream!"",""co_posts"":9,""character_coverage"":0.130435},{""copyright"":""bang_dream!_girls_band_party!"",""co_posts"":9,""character_coverage"":0.130435},{""copyright"":""shoujo_kageki_revue_starlight"",""co_posts"":7,""character_coverage"":0.101449},{""copyright"":""bushiroad"",""co_posts"":5,""character_coverage"":0.072464}]","","","PENDING",""
"I70-027322","ajimu_kaede","4","Character","73","","","","","アジム・カエデ","","[{""copyright"":""kantai_collection"",""co_posts"":72,""character_coverage"":1.0},{""copyright"":""phantasy_star"",""co_posts"":3,""character_coverage"":0.041667},{""copyright"":""phantasy_star_online_2"",""co_posts"":3,""character_coverage"":0.041667},{""copyright"":""gundam"",""co_posts"":1,""character_coverage"":0.013889}]","","","PENDING",""
"I70-027323","akise_aru","4","Character","73","","","","","秋瀬或","","[{""copyright"":""mirai_nikki"",""co_posts"":61,""character_coverage"":1.0},{""copyright"":""neon_genesis_evangelion"",""co_posts"":7,""character_coverage"":0.114754},{""copyright"":""rebuild_of_evangelion"",""co_posts"":3,""character_coverage"":0.04918},{""copyright"":""mahou_shoujo_madoka_magica"",""co_posts"":2,""character_coverage"":0.032787},{""copyright"":""mahou_shoujo_madoka_magica_(anime)"",""co_posts"":2,""character_coverage"":0.032787}]","","","PENDING",""
"I70-027324","alcremie_(flower_sweet)","4","Character","73","","","","","おはなアメざいくマホイップ","","[{""copyright"":""pokemon"",""co_posts"":70,""character_coverage"":1.0},{""copyright"":""pokemon_sword_and_shield"",""co_posts"":8,""character_coverage"":0.114286},{""copyright"":""pokemon_scarlet_and_violet"",""co_posts"":2,""character_coverage"":0.028571},{""copyright"":""arknights"",""co_posts"":1,""character_coverage"":0.014286},{""copyright"":""fire_emblem"",""co_posts"":1,""character_coverage"":0.014286}]","","","PENDING",""
"I70-027325","alpha_(ff14)","4","Character","73","","","","","","","[{""copyright"":""final_fantasy"",""co_posts"":71,""character_coverage"":0.986111},{""copyright"":""final_fantasy_xiv"",""co_posts"":71,""character_coverage"":0.986111},{""copyright"":""monster_hunter_(series)"",""co_posts"":3,""character_coverage"":0.041667},{""copyright"":""final_fantasy_xvi"",""co_posts"":2,""character_coverage"":0.027778},{""copyright"":""original"",""co_posts"":2,""character_coverage"":0.027778}]","","","PENDING",""
"I70-027326","altina_orion_(black_rabbit)","4","Character","73","","","","","","","[{""copyright"":""eiyuu_densetsu"",""co_posts"":73,""character_coverage"":1.0},{""copyright"":""sen_no_kiseki_(series)"",""co_posts"":69,""character_coverage"":0.945205},{""copyright"":""sen_no_kiseki_ii"",""co_posts"":61,""character_coverage"":0.835616},{""copyright"":""sen_no_kiseki_i"",""co_posts"":7,""character_coverage"":0.09589},{""copyright"":""kai_no_kiseki"",""co_posts"":3,""character_coverage"":0.041096}]","","","PENDING",""
"I70-027327","aluber_(yu-gi-oh!)","4","Character","73","","","","","","","[{""copyright"":""yu-gi-oh!"",""co_posts"":68,""character_coverage"":1.0},{""copyright"":""the_legend_of_zelda"",""co_posts"":3,""character_coverage"":0.044118},{""copyright"":""the_legend_of_zelda:_majora's_mask"",""co_posts"":3,""character_coverage"":0.044118},{""copyright"":""yu-gi-oh!_master_duel"",""co_posts"":3,""character_coverage"":0.044118},{""copyright"":""bishoujo_senshi_sailor_moon"",""co_posts"":1,""character_coverage"":0.014706}]","","","PENDING",""
"I70-027328","alune_(league)","4","Character","73","alune_(league_of_legends)","alune (league of legends)","","","","","[{""copyright"":""league_of_legends"",""co_posts"":70,""character_coverage"":1.0},{""copyright"":""amazon_(company)"",""co_posts"":1,""character_coverage"":0.014286},{""copyright"":""apex_legends"",""co_posts"":1,""character_coverage"":0.014286},{""copyright"":""danshi_koukousei_no_nichijou"",""co_posts"":1,""character_coverage"":0.014286},{""copyright"":""sugar_sugar_rune"",""co_posts"":1,""character_coverage"":0.014286}]","","","PENDING",""
"I70-027329","amano_tooko","4","Character","73","","","","","天野遠子","","[{""copyright"":""bungaku_shoujo"",""co_posts"":72,""character_coverage"":1.0},{""copyright"":""darker_than_black"",""co_posts"":3,""character_coverage"":0.041667},{""copyright"":""durarara!!"",""co_posts"":3,""character_coverage"":0.041667},{""copyright"":""accel_world"",""co_posts"":2,""character_coverage"":0.027778},{""copyright"":""alice's_adventures_in_wonderland"",""co_posts"":2,""character_coverage"":0.027778}]","","","PENDING",""
"I70-027330","amatsuka_urara","4","Character","73","","","","","アマツカウララ","","[{""copyright"":""baby_princess"",""co_posts"":72,""character_coverage"":1.0},{""copyright"":""boku_wa_tomodachi_ga_sukunai"",""co_posts"":1,""character_coverage"":0.013889},{""copyright"":""japan_railways"",""co_posts"":1,""character_coverage"":0.013889},{""copyright"":""original"",""co_posts"":1,""character_coverage"":0.013889}]","","","PENDING",""
"I70-027331","amatsuki_(utaite)","4","Character","73","amatsuki_(nico_nico_douga)","amatsuki (nico nico douga)","","","天月イラスト部","","[{""copyright"":""indie_utaite"",""co_posts"":43,""character_coverage"":0.914894},{""copyright"":""sesame_street"",""co_posts"":3,""character_coverage"":0.06383},{""copyright"":""crazy_raccoon"",""co_posts"":2,""character_coverage"":0.042553},{""copyright"":""matryoshka_(vocaloid)"",""co_posts"":2,""character_coverage"":0.042553},{""copyright"":""rettou_joutou_(vocaloid)"",""co_posts"":2,""character_coverage"":0.042553}]","","","PENDING",""
"I70-027332","aomiya_yozuri","4","Character","73","","","","","蒼宮よづり","","[{""copyright"":""vee_(vtuber)"",""co_posts"":54,""character_coverage"":0.771429},{""copyright"":""hololive"",""co_posts"":18,""character_coverage"":0.257143},{""copyright"":""indie_virtual_youtuber"",""co_posts"":16,""character_coverage"":0.228571},{""copyright"":""versen"",""co_posts"":5,""character_coverage"":0.071429},{""copyright"":""cherry_pop_(vocaloid)"",""co_posts"":1,""character_coverage"":0.014286}]","","","PENDING",""
"I70-027333","aone_ioru","4","Character","73","","","","","蒼鼠いおる","","[{""copyright"":""indie_virtual_youtuber"",""co_posts"":72,""character_coverage"":1.0}]","","","PENDING",""
"I70-027334","ar-18_(girls'_frontline)","4","Character","73","","","","","AR-18(ドールズフロントライン)","","[{""copyright"":""girls'_frontline"",""co_posts"":68,""character_coverage"":1.0},{""copyright"":""metal_gear_(series)"",""co_posts"":2,""character_coverage"":0.029412},{""copyright"":""apple_inc."",""co_posts"":1,""character_coverage"":0.014706},{""copyright"":""vocaloid"",""co_posts"":1,""character_coverage"":0.014706}]","","","PENDING",""
"I70-027335","arata_(blue_archive)","4","Character","73","","","","","アラタ(ブルーアーカイブ)","","[{""copyright"":""blue_archive"",""co_posts"":71,""character_coverage"":1.0},{""copyright"":""pokemon"",""co_posts"":1,""character_coverage"":0.014085}]","","","PENDING",""
"I70-027336","arizona_(azur_lane)","4","Character","73","","","","","アリゾナ(アズールレーン)","","[{""copyright"":""azur_lane"",""co_posts"":61,""character_coverage"":1.0},{""copyright"":""kantai_collection"",""co_posts"":4,""character_coverage"":0.065574},{""copyright"":""original"",""co_posts"":4,""character_coverage"":0.065574},{""copyright"":""pacific_(kancolle)"",""co_posts"":4,""character_coverage"":0.065574},{""copyright"":""2channel"",""co_posts"":1,""character_coverage"":0.016393}]","","","PENDING",""
"I70-027337","arnval_mk2","4","Character","73","","","","","アーンヴァルMk.2","","[{""copyright"":""busou_shinki"",""co_posts"":71,""character_coverage"":1.0},{""copyright"":""gundam"",""co_posts"":2,""character_coverage"":0.028169},{""copyright"":""macross"",""co_posts"":2,""character_coverage"":0.028169},{""copyright"":""super_robot_wars"",""co_posts"":2,""character_coverage"":0.028169},{""copyright"":""yuusha_ou_gaogaigar"",""co_posts"":2,""character_coverage"":0.028169}]","","","PENDING",""
"I70-027338","aroma_(arknights)","4","Character","73","","","","","アロマ(アークナイツ)","","[{""copyright"":""arknights"",""co_posts"":58,""character_coverage"":1.0},{""copyright"":""a_deer_of_nine_colors"",""co_posts"":2,""character_coverage"":0.034483},{""copyright"":""monster_hunter_(series)"",""co_posts"":2,""character_coverage"":0.034483},{""copyright"":""rainbow_six_siege"",""co_posts"":2,""character_coverage"":0.034483},{""copyright"":""the_legend_of_luo_xiaohei"",""co_posts"":2,""character_coverage"":0.034483}]","","","PENDING",""
"I70-027339","assistant_waddle_dee","4","Character","73","","","","","ADワドルディ","","[{""copyright"":""kirby_(series)"",""co_posts"":72,""character_coverage"":1.0},{""copyright"":""kirby_star_allies"",""co_posts"":9,""character_coverage"":0.125},{""copyright"":""kirby_and_the_forgotten_land"",""co_posts"":4,""character_coverage"":0.055556},{""copyright"":""kirby:_planet_robobot"",""co_posts"":3,""character_coverage"":0.041667},{""copyright"":""kirby:_squeak_squad"",""co_posts"":3,""character_coverage"":0.041667}]","","","PENDING",""
"I70-027340","astaroth_elrond_mariel","4","Character","73","","","","","","","[{""copyright"":""mahoutsukai_linn_no_shiawase_na_kekkon"",""co_posts"":73,""character_coverage"":1.0}]","","","PENDING",""
"I70-027341","asumi_sena_(4th_costume)","4","Character","73","","","","","","","[{""copyright"":""vspo!"",""co_posts"":64,""character_coverage"":1.0},{""copyright"":""mario_(series)"",""co_posts"":1,""character_coverage"":0.015625},{""copyright"":""xross_stars"",""co_posts"":1,""character_coverage"":0.015625}]","","","PENDING",""
"I70-027342","atsushi_(osomatsu-san)","4","Character","73","","","","","あつしくん","","[{""copyright"":""osomatsu_(series)"",""co_posts"":72,""character_coverage"":1.0},{""copyright"":""osomatsu-san"",""co_posts"":71,""character_coverage"":0.986111},{""copyright"":""osomatsu-san_the_movie"",""co_posts"":25,""character_coverage"":0.347222},{""copyright"":""osomatsu-kun"",""co_posts"":11,""character_coverage"":0.152778},{""copyright"":""yu-gi-oh!"",""co_posts"":3,""character_coverage"":0.041667}]","","","PENDING",""
"I70-027343","augusta_(granblue_fantasy)","4","Character","73","","","","","アウフスタ","","[{""copyright"":""granblue_fantasy"",""co_posts"":71,""character_coverage"":1.0},{""copyright"":""shingeki_no_bahamut"",""co_posts"":24,""character_coverage"":0.338028},{""copyright"":""cygames"",""co_posts"":1,""character_coverage"":0.014085},{""copyright"":""manaria_friends"",""co_posts"":1,""character_coverage"":0.014085}]","","","PENDING",""
"I70-027344","aurelia_le_guin","4","Character","73","","","","","オーレリア・ルグィン","","[{""copyright"":""eiyuu_densetsu"",""co_posts"":57,""character_coverage"":1.0},{""copyright"":""sen_no_kiseki_(series)"",""co_posts"":54,""character_coverage"":0.947368},{""copyright"":""sen_no_kiseki_iii"",""co_posts"":24,""character_coverage"":0.421053},{""copyright"":""sen_no_kiseki_iv"",""co_posts"":17,""character_coverage"":0.298246},{""copyright"":""sen_no_kiseki_i"",""co_posts"":14,""character_coverage"":0.245614}]","","","PENDING",""
"I70-027345","avery_(skullgirls)","4","Character","73","","","","","エイブリー（スカルガールズ）","","[{""copyright"":""skullgirls"",""co_posts"":67,""character_coverage"":1.0},{""copyright"":""jojo_no_kimyou_na_bouken"",""co_posts"":3,""character_coverage"":0.044776},{""copyright"":""animal_crossing"",""co_posts"":1,""character_coverage"":0.014925},{""copyright"":""blazblue"",""co_posts"":1,""character_coverage"":0.014925},{""copyright"":""futari_wa_precure"",""co_posts"":1,""character_coverage"":0.014925}]","","","PENDING",""
"I70-027346","ayase_yuka","4","Character","73","","","","","綾瀬優香","","[{""copyright"":""persona"",""co_posts"":66,""character_coverage"":1.0},{""copyright"":""persona_1"",""co_posts"":66,""character_coverage"":1.0},{""copyright"":""persona_4"",""co_posts"":9,""character_coverage"":0.136364},{""copyright"":""persona_2"",""co_posts"":7,""character_coverage"":0.106061},{""copyright"":""persona_5"",""co_posts"":7,""character_coverage"":0.106061}]","","","PENDING",""
"I70-027347","basculin_(blue)","4","Character","73","","","","","あおすじのすがた","","[{""copyright"":""pokemon"",""co_posts"":70,""character_coverage"":1.0},{""copyright"":""pokemon_black_and_white"",""co_posts"":15,""character_coverage"":0.214286},{""copyright"":""pokemon_black_2_and_white_2"",""co_posts"":6,""character_coverage"":0.085714},{""copyright"":""pokemon_(anime)"",""co_posts"":5,""character_coverage"":0.071429},{""copyright"":""pokemon:_arceus_and_the_jewel_of_life"",""co_posts"":3,""character_coverage"":0.042857}]","","","PENDING",""
"I70-027348","bask_om","4","Character","73","","","","","バスク・オム","","[{""copyright"":""gundam"",""co_posts"":71,""character_coverage"":1.0},{""copyright"":""gundam_gquuuuuux"",""co_posts"":49,""character_coverage"":0.690141},{""copyright"":""zeta_gundam"",""co_posts"":27,""character_coverage"":0.380282},{""copyright"":""gundam_0083"",""co_posts"":7,""character_coverage"":0.098592},{""copyright"":""manatsu_no_yo_no_inmu"",""co_posts"":4,""character_coverage"":0.056338}]","","","PENDING",""
"I70-027349","beehunter_(arknights)","4","Character","73","","","","","ビーハンター(アークナイツ)","","[{""copyright"":""arknights"",""co_posts"":69,""character_coverage"":1.0},{""copyright"":""a_deer_of_nine_colors"",""co_posts"":3,""character_coverage"":0.043478},{""copyright"":""monster_hunter_(series)"",""co_posts"":3,""character_coverage"":0.043478},{""copyright"":""rainbow_six_siege"",""co_posts"":3,""character_coverage"":0.043478},{""copyright"":""the_legend_of_luo_xiaohei"",""co_posts"":2,""character_coverage"":0.028986}]","","","PENDING",""
"I70-027350","bema_(sinsekai)","4","Character","73","","","","","琶舞あーと","","[{""copyright"":""kamitsubaki_studio"",""co_posts"":64,""character_coverage"":1.0},{""copyright"":""sinsekai_record"",""co_posts"":64,""character_coverage"":1.0},{""copyright"":""zuutto_issho_(kitani_tatsuya)"",""co_posts"":2,""character_coverage"":0.03125},{""copyright"":""identity_(vocaloid)"",""co_posts"":1,""character_coverage"":0.015625},{""copyright"":""internet_overdose"",""co_posts"":1,""character_coverage"":0.015625}]","","","PENDING",""
"I70-027351","beni-enma_(second_ascension)","4","Character","73","","","","","","","[{""copyright"":""fate/grand_order"",""co_posts"":73,""character_coverage"":1.0},{""copyright"":""fate_(series)"",""co_posts"":73,""character_coverage"":1.0},{""copyright"":""fate/grand_order_arcade"",""co_posts"":1,""character_coverage"":0.013699},{""copyright"":""fate/hollow_ataraxia"",""co_posts"":1,""character_coverage"":0.013699},{""copyright"":""fate/requiem"",""co_posts"":1,""character_coverage"":0.013699}]","","","PENDING",""
"I70-027352","bennett_(adventures_in_blazing_hue)_(genshin_impact)","4","Character","73","","","","","班尼特(炽绘奇旅)","","[{""copyright"":""genshin_impact"",""co_posts"":71,""character_coverage"":1.0}]","","","PENDING",""
"I70-027353","benny_(fire_emblem)","4","Character","73","benoit_(fire_emblem_if)","benoit (fire emblem if)","","","ブノワ","","[{""copyright"":""fire_emblem"",""co_posts"":65,""character_coverage"":1.0},{""copyright"":""fire_emblem_fates"",""co_posts"":65,""character_coverage"":1.0},{""copyright"":""fire_emblem_heroes"",""co_posts"":6,""character_coverage"":0.092308},{""copyright"":""fire_emblem:_radiant_dawn"",""co_posts"":5,""character_coverage"":0.076923},{""copyright"":""fire_emblem:_path_of_radiance"",""co_posts"":4,""character_coverage"":0.061538}]","","","PENDING",""
"I70-027354","benya_(tales_weaver)","4","Character","73","","","","","ベンヤ","","[{""copyright"":""tales_weaver"",""co_posts"":70,""character_coverage"":1.0},{""copyright"":""nexon"",""co_posts"":52,""character_coverage"":0.742857},{""copyright"":""mahoujin_guruguru"",""co_posts"":2,""character_coverage"":0.028571},{""copyright"":""softmax"",""co_posts"":2,""character_coverage"":0.028571},{""copyright"":""maplestory"",""co_posts"":1,""character_coverage"":0.014286}]","","","PENDING",""
"I70-027355","berit_(eisu)","4","Character","73","","","","","","","[{""copyright"":""original"",""co_posts"":68,""character_coverage"":1.0},{""copyright"":""jojo_no_kimyou_na_bouken"",""co_posts"":1,""character_coverage"":0.014706},{""copyright"":""stardust_crusaders"",""co_posts"":1,""character_coverage"":0.014706}]","","","PENDING",""
"I70-027356","big_al","4","Character","73","","","","","ビッグアル","","[{""copyright"":""vocaloid"",""co_posts"":56,""character_coverage"":1.0},{""copyright"":""voiceroid"",""co_posts"":7,""character_coverage"":0.125},{""copyright"":""vsinger_(vocaloid)"",""co_posts"":6,""character_coverage"":0.107143},{""copyright"":""utau"",""co_posts"":5,""character_coverage"":0.089286},{""copyright"":""fl_studio"",""co_posts"":2,""character_coverage"":0.035714}]","","","PENDING",""
"I70-027357","buffalo_bell","4","Character","73","","","","","バファローベル","","[{""copyright"":""orix_buffaloes"",""co_posts"":65,""character_coverage"":1.0},{""copyright"":""tokyo_yakult_swallows"",""co_posts"":6,""character_coverage"":0.092308},{""copyright"":""pokemon"",""co_posts"":2,""character_coverage"":0.030769},{""copyright"":""breath_of_fire"",""co_posts"":1,""character_coverage"":0.015385},{""copyright"":""breath_of_fire_ii"",""co_posts"":1,""character_coverage"":0.015385}]","","","PENDING",""
"I70-027358","bunny_(d-rex)","4","Character","73","","","","","バニー（d-rex）","","[{""copyright"":""original"",""co_posts"":72,""character_coverage"":1.0},{""copyright"":""bunny_and_fox_world"",""co_posts"":14,""character_coverage"":0.194444}]","","","PENDING",""
"I70-027359","burter","4","Character","73","","","","","バータ","","[{""copyright"":""dragon_ball"",""co_posts"":66,""character_coverage"":1.0},{""copyright"":""dragon_ball_z"",""co_posts"":66,""character_coverage"":1.0},{""copyright"":""dragon_ball_(classic)"",""co_posts"":6,""character_coverage"":0.090909},{""copyright"":""umamusume"",""co_posts"":4,""character_coverage"":0.060606},{""copyright"":""dc_comics"",""co_posts"":3,""character_coverage"":0.045455}]","","","PENDING",""
"I70-027360","camera_waddle_dee","4","Character","73","","","","","カメラワドルディ","","[{""copyright"":""kirby_(series)"",""co_posts"":71,""character_coverage"":1.0},{""copyright"":""kirby_star_allies"",""co_posts"":10,""character_coverage"":0.140845},{""copyright"":""kirby_and_the_forgotten_land"",""co_posts"":4,""character_coverage"":0.056338},{""copyright"":""kirby:_planet_robobot"",""co_posts"":3,""character_coverage"":0.042254},{""copyright"":""kirby:_squeak_squad"",""co_posts"":3,""character_coverage"":0.042254}]","","","PENDING",""
"I70-027361","ceras_yanagida_lilienfeld_(swimsuit)","4","Character","73","","","","","","","[{""copyright"":""love_live!"",""co_posts"":64,""character_coverage"":1.0},{""copyright"":""love_live!_hasu_no_sora_jogakuin_school_idol_club"",""co_posts"":64,""character_coverage"":1.0},{""copyright"":""comiket_106"",""co_posts"":1,""character_coverage"":0.015625},{""copyright"":""comiket_107"",""co_posts"":1,""character_coverage"":0.015625},{""copyright"":""comiket_108"",""co_posts"":1,""character_coverage"":0.015625}]","","","PENDING",""
"I70-027362","chamber_(suisei_no_gargantia)","4","Character","73","","","","","チェインバー","","[{""copyright"":""suisei_no_gargantia"",""co_posts"":69,""character_coverage"":1.0},{""copyright"":""kakumeiki_valvrave"",""co_posts"":2,""character_coverage"":0.028986},{""copyright"":""code_geass"",""co_posts"":1,""character_coverage"":0.014493},{""copyright"":""dancouga_(series)"",""co_posts"":1,""character_coverage"":0.014493},{""copyright"":""getter_robo"",""co_posts"":1,""character_coverage"":0.014493}]","","","PENDING",""
"I70-027363","chihiro_(pajamas)_(blue_archive)","4","Character","73","","","","","各务千寻(睡衣)","","[{""copyright"":""blue_archive"",""co_posts"":70,""character_coverage"":1.0},{""copyright"":""microsoft_windows"",""co_posts"":1,""character_coverage"":0.014286},{""copyright"":""nexon"",""co_posts"":1,""character_coverage"":0.014286},{""copyright"":""windows_10"",""co_posts"":1,""character_coverage"":0.014286}]","","","PENDING",""
"I70-027364","chisato_madison","4","Character","73","","","","","チサト・マディソン","","[{""copyright"":""star_ocean"",""co_posts"":65,""character_coverage"":1.0},{""copyright"":""star_ocean:_the_second_story"",""co_posts"":65,""character_coverage"":1.0},{""copyright"":""star_ocean:_anamnesis"",""co_posts"":5,""character_coverage"":0.076923},{""copyright"":""star_ocean_ex"",""co_posts"":5,""character_coverage"":0.076923},{""copyright"":""star_ocean:_till_the_end_of_time"",""co_posts"":3,""character_coverage"":0.046154}]","","","PENDING",""
"I70-027365","chise_(ichiri)","4","Character","73","","","","","チセ","","[{""copyright"":""boku_no_risou_no_isekai_seikatsu"",""co_posts"":71,""character_coverage"":1.0}]","","","PENDING",""
"I70-027366","chonkers_(takanashi_kiara)","4","Character","73","","","","","","","[{""copyright"":""hololive"",""co_posts"":71,""character_coverage"":1.0},{""copyright"":""hololive_english"",""co_posts"":71,""character_coverage"":1.0},{""copyright"":""hololive_indonesia"",""co_posts"":2,""character_coverage"":0.028169},{""copyright"":""looney_tunes"",""co_posts"":1,""character_coverage"":0.014085},{""copyright"":""mage_arena"",""co_posts"":1,""character_coverage"":0.014085}]","","","PENDING",""
"I70-027367","choroko_(osomatsu-san)","4","Character","73","","","","","チョロ子","","[{""copyright"":""osomatsu-san"",""co_posts"":71,""character_coverage"":1.0},{""copyright"":""osomatsu_(series)"",""co_posts"":71,""character_coverage"":1.0},{""copyright"":""osomatsu-kun"",""co_posts"":7,""character_coverage"":0.098592},{""copyright"":""alps_no_shoujo_heidi"",""co_posts"":1,""character_coverage"":0.014085},{""copyright"":""ashita_no_joe"",""co_posts"":1,""character_coverage"":0.014085}]","","","PENDING",""
"I70-027368","ci_flower","4","Character","73","","","","","シィフラワー","","[{""copyright"":""vocaloid"",""co_posts"":70,""character_coverage"":1.0},{""copyright"":""cevio"",""co_posts"":69,""character_coverage"":0.985714},{""copyright"":""gynoid_talk"",""co_posts"":13,""character_coverage"":0.185714},{""copyright"":""a.i._voice"",""co_posts"":3,""character_coverage"":0.042857},{""copyright"":""utau"",""co_posts"":3,""character_coverage"":0.042857}]","","","PENDING",""
"I70-027369","clarisse_(fire_emblem)","4","Character","73","kuraine","kuraine","","","クライネ","","[{""copyright"":""fire_emblem"",""co_posts"":66,""character_coverage"":1.0},{""copyright"":""fire_emblem:_new_mystery_of_the_emblem"",""co_posts"":63,""character_coverage"":0.954545},{""copyright"":""fire_emblem_heroes"",""co_posts"":25,""character_coverage"":0.378788},{""copyright"":""fire_emblem:_mystery_of_the_emblem"",""co_posts"":15,""character_coverage"":0.227273},{""copyright"":""fire_emblem_awakening"",""co_posts"":7,""character_coverage"":0.106061}]","","","PENDING",""
"I70-027370","cleopatra_(third_ascension)_(fate)","4","Character","73","","","","","クレオパトラ（第三の昇天）（運命）","","[{""copyright"":""fate/grand_order"",""co_posts"":71,""character_coverage"":1.0},{""copyright"":""fate_(series)"",""co_posts"":71,""character_coverage"":1.0},{""copyright"":""fate/extra"",""co_posts"":2,""character_coverage"":0.028169},{""copyright"":""arknights"",""co_posts"":1,""character_coverage"":0.014085},{""copyright"":""fate/extra_ccc"",""co_posts"":1,""character_coverage"":0.014085}]","","","PENDING",""
"I70-027371","cosmo_(sonic)","4","Character","73","","","","","コスモ(ソニックX)","","[{""copyright"":""sonic_(series)"",""co_posts"":67,""character_coverage"":1.0},{""copyright"":""sonic_x"",""co_posts"":61,""character_coverage"":0.910448},{""copyright"":""sonic_adventure"",""co_posts"":5,""character_coverage"":0.074627},{""copyright"":""sonic_boom_(series)"",""co_posts"":4,""character_coverage"":0.059701},{""copyright"":""sonic_the_hedgehog_(archie_comics)"",""co_posts"":4,""character_coverage"":0.059701}]","","","PENDING",""
"I70-027372","c-sha","4","Character","73","","","","","シーシャ","","[{""copyright"":""neptune_(series)"",""co_posts"":53,""character_coverage"":1.0},{""copyright"":""shin_jigen_game_neptune_vii"",""co_posts"":46,""character_coverage"":0.867925},{""copyright"":""choujigen_game_neptune"",""co_posts"":1,""character_coverage"":0.018868},{""copyright"":""dengeki"",""co_posts"":1,""character_coverage"":0.018868},{""copyright"":""monster_hunter_(series)"",""co_posts"":1,""character_coverage"":0.018868}]","","","PENDING",""
"I70-027373","cure_miracle_(sapphire_style)","4","Character","73","","","","","サファイアスタイルミラクル","","[{""copyright"":""mahou_girls_precure!"",""co_posts"":71,""character_coverage"":1.0},{""copyright"":""precure"",""co_posts"":71,""character_coverage"":1.0},{""copyright"":""go!_princess_precure"",""co_posts"":4,""character_coverage"":0.056338},{""copyright"":""heartcatch_precure!"",""co_posts"":3,""character_coverage"":0.042254},{""copyright"":""dokidoki!_precure"",""co_posts"":2,""character_coverage"":0.028169}]","","","PENDING",""
"I70-027374","cure_muse_(black)","4","Character","73","","","","","キュアミューズ","","[{""copyright"":""precure"",""co_posts"":71,""character_coverage"":1.0},{""copyright"":""suite_precure"",""co_posts"":71,""character_coverage"":1.0},{""copyright"":""heartcatch_precure!"",""co_posts"":5,""character_coverage"":0.070423},{""copyright"":""fresh_precure!"",""co_posts"":3,""character_coverage"":0.042254},{""copyright"":""futari_wa_precure"",""co_posts"":2,""character_coverage"":0.028169}]","","","PENDING",""
"I70-027375","daikuuji_ayu","4","Character","73","","","","","大空寺あゆ","","[{""copyright"":""kimi_ga_nozomu_eien"",""co_posts"":66,""character_coverage"":0.985075},{""copyright"":""muv-luv"",""co_posts"":4,""character_coverage"":0.059701},{""copyright"":""muv-luv_alternative"",""co_posts"":3,""character_coverage"":0.044776},{""copyright"":""muv-luv_alternative_strike_frontier"",""co_posts"":3,""character_coverage"":0.044776},{""copyright"":""dmm"",""co_posts"":2,""character_coverage"":0.029851}]","","","PENDING",""
"I70-027376","damian_blackwood","4","Character","73","","","","","","","[{""copyright"":""zenless_zone_zero"",""co_posts"":63,""character_coverage"":1.0},{""copyright"":""golden_kamuy"",""co_posts"":1,""character_coverage"":0.015873},{""copyright"":""invincible_(series)"",""co_posts"":1,""character_coverage"":0.015873},{""copyright"":""jujutsu_kaisen"",""co_posts"":1,""character_coverage"":0.015873},{""copyright"":""mihoyo"",""co_posts"":1,""character_coverage"":0.015873}]","","","PENDING",""
"I70-027377","dark_elf_(lineage_2)","4","Character","73","","","","","ダークエルフ（系統2）","","[{""copyright"":""lineage"",""co_posts"":66,""character_coverage"":1.0},{""copyright"":""lineage_2"",""co_posts"":66,""character_coverage"":1.0},{""copyright"":""nier:automata"",""co_posts"":2,""character_coverage"":0.030303},{""copyright"":""nier_(series)"",""co_posts"":2,""character_coverage"":0.030303},{""copyright"":""alien_(series)"",""co_posts"":1,""character_coverage"":0.015152}]","","","PENDING",""
"I70-027378","don_(street_fighter)","4","Character","73","","","","","ドン（ストリートファイター）","","[{""copyright"":""street_fighter"",""co_posts"":67,""character_coverage"":1.0},{""copyright"":""street_fighter_iii_(series)"",""co_posts"":24,""character_coverage"":0.358209},{""copyright"":""street_fighter_v"",""co_posts"":14,""character_coverage"":0.208955},{""copyright"":""street_fighter_iv_(series)"",""co_posts"":7,""character_coverage"":0.104478},{""copyright"":""capcom"",""co_posts"":3,""character_coverage"":0.044776}]","","","PENDING",""
"I70-027379","dr._crygor","4","Character","73","","","","","Dr.クライゴア","","[{""copyright"":""warioware"",""co_posts"":59,""character_coverage"":1.0},{""copyright"":""warioware:_get_it_together!"",""co_posts"":13,""character_coverage"":0.220339},{""copyright"":""super_smash_bros."",""co_posts"":3,""character_coverage"":0.050847},{""copyright"":""mario_(series)"",""co_posts"":2,""character_coverage"":0.033898},{""copyright"":""boku_no_hero_academia"",""co_posts"":1,""character_coverage"":0.016949}]","","","PENDING",""
"I70-027380","drift_(transformers)","4","Character","73","","","","","ドリフト(トランスフォーマー)","","[{""copyright"":""transformers"",""co_posts"":59,""character_coverage"":1.0},{""copyright"":""the_transformers_(idw)"",""co_posts"":46,""character_coverage"":0.779661},{""copyright"":""transformers:_generation_1"",""co_posts"":4,""character_coverage"":0.067797},{""copyright"":""transformers_(live_action)"",""co_posts"":4,""character_coverage"":0.067797},{""copyright"":""transformers:_animated"",""co_posts"":3,""character_coverage"":0.050847}]","","","PENDING",""
"I70-027381","dudunsparce_(two-segment)","4","Character","73","","","","","ふたふしフォルム","","[{""copyright"":""pokemon"",""co_posts"":70,""character_coverage"":1.0},{""copyright"":""pokemon_scarlet_and_violet"",""co_posts"":39,""character_coverage"":0.557143},{""copyright"":""pokemon_masters_ex"",""co_posts"":4,""character_coverage"":0.057143},{""copyright"":""pokemon_tcg"",""co_posts"":4,""character_coverage"":0.057143},{""copyright"":""pokemon_sword_and_shield"",""co_posts"":3,""character_coverage"":0.042857}]","","","PENDING",""
"I70-027382","duke_of_york_(warship_girls_r)","4","Character","73","","","","","デューク・オブ・ヨーク","","[{""copyright"":""warship_girls_r"",""co_posts"":68,""character_coverage"":1.0},{""copyright"":""diamond_wa_kudakenai"",""co_posts"":1,""character_coverage"":0.014706},{""copyright"":""jojo_no_kimyou_na_bouken"",""co_posts"":1,""character_coverage"":0.014706},{""copyright"":""pulp_fiction"",""co_posts"":1,""character_coverage"":0.014706},{""copyright"":""queen_(band)"",""co_posts"":1,""character_coverage"":0.014706}]","","","PENDING",""
"I70-027383","eidsvold_(kancolle)","4","Character","73","","","","","アイツヴォル","","[{""copyright"":""kantai_collection"",""co_posts"":72,""character_coverage"":1.0},{""copyright"":""2026_fifa_world_cup"",""co_posts"":1,""character_coverage"":0.013889},{""copyright"":""parodius"",""co_posts"":1,""character_coverage"":0.013889},{""copyright"":""real_life"",""co_posts"":1,""character_coverage"":0.013889},{""copyright"":""world_cup"",""co_posts"":1,""character_coverage"":0.013889}]","","","PENDING",""
"I70-027384","elio_(honkai:_star_rail)","4","Character","73","","","","","","","[{""copyright"":""honkai:_star_rail"",""co_posts"":73,""character_coverage"":1.0},{""copyright"":""honkai_(series)"",""co_posts"":73,""character_coverage"":1.0},{""copyright"":""artemis_program"",""co_posts"":1,""character_coverage"":0.013699},{""copyright"":""family_guy"",""co_posts"":1,""character_coverage"":0.013699},{""copyright"":""initial_d"",""co_posts"":1,""character_coverage"":0.013699}]","","","PENDING",""
"I70-027385","elon_musk","4","Character","73","","","","","イーロン・マスク","","[{""copyright"":""real_life"",""co_posts"":42,""character_coverage"":0.626866},{""copyright"":""twitter"",""co_posts"":15,""character_coverage"":0.223881},{""copyright"":""original"",""co_posts"":14,""character_coverage"":0.208955},{""copyright"":""xai_(company)"",""co_posts"":10,""character_coverage"":0.149254},{""copyright"":""idolmaster"",""co_posts"":8,""character_coverage"":0.119403}]","","","PENDING",""
"I70-027386","enamorus_(incarnate)","4","Character","73","","","","","ラブトロス(けしん)","","[{""copyright"":""pokemon"",""co_posts"":73,""character_coverage"":1.0},{""copyright"":""pokemon_legends:_arceus"",""co_posts"":19,""character_coverage"":0.260274},{""copyright"":""pokemon_tcg"",""co_posts"":7,""character_coverage"":0.09589},{""copyright"":""one_piece"",""co_posts"":1,""character_coverage"":0.013699},{""copyright"":""phineas_and_ferb"",""co_posts"":1,""character_coverage"":0.013699}]","","","PENDING",""
"I70-027387","eniwa_shii","4","Character","73","","","","","恵庭椎","","[{""copyright"":""super_cub"",""co_posts"":69,""character_coverage"":1.0},{""copyright"":""yurucamp"",""co_posts"":3,""character_coverage"":0.043478},{""copyright"":""megami_magazine"",""co_posts"":2,""character_coverage"":0.028986},{""copyright"":""sora_yori_mo_tooi_basho"",""co_posts"":2,""character_coverage"":0.028986},{""copyright"":""comic_girls"",""co_posts"":1,""character_coverage"":0.014493}]","","","PENDING",""
"I70-027388","enome","4","Character","73","","","","","エノメ","","[{""copyright"":""futoku_no_guild"",""co_posts"":40,""character_coverage"":1.0},{""copyright"":""megami_magazine"",""co_posts"":1,""character_coverage"":0.025}]","","","PENDING",""
"I70-027389","entelechia_(dazzling_blue)_(arknights)","4","Character","73","","","","","","","[{""copyright"":""arknights"",""co_posts"":60,""character_coverage"":1.0},{""copyright"":""microsoft_windows"",""co_posts"":1,""character_coverage"":0.016667},{""copyright"":""windows_classic"",""co_posts"":1,""character_coverage"":0.016667}]","","","PENDING",""
"I70-027390","eve_(gundam_build_divers_re:rise)","4","Character","73","","","","","イヴ(GBD)","","[{""copyright"":""gundam"",""co_posts"":73,""character_coverage"":1.0},{""copyright"":""gundam_build_divers"",""co_posts"":73,""character_coverage"":1.0},{""copyright"":""gundam_build_divers_re:rise"",""co_posts"":73,""character_coverage"":1.0},{""copyright"":""gundam_00"",""co_posts"":2,""character_coverage"":0.027397},{""copyright"":""gundam_narrative"",""co_posts"":2,""character_coverage"":0.027397}]","","","PENDING",""
"I70-027391","fafnir_(last_origin)","4","Character","73","","","","","ファフニール(ラストオリジン)","","[{""copyright"":""last_origin"",""co_posts"":70,""character_coverage"":1.0},{""copyright"":""azur_lane"",""co_posts"":1,""character_coverage"":0.014286},{""copyright"":""mad_max"",""co_posts"":1,""character_coverage"":0.014286},{""copyright"":""mad_max:_fury_road"",""co_posts"":1,""character_coverage"":0.014286},{""copyright"":""sengoku_ace"",""co_posts"":1,""character_coverage"":0.014286}]","","","PENDING",""
"I70-027392","felli_loss","4","Character","73","","","","","フェリ・ロス","","[{""copyright"":""koukaku_no_regios"",""co_posts"":58,""character_coverage"":1.0},{""copyright"":""akikan!"",""co_posts"":2,""character_coverage"":0.034483},{""copyright"":""asu_no_yoichi"",""co_posts"":2,""character_coverage"":0.034483},{""copyright"":""black_rock_shooter"",""co_posts"":2,""character_coverage"":0.034483},{""copyright"":""k-on!"",""co_posts"":2,""character_coverage"":0.034483}]","","","PENDING",""
"I70-027393","fran_(gudanco_(nyanmeowzer))","4","Character","73","","","","","フラン（グダンコ（ニャンメオウザー））","","[{""copyright"":""original"",""co_posts"":72,""character_coverage"":1.0},{""copyright"":""arknights"",""co_posts"":2,""character_coverage"":0.027778},{""copyright"":""indie_virtual_youtuber"",""co_posts"":2,""character_coverage"":0.027778},{""copyright"":""phase_connect"",""co_posts"":2,""character_coverage"":0.027778},{""copyright"":""real_life"",""co_posts"":2,""character_coverage"":0.027778}]","","","PENDING",""
"I70-027394","fubuki_clockford","4","Character","73","","","","","フブキクロックフォード","","[{""copyright"":""master_detective_archives:_rain_code"",""co_posts"":73,""character_coverage"":1.0},{""copyright"":""danganronpa:_trigger_happy_havoc"",""co_posts"":1,""character_coverage"":0.013699},{""copyright"":""danganronpa_(series)"",""co_posts"":1,""character_coverage"":0.013699},{""copyright"":""pokemon"",""co_posts"":1,""character_coverage"":0.013699},{""copyright"":""poptepipic"",""co_posts"":1,""character_coverage"":0.013699}]","","","PENDING",""
"I70-027395","furuya_satoru","4","Character","73","","","","","降谷暁","","[{""copyright"":""daiya_no_ace"",""co_posts"":65,""character_coverage"":1.0},{""copyright"":""fuwa_fuwa_cinnamoroll"",""co_posts"":1,""character_coverage"":0.015385},{""copyright"":""sanrio"",""co_posts"":1,""character_coverage"":0.015385}]","","","PENDING",""
"I70-027396","fusaichi_pandora_(assorted_cuteness)_(umamusume)","4","Character","73","","","","","","","[{""copyright"":""umamusume"",""co_posts"":68,""character_coverage"":1.0},{""copyright"":""blue_archive"",""co_posts"":1,""character_coverage"":0.014706},{""copyright"":""cygames"",""co_posts"":1,""character_coverage"":0.014706},{""copyright"":""meitantei_precure!"",""co_posts"":1,""character_coverage"":0.014706},{""copyright"":""precure"",""co_posts"":1,""character_coverage"":0.014706}]","","","PENDING",""
"I70-027397","gabu_(yomi_no_tsugai)","4","Character","73","","","","","ガブちゃん(黄泉のツガイ)","","[{""copyright"":""yomi_no_tsugai"",""co_posts"":55,""character_coverage"":1.0},{""copyright"":""fullmetal_alchemist"",""co_posts"":3,""character_coverage"":0.054545},{""copyright"":""blue_archive"",""co_posts"":1,""character_coverage"":0.018182},{""copyright"":""umamusume"",""co_posts"":1,""character_coverage"":0.018182}]","","","PENDING",""
"I70-027398","ganyu_(qilin)_(genshin_impact)","4","Character","73","","","","","甘雨(麒麟)","","[{""copyright"":""genshin_impact"",""co_posts"":73,""character_coverage"":1.0}]","","","PENDING",""
"I70-027399","gecko_zen","4","Character","73","","","","","","","[{""copyright"":""vshojo"",""co_posts"":38,""character_coverage"":0.612903},{""copyright"":""indie_virtual_youtuber"",""co_posts"":20,""character_coverage"":0.322581},{""copyright"":""socks_agency"",""co_posts"":7,""character_coverage"":0.112903},{""copyright"":""original"",""co_posts"":2,""character_coverage"":0.032258},{""copyright"":""pokemon"",""co_posts"":2,""character_coverage"":0.032258}]","","","PENDING",""
"I70-027400","george_russell","4","Character","73","","","","","","","[{""copyright"":""formula_one"",""co_posts"":73,""character_coverage"":1.0},{""copyright"":""real_life"",""co_posts"":71,""character_coverage"":0.972603},{""copyright"":""batman_(series)"",""co_posts"":2,""character_coverage"":0.027397},{""copyright"":""care_bears"",""co_posts"":2,""character_coverage"":0.027397},{""copyright"":""dc_comics"",""co_posts"":2,""character_coverage"":0.027397}]","","","PENDING",""
"I70-027401","giant_otter_(kemono_friends)","4","Character","73","","","","","オオカワウソ","","[{""copyright"":""kemono_friends"",""co_posts"":63,""character_coverage"":1.0},{""copyright"":""kemono_friends_3"",""co_posts"":13,""character_coverage"":0.206349},{""copyright"":""arai-san_mansion"",""co_posts"":1,""character_coverage"":0.015873},{""copyright"":""jojo_no_kimyou_na_bouken"",""co_posts"":1,""character_coverage"":0.015873},{""copyright"":""saturn_devouring_his_son"",""co_posts"":1,""character_coverage"":0.015873}]","","","PENDING",""
"I70-027402","ginro_(dr._stone)","4","Character","73","","","","","銀狼(Dr.STONE)","","[{""copyright"":""dr._stone"",""co_posts"":72,""character_coverage"":1.0},{""copyright"":""fall_guys"",""co_posts"":2,""character_coverage"":0.027778},{""copyright"":""kantai_collection"",""co_posts"":2,""character_coverage"":0.027778},{""copyright"":""fate/grand_order"",""co_posts"":1,""character_coverage"":0.013889},{""copyright"":""fate_(series)"",""co_posts"":1,""character_coverage"":0.013889}]","","","PENDING",""
"I70-027403","girl_from_the_illusionary_world","4","Character","73","","","","","幻想世界の少女","","[{""copyright"":""clannad"",""co_posts"":65,""character_coverage"":1.0},{""copyright"":""dango_daikazoku"",""co_posts"":8,""character_coverage"":0.123077},{""copyright"":""air_(visual_novel)"",""co_posts"":5,""character_coverage"":0.076923},{""copyright"":""kanon"",""co_posts"":5,""character_coverage"":0.076923},{""copyright"":""key_(company)"",""co_posts"":3,""character_coverage"":0.046154}]","","","PENDING",""
"I70-027404","glass_(tate_no_yuusha_no_nariagari)","4","Character","73","","","","","グラス(盾の勇者の成り上がり)","","[{""copyright"":""tate_no_yuusha_no_nariagari"",""co_posts"":54,""character_coverage"":1.0},{""copyright"":""tate_no_yuusha_no_nariagari_rerise"",""co_posts"":13,""character_coverage"":0.240741},{""copyright"":""tate_no_yuusha_no_nariagari_rise"",""co_posts"":2,""character_coverage"":0.037037},{""copyright"":""yari_no_yuusha_no_yarinaoshi"",""co_posts"":1,""character_coverage"":0.018519}]","","","PENDING",""
"I70-027405","goliath_(girls'_frontline)","4","Character","73","","","","","ゴリアテ(ドールズフロントライン)","","[{""copyright"":""girls'_frontline"",""co_posts"":71,""character_coverage"":1.0},{""copyright"":""girls'_frontline_2:_exilium"",""co_posts"":3,""character_coverage"":0.042254},{""copyright"":""andersen's_fairy_tales"",""co_posts"":2,""character_coverage"":0.028169},{""copyright"":""command_&_conquer"",""co_posts"":2,""character_coverage"":0.028169},{""copyright"":""adventure_time"",""co_posts"":1,""character_coverage"":0.014085}]","","","PENDING",""
"I70-027406","gorizia_(azur_lane)","4","Character","73","","","","","ゴリツィア(アズールレーン)","","[{""copyright"":""azur_lane"",""co_posts"":67,""character_coverage"":1.0}]","","","PENDING",""
"I70-027407","grand_mother_silk_(hollow_knight)","4","Character","73","","","","","","","[{""copyright"":""hollow_knight"",""co_posts"":64,""character_coverage"":1.0},{""copyright"":""hollow_knight:_silksong"",""co_posts"":64,""character_coverage"":1.0},{""copyright"":""invincible_(series)"",""co_posts"":1,""character_coverage"":0.015625},{""copyright"":""neon_genesis_evangelion"",""co_posts"":1,""character_coverage"":0.015625},{""copyright"":""the_end_of_evangelion"",""co_posts"":1,""character_coverage"":0.015625}]","","","PENDING",""
"I70-027408","gray_(fire_emblem)","4","Character","73","grey_(fire_emblem)","grey (fire emblem)","","","グレー（火の紋章）","","[{""copyright"":""fire_emblem"",""co_posts"":68,""character_coverage"":1.0},{""copyright"":""fire_emblem_echoes:_shadows_of_valentia"",""co_posts"":64,""character_coverage"":0.941176},{""copyright"":""fire_emblem_heroes"",""co_posts"":21,""character_coverage"":0.308824},{""copyright"":""fire_emblem:_mystery_of_the_emblem"",""co_posts"":10,""character_coverage"":0.147059},{""copyright"":""fire_emblem_fates"",""co_posts"":9,""character_coverage"":0.132353}]","","","PENDING",""
"I70-027409","haiseiko_(umamusume)","4","Character","73","","","","","ハイセイコー(ウマ娘)","","[{""copyright"":""umamusume"",""co_posts"":69,""character_coverage"":1.0},{""copyright"":""cardcaptor_sakura"",""co_posts"":1,""character_coverage"":0.014493},{""copyright"":""fate/extra"",""co_posts"":1,""character_coverage"":0.014493},{""copyright"":""fate_(series)"",""co_posts"":1,""character_coverage"":0.014493},{""copyright"":""nijisanji"",""co_posts"":1,""character_coverage"":0.014493}]","","","PENDING",""
"I70-027410","hanato_kobato","4","Character","73","kobato_hanato","kobato hanato","","","花戸小鳩","","[{""copyright"":""kobato."",""co_posts"":65,""character_coverage"":1.0},{""copyright"":""cardcaptor_sakura"",""co_posts"":10,""character_coverage"":0.153846},{""copyright"":""chobits"",""co_posts"":7,""character_coverage"":0.107692},{""copyright"":""tsubasa_chronicle"",""co_posts"":7,""character_coverage"":0.107692},{""copyright"":""newtype"",""co_posts"":5,""character_coverage"":0.076923}]","","","PENDING",""
"I70-027411","haru_(cevio)","4","Character","73","","","","","羽累","","[{""copyright"":""cevio"",""co_posts"":71,""character_coverage"":1.0},{""copyright"":""kamitsubaki_studio"",""co_posts"":71,""character_coverage"":1.0},{""copyright"":""synthesizer_v"",""co_posts"":2,""character_coverage"":0.028169},{""copyright"":""utau"",""co_posts"":2,""character_coverage"":0.028169},{""copyright"":""a.i._voice"",""co_posts"":1,""character_coverage"":0.014085}]","","","PENDING",""
"I70-027412","hasumi_rain","4","Character","73","","","","","hasumi雨","","[{""copyright"":""valkyrie_drive"",""co_posts"":55,""character_coverage"":1.0},{""copyright"":""valkyrie_drive_-mermaid-"",""co_posts"":55,""character_coverage"":1.0},{""copyright"":""high_school_dxd"",""co_posts"":2,""character_coverage"":0.036364},{""copyright"":""nyantype"",""co_posts"":1,""character_coverage"":0.018182}]","","","PENDING",""
"I70-027413","hatsune_miku_(bless_you)","4","Character","73","bless_you_(module)","bless you (module)","","","ブレス・ユー","","[{""copyright"":""vocaloid"",""co_posts"":70,""character_coverage"":1.0},{""copyright"":""project_diva_(series)"",""co_posts"":67,""character_coverage"":0.957143},{""copyright"":""nisoku_hokou_(vocaloid)"",""co_posts"":66,""character_coverage"":0.942857},{""copyright"":""project_diva_f_2nd"",""co_posts"":40,""character_coverage"":0.571429},{""copyright"":""odds_&_ends_(vocaloid)"",""co_posts"":6,""character_coverage"":0.085714}]","","","PENDING",""
"I70-027414","hawkgirl","4","Character","73","","","","","ホークガール","","[{""copyright"":""dc_comics"",""co_posts"":56,""character_coverage"":1.0},{""copyright"":""superman_(series)"",""co_posts"":28,""character_coverage"":0.5},{""copyright"":""superman_(2025)"",""co_posts"":25,""character_coverage"":0.446429},{""copyright"":""justice_league"",""co_posts"":10,""character_coverage"":0.178571},{""copyright"":""batman_(series)"",""co_posts"":7,""character_coverage"":0.125}]","","","PENDING",""
"I70-027415","hayami_kazuya","4","Character","73","","","","","はやみかずや","","[{""copyright"":""sakura_no_sekai"",""co_posts"":73,""character_coverage"":1.0}]","","","PENDING",""
"I70-027416","herrscher_of_sentience_(onyx_simurgh)","4","Character","73","","","","","","","[{""copyright"":""honkai_(series)"",""co_posts"":71,""character_coverage"":1.0},{""copyright"":""honkai_impact_3rd"",""co_posts"":71,""character_coverage"":1.0},{""copyright"":""genshin_impact"",""co_posts"":3,""character_coverage"":0.042254},{""copyright"":""mihoyo"",""co_posts"":3,""character_coverage"":0.042254}]","","","PENDING",""
"I70-027417","hi_no_tori_(kemono_friends)","4","Character","73","","","","","火の鳥(けものフレンズ)","","[{""copyright"":""kemono_friends"",""co_posts"":71,""character_coverage"":1.0},{""copyright"":""hi_no_tori"",""co_posts"":49,""character_coverage"":0.690141},{""copyright"":""kemono_friends_3"",""co_posts"":17,""character_coverage"":0.239437},{""copyright"":""unico"",""co_posts"":7,""character_coverage"":0.098592},{""copyright"":""godzilla_(series)"",""co_posts"":6,""character_coverage"":0.084507}]","","","PENDING",""
"I70-027418","himekawa_kotone","4","Character","73","","","","","姫川琴音","","[{""copyright"":""to_heart"",""co_posts"":68,""character_coverage"":1.0},{""copyright"":""to_heart_(series)"",""co_posts"":68,""character_coverage"":1.0},{""copyright"":""to_heart_2"",""co_posts"":2,""character_coverage"":0.029412},{""copyright"":""comiket_107"",""co_posts"":1,""character_coverage"":0.014706},{""copyright"":""kizuato"",""co_posts"":1,""character_coverage"":0.014706}]","","","PENDING",""
"I70-027419","himenokouji_akiko","4","Character","73","","","","","姫小路秋子","","[{""copyright"":""onii-chan_dakedo_ai_sae_areba_kankeinai_yo_ne"",""co_posts"":68,""character_coverage"":1.0},{""copyright"":""megami_magazine"",""co_posts"":4,""character_coverage"":0.058824},{""copyright"":""nyantype"",""co_posts"":4,""character_coverage"":0.058824},{""copyright"":""chuunibyou_demo_koi_ga_shitai!"",""co_posts"":3,""character_coverage"":0.044118},{""copyright"":""sword_art_online"",""co_posts"":3,""character_coverage"":0.044118}]","","","PENDING",""
"I70-027420","hinoshita_kaho_(summer_training_wear)","4","Character","73","hinoshita_kaho_(summer_training_outfit)","hinoshita kaho (summer training outfit)","","","","","[{""copyright"":""love_live!"",""co_posts"":70,""character_coverage"":1.0},{""copyright"":""love_live!_hasu_no_sora_jogakuin_school_idol_club"",""co_posts"":70,""character_coverage"":1.0},{""copyright"":""deepness_(love_live!)"",""co_posts"":1,""character_coverage"":0.014286},{""copyright"":""dream_believers"",""co_posts"":1,""character_coverage"":0.014286},{""copyright"":""dumbbell_nan_kilo_moteru?"",""co_posts"":1,""character_coverage"":0.014286}]","","","PENDING",""
"I70-027421","hinoshita_kaho_(winter_loungewear)","4","Character","73","","","","","","","[{""copyright"":""love_live!"",""co_posts"":71,""character_coverage"":1.0},{""copyright"":""love_live!_hasu_no_sora_jogakuin_school_idol_club"",""co_posts"":71,""character_coverage"":1.0},{""copyright"":""comiket_105"",""co_posts"":3,""character_coverage"":0.042254},{""copyright"":""fanfare!!!_(love_live!)"",""co_posts"":1,""character_coverage"":0.014085}]","","","PENDING",""
"I70-027422","hocotate_freight_steam_ship","4","Character","73","","","","","","","[{""copyright"":""pikmin_(series)"",""co_posts"":68,""character_coverage"":0.971429},{""copyright"":""pikmin_2"",""co_posts"":35,""character_coverage"":0.5},{""copyright"":""super_smash_bros."",""co_posts"":4,""character_coverage"":0.057143},{""copyright"":""f-zero"",""co_posts"":2,""character_coverage"":0.028571},{""copyright"":""kirby_(series)"",""co_posts"":2,""character_coverage"":0.028571}]","","","PENDING",""
"I70-027423","honey_luxmoore_(gandg)","4","Character","73","","","","","","","[{""copyright"":""original"",""co_posts"":8,""character_coverage"":0.8}]","","","PENDING",""
"I70-027424","hoshimachi_suisei_(new_year)","4","Character","73","hoshimachi_suisei_(2nd_costume)","hoshimachi suisei (2nd costume)","","","星街すいせい(正月衣装)","","[{""copyright"":""hololive"",""co_posts"":73,""character_coverage"":1.0},{""copyright"":""bleach"",""co_posts"":2,""character_coverage"":0.027397},{""copyright"":""hololive_english"",""co_posts"":2,""character_coverage"":0.027397},{""copyright"":""hololive_indonesia"",""co_posts"":2,""character_coverage"":0.027397},{""copyright"":""comiket_101"",""co_posts"":1,""character_coverage"":0.013699}]","","","PENDING",""
"I70-027425","idol-chan_(rangu)","4","Character","73","","","","","","","[{""copyright"":""original"",""co_posts"":73,""character_coverage"":1.0},{""copyright"":""comiket_103"",""co_posts"":1,""character_coverage"":0.013699},{""copyright"":""shrek_(series)"",""co_posts"":1,""character_coverage"":0.013699}]","","","PENDING",""
"I70-027426","imu_(lom)","4","Character","73","","","","","imu（lom）","","[{""copyright"":""legend_of_mana"",""co_posts"":63,""character_coverage"":1.0},{""copyright"":""seiken_densetsu"",""co_posts"":63,""character_coverage"":1.0},{""copyright"":""seiken_densetsu_2"",""co_posts"":2,""character_coverage"":0.031746},{""copyright"":""seiken_densetsu_3"",""co_posts"":2,""character_coverage"":0.031746},{""copyright"":"".hack//"",""co_posts"":1,""character_coverage"":0.015873}]","","","PENDING",""
"I70-027427","indian_wolf_(kemono_friends)","4","Character","73","","","","","インドオオカミ(けものフレンズ)","","[{""copyright"":""kemono_friends"",""co_posts"":62,""character_coverage"":1.0},{""copyright"":""kemono_friends_3"",""co_posts"":13,""character_coverage"":0.209677},{""copyright"":""crunchyroll"",""co_posts"":1,""character_coverage"":0.016129},{""copyright"":""scream_(movie)"",""co_posts"":1,""character_coverage"":0.016129},{""copyright"":""where's_wally?"",""co_posts"":1,""character_coverage"":0.016129}]","","","PENDING",""
"I70-027428","inui_toko_(stage_dress)","4","Character","73","inui_toko_(5th_costume)","inui toko (5th costume)","","","戌亥とこ(ステージ衣装)","","[{""copyright"":""nijisanji"",""co_posts"":71,""character_coverage"":1.0},{""copyright"":""hololive"",""co_posts"":4,""character_coverage"":0.056338},{""copyright"":""phony_(cevio)"",""co_posts"":1,""character_coverage"":0.014085},{""copyright"":""pokemon"",""co_posts"":1,""character_coverage"":0.014085},{""copyright"":""pokemon_legends:_arceus"",""co_posts"":1,""character_coverage"":0.014085}]","","","PENDING",""
"I70-027429","iriya_kana","4","Character","73","","","","","伊里野加奈","","[{""copyright"":""iriya_no_sora_ufo_no_natsu"",""co_posts"":70,""character_coverage"":1.0},{""copyright"":""accel_world"",""co_posts"":2,""character_coverage"":0.028571},{""copyright"":""baccano!"",""co_posts"":2,""character_coverage"":0.028571},{""copyright"":""black_bullet"",""co_posts"":2,""character_coverage"":0.028571},{""copyright"":""boogiepop"",""co_posts"":2,""character_coverage"":0.028571}]","","","PENDING",""
"I70-027430","iruma_jyuto","4","Character","73","iruma_juuto","iruma juuto","","","入間銃兎","","[{""copyright"":""hypnosis_mic"",""co_posts"":72,""character_coverage"":1.0},{""copyright"":""hypnosis_mic:_rule_the_stage"",""co_posts"":3,""character_coverage"":0.041667},{""copyright"":""alter_ego_(game)"",""co_posts"":1,""character_coverage"":0.013889},{""copyright"":""fuwa_fuwa_cinnamoroll"",""co_posts"":1,""character_coverage"":0.013889},{""copyright"":""hello_kitty"",""co_posts"":1,""character_coverage"":0.013889}]","","","PENDING",""
"I70-027431","isha_(arcane)","4","Character","73","","","","","","","[{""copyright"":""league_of_legends"",""co_posts"":68,""character_coverage"":1.0},{""copyright"":""arcane:_league_of_legends"",""co_posts"":67,""character_coverage"":0.985294},{""copyright"":""chiikawa"",""co_posts"":1,""character_coverage"":0.014706},{""copyright"":""how_to_train_your_dragon_(series)"",""co_posts"":1,""character_coverage"":0.014706},{""copyright"":""ivan_the_terrible_and_his_son_ivan"",""co_posts"":1,""character_coverage"":0.014706}]","","","PENDING",""
"I70-027432","isogiku_(flower_knight_girl)","4","Character","73","","","","","イソギク(花騎士)","","[{""copyright"":""flower_knight_girl"",""co_posts"":70,""character_coverage"":1.0},{""copyright"":""houseki_hime"",""co_posts"":2,""character_coverage"":0.028571},{""copyright"":""pikmin_(series)"",""co_posts"":2,""character_coverage"":0.028571},{""copyright"":""yu-gi-oh!"",""co_posts"":2,""character_coverage"":0.028571},{""copyright"":""azur_lane"",""co_posts"":1,""character_coverage"":0.014286}]","","","PENDING",""
"I70-027433","istvan_(alchemy_stars)","4","Character","73","","","","","","","[{""copyright"":""alchemy_stars"",""co_posts"":72,""character_coverage"":1.0},{""copyright"":""original"",""co_posts"":1,""character_coverage"":0.013889}]","","","PENDING",""
"I70-027434","jack_frost_(rise_of_the_guardians)","4","Character","73","","","","","ジャックフロスト（ガーディアンの台頭）","","[{""copyright"":""rise_of_the_guardians"",""co_posts"":65,""character_coverage"":1.0},{""copyright"":""frozen_(disney)"",""co_posts"":23,""character_coverage"":0.353846},{""copyright"":""how_to_train_your_dragon_(series)"",""co_posts"":7,""character_coverage"":0.107692},{""copyright"":""how_to_train_your_dragon_1"",""co_posts"":3,""character_coverage"":0.046154},{""copyright"":""adventure_time"",""co_posts"":2,""character_coverage"":0.030769}]","","","PENDING",""
"I70-027435","jaw_titan","4","Character","73","dancing_titan","dancing titan","","","颚之巨人","","[{""copyright"":""shingeki_no_kyojin"",""co_posts"":64,""character_coverage"":1.0},{""copyright"":""e.t."",""co_posts"":2,""character_coverage"":0.03125},{""copyright"":""vocaloid"",""co_posts"":2,""character_coverage"":0.03125},{""copyright"":""wizardry"",""co_posts"":1,""character_coverage"":0.015625},{""copyright"":""yuri!!!_on_ice"",""co_posts"":1,""character_coverage"":0.015625}]","","","PENDING",""
"I70-027436","jiangyu_(neural_cloud)","4","Character","73","","","","","絳雨(ニューラルクラウド)","","[{""copyright"":""girls'_frontline"",""co_posts"":70,""character_coverage"":1.0},{""copyright"":""girls'_frontline_neural_cloud"",""co_posts"":70,""character_coverage"":1.0},{""copyright"":""girls'_frontline_2:_exilium"",""co_posts"":2,""character_coverage"":0.028571}]","","","PENDING",""
"I70-027437","jo_(bakuretsu_tenshi)","4","Character","73","","","","","ジョウ","","[{""copyright"":""bakuretsu_tenshi"",""co_posts"":64,""character_coverage"":1.0},{""copyright"":""black_lagoon"",""co_posts"":1,""character_coverage"":0.015625},{""copyright"":""idolmaster"",""co_posts"":1,""character_coverage"":0.015625},{""copyright"":""idolmaster_(classic)"",""co_posts"":1,""character_coverage"":0.015625},{""copyright"":""idolmaster_1"",""co_posts"":1,""character_coverage"":0.015625}]","","","PENDING",""
"I70-027438","joker_(precure)","4","Character","73","joker_(smile_precure!)","joker (smile precure!)","","","ジョーカー","","[{""copyright"":""precure"",""co_posts"":61,""character_coverage"":1.0},{""copyright"":""smile_precure!"",""co_posts"":61,""character_coverage"":1.0},{""copyright"":""alice's_adventures_in_wonderland"",""co_posts"":1,""character_coverage"":0.016393},{""copyright"":""dokidoki!_precure"",""co_posts"":1,""character_coverage"":0.016393},{""copyright"":""frankenstein"",""co_posts"":1,""character_coverage"":0.016393}]","","","PENDING",""
"I70-027439","kaibutsu","4","Character","73","","","","","カブシュ","","[{""copyright"":"".flow"",""co_posts"":71,""character_coverage"":1.0},{""copyright"":""yume_2kki"",""co_posts"":2,""character_coverage"":0.028169},{""copyright"":""yume_nikki"",""co_posts"":2,""character_coverage"":0.028169},{""copyright"":""touhou"",""co_posts"":1,""character_coverage"":0.014085},{""copyright"":""yume_nisshi"",""co_posts"":1,""character_coverage"":0.014085}]","","","PENDING",""
"I70-027440","kamikawa_tamaki","4","Character","73","","","","","上川珠希","","[{""copyright"":""original"",""co_posts"":73,""character_coverage"":1.0}]","","","PENDING",""
"I70-027441","kanae_(14th_costume)_(nijisanji)","4","Character","73","","","","","叶(Yシャツ)","","[{""copyright"":""nijisanji"",""co_posts"":64,""character_coverage"":1.0},{""copyright"":""nijisanji_kr"",""co_posts"":2,""character_coverage"":0.03125},{""copyright"":""hololive"",""co_posts"":1,""character_coverage"":0.015625},{""copyright"":""nijisanji_en"",""co_posts"":1,""character_coverage"":0.015625},{""copyright"":""original"",""co_posts"":1,""character_coverage"":0.015625}]","","","PENDING",""
"I70-027442","kano_mahoro","4","Character","73","","","","","鹿乃まほろ","","[{""copyright"":""indie_virtual_youtuber"",""co_posts"":70,""character_coverage"":0.972222},{""copyright"":""indie_utaite"",""co_posts"":4,""character_coverage"":0.055556},{""copyright"":""identity_(vocaloid)"",""co_posts"":2,""character_coverage"":0.027778},{""copyright"":""original"",""co_posts"":2,""character_coverage"":0.027778},{""copyright"":""getting_over_it"",""co_posts"":1,""character_coverage"":0.013889}]","","","PENDING",""
"I70-027443","karan_eri","4","Character","73","","","","","花嵐エリ","","[{""copyright"":""digimon"",""co_posts"":71,""character_coverage"":1.0},{""copyright"":""digimon_universe:_appli_monsters"",""co_posts"":71,""character_coverage"":1.0},{""copyright"":""digimon_xros_wars"",""co_posts"":5,""character_coverage"":0.070423},{""copyright"":""digimon_adventure"",""co_posts"":4,""character_coverage"":0.056338},{""copyright"":""digimon_adventure_02"",""co_posts"":4,""character_coverage"":0.056338}]","","","PENDING",""
"I70-027444","karasumori_daikoku","4","Character","73","","","","","烏森大黒","","[{""copyright"":""world_dai_star"",""co_posts"":69,""character_coverage"":1.0},{""copyright"":""chunithm"",""co_posts"":1,""character_coverage"":0.014493},{""copyright"":""hansel_and_gretel"",""co_posts"":1,""character_coverage"":0.014493}]","","","PENDING",""
"I70-027445","katabami_(flower_knight_girl)","4","Character","73","","","","","カタバミ(花騎士)","","[{""copyright"":""flower_knight_girl"",""co_posts"":73,""character_coverage"":1.0}]","","","PENDING",""
"I70-027446","katsushika_hokusai_(exhibition_attire)_(fate)","4","Character","73","","","","","英霊博装","","[{""copyright"":""fate/grand_order"",""co_posts"":72,""character_coverage"":1.0},{""copyright"":""fate_(series)"",""co_posts"":72,""character_coverage"":1.0}]","","","PENDING",""
"I70-027447","kawabuchi_sentarou","4","Character","73","","","","","","","[{""copyright"":""sakamichi_no_apollon"",""co_posts"":73,""character_coverage"":1.0},{""copyright"":""daihatsu"",""co_posts"":1,""character_coverage"":0.013699},{""copyright"":""doraemon"",""co_posts"":1,""character_coverage"":0.013699}]","","","PENDING",""
"I70-027448","kinou_yumeto","4","Character","73","","","","","","","[{""copyright"":""nandome_ka_no_hajimemashite"",""co_posts"":73,""character_coverage"":1.0}]","","","PENDING",""
"I70-027449","kirishima_shouko","4","Character","73","","","","","霧島翔子","","[{""copyright"":""baka_to_test_to_shoukanjuu"",""co_posts"":60,""character_coverage"":1.0},{""copyright"":""megami_magazine"",""co_posts"":4,""character_coverage"":0.066667},{""copyright"":""newtype"",""co_posts"":2,""character_coverage"":0.033333},{""copyright"":""nyantype"",""co_posts"":2,""character_coverage"":0.033333},{""copyright"":""aa_megami-sama"",""co_posts"":1,""character_coverage"":0.016667}]","","","PENDING",""
"I70-027450","kitou_akari","4","Character","73","","","","","鬼頭明里","","[{""copyright"":""love_live!"",""co_posts"":28,""character_coverage"":0.388889},{""copyright"":""love_live!_nijigasaki_high_school_idol_club"",""co_posts"":28,""character_coverage"":0.388889},{""copyright"":""real_life"",""co_posts"":17,""character_coverage"":0.236111},{""copyright"":""kimetsu_no_yaiba"",""co_posts"":13,""character_coverage"":0.180556},{""copyright"":""umamusume"",""co_posts"":11,""character_coverage"":0.152778}]","","","PENDING",""
"I70-027451","kouenji_madoka","4","Character","73","","","","","高円寺マドカ","","[{""copyright"":""choukou_(alicesoft)"",""co_posts"":65,""character_coverage"":1.0},{""copyright"":""choukou_tenshi_escalayer"",""co_posts"":65,""character_coverage"":1.0},{""copyright"":""choukou_taisen_escalation_heroines"",""co_posts"":4,""character_coverage"":0.061538},{""copyright"":""alicesoft"",""co_posts"":1,""character_coverage"":0.015385}]","","","PENDING",""
"I70-027452","kouzaku_mitori","4","Character","73","","","","","警策看取","","[{""copyright"":""toaru_kagaku_no_railgun"",""co_posts"":67,""character_coverage"":1.0},{""copyright"":""toaru_majutsu_no_index"",""co_posts"":67,""character_coverage"":1.0},{""copyright"":""toaru_kagaku_no_railgun_t"",""co_posts"":60,""character_coverage"":0.895522},{""copyright"":""toaru_kagaku_no_mental_out"",""co_posts"":6,""character_coverage"":0.089552},{""copyright"":""toaru_majutsu_no_index:_new_testament"",""co_posts"":4,""character_coverage"":0.059701}]","","","PENDING",""
"I70-027453","kurokami_shorto-chan_(kemuri_haku)","4","Character","73","","","","","黒髪ショートちゃん","","[{""copyright"":""original"",""co_posts"":73,""character_coverage"":1.0}]","","","PENDING",""
"I70-027454","kuwana_gou_(tenka_hyakken)","4","Character","73","","","","","桑名江","","[{""copyright"":""tenka_hyakken"",""co_posts"":68,""character_coverage"":1.0},{""copyright"":""angel_beats!"",""co_posts"":2,""character_coverage"":0.029412},{""copyright"":""comiket_102"",""co_posts"":1,""character_coverage"":0.014706},{""copyright"":""hacka_doll"",""co_posts"":1,""character_coverage"":0.014706},{""copyright"":""strike_the_blood"",""co_posts"":1,""character_coverage"":0.014706}]","","","PENDING",""
"I70-027455","kuzakura_mika_(kuromiya)","4","Character","73","kuzakura_mika","kuzakura mika","","","來桜未嘉","","[{""copyright"":""original"",""co_posts"":73,""character_coverage"":1.0}]","","","PENDING",""
"I70-027456","kyumi_(mannack)","4","Character","73","","","","","キュミ","","[{""copyright"":""original"",""co_posts"":72,""character_coverage"":1.0},{""copyright"":""gochuumon_wa_usagi_desu_ka?"",""co_posts"":1,""character_coverage"":0.013889},{""copyright"":""rabbit_hole_(vocaloid)"",""co_posts"":1,""character_coverage"":0.013889}]","","","PENDING",""
"I70-027457","lainie_cyan","4","Character","73","","","","","レイニ・シアン","","[{""copyright"":""tensei_oujo_to_tensai_reijou_no_mahou_kakumei"",""co_posts"":66,""character_coverage"":1.0},{""copyright"":""bang_dream!"",""co_posts"":1,""character_coverage"":0.015152},{""copyright"":""bang_dream!_it's_mygo!!!!!"",""co_posts"":1,""character_coverage"":0.015152},{""copyright"":""boku_no_kokoro_no_yabai_yatsu"",""co_posts"":1,""character_coverage"":0.015152},{""copyright"":""hoshikuzu_telepath"",""co_posts"":1,""character_coverage"":0.015152}]","","","PENDING",""
"I70-027458","laura_matsuda_(story)","4","Character","73","","","","","","","[{""copyright"":""street_fighter"",""co_posts"":52,""character_coverage"":1.0},{""copyright"":""street_fighter_v"",""co_posts"":52,""character_coverage"":1.0},{""copyright"":""street_fighter_iii_(series)"",""co_posts"":2,""character_coverage"":0.038462},{""copyright"":""street_fighter_zero_(series)"",""co_posts"":2,""character_coverage"":0.038462},{""copyright"":""blazblue"",""co_posts"":1,""character_coverage"":0.019231}]","","","PENDING",""
"I70-027459","laxia_von_roswell","4","Character","73","laxia_(ys)","laxia (ys)","","","ラクシャ","","[{""copyright"":""ys"",""co_posts"":65,""character_coverage"":1.0},{""copyright"":""ys_viii:_lacrimosa_of_dana"",""co_posts"":65,""character_coverage"":1.0},{""copyright"":""eiyuu_densetsu"",""co_posts"":3,""character_coverage"":0.046154},{""copyright"":""azur_lane"",""co_posts"":1,""character_coverage"":0.015385},{""copyright"":""closers"",""co_posts"":1,""character_coverage"":0.015385}]","","","PENDING",""
"I70-027460","leander_(retrofit)_(azur_lane)","4","Character","73","","","","","","","[{""copyright"":""azur_lane"",""co_posts"":67,""character_coverage"":1.0},{""copyright"":""world_of_warships"",""co_posts"":1,""character_coverage"":0.014925}]","","","PENDING",""
"I70-027461","li_shuwen_(old)_(first_ascension)_(fate)","4","Character","73","","","","","","","[{""copyright"":""fate/grand_order"",""co_posts"":71,""character_coverage"":1.0},{""copyright"":""fate_(series)"",""co_posts"":71,""character_coverage"":1.0},{""copyright"":""arknights"",""co_posts"":1,""character_coverage"":0.014085},{""copyright"":""choo_choo_train"",""co_posts"":1,""character_coverage"":0.014085},{""copyright"":""dragon_ball"",""co_posts"":1,""character_coverage"":0.014085}]","","","PENDING",""
"I70-027462","lilja_kurtbay","4","Character","73","","","","","リリヤ・クルトベイ","","[{""copyright"":""world_dai_star"",""co_posts"":72,""character_coverage"":1.0},{""copyright"":""ongeki"",""co_posts"":2,""character_coverage"":0.027778}]","","","PENDING",""
"I70-027463","lisara_restall","4","Character","73","","","","","リサラ・レストール","","[{""copyright"":""dakara_boku_wa_h_ga_dekinai"",""co_posts"":67,""character_coverage"":1.0},{""copyright"":""nyantype"",""co_posts"":7,""character_coverage"":0.104478},{""copyright"":""megami_magazine"",""co_posts"":5,""character_coverage"":0.074627},{""copyright"":""newtype"",""co_posts"":1,""character_coverage"":0.014925}]","","","PENDING",""
"I70-027464","loch_ness_monster","4","Character","73","nessie_(cryptid)","nessie (cryptid)","","","ネッシー","","[{""copyright"":""touhou"",""co_posts"":23,""character_coverage"":0.343284},{""copyright"":""original"",""co_posts"":17,""character_coverage"":0.253731},{""copyright"":""north_american_mythology"",""co_posts"":7,""character_coverage"":0.104478},{""copyright"":""dandadan"",""co_posts"":4,""character_coverage"":0.059701},{""copyright"":""hololive"",""co_posts"":4,""character_coverage"":0.059701}]","","","PENDING",""
"I70-027465","luna_noah","4","Character","73","","","","","ルーナ・ノア","","[{""copyright"":""lunar:_the_silver_star"",""co_posts"":54,""character_coverage"":0.947368},{""copyright"":""lunar_(series)"",""co_posts"":52,""character_coverage"":0.912281},{""copyright"":""lunar_2:_eternal_blue"",""co_posts"":6,""character_coverage"":0.105263},{""copyright"":""grandia"",""co_posts"":3,""character_coverage"":0.052632},{""copyright"":""grandia_i"",""co_posts"":3,""character_coverage"":0.052632}]","","","PENDING",""
"I70-027466","mafiaduck_(nilan)","4","Character","73","godfather_duck_(nilan)","godfather duck (nilan)","","","マフィアダック（ニラン）","","[{""copyright"":""original"",""co_posts"":72,""character_coverage"":1.0},{""copyright"":""little_nuns_(diva)"",""co_posts"":2,""character_coverage"":0.027778},{""copyright"":""marvel"",""co_posts"":1,""character_coverage"":0.013889},{""copyright"":""spider-man_(series)"",""co_posts"":1,""character_coverage"":0.013889},{""copyright"":""xp-pen"",""co_posts"":1,""character_coverage"":0.013889}]","","","PENDING",""
"I70-027467","magna_naumann_(arknights)","4","Character","73","","","","","マグナ・ナウマン","","[{""copyright"":""arknights"",""co_posts"":19,""character_coverage"":1.0}]","","","PENDING",""
"I70-027468","male_slayer_(dungeon_and_fighter)","4","Character","73","","","","","","","[{""copyright"":""dungeon_and_fighter"",""co_posts"":64,""character_coverage"":1.0},{""copyright"":""dnf_duel"",""co_posts"":1,""character_coverage"":0.015625},{""copyright"":""instagram"",""co_posts"":1,""character_coverage"":0.015625}]","","","PENDING",""
"I70-027469","manabe_jin'ichirou","4","Character","73","","","","","みなまな","","[{""copyright"":""inazuma_eleven_(series)"",""co_posts"":68,""character_coverage"":1.0},{""copyright"":""inazuma_eleven_go"",""co_posts"":67,""character_coverage"":0.985294},{""copyright"":""inazuma_eleven_go_galaxy"",""co_posts"":66,""character_coverage"":0.970588},{""copyright"":""inazuma_eleven"",""co_posts"":7,""character_coverage"":0.102941},{""copyright"":""inazuma_eleven_go_chrono_stone"",""co_posts"":5,""character_coverage"":0.073529}]","","","PENDING",""
"I70-027470","march_7th_(feast)_(honkai:_star_rail)","4","Character","73","","","","","","","[{""copyright"":""honkai:_star_rail"",""co_posts"":73,""character_coverage"":1.0},{""copyright"":""honkai_(series)"",""co_posts"":73,""character_coverage"":1.0},{""copyright"":""comiket_103"",""co_posts"":1,""character_coverage"":0.013699}]","","","PENDING",""
"I70-027471","marie_(sister_princess)","4","Character","73","","","","","鞠絵","","[{""copyright"":""sister_princess"",""co_posts"":64,""character_coverage"":1.0},{""copyright"":""final_fantasy"",""co_posts"":1,""character_coverage"":0.015625},{""copyright"":""final_fantasy_tactics"",""co_posts"":1,""character_coverage"":0.015625},{""copyright"":""kantai_collection"",""co_posts"":1,""character_coverage"":0.015625},{""copyright"":""newtype"",""co_posts"":1,""character_coverage"":0.015625}]","","","PENDING",""
"I70-027472","markus_(gyee)","4","Character","73","","","","","マルクス（gyee）","","[{""copyright"":""gyee"",""co_posts"":69,""character_coverage"":1.0},{""copyright"":""full_service_(mazjojo)"",""co_posts"":3,""character_coverage"":0.043478},{""copyright"":""live_a_hero"",""co_posts"":1,""character_coverage"":0.014493},{""copyright"":""original"",""co_posts"":1,""character_coverage"":0.014493},{""copyright"":""priapus"",""co_posts"":1,""character_coverage"":0.014493}]","","","PENDING",""
"I70-027473","martin_upmont","4","Character","73","","","","","マルタン・アップモント","","[{""copyright"":""gundam"",""co_posts"":72,""character_coverage"":1.0},{""copyright"":""gundam_suisei_no_majo"",""co_posts"":72,""character_coverage"":1.0},{""copyright"":""cyberpunk:_edgerunners"",""co_posts"":1,""character_coverage"":0.013889},{""copyright"":""cyberpunk_(series)"",""co_posts"":1,""character_coverage"":0.013889},{""copyright"":""mario_(series)"",""co_posts"":1,""character_coverage"":0.013889}]","","","PENDING",""
"I70-027474","mary_anning_(second_ascension)_(fate)","4","Character","73","","","","","","","[{""copyright"":""fate/grand_order"",""co_posts"":70,""character_coverage"":1.0},{""copyright"":""fate_(series)"",""co_posts"":70,""character_coverage"":1.0},{""copyright"":""learning_with_manga!_fgo"",""co_posts"":45,""character_coverage"":0.642857},{""copyright"":""dragon_ball"",""co_posts"":1,""character_coverage"":0.014286},{""copyright"":""dragon_ball_z"",""co_posts"":1,""character_coverage"":0.014286}]","","","PENDING",""
"I70-027475","matthias_(project_moon)","4","Character","73","","","","","","","[{""copyright"":""limbus_company"",""co_posts"":66,""character_coverage"":1.0},{""copyright"":""project_moon"",""co_posts"":66,""character_coverage"":1.0},{""copyright"":""arknights"",""co_posts"":3,""character_coverage"":0.045455},{""copyright"":""arknights:_endfield"",""co_posts"":3,""character_coverage"":0.045455},{""copyright"":""invincible_(series)"",""co_posts"":2,""character_coverage"":0.030303}]","","","PENDING",""
"I70-027476","maud","4","Character","73","","","","","モード","","[{""copyright"":""bemani"",""co_posts"":72,""character_coverage"":1.0},{""copyright"":""jubeat"",""co_posts"":71,""character_coverage"":0.986111},{""copyright"":""beatmania_iidx"",""co_posts"":5,""character_coverage"":0.069444},{""copyright"":""castlevania_(series)"",""co_posts"":2,""character_coverage"":0.027778},{""copyright"":""himouto!_umaru-chan"",""co_posts"":2,""character_coverage"":0.027778}]","","","PENDING",""
"I70-027477","meilin_lee","4","Character","73","","","","","李美玲","","[{""copyright"":""turning_red"",""co_posts"":58,""character_coverage"":1.0},{""copyright"":""mario_(series)"",""co_posts"":2,""character_coverage"":0.034483},{""copyright"":""naruto_(series)"",""co_posts"":2,""character_coverage"":0.034483},{""copyright"":""powerpuff_girls"",""co_posts"":2,""character_coverage"":0.034483},{""copyright"":""sonic_(series)"",""co_posts"":2,""character_coverage"":0.034483}]","","","PENDING",""
"I70-027478","mereoleona_vermillion","4","Character","73","","","","","メレオレオナ・ヴァーミリオン","","[{""copyright"":""black_clover"",""co_posts"":58,""character_coverage"":1.0},{""copyright"":""black_clover:_sword_of_the_wizard_king"",""co_posts"":6,""character_coverage"":0.103448},{""copyright"":""black_clover_m:_rise_of_the_wizard_king"",""co_posts"":2,""character_coverage"":0.034483},{""copyright"":""boku_no_hero_academia"",""co_posts"":1,""character_coverage"":0.017241},{""copyright"":""pokemon"",""co_posts"":1,""character_coverage"":0.017241}]","","","PENDING",""
"I70-027479","miami-chan_(ryusei_hashida)","4","Character","73","","","","","マイアミちゃん","","[{""copyright"":""original"",""co_posts"":73,""character_coverage"":1.0}]","","","PENDING",""
"I70-027480","micolash_host_of_the_nightmare","4","Character","73","","","","","悪夢の主、ミコラーシュ","","[{""copyright"":""bloodborne"",""co_posts"":65,""character_coverage"":1.0},{""copyright"":""umamusume"",""co_posts"":4,""character_coverage"":0.061538},{""copyright"":""dark_souls_(series)"",""co_posts"":2,""character_coverage"":0.030769},{""copyright"":""dark_souls_ii"",""co_posts"":2,""character_coverage"":0.030769},{""copyright"":""fate/grand_order"",""co_posts"":2,""character_coverage"":0.030769}]","","","PENDING",""
"I70-027481","minamoto_no_tametomo_(fate)","4","Character","73","","","","","源為朝(Fate)","","[{""copyright"":""fate/grand_order"",""co_posts"":73,""character_coverage"":1.0},{""copyright"":""fate_(series)"",""co_posts"":73,""character_coverage"":1.0},{""copyright"":""among_us"",""co_posts"":2,""character_coverage"":0.027397},{""copyright"":""fate/grail_league"",""co_posts"":2,""character_coverage"":0.027397},{""copyright"":""after_war_gundam_x"",""co_posts"":1,""character_coverage"":0.013699}]","","","PENDING",""
"I70-027482","minase_shizuku_(aitsu_no_kanojo)","4","Character","73","","","","","水瀬雫","","[{""copyright"":""aitsu_no_kanojo"",""co_posts"":73,""character_coverage"":1.0}]","","","PENDING",""
"I70-027483","mio5","4","Character","73","","","","","デガスちゃん","","[{""copyright"":""ojisan_to_marshmallow"",""co_posts"":73,""character_coverage"":1.0}]","","","PENDING",""
"I70-027484","misono_inori","4","Character","73","","","","","御園イノリ","","[{""copyright"":""digimon"",""co_posts"":69,""character_coverage"":1.0},{""copyright"":""digimon_story:_time_stranger"",""co_posts"":69,""character_coverage"":1.0},{""copyright"":""digimon_card_game"",""co_posts"":8,""character_coverage"":0.115942},{""copyright"":""digimon_adventure_02"",""co_posts"":1,""character_coverage"":0.014493},{""copyright"":""digimon_story:_cyber_sleuth"",""co_posts"":1,""character_coverage"":0.014493}]","","","PENDING",""
"I70-027485","mist_(rune_factory)","4","Character","73","","","","","ミスト(ルーンファクトリー)","","[{""copyright"":""rune_factory"",""co_posts"":68,""character_coverage"":1.0},{""copyright"":""rune_factory_1"",""co_posts"":43,""character_coverage"":0.632353},{""copyright"":""rune_factory_frontier"",""co_posts"":37,""character_coverage"":0.544118},{""copyright"":""comiket_77"",""co_posts"":1,""character_coverage"":0.014706},{""copyright"":""kantai_collection"",""co_posts"":1,""character_coverage"":0.014706}]","","","PENDING",""
"I70-027486","miya_(myakuro)","4","Character","73","","","","","美弥","","[{""copyright"":""original"",""co_posts"":72,""character_coverage"":1.0}]","","","PENDING",""
"I70-027487","miyao_nemu","4","Character","73","","","","","宮尾音夢","","[{""copyright"":""witch_watch"",""co_posts"":70,""character_coverage"":1.0},{""copyright"":""ruri_no_houseki"",""co_posts"":1,""character_coverage"":0.014286}]","","","PENDING",""
"I70-027488","moonlight's_anti-soul_(touhou)","4","Character","73","","","","","月光の反魂","","[{""copyright"":""touhou"",""co_posts"":63,""character_coverage"":1.0},{""copyright"":""portrait_of_exotic_girls"",""co_posts"":62,""character_coverage"":0.984127},{""copyright"":""dolls_in_pseudo_paradise"",""co_posts"":13,""character_coverage"":0.206349},{""copyright"":""touhou_(pc-98)"",""co_posts"":7,""character_coverage"":0.111111},{""copyright"":""akihabara_beer_fair"",""co_posts"":3,""character_coverage"":0.047619}]","","","PENDING",""
"I70-027489","mutou_tooru","4","Character","73","mutou_toru","mutou toru","","","武藤徹","","[{""copyright"":""shiki_(novel)"",""co_posts"":73,""character_coverage"":1.0},{""copyright"":""angel_beats!"",""co_posts"":1,""character_coverage"":0.013699},{""copyright"":""houshin_engi"",""co_posts"":1,""character_coverage"":0.013699},{""copyright"":""macross"",""co_posts"":1,""character_coverage"":0.013699},{""copyright"":""macross_frontier"",""co_posts"":1,""character_coverage"":0.013699}]","","","PENDING",""
"I70-027490","nanaka_(neural_cloud)","4","Character","73","","","","","七花(ニューラルクラウド)","","[{""copyright"":""girls'_frontline"",""co_posts"":73,""character_coverage"":1.0},{""copyright"":""girls'_frontline_neural_cloud"",""co_posts"":73,""character_coverage"":1.0},{""copyright"":""girls'_frontline_2:_exilium"",""co_posts"":2,""character_coverage"":0.027397},{""copyright"":""microsoft_windows"",""co_posts"":1,""character_coverage"":0.013699},{""copyright"":""my_melody_(series)"",""co_posts"":1,""character_coverage"":0.013699}]","","","PENDING",""
"I70-027491","nanjou_yoshino","4","Character","73","","","","","南條愛乃","","[{""copyright"":""love_live!"",""co_posts"":62,""character_coverage"":0.898551},{""copyright"":""love_live!_school_idol_project"",""co_posts"":62,""character_coverage"":0.898551},{""copyright"":""real_life"",""co_posts"":35,""character_coverage"":0.507246},{""copyright"":""love_live!_the_school_idol_movie"",""co_posts"":8,""character_coverage"":0.115942},{""copyright"":""sore_wa_bokutachi_no_kiseki"",""co_posts"":7,""character_coverage"":0.101449}]","","","PENDING",""
"I70-027492","nata_(closers)","4","Character","73","","","","","","","[{""copyright"":""closers"",""co_posts"":72,""character_coverage"":1.0},{""copyright"":""boku_no_hero_academia"",""co_posts"":1,""character_coverage"":0.013889}]","","","PENDING",""
"I70-027493","nero_turner","4","Character","73","","","","","ネロ・ターナー","","[{""copyright"":""mahoutsukai_no_yakusoku"",""co_posts"":72,""character_coverage"":1.0},{""copyright"":""arknights"",""co_posts"":1,""character_coverage"":0.013889},{""copyright"":""cardcaptor_sakura"",""co_posts"":1,""character_coverage"":0.013889},{""copyright"":""cardcaptor_sakura_clear_card_arc"",""co_posts"":1,""character_coverage"":0.013889},{""copyright"":""chainsaw_man"",""co_posts"":1,""character_coverage"":0.013889}]","","","PENDING",""
"I70-027494","nimi_nightmare_(tapir)","4","Character","73","","","","","","","[{""copyright"":""indie_virtual_youtuber"",""co_posts"":67,""character_coverage"":0.985294},{""copyright"":""elden_ring"",""co_posts"":2,""character_coverage"":0.029412},{""copyright"":""hololive"",""co_posts"":2,""character_coverage"":0.029412},{""copyright"":""hololive_english"",""co_posts"":2,""character_coverage"":0.029412},{""copyright"":""dark_souls_(series)"",""co_posts"":1,""character_coverage"":0.014706}]","","","PENDING",""
"I70-027495","nisha_labyrinth_(elsword)","4","Character","73","","","","","ニシャ・ラビリンス（エルワード）","","[{""copyright"":""elsword"",""co_posts"":70,""character_coverage"":1.0},{""copyright"":""original"",""co_posts"":1,""character_coverage"":0.014286},{""copyright"":""youtube"",""co_posts"":1,""character_coverage"":0.014286}]","","","PENDING",""
"I70-027496","nonaka_haru","4","Character","73","","","","","野中晴","","[{""copyright"":""yesterday_wo_utatte"",""co_posts"":70,""character_coverage"":1.0},{""copyright"":""brand_new_animal"",""co_posts"":1,""character_coverage"":0.014286},{""copyright"":""kakushigoto"",""co_posts"":1,""character_coverage"":0.014286},{""copyright"":""mewkledreamy"",""co_posts"":1,""character_coverage"":0.014286},{""copyright"":""otome_game_no_hametsu_flag_shika_nai_akuyaku_reijou_ni_tensei_shite_shimatta"",""co_posts"":1,""character_coverage"":0.014286}]","","","PENDING",""
"I70-027497","noshime_ruka","4","Character","73","","","","","熨斗目るか","","[{""copyright"":""original"",""co_posts"":73,""character_coverage"":1.0},{""copyright"":""kirby_(series)"",""co_posts"":3,""character_coverage"":0.041096},{""copyright"":""kirby_air_ride"",""co_posts"":2,""character_coverage"":0.027397},{""copyright"":""line_(naver)"",""co_posts"":1,""character_coverage"":0.013699},{""copyright"":""mario_(series)"",""co_posts"":1,""character_coverage"":0.013699}]","","","PENDING",""
"I70-027498","odagiri_futaba","4","Character","73","","","","","小田切双葉","","[{""copyright"":""sansha_san'you"",""co_posts"":70,""character_coverage"":1.0},{""copyright"":""megami_magazine"",""co_posts"":3,""character_coverage"":0.042857},{""copyright"":""comiket_91"",""co_posts"":1,""character_coverage"":0.014286},{""copyright"":""dengeki_g's"",""co_posts"":1,""character_coverage"":0.014286},{""copyright"":""gochuumon_wa_usagi_desu_ka?"",""co_posts"":1,""character_coverage"":0.014286}]","","","PENDING",""
"I70-027499","onogami_tetsuya","4","Character","73","tetsuya_(housamo),tetsuya_(tokyo_houkago_summoners)","tetsuya (housamo) | tetsuya (tokyo houkago summoners)","","","尾之上テツヤ","","[{""copyright"":""tokyo_afterschool_summoners"",""co_posts"":73,""character_coverage"":1.0},{""copyright"":""live_a_hero"",""co_posts"":2,""character_coverage"":0.027397},{""copyright"":""another_eidos-r"",""co_posts"":1,""character_coverage"":0.013699},{""copyright"":""fate/grand_order"",""co_posts"":1,""character_coverage"":0.013699},{""copyright"":""fate_(series)"",""co_posts"":1,""character_coverage"":0.013699}]","","","PENDING",""
"I70-027500","ookuma_wakana","4","Character","73","","","","","大熊和奏","","[{""copyright"":""real_life"",""co_posts"":63,""character_coverage"":0.875},{""copyright"":""love_live!"",""co_posts"":52,""character_coverage"":0.722222},{""copyright"":""love_live!_superstar!!"",""co_posts"":52,""character_coverage"":0.722222},{""copyright"":""ai_scream!_(love_live!)"",""co_posts"":6,""character_coverage"":0.083333},{""copyright"":""let's_be_one_(love_live!)"",""co_posts"":3,""character_coverage"":0.041667}]","","","PENDING",""
