"row_id","canonical_tag","category","category_name","post_count","source_aliases","verified_aliases","existing_display_ja","existing_search_ja","existing_candidate_ja","existing_rejected_ja","related_copyright_candidates","display_ja","search_ja","translation_status","translation_note"
"I70-006501","belfast_(shopping_with_the_head_maid)_(azur_lane)","4","Character","476","","","","メイド長とお買い物(アズールレーン)","女仆长的购物日","","[{""copyright"":""azur_lane"",""co_posts"":455,""character_coverage"":1.0},{""copyright"":""original"",""co_posts"":3,""character_coverage"":0.006593},{""copyright"":""under_night_in-birth"",""co_posts"":2,""character_coverage"":0.004396},{""copyright"":""arknights"",""co_posts"":1,""character_coverage"":0.002198},{""copyright"":""artery_gear"",""co_posts"":1,""character_coverage"":0.002198}]","","","PENDING",""
"I70-006502","dendra_(pokemon)","4","Character","476","track_suit_teacher_(pokemon)","track suit teacher (pokemon)","","キハダ | キハダ(トレーナー) | キハダ(ポケモン) | キハダ先生","","","[{""copyright"":""pokemon"",""co_posts"":434,""character_coverage"":1.0},{""copyright"":""pokemon_scarlet_and_violet"",""co_posts"":433,""character_coverage"":0.997696},{""copyright"":""original"",""co_posts"":8,""character_coverage"":0.018433},{""copyright"":""pokemon_diamond/pearl/platinum"",""co_posts"":6,""character_coverage"":0.013825},{""copyright"":""pokemon_sword_and_shield"",""co_posts"":6,""character_coverage"":0.013825}]","","","PENDING",""
"I70-006503","gokotai's_tigers","4","Character","476","","","","五虎退の虎","","","[{""copyright"":""touken_ranbu"",""co_posts"":474,""character_coverage"":1.0},{""copyright"":""touken_ranbu:_hanamaru"",""co_posts"":9,""character_coverage"":0.018987},{""copyright"":""kantai_collection"",""co_posts"":5,""character_coverage"":0.010549},{""copyright"":""idolmaster"",""co_posts"":4,""character_coverage"":0.008439},{""copyright"":""idolmaster_cinderella_girls"",""co_posts"":4,""character_coverage"":0.008439}]","","","PENDING",""
"I70-006504","kawasumi_mai","4","Character","476","","","","","川澄舞","","[{""copyright"":""kanon"",""co_posts"":415,""character_coverage"":0.997596},{""copyright"":""key_(company)"",""co_posts"":31,""character_coverage"":0.074519},{""copyright"":""kanon_2006"",""co_posts"":22,""character_coverage"":0.052885},{""copyright"":""clannad"",""co_posts"":20,""character_coverage"":0.048077},{""copyright"":""air_(visual_novel)"",""co_posts"":19,""character_coverage"":0.045673}]","","","PENDING",""
"I70-006505","konan_(naruto)","4","Character","476","","","","","小南","","[{""copyright"":""naruto_(series)"",""co_posts"":368,""character_coverage"":1.0},{""copyright"":""naruto_shippuuden"",""co_posts"":336,""character_coverage"":0.913043},{""copyright"":""naruto_(classic)"",""co_posts"":60,""character_coverage"":0.163043},{""copyright"":""boruto_(series)"",""co_posts"":14,""character_coverage"":0.038043},{""copyright"":""boruto:_naruto_next_generations"",""co_posts"":12,""character_coverage"":0.032609}]","","","PENDING",""
"I70-006506","miltank","4","Character","476","","","","ミルタンク","","","[{""copyright"":""pokemon"",""co_posts"":432,""character_coverage"":1.0},{""copyright"":""pokemon_heartgold_and_soulsilver"",""co_posts"":143,""character_coverage"":0.331019},{""copyright"":""pokemon_gold/silver/crystal"",""co_posts"":44,""character_coverage"":0.101852},{""copyright"":""pokemon_x_and_y"",""co_posts"":22,""character_coverage"":0.050926},{""copyright"":""pokemon_(anime)"",""co_posts"":18,""character_coverage"":0.041667}]","","","PENDING",""
"I70-006507","natalia_luzu_kimlasca_lanvaldear","4","Character","476","","","","ナタリア | ナタリア・ルツ・キムラスカ・ランバルディア","","","[{""copyright"":""tales_of_(series)"",""co_posts"":459,""character_coverage"":1.0},{""copyright"":""tales_of_the_abyss"",""co_posts"":459,""character_coverage"":1.0},{""copyright"":""tales_of_asteria"",""co_posts"":28,""character_coverage"":0.061002},{""copyright"":""tales_of_vesperia"",""co_posts"":19,""character_coverage"":0.041394},{""copyright"":""tales_of_symphonia"",""co_posts"":18,""character_coverage"":0.039216}]","","","PENDING",""
"I70-006508","ogin_(girls_und_panzer)","4","Character","476","","","","お銀 | お銀(GuP) | サメさんチーム | 謎のキャラクター","","","[{""copyright"":""girls_und_panzer"",""co_posts"":443,""character_coverage"":1.0},{""copyright"":""girls_und_panzer_saishuushou"",""co_posts"":34,""character_coverage"":0.076749},{""copyright"":""girls_und_panzer_motto_love_love_sakusen_desu!"",""co_posts"":27,""character_coverage"":0.060948},{""copyright"":""kantai_collection"",""co_posts"":24,""character_coverage"":0.054176},{""copyright"":""girls_und_panzer_senshadou_daisakusen!"",""co_posts"":19,""character_coverage"":0.042889}]","","","PENDING",""
"I70-006509","oozora_subaru_(casual)","4","Character","476","oozora_subaru_(5th_costume)","oozora subaru (5th costume)","","大空スバル(私服) | 大空スバル(私服衣装)","","","[{""copyright"":""hololive"",""co_posts"":465,""character_coverage"":1.0},{""copyright"":""indie_virtual_youtuber"",""co_posts"":35,""character_coverage"":0.075269},{""copyright"":""hololive_english"",""co_posts"":18,""character_coverage"":0.03871},{""copyright"":""hololive_indonesia"",""co_posts"":16,""character_coverage"":0.034409},{""copyright"":""hololive_dev_is"",""co_posts"":8,""character_coverage"":0.017204}]","","","PENDING",""
"I70-006510","polteageist","4","Character","476","","","","ポットデス","","","[{""copyright"":""pokemon"",""co_posts"":465,""character_coverage"":1.0},{""copyright"":""pokemon_sword_and_shield"",""co_posts"":132,""character_coverage"":0.283871},{""copyright"":""pokemon_masters_ex"",""co_posts"":51,""character_coverage"":0.109677},{""copyright"":""original"",""co_posts"":31,""character_coverage"":0.066667},{""copyright"":""pokemon_scarlet_and_violet"",""co_posts"":20,""character_coverage"":0.043011}]","","","PENDING",""
"I70-006511","taihou_(fun_on_the_baize)_(azur_lane)","4","Character","476","","","","","羅紗遊情","","[{""copyright"":""azur_lane"",""co_posts"":438,""character_coverage"":1.0},{""copyright"":""blue_archive"",""co_posts"":2,""character_coverage"":0.004566},{""copyright"":""comiket_107"",""co_posts"":1,""character_coverage"":0.002283},{""copyright"":""hololive"",""co_posts"":1,""character_coverage"":0.002283},{""copyright"":""hololive_english"",""co_posts"":1,""character_coverage"":0.002283}]","","","PENDING",""
"I70-006512","cleopatra_(fate)","4","Character","475","cleopatra_(fate/grand_order)","cleopatra (fate/grand order)","","クレオパトラ(Fate)","","","[{""copyright"":""fate/grand_order"",""co_posts"":456,""character_coverage"":1.0},{""copyright"":""fate_(series)"",""co_posts"":456,""character_coverage"":1.0},{""copyright"":""fate/extra"",""co_posts"":6,""character_coverage"":0.013158},{""copyright"":""jojo_no_kimyou_na_bouken"",""co_posts"":4,""character_coverage"":0.008772},{""copyright"":""danganronpa_(series)"",""co_posts"":3,""character_coverage"":0.006579}]","","","PENDING",""
"I70-006513","fu_hua_(fenghuang_of_vicissitude)","4","Character","475","fu_hua_(garuda)","fu hua (garuda)","","","フカ(浮生・渡世の羽)","","[{""copyright"":""honkai_(series)"",""co_posts"":437,""character_coverage"":1.0},{""copyright"":""honkai_impact_3rd"",""co_posts"":437,""character_coverage"":1.0},{""copyright"":""comiket_107"",""co_posts"":7,""character_coverage"":0.016018},{""copyright"":""honkai:_star_rail"",""co_posts"":6,""character_coverage"":0.01373},{""copyright"":""mihoyo"",""co_posts"":4,""character_coverage"":0.009153}]","","","PENDING",""
"I70-006514","girl_holding_a_cat_(kancolle)","4","Character","475","girl_holding_a_cat_(kantai_collection)","girl holding a cat (kantai collection)","","エラー娘 | 妖怪猫吊るし","初代","","[{""copyright"":""kantai_collection"",""co_posts"":461,""character_coverage"":1.0},{""copyright"":""touhou"",""co_posts"":5,""character_coverage"":0.010846},{""copyright"":""fate_(series)"",""co_posts"":4,""character_coverage"":0.008677},{""copyright"":""aoki_hagane_no_arpeggio"",""co_posts"":3,""character_coverage"":0.006508},{""copyright"":""countryball"",""co_posts"":3,""character_coverage"":0.006508}]","","","PENDING",""
"I70-006515","gladiolus_amicitia","4","Character","475","","","","グラディオ | グラディオラス | グラディオラス・アミシティア","","","[{""copyright"":""final_fantasy"",""co_posts"":432,""character_coverage"":0.990826},{""copyright"":""final_fantasy_xv"",""co_posts"":431,""character_coverage"":0.988532},{""copyright"":""final_fantasy_xiv"",""co_posts"":7,""character_coverage"":0.016055},{""copyright"":""final_fantasy_vii"",""co_posts"":6,""character_coverage"":0.013761},{""copyright"":""dissidia_final_fantasy"",""co_posts"":4,""character_coverage"":0.009174}]","","","PENDING",""
"I70-006516","ikuta_haruki","4","Character","475","","","","郁田はるき","","","[{""copyright"":""idolmaster"",""co_posts"":450,""character_coverage"":1.0},{""copyright"":""idolmaster_shiny_colors"",""co_posts"":450,""character_coverage"":1.0},{""copyright"":""idolmaster_shiny_colors_song_for_prism"",""co_posts"":64,""character_coverage"":0.142222},{""copyright"":""pokemon"",""co_posts"":5,""character_coverage"":0.011111},{""copyright"":""bandai_namco"",""co_posts"":3,""character_coverage"":0.006667}]","","","PENDING",""
"I70-006517","inda_karane","4","Character","475","","","","","院田唐音","","[{""copyright"":""kimi_no_koto_ga_dai_dai_dai_dai_daisuki_na_100-nin_no_kanojo"",""co_posts"":400,""character_coverage"":1.0},{""copyright"":""hololive"",""co_posts"":3,""character_coverage"":0.0075},{""copyright"":""hololive_english"",""co_posts"":3,""character_coverage"":0.0075},{""copyright"":""blue_archive"",""co_posts"":2,""character_coverage"":0.005},{""copyright"":""dragon_ball"",""co_posts"":2,""character_coverage"":0.005}]","","","PENDING",""
"I70-006518","iwasawa_masami","4","Character","475","iwasama_masami,iwasawa","iwasama masami | iwasawa","","岩沢まさみ","岩沢 | 岩沢雅美","","[{""copyright"":""angel_beats!"",""co_posts"":450,""character_coverage"":1.0},{""copyright"":""key_(company)"",""co_posts"":22,""character_coverage"":0.048889},{""copyright"":""heaven_burns_red"",""co_posts"":14,""character_coverage"":0.031111},{""copyright"":""clannad"",""co_posts"":8,""character_coverage"":0.017778},{""copyright"":""air_(visual_novel)"",""co_posts"":6,""character_coverage"":0.013333}]","","","PENDING",""
"I70-006519","jenny_wakeman","4","Character","475","xj-9,jennifer_wakeman","jennifer wakeman | xj-9","","ジェニーさん","","XJ9","[{""copyright"":""my_life_as_a_teenage_robot"",""co_posts"":359,""character_coverage"":0.997222},{""copyright"":""vocaloid"",""co_posts"":23,""character_coverage"":0.063889},{""copyright"":""spongebob_squarepants_(series)"",""co_posts"":11,""character_coverage"":0.030556},{""copyright"":""danny_phantom"",""co_posts"":10,""character_coverage"":0.027778},{""copyright"":""jimmy_neutron_(series)"",""co_posts"":9,""character_coverage"":0.025}]","","","PENDING",""
"I70-006520","kinoshita_hinata","4","Character","475","","","","木下ひなた","","","[{""copyright"":""idolmaster"",""co_posts"":434,""character_coverage"":1.0},{""copyright"":""idolmaster_million_live!"",""co_posts"":434,""character_coverage"":1.0},{""copyright"":""idolmaster_million_live!_theater_days"",""co_posts"":212,""character_coverage"":0.488479},{""copyright"":""idolmaster_(classic)"",""co_posts"":62,""character_coverage"":0.142857},{""copyright"":""little_red_riding_hood_(fairy_tale)"",""co_posts"":8,""character_coverage"":0.018433}]","","","PENDING",""
"I70-006521","lampent","4","Character","475","","","","ランプラー","","","[{""copyright"":""pokemon"",""co_posts"":448,""character_coverage"":1.0},{""copyright"":""pokemon_black_and_white"",""co_posts"":77,""character_coverage"":0.171875},{""copyright"":""pokemon_legends:_z-a"",""co_posts"":23,""character_coverage"":0.051339},{""copyright"":""pokemon_(anime)"",""co_posts"":18,""character_coverage"":0.040179},{""copyright"":""pokemon_sword_and_shield"",""co_posts"":17,""character_coverage"":0.037946}]","","","PENDING",""
"I70-006522","muten_roushi","4","Character","475","master_roshi,kame_sennin,muten_roshi","kame sennin | master roshi | muten roshi","","","亀仙人 | 武天老師","","[{""copyright"":""dragon_ball"",""co_posts"":388,""character_coverage"":0.997429},{""copyright"":""dragon_ball_(classic)"",""co_posts"":169,""character_coverage"":0.434447},{""copyright"":""dragon_ball_z"",""co_posts"":150,""character_coverage"":0.385604},{""copyright"":""dragon_ball_super"",""co_posts"":30,""character_coverage"":0.077121},{""copyright"":""dragon_quest"",""co_posts"":14,""character_coverage"":0.03599}]","","","PENDING",""
"I70-006523","nearl_the_radiant_knight_(arknights)","4","Character","475","","","","耀騎士ニアール | 耀騎士ニアール(アークナイツ)","耀骑士临光","","[{""copyright"":""arknights"",""co_posts"":450,""character_coverage"":0.997783},{""copyright"":""ambience_synesthesia"",""co_posts"":8,""character_coverage"":0.017738},{""copyright"":""monster_hunter_(series)"",""co_posts"":3,""character_coverage"":0.006652},{""copyright"":""original"",""co_posts"":3,""character_coverage"":0.006652},{""copyright"":""taimanin_(series)"",""co_posts"":3,""character_coverage"":0.006652}]","","","PENDING",""
"I70-006524","perfumer_(arknights)","4","Character","475","","","","パフューマー | パフューマー(アークナイツ)","调香师","","[{""copyright"":""arknights"",""co_posts"":456,""character_coverage"":1.0},{""copyright"":""blue_archive"",""co_posts"":9,""character_coverage"":0.019737},{""copyright"":""the_legend_of_luo_xiaohei"",""co_posts"":4,""character_coverage"":0.008772},{""copyright"":""a_deer_of_nine_colors"",""co_posts"":3,""character_coverage"":0.006579},{""copyright"":""rainbow_six_siege"",""co_posts"":3,""character_coverage"":0.006579}]","","","PENDING",""
"I70-006525","soma_peries","4","Character","475","soma_phelles","soma phelles","","ソーマ・ピーリス | マリー・パーファシー","","","[{""copyright"":""gundam"",""co_posts"":446,""character_coverage"":0.995536},{""copyright"":""gundam_00"",""co_posts"":446,""character_coverage"":0.995536},{""copyright"":""gundam_00_a_wakening_of_the_trailblazer"",""co_posts"":6,""character_coverage"":0.013393},{""copyright"":""animage"",""co_posts"":2,""character_coverage"":0.004464},{""copyright"":""gundam_seed"",""co_posts"":2,""character_coverage"":0.004464}]","","","PENDING",""
"I70-006526","tearlaments_kitkallos","4","Character","475","","","","ティアラメンツ・キトカロス","","","[{""copyright"":""yu-gi-oh!"",""co_posts"":438,""character_coverage"":1.0},{""copyright"":""yu-gi-oh!_master_duel"",""co_posts"":23,""character_coverage"":0.052511},{""copyright"":""fire_emblem"",""co_posts"":2,""character_coverage"":0.004566},{""copyright"":""fire_emblem:_three_houses"",""co_posts"":2,""character_coverage"":0.004566},{""copyright"":""fire_emblem_engage"",""co_posts"":2,""character_coverage"":0.004566}]","","","PENDING",""
"I70-006527","yowai_totoko","4","Character","475","totoko_(osomatsu-kun)","totoko (osomatsu-kun)","","トト子 | トト子ちゃん | 弱井トト子","弱井魚魚子","","[{""copyright"":""osomatsu_(series)"",""co_posts"":468,""character_coverage"":1.0},{""copyright"":""osomatsu-san"",""co_posts"":443,""character_coverage"":0.946581},{""copyright"":""osomatsu-kun"",""co_posts"":175,""character_coverage"":0.373932},{""copyright"":""osomatsu-san_the_movie"",""co_posts"":7,""character_coverage"":0.014957},{""copyright"":""pokemon"",""co_posts"":2,""character_coverage"":0.004274}]","","","PENDING",""
"I70-006528","akane_(school_uniform)_(blue_archive)","4","Character","474","","","","","室笠アカネ(制服)","","[{""copyright"":""blue_archive"",""co_posts"":448,""character_coverage"":1.0},{""copyright"":""kamen_rider"",""co_posts"":3,""character_coverage"":0.006696},{""copyright"":""kamen_rider_den-o_(series)"",""co_posts"":3,""character_coverage"":0.006696},{""copyright"":""blue_archive_the_animation"",""co_posts"":1,""character_coverage"":0.002232},{""copyright"":""comiket_108"",""co_posts"":1,""character_coverage"":0.002232}]","","","PENDING",""
"I70-006529","albert_wesker","4","Character","474","","","","アルバート・ウェスカー | ウェスカー","","wesker","[{""copyright"":""resident_evil"",""co_posts"":431,""character_coverage"":1.0},{""copyright"":""resident_evil_5"",""co_posts"":167,""character_coverage"":0.387471},{""copyright"":""resident_evil_1"",""co_posts"":103,""character_coverage"":0.238979},{""copyright"":""resident_evil_4"",""co_posts"":55,""character_coverage"":0.12761},{""copyright"":""capcom"",""co_posts"":26,""character_coverage"":0.060325}]","","","PENDING",""
"I70-006530","amane_kanata_(nurse)","4","Character","474","amane_kanata_(4th_costume)","amane kanata (4th costume)","","天音かなた(ナース) | 天音かなた新衣装2022","","","[{""copyright"":""hololive"",""co_posts"":464,""character_coverage"":1.0},{""copyright"":""hololive_english"",""co_posts"":5,""character_coverage"":0.010776},{""copyright"":""lawson"",""co_posts"":2,""character_coverage"":0.00431},{""copyright"":""comiket_101"",""co_posts"":1,""character_coverage"":0.002155},{""copyright"":""hololive_dev_is"",""co_posts"":1,""character_coverage"":0.002155}]","","","PENDING",""
"I70-006531","asagiri_gen","4","Character","474","","","","","あさぎりゲン","","[{""copyright"":""dr._stone"",""co_posts"":470,""character_coverage"":1.0},{""copyright"":""kimetsu_no_yaiba"",""co_posts"":5,""character_coverage"":0.010638},{""copyright"":""boku_no_hero_academia"",""co_posts"":3,""character_coverage"":0.006383},{""copyright"":""fate/grand_order"",""co_posts"":3,""character_coverage"":0.006383},{""copyright"":""fate_(series)"",""co_posts"":3,""character_coverage"":0.006383}]","","","PENDING",""
"I70-006532","funny_valentine","4","Character","474","","","","","ファニー・ヴァレンタイン","","[{""copyright"":""jojo_no_kimyou_na_bouken"",""co_posts"":450,""character_coverage"":1.0},{""copyright"":""steel_ball_run"",""co_posts"":449,""character_coverage"":0.997778},{""copyright"":""diamond_wa_kudakenai"",""co_posts"":116,""character_coverage"":0.257778},{""copyright"":""stardust_crusaders"",""co_posts"":115,""character_coverage"":0.255556},{""copyright"":""vento_aureo"",""co_posts"":114,""character_coverage"":0.253333}]","","","PENDING",""
"I70-006533","gene_(pso2)","4","Character","474","","","","ジェネ","","","[{""copyright"":""phantasy_star"",""co_posts"":449,""character_coverage"":1.0},{""copyright"":""phantasy_star_online_2"",""co_posts"":449,""character_coverage"":1.0},{""copyright"":""idola_phantasy_star_saga"",""co_posts"":19,""character_coverage"":0.042316},{""copyright"":""azur_lane"",""co_posts"":4,""character_coverage"":0.008909},{""copyright"":""original"",""co_posts"":4,""character_coverage"":0.008909}]","","","PENDING",""
"I70-006534","heiter","4","Character","474","","","","ハイター","","","[{""copyright"":""sousou_no_frieren"",""co_posts"":465,""character_coverage"":1.0},{""copyright"":""dungeon_meshi"",""co_posts"":11,""character_coverage"":0.023656},{""copyright"":""one_piece"",""co_posts"":5,""character_coverage"":0.010753},{""copyright"":""original"",""co_posts"":5,""character_coverage"":0.010753},{""copyright"":""blue_archive"",""co_posts"":4,""character_coverage"":0.008602}]","","","PENDING",""
"I70-006535","luce_(jubilee_2025)","4","Character","474","","","","","ルーチェ(バチカン)","","[{""copyright"":""jubilee_2025"",""co_posts"":443,""character_coverage"":1.0},{""copyright"":""the_bible"",""co_posts"":22,""character_coverage"":0.049661},{""copyright"":""real_life"",""co_posts"":14,""character_coverage"":0.031603},{""copyright"":""sousou_no_frieren"",""co_posts"":11,""character_coverage"":0.024831},{""copyright"":""warhammer_40k"",""co_posts"":10,""character_coverage"":0.022573}]","","","PENDING",""
"I70-006536","lucy's_crew_(zenless_zone_zero)","4","Character","474","","","","","","","[{""copyright"":""zenless_zone_zero"",""co_posts"":398,""character_coverage"":0.997494},{""copyright"":""original"",""co_posts"":2,""character_coverage"":0.005013},{""copyright"":""among_us"",""co_posts"":1,""character_coverage"":0.002506},{""copyright"":""dragon_ball"",""co_posts"":1,""character_coverage"":0.002506},{""copyright"":""dragon_ball_z"",""co_posts"":1,""character_coverage"":0.002506}]","","","PENDING",""
"I70-006537","milim_nava","4","Character","474","","","","ミリム・ナーヴァ","蜜莉姆","","[{""copyright"":""tensei_shitara_slime_datta_ken"",""co_posts"":409,""character_coverage"":0.997561},{""copyright"":""kantai_collection"",""co_posts"":7,""character_coverage"":0.017073},{""copyright"":""kono_subarashii_sekai_ni_shukufuku_wo!"",""co_posts"":5,""character_coverage"":0.012195},{""copyright"":""girls_und_panzer"",""co_posts"":3,""character_coverage"":0.007317},{""copyright"":""konosuba!_fantastic_days"",""co_posts"":3,""character_coverage"":0.007317}]","","","PENDING",""
"I70-006538","oricorio","4","Character","474","","","","オドリドリ","","","[{""copyright"":""pokemon"",""co_posts"":456,""character_coverage"":1.0},{""copyright"":""pokemon_sun_and_moon"",""co_posts"":83,""character_coverage"":0.182018},{""copyright"":""pokemon_scarlet_and_violet"",""co_posts"":44,""character_coverage"":0.096491},{""copyright"":""pokemon_masters_ex"",""co_posts"":18,""character_coverage"":0.039474},{""copyright"":""pokemon_ultra_sun_and_ultra_moon"",""co_posts"":17,""character_coverage"":0.037281}]","","","PENDING",""
"I70-006539","player_character_(mabinogi)","4","Character","474","avatar_(mabinogi)","avatar (mabinogi)","","","アバター（マビノギ）","","[{""copyright"":""mabinogi"",""co_posts"":450,""character_coverage"":1.0},{""copyright"":""original"",""co_posts"":405,""character_coverage"":0.9},{""copyright"":""fate_(series)"",""co_posts"":1,""character_coverage"":0.002222},{""copyright"":""nexon"",""co_posts"":1,""character_coverage"":0.002222},{""copyright"":""sword_art_online"",""co_posts"":1,""character_coverage"":0.002222}]","","","PENDING",""
"I70-006540","raiden_mei_(herrscher_of_origin)","4","Character","474","","","","起源の律者 | 雷電芽衣(起源の律者)","始源之律者","HerrscherofOrigin","[{""copyright"":""honkai_(series)"",""co_posts"":440,""character_coverage"":1.0},{""copyright"":""honkai_impact_3rd"",""co_posts"":440,""character_coverage"":1.0},{""copyright"":""honkai:_star_rail"",""co_posts"":21,""character_coverage"":0.047727},{""copyright"":""mihoyo"",""co_posts"":15,""character_coverage"":0.034091},{""copyright"":""genshin_impact"",""co_posts"":13,""character_coverage"":0.029545}]","","","PENDING",""
"I70-006541","shiiko_sugai","4","Character","474","","","","","シイコ・スガイ","","[{""copyright"":""gundam"",""co_posts"":455,""character_coverage"":1.0},{""copyright"":""gundam_gquuuuuux"",""co_posts"":453,""character_coverage"":0.995604},{""copyright"":""kantai_collection"",""co_posts"":18,""character_coverage"":0.03956},{""copyright"":""mobile_suit_gundam"",""co_posts"":18,""character_coverage"":0.03956},{""copyright"":""zeta_gundam"",""co_posts"":9,""character_coverage"":0.01978}]","","","PENDING",""
"I70-006542","vera_(pgr)","4","Character","474","vera_(punishing:_gray_raven)","vera (punishing: gray raven)","","ヴィラ","战双薇拉 | 瑰丽 | 緋耀 | 薇拉瑰丽 | 薇拉緋耀","","[{""copyright"":""punishing:_gray_raven"",""co_posts"":412,""character_coverage"":1.0},{""copyright"":""kuro_games"",""co_posts"":5,""character_coverage"":0.012136},{""copyright"":""wuthering_waves"",""co_posts"":5,""character_coverage"":0.012136},{""copyright"":""blame!"",""co_posts"":1,""character_coverage"":0.002427},{""copyright"":""doki_doki_literature_club"",""co_posts"":1,""character_coverage"":0.002427}]","","","PENDING",""
"I70-006543","katt_(breath_of_fire)","4","Character","473","rinpoo_chuan","rinpoo chuan","","","リンプーさん","","[{""copyright"":""breath_of_fire"",""co_posts"":386,""character_coverage"":1.0},{""copyright"":""breath_of_fire_ii"",""co_posts"":386,""character_coverage"":1.0},{""copyright"":""breath_of_fire_iv"",""co_posts"":18,""character_coverage"":0.046632},{""copyright"":""breath_of_fire_iii"",""co_posts"":17,""character_coverage"":0.044041},{""copyright"":""breath_of_fire_v"",""co_posts"":11,""character_coverage"":0.028497}]","","","PENDING",""
"I70-006544","kirino_(swimsuit)_(blue_archive)","4","Character","473","","","","中務キリノ(水着)","","","[{""copyright"":""blue_archive"",""co_posts"":440,""character_coverage"":1.0},{""copyright"":""honkai_(series)"",""co_posts"":3,""character_coverage"":0.006818},{""copyright"":""honkai_impact_3rd"",""co_posts"":3,""character_coverage"":0.006818},{""copyright"":""blue_archive_the_animation"",""co_posts"":2,""character_coverage"":0.004545},{""copyright"":""arknights"",""co_posts"":1,""character_coverage"":0.002273}]","","","PENDING",""
"I70-006545","kyle_broflovski","4","Character","473","","","","カイル | カイル・ブロフロフスキー","","spkyle","[{""copyright"":""south_park"",""co_posts"":424,""character_coverage"":0.997647},{""copyright"":""south_park:_the_stick_of_truth"",""co_posts"":17,""character_coverage"":0.04},{""copyright"":""south_park:_the_fractured_but_whole"",""co_posts"":6,""character_coverage"":0.014118},{""copyright"":""harry_potter_(series)"",""co_posts"":5,""character_coverage"":0.011765},{""copyright"":""sanrio"",""co_posts"":5,""character_coverage"":0.011765}]","","","PENDING",""
"I70-006546","lalah_sune","4","Character","473","","","","ララァ・スン","","","[{""copyright"":""gundam"",""co_posts"":440,""character_coverage"":1.0},{""copyright"":""mobile_suit_gundam"",""co_posts"":283,""character_coverage"":0.643182},{""copyright"":""gundam_gquuuuuux"",""co_posts"":168,""character_coverage"":0.381818},{""copyright"":""char's_counterattack"",""co_posts"":48,""character_coverage"":0.109091},{""copyright"":""zeta_gundam"",""co_posts"":39,""character_coverage"":0.088636}]","","","PENDING",""
"I70-006547","mary_(nikke)","4","Character","473","","","","メアリー(勝利の女神:NIKKE)","","","[{""copyright"":""goddess_of_victory:_nikke"",""co_posts"":432,""character_coverage"":1.0},{""copyright"":""azur_lane"",""co_posts"":2,""character_coverage"":0.00463},{""copyright"":""f-ism"",""co_posts"":2,""character_coverage"":0.00463},{""copyright"":""original"",""co_posts"":2,""character_coverage"":0.00463},{""copyright"":""persona"",""co_posts"":2,""character_coverage"":0.00463}]","","","PENDING",""
"I70-006548","myrrh_(fire_emblem)","4","Character","473","myrrh","myrrh","","ミルラ","","","[{""copyright"":""fire_emblem"",""co_posts"":443,""character_coverage"":1.0},{""copyright"":""fire_emblem:_the_sacred_stones"",""co_posts"":431,""character_coverage"":0.972912},{""copyright"":""fire_emblem_heroes"",""co_posts"":248,""character_coverage"":0.559819},{""copyright"":""fire_emblem:_mystery_of_the_emblem"",""co_posts"":70,""character_coverage"":0.158014},{""copyright"":""fire_emblem:_the_binding_blade"",""co_posts"":64,""character_coverage"":0.14447}]","","","PENDING",""
"I70-006549","sakutarou_(umineko)","4","Character","473","","","","さくたろう","","","[{""copyright"":""umineko_no_naku_koro_ni"",""co_posts"":445,""character_coverage"":0.997758},{""copyright"":""higurashi_no_naku_koro_ni"",""co_posts"":19,""character_coverage"":0.042601},{""copyright"":""touhou"",""co_posts"":6,""character_coverage"":0.013453},{""copyright"":""ougon_musou_kyoku"",""co_posts"":5,""character_coverage"":0.011211},{""copyright"":""higanbana_no_saku_yoru_ni"",""co_posts"":4,""character_coverage"":0.008969}]","","","PENDING",""
"I70-006550","shen_qingqiu","4","Character","473","","","","","沈清秋","","[{""copyright"":""the_scum_villain's_self-saving_system"",""co_posts"":421,""character_coverage"":1.0},{""copyright"":""grandmaster_of_demonic_cultivation"",""co_posts"":11,""character_coverage"":0.026128},{""copyright"":""heaven_official's_blessing"",""co_posts"":10,""character_coverage"":0.023753},{""copyright"":""kpop_demon_hunters"",""co_posts"":2,""character_coverage"":0.004751},{""copyright"":""snow_white_and_the_seven_dwarfs_(disney)"",""co_posts"":2,""character_coverage"":0.004751}]","","","PENDING",""
"I70-006551","alphys","4","Character","472","","","","","アルフィー","","[{""copyright"":""utdr_(toby_fox)"",""co_posts"":413,""character_coverage"":1.0},{""copyright"":""undertale"",""co_posts"":393,""character_coverage"":0.951574},{""copyright"":""deltarune"",""co_posts"":30,""character_coverage"":0.072639},{""copyright"":""pokemon"",""co_posts"":9,""character_coverage"":0.021792},{""copyright"":""mario_(series)"",""co_posts"":8,""character_coverage"":0.01937}]","","","PENDING",""
"I70-006552","azuma_(azur_lane)","4","Character","472","","","","吾妻(アズールレーン)","吾妻","아즈마","[{""copyright"":""azur_lane"",""co_posts"":441,""character_coverage"":0.997738},{""copyright"":""azur_lane:_slow_ahead"",""co_posts"":9,""character_coverage"":0.020362},{""copyright"":""world_of_warships"",""co_posts"":3,""character_coverage"":0.006787},{""copyright"":""comiket_107"",""co_posts"":1,""character_coverage"":0.002262},{""copyright"":""fate/grand_order"",""co_posts"":1,""character_coverage"":0.002262}]","","","PENDING",""
"I70-006553","bachira_meguru","4","Character","472","","","","","蜂楽廻","","[{""copyright"":""blue_lock"",""co_posts"":428,""character_coverage"":1.0},{""copyright"":""sanrio"",""co_posts"":5,""character_coverage"":0.011682},{""copyright"":""hello_kitty"",""co_posts"":3,""character_coverage"":0.007009},{""copyright"":""jujutsu_kaisen"",""co_posts"":3,""character_coverage"":0.007009},{""copyright"":""original"",""co_posts"":3,""character_coverage"":0.007009}]","","","PENDING",""
"I70-006554","bili_girl_22","4","Character","472","","","","","22娘 | BILIBILI娘—22 | Bili娘22号 | 二二","22","[{""copyright"":""bilibili"",""co_posts"":452,""character_coverage"":1.0},{""copyright"":""azur_lane"",""co_posts"":10,""character_coverage"":0.022124},{""copyright"":""vocaloid"",""co_posts"":10,""character_coverage"":0.022124},{""copyright"":""fate_(series)"",""co_posts"":7,""character_coverage"":0.015487},{""copyright"":""mahou_shoujo_madoka_magica"",""co_posts"":6,""character_coverage"":0.013274}]","","","PENDING",""
"I70-006555","constantine_xi_(fate)","4","Character","472","","","","コンスタンティノス(Fate) | コンスタンティノス11世 | マイケル(Fate)","","","[{""copyright"":""fate_(series)"",""co_posts"":468,""character_coverage"":1.0},{""copyright"":""fate/grand_order"",""co_posts"":467,""character_coverage"":0.997863},{""copyright"":""fate/extra"",""co_posts"":7,""character_coverage"":0.014957},{""copyright"":""fate/extella"",""co_posts"":3,""character_coverage"":0.00641},{""copyright"":""fate/extella_link"",""co_posts"":3,""character_coverage"":0.00641}]","","","PENDING",""
"I70-006556","dark_knight_(final_fantasy)","4","Character","472","","","","","暗黒騎士","","[{""copyright"":""final_fantasy"",""co_posts"":455,""character_coverage"":1.0},{""copyright"":""final_fantasy_xiv"",""co_posts"":347,""character_coverage"":0.762637},{""copyright"":""final_fantasy_iv"",""co_posts"":46,""character_coverage"":0.101099},{""copyright"":""original"",""co_posts"":30,""character_coverage"":0.065934},{""copyright"":""final_fantasy_xi"",""co_posts"":29,""character_coverage"":0.063736}]","","","PENDING",""
"I70-006557","grem_(gigi_murin)","4","Character","472","","","","","","","[{""copyright"":""hololive"",""co_posts"":432,""character_coverage"":1.0},{""copyright"":""hololive_english"",""co_posts"":427,""character_coverage"":0.988426},{""copyright"":""monster_hunter_(series)"",""co_posts"":6,""character_coverage"":0.013889},{""copyright"":""pokemon"",""co_posts"":5,""character_coverage"":0.011574},{""copyright"":""chiikawa"",""co_posts"":4,""character_coverage"":0.009259}]","","","PENDING",""
"I70-006558","kawakami_gensai_(fate)","4","Character","472","","","","","河上彦斎(Fate)","","[{""copyright"":""fate/grand_order"",""co_posts"":433,""character_coverage"":1.0},{""copyright"":""fate_(series)"",""co_posts"":433,""character_coverage"":1.0},{""copyright"":""rurouni_kenshin"",""co_posts"":5,""character_coverage"":0.011547},{""copyright"":""fate/extra"",""co_posts"":1,""character_coverage"":0.002309},{""copyright"":""fate/samurai_remnant"",""co_posts"":1,""character_coverage"":0.002309}]","","","PENDING",""
"I70-006559","kohibari_kurumi","4","Character","472","","","","","小雲雀来海","","[{""copyright"":""tenshi_souzou_re-boot!"",""co_posts"":416,""character_coverage"":1.0},{""copyright"":""yuzusoft"",""co_posts"":26,""character_coverage"":0.0625},{""copyright"":""sanoba_witch"",""co_posts"":13,""character_coverage"":0.03125},{""copyright"":""comiket_104"",""co_posts"":6,""character_coverage"":0.014423},{""copyright"":""comiket_102"",""co_posts"":4,""character_coverage"":0.009615}]","","","PENDING",""
"I70-006560","raboot","4","Character","472","","","","ラビフット","","","[{""copyright"":""pokemon"",""co_posts"":453,""character_coverage"":1.0},{""copyright"":""pokemon_(anime)"",""co_posts"":123,""character_coverage"":0.271523},{""copyright"":""pokemon_journeys"",""co_posts"":121,""character_coverage"":0.267108},{""copyright"":""pokemon_sword_and_shield"",""co_posts"":37,""character_coverage"":0.081678},{""copyright"":""pokemon_unite"",""co_posts"":11,""character_coverage"":0.024283}]","","","PENDING",""
"I70-006561","sae_(hidamari_sketch)","4","Character","472","sae","sae","","","沙英","","[{""copyright"":""hidamari_sketch"",""co_posts"":424,""character_coverage"":1.0},{""copyright"":""death_note"",""co_posts"":17,""character_coverage"":0.040094},{""copyright"":""mahou_shoujo_madoka_magica"",""co_posts"":13,""character_coverage"":0.03066},{""copyright"":""mahou_shoujo_madoka_magica_(anime)"",""co_posts"":11,""character_coverage"":0.025943},{""copyright"":""lucky_star"",""co_posts"":10,""character_coverage"":0.023585}]","","","PENDING",""
"I70-006562","aisaki_emiru","4","Character","471","","","","愛崎えみる","","","[{""copyright"":""precure"",""co_posts"":453,""character_coverage"":1.0},{""copyright"":""hugtto!_precure"",""co_posts"":449,""character_coverage"":0.99117},{""copyright"":""suite_precure"",""co_posts"":51,""character_coverage"":0.112583},{""copyright"":""dokidoki!_precure"",""co_posts"":48,""character_coverage"":0.10596},{""copyright"":""kirakira_precure_a_la_mode"",""co_posts"":29,""character_coverage"":0.064018}]","","","PENDING",""
"I70-006563","aty_(summon_night)","4","Character","471","","","","アティ","","","[{""copyright"":""summon_night"",""co_posts"":438,""character_coverage"":0.997722},{""copyright"":""summon_night_3"",""co_posts"":388,""character_coverage"":0.883827},{""copyright"":""summon_night_5"",""co_posts"":17,""character_coverage"":0.038724},{""copyright"":""summon_night_2"",""co_posts"":7,""character_coverage"":0.015945},{""copyright"":""original"",""co_posts"":4,""character_coverage"":0.009112}]","","","PENDING",""
"I70-006564","edward_teach_(fate)","4","Character","471","blackbeard_(fate),edward_teach_(fate/grand_order)","blackbeard (fate) | edward teach (fate/grand order)","","エドワード・ティーチ | エドワード・ティーチ(Fate)","","","[{""copyright"":""fate_(series)"",""co_posts"":461,""character_coverage"":1.0},{""copyright"":""fate/grand_order"",""co_posts"":460,""character_coverage"":0.997831},{""copyright"":""fate/extra"",""co_posts"":40,""character_coverage"":0.086768},{""copyright"":""fate/apocrypha"",""co_posts"":21,""character_coverage"":0.045553},{""copyright"":""fate/stay_night"",""co_posts"":18,""character_coverage"":0.039046}]","","","PENDING",""
"I70-006565","kaga_nazuna","4","Character","471","","","","なずなーと | 花芽なずな","","","[{""copyright"":""vspo!"",""co_posts"":451,""character_coverage"":1.0},{""copyright"":""digimon"",""co_posts"":6,""character_coverage"":0.013304},{""copyright"":""xross_stars"",""co_posts"":4,""character_coverage"":0.008869},{""copyright"":""comiket_102"",""co_posts"":3,""character_coverage"":0.006652},{""copyright"":""indie_virtual_youtuber"",""co_posts"":3,""character_coverage"":0.006652}]","","","PENDING",""
"I70-006566","kukulkan_(fate)","4","Character","471","","","","ククルカン(Fate)","","","[{""copyright"":""fate/grand_order"",""co_posts"":427,""character_coverage"":1.0},{""copyright"":""fate_(series)"",""co_posts"":427,""character_coverage"":1.0},{""copyright"":""tsukihime"",""co_posts"":8,""character_coverage"":0.018735},{""copyright"":""tsukihime_(remake)"",""co_posts"":6,""character_coverage"":0.014052},{""copyright"":""fate/grail_league"",""co_posts"":5,""character_coverage"":0.01171}]","","","PENDING",""
"I70-006567","lorelei_(pokemon)","4","Character","471","kanna_(pokemon)","kanna (pokemon)","","カンナ | カンナ(トレーナー)","","","[{""copyright"":""pokemon"",""co_posts"":402,""character_coverage"":1.0},{""copyright"":""pokemon_firered_and_leafgreen"",""co_posts"":222,""character_coverage"":0.552239},{""copyright"":""pokemon:_let's_go_pikachu!_and_let's_go_eevee!"",""co_posts"":97,""character_coverage"":0.241294},{""copyright"":""pokemon_(anime)"",""co_posts"":44,""character_coverage"":0.109453},{""copyright"":""pokemon_heartgold_and_soulsilver"",""co_posts"":43,""character_coverage"":0.106965}]","","","PENDING",""
"I70-006568","sekai_(cevio)","4","Character","471","","","","星界ファンアート","星界 | 星界(CeVIO) | 星界美術部","","[{""copyright"":""cevio"",""co_posts"":447,""character_coverage"":0.993333},{""copyright"":""kamitsubaki_studio"",""co_posts"":441,""character_coverage"":0.98},{""copyright"":""vocaloid"",""co_posts"":19,""character_coverage"":0.042222},{""copyright"":""utau"",""co_posts"":15,""character_coverage"":0.033333},{""copyright"":""a.i._voice"",""co_posts"":14,""character_coverage"":0.031111}]","","","PENDING",""
"I70-006569","tokido_saya","4","Character","471","","","","","朱鷺戸沙耶","","[{""copyright"":""little_busters!"",""co_posts"":451,""character_coverage"":0.997788},{""copyright"":""key_(company)"",""co_posts"":44,""character_coverage"":0.097345},{""copyright"":""angel_beats!"",""co_posts"":37,""character_coverage"":0.081858},{""copyright"":""rewrite"",""co_posts"":14,""character_coverage"":0.030973},{""copyright"":""kanon"",""co_posts"":11,""character_coverage"":0.024336}]","","","PENDING",""
"I70-006570","umika_(blue_archive)","4","Character","471","satohama_umika","satohama umika","","ウミカ | 里浜ウミカ","","","[{""copyright"":""blue_archive"",""co_posts"":458,""character_coverage"":1.0},{""copyright"":""beyblade"",""co_posts"":4,""character_coverage"":0.008734},{""copyright"":""blue_archive_the_animation"",""co_posts"":4,""character_coverage"":0.008734},{""copyright"":""vocaloid"",""co_posts"":4,""character_coverage"":0.008734},{""copyright"":""world_rally_championship"",""co_posts"":3,""character_coverage"":0.00655}]","","","PENDING",""
"I70-006571","wally_(pokemon)","4","Character","471","mitsuru_(pokemon)","mitsuru (pokemon)","","ミツル | ミツル(トレーナー) | ミツル(ポケトレ) | ミツル(ポケモン)","","","[{""copyright"":""pokemon"",""co_posts"":432,""character_coverage"":1.0},{""copyright"":""pokemon_omega_ruby_and_alpha_sapphire"",""co_posts"":251,""character_coverage"":0.581019},{""copyright"":""pokemon_ruby/sapphire/emerald"",""co_posts"":142,""character_coverage"":0.328704},{""copyright"":""pokemon_diamond/pearl/platinum"",""co_posts"":81,""character_coverage"":0.1875},{""copyright"":""pokemon_heartgold_and_soulsilver"",""co_posts"":72,""character_coverage"":0.166667}]","","","PENDING",""
"I70-006572","argenti_(honkai:_star_rail)","4","Character","470","","","","アルジェンティ","銀枝","","[{""copyright"":""honkai:_star_rail"",""co_posts"":465,""character_coverage"":1.0},{""copyright"":""honkai_(series)"",""co_posts"":465,""character_coverage"":1.0},{""copyright"":""genshin_impact"",""co_posts"":5,""character_coverage"":0.010753},{""copyright"":""honkai_impact_3rd"",""co_posts"":5,""character_coverage"":0.010753},{""copyright"":""mihoyo"",""co_posts"":5,""character_coverage"":0.010753}]","","","PENDING",""
"I70-006573","el_condor_pasa_(el_numero_1)_(umamusume)","4","Character","470","","","","","エル☆Número_1","","[{""copyright"":""umamusume"",""co_posts"":451,""character_coverage"":1.0},{""copyright"":""pokemon"",""co_posts"":9,""character_coverage"":0.019956},{""copyright"":""arknights"",""co_posts"":7,""character_coverage"":0.015521},{""copyright"":""real_life"",""co_posts"":7,""character_coverage"":0.015521},{""copyright"":""hololive"",""co_posts"":6,""character_coverage"":0.013304}]","","","PENDING",""
"I70-006574","flynn_scifo","4","Character","470","","","","","フレン・シーフォ","","[{""copyright"":""tales_of_(series)"",""co_posts"":457,""character_coverage"":1.0},{""copyright"":""tales_of_vesperia"",""co_posts"":457,""character_coverage"":1.0},{""copyright"":""tales_of_asteria"",""co_posts"":40,""character_coverage"":0.087527},{""copyright"":""tales_of_the_abyss"",""co_posts"":34,""character_coverage"":0.074398},{""copyright"":""tales_of_vesperia:_the_first_strike"",""co_posts"":28,""character_coverage"":0.061269}]","","","PENDING",""
"I70-006575","kaburagi_kaede","4","Character","470","","","","","鏑木楓","","[{""copyright"":""tiger_&_bunny"",""co_posts"":441,""character_coverage"":1.0},{""copyright"":""alice's_adventures_in_wonderland"",""co_posts"":3,""character_coverage"":0.006803},{""copyright"":""pokemon"",""co_posts"":3,""character_coverage"":0.006803},{""copyright"":""ano_hi_mita_hana_no_namae_wo_bokutachi_wa_mada_shiranai."",""co_posts"":2,""character_coverage"":0.004535},{""copyright"":""durarara!!"",""co_posts"":2,""character_coverage"":0.004535}]","","","PENDING",""
"I70-006576","kitchen_dragonmaid","4","Character","470","","","","ドラゴンメイド・ティルル | ドラゴンメイド・フランメ","","","[{""copyright"":""yu-gi-oh!"",""co_posts"":448,""character_coverage"":1.0},{""copyright"":""fate/grand_order"",""co_posts"":6,""character_coverage"":0.013393},{""copyright"":""fate_(series)"",""co_posts"":6,""character_coverage"":0.013393},{""copyright"":""yu-gi-oh!_duel_monsters"",""co_posts"":4,""character_coverage"":0.008929},{""copyright"":""kobayashi-san_chi_no_maidragon"",""co_posts"":2,""character_coverage"":0.004464}]","","","PENDING",""
"I70-006577","minato_aqua_(school_uniform)","4","Character","470","minato_aqua_(7th_costume)","minato aqua (7th costume)","","","","","[{""copyright"":""hololive"",""co_posts"":460,""character_coverage"":1.0},{""copyright"":""bocchi_the_rock!"",""co_posts"":5,""character_coverage"":0.01087},{""copyright"":""hololive_english"",""co_posts"":4,""character_coverage"":0.008696},{""copyright"":""hololive_indonesia"",""co_posts"":4,""character_coverage"":0.008696},{""copyright"":""comiket_105"",""co_posts"":2,""character_coverage"":0.004348}]","","","PENDING",""
"I70-006578","nobi_nobita","4","Character","470","","","","のび太 | 野比のび太","","","[{""copyright"":""doraemon"",""co_posts"":389,""character_coverage"":0.997436},{""copyright"":""kantai_collection"",""co_posts"":17,""character_coverage"":0.04359},{""copyright"":""touhou"",""co_posts"":10,""character_coverage"":0.025641},{""copyright"":""jojo_no_kimyou_na_bouken"",""co_posts"":9,""character_coverage"":0.023077},{""copyright"":""pokemon"",""co_posts"":9,""character_coverage"":0.023077}]","","","PENDING",""
"I70-006579","reticulated_giraffe_(kemono_friends)","4","Character","470","","","","アミメキリン(けものフレンズ)","","","[{""copyright"":""kemono_friends"",""co_posts"":428,""character_coverage"":1.0},{""copyright"":""kemono_friends_3"",""co_posts"":26,""character_coverage"":0.060748},{""copyright"":""godzilla_(series)"",""co_posts"":7,""character_coverage"":0.016355},{""copyright"":""shin_godzilla"",""co_posts"":7,""character_coverage"":0.016355},{""copyright"":""kemono_friends_kingdom"",""co_posts"":5,""character_coverage"":0.011682}]","","","PENDING",""
"I70-006580","sayuri_(blue_archive)","4","Character","470","long_white-haired_odyssey_student_(blue_archive)","long white-haired odyssey student (blue archive)","","","サユリ","","[]","","","PENDING",""
"I70-006581","summoner_(ragnarok_online)","4","Character","470","","","","","ドラム","","[{""copyright"":""ragnarok_online"",""co_posts"":470,""character_coverage"":1.0},{""copyright"":""ragnarok_masters"",""co_posts"":10,""character_coverage"":0.021277},{""copyright"":""comiket_94"",""co_posts"":1,""character_coverage"":0.002128},{""copyright"":""comiket_95"",""co_posts"":1,""character_coverage"":0.002128},{""copyright"":""egyptian_mythology"",""co_posts"":1,""character_coverage"":0.002128}]","","","PENDING",""
"I70-006582","uzui_tengen","4","Character","470","","","","","宇髄天元 | 宇髓天元","","[{""copyright"":""kimetsu_no_yaiba"",""co_posts"":455,""character_coverage"":1.0},{""copyright"":""kimetsu_gakuen"",""co_posts"":23,""character_coverage"":0.050549},{""copyright"":""jojo_no_kimyou_na_bouken"",""co_posts"":4,""character_coverage"":0.008791},{""copyright"":""one_piece"",""co_posts"":4,""character_coverage"":0.008791},{""copyright"":""battle_tendency"",""co_posts"":3,""character_coverage"":0.006593}]","","","PENDING",""
"I70-006583","villetta_nu","4","Character","470","viletta_nu","viletta nu","","ヴィレッタ | ヴィレッタ・ヌゥ","","","[{""copyright"":""code_geass"",""co_posts"":414,""character_coverage"":1.0},{""copyright"":""code_geass:_lost_stories"",""co_posts"":17,""character_coverage"":0.041063},{""copyright"":""pizza_hut"",""co_posts"":8,""character_coverage"":0.019324},{""copyright"":""code_geass:_lost_colors"",""co_posts"":6,""character_coverage"":0.014493},{""copyright"":""code_geachu_lelouch_of_the_calamity"",""co_posts"":5,""character_coverage"":0.012077}]","","","PENDING",""
"I70-006584","arin_(pangya)","4","Character","469","arin","arin","","","アリン","","[{""copyright"":""pangya"",""co_posts"":437,""character_coverage"":1.0},{""copyright"":""original"",""co_posts"":3,""character_coverage"":0.006865},{""copyright"":""dead_or_alive"",""co_posts"":2,""character_coverage"":0.004577},{""copyright"":""snow_white_(fairy_tale)"",""co_posts"":2,""character_coverage"":0.004577},{""copyright"":""suzumiya_haruhi_no_yuuutsu"",""co_posts"":2,""character_coverage"":0.004577}]","","","PENDING",""
"I70-006585","charlotte_aulin","4","Character","469","","","","シャーロット・オーリン","","","[{""copyright"":""castlevania_(series)"",""co_posts"":426,""character_coverage"":1.0},{""copyright"":""castlevania:_portrait_of_ruin"",""co_posts"":402,""character_coverage"":0.943662},{""copyright"":""castlevania:_order_of_ecclesia"",""co_posts"":20,""character_coverage"":0.046948},{""copyright"":""castlevania:_aria_of_sorrow"",""co_posts"":18,""character_coverage"":0.042254},{""copyright"":""castlevania:_dawn_of_sorrow"",""co_posts"":17,""character_coverage"":0.039906}]","","","PENDING",""
"I70-006586","comfey","4","Character","469","","","","キュワワー","","","[{""copyright"":""pokemon"",""co_posts"":449,""character_coverage"":1.0},{""copyright"":""pokemon_sun_and_moon"",""co_posts"":111,""character_coverage"":0.247216},{""copyright"":""pokemon_(anime)"",""co_posts"":26,""character_coverage"":0.057906},{""copyright"":""pokemon_masters_ex"",""co_posts"":19,""character_coverage"":0.042316},{""copyright"":""pokemon_sword_and_shield"",""co_posts"":19,""character_coverage"":0.042316}]","","","PENDING",""
"I70-006587","curse_maker","4","Character","469","hexcaster_(sekaiju),hexer_(sekaiju)","hexcaster (sekaiju) | hexer (sekaiju)","","カースメーカー","","","[{""copyright"":""sekaiju_no_meikyuu"",""co_posts"":406,""character_coverage"":0.997543},{""copyright"":""sekaiju_no_meikyuu_1"",""co_posts"":245,""character_coverage"":0.601966},{""copyright"":""sekaiju_no_meikyuu_2"",""co_posts"":62,""character_coverage"":0.152334},{""copyright"":""sekaiju_no_meikyuu_3"",""co_posts"":14,""character_coverage"":0.034398},{""copyright"":""sekaiju_no_meikyuu_hd"",""co_posts"":9,""character_coverage"":0.022113}]","","","PENDING",""
"I70-006588","etou_kanami","4","Character","469","","","","","衛藤可奈美","","[{""copyright"":""toji_no_miko"",""co_posts"":456,""character_coverage"":1.0},{""copyright"":""toji_no_miko:_kizamishi_issen_no_tomoshibi"",""co_posts"":89,""character_coverage"":0.195175},{""copyright"":""shoujo_kageki_revue_starlight"",""co_posts"":5,""character_coverage"":0.010965},{""copyright"":""megami_magazine"",""co_posts"":4,""character_coverage"":0.008772},{""copyright"":""toaru_kagaku_no_railgun"",""co_posts"":4,""character_coverage"":0.008772}]","","","PENDING",""
"I70-006589","fate_testarossa_(true_sonic_form)","4","Character","469","","","","真ソニックフォーム | 真・ソニックフォーム","","","[{""copyright"":""lyrical_nanoha"",""co_posts"":460,""character_coverage"":1.0},{""copyright"":""mahou_shoujo_lyrical_nanoha_strikers"",""co_posts"":421,""character_coverage"":0.915217},{""copyright"":""mahou_shoujo_lyrical_nanoha"",""co_posts"":86,""character_coverage"":0.186957},{""copyright"":""mahou_shoujo_lyrical_nanoha_a's"",""co_posts"":28,""character_coverage"":0.06087},{""copyright"":""mahou_senki_lyrical_nanoha_force"",""co_posts"":17,""character_coverage"":0.036957}]","","","PENDING",""
"I70-006590","hippopotamus_(kemono_friends)","4","Character","469","","","","カバ(けものフレンズ)","","","[{""copyright"":""kemono_friends"",""co_posts"":435,""character_coverage"":1.0},{""copyright"":""kemono_friends_3"",""co_posts"":22,""character_coverage"":0.050575},{""copyright"":""kemono_friends_pavilion"",""co_posts"":22,""character_coverage"":0.050575},{""copyright"":""kemono_friends_kingdom"",""co_posts"":13,""character_coverage"":0.029885},{""copyright"":""touhou"",""co_posts"":8,""character_coverage"":0.018391}]","","","PENDING",""
"I70-006591","komichi_aya","4","Character","469","","","","","小路綾","","[{""copyright"":""kin-iro_mosaic"",""co_posts"":437,""character_coverage"":1.0},{""copyright"":""gochuumon_wa_usagi_desu_ka?"",""co_posts"":31,""character_coverage"":0.070938},{""copyright"":""manga_time_kirara"",""co_posts"":22,""character_coverage"":0.050343},{""copyright"":""megami_magazine"",""co_posts"":7,""character_coverage"":0.016018},{""copyright"":""yuyushiki"",""co_posts"":6,""character_coverage"":0.01373}]","","","PENDING",""
"I70-006592","nakahara_chuuya_(bungou_stray_dogs)","4","Character","469","","","","","中原中也(文豪ストレイドッグス)","","[{""copyright"":""bungou_stray_dogs"",""co_posts"":388,""character_coverage"":0.997429},{""copyright"":""original"",""co_posts"":7,""character_coverage"":0.017995},{""copyright"":""pokemon"",""co_posts"":4,""character_coverage"":0.010283},{""copyright"":""boku_no_hero_academia"",""co_posts"":2,""character_coverage"":0.005141},{""copyright"":""genshin_impact"",""co_posts"":2,""character_coverage"":0.005141}]","","","PENDING",""
"I70-006593","ooshio_kai_ni_(kancolle)","4","Character","469","","","","","ooshio kai ni（kancolle）","","[{""copyright"":""kantai_collection"",""co_posts"":465,""character_coverage"":1.0},{""copyright"":""gundam"",""co_posts"":3,""character_coverage"":0.006452},{""copyright"":""nichijou"",""co_posts"":3,""character_coverage"":0.006452},{""copyright"":""azumanga_daioh"",""co_posts"":2,""character_coverage"":0.004301},{""copyright"":""azur_lane"",""co_posts"":2,""character_coverage"":0.004301}]","","","PENDING",""
"I70-006594","red_blood_cell_(hataraku_saibou)","4","Character","469","","","","赤血球(はたらく細胞)","赤血球","","[{""copyright"":""hataraku_saibou"",""co_posts"":458,""character_coverage"":1.0},{""copyright"":""hataraku_saibou_black"",""co_posts"":48,""character_coverage"":0.104803},{""copyright"":""love_live!"",""co_posts"":5,""character_coverage"":0.010917},{""copyright"":""girls'_frontline"",""co_posts"":4,""character_coverage"":0.008734},{""copyright"":""kantai_collection"",""co_posts"":4,""character_coverage"":0.008734}]","","","PENDING",""
"I70-006595","roux_louka","4","Character","469","","","","ルー・ルカ","","","[{""copyright"":""gundam"",""co_posts"":434,""character_coverage"":1.0},{""copyright"":""gundam_zz"",""co_posts"":431,""character_coverage"":0.993088},{""copyright"":""zeta_gundam"",""co_posts"":22,""character_coverage"":0.050691},{""copyright"":""mobile_suit_gundam"",""co_posts"":8,""character_coverage"":0.018433},{""copyright"":""gundam_build_fighters"",""co_posts"":6,""character_coverage"":0.013825}]","","","PENDING",""
"I70-006596","shinomiya_karen","4","Character","469","","","","","篠宮可憐","","[{""copyright"":""idolmaster"",""co_posts"":440,""character_coverage"":1.0},{""copyright"":""idolmaster_million_live!"",""co_posts"":440,""character_coverage"":1.0},{""copyright"":""idolmaster_million_live!_theater_days"",""co_posts"":166,""character_coverage"":0.377273},{""copyright"":""idolmaster_(classic)"",""co_posts"":90,""character_coverage"":0.204545},{""copyright"":""idolmaster_cinderella_girls"",""co_posts"":6,""character_coverage"":0.013636}]","","","PENDING",""
"I70-006597","watarai_hibari","4","Character","469","","","","","わたらいらすと","","[{""copyright"":""nijisanji"",""co_posts"":457,""character_coverage"":1.0},{""copyright"":""nijisanji_en"",""co_posts"":13,""character_coverage"":0.028446},{""copyright"":""nijisanji_koshien"",""co_posts"":9,""character_coverage"":0.019694},{""copyright"":""nijisanji_gta"",""co_posts"":8,""character_coverage"":0.017505},{""copyright"":""vspo!"",""co_posts"":8,""character_coverage"":0.017505}]","","","PENDING",""
"I70-006598","watarase_jun","4","Character","469","","","","準にゃん","渡良瀬準","","[{""copyright"":""happiness!"",""co_posts"":409,""character_coverage"":1.0},{""copyright"":""otome_wa_boku_ni_koishiteru"",""co_posts"":9,""character_coverage"":0.022005},{""copyright"":""guilty_gear"",""co_posts"":3,""character_coverage"":0.007335},{""copyright"":""original"",""co_posts"":3,""character_coverage"":0.007335},{""copyright"":""touhou"",""co_posts"":3,""character_coverage"":0.007335}]","","","PENDING",""
"I70-006599","zoe_(league)","4","Character","469","zoe_(league_of_legends)","zoe (league of legends)","","","ゾーイ","","[{""copyright"":""league_of_legends"",""co_posts"":413,""character_coverage"":1.0},{""copyright"":""i_want_you"",""co_posts"":3,""character_coverage"":0.007264},{""copyright"":""league_of_legends:_wild_rift"",""co_posts"":3,""character_coverage"":0.007264},{""copyright"":""mimukauwa_nice_try_(vocaloid)"",""co_posts"":2,""character_coverage"":0.004843},{""copyright"":""my_little_pony"",""co_posts"":2,""character_coverage"":0.004843}]","","","PENDING",""
"I70-006600","aiz_wallenstein","4","Character","468","","","","アイズ・ヴァレンシュタイン","","","[{""copyright"":""dungeon_ni_deai_wo_motomeru_no_wa_machigatteiru_darou_ka"",""co_posts"":435,""character_coverage"":1.0},{""copyright"":""sword_oratoria"",""co_posts"":47,""character_coverage"":0.108046},{""copyright"":""danmachi_memoria_freese"",""co_posts"":43,""character_coverage"":0.098851},{""copyright"":""danmachi_battle_chronicle"",""co_posts"":34,""character_coverage"":0.078161},{""copyright"":""kage_no_jitsuryokusha_ni_naritakute!"",""co_posts"":13,""character_coverage"":0.029885}]","","","PENDING",""
"I70-006601","alexander_(fate)","4","Character","468","","","","アレキサンダー | アレキサンダー(Fate)","","","[{""copyright"":""fate_(series)"",""co_posts"":458,""character_coverage"":0.997821},{""copyright"":""fate/grand_order"",""co_posts"":455,""character_coverage"":0.991285},{""copyright"":""fate/zero"",""co_posts"":70,""character_coverage"":0.152505},{""copyright"":""fate/stay_night"",""co_posts"":27,""character_coverage"":0.058824},{""copyright"":""fate/hollow_ataraxia"",""co_posts"":25,""character_coverage"":0.054466}]","","","PENDING",""
"I70-006602","amanogawa_shiina","4","Character","468","","","","天ノ川しいな","","shiillustration","[{""copyright"":""phase_connect"",""co_posts"":417,""character_coverage"":1.0},{""copyright"":""pokemon"",""co_posts"":6,""character_coverage"":0.014388},{""copyright"":""black_souls"",""co_posts"":2,""character_coverage"":0.004796},{""copyright"":""black_souls_2"",""co_posts"":2,""character_coverage"":0.004796},{""copyright"":""blue_archive"",""co_posts"":2,""character_coverage"":0.004796}]","","","PENDING",""
"I70-006603","caine_(the_amazing_digital_circus)","4","Character","468","","","","","ケイン","caine","[{""copyright"":""the_amazing_digital_circus"",""co_posts"":443,""character_coverage"":1.0},{""copyright"":""chainsaw_man"",""co_posts"":10,""character_coverage"":0.022573},{""copyright"":""utdr_(toby_fox)"",""co_posts"":10,""character_coverage"":0.022573},{""copyright"":""vocaloid"",""co_posts"":8,""character_coverage"":0.018059},{""copyright"":""microsoft_windows"",""co_posts"":7,""character_coverage"":0.015801}]","","","PENDING",""
"I70-006604","chitose_sana","4","Character","468","","","","","千歳佐奈","","[{""copyright"":""tenshinranman"",""co_posts"":427,""character_coverage"":1.0},{""copyright"":""yuzusoft"",""co_posts"":28,""character_coverage"":0.065574},{""copyright"":""riddle_joker"",""co_posts"":18,""character_coverage"":0.042155},{""copyright"":""tenshi_souzou_re-boot!"",""co_posts"":9,""character_coverage"":0.021077},{""copyright"":""senren_banka"",""co_posts"":7,""character_coverage"":0.016393}]","","","PENDING",""
"I70-006605","diabellze_the_original_sinkeeper","4","Character","468","","","","原罪のディアベルゼ","","Diabellze_of_the_Original_Sin","[{""copyright"":""yu-gi-oh!"",""co_posts"":438,""character_coverage"":1.0},{""copyright"":""yu-gi-oh!_5d's"",""co_posts"":9,""character_coverage"":0.020548},{""copyright"":""yu-gi-oh!_master_duel"",""co_posts"":5,""character_coverage"":0.011416},{""copyright"":""comiket_107"",""co_posts"":2,""character_coverage"":0.004566},{""copyright"":""gundam"",""co_posts"":2,""character_coverage"":0.004566}]","","","PENDING",""
"I70-006606","grave_(nikke)","4","Character","468","","","","","グレイブ(勝利の女神:NIKKE)","","[{""copyright"":""goddess_of_victory:_nikke"",""co_posts"":394,""character_coverage"":1.0},{""copyright"":""zozotown"",""co_posts"":5,""character_coverage"":0.01269},{""copyright"":""blue_archive"",""co_posts"":1,""character_coverage"":0.002538},{""copyright"":""comiket_106"",""co_posts"":1,""character_coverage"":0.002538},{""copyright"":""death_stranding"",""co_posts"":1,""character_coverage"":0.002538}]","","","PENDING",""
"I70-006607","jiyan_(wuthering_waves)","4","Character","468","","","","","キエ | 忌炎","","[{""copyright"":""wuthering_waves"",""co_posts"":457,""character_coverage"":1.0},{""copyright"":""genshin_impact"",""co_posts"":2,""character_coverage"":0.004376},{""copyright"":""honkai:_star_rail"",""co_posts"":2,""character_coverage"":0.004376},{""copyright"":""honkai_(series)"",""co_posts"":2,""character_coverage"":0.004376},{""copyright"":""mihoyo"",""co_posts"":2,""character_coverage"":0.004376}]","","","PENDING",""
"I70-006608","kinoshita_hideyoshi","4","Character","468","","","","","木下秀吉","","[{""copyright"":""baka_to_test_to_shoukanjuu"",""co_posts"":407,""character_coverage"":1.0},{""copyright"":""fate_(series)"",""co_posts"":6,""character_coverage"":0.014742},{""copyright"":""nyantype"",""co_posts"":6,""character_coverage"":0.014742},{""copyright"":""ansatsu_kyoushitsu"",""co_posts"":5,""character_coverage"":0.012285},{""copyright"":""yahari_ore_no_seishun_lovecome_wa_machigatteiru."",""co_posts"":5,""character_coverage"":0.012285}]","","","PENDING",""
"I70-006609","kyon's_sister","4","Character","468","kyon_no_imouto","kyon no imouto","","キョンの妹","","","[{""copyright"":""suzumiya_haruhi_no_yuuutsu"",""co_posts"":397,""character_coverage"":1.0},{""copyright"":""suzumiya_haruhi_no_shoushitsu"",""co_posts"":16,""character_coverage"":0.040302},{""copyright"":""lucky_star"",""co_posts"":11,""character_coverage"":0.027708},{""copyright"":""k-on!"",""co_posts"":10,""character_coverage"":0.025189},{""copyright"":""megami_magazine"",""co_posts"":9,""character_coverage"":0.02267}]","","","PENDING",""
"I70-006610","mechanic_(ragnarok_online)","4","Character","468","","","","","メカニック","","[{""copyright"":""ragnarok_online"",""co_posts"":454,""character_coverage"":1.0},{""copyright"":""ragnarok:_guild_masters"",""co_posts"":24,""character_coverage"":0.052863},{""copyright"":""ragnarok_masters"",""co_posts"":6,""character_coverage"":0.013216},{""copyright"":""touhou"",""co_posts"":3,""character_coverage"":0.006608},{""copyright"":""comiket_85"",""co_posts"":2,""character_coverage"":0.004405}]","","","PENDING",""
"I70-006611","saigyou_ayakashi","4","Character","468","","","","","西行妖","","[{""copyright"":""touhou"",""co_posts"":443,""character_coverage"":1.0},{""copyright"":""perfect_cherry_blossom"",""co_posts"":49,""character_coverage"":0.110609},{""copyright"":""touhou_(pc-98)"",""co_posts"":13,""character_coverage"":0.029345},{""copyright"":""touhou_lostword"",""co_posts"":11,""character_coverage"":0.024831},{""copyright"":""original"",""co_posts"":7,""character_coverage"":0.015801}]","","","PENDING",""
"I70-006612","u-olga_marie","4","Character","468","","","","E-オルガマリー | U-オルガマリー","","","[{""copyright"":""fate/grand_order"",""co_posts"":444,""character_coverage"":1.0},{""copyright"":""fate_(series)"",""co_posts"":444,""character_coverage"":1.0},{""copyright"":""fate/zero"",""co_posts"":2,""character_coverage"":0.004505},{""copyright"":""learning_with_manga!_fgo"",""co_posts"":2,""character_coverage"":0.004505},{""copyright"":""lord_el-melloi_ii_case_files"",""co_posts"":2,""character_coverage"":0.004505}]","","","PENDING",""
"I70-006613","vermeil_(arknights)","4","Character","468","","","","ヴァーミル | ヴァーミル(アークナイツ)","红云","","[{""copyright"":""arknights"",""co_posts"":455,""character_coverage"":1.0},{""copyright"":""a_deer_of_nine_colors"",""co_posts"":3,""character_coverage"":0.006593},{""copyright"":""black_souls"",""co_posts"":3,""character_coverage"":0.006593},{""copyright"":""line_(naver)"",""co_posts"":3,""character_coverage"":0.006593},{""copyright"":""original"",""co_posts"":3,""character_coverage"":0.006593}]","","","PENDING",""
"I70-006614","yashajin_ai","4","Character","468","","","","","夜叉神天衣","","[{""copyright"":""ryuuou_no_oshigoto!"",""co_posts"":454,""character_coverage"":1.0},{""copyright"":""megami_magazine"",""co_posts"":5,""character_coverage"":0.011013},{""copyright"":""fate/grand_order"",""co_posts"":2,""character_coverage"":0.004405},{""copyright"":""fate_(series)"",""co_posts"":2,""character_coverage"":0.004405},{""copyright"":""original"",""co_posts"":2,""character_coverage"":0.004405}]","","","PENDING",""
"I70-006615","yashiro_kizuku","4","Character","468","","","","社築フィードバック","社築 | 社築納品物","","[{""copyright"":""nijisanji"",""co_posts"":444,""character_coverage"":1.0},{""copyright"":""nijisanji_koshien"",""co_posts"":31,""character_coverage"":0.06982},{""copyright"":""nijisanji_en"",""co_posts"":27,""character_coverage"":0.060811},{""copyright"":""nijisanji_kr"",""co_posts"":16,""character_coverage"":0.036036},{""copyright"":""hololive"",""co_posts"":13,""character_coverage"":0.029279}]","","","PENDING",""
"I70-006616","yune_(fire_emblem)","4","Character","468","","","","ユンヌ","","","[{""copyright"":""fire_emblem"",""co_posts"":431,""character_coverage"":1.0},{""copyright"":""fire_emblem:_radiant_dawn"",""co_posts"":429,""character_coverage"":0.99536},{""copyright"":""fire_emblem_heroes"",""co_posts"":187,""character_coverage"":0.433875},{""copyright"":""fire_emblem:_the_sacred_stones"",""co_posts"":29,""character_coverage"":0.067285},{""copyright"":""fire_emblem_cipher"",""co_posts"":27,""character_coverage"":0.062645}]","","","PENDING",""
"I70-006617","cheese-kun","4","Character","467","","","","チーズくん","","","[{""copyright"":""code_geass"",""co_posts"":428,""character_coverage"":0.983908},{""copyright"":""pizza_hut"",""co_posts"":242,""character_coverage"":0.556322},{""copyright"":""kantai_collection"",""co_posts"":8,""character_coverage"":0.018391},{""copyright"":""fate_(series)"",""co_posts"":6,""character_coverage"":0.013793},{""copyright"":""code_geass:_fukkatsu_no_lelouch"",""co_posts"":4,""character_coverage"":0.009195}]","","","PENDING",""
"I70-006618","jahy","4","Character","467","","","","ジャヒー | ジャヒー様 | 火曜日のジャヒー様","","","[{""copyright"":""jahy-sama_wa_kujikenai!"",""co_posts"":442,""character_coverage"":0.997743},{""copyright"":""saikin_yatotta_maid_ga_ayashii"",""co_posts"":14,""character_coverage"":0.031603},{""copyright"":""tensui_no_sakuna-hime"",""co_posts"":4,""character_coverage"":0.009029},{""copyright"":""gabriel_dropout"",""co_posts"":3,""character_coverage"":0.006772},{""copyright"":""renkin_san-kyuu_magical_pokaan"",""co_posts"":3,""character_coverage"":0.006772}]","","","PENDING",""
"I70-006619","leonardo_da_vinci_(rider)_(first_ascension)_(fate)","4","Character","467","","","","","","","[{""copyright"":""fate/grand_order"",""co_posts"":452,""character_coverage"":1.0},{""copyright"":""fate_(series)"",""co_posts"":452,""character_coverage"":1.0},{""copyright"":""original"",""co_posts"":10,""character_coverage"":0.022124},{""copyright"":""learning_with_manga!_fgo"",""co_posts"":8,""character_coverage"":0.017699},{""copyright"":""fate/extra"",""co_posts"":6,""character_coverage"":0.013274}]","","","PENDING",""
"I70-006620","leoparde_(mahou_shoujo_ni_akogarete)","4","Character","467","leopard_(mahou_shoujo_ni_akogarete)","leopard (mahou shoujo ni akogarete)","","レオパルト","","","[{""copyright"":""mahou_shoujo_ni_akogarete"",""co_posts"":431,""character_coverage"":1.0},{""copyright"":""comiket_104"",""co_posts"":2,""character_coverage"":0.00464},{""copyright"":""original"",""co_posts"":2,""character_coverage"":0.00464},{""copyright"":""bang_dream!"",""co_posts"":1,""character_coverage"":0.00232},{""copyright"":""bang_dream!_girls_band_party!"",""co_posts"":1,""character_coverage"":0.00232}]","","","PENDING",""
"I70-006621","maihama_ayumu","4","Character","467","","","","","舞浜歩","","[{""copyright"":""idolmaster"",""co_posts"":432,""character_coverage"":1.0},{""copyright"":""idolmaster_million_live!"",""co_posts"":432,""character_coverage"":1.0},{""copyright"":""idolmaster_million_live!_theater_days"",""co_posts"":160,""character_coverage"":0.37037},{""copyright"":""idolmaster_(classic)"",""co_posts"":91,""character_coverage"":0.210648},{""copyright"":""idolmaster_cinderella_girls"",""co_posts"":6,""character_coverage"":0.013889}]","","","PENDING",""
"I70-006622","manjoume_jun","4","Character","467","chazz_princeton","chazz princeton","","","万丈目準","","[{""copyright"":""yu-gi-oh!"",""co_posts"":452,""character_coverage"":1.0},{""copyright"":""yu-gi-oh!_gx"",""co_posts"":452,""character_coverage"":1.0},{""copyright"":""yu-gi-oh!_duel_monsters"",""co_posts"":21,""character_coverage"":0.04646},{""copyright"":""yu-gi-oh!_5d's"",""co_posts"":20,""character_coverage"":0.044248},{""copyright"":""yu-gi-oh!_zexal"",""co_posts"":11,""character_coverage"":0.024336}]","","","PENDING",""
"I70-006623","parasoul_(skullgirls)","4","Character","467","","","","パラソール","","","[{""copyright"":""skullgirls"",""co_posts"":391,""character_coverage"":1.0},{""copyright"":""persona"",""co_posts"":6,""character_coverage"":0.015345},{""copyright"":""guilty_gear"",""co_posts"":3,""character_coverage"":0.007673},{""copyright"":""persona_3"",""co_posts"":3,""character_coverage"":0.007673},{""copyright"":""persona_4"",""co_posts"":3,""character_coverage"":0.007673}]","","","PENDING",""
"I70-006624","protagonist_4_(housamo)","4","Character","467","mc4_(housamo),master_4_(housamo),master_4_(tokyo_houkago_summoners)","master 4 (housamo) | master 4 (tokyo houkago summoners) | mc4 (housamo)","","","主4","","[{""copyright"":""tokyo_afterschool_summoners"",""co_posts"":464,""character_coverage"":1.0},{""copyright"":""live_a_hero"",""co_posts"":3,""character_coverage"":0.006466},{""copyright"":""shoukan_yuusha_to_f-kei_kareshi"",""co_posts"":3,""character_coverage"":0.006466},{""copyright"":""golden_kamuy"",""co_posts"":1,""character_coverage"":0.002155},{""copyright"":""meitantei_conan"",""co_posts"":1,""character_coverage"":0.002155}]","","","PENDING",""
"I70-006625","rex_lapis_(genshin_impact)","4","Character","467","","","","","岩王帝君","","[{""copyright"":""genshin_impact"",""co_posts"":461,""character_coverage"":1.0},{""copyright"":""honkai_(series)"",""co_posts"":10,""character_coverage"":0.021692},{""copyright"":""mihoyo"",""co_posts"":10,""character_coverage"":0.021692},{""copyright"":""honkai:_star_rail"",""co_posts"":7,""character_coverage"":0.015184},{""copyright"":""honkai_impact_3rd"",""co_posts"":3,""character_coverage"":0.006508}]","","","PENDING",""
"I70-006626","robin_(summeretto)_(honkai:_star_rail)","4","Character","467","","","","","ロビン・夏空の歌","","[{""copyright"":""honkai_(series)"",""co_posts"":153,""character_coverage"":1.0},{""copyright"":""honkai:_star_rail"",""co_posts"":152,""character_coverage"":0.993464},{""copyright"":""honkai_impact_3rd"",""co_posts"":1,""character_coverage"":0.006536},{""copyright"":""iii_(hololive)"",""co_posts"":1,""character_coverage"":0.006536}]","","","PENDING",""
"I70-006627","saint-louis_(azur_lane)","4","Character","467","","","","サン・ルイ | サン・ルイ(アズールレーン)","路易九世","","[{""copyright"":""azur_lane"",""co_posts"":418,""character_coverage"":1.0},{""copyright"":""world_of_warships"",""co_posts"":6,""character_coverage"":0.014354},{""copyright"":""azur_lane:_slow_ahead"",""co_posts"":3,""character_coverage"":0.007177},{""copyright"":""2channel"",""co_posts"":1,""character_coverage"":0.002392},{""copyright"":""blue_archive"",""co_posts"":1,""character_coverage"":0.002392}]","","","PENDING",""
"I70-006628","shadow_milk_cookie","4","Character","467","","","","","シャドウミルククッキー","","[{""copyright"":""cookie_run"",""co_posts"":376,""character_coverage"":1.0},{""copyright"":""cookie_run:_kingdom"",""co_posts"":375,""character_coverage"":0.99734},{""copyright"":""envy_baby_(vocaloid)"",""co_posts"":21,""character_coverage"":0.055851},{""copyright"":""monitoring_(vocaloid)"",""co_posts"":5,""character_coverage"":0.013298},{""copyright"":""genshin_impact"",""co_posts"":4,""character_coverage"":0.010638}]","","","PENDING",""
"I70-006629","tamada_tamaki","4","Character","467","tamada_(girls_und_panzer)","tamada (girls und panzer)","","","玉田 | 玉田(GuP) | 玉田環 | 知波単学園","","[{""copyright"":""girls_und_panzer"",""co_posts"":447,""character_coverage"":1.0},{""copyright"":""gekitotsu!_joshikousei_oiroke_sensha_gundan"",""co_posts"":243,""character_coverage"":0.543624},{""copyright"":""girls_und_panzer_motto_love_love_sakusen_desu!"",""co_posts"":34,""character_coverage"":0.076063},{""copyright"":""girls_und_panzer_senshadou_daisakusen!"",""co_posts"":12,""character_coverage"":0.026846},{""copyright"":""girls_und_panzer_gekijouban"",""co_posts"":11,""character_coverage"":0.024609}]","","","PENDING",""
"I70-006630","x_(reverse:1999)","4","Character","467","","","","","X(リバース:1999)","","[{""copyright"":""reverse:1999"",""co_posts"":439,""character_coverage"":1.0},{""copyright"":""lawson"",""co_posts"":7,""character_coverage"":0.015945},{""copyright"":""apple_inc."",""co_posts"":2,""character_coverage"":0.004556},{""copyright"":""assassin's_creed:_odyssey"",""co_posts"":2,""character_coverage"":0.004556},{""copyright"":""assassin's_creed_(series)"",""co_posts"":2,""character_coverage"":0.004556}]","","","PENDING",""
"I70-006631","amitie_(puyopuyo)","4","Character","466","","","","","アミティ","","[{""copyright"":""puyopuyo"",""co_posts"":431,""character_coverage"":0.997685},{""copyright"":""puyopuyo_20th_anniversary"",""co_posts"":158,""character_coverage"":0.365741},{""copyright"":""puyopuyo_quest"",""co_posts"":124,""character_coverage"":0.287037},{""copyright"":""puyopuyo_fever_2"",""co_posts"":49,""character_coverage"":0.113426},{""copyright"":""puyopuyo_fever"",""co_posts"":39,""character_coverage"":0.090278}]","","","PENDING",""
"I70-006632","cornelia_li_britannia","4","Character","466","cornelia_li_brittania","cornelia li brittania","","コーネリア | コーネリア・リ・ブリタニア","","","[{""copyright"":""code_geass"",""co_posts"":426,""character_coverage"":1.0},{""copyright"":""code_geass:_lost_stories"",""co_posts"":22,""character_coverage"":0.051643},{""copyright"":""code_geass:_boukoku_no_akito"",""co_posts"":6,""character_coverage"":0.014085},{""copyright"":""code_geachu_lelouch_of_the_calamity"",""co_posts"":4,""character_coverage"":0.00939},{""copyright"":""pizza_hut"",""co_posts"":4,""character_coverage"":0.00939}]","","","PENDING",""
"I70-006633","guinaifen_(honkai:_star_rail)","4","Character","466","","","","ケナイフン","桂乃芬","Guinaifen","[{""copyright"":""honkai:_star_rail"",""co_posts"":439,""character_coverage"":1.0},{""copyright"":""honkai_(series)"",""co_posts"":439,""character_coverage"":1.0},{""copyright"":""mihoyo"",""co_posts"":10,""character_coverage"":0.022779},{""copyright"":""genshin_impact"",""co_posts"":9,""character_coverage"":0.020501},{""copyright"":""honkai_impact_3rd"",""co_posts"":5,""character_coverage"":0.01139}]","","","PENDING",""
"I70-006634","kukuri_(mawaru)","4","Character","466","","","","","菊理","","[{""copyright"":""original"",""co_posts"":459,""character_coverage"":0.989224},{""copyright"":""pokemon"",""co_posts"":4,""character_coverage"":0.008621},{""copyright"":""twitter"",""co_posts"":4,""character_coverage"":0.008621},{""copyright"":""dragon_quest"",""co_posts"":2,""character_coverage"":0.00431},{""copyright"":""azur_lane"",""co_posts"":1,""character_coverage"":0.002155}]","","","PENDING",""
"I70-006635","kuzuha_(1st_costume)_(nijisanji)","4","Character","466","","","","","葛葉(通常)","","[{""copyright"":""nijisanji"",""co_posts"":446,""character_coverage"":1.0},{""copyright"":""crazy_raccoon"",""co_posts"":14,""character_coverage"":0.03139},{""copyright"":""vspo!"",""co_posts"":11,""character_coverage"":0.024664},{""copyright"":""hololive"",""co_posts"":6,""character_coverage"":0.013453},{""copyright"":""valorant"",""co_posts"":5,""character_coverage"":0.011211}]","","","PENDING",""
"I70-006636","mechty_(girls'_frontline_2)","4","Character","466","","","","","ミシュティ(ドールズフロントライン2)","","[{""copyright"":""girls'_frontline"",""co_posts"":400,""character_coverage"":1.0},{""copyright"":""girls'_frontline_2:_exilium"",""co_posts"":400,""character_coverage"":1.0},{""copyright"":""akira_(manga)"",""co_posts"":2,""character_coverage"":0.005},{""copyright"":""blue_archive"",""co_posts"":2,""character_coverage"":0.005},{""copyright"":""jojo_no_kimyou_na_bouken"",""co_posts"":2,""character_coverage"":0.005}]","","","PENDING",""
"I70-006637","minakami_yuki","4","Character","466","","","","","水上由岐 | 由岐柘榴","","[{""copyright"":""subarashiki_hibi"",""co_posts"":318,""character_coverage"":1.0},{""copyright"":""sakura_no_uta"",""co_posts"":6,""character_coverage"":0.018868},{""copyright"":""bocchi_the_rock!"",""co_posts"":4,""character_coverage"":0.012579},{""copyright"":""original"",""co_posts"":4,""character_coverage"":0.012579},{""copyright"":""kimi_to_kanojo_to_kanojo_no_koi."",""co_posts"":3,""character_coverage"":0.009434}]","","","PENDING",""
"I70-006638","petra_gurin_(1st_costume)","4","Character","466","","","","ペトラ・グリン(制服) | ペトラ・グリン(通常)","","","[{""copyright"":""nijisanji"",""co_posts"":449,""character_coverage"":1.0},{""copyright"":""nijisanji_en"",""co_posts"":449,""character_coverage"":1.0},{""copyright"":""nijisanji_kr"",""co_posts"":9,""character_coverage"":0.020045},{""copyright"":""nijisanji_id"",""co_posts"":8,""character_coverage"":0.017817},{""copyright"":""hololive"",""co_posts"":5,""character_coverage"":0.011136}]","","","PENDING",""
"I70-006639","rillaboom","4","Character","466","","","","ゴリランダー","","","[{""copyright"":""pokemon"",""co_posts"":449,""character_coverage"":1.0},{""copyright"":""pokemon_sword_and_shield"",""co_posts"":147,""character_coverage"":0.327394},{""copyright"":""original"",""co_posts"":81,""character_coverage"":0.180401},{""copyright"":""pokemon_scarlet_and_violet"",""co_posts"":24,""character_coverage"":0.053452},{""copyright"":""vocaloid"",""co_posts"":24,""character_coverage"":0.053452}]","","","PENDING",""
"I70-006640","rom_(neptunia)","4","Character","466","rom_(neptune_series)","rom (neptune series)","","ロム(ネプテューヌ)","","","[{""copyright"":""neptune_(series)"",""co_posts"":421,""character_coverage"":1.0},{""copyright"":""choujigen_game_neptune_mk2"",""co_posts"":55,""character_coverage"":0.130641},{""copyright"":""four_goddesses_online:_cyber_dimension_neptune"",""co_posts"":44,""character_coverage"":0.104513},{""copyright"":""choujigen_game_neptune"",""co_posts"":26,""character_coverage"":0.061758},{""copyright"":""shin_jigen_game_neptune_vii"",""co_posts"":19,""character_coverage"":0.045131}]","","","PENDING",""
"I70-006641","shiratama_mikan","4","Character","466","","","","あろみか | アロマゲドン | ガァルマゲドン | ガァルマゲドン・ミ | 白玉みかん","白玉蜜柑","","[{""copyright"":""pretty_series"",""co_posts"":460,""character_coverage"":1.0},{""copyright"":""pripara"",""co_posts"":460,""character_coverage"":1.0},{""copyright"":""idol_time_pripara"",""co_posts"":17,""character_coverage"":0.036957},{""copyright"":""aikatsu!_(series)"",""co_posts"":7,""character_coverage"":0.015217},{""copyright"":""aikatsu!"",""co_posts"":6,""character_coverage"":0.013043}]","","","PENDING",""
"I70-006642","takigawa_miu","4","Character","466","","","","滝川みう","","","[{""copyright"":""22/7"",""co_posts"":437,""character_coverage"":1.0},{""copyright"":""22/7_ongaku_no_jikan"",""co_posts"":59,""character_coverage"":0.135011},{""copyright"":""newtype"",""co_posts"":19,""character_coverage"":0.043478},{""copyright"":""village_vanguard"",""co_posts"":3,""character_coverage"":0.006865},{""copyright"":""aniplex"",""co_posts"":2,""character_coverage"":0.004577}]","","","PENDING",""
"I70-006643","akershus_fortress_(oshiro_project)","4","Character","465","","","","アーケシュフース城","","","[{""copyright"":""oshiro_project:re"",""co_posts"":411,""character_coverage"":1.0},{""copyright"":""twitter"",""co_posts"":2,""character_coverage"":0.004866},{""copyright"":""original"",""co_posts"":1,""character_coverage"":0.002433}]","","","PENDING",""
"I70-006644","copano_rickey_(eightfold_fortune)_(umamusume)","4","Character","465","copano_rickey_(yin-yang_bagua_lucky_costume)_(umamusume)","copano rickey (yin-yang bagua lucky costume) (umamusume)","","","陰陽八卦☆開運衣","","[]","","","PENDING",""
"I70-006645","eyjafjalla_(summer_flower)_(arknights)","4","Character","465","eyjafjalla_(summer_flowers)_(arknights)","eyjafjalla (summer flowers) (arknights)","","","eyjafjalla（夏の花）（arknights）","","[{""copyright"":""arknights"",""co_posts"":455,""character_coverage"":1.0},{""copyright"":""ambience_synesthesia"",""co_posts"":3,""character_coverage"":0.006593},{""copyright"":""azur_lane"",""co_posts"":1,""character_coverage"":0.002198},{""copyright"":""blue_archive"",""co_posts"":1,""character_coverage"":0.002198},{""copyright"":""granblue_fantasy"",""co_posts"":1,""character_coverage"":0.002198}]","","","PENDING",""
"I70-006646","flametail_(arknights)","4","Character","465","sona_(arknights)","sona (arknights)","","フレイムテイル(アークナイツ)","焰尾","","[{""copyright"":""arknights"",""co_posts"":454,""character_coverage"":1.0},{""copyright"":""suzumiya_haruhi_no_yuuutsu"",""co_posts"":10,""character_coverage"":0.022026},{""copyright"":""a_deer_of_nine_colors"",""co_posts"":4,""character_coverage"":0.008811},{""copyright"":""rainbow_six_siege"",""co_posts"":4,""character_coverage"":0.008811},{""copyright"":""monster_hunter_(series)"",""co_posts"":3,""character_coverage"":0.006608}]","","","PENDING",""
"I70-006647","kazuradrop_(fate)","4","Character","465","kazuradrop","kazuradrop","","カズラドロップ | ムリアン(Fate)","","","[{""copyright"":""fate_(series)"",""co_posts"":410,""character_coverage"":1.0},{""copyright"":""fate/grand_order"",""co_posts"":389,""character_coverage"":0.94878},{""copyright"":""fate/extra"",""co_posts"":47,""character_coverage"":0.114634},{""copyright"":""fate/extra_ccc"",""co_posts"":43,""character_coverage"":0.104878},{""copyright"":""fate/extra_ccc_fox_tail"",""co_posts"":35,""character_coverage"":0.085366}]","","","PENDING",""
"I70-006648","kei_(dirty_pair)","4","Character","465","","","","ケイ | ケイ(ダーティペア)","","","[{""copyright"":""dirty_pair"",""co_posts"":412,""character_coverage"":1.0},{""copyright"":""urusei_yatsura"",""co_posts"":14,""character_coverage"":0.033981},{""copyright"":""sunrise_(company)"",""co_posts"":9,""character_coverage"":0.021845},{""copyright"":""gundam"",""co_posts"":6,""character_coverage"":0.014563},{""copyright"":""precure"",""co_posts"":5,""character_coverage"":0.012136}]","","","PENDING",""
"I70-006649","kisaragi_ren_(vspo!)","4","Character","465","kisaragi_ren_(vtuber)","kisaragi ren (vtuber)","","","如月れん","","[{""copyright"":""vspo!"",""co_posts"":438,""character_coverage"":1.0},{""copyright"":""nijisanji"",""co_posts"":11,""character_coverage"":0.025114},{""copyright"":""street_fighter"",""co_posts"":7,""character_coverage"":0.015982},{""copyright"":""apex_legends"",""co_posts"":5,""character_coverage"":0.011416},{""copyright"":""street_fighter_6"",""co_posts"":5,""character_coverage"":0.011416}]","","","PENDING",""
"I70-006650","louise_(touhou)","4","Character","465","luize","luize","","ルイズ | ルイズ(東方Project)","","루이즈","[{""copyright"":""touhou"",""co_posts"":429,""character_coverage"":1.0},{""copyright"":""touhou_(pc-98)"",""co_posts"":429,""character_coverage"":1.0},{""copyright"":""mystic_square"",""co_posts"":98,""character_coverage"":0.228438},{""copyright"":""highly_responsive_to_prayers"",""co_posts"":20,""character_coverage"":0.04662},{""copyright"":""story_of_eastern_wonderland"",""co_posts"":19,""character_coverage"":0.044289}]","","","PENDING",""
"I70-006651","m4a1_(mod3)_(girls'_frontline)","4","Character","465","","","","M4A1_MOD3(ドールズフロントライン)","","M4A1MOD3 | M4A1_MOD3","[{""copyright"":""girls'_frontline"",""co_posts"":432,""character_coverage"":1.0},{""copyright"":""call_of_duty"",""co_posts"":9,""character_coverage"":0.020833},{""copyright"":""call_of_duty:_mobile"",""co_posts"":9,""character_coverage"":0.020833},{""copyright"":""girls'_frontline_neural_cloud"",""co_posts"":6,""character_coverage"":0.013889},{""copyright"":""arknights"",""co_posts"":4,""character_coverage"":0.009259}]","","","PENDING",""
"I70-006652","saratoga_(azur_lane)","4","Character","465","","","","サラトガ | サラトガ(アズールレーン) | サラトガ改(アズールレーン)","萨拉托加","","[{""copyright"":""azur_lane"",""co_posts"":445,""character_coverage"":1.0},{""copyright"":""kantai_collection"",""co_posts"":19,""character_coverage"":0.042697},{""copyright"":""kizuna_ai_inc."",""co_posts"":8,""character_coverage"":0.017978},{""copyright"":""azur_lane:_slow_ahead"",""co_posts"":3,""character_coverage"":0.006742},{""copyright"":""hololive"",""co_posts"":3,""character_coverage"":0.006742}]","","","PENDING",""
"I70-006653","akashi_(live_a_hero)","4","Character","464","","","","アカシ | 魂群アカシ","","","[{""copyright"":""live_a_hero"",""co_posts"":462,""character_coverage"":1.0},{""copyright"":""tokyo_afterschool_summoners"",""co_posts"":14,""character_coverage"":0.030303},{""copyright"":""original"",""co_posts"":3,""character_coverage"":0.006494},{""copyright"":""fate/grand_order"",""co_posts"":2,""character_coverage"":0.004329},{""copyright"":""fate_(series)"",""co_posts"":2,""character_coverage"":0.004329}]","","","PENDING",""
"I70-006654","archer_(ragnarok_online)","4","Character","464","","","","","アーチャー","","[{""copyright"":""ragnarok_online"",""co_posts"":450,""character_coverage"":1.0},{""copyright"":""robf"",""co_posts"":59,""character_coverage"":0.131111},{""copyright"":""ragnarok:_guild_masters"",""co_posts"":24,""character_coverage"":0.053333},{""copyright"":""touhou"",""co_posts"":8,""character_coverage"":0.017778},{""copyright"":""vocaloid"",""co_posts"":6,""character_coverage"":0.013333}]","","","PENDING",""
"I70-006655","bready_(nikke)","4","Character","464","","","","","ブレッディ(勝利の女神:NIKKE)","","[{""copyright"":""goddess_of_victory:_nikke"",""co_posts"":434,""character_coverage"":1.0},{""copyright"":""blue_archive"",""co_posts"":3,""character_coverage"":0.006912},{""copyright"":""pokemon"",""co_posts"":3,""character_coverage"":0.006912},{""copyright"":""pokemon_scarlet_and_violet"",""co_posts"":3,""character_coverage"":0.006912},{""copyright"":""umamusume"",""co_posts"":2,""character_coverage"":0.004608}]","","","PENDING",""
"I70-006656","falulu","4","Character","464","","","","","ファルル","","[{""copyright"":""pretty_series"",""co_posts"":457,""character_coverage"":0.997817},{""copyright"":""pripara"",""co_posts"":457,""character_coverage"":0.997817},{""copyright"":""idol_land_pripara"",""co_posts"":9,""character_coverage"":0.019651},{""copyright"":""aikatsu!_(series)"",""co_posts"":7,""character_coverage"":0.015284},{""copyright"":""aikatsu!"",""co_posts"":6,""character_coverage"":0.0131}]","","","PENDING",""
"I70-006657","haxorus","4","Character","464","","","","オノノクス","","","[{""copyright"":""pokemon"",""co_posts"":437,""character_coverage"":1.0},{""copyright"":""pokemon_black_and_white"",""co_posts"":123,""character_coverage"":0.281465},{""copyright"":""pokemon_black_2_and_white_2"",""co_posts"":75,""character_coverage"":0.171625},{""copyright"":""pokemon_(anime)"",""co_posts"":37,""character_coverage"":0.084668},{""copyright"":""pokemon_sword_and_shield"",""co_posts"":35,""character_coverage"":0.080092}]","","","PENDING",""
"I70-006658","marui_mitsuba","4","Character","464","","","","丸井みつば","","","[{""copyright"":""mitsudomoe_(manga)"",""co_posts"":431,""character_coverage"":1.0},{""copyright"":""shinryaku!_ikamusume"",""co_posts"":6,""character_coverage"":0.013921},{""copyright"":""yotsubato!"",""co_posts"":4,""character_coverage"":0.009281},{""copyright"":""hanamaru_youchien"",""co_posts"":3,""character_coverage"":0.006961},{""copyright"":""k-on!"",""co_posts"":3,""character_coverage"":0.006961}]","","","PENDING",""
"I70-006659","mon3tr_(summon)_(arknights)","4","Character","464","","","","","","","[{""copyright"":""arknights"",""co_posts"":451,""character_coverage"":1.0},{""copyright"":""limbus_company"",""co_posts"":9,""character_coverage"":0.019956},{""copyright"":""project_moon"",""co_posts"":9,""character_coverage"":0.019956},{""copyright"":""cyberpunk:_edgerunners"",""co_posts"":2,""character_coverage"":0.004435},{""copyright"":""cyberpunk_(series)"",""co_posts"":2,""character_coverage"":0.004435}]","","","PENDING",""
"I70-006660","natsuiro_matsuri_(matsuri's_day_off)","4","Character","464","natsuiro_matsuri_(loungewear),natsuiro_matsuri_(2nd_costume)","natsuiro matsuri (2nd costume) | natsuiro matsuri (loungewear)","","まつりの休日 | 夏色まつり(お部屋着)","","","[{""copyright"":""hololive"",""co_posts"":445,""character_coverage"":1.0},{""copyright"":""hololive_english"",""co_posts"":15,""character_coverage"":0.033708},{""copyright"":""hololive_indonesia"",""co_posts"":13,""character_coverage"":0.029213},{""copyright"":""hololive_dev_is"",""co_posts"":12,""character_coverage"":0.026966},{""copyright"":""noripro"",""co_posts"":3,""character_coverage"":0.006742}]","","","PENDING",""
"I70-006661","ouro_kronii_(4th_costume)","4","Character","464","","","","オーロ・クロニー(軍服) | オーロ・クロニー(軍服衣装)","","krover","[{""copyright"":""hololive"",""co_posts"":448,""character_coverage"":1.0},{""copyright"":""hololive_english"",""co_posts"":448,""character_coverage"":1.0},{""copyright"":""hololive_indonesia"",""co_posts"":10,""character_coverage"":0.022321},{""copyright"":""minecraft"",""co_posts"":3,""character_coverage"":0.006696},{""copyright"":""buckshot_roulette"",""co_posts"":2,""character_coverage"":0.004464}]","","","PENDING",""
"I70-006662","recoleta_(reverse:1999)","4","Character","464","","","","","レコレータ","","[{""copyright"":""reverse:1999"",""co_posts"":450,""character_coverage"":1.0},{""copyright"":""poptepipic"",""co_posts"":3,""character_coverage"":0.006667},{""copyright"":""umamusume"",""co_posts"":2,""character_coverage"":0.004444},{""copyright"":""zombie_high_school"",""co_posts"":2,""character_coverage"":0.004444},{""copyright"":""ace_attorney"",""co_posts"":1,""character_coverage"":0.002222}]","","","PENDING",""
"I70-006663","shigure_kai_san_(swimsuit)_(kancolle)","4","Character","464","","","","","時雨改三(水着)","","[{""copyright"":""kantai_collection"",""co_posts"":446,""character_coverage"":1.0},{""copyright"":""2024_summer_olympics"",""co_posts"":1,""character_coverage"":0.002242},{""copyright"":""coca-cola"",""co_posts"":1,""character_coverage"":0.002242},{""copyright"":""comiket_104"",""co_posts"":1,""character_coverage"":0.002242},{""copyright"":""olympics"",""co_posts"":1,""character_coverage"":0.002242}]","","","PENDING",""
"I70-006664","shiratori_aira_(ensemble_stars!)","4","Character","464","","","","","ひいあい","","[{""copyright"":""ensemble_stars!"",""co_posts"":462,""character_coverage"":1.0},{""copyright"":""hello_kitty"",""co_posts"":3,""character_coverage"":0.006494},{""copyright"":""sanrio"",""co_posts"":3,""character_coverage"":0.006494},{""copyright"":""alice's_adventures_in_wonderland"",""co_posts"":2,""character_coverage"":0.004329},{""copyright"":""original"",""co_posts"":2,""character_coverage"":0.004329}]","","","PENDING",""
"I70-006665","vyn_richter_(tears_of_themis)","4","Character","464","","","","","森月黎","","[{""copyright"":""tears_of_themis"",""co_posts"":453,""character_coverage"":1.0},{""copyright"":""mihoyo"",""co_posts"":29,""character_coverage"":0.064018},{""copyright"":""genshin_impact"",""co_posts"":20,""character_coverage"":0.04415},{""copyright"":""honkai_(series)"",""co_posts"":18,""character_coverage"":0.039735},{""copyright"":""honkai:_star_rail"",""co_posts"":11,""character_coverage"":0.024283}]","","","PENDING",""
"I70-006666","bidoof","4","Character","463","","","","ビッパ","","","[{""copyright"":""pokemon"",""co_posts"":440,""character_coverage"":0.997732},{""copyright"":""pokemon_legends:_arceus"",""co_posts"":62,""character_coverage"":0.14059},{""copyright"":""pokemon_diamond/pearl/platinum"",""co_posts"":51,""character_coverage"":0.115646},{""copyright"":""pokemon_tcg"",""co_posts"":44,""character_coverage"":0.099773},{""copyright"":""pokemon_mystery_dungeon"",""co_posts"":26,""character_coverage"":0.058957}]","","","PENDING",""
"I70-006667","crystal_exarch","4","Character","463","","","","","水晶公","","[{""copyright"":""final_fantasy"",""co_posts"":454,""character_coverage"":0.997802},{""copyright"":""final_fantasy_xiv"",""co_posts"":454,""character_coverage"":0.997802},{""copyright"":""mega_man_(series)"",""co_posts"":2,""character_coverage"":0.004396},{""copyright"":""mega_man_zx"",""co_posts"":2,""character_coverage"":0.004396},{""copyright"":""nier_(series)"",""co_posts"":2,""character_coverage"":0.004396}]","","","PENDING",""
"I70-006668","grim_(azur_lane)","4","Character","463","","","","","Grim（Azur Lane）","","[{""copyright"":""azur_lane"",""co_posts"":434,""character_coverage"":1.0},{""copyright"":""kantai_collection"",""co_posts"":15,""character_coverage"":0.034562},{""copyright"":""azur_lane:_slow_ahead"",""co_posts"":2,""character_coverage"":0.004608},{""copyright"":""coca-cola"",""co_posts"":2,""character_coverage"":0.004608},{""copyright"":""ghost_rider_(series)"",""co_posts"":2,""character_coverage"":0.004608}]","","","PENDING",""
"I70-006669","jessica_the_liberated_(arknights)","4","Character","463","","","","滌火ジェシカ","涤火杰西卡","","[{""copyright"":""arknights"",""co_posts"":440,""character_coverage"":1.0},{""copyright"":""ambience_synesthesia"",""co_posts"":8,""character_coverage"":0.018182},{""copyright"":""blue_archive"",""co_posts"":2,""character_coverage"":0.004545},{""copyright"":""utdr_(toby_fox)"",""co_posts"":2,""character_coverage"":0.004545},{""copyright"":""2024_summer_olympics"",""co_posts"":1,""character_coverage"":0.002273}]","","","PENDING",""
"I70-006670","kaneko_lumi","4","Character","463","","","","","金子瑠美","KanekoLumi | Lewdmi | Lumillust","[{""copyright"":""phase_connect"",""co_posts"":388,""character_coverage"":0.982278},{""copyright"":""indie_virtual_youtuber"",""co_posts"":10,""character_coverage"":0.025316},{""copyright"":""cyberlive"",""co_posts"":7,""character_coverage"":0.017722},{""copyright"":""persona"",""co_posts"":4,""character_coverage"":0.010127},{""copyright"":""persona_3"",""co_posts"":4,""character_coverage"":0.010127}]","","","PENDING",""
"I70-006671","kirarazaka_marina","4","Character","463","","","","","雲母坂まりな","","[{""copyright"":""takopii_no_genzai"",""co_posts"":429,""character_coverage"":1.0},{""copyright"":""kimetsu_no_yaiba"",""co_posts"":2,""character_coverage"":0.004662},{""copyright"":""love_live!"",""co_posts"":2,""character_coverage"":0.004662},{""copyright"":""love_live!_superstar!!"",""co_posts"":2,""character_coverage"":0.004662},{""copyright"":""bocchi_the_rock!"",""co_posts"":1,""character_coverage"":0.002331}]","","","PENDING",""
"I70-006672","kobo_kanaeru_(1st_costume)","4","Character","463","","","","","","","[{""copyright"":""hololive"",""co_posts"":441,""character_coverage"":1.0},{""copyright"":""hololive_indonesia"",""co_posts"":441,""character_coverage"":1.0},{""copyright"":""hololive_english"",""co_posts"":137,""character_coverage"":0.310658},{""copyright"":""holostars"",""co_posts"":26,""character_coverage"":0.058957},{""copyright"":""holostars_english"",""co_posts"":25,""character_coverage"":0.056689}]","","","PENDING",""
"I70-006673","lars_rorschach","4","Character","463","rorschach_rothschild,luo_xia","luo xia | rorschach rothschild","","","罗夏","","[{""copyright"":""lovebrush_chronicles"",""co_posts"":456,""character_coverage"":1.0},{""copyright"":""original"",""co_posts"":3,""character_coverage"":0.006579},{""copyright"":""alice's_adventures_in_wonderland"",""co_posts"":2,""character_coverage"":0.004386},{""copyright"":""coca-cola"",""co_posts"":1,""character_coverage"":0.002193},{""copyright"":""pokemon"",""co_posts"":1,""character_coverage"":0.002193}]","","","PENDING",""
"I70-006674","lunch_(dragon_ball)","4","Character","463","launch_(dragon_ball),lunch_(dragonball)","launch (dragon ball) | lunch (dragonball)","","ランチ | ランチ(ドラゴンボール) | ランチさん | 金髪ランチ | 青髪ランチ | 黒髪ランチ","兰琪","BadLaunch | GoodLaunch","[{""copyright"":""dragon_ball"",""co_posts"":411,""character_coverage"":1.0},{""copyright"":""dragon_ball_(classic)"",""co_posts"":361,""character_coverage"":0.878345},{""copyright"":""dragon_ball_z"",""co_posts"":55,""character_coverage"":0.13382},{""copyright"":""dragon_ball_super"",""co_posts"":13,""character_coverage"":0.03163},{""copyright"":""dragon_ball_gt"",""co_posts"":9,""character_coverage"":0.021898}]","","","PENDING",""
"I70-006675","mirage_(apex_legends)","4","Character","463","","","","","ミラージュ","","[{""copyright"":""apex_legends"",""co_posts"":458,""character_coverage"":1.0},{""copyright"":""hololive"",""co_posts"":6,""character_coverage"":0.0131},{""copyright"":""indie_virtual_youtuber"",""co_posts"":5,""character_coverage"":0.010917},{""copyright"":""apex_legends_mobile"",""co_posts"":4,""character_coverage"":0.008734},{""copyright"":""original"",""co_posts"":4,""character_coverage"":0.008734}]","","","PENDING",""
"I70-006676","nijino_yume","4","Character","463","","","","虹野ゆめ","","","[{""copyright"":""aikatsu!_(series)"",""co_posts"":445,""character_coverage"":1.0},{""copyright"":""aikatsu_stars!"",""co_posts"":440,""character_coverage"":0.988764},{""copyright"":""aikatsu!"",""co_posts"":37,""character_coverage"":0.083146},{""copyright"":""aikatsu_friends!"",""co_posts"":14,""character_coverage"":0.031461},{""copyright"":""aikatsu_on_parade!"",""co_posts"":10,""character_coverage"":0.022472}]","","","PENDING",""
"I70-006677","niwamaru_(niwarhythm)","4","Character","463","","","","にわ丸","","","[{""copyright"":""original"",""co_posts"":457,""character_coverage"":1.0},{""copyright"":""ark_survival_evolved"",""co_posts"":1,""character_coverage"":0.002188},{""copyright"":""cookie_(touhou)"",""co_posts"":1,""character_coverage"":0.002188},{""copyright"":""dark_souls_(series)"",""co_posts"":1,""character_coverage"":0.002188},{""copyright"":""dark_souls_iii"",""co_posts"":1,""character_coverage"":0.002188}]","","","PENDING",""
"I70-006678","paya_(zelda)","4","Character","463","","","","パーヤ","","","[{""copyright"":""the_legend_of_zelda"",""co_posts"":421,""character_coverage"":1.0},{""copyright"":""the_legend_of_zelda:_breath_of_the_wild"",""co_posts"":332,""character_coverage"":0.788599},{""copyright"":""the_legend_of_zelda:_tears_of_the_kingdom"",""co_posts"":99,""character_coverage"":0.235154},{""copyright"":""hyrule_warriors:_age_of_calamity"",""co_posts"":11,""character_coverage"":0.026128},{""copyright"":""the_legend_of_zelda:_twilight_princess"",""co_posts"":6,""character_coverage"":0.014252}]","","","PENDING",""
"I70-006679","rachel_gardner","4","Character","463","ray_(angels_of_death)","ray (angels of death)","","レイチェル | レイチェル(殺戮の天使) | レイチェルガードナー | レイチェル・ガードナー","","","[{""copyright"":""satsuriku_no_tenshi"",""co_posts"":438,""character_coverage"":1.0},{""copyright"":""ib_(kouri)"",""co_posts"":36,""character_coverage"":0.082192},{""copyright"":""yume_nikki"",""co_posts"":28,""character_coverage"":0.063927},{""copyright"":""kirisame_ga_furu_mori"",""co_posts"":21,""character_coverage"":0.047945},{""copyright"":""mad_father"",""co_posts"":17,""character_coverage"":0.038813}]","","","PENDING",""
"I70-006680","saionji_mary","4","Character","463","","","","メアリのメモリー | 西園寺メアリ","","","[{""copyright"":""nanashi_inc."",""co_posts"":448,""character_coverage"":0.997773},{""copyright"":""indie_virtual_youtuber"",""co_posts"":9,""character_coverage"":0.020045},{""copyright"":""hololive"",""co_posts"":7,""character_coverage"":0.01559},{""copyright"":""nijisanji"",""co_posts"":3,""character_coverage"":0.006682},{""copyright"":"".live"",""co_posts"":2,""character_coverage"":0.004454}]","","","PENDING",""
"I70-006681","shellder","4","Character","463","","","","シェルダー","","","[{""copyright"":""pokemon"",""co_posts"":434,""character_coverage"":1.0},{""copyright"":""pokemon_(anime)"",""co_posts"":56,""character_coverage"":0.129032},{""copyright"":""pokemon_(classic_anime)"",""co_posts"":29,""character_coverage"":0.06682},{""copyright"":""pokemon_sun_and_moon"",""co_posts"":28,""character_coverage"":0.064516},{""copyright"":""pokemon_the_series:_sun_&_moon"",""co_posts"":28,""character_coverage"":0.064516}]","","","PENDING",""
"I70-006682","wolf_link","4","Character","463","link_(wolf)","link (wolf)","","ウルフリンク","","","[{""copyright"":""the_legend_of_zelda"",""co_posts"":420,""character_coverage"":1.0},{""copyright"":""the_legend_of_zelda:_twilight_princess"",""co_posts"":397,""character_coverage"":0.945238},{""copyright"":""the_legend_of_zelda:_breath_of_the_wild"",""co_posts"":98,""character_coverage"":0.233333},{""copyright"":""the_legend_of_zelda:_ocarina_of_time"",""co_posts"":38,""character_coverage"":0.090476},{""copyright"":""the_legend_of_zelda:_skyward_sword"",""co_posts"":32,""character_coverage"":0.07619}]","","","PENDING",""
"I70-006683","yoshinon","4","Character","463","","","","よしのん","","","[{""copyright"":""date_a_live"",""co_posts"":437,""character_coverage"":1.0},{""copyright"":""date_a_live:_spirit_pledge"",""co_posts"":26,""character_coverage"":0.059497},{""copyright"":""azur_lane"",""co_posts"":23,""character_coverage"":0.052632},{""copyright"":""gekijouban_date_a_live:_mayuri_judgement"",""co_posts"":7,""character_coverage"":0.016018},{""copyright"":""little_red_riding_hood_(fairy_tale)"",""co_posts"":6,""character_coverage"":0.01373}]","","","PENDING",""
"I70-006684","zero_two_(kirby)","4","Character","463","","","","ゼロツー | ゼロツー(星のカービィ)","","02","[{""copyright"":""kirby_(series)"",""co_posts"":441,""character_coverage"":1.0},{""copyright"":""kirby_64"",""co_posts"":364,""character_coverage"":0.825397},{""copyright"":""kirby's_dream_land_3"",""co_posts"":46,""character_coverage"":0.104308},{""copyright"":""kirby:_squeak_squad"",""co_posts"":32,""character_coverage"":0.072562},{""copyright"":""kirby's_dream_land_2"",""co_posts"":30,""character_coverage"":0.068027}]","","","PENDING",""
"I70-006685","clarence_clayden","4","Character","462","si_lan","si lan","","","シーラン","","[{""copyright"":""lovebrush_chronicles"",""co_posts"":451,""character_coverage"":1.0},{""copyright"":""original"",""co_posts"":5,""character_coverage"":0.011086},{""copyright"":""arknights"",""co_posts"":2,""character_coverage"":0.004435},{""copyright"":""18trip"",""co_posts"":1,""character_coverage"":0.002217},{""copyright"":""andersen's_fairy_tales"",""co_posts"":1,""character_coverage"":0.002217}]","","","PENDING",""
"I70-006686","crono_(chrono_trigger)","4","Character","462","","","","クロノ | クロノ(クロノトリガー)","","","[{""copyright"":""chrono_trigger"",""co_posts"":414,""character_coverage"":0.99759},{""copyright"":""dragon_quest"",""co_posts"":16,""character_coverage"":0.038554},{""copyright"":""chrono_cross"",""co_posts"":15,""character_coverage"":0.036145},{""copyright"":""dragon_ball"",""co_posts"":14,""character_coverage"":0.033735},{""copyright"":""final_fantasy"",""co_posts"":11,""character_coverage"":0.026506}]","","","PENDING",""
"I70-006687","estella_(arknights)","4","Character","462","","","","","エステーラ(エンドフィールド)","","[{""copyright"":""arknights"",""co_posts"":414,""character_coverage"":1.0},{""copyright"":""arknights:_endfield"",""co_posts"":413,""character_coverage"":0.997585},{""copyright"":""death_stranding"",""co_posts"":3,""character_coverage"":0.007246},{""copyright"":""gakuen_idolmaster"",""co_posts"":3,""character_coverage"":0.007246},{""copyright"":""idolmaster"",""co_posts"":3,""character_coverage"":0.007246}]","","","PENDING",""
"I70-006688","houshou_marine_(gothic_lolita)","4","Character","462","houshou_marine_(3rd_costume)","houshou marine (3rd costume)","","","","","[{""copyright"":""hololive"",""co_posts"":449,""character_coverage"":1.0},{""copyright"":""hololive_english"",""co_posts"":4,""character_coverage"":0.008909},{""copyright"":""hololive_indonesia"",""co_posts"":4,""character_coverage"":0.008909},{""copyright"":""azur_lane"",""co_posts"":2,""character_coverage"":0.004454},{""copyright"":""comiket_101"",""co_posts"":2,""character_coverage"":0.004454}]","","","PENDING",""
"I70-006689","kuze_masachika","4","Character","462","masachika_kuze","masachika kuze","","","久世 | 久世_政近 | 久世•政近 | 久世政近 | 政近","","[{""copyright"":""tokidoki_bosotto_roshia-go_de_dereru_tonari_no_alya-san"",""co_posts"":421,""character_coverage"":0.995272},{""copyright"":""tokidoki_bosotto_roshia-go_de_dereru_tonari_no_alya-san_puzzle_party!"",""co_posts"":2,""character_coverage"":0.004728},{""copyright"":""yosuga_no_sora"",""co_posts"":2,""character_coverage"":0.004728},{""copyright"":""high_school_dxd"",""co_posts"":1,""character_coverage"":0.002364},{""copyright"":""idolmaster"",""co_posts"":1,""character_coverage"":0.002364}]","","","PENDING",""
"I70-006690","lacrimosa_(nte)","4","Character","462","lacrimosa_(neverness_to_everness)","lacrimosa (neverness to everness)","","","レクイエム(NTE)","","[{""copyright"":""neverness_to_everness"",""co_posts"":338,""character_coverage"":0.99705},{""copyright"":""coca-cola"",""co_posts"":1,""character_coverage"":0.00295},{""copyright"":""genshin_impact"",""co_posts"":1,""character_coverage"":0.00295},{""copyright"":""jojo_no_kimyou_na_bouken"",""co_posts"":1,""character_coverage"":0.00295},{""copyright"":""kirby_(series)"",""co_posts"":1,""character_coverage"":0.00295}]","","","PENDING",""
"I70-006691","lucia:_plume_(pgr)","4","Character","462","lucia:_plume_(punishing:_gray_raven)","lucia: plume (punishing: gray raven)","","","露西亚 | 鸦羽","","[{""copyright"":""punishing:_gray_raven"",""co_posts"":418,""character_coverage"":1.0},{""copyright"":""black_rock_shooter"",""co_posts"":4,""character_coverage"":0.009569},{""copyright"":""darkest_dungeon"",""co_posts"":2,""character_coverage"":0.004785},{""copyright"":""kuro_games"",""co_posts"":2,""character_coverage"":0.004785},{""copyright"":""persona"",""co_posts"":2,""character_coverage"":0.004785}]","","","PENDING",""
"I70-006692","nessie_(respawn)","4","Character","462","","","","ネッシー","","","[{""copyright"":""apex_legends"",""co_posts"":449,""character_coverage"":0.97397},{""copyright"":""indie_virtual_youtuber"",""co_posts"":10,""character_coverage"":0.021692},{""copyright"":""vspo!"",""co_posts"":9,""character_coverage"":0.019523},{""copyright"":""nijisanji"",""co_posts"":6,""character_coverage"":0.013015},{""copyright"":""splatoon_(series)"",""co_posts"":6,""character_coverage"":0.013015}]","","","PENDING",""
"I70-006693","nikaido_chizuru","4","Character","462","nikaidou_chizuru","nikaidou chizuru","","","二階堂千鶴","","[{""copyright"":""idolmaster"",""co_posts"":449,""character_coverage"":1.0},{""copyright"":""idolmaster_million_live!"",""co_posts"":449,""character_coverage"":1.0},{""copyright"":""idolmaster_million_live!_theater_days"",""co_posts"":188,""character_coverage"":0.418708},{""copyright"":""idolmaster_(classic)"",""co_posts"":93,""character_coverage"":0.207127},{""copyright"":""idolmaster_cinderella_girls"",""co_posts"":5,""character_coverage"":0.011136}]","","","PENDING",""
"I70-006694","super_sonic","4","Character","462","","","","スーパーソニック","","","[{""copyright"":""sonic_(series)"",""co_posts"":413,""character_coverage"":1.0},{""copyright"":""sonic_frontiers"",""co_posts"":58,""character_coverage"":0.140436},{""copyright"":""sonic_rush"",""co_posts"":46,""character_coverage"":0.11138},{""copyright"":""dragon_ball"",""co_posts"":34,""character_coverage"":0.082324},{""copyright"":""sonic_adventure_2"",""co_posts"":25,""character_coverage"":0.060533}]","","","PENDING",""
"I70-006695","aino_(genshin_impact)","4","Character","461","","","","","アイノ(原神)","","[{""copyright"":""genshin_impact"",""co_posts"":424,""character_coverage"":1.0},{""copyright"":""zenless_zone_zero"",""co_posts"":3,""character_coverage"":0.007075},{""copyright"":""duolingo"",""co_posts"":2,""character_coverage"":0.004717},{""copyright"":""honkai:_star_rail"",""co_posts"":2,""character_coverage"":0.004717},{""copyright"":""honkai_(series)"",""co_posts"":2,""character_coverage"":0.004717}]","","","PENDING",""
"I70-006696","artem_wing_(tears_of_themis)","4","Character","461","","","","","左然","","[{""copyright"":""tears_of_themis"",""co_posts"":454,""character_coverage"":1.0},{""copyright"":""mihoyo"",""co_posts"":29,""character_coverage"":0.063877},{""copyright"":""honkai_(series)"",""co_posts"":22,""character_coverage"":0.048458},{""copyright"":""genshin_impact"",""co_posts"":21,""character_coverage"":0.046256},{""copyright"":""honkai_impact_3rd"",""co_posts"":14,""character_coverage"":0.030837}]","","","PENDING",""
"I70-006697","bumblebee_(transformers)","4","Character","461","bumblebee","bumblebee","","バンブル | バンブルビー","","","[{""copyright"":""transformers"",""co_posts"":387,""character_coverage"":0.997423},{""copyright"":""transformers:_generation_1"",""co_posts"":161,""character_coverage"":0.414948},{""copyright"":""transformers_(live_action)"",""co_posts"":92,""character_coverage"":0.237113},{""copyright"":""kantai_collection"",""co_posts"":49,""character_coverage"":0.126289},{""copyright"":""kotobukiya_bishoujo"",""co_posts"":45,""character_coverage"":0.115979}]","","","PENDING",""
"I70-006698","mikleo_(tales)","4","Character","461","","","","","ミクリオ","","[{""copyright"":""tales_of_(series)"",""co_posts"":461,""character_coverage"":1.0},{""copyright"":""tales_of_zestiria"",""co_posts"":460,""character_coverage"":0.997831},{""copyright"":""tales_of_asteria"",""co_posts"":68,""character_coverage"":0.147505},{""copyright"":""tales_of_xillia"",""co_posts"":23,""character_coverage"":0.049892},{""copyright"":""tales_of_graces"",""co_posts"":19,""character_coverage"":0.041215}]","","","PENDING",""
"I70-006699","sagiri_(swimsuit)_(kancolle)","4","Character","461","sagiri_kai_(swimsuit_mode)_(kancolle)","sagiri kai (swimsuit mode) (kancolle)","","","狭霧の水着","","[{""copyright"":""kantai_collection"",""co_posts"":432,""character_coverage"":1.0},{""copyright"":""original"",""co_posts"":5,""character_coverage"":0.011574},{""copyright"":""umamusume"",""co_posts"":3,""character_coverage"":0.006944},{""copyright"":""azur_lane"",""co_posts"":2,""character_coverage"":0.00463},{""copyright"":""comiket_101"",""co_posts"":2,""character_coverage"":0.00463}]","","","PENDING",""
"I70-006700","tao_blu_(splatoon)","4","Character","461","","","","兵頭タオ","","","[{""copyright"":""splatoon_(series)"",""co_posts"":454,""character_coverage"":0.997802},{""copyright"":""splatoon_3"",""co_posts"":448,""character_coverage"":0.984615},{""copyright"":""splatoon_2"",""co_posts"":14,""character_coverage"":0.030769},{""copyright"":""pokemon"",""co_posts"":5,""character_coverage"":0.010989},{""copyright"":""splatoon_1"",""co_posts"":3,""character_coverage"":0.006593}]","","","PENDING",""
"I70-006701","thanatos_(persona)","4","Character","461","","","","","タナトス(ペルソナ)","","[{""copyright"":""persona"",""co_posts"":442,""character_coverage"":0.997743},{""copyright"":""persona_3"",""co_posts"":439,""character_coverage"":0.990971},{""copyright"":""persona_3_reload"",""co_posts"":68,""character_coverage"":0.153499},{""copyright"":""persona_3_portable"",""co_posts"":51,""character_coverage"":0.115124},{""copyright"":""persona_4:_the_ultimate_in_mayonaka_arena"",""co_posts"":27,""character_coverage"":0.060948}]","","","PENDING",""
"I70-006702","arurandeisu","4","Character","460","","","","Rナンディス | アランの画廊 | アルランディス","","","[{""copyright"":""holostars"",""co_posts"":454,""character_coverage"":1.0},{""copyright"":""hololive"",""co_posts"":41,""character_coverage"":0.090308},{""copyright"":""holostars_english"",""co_posts"":26,""character_coverage"":0.057269},{""copyright"":""hololive_english"",""co_posts"":21,""character_coverage"":0.046256},{""copyright"":""hololive_indonesia"",""co_posts"":20,""character_coverage"":0.044053}]","","","PENDING",""
"I70-006703","bronya_zaychik_(herrscher_of_truth)","4","Character","460","","","","","ブローニャ・ザイチク(真理の律者)","HerrscherofTruth","[{""copyright"":""honkai_(series)"",""co_posts"":444,""character_coverage"":0.997753},{""copyright"":""honkai_impact_3rd"",""co_posts"":444,""character_coverage"":0.997753},{""copyright"":""honkai:_star_rail"",""co_posts"":17,""character_coverage"":0.038202},{""copyright"":""genshin_impact"",""co_posts"":6,""character_coverage"":0.013483},{""copyright"":""mihoyo"",""co_posts"":6,""character_coverage"":0.013483}]","","","PENDING",""
"I70-006704","emma_(yakusoku_no_neverland)","4","Character","460","","","","エマ(約ネバ) | エマ(約束のネバーランド)","岛艾玛","","[{""copyright"":""yakusoku_no_neverland"",""co_posts"":431,""character_coverage"":1.0},{""copyright"":""identity_v"",""co_posts"":11,""character_coverage"":0.025522},{""copyright"":""one_piece"",""co_posts"":6,""character_coverage"":0.013921},{""copyright"":""kimetsu_no_yaiba"",""co_posts"":5,""character_coverage"":0.011601},{""copyright"":""boku_no_hero_academia"",""co_posts"":4,""character_coverage"":0.009281}]","","","PENDING",""
"I70-006705","geoffroy's_cat_(kemono_friends)","4","Character","460","","","","ジョフのお絵かきちょう | ジョフロイネコ(けものフレンズ)","","","[{""copyright"":""kemono_friends"",""co_posts"":393,""character_coverage"":1.0},{""copyright"":""kemono_friends_v_project"",""co_posts"":308,""character_coverage"":0.783715},{""copyright"":""kemono_friends_3"",""co_posts"":16,""character_coverage"":0.040712},{""copyright"":""indie_virtual_youtuber"",""co_posts"":4,""character_coverage"":0.010178},{""copyright"":""chiikawa"",""co_posts"":3,""character_coverage"":0.007634}]","","","PENDING",""
"I70-006706","hero_(dq4)","4","Character","460","male_hero_(dq4)","male hero (dq4)","","","男勇者(DQ4)","","[{""copyright"":""dragon_quest"",""co_posts"":436,""character_coverage"":0.993166},{""copyright"":""dragon_quest_iv"",""co_posts"":434,""character_coverage"":0.98861},{""copyright"":""dragon_quest_iii"",""co_posts"":100,""character_coverage"":0.22779},{""copyright"":""dragon_quest_viii"",""co_posts"":82,""character_coverage"":0.186788},{""copyright"":""dragon_quest_xi"",""co_posts"":74,""character_coverage"":0.168565}]","","","PENDING",""
"I70-006707","hibiscus_(arknights)","4","Character","460","","","","ハイビスカス(アークナイツ)","芙蓉","","[{""copyright"":""arknights"",""co_posts"":450,""character_coverage"":1.0},{""copyright"":""a_deer_of_nine_colors"",""co_posts"":5,""character_coverage"":0.011111},{""copyright"":""girls'_frontline"",""co_posts"":5,""character_coverage"":0.011111},{""copyright"":""rainbow_six_siege"",""co_posts"":5,""character_coverage"":0.011111},{""copyright"":""mario_(series)"",""co_posts"":3,""character_coverage"":0.006667}]","","","PENDING",""
"I70-006708","katarina_claes","4","Character","460","","","","カタリナ・クラエス","","","[{""copyright"":""otome_game_no_hametsu_flag_shika_nai_akuyaku_reijou_ni_tensei_shite_shimatta"",""co_posts"":439,""character_coverage"":0.995465},{""copyright"":""umamusume"",""co_posts"":6,""character_coverage"":0.013605},{""copyright"":""megami_magazine"",""co_posts"":5,""character_coverage"":0.011338},{""copyright"":""akuyaku_reijou_tensei_ojisan"",""co_posts"":4,""character_coverage"":0.00907},{""copyright"":""snow_white_and_the_seven_dwarfs_(disney)"",""co_posts"":3,""character_coverage"":0.006803}]","","","PENDING",""
"I70-006709","seyren_windsor","4","Character","460","","","","","セイレン","","[{""copyright"":""ragnarok_online"",""co_posts"":453,""character_coverage"":1.0},{""copyright"":""ragnarok_masters"",""co_posts"":4,""character_coverage"":0.00883},{""copyright"":""durarara!!"",""co_posts"":3,""character_coverage"":0.006623},{""copyright"":""monster_hunter_(series)"",""co_posts"":3,""character_coverage"":0.006623},{""copyright"":""mahou_shoujo_madoka_magica"",""co_posts"":2,""character_coverage"":0.004415}]","","","PENDING",""
"I70-006710","swirlix","4","Character","460","","","","ペロッパフ","","","[{""copyright"":""pokemon"",""co_posts"":433,""character_coverage"":1.0},{""copyright"":""pokemon_x_and_y"",""co_posts"":69,""character_coverage"":0.159353},{""copyright"":""pokemon_sword_and_shield"",""co_posts"":25,""character_coverage"":0.057737},{""copyright"":""pokemon_(anime)"",""co_posts"":21,""character_coverage"":0.048499},{""copyright"":""pokemon_legends:_z-a"",""co_posts"":18,""character_coverage"":0.04157}]","","","PENDING",""
"I70-006711","agnes_digital_(full-color_fangirling)_(umamusume)","4","Character","459","agnes_digital_(super_express!_full_color_special)_(umamusume)","agnes digital (super express! full color special) (umamusume)","","","超特急!フルカラー特殊PP","","[{""copyright"":""umamusume"",""co_posts"":439,""character_coverage"":1.0},{""copyright"":""original"",""co_posts"":7,""character_coverage"":0.015945},{""copyright"":""fate_(series)"",""co_posts"":4,""character_coverage"":0.009112},{""copyright"":""umamusume:_beginning_of_a_new_era"",""co_posts"":4,""character_coverage"":0.009112},{""copyright"":""bucchigiri?!"",""co_posts"":3,""character_coverage"":0.006834}]","","","PENDING",""
"I70-006712","akebono_kai_ni_(kancolle)","4","Character","459","","","","","曙改二","","[{""copyright"":""kantai_collection"",""co_posts"":448,""character_coverage"":1.0},{""copyright"":""boku_no_hero_academia"",""co_posts"":1,""character_coverage"":0.002232},{""copyright"":""bonobono"",""co_posts"":1,""character_coverage"":0.002232},{""copyright"":""comiket_100"",""co_posts"":1,""character_coverage"":0.002232},{""copyright"":""ginga_eiyuu_densetsu"",""co_posts"":1,""character_coverage"":0.002232}]","","","PENDING",""
"I70-006713","alakazam","4","Character","459","","","","フーディン","","","[{""copyright"":""pokemon"",""co_posts"":423,""character_coverage"":1.0},{""copyright"":""pokemon_firered_and_leafgreen"",""co_posts"":91,""character_coverage"":0.21513},{""copyright"":""pokemon_red/green/blue/yellow"",""co_posts"":63,""character_coverage"":0.148936},{""copyright"":""pokemon_heartgold_and_soulsilver"",""co_posts"":47,""character_coverage"":0.111111},{""copyright"":""pokemon_(anime)"",""co_posts"":25,""character_coverage"":0.059102}]","","","PENDING",""
"I70-006714","angelina_(summer_flower)_(arknights)","4","Character","459","angelina_(summer_flowers)_(arknights)","angelina (summer flowers) (arknights)","","","アンジェリーナ（夏の花）（arknights）","","[{""copyright"":""arknights"",""co_posts"":433,""character_coverage"":1.0},{""copyright"":""ambience_synesthesia"",""co_posts"":6,""character_coverage"":0.013857},{""copyright"":""original"",""co_posts"":2,""character_coverage"":0.004619},{""copyright"":""eve_(musician)"",""co_posts"":1,""character_coverage"":0.002309},{""copyright"":""kokoro_yohou_(eve)"",""co_posts"":1,""character_coverage"":0.002309}]","","","PENDING",""
"I70-006715","elu_(nijisanji)","4","Character","459","","","","える | えるの絵だよ | エルフのえる | スノー・ホワイト・パラダイス・エルサント・フロウ・ワスレナ・ピュア・プリンセス・リーブル・ラブ・ハイデルン・ドコドコ・ヤッタゼ・ヴァルキュリア・パッション・アールヴ・ノエル・チャコボシ・エルアリア・フロージア・メイドイン・ブルーム・エル","","","[{""copyright"":""nijisanji"",""co_posts"":444,""character_coverage"":1.0},{""copyright"":""nijisanji_en"",""co_posts"":10,""character_coverage"":0.022523},{""copyright"":""nijisanji_kr"",""co_posts"":10,""character_coverage"":0.022523},{""copyright"":""apex_legends"",""co_posts"":9,""character_coverage"":0.02027},{""copyright"":""anpanman"",""co_posts"":4,""character_coverage"":0.009009}]","","","PENDING",""
"I70-006716","ichijou_seiya","4","Character","459","","","","","一条","","[{""copyright"":""tobaku_mokushiroku_kaiji"",""co_posts"":454,""character_coverage"":0.997802},{""copyright"":""joukyou_seikatsuroku_ichijou"",""co_posts"":63,""character_coverage"":0.138462},{""copyright"":""akagi:_yami_ni_oritatta_tensai"",""co_posts"":16,""character_coverage"":0.035165},{""copyright"":""fukumoto_mahjong"",""co_posts"":16,""character_coverage"":0.035165},{""copyright"":""tobaku_haouden_zero"",""co_posts"":12,""character_coverage"":0.026374}]","","","PENDING",""
"I70-006717","leina_(queen's_blade)","4","Character","459","leina","leina","","レイナ","","","[{""copyright"":""queen's_blade"",""co_posts"":395,""character_coverage"":1.0},{""copyright"":""queen's_blade_unlimited"",""co_posts"":30,""character_coverage"":0.075949},{""copyright"":""queen's_blade_rebellion"",""co_posts"":22,""character_coverage"":0.055696},{""copyright"":""queen's_blade_white_triangle"",""co_posts"":20,""character_coverage"":0.050633},{""copyright"":""senran_kagura"",""co_posts"":10,""character_coverage"":0.025316}]","","","PENDING",""
"I70-006718","miyazaki_nodoka","4","Character","459","","","","宮崎のどか","","","[{""copyright"":""mahou_sensei_negima!"",""co_posts"":385,""character_coverage"":0.997409},{""copyright"":""megami_magazine"",""co_posts"":11,""character_coverage"":0.028497},{""copyright"":""touhou"",""co_posts"":2,""character_coverage"":0.005181},{""copyright"":""animedia"",""co_posts"":1,""character_coverage"":0.002591},{""copyright"":""bishoujo_senshi_sailor_moon"",""co_posts"":1,""character_coverage"":0.002591}]","","","PENDING",""
"I70-006719","musharna","4","Character","459","","","","ムシャーナ","","","[{""copyright"":""pokemon"",""co_posts"":436,""character_coverage"":1.0},{""copyright"":""pokemon_black_and_white"",""co_posts"":184,""character_coverage"":0.422018},{""copyright"":""pokemon_black_2_and_white_2"",""co_posts"":51,""character_coverage"":0.116972},{""copyright"":""pokemon_diamond/pearl/platinum"",""co_posts"":19,""character_coverage"":0.043578},{""copyright"":""pokemon_sword_and_shield"",""co_posts"":15,""character_coverage"":0.034404}]","","","PENDING",""
"I70-006720","nina_(breath_of_fire_v)","4","Character","459","nina_v","nina v","","","ニーナ(BOF5)","","[{""copyright"":""breath_of_fire"",""co_posts"":367,""character_coverage"":1.0},{""copyright"":""breath_of_fire_v"",""co_posts"":367,""character_coverage"":1.0},{""copyright"":""breath_of_fire_ii"",""co_posts"":40,""character_coverage"":0.108992},{""copyright"":""breath_of_fire_iii"",""co_posts"":34,""character_coverage"":0.092643},{""copyright"":""breath_of_fire_iv"",""co_posts"":33,""character_coverage"":0.089918}]","","","PENDING",""
"I70-006721","shaw_(arknights)","4","Character","459","","","","ショウ | ショウ(アークナイツ)","阿消","","[{""copyright"":""arknights"",""co_posts"":447,""character_coverage"":1.0},{""copyright"":""ambience_synesthesia"",""co_posts"":13,""character_coverage"":0.029083},{""copyright"":""a_deer_of_nine_colors"",""co_posts"":4,""character_coverage"":0.008949},{""copyright"":""fate/grand_order"",""co_posts"":4,""character_coverage"":0.008949},{""copyright"":""fate_(series)"",""co_posts"":4,""character_coverage"":0.008949}]","","","PENDING",""
"I70-006722","shennong_(housamo)","4","Character","459","shennong_(tokyo_houkago_summoners)","shennong (tokyo houkago summoners)","","","シンノウ","","[{""copyright"":""tokyo_afterschool_summoners"",""co_posts"":458,""character_coverage"":0.997821},{""copyright"":""live_a_hero"",""co_posts"":5,""character_coverage"":0.010893},{""copyright"":""another_eidos-r"",""co_posts"":1,""character_coverage"":0.002179},{""copyright"":""arknights"",""co_posts"":1,""character_coverage"":0.002179},{""copyright"":""boku_no_hero_academia"",""co_posts"":1,""character_coverage"":0.002179}]","","","PENDING",""
"I70-006723","citlalin_(genshin_impact)","4","Character","458","","","","","茜特菈琳","","[{""copyright"":""genshin_impact"",""co_posts"":380,""character_coverage"":1.0},{""copyright"":""comiket_106"",""co_posts"":2,""character_coverage"":0.005263},{""copyright"":""honkai:_star_rail"",""co_posts"":2,""character_coverage"":0.005263},{""copyright"":""honkai_(series)"",""co_posts"":2,""character_coverage"":0.005263},{""copyright"":""mihoyo"",""co_posts"":2,""character_coverage"":0.005263}]","","","PENDING",""
"I70-006724","emilico_(shadows_house)","4","Character","458","emilyko","emilyko","","エミリコ","","","[{""copyright"":""shadows_house"",""co_posts"":444,""character_coverage"":1.0},{""copyright"":""pokemon"",""co_posts"":3,""character_coverage"":0.006757},{""copyright"":""alice's_adventures_in_wonderland"",""co_posts"":2,""character_coverage"":0.004505},{""copyright"":""mahou_shoujo_madoka_magica"",""co_posts"":2,""character_coverage"":0.004505},{""copyright"":""pokemon_sword_and_shield"",""co_posts"":2,""character_coverage"":0.004505}]","","","PENDING",""
"I70-006725","hanabusa_lisa","4","Character","458","","","","はなぶさの絵 | 英リサ","","","[{""copyright"":""vspo!"",""co_posts"":429,""character_coverage"":1.0},{""copyright"":""nijisanji"",""co_posts"":8,""character_coverage"":0.018648},{""copyright"":""vcr_gta"",""co_posts"":6,""character_coverage"":0.013986},{""copyright"":""indie_virtual_youtuber"",""co_posts"":5,""character_coverage"":0.011655},{""copyright"":""xross_stars"",""co_posts"":5,""character_coverage"":0.011655}]","","","PENDING",""
"I70-006726","hassan_of_the_cursed_arm_(fate)","4","Character","458","true_assassin","true assassin","","呪腕のハサン | 真アサシン","","","[{""copyright"":""fate_(series)"",""co_posts"":436,""character_coverage"":1.0},{""copyright"":""fate/grand_order"",""co_posts"":323,""character_coverage"":0.740826},{""copyright"":""fate/stay_night"",""co_posts"":154,""character_coverage"":0.353211},{""copyright"":""fate/zero"",""co_posts"":44,""character_coverage"":0.100917},{""copyright"":""heaven's_feel"",""co_posts"":38,""character_coverage"":0.087156}]","","","PENDING",""
"I70-006727","jashin-chan","4","Character","458","","","","パーフェクト邪神ちゃん | 邪神ちゃん","","","[{""copyright"":""jashin-chan_dropkick"",""co_posts"":410,""character_coverage"":1.0},{""copyright"":""girls'_frontline"",""co_posts"":19,""character_coverage"":0.046341},{""copyright"":""clover_theater"",""co_posts"":7,""character_coverage"":0.017073},{""copyright"":""vocaloid"",""co_posts"":4,""character_coverage"":0.009756},{""copyright"":""fate_(series)"",""co_posts"":3,""character_coverage"":0.007317}]","","","PENDING",""
"I70-006728","kotori_(takanashi_kiara)","4","Character","458","colonel_kernel_(takanashi_kiara)","colonel kernel (takanashi kiara)","","","コトリ（京都kiara）","","[{""copyright"":""hololive"",""co_posts"":444,""character_coverage"":1.0},{""copyright"":""hololive_english"",""co_posts"":444,""character_coverage"":1.0},{""copyright"":""hololive_indonesia"",""co_posts"":18,""character_coverage"":0.040541},{""copyright"":""minecraft"",""co_posts"":11,""character_coverage"":0.024775},{""copyright"":""vocaloid"",""co_posts"":8,""character_coverage"":0.018018}]","","","PENDING",""
"I70-006729","musashi_kai_(kancolle)","4","Character","458","","","","","田川（kancolle）","","[{""copyright"":""kantai_collection"",""co_posts"":444,""character_coverage"":1.0},{""copyright"":""original"",""co_posts"":3,""character_coverage"":0.006757},{""copyright"":""fate/grand_order"",""co_posts"":2,""character_coverage"":0.004505},{""copyright"":""fate_(series)"",""co_posts"":2,""character_coverage"":0.004505},{""copyright"":""sword_art_online"",""co_posts"":2,""character_coverage"":0.004505}]","","","PENDING",""
"I70-006730","naihe_(female)_(touqi_guaitan)","4","Character","458","","","","","佴和","","[{""copyright"":""touqi_guaitan"",""co_posts"":458,""character_coverage"":1.0},{""copyright"":""arknights"",""co_posts"":2,""character_coverage"":0.004367},{""copyright"":""mesmerizer_(vocaloid)"",""co_posts"":2,""character_coverage"":0.004367},{""copyright"":""chainsaw_man"",""co_posts"":1,""character_coverage"":0.002183},{""copyright"":""like_mother_like_daughter"",""co_posts"":1,""character_coverage"":0.002183}]","","","PENDING",""
"I70-006731","nijou_noriko","4","Character","458","","","","","乃梨子 | 二条乃梨子","","[{""copyright"":""maria-sama_ga_miteru"",""co_posts"":399,""character_coverage"":1.0},{""copyright"":""aria_(manga)"",""co_posts"":2,""character_coverage"":0.005013},{""copyright"":""azumanga_daioh"",""co_posts"":2,""character_coverage"":0.005013},{""copyright"":""chunichi_dragons"",""co_posts"":2,""character_coverage"":0.005013},{""copyright"":""futari_wa_precure"",""co_posts"":2,""character_coverage"":0.005013}]","","","PENDING",""
"I70-006732","qiuyuan_(wuthering_waves)","4","Character","458","","","","","キュウエン","","[{""copyright"":""wuthering_waves"",""co_posts"":437,""character_coverage"":1.0},{""copyright"":""pash_(magazine)"",""co_posts"":7,""character_coverage"":0.016018},{""copyright"":""ipstar"",""co_posts"":6,""character_coverage"":0.01373},{""copyright"":""kuro_games"",""co_posts"":5,""character_coverage"":0.011442},{""copyright"":""punishing:_gray_raven"",""co_posts"":5,""character_coverage"":0.011442}]","","","PENDING",""
"I70-006733","salome_(one_piece)","4","Character","458","","","","サロメ(ONEPIECE)","","","[{""copyright"":""one_piece"",""co_posts"":408,""character_coverage"":1.0},{""copyright"":""one_piece:_stampede"",""co_posts"":19,""character_coverage"":0.046569},{""copyright"":""one_piece_card_game"",""co_posts"":16,""character_coverage"":0.039216},{""copyright"":""one_piece_treasure_cruise"",""co_posts"":7,""character_coverage"":0.017157},{""copyright"":""naruto_(series)"",""co_posts"":3,""character_coverage"":0.007353}]","","","PENDING",""
"I70-006734","sinder_(vtuber)","4","Character","458","","","","","","Sinder | sinderdoodle","[{""copyright"":""indie_virtual_youtuber"",""co_posts"":422,""character_coverage"":1.0},{""copyright"":""gamer_supps"",""co_posts"":21,""character_coverage"":0.049763},{""copyright"":""goddess_of_victory:_nikke"",""co_posts"":7,""character_coverage"":0.016588},{""copyright"":""vshojo"",""co_posts"":5,""character_coverage"":0.011848},{""copyright"":""original"",""co_posts"":3,""character_coverage"":0.007109}]","","","PENDING",""
"I70-006735","sylvie_(dorei_to_no_seikatsu)","4","Character","458","","","","シルヴィ | シルヴィ(奴隷との生活)","","","[{""copyright"":""dorei_to_no_seikatsu_~teaching_feeling~"",""co_posts"":423,""character_coverage"":1.0},{""copyright"":""manatsu_no_yo_no_inmu"",""co_posts"":3,""character_coverage"":0.007092},{""copyright"":""original"",""co_posts"":3,""character_coverage"":0.007092},{""copyright"":""dagashi_kashi"",""co_posts"":2,""character_coverage"":0.004728},{""copyright"":""idolmaster"",""co_posts"":2,""character_coverage"":0.004728}]","","","PENDING",""
"I70-006736","volkner_(pokemon)","4","Character","458","denji_(pokemon),denzi_(pokemon)","denji (pokemon) | denzi (pokemon)","","オデン | デンジ(トレーナー)","","","[{""copyright"":""pokemon"",""co_posts"":452,""character_coverage"":1.0},{""copyright"":""pokemon_diamond/pearl/platinum"",""co_posts"":421,""character_coverage"":0.931416},{""copyright"":""pokemon_heartgold_and_soulsilver"",""co_posts"":59,""character_coverage"":0.130531},{""copyright"":""pokemon_firered_and_leafgreen"",""co_posts"":56,""character_coverage"":0.123894},{""copyright"":""pokemon_platinum"",""co_posts"":46,""character_coverage"":0.10177}]","","","PENDING",""
"I70-006737","ashe_(league)","4","Character","457","ashe_(league_of_legends)","ashe (league of legends)","","","アッシュ（リーグオブレジェンド）","","[{""copyright"":""league_of_legends"",""co_posts"":412,""character_coverage"":1.0},{""copyright"":""overwatch"",""co_posts"":6,""character_coverage"":0.014563},{""copyright"":""honkai_(series)"",""co_posts"":4,""character_coverage"":0.009709},{""copyright"":""honkai_impact_3rd"",""co_posts"":4,""character_coverage"":0.009709},{""copyright"":""legends_of_runeterra"",""co_posts"":3,""character_coverage"":0.007282}]","","","PENDING",""
"I70-006738","cassandra_alexandra","4","Character","457","","","","カサンドラ・アレクサンドル","","","[{""copyright"":""soulcalibur"",""co_posts"":386,""character_coverage"":1.0},{""copyright"":""soulcalibur_iv"",""co_posts"":72,""character_coverage"":0.186528},{""copyright"":""soulcalibur_ii"",""co_posts"":30,""character_coverage"":0.07772},{""copyright"":""soulcalibur_iii"",""co_posts"":27,""character_coverage"":0.069948},{""copyright"":""soulcalibur_vi"",""co_posts"":27,""character_coverage"":0.069948}]","","","PENDING",""
"I70-006739","empoleon","4","Character","457","","","","エンペルト","","","[{""copyright"":""pokemon"",""co_posts"":414,""character_coverage"":1.0},{""copyright"":""pokemon_diamond/pearl/platinum"",""co_posts"":96,""character_coverage"":0.231884},{""copyright"":""pokemon_platinum"",""co_posts"":36,""character_coverage"":0.086957},{""copyright"":""pokemon_ruby/sapphire/emerald"",""co_posts"":23,""character_coverage"":0.055556},{""copyright"":""pokemon_(anime)"",""co_posts"":18,""character_coverage"":0.043478}]","","","PENDING",""
"I70-006740","flamebringer_(arknights)","4","Character","457","","","","エンカク | エンカク(アークナイツ)","炎客","","[{""copyright"":""arknights"",""co_posts"":446,""character_coverage"":1.0},{""copyright"":""ambience_synesthesia"",""co_posts"":11,""character_coverage"":0.024664},{""copyright"":""rainbow_six_siege"",""co_posts"":4,""character_coverage"":0.008969},{""copyright"":""the_legend_of_luo_xiaohei"",""co_posts"":4,""character_coverage"":0.008969},{""copyright"":""a_deer_of_nine_colors"",""co_posts"":3,""character_coverage"":0.006726}]","","","PENDING",""
"I70-006741","haku_(sen_to_chihiro_no_kamikakushi)","4","Character","457","","","","ハク | ハク千","饒速水琥珀主","","[{""copyright"":""sen_to_chihiro_no_kamikakushi"",""co_posts"":438,""character_coverage"":0.995455},{""copyright"":""studio_ghibli"",""co_posts"":104,""character_coverage"":0.236364},{""copyright"":""majo_no_takkyuubin"",""co_posts"":44,""character_coverage"":0.1},{""copyright"":""mononoke_hime"",""co_posts"":44,""character_coverage"":0.1},{""copyright"":""howl_no_ugoku_shiro"",""co_posts"":43,""character_coverage"":0.097727}]","","","PENDING",""
"I70-006742","heinrike_prinzessin_zu_sayn-wittgenstein","4","Character","457","","","","ハインリーケ・P・Z・ザイン・ウィトゲンシュタイン | ハインリーケ・プリンツェシン・ツー・ザイン・ウィトゲンシュタ | プリン姫","","","[{""copyright"":""world_witches_series"",""co_posts"":440,""character_coverage"":1.0},{""copyright"":""noble_witches"",""co_posts"":432,""character_coverage"":0.981818},{""copyright"":""strike_witches"",""co_posts"":100,""character_coverage"":0.227273},{""copyright"":""brave_witches"",""co_posts"":18,""character_coverage"":0.040909},{""copyright"":""strike_witches:_kurenai_no_majo-tachi"",""co_posts"":16,""character_coverage"":0.036364}]","","","PENDING",""
"I70-006743","hulkenberg_(metaphor:_refantazio)","4","Character","457","eiselin_burchelli_meijal_hulkenberg,eiselin_hulkenberg","eiselin burchelli meijal hulkenberg | eiselin hulkenberg","","","ヒュルケンベルグ","","[{""copyright"":""metaphor:_refantazio"",""co_posts"":405,""character_coverage"":1.0},{""copyright"":""atlus"",""co_posts"":10,""character_coverage"":0.024691},{""copyright"":""persona"",""co_posts"":9,""character_coverage"":0.022222},{""copyright"":""persona_3"",""co_posts"":7,""character_coverage"":0.017284},{""copyright"":""persona_4"",""co_posts"":5,""character_coverage"":0.012346}]","","","PENDING",""
"I70-006744","kiryuuin_ragyou","4","Character","457","","","","","鬼龍院羅暁","","[{""copyright"":""kill_la_kill"",""co_posts"":363,""character_coverage"":1.0},{""copyright"":""pokemon"",""co_posts"":5,""character_coverage"":0.013774},{""copyright"":""trigger_(company)"",""co_posts"":4,""character_coverage"":0.011019},{""copyright"":""gundam"",""co_posts"":3,""character_coverage"":0.008264},{""copyright"":""pokemon_sun_and_moon"",""co_posts"":3,""character_coverage"":0.008264}]","","","PENDING",""
"I70-006745","pavolia_reine_(1st_costume)","4","Character","457","","","","","","","[{""copyright"":""hololive"",""co_posts"":427,""character_coverage"":1.0},{""copyright"":""hololive_indonesia"",""co_posts"":427,""character_coverage"":1.0},{""copyright"":""hololive_english"",""co_posts"":97,""character_coverage"":0.227166},{""copyright"":""hololive_dev_is"",""co_posts"":8,""character_coverage"":0.018735},{""copyright"":""holostars"",""co_posts"":8,""character_coverage"":0.018735}]","","","PENDING",""
"I70-006746","red_(among_us)","4","Character","457","","","","","赤（私たちの間）","","[{""copyright"":""among_us"",""co_posts"":427,""character_coverage"":0.983871},{""copyright"":""original"",""co_posts"":89,""character_coverage"":0.205069},{""copyright"":""hololive"",""co_posts"":52,""character_coverage"":0.119816},{""copyright"":""hololive_english"",""co_posts"":35,""character_coverage"":0.080645},{""copyright"":""genshin_impact"",""co_posts"":26,""character_coverage"":0.059908}]","","","PENDING",""
"I70-006747","roll.exe_(mega_man)","4","Character","457","roll_exe","roll exe","","ロール(ロックマンエグゼ) | ロールEXE | ロールエグゼ","","","[{""copyright"":""mega_man_(series)"",""co_posts"":414,""character_coverage"":1.0},{""copyright"":""mega_man_battle_network_(series)"",""co_posts"":414,""character_coverage"":1.0},{""copyright"":""mega_man_battle_network_(anime)"",""co_posts"":47,""character_coverage"":0.113527},{""copyright"":""mega_man_(classic)"",""co_posts"":43,""character_coverage"":0.103865},{""copyright"":""mega_man_legends_(series)"",""co_posts"":33,""character_coverage"":0.07971}]","","","PENDING",""
"I70-006748","tingyun_(harmony)_(honkai:_star_rail)","4","Character","457","","","","","停雲(調和)","","[{""copyright"":""honkai:_star_rail"",""co_posts"":447,""character_coverage"":1.0},{""copyright"":""honkai_(series)"",""co_posts"":447,""character_coverage"":1.0},{""copyright"":""genshin_impact"",""co_posts"":9,""character_coverage"":0.020134},{""copyright"":""mihoyo"",""co_posts"":9,""character_coverage"":0.020134},{""copyright"":""honkai_impact_3rd"",""co_posts"":3,""character_coverage"":0.006711}]","","","PENDING",""
"I70-006749","tom_(eddsworld)","4","Character","457","","","","","トム","","[{""copyright"":""eddsworld"",""co_posts"":432,""character_coverage"":1.0},{""copyright"":""sonic_(series)"",""co_posts"":7,""character_coverage"":0.016204},{""copyright"":""asdfmovie"",""co_posts"":6,""character_coverage"":0.013889},{""copyright"":""utdr_(toby_fox)"",""co_posts"":6,""character_coverage"":0.013889},{""copyright"":""pokemon"",""co_posts"":5,""character_coverage"":0.011574}]","","","PENDING",""
"I70-006750","young_zelda","4","Character","457","","","","","若いゼルダ","","[{""copyright"":""the_legend_of_zelda"",""co_posts"":424,""character_coverage"":1.0},{""copyright"":""the_legend_of_zelda:_ocarina_of_time"",""co_posts"":423,""character_coverage"":0.997642},{""copyright"":""the_legend_of_zelda:_the_wind_waker"",""co_posts"":59,""character_coverage"":0.139151},{""copyright"":""the_legend_of_zelda:_twilight_princess"",""co_posts"":56,""character_coverage"":0.132075},{""copyright"":""the_legend_of_zelda:_skyward_sword"",""co_posts"":51,""character_coverage"":0.120283}]","","","PENDING",""
"I70-006751","akagi-chan_(azur_lane)","4","Character","456","","","","赤城ちゃん | 赤城ちゃん(アズールレーン)","小凰","","[{""copyright"":""azur_lane"",""co_posts"":435,""character_coverage"":1.0},{""copyright"":""kantai_collection"",""co_posts"":10,""character_coverage"":0.022989},{""copyright"":""real_life"",""co_posts"":3,""character_coverage"":0.006897},{""copyright"":""gamera_(series)"",""co_posts"":2,""character_coverage"":0.004598},{""copyright"":""avengers_(series)"",""co_posts"":1,""character_coverage"":0.002299}]","","","PENDING",""
"I70-006752","balalaika_(black_lagoon)","4","Character","456","","","","バラライカ","","","[{""copyright"":""black_lagoon"",""co_posts"":383,""character_coverage"":0.997396},{""copyright"":""touhou"",""co_posts"":13,""character_coverage"":0.033854},{""copyright"":""hellsing"",""co_posts"":7,""character_coverage"":0.018229},{""copyright"":""shinryaku!_ikamusume"",""co_posts"":6,""character_coverage"":0.015625},{""copyright"":""original"",""co_posts"":5,""character_coverage"":0.013021}]","","","PENDING",""
"I70-006753","doseisan","4","Character","456","mr._saturn","mr. saturn","","どせいさん","","Mr._Saturn","[{""copyright"":""mother_(series)"",""co_posts"":428,""character_coverage"":0.993039},{""copyright"":""mother_2"",""co_posts"":317,""character_coverage"":0.735499},{""copyright"":""mother_3"",""co_posts"":151,""character_coverage"":0.350348},{""copyright"":""super_smash_bros."",""co_posts"":109,""character_coverage"":0.2529},{""copyright"":""kirby_(series)"",""co_posts"":96,""character_coverage"":0.222738}]","","","PENDING",""
"I70-006754","inumaki_toge","4","Character","456","","","","","狗卷棘 | 狗巻棘","","[{""copyright"":""jujutsu_kaisen"",""co_posts"":437,""character_coverage"":1.0},{""copyright"":""original"",""co_posts"":8,""character_coverage"":0.018307},{""copyright"":""boku_no_hero_academia"",""co_posts"":4,""character_coverage"":0.009153},{""copyright"":""gintama"",""co_posts"":3,""character_coverage"":0.006865},{""copyright"":""kimetsu_no_yaiba"",""co_posts"":3,""character_coverage"":0.006865}]","","","PENDING",""
"I70-006755","kaguya_madoka","4","Character","456","","","","香久矢まどか","","","[{""copyright"":""precure"",""co_posts"":435,""character_coverage"":1.0},{""copyright"":""star_twinkle_precure"",""co_posts"":435,""character_coverage"":1.0},{""copyright"":""hugtto!_precure"",""co_posts"":23,""character_coverage"":0.052874},{""copyright"":""kirakira_precure_a_la_mode"",""co_posts"":20,""character_coverage"":0.045977},{""copyright"":""heartcatch_precure!"",""co_posts"":19,""character_coverage"":0.043678}]","","","PENDING",""
"I70-006756","katou_umi","4","Character","456","","","","加藤うみ","","","[{""copyright"":""summer_pockets"",""co_posts"":420,""character_coverage"":1.0},{""copyright"":""key_(company)"",""co_posts"":40,""character_coverage"":0.095238},{""copyright"":""little_busters!"",""co_posts"":14,""character_coverage"":0.033333},{""copyright"":""heaven_burns_red"",""co_posts"":11,""character_coverage"":0.02619},{""copyright"":""clannad"",""co_posts"":10,""character_coverage"":0.02381}]","","","PENDING",""
"I70-006757","lady_avalon_(second_ascension)_(fate)","4","Character","456","merlin_(fate/prototype)_(swimsuit_pretender)_(second_ascension)","merlin (fate/prototype) (swimsuit pretender) (second ascension)","","","レディ・アヴァロン","","[{""copyright"":""fate/grand_order"",""co_posts"":436,""character_coverage"":0.995434},{""copyright"":""fate_(series)"",""co_posts"":436,""character_coverage"":0.995434},{""copyright"":""fate/prototype"",""co_posts"":13,""character_coverage"":0.02968},{""copyright"":""fate/grand_order_arcade"",""co_posts"":2,""character_coverage"":0.004566},{""copyright"":""fire_emblem"",""co_posts"":2,""character_coverage"":0.004566}]","","","PENDING",""
"I70-006758","manon_legrand","4","Character","456","manon_(street_fighter)","manon (street fighter)","","マノン | マノン(ストリートファイター) | マノン・ルグラン","","","[{""copyright"":""street_fighter"",""co_posts"":361,""character_coverage"":1.0},{""copyright"":""street_fighter_6"",""co_posts"":342,""character_coverage"":0.947368},{""copyright"":""fatal_fury"",""co_posts"":11,""character_coverage"":0.030471},{""copyright"":""street_fighter_v"",""co_posts"":10,""character_coverage"":0.027701},{""copyright"":""capcom"",""co_posts"":8,""character_coverage"":0.022161}]","","","PENDING",""
"I70-006759","peke_(to_love-ru)","4","Character","456","peke","peke","","","ペケ","","[{""copyright"":""to_love-ru"",""co_posts"":415,""character_coverage"":1.0},{""copyright"":""to_love-ru_darkness"",""co_posts"":39,""character_coverage"":0.093976},{""copyright"":""love_live!"",""co_posts"":14,""character_coverage"":0.033735},{""copyright"":""azur_lane"",""co_posts"":8,""character_coverage"":0.019277},{""copyright"":""love_live!_nijigasaki_high_school_idol_club"",""co_posts"":5,""character_coverage"":0.012048}]","","","PENDING",""
"I70-006760","scar_(wuthering_waves)","4","Character","456","","","","","スカー(鳴潮)","","[{""copyright"":""wuthering_waves"",""co_posts"":439,""character_coverage"":1.0},{""copyright"":""genshin_impact"",""co_posts"":7,""character_coverage"":0.015945},{""copyright"":""honkai:_star_rail"",""co_posts"":6,""character_coverage"":0.013667},{""copyright"":""honkai_(series)"",""co_posts"":6,""character_coverage"":0.013667},{""copyright"":""chiikawa"",""co_posts"":3,""character_coverage"":0.006834}]","","","PENDING",""
"I70-006761","sessyoin_kiara_(swimsuit_mooncancer)_(second_ascension)","4","Character","456","sesshouin_kiara_(swimsuit_mooncancer)_(second_ascension)","sesshouin kiara (swimsuit mooncancer) (second ascension)","","キアラポリス","","","[{""copyright"":""fate_(series)"",""co_posts"":424,""character_coverage"":1.0},{""copyright"":""fate/grand_order"",""co_posts"":423,""character_coverage"":0.997642},{""copyright"":""hololive"",""co_posts"":5,""character_coverage"":0.011792},{""copyright"":""hololive_english"",""co_posts"":5,""character_coverage"":0.011792},{""copyright"":""kantai_collection"",""co_posts"":4,""character_coverage"":0.009434}]","","","PENDING",""
"I70-006762","sumeragi_lee_noriega","4","Character","456","sumeragi_ri_noriega","sumeragi ri noriega","","スメラギ・李・ノリエガ","","","[{""copyright"":""gundam"",""co_posts"":411,""character_coverage"":1.0},{""copyright"":""gundam_00"",""co_posts"":411,""character_coverage"":1.0},{""copyright"":""bleach"",""co_posts"":6,""character_coverage"":0.014599},{""copyright"":""code_geass"",""co_posts"":6,""character_coverage"":0.014599},{""copyright"":""gundam_seed"",""co_posts"":6,""character_coverage"":0.014599}]","","","PENDING",""
"I70-006763","tsutsukakushi_tsukiko","4","Character","456","","","","","筒隠月子","","[{""copyright"":""hentai_ouji_to_warawanai_neko."",""co_posts"":418,""character_coverage"":1.0},{""copyright"":""megami_magazine"",""co_posts"":8,""character_coverage"":0.019139},{""copyright"":""ore_no_imouto_ga_konna_ni_kawaii_wake_ga_nai"",""co_posts"":5,""character_coverage"":0.011962},{""copyright"":""toaru_kagaku_no_railgun"",""co_posts"":5,""character_coverage"":0.011962},{""copyright"":""toaru_majutsu_no_index"",""co_posts"":5,""character_coverage"":0.011962}]","","","PENDING",""
"I70-006764","tuesday_(reverse:1999)","4","Character","456","","","","","チューズデー | 蓝手帕","","[{""copyright"":""reverse:1999"",""co_posts"":448,""character_coverage"":1.0},{""copyright"":""arknights"",""co_posts"":1,""character_coverage"":0.002232},{""copyright"":""assassin's_creed_(series)"",""co_posts"":1,""character_coverage"":0.002232},{""copyright"":""assassin's_creed_ii"",""co_posts"":1,""character_coverage"":0.002232},{""copyright"":""honkai:_star_rail"",""co_posts"":1,""character_coverage"":0.002232}]","","","PENDING",""
"I70-006765","victorious_(azur_lane)","4","Character","456","","","","ヴィクトリアス | ヴィクトリアス(アズールレーン)","胜利","","[{""copyright"":""azur_lane"",""co_posts"":413,""character_coverage"":1.0},{""copyright"":""azur_lane:_slow_ahead"",""co_posts"":3,""character_coverage"":0.007264},{""copyright"":""kantai_collection"",""co_posts"":3,""character_coverage"":0.007264},{""copyright"":""original"",""co_posts"":2,""character_coverage"":0.004843},{""copyright"":""comiket_96"",""co_posts"":1,""character_coverage"":0.002421}]","","","PENDING",""
"I70-006766","watari_nina","4","Character","456","","","","","渡里ニナ","","[{""copyright"":""touhou"",""co_posts"":390,""character_coverage"":1.0},{""copyright"":""fossilized_wonders"",""co_posts"":121,""character_coverage"":0.310256},{""copyright"":""the_birth_of_venus"",""co_posts"":10,""character_coverage"":0.025641},{""copyright"":""real_life"",""co_posts"":4,""character_coverage"":0.010256},{""copyright"":""pizuya's_cell"",""co_posts"":3,""character_coverage"":0.007692}]","","","PENDING",""
"I70-006767","whitney_(degrees_of_lewdity)","4","Character","456","","","","","","","[{""copyright"":""degrees_of_lewdity"",""co_posts"":372,""character_coverage"":1.0},{""copyright"":""original"",""co_posts"":91,""character_coverage"":0.244624},{""copyright"":""project_moon"",""co_posts"":2,""character_coverage"":0.005376},{""copyright"":""bishoujo_senshi_sailor_moon"",""co_posts"":1,""character_coverage"":0.002688},{""copyright"":""blue_archive"",""co_posts"":1,""character_coverage"":0.002688}]","","","PENDING",""
"I70-006768","alcryst_(fire_emblem)","4","Character","455","","","","","スタルーク","","[{""copyright"":""fire_emblem"",""co_posts"":422,""character_coverage"":1.0},{""copyright"":""fire_emblem_engage"",""co_posts"":422,""character_coverage"":1.0},{""copyright"":""fire_emblem_heroes"",""co_posts"":35,""character_coverage"":0.082938},{""copyright"":""fire_emblem_awakening"",""co_posts"":14,""character_coverage"":0.033175},{""copyright"":""fire_emblem:_the_binding_blade"",""co_posts"":8,""character_coverage"":0.018957}]","","","PENDING",""
"I70-006769","architect_(girls'_frontline)","4","Character","455","architect_(girls_frontline)","architect (girls frontline)","","アーキテクト | アーキテクト(ドールズフロントライン)","建筑师 | 建筑师(少女前线) | 建築師 | 建築師(少女前線)","Architect","[{""copyright"":""girls'_frontline"",""co_posts"":427,""character_coverage"":1.0},{""copyright"":""va-11_hall-a"",""co_posts"":5,""character_coverage"":0.01171},{""copyright"":""djmax"",""co_posts"":3,""character_coverage"":0.007026},{""copyright"":""djmax_respect"",""co_posts"":3,""character_coverage"":0.007026},{""copyright"":""portal_(series)"",""co_posts"":2,""character_coverage"":0.004684}]","","","PENDING",""
"I70-006770","dick_gumshoe","4","Character","455","itonokogiri_keisuke","itonokogiri keisuke","","イトノコ刑事","糸鋸圭介 | 糸锯圭介","","[{""copyright"":""ace_attorney"",""co_posts"":436,""character_coverage"":1.0},{""copyright"":""ace_attorney_investigations"",""co_posts"":80,""character_coverage"":0.183486},{""copyright"":""phoenix_wright:_ace_attorney"",""co_posts"":38,""character_coverage"":0.087156},{""copyright"":""phoenix_wright:_ace_attorney_-_trials_and_tribulations"",""co_posts"":36,""character_coverage"":0.082569},{""copyright"":""ace_attorney_investigations_2:_prosecutor's_gambit"",""co_posts"":27,""character_coverage"":0.061927}]","","","PENDING",""
"I70-006771","flint_(girls_und_panzer)","4","Character","455","","","","サメさんチーム | フリント | フリント(GuP)","","","[{""copyright"":""girls_und_panzer"",""co_posts"":426,""character_coverage"":1.0},{""copyright"":""girls_und_panzer_motto_love_love_sakusen_desu!"",""co_posts"":28,""character_coverage"":0.065728},{""copyright"":""kantai_collection"",""co_posts"":21,""character_coverage"":0.049296},{""copyright"":""girls_und_panzer_senshadou_daisakusen!"",""co_posts"":17,""character_coverage"":0.039906},{""copyright"":""gekitotsu!_joshikousei_oiroke_sensha_gundan"",""co_posts"":8,""character_coverage"":0.018779}]","","","PENDING",""
"I70-006772","jacques_de_molay_(foreigner)_(fate)","4","Character","455","","","","ジャック・ド・モレー | ジャック・ド・モレー(Fate) | ジャック・ド・モレー(フォーリナー)","","","[{""copyright"":""fate/grand_order"",""co_posts"":432,""character_coverage"":1.0},{""copyright"":""fate_(series)"",""co_posts"":432,""character_coverage"":1.0},{""copyright"":""fate/grand_order_arcade"",""co_posts"":37,""character_coverage"":0.085648},{""copyright"":""comiket_99"",""co_posts"":1,""character_coverage"":0.002315},{""copyright"":""fate/extra"",""co_posts"":1,""character_coverage"":0.002315}]","","","PENDING",""
"I70-006773","kenjaku","4","Character","455","","","","","羂索","","[{""copyright"":""jujutsu_kaisen"",""co_posts"":424,""character_coverage"":0.992974},{""copyright"":""blue_archive"",""co_posts"":12,""character_coverage"":0.028103},{""copyright"":""chainsaw_man"",""co_posts"":6,""character_coverage"":0.014052},{""copyright"":""bobobo-bo_bo-bobo"",""co_posts"":3,""character_coverage"":0.007026},{""copyright"":""fullmetal_alchemist"",""co_posts"":3,""character_coverage"":0.007026}]","","","PENDING",""
"I70-006774","miyagi_ryouta","4","Character","455","","","","","宮城リョータ","","[{""copyright"":""slam_dunk_(series)"",""co_posts"":447,""character_coverage"":1.0},{""copyright"":""one_piece"",""co_posts"":4,""character_coverage"":0.008949},{""copyright"":""barbie_(franchise)"",""co_posts"":2,""character_coverage"":0.004474},{""copyright"":""gundam"",""co_posts"":2,""character_coverage"":0.004474},{""copyright"":""idolmaster"",""co_posts"":2,""character_coverage"":0.004474}]","","","PENDING",""
"I70-006775","munakata_atsumi","4","Character","455","","","","","棟方愛海","","[{""copyright"":""idolmaster"",""co_posts"":427,""character_coverage"":0.997664},{""copyright"":""idolmaster_cinderella_girls"",""co_posts"":427,""character_coverage"":0.997664},{""copyright"":""idolmaster_cinderella_girls_starlight_stage"",""co_posts"":62,""character_coverage"":0.14486},{""copyright"":""cinderella_girls_gekijou"",""co_posts"":41,""character_coverage"":0.095794},{""copyright"":""idolmaster_(classic)"",""co_posts"":4,""character_coverage"":0.009346}]","","","PENDING",""
"I70-006776","pina_(sao)","4","Character","455","","","","ピナ","","","[{""copyright"":""sword_art_online"",""co_posts"":441,""character_coverage"":1.0},{""copyright"":""sword_art_online:_code_register"",""co_posts"":53,""character_coverage"":0.120181},{""copyright"":""sword_art_online:_alicization"",""co_posts"":20,""character_coverage"":0.045351},{""copyright"":""sword_art_online:_hollow_fragment"",""co_posts"":9,""character_coverage"":0.020408},{""copyright"":""sword_art_online_the_movie:_ordinal_scale"",""co_posts"":8,""character_coverage"":0.018141}]","","","PENDING",""
"I70-006777","poniko","4","Character","455","","","","ポニ子","","","[{""copyright"":""yume_nikki"",""co_posts"":410,""character_coverage"":1.0},{""copyright"":""ib_(kouri)"",""co_posts"":11,""character_coverage"":0.026829},{""copyright"":""yume_2kki"",""co_posts"":10,""character_coverage"":0.02439},{""copyright"":""omori"",""co_posts"":7,""character_coverage"":0.017073},{""copyright"":"".flow"",""co_posts"":6,""character_coverage"":0.014634}]","","","PENDING",""
"I70-006778","quincy_(nu_carnival)","4","Character","455","","","","ケシー","崑西","케시","[{""copyright"":""nu_carnival"",""co_posts"":453,""character_coverage"":1.0},{""copyright"":""jojo_no_kimyou_na_bouken"",""co_posts"":2,""character_coverage"":0.004415},{""copyright"":""spongebob_squarepants_(series)"",""co_posts"":1,""character_coverage"":0.002208},{""copyright"":""tiktok"",""co_posts"":1,""character_coverage"":0.002208}]","","","PENDING",""
"I70-006779","saigyouji_yuyuko_(living)","4","Character","455","","","","","saigyouji yuyuko（生きている）","","[{""copyright"":""touhou"",""co_posts"":445,""character_coverage"":1.0},{""copyright"":""touhou_(pc-98)"",""co_posts"":47,""character_coverage"":0.105618},{""copyright"":""perfect_cherry_blossom"",""co_posts"":9,""character_coverage"":0.020225},{""copyright"":""m.u.g.e.n"",""co_posts"":8,""character_coverage"":0.017978},{""copyright"":""original"",""co_posts"":6,""character_coverage"":0.013483}]","","","PENDING",""
"I70-006780","sanhua_(wuthering_waves)","4","Character","455","","","","","サンカ | 散華 | 散華(鳴潮)","","[{""copyright"":""wuthering_waves"",""co_posts"":425,""character_coverage"":1.0},{""copyright"":""cyberpunk:_edgerunners"",""co_posts"":3,""character_coverage"":0.007059},{""copyright"":""cyberpunk_(series)"",""co_posts"":3,""character_coverage"":0.007059},{""copyright"":""kuro_games"",""co_posts"":3,""character_coverage"":0.007059},{""copyright"":""punishing:_gray_raven"",""co_posts"":3,""character_coverage"":0.007059}]","","","PENDING",""
"I70-006781","sansei_muramasa","4","Character","455","sandaime_muramasa","sandaime muramasa","","","三世村正","","[{""copyright"":""soukou_akki_muramasa"",""co_posts"":439,""character_coverage"":0.997727},{""copyright"":""nitroplus"",""co_posts"":20,""character_coverage"":0.045455},{""copyright"":""hitsugi_no_chaika"",""co_posts"":4,""character_coverage"":0.009091},{""copyright"":""demonbane"",""co_posts"":3,""character_coverage"":0.006818},{""copyright"":""jingai_makyou"",""co_posts"":3,""character_coverage"":0.006818}]","","","PENDING",""
"I70-006782","senya_(dq11)","4","Character","455","","","","セーニャ(DQ11)","","","[{""copyright"":""dragon_quest"",""co_posts"":415,""character_coverage"":1.0},{""copyright"":""dragon_quest_xi"",""co_posts"":413,""character_coverage"":0.995181},{""copyright"":""dragon_quest_iv"",""co_posts"":18,""character_coverage"":0.043373},{""copyright"":""dragon_quest_viii"",""co_posts"":15,""character_coverage"":0.036145},{""copyright"":""dragon_quest_iii"",""co_posts"":13,""character_coverage"":0.031325}]","","","PENDING",""
"I70-006783","shenhe_(frostflower_dew)_(genshin_impact)","4","Character","455","","","","","申鹤(冷花幽露)","","[{""copyright"":""genshin_impact"",""co_posts"":450,""character_coverage"":1.0},{""copyright"":""honkai:_star_rail"",""co_posts"":7,""character_coverage"":0.015556},{""copyright"":""honkai_(series)"",""co_posts"":7,""character_coverage"":0.015556},{""copyright"":""mihoyo"",""co_posts"":7,""character_coverage"":0.015556},{""copyright"":""code_geass"",""co_posts"":2,""character_coverage"":0.004444}]","","","PENDING",""
"I70-006784","supply_depot_princess","4","Character","455","supply_depot_hime","supply depot hime","","","集積地棲姫","","[{""copyright"":""kantai_collection"",""co_posts"":444,""character_coverage"":1.0},{""copyright"":""non_non_biyori"",""co_posts"":7,""character_coverage"":0.015766},{""copyright"":""gundam"",""co_posts"":5,""character_coverage"":0.011261},{""copyright"":""line_(naver)"",""co_posts"":5,""character_coverage"":0.011261},{""copyright"":""amazon_(company)"",""co_posts"":3,""character_coverage"":0.006757}]","","","PENDING",""
"I70-006785","yahagi_kai_ni_(kancolle)","4","Character","455","","","","","矢矧改二 | 矢矧改二乙","","[{""copyright"":""kantai_collection"",""co_posts"":439,""character_coverage"":1.0},{""copyright"":""kantai_collection_(anime)"",""co_posts"":5,""character_coverage"":0.01139},{""copyright"":""newtype"",""co_posts"":2,""character_coverage"":0.004556},{""copyright"":""c2_kikan"",""co_posts"":1,""character_coverage"":0.002278},{""copyright"":""comiket_100"",""co_posts"":1,""character_coverage"":0.002278}]","","","PENDING",""
"I70-006786","ye_shunguang_(touch_of_dawnlight)","4","Character","455","","","","","暖かな光を拾って","","[{""copyright"":""zenless_zone_zero"",""co_posts"":415,""character_coverage"":1.0},{""copyright"":""google"",""co_posts"":1,""character_coverage"":0.00241}]","","","PENDING",""
"I70-006787","yuuhi_riri","4","Character","455","","","","りりあーと | 夕陽リリ","","","[{""copyright"":""nijisanji"",""co_posts"":442,""character_coverage"":1.0},{""copyright"":""nijisanji_en"",""co_posts"":11,""character_coverage"":0.024887},{""copyright"":""nijisanji_kr"",""co_posts"":9,""character_coverage"":0.020362},{""copyright"":""apex_legends"",""co_posts"":5,""character_coverage"":0.011312},{""copyright"":""mario_(series)"",""co_posts"":5,""character_coverage"":0.011312}]","","","PENDING",""
"I70-006788","iroha_(swimsuit)_(blue_archive)","4","Character","454","","","","","棗イロハ(水着)","","[]","","","PENDING",""
"I70-006789","kogami_akira","4","Character","454","","","","小神あきら","","","[{""copyright"":""lucky_star"",""co_posts"":411,""character_coverage"":1.0},{""copyright"":""suzumiya_haruhi_no_yuuutsu"",""co_posts"":15,""character_coverage"":0.036496},{""copyright"":""idolmaster"",""co_posts"":5,""character_coverage"":0.012165},{""copyright"":""higurashi_no_naku_koro_ni"",""co_posts"":4,""character_coverage"":0.009732},{""copyright"":""idolmaster_(classic)"",""co_posts"":4,""character_coverage"":0.009732}]","","","PENDING",""
"I70-006790","lotad","4","Character","454","","","","ハスボー","","","[{""copyright"":""pokemon"",""co_posts"":430,""character_coverage"":1.0},{""copyright"":""pokemon_ruby/sapphire/emerald"",""co_posts"":55,""character_coverage"":0.127907},{""copyright"":""pokemon_omega_ruby_and_alpha_sapphire"",""co_posts"":37,""character_coverage"":0.086047},{""copyright"":""pokemon_emerald"",""co_posts"":23,""character_coverage"":0.053488},{""copyright"":""pokemon_(anime)"",""co_posts"":21,""character_coverage"":0.048837}]","","","PENDING",""
"I70-006791","michelle_(bang_dream!)","4","Character","454","","","","ミッシェル(バンドリ)","","","[{""copyright"":""bang_dream!"",""co_posts"":445,""character_coverage"":1.0},{""copyright"":""bang_dream!_girls_band_party!"",""co_posts"":439,""character_coverage"":0.986517},{""copyright"":""bang_dream!_it's_mygo!!!!!"",""co_posts"":13,""character_coverage"":0.029213},{""copyright"":""love_live!"",""co_posts"":6,""character_coverage"":0.013483},{""copyright"":""shoujo_kageki_revue_starlight"",""co_posts"":6,""character_coverage"":0.013483}]","","","PENDING",""
"I70-006792","reno_(azur_lane)","4","Character","454","","","","リノ | リノ(アズールレーン)","里诺","","[{""copyright"":""azur_lane"",""co_posts"":419,""character_coverage"":1.0},{""copyright"":""marvel"",""co_posts"":5,""character_coverage"":0.011933},{""copyright"":""azur_lane:_slow_ahead"",""co_posts"":3,""character_coverage"":0.00716},{""copyright"":""avengers_(series)"",""co_posts"":2,""character_coverage"":0.004773},{""copyright"":""avengers:_endgame"",""co_posts"":1,""character_coverage"":0.002387}]","","","PENDING",""
"I70-006793","sung_jin-woo","4","Character","454","","","","","","성진우","[{""copyright"":""solo_leveling"",""co_posts"":426,""character_coverage"":0.997658},{""copyright"":""solo_leveling:_arise"",""co_posts"":21,""character_coverage"":0.04918},{""copyright"":""omniscient_reader's_viewpoint"",""co_posts"":4,""character_coverage"":0.009368},{""copyright"":""squid_game"",""co_posts"":4,""character_coverage"":0.009368},{""copyright"":""family_guy"",""co_posts"":3,""character_coverage"":0.007026}]","","","PENDING",""
"I70-006794","zapdos","4","Character","454","","","","サンダー | サンダー(ポケモン)","","","[{""copyright"":""pokemon"",""co_posts"":412,""character_coverage"":1.0},{""copyright"":""pokemon_red/green/blue/yellow"",""co_posts"":46,""character_coverage"":0.11165},{""copyright"":""pokemon_(anime)"",""co_posts"":37,""character_coverage"":0.089806},{""copyright"":""pokemon_(classic_anime)"",""co_posts"":29,""character_coverage"":0.070388},{""copyright"":""pokemon_go"",""co_posts"":29,""character_coverage"":0.070388}]","","","PENDING",""
"I70-006795","guillotine_cross_(ragnarok_online)","4","Character","453","","","","","ギロチンクロス","","[{""copyright"":""ragnarok_online"",""co_posts"":446,""character_coverage"":1.0},{""copyright"":""ragnarok:_guild_masters"",""co_posts"":24,""character_coverage"":0.053812},{""copyright"":""comiket_80"",""co_posts"":3,""character_coverage"":0.006726},{""copyright"":""ragnarok_masters"",""co_posts"":3,""character_coverage"":0.006726},{""copyright"":""comiket_84"",""co_posts"":1,""character_coverage"":0.002242}]","","","PENDING",""
"I70-006796","ikaros","4","Character","453","","","","イカロス","伊卡洛斯","","[{""copyright"":""sora_no_otoshimono"",""co_posts"":390,""character_coverage"":0.992366},{""copyright"":""nyantype"",""co_posts"":20,""character_coverage"":0.050891},{""copyright"":""megami_magazine"",""co_posts"":13,""character_coverage"":0.033079},{""copyright"":""newtype"",""co_posts"":12,""character_coverage"":0.030534},{""copyright"":""original"",""co_posts"":9,""character_coverage"":0.022901}]","","","PENDING",""
"I70-006797","shiranami_ramune","4","Character","453","","","","らむねはいか画 | らむね屋さん始めました | 波ノリ隊 | 白波らむね","","","[{""copyright"":""vspo!"",""co_posts"":423,""character_coverage"":1.0},{""copyright"":""comiket_102"",""co_posts"":4,""character_coverage"":0.009456},{""copyright"":""mesmerizer_(vocaloid)"",""co_posts"":3,""character_coverage"":0.007092},{""copyright"":""street_fighter"",""co_posts"":3,""character_coverage"":0.007092},{""copyright"":""pacific_racing_team"",""co_posts"":2,""character_coverage"":0.004728}]","","","PENDING",""
"I70-006798","steve_(minecraft)","4","Character","453","","","","スティーブ | プレイヤー(Minecraft)","スティーブ(Minecraft)","herosteve","[{""copyright"":""minecraft"",""co_posts"":387,""character_coverage"":1.0},{""copyright"":""super_smash_bros."",""co_posts"":85,""character_coverage"":0.219638},{""copyright"":""mario_(series)"",""co_posts"":59,""character_coverage"":0.152455},{""copyright"":""final_fantasy"",""co_posts"":54,""character_coverage"":0.139535},{""copyright"":""final_fantasy_vii"",""co_posts"":51,""character_coverage"":0.131783}]","","","PENDING",""
"I70-006799","wolfgang_amadeus_mozart_(fate)","4","Character","453","wolfgang_amadeus_mozart_(fate/grand_order)","wolfgang amadeus mozart (fate/grand order)","","アマデウス | ヴォルフガング・アマデウス・モーツァルト | ヴォルフガング・アマデウス・モーツァルト(Fate)","","","[{""copyright"":""fate/grand_order"",""co_posts"":447,""character_coverage"":1.0},{""copyright"":""fate_(series)"",""co_posts"":447,""character_coverage"":1.0},{""copyright"":""fate/extra"",""co_posts"":6,""character_coverage"":0.013423},{""copyright"":""pixiv_fate/grand_order_contest_2"",""co_posts"":4,""character_coverage"":0.008949},{""copyright"":""fate/apocrypha"",""co_posts"":3,""character_coverage"":0.006711}]","","","PENDING",""
"I70-006800","zentreya_(cyborg)","4","Character","453","","","","","","","[{""copyright"":""vshojo"",""co_posts"":230,""character_coverage"":0.631868},{""copyright"":""indie_virtual_youtuber"",""co_posts"":106,""character_coverage"":0.291209},{""copyright"":""socks_agency"",""co_posts"":34,""character_coverage"":0.093407},{""copyright"":""pokemon"",""co_posts"":8,""character_coverage"":0.021978},{""copyright"":""zenless_zone_zero"",""co_posts"":4,""character_coverage"":0.010989}]","","","PENDING",""
"I70-006801","zombie_fairy_(touhou)","4","Character","453","zombie_fairy","zombie fairy","","ゾンビフェアリー","","","[{""copyright"":""touhou"",""co_posts"":438,""character_coverage"":1.0},{""copyright"":""subterranean_animism"",""co_posts"":29,""character_coverage"":0.06621},{""copyright"":""touhou_(pc-98)"",""co_posts"":25,""character_coverage"":0.057078},{""copyright"":""mountain_of_faith"",""co_posts"":11,""character_coverage"":0.025114},{""copyright"":""perfect_cherry_blossom"",""co_posts"":11,""character_coverage"":0.025114}]","","","PENDING",""
"I70-006802","akazutsumi_momoko","4","Character","452","akatsutsumi_momoko","akatsutsumi momoko","","赤堤ももこ","","","[{""copyright"":""powerpuff_girls_z"",""co_posts"":406,""character_coverage"":1.0},{""copyright"":""powerpuff_girls"",""co_posts"":52,""character_coverage"":0.128079},{""copyright"":""bishoujo_senshi_sailor_moon"",""co_posts"":7,""character_coverage"":0.017241},{""copyright"":""cardcaptor_sakura"",""co_posts"":6,""character_coverage"":0.014778},{""copyright"":""ojamajo_doremi"",""co_posts"":6,""character_coverage"":0.014778}]","","","PENDING",""
"I70-006803","akinashi_haru","4","Character","452","","","","","春夏冬ハル","","[{""copyright"":""saihate_eki"",""co_posts"":436,""character_coverage"":1.0},{""copyright"":""little_red_riding_hood_(fairy_tale)"",""co_posts"":3,""character_coverage"":0.006881},{""copyright"":""grizzly_ni_osowaretara"",""co_posts"":2,""character_coverage"":0.004587},{""copyright"":""omori"",""co_posts"":2,""character_coverage"":0.004587},{""copyright"":""original"",""co_posts"":2,""character_coverage"":0.004587}]","","","PENDING",""
"I70-006804","chang_chin-lan","4","Character","452","zhang_jinglan","zhang jinglan","","","ちゃんじんらん","","[{""copyright"":""kamiina_botan_yoeru_sugata_wa_yuri_no_hana"",""co_posts"":307,""character_coverage"":1.0},{""copyright"":""star_wars"",""co_posts"":2,""character_coverage"":0.006515},{""copyright"":""bocchi_the_rock!"",""co_posts"":1,""character_coverage"":0.003257},{""copyright"":""original"",""co_posts"":1,""character_coverage"":0.003257}]","","","PENDING",""
"I70-006805","fate_testarossa_(movie_1st_form)","4","Character","452","","","","","","","[{""copyright"":""lyrical_nanoha"",""co_posts"":444,""character_coverage"":1.0},{""copyright"":""mahou_shoujo_lyrical_nanoha"",""co_posts"":439,""character_coverage"":0.988739},{""copyright"":""mahou_shoujo_lyrical_nanoha_the_movie_1st"",""co_posts"":391,""character_coverage"":0.880631},{""copyright"":""mahou_shoujo_lyrical_nanoha_a's"",""co_posts"":24,""character_coverage"":0.054054},{""copyright"":""mahou_shoujo_lyrical_nanoha_strikers"",""co_posts"":20,""character_coverage"":0.045045}]","","","PENDING",""
"I70-006806","feh_(fire_emblem_heroes)","4","Character","452","","","","ファ(封印の剣)","","","[{""copyright"":""fire_emblem"",""co_posts"":419,""character_coverage"":1.0},{""copyright"":""fire_emblem_heroes"",""co_posts"":403,""character_coverage"":0.961814},{""copyright"":""fire_emblem_fates"",""co_posts"":89,""character_coverage"":0.212411},{""copyright"":""fire_emblem_awakening"",""co_posts"":69,""character_coverage"":0.164678},{""copyright"":""fire_emblem:_path_of_radiance"",""co_posts"":61,""character_coverage"":0.145585}]","","","PENDING",""
"I70-006807","hitomi_(doa)","4","Character","452","","","","ヒトミ | ヒトミ(DOA)","瞳","","[{""copyright"":""dead_or_alive"",""co_posts"":321,""character_coverage"":1.0},{""copyright"":""dead_or_alive_xtreme"",""co_posts"":26,""character_coverage"":0.080997},{""copyright"":""dead_or_alive_5"",""co_posts"":16,""character_coverage"":0.049844},{""copyright"":""dead_or_alive_6"",""co_posts"":6,""character_coverage"":0.018692},{""copyright"":""tekken"",""co_posts"":3,""character_coverage"":0.009346}]","","","PENDING",""
"I70-006808","ilsa_(granblue_fantasy)","4","Character","452","","","","イルザ | イルザ(グラブル)","","","[{""copyright"":""granblue_fantasy"",""co_posts"":441,""character_coverage"":1.0},{""copyright"":""shingeki_no_bahamut"",""co_posts"":4,""character_coverage"":0.00907},{""copyright"":""granblue_fantasy_versus:_rising"",""co_posts"":3,""character_coverage"":0.006803},{""copyright"":""final_fantasy"",""co_posts"":2,""character_coverage"":0.004535},{""copyright"":""final_fantasy_xiv"",""co_posts"":2,""character_coverage"":0.004535}]","","","PENDING",""
"I70-006809","kagami_hayato","4","Character","452","","","","","加賀美ハヤト","","[{""copyright"":""nijisanji"",""co_posts"":433,""character_coverage"":1.0},{""copyright"":""nijisanji_koshien"",""co_posts"":18,""character_coverage"":0.04157},{""copyright"":""nijisanji_en"",""co_posts"":16,""character_coverage"":0.036952},{""copyright"":""nijisanji_kr"",""co_posts"":13,""character_coverage"":0.030023},{""copyright"":""nijisanji_id"",""co_posts"":5,""character_coverage"":0.011547}]","","","PENDING",""
"I70-006810","kamijou_kyousuke","4","Character","452","","","","","さやきょう | 上条恭介","","[{""copyright"":""mahou_shoujo_madoka_magica"",""co_posts"":417,""character_coverage"":1.0},{""copyright"":""mahou_shoujo_madoka_magica_(anime)"",""co_posts"":388,""character_coverage"":0.930456},{""copyright"":""mahou_shoujo_madoka_magica:_hangyaku_no_monogatari"",""co_posts"":16,""character_coverage"":0.038369},{""copyright"":""doraemon"",""co_posts"":8,""character_coverage"":0.019185},{""copyright"":""gundam"",""co_posts"":7,""character_coverage"":0.016787}]","","","PENDING",""
"I70-006811","protagonist_(aogami_nahobino)_(smtv)","4","Character","452","","","","","","","[{""copyright"":""shin_megami_tensei"",""co_posts"":444,""character_coverage"":1.0},{""copyright"":""shin_megami_tensei_v"",""co_posts"":442,""character_coverage"":0.995495},{""copyright"":""shin_megami_tensei_v:_vengeance"",""co_posts"":45,""character_coverage"":0.101351},{""copyright"":""shin_megami_tensei_iii:_nocturne"",""co_posts"":41,""character_coverage"":0.092342},{""copyright"":""persona"",""co_posts"":9,""character_coverage"":0.02027}]","","","PENDING",""
"I70-006812","rosanna_(nikke)","4","Character","452","","","","ロザンナ | ロザンナ(勝利の女神:NIKKE)","","","[{""copyright"":""goddess_of_victory:_nikke"",""co_posts"":386,""character_coverage"":0.997416},{""copyright"":""hololive"",""co_posts"":4,""character_coverage"":0.010336},{""copyright"":""hololive_english"",""co_posts"":4,""character_coverage"":0.010336},{""copyright"":""idolmaster"",""co_posts"":4,""character_coverage"":0.010336},{""copyright"":""idolmaster_(classic)"",""co_posts"":4,""character_coverage"":0.010336}]","","","PENDING",""
"I70-006813","secretive_plotter","4","Character","452","","","","","","","[{""copyright"":""omniscient_reader's_viewpoint"",""co_posts"":447,""character_coverage"":1.0},{""copyright"":""original"",""co_posts"":3,""character_coverage"":0.006711},{""copyright"":""madra_(album)"",""co_posts"":2,""character_coverage"":0.004474},{""copyright"":""tongari_boushi_no_atelier"",""co_posts"":2,""character_coverage"":0.004474},{""copyright"":""alien_stage"",""co_posts"":1,""character_coverage"":0.002237}]","","","PENDING",""
"I70-006814","taki_(soulcalibur)","4","Character","452","","","","タキ","多喜","","[{""copyright"":""soulcalibur"",""co_posts"":354,""character_coverage"":0.997183},{""copyright"":""soulcalibur_vi"",""co_posts"":37,""character_coverage"":0.104225},{""copyright"":""queen's_blade"",""co_posts"":32,""character_coverage"":0.090141},{""copyright"":""queen's_gate"",""co_posts"":32,""character_coverage"":0.090141},{""copyright"":""soulcalibur_iv"",""co_posts"":24,""character_coverage"":0.067606}]","","","PENDING",""
"I70-006815","yaotome_urushi","4","Character","452","","","","八乙女うるし","","","[{""copyright"":""soredemo_ayumu_wa_yosetekuru"",""co_posts"":449,""character_coverage"":1.0},{""copyright"":""karakai_jouzu_no_takagi-san"",""co_posts"":24,""character_coverage"":0.053452},{""copyright"":""kunoichi_tsubaki_no_mune_no_uchi"",""co_posts"":22,""character_coverage"":0.048998},{""copyright"":""comiket_100"",""co_posts"":2,""character_coverage"":0.004454},{""copyright"":""fudatsuki_no_kyouko-chan"",""co_posts"":1,""character_coverage"":0.002227}]","","","PENDING",""
"I70-006816","constance_von_nuvelle","4","Character","451","","","","コンスタンツェ=フォン=ヌーヴェル","","","[{""copyright"":""fire_emblem"",""co_posts"":416,""character_coverage"":1.0},{""copyright"":""fire_emblem:_three_houses"",""co_posts"":416,""character_coverage"":1.0},{""copyright"":""fire_emblem_warriors:_three_hopes"",""co_posts"":54,""character_coverage"":0.129808},{""copyright"":""fire_emblem_heroes"",""co_posts"":39,""character_coverage"":0.09375},{""copyright"":""fire_emblem_fates"",""co_posts"":5,""character_coverage"":0.012019}]","","","PENDING",""
"I70-006817","enderman","4","Character","451","","","","エンダーマン","末影人","endermen","[{""copyright"":""minecraft"",""co_posts"":414,""character_coverage"":0.995192},{""copyright"":""mob_talker"",""co_posts"":104,""character_coverage"":0.25},{""copyright"":""original"",""co_posts"":36,""character_coverage"":0.086538},{""copyright"":""super_smash_bros."",""co_posts"":33,""character_coverage"":0.079327},{""copyright"":""hololive"",""co_posts"":27,""character_coverage"":0.064904}]","","","PENDING",""
"I70-006818","flora_(dq5)","4","Character","451","","","","フローラ | フローラ(DQ5)","","flora_ludman | nera_briscoletti","[{""copyright"":""dragon_quest"",""co_posts"":411,""character_coverage"":1.0},{""copyright"":""dragon_quest_v"",""co_posts"":408,""character_coverage"":0.992701},{""copyright"":""dragon_quest_iv"",""co_posts"":34,""character_coverage"":0.082725},{""copyright"":""dragon_quest_ii"",""co_posts"":19,""character_coverage"":0.046229},{""copyright"":""dragon_quest_viii"",""co_posts"":18,""character_coverage"":0.043796}]","","","PENDING",""
"I70-006819","fubuzilla_(shirakami_fubuki)","4","Character","451","","","","フブラ","","","[{""copyright"":""hololive"",""co_posts"":439,""character_coverage"":1.0},{""copyright"":""hololive_english"",""co_posts"":18,""character_coverage"":0.041002},{""copyright"":""pokemon"",""co_posts"":7,""character_coverage"":0.015945},{""copyright"":""hololive_indonesia"",""co_posts"":6,""character_coverage"":0.013667},{""copyright"":""holocure"",""co_posts"":4,""character_coverage"":0.009112}]","","","PENDING",""
"I70-006820","hassel_(pokemon)","4","Character","451","","","","ハッサク | ハッサク(トレーナー) | ハッサク(ポケモン)","","","[{""copyright"":""pokemon"",""co_posts"":444,""character_coverage"":1.0},{""copyright"":""pokemon_scarlet_and_violet"",""co_posts"":438,""character_coverage"":0.986486},{""copyright"":""pokemon_sword_and_shield"",""co_posts"":11,""character_coverage"":0.024775},{""copyright"":""pokemon_heartgold_and_soulsilver"",""co_posts"":10,""character_coverage"":0.022523},{""copyright"":""pokemon_black_and_white"",""co_posts"":9,""character_coverage"":0.02027}]","","","PENDING",""
"I70-006821","hoshizora_ikuyo","4","Character","451","","","","","星空育代","","[{""copyright"":""precure"",""co_posts"":415,""character_coverage"":1.0},{""copyright"":""smile_precure!"",""co_posts"":415,""character_coverage"":1.0},{""copyright"":""kantai_collection"",""co_posts"":6,""character_coverage"":0.014458},{""copyright"":""gundam"",""co_posts"":5,""character_coverage"":0.012048},{""copyright"":""pokemon"",""co_posts"":5,""character_coverage"":0.012048}]","","","PENDING",""
"I70-006822","juri_(blue_archive)","4","Character","451","ushimaki_juri","ushimaki juri","","牛牧ジュリ","","","[{""copyright"":""blue_archive"",""co_posts"":435,""character_coverage"":1.0},{""copyright"":""vocaloid"",""co_posts"":8,""character_coverage"":0.018391},{""copyright"":""the_legend_of_zelda"",""co_posts"":4,""character_coverage"":0.009195},{""copyright"":""the_legend_of_zelda:_breath_of_the_wild"",""co_posts"":4,""character_coverage"":0.009195},{""copyright"":""comiket_101"",""co_posts"":2,""character_coverage"":0.004598}]","","","PENDING",""
"I70-006823","nodoka_(blue_archive)","4","Character","451","amami_nodoka","amami nodoka","","天見ノドカ","","노도카","[{""copyright"":""blue_archive"",""co_posts"":436,""character_coverage"":1.0},{""copyright"":""vocaloid"",""co_posts"":8,""character_coverage"":0.018349},{""copyright"":""blue_archive_the_animation"",""co_posts"":2,""character_coverage"":0.004587},{""copyright"":""real_life"",""co_posts"":2,""character_coverage"":0.004587},{""copyright"":""armored_core"",""co_posts"":1,""character_coverage"":0.002294}]","","","PENDING",""
"I70-006824","oikawa_shizuku_(moo_moo_fresh)","4","Character","451","","","","","もーもーふれっしゅ","","[{""copyright"":""idolmaster"",""co_posts"":413,""character_coverage"":1.0},{""copyright"":""idolmaster_cinderella_girls"",""co_posts"":413,""character_coverage"":1.0},{""copyright"":""idolmaster_cinderella_girls_starlight_stage"",""co_posts"":13,""character_coverage"":0.031477},{""copyright"":""idolmaster_(classic)"",""co_posts"":12,""character_coverage"":0.029056},{""copyright"":""kantai_collection"",""co_posts"":4,""character_coverage"":0.009685}]","","","PENDING",""
"I70-006825","ortlinde_(fate)","4","Character","451","ortlinde_(fate/grand_order)","ortlinde (fate/grand order)","","オルトリンデ(Fate)","","","[{""copyright"":""fate/grand_order"",""co_posts"":446,""character_coverage"":1.0},{""copyright"":""fate_(series)"",""co_posts"":446,""character_coverage"":1.0},{""copyright"":""fate/stay_night"",""co_posts"":4,""character_coverage"":0.008969},{""copyright"":""fate/grand_order_arcade"",""co_posts"":3,""character_coverage"":0.006726},{""copyright"":""fate/zero"",""co_posts"":3,""character_coverage"":0.006726}]","","","PENDING",""
"I70-006826","poyoyo_(nakiri_ayame)","4","Character","451","","","","ぽよ余","","","[{""copyright"":""hololive"",""co_posts"":432,""character_coverage"":0.997691},{""copyright"":""hololive_english"",""co_posts"":8,""character_coverage"":0.018476},{""copyright"":""indie_virtual_youtuber"",""co_posts"":5,""character_coverage"":0.011547},{""copyright"":""nijisanji"",""co_posts"":5,""character_coverage"":0.011547},{""copyright"":""hololive_indonesia"",""co_posts"":4,""character_coverage"":0.009238}]","","","PENDING",""
"I70-006827","riddle_rosehearts","4","Character","451","","","","リドル・ローズハート","","","[{""copyright"":""twisted_wonderland"",""co_posts"":432,""character_coverage"":0.997691},{""copyright"":""disney"",""co_posts"":5,""character_coverage"":0.011547},{""copyright"":""kimetsu_no_yaiba"",""co_posts"":5,""character_coverage"":0.011547},{""copyright"":""touken_ranbu"",""co_posts"":5,""character_coverage"":0.011547},{""copyright"":""ensemble_stars!"",""co_posts"":4,""character_coverage"":0.009238}]","","","PENDING",""
"I70-006828","rosetta_(granblue_fantasy)","4","Character","451","","","","ロゼッタ | ロゼッタ(グラブル)","","","[{""copyright"":""granblue_fantasy"",""co_posts"":434,""character_coverage"":0.98861},{""copyright"":""shingeki_no_bahamut"",""co_posts"":12,""character_coverage"":0.027335},{""copyright"":""shadowverse"",""co_posts"":8,""character_coverage"":0.018223},{""copyright"":""fate/grand_order"",""co_posts"":6,""character_coverage"":0.013667},{""copyright"":""fate_(series)"",""co_posts"":6,""character_coverage"":0.013667}]","","","PENDING",""
"I70-006829","subaru_(blue_archive)","4","Character","451","kakehashi_subaru,short_haired_arius_student_(blue_archive)","kakehashi subaru | short haired arius student (blue archive)","","","梯スバル","","[{""copyright"":""blue_archive"",""co_posts"":401,""character_coverage"":0.997512},{""copyright"":""one_piece"",""co_posts"":3,""character_coverage"":0.007463},{""copyright"":""vocaloid"",""co_posts"":2,""character_coverage"":0.004975},{""copyright"":""char's_counterattack"",""co_posts"":1,""character_coverage"":0.002488},{""copyright"":""dungeon_meshi"",""co_posts"":1,""character_coverage"":0.002488}]","","","PENDING",""
"I70-006830","suzunari_shizuku","4","Character","451","","","","鈴鳴しずく","鈴鳴雫","","[{""copyright"":""original"",""co_posts"":450,""character_coverage"":1.0},{""copyright"":""tree_of_savior"",""co_posts"":2,""character_coverage"":0.004444},{""copyright"":""final_fantasy"",""co_posts"":1,""character_coverage"":0.002222},{""copyright"":""final_fantasy_xiv"",""co_posts"":1,""character_coverage"":0.002222},{""copyright"":""kirby_(series)"",""co_posts"":1,""character_coverage"":0.002222}]","","","PENDING",""
"I70-006831","alisa_southerncross","4","Character","450","","","","アリサ=サザンクロス | アリサ・サザンクロス","","","[{""copyright"":""keroro_gunsou"",""co_posts"":382,""character_coverage"":0.997389},{""copyright"":""kemono_friends"",""co_posts"":23,""character_coverage"":0.060052},{""copyright"":""rokumon_tengai_mon_colle_knight"",""co_posts"":7,""character_coverage"":0.018277},{""copyright"":""kemono_friends_3"",""co_posts"":6,""character_coverage"":0.015666},{""copyright"":""agent_aika"",""co_posts"":5,""character_coverage"":0.013055}]","","","PENDING",""
"I70-006832","entelechia_(arknights)","4","Character","450","rose_riverbank_(arknights)","rose riverbank (arknights)","","","エンテレケイア(アークナイツ)","","[{""copyright"":""arknights"",""co_posts"":411,""character_coverage"":1.0},{""copyright"":""microsoft_windows"",""co_posts"":1,""character_coverage"":0.002433},{""copyright"":""original"",""co_posts"":1,""character_coverage"":0.002433},{""copyright"":""perfume_(band)"",""co_posts"":1,""character_coverage"":0.002433},{""copyright"":""tsukihime"",""co_posts"":1,""character_coverage"":0.002433}]","","","PENDING",""
"I70-006833","grim_reaper","4","Character","450","","","","","死神","","[{""copyright"":""original"",""co_posts"":125,""character_coverage"":0.303398},{""copyright"":""hololive"",""co_posts"":61,""character_coverage"":0.148058},{""copyright"":""hololive_english"",""co_posts"":58,""character_coverage"":0.140777},{""copyright"":""touhou"",""co_posts"":29,""character_coverage"":0.070388},{""copyright"":""danganronpa_(series)"",""co_posts"":14,""character_coverage"":0.033981}]","","","PENDING",""
"I70-006834","hatsune_(princess_connect!)","4","Character","450","kashiwazaki_hatsune","kashiwazaki hatsune","","ハツネ | ハツネ(プリコネ)","柏崎初音","","[{""copyright"":""princess_connect!"",""co_posts"":434,""character_coverage"":1.0},{""copyright"":""idolmaster"",""co_posts"":6,""character_coverage"":0.013825},{""copyright"":""idolmaster_cinderella_girls"",""co_posts"":6,""character_coverage"":0.013825},{""copyright"":""cygames"",""co_posts"":2,""character_coverage"":0.004608},{""copyright"":""arknights"",""co_posts"":1,""character_coverage"":0.002304}]","","","PENDING",""
"I70-006835","house_dragonmaid","4","Character","450","","","","ドラゴンメイド・シュトラール | ドラゴンメイド・ハスキー","","","[{""copyright"":""yu-gi-oh!"",""co_posts"":415,""character_coverage"":1.0},{""copyright"":""blue_archive"",""co_posts"":2,""character_coverage"":0.004819},{""copyright"":""digimon"",""co_posts"":2,""character_coverage"":0.004819},{""copyright"":""golden_kamuy"",""co_posts"":2,""character_coverage"":0.004819},{""copyright"":""pokemon"",""co_posts"":2,""character_coverage"":0.004819}]","","","PENDING",""
"I70-006836","kriemhild_(fate)","4","Character","450","","","","クリームヒルト | クリームヒルト(Fate)","","","[{""copyright"":""fate_(series)"",""co_posts"":418,""character_coverage"":1.0},{""copyright"":""fate/grand_order"",""co_posts"":417,""character_coverage"":0.997608},{""copyright"":""fate/apocrypha"",""co_posts"":10,""character_coverage"":0.023923},{""copyright"":""fate/kaleid_liner_prisma_illya"",""co_posts"":3,""character_coverage"":0.007177},{""copyright"":""fate/strange_fake"",""co_posts"":3,""character_coverage"":0.007177}]","","","PENDING",""
"I70-006837","margay_(kemono_friends)","4","Character","450","","","","マーゲイ | マーゲイ(けものフレンズ)","","","[{""copyright"":""kemono_friends"",""co_posts"":427,""character_coverage"":1.0},{""copyright"":""kemono_friends_3"",""co_posts"":31,""character_coverage"":0.0726},{""copyright"":""kemono_friends_2"",""co_posts"":7,""character_coverage"":0.016393},{""copyright"":""idolmaster"",""co_posts"":4,""character_coverage"":0.009368},{""copyright"":""keroro_gunsou"",""co_posts"":4,""character_coverage"":0.009368}]","","","PENDING",""
"I70-006838","minior_(core)","4","Character","450","","","","","ミニオール（コア）","","[{""copyright"":""pokemon"",""co_posts"":419,""character_coverage"":1.0},{""copyright"":""pokemon_sun_and_moon"",""co_posts"":42,""character_coverage"":0.100239},{""copyright"":""pokemon_scarlet_and_violet"",""co_posts"":30,""character_coverage"":0.071599},{""copyright"":""pokemon_(anime)"",""co_posts"":14,""character_coverage"":0.033413},{""copyright"":""pokemon_the_series:_sun_&_moon"",""co_posts"":9,""character_coverage"":0.02148}]","","","PENDING",""
"I70-006839","mujina","4","Character","450","","","","ムジナ | ムジナ(SSSS.DYNAZENON)","貉","","[{""copyright"":""gridman_universe"",""co_posts"":399,""character_coverage"":1.0},{""copyright"":""ssss.dynazenon"",""co_posts"":394,""character_coverage"":0.987469},{""copyright"":""ssss.gridman"",""co_posts"":34,""character_coverage"":0.085213},{""copyright"":""gridman_universe_(movie)"",""co_posts"":27,""character_coverage"":0.067669},{""copyright"":""azur_lane"",""co_posts"":16,""character_coverage"":0.0401}]","","","PENDING",""
"I70-006840","yoshida_masaki","4","Character","450","","","","よしまこ | 吉もこ | 黒木智子となかまたち","吉田 | 吉田茉咲","","[{""copyright"":""watashi_ga_motenai_no_wa_dou_kangaetemo_omaera_ga_warui!"",""co_posts"":413,""character_coverage"":1.0},{""copyright"":""2channel"",""co_posts"":4,""character_coverage"":0.009685},{""copyright"":""dragon_ball"",""co_posts"":2,""character_coverage"":0.004843},{""copyright"":""full_metal_jacket"",""co_posts"":2,""character_coverage"":0.004843},{""copyright"":""hello_kitty"",""co_posts"":2,""character_coverage"":0.004843}]","","","PENDING",""
"I70-006841","deux_murasame","4","Character","449","","","","","ドゥー・ムラサメ","","[{""copyright"":""gundam"",""co_posts"":429,""character_coverage"":1.0},{""copyright"":""gundam_gquuuuuux"",""co_posts"":429,""character_coverage"":1.0},{""copyright"":""zeta_gundam"",""co_posts"":15,""character_coverage"":0.034965},{""copyright"":""gakuen_idolmaster"",""co_posts"":12,""character_coverage"":0.027972},{""copyright"":""idolmaster"",""co_posts"":12,""character_coverage"":0.027972}]","","","PENDING",""
"I70-006842","director_chimera_(spy_x_family)","4","Character","449","","","","キメラさん","","","[{""copyright"":""spy_x_family"",""co_posts"":436,""character_coverage"":1.0},{""copyright"":""cardcaptor_sakura"",""co_posts"":3,""character_coverage"":0.006881},{""copyright"":""jujutsu_kaisen"",""co_posts"":3,""character_coverage"":0.006881},{""copyright"":""made_in_abyss"",""co_posts"":3,""character_coverage"":0.006881},{""copyright"":""one_piece"",""co_posts"":3,""character_coverage"":0.006881}]","","","PENDING",""
"I70-006843","gallagher_(honkai:_star_rail)","4","Character","449","","","","ギャラガー | ギャラガー(スターレイル)","加拉赫","","[{""copyright"":""honkai:_star_rail"",""co_posts"":441,""character_coverage"":1.0},{""copyright"":""honkai_(series)"",""co_posts"":441,""character_coverage"":1.0},{""copyright"":""mihoyo"",""co_posts"":13,""character_coverage"":0.029478},{""copyright"":""genshin_impact"",""co_posts"":11,""character_coverage"":0.024943},{""copyright"":""zenless_zone_zero"",""co_posts"":7,""character_coverage"":0.015873}]","","","PENDING",""
"I70-006844","karen_(pokemon)","4","Character","449","karin_(pokemon)","karin (pokemon)","","カリン | カリン(トレーナー)","","","[{""copyright"":""pokemon"",""co_posts"":399,""character_coverage"":1.0},{""copyright"":""pokemon_heartgold_and_soulsilver"",""co_posts"":242,""character_coverage"":0.606516},{""copyright"":""pokemon_gold/silver/crystal"",""co_posts"":164,""character_coverage"":0.411028},{""copyright"":""pokemon_firered_and_leafgreen"",""co_posts"":95,""character_coverage"":0.238095},{""copyright"":""pokemon_black_and_white"",""co_posts"":25,""character_coverage"":0.062657}]","","","PENDING",""
"I70-006845","lucifer_(shingeki_no_bahamut)","4","Character","449","","","","ルシフェル(グラブル) | ルシフェル(神撃のバハムート)","","","[{""copyright"":""granblue_fantasy"",""co_posts"":424,""character_coverage"":0.963636},{""copyright"":""shingeki_no_bahamut"",""co_posts"":51,""character_coverage"":0.115909},{""copyright"":""shadowverse"",""co_posts"":6,""character_coverage"":0.013636},{""copyright"":""arknights"",""co_posts"":2,""character_coverage"":0.004545},{""copyright"":""cygames"",""co_posts"":2,""character_coverage"":0.004545}]","","","PENDING",""
"I70-006846","nimi_nightmare_(1st_costume)","4","Character","449","","","","","","","[{""copyright"":""indie_virtual_youtuber"",""co_posts"":422,""character_coverage"":1.0},{""copyright"":""hololive"",""co_posts"":8,""character_coverage"":0.018957},{""copyright"":""hololive_english"",""co_posts"":8,""character_coverage"":0.018957},{""copyright"":""original"",""co_posts"":6,""character_coverage"":0.014218},{""copyright"":""densetsu.exe"",""co_posts"":3,""character_coverage"":0.007109}]","","","PENDING",""
"I70-006847","sakurako_(justina_uniform)_(blue_archive)","4","Character","449","","","","","覚悟礼装","","[{""copyright"":""blue_archive"",""co_posts"":439,""character_coverage"":1.0},{""copyright"":""girls'_frontline"",""co_posts"":2,""character_coverage"":0.004556},{""copyright"":""umamusume"",""co_posts"":2,""character_coverage"":0.004556},{""copyright"":""comiket_102"",""co_posts"":1,""character_coverage"":0.002278},{""copyright"":""comiket_103"",""co_posts"":1,""character_coverage"":0.002278}]","","","PENDING",""
"I70-006848","seki_hiromi","4","Character","449","","","","","関裕美","","[{""copyright"":""idolmaster"",""co_posts"":440,""character_coverage"":1.0},{""copyright"":""idolmaster_cinderella_girls"",""co_posts"":440,""character_coverage"":1.0},{""copyright"":""idolmaster_cinderella_girls_starlight_stage"",""co_posts"":75,""character_coverage"":0.170455},{""copyright"":""cinderella_girls_gekijou"",""co_posts"":53,""character_coverage"":0.120455},{""copyright"":""idolmaster_(classic)"",""co_posts"":9,""character_coverage"":0.020455}]","","","PENDING",""
"I70-006849","tanigawa_kanna","4","Character","449","","","","","谷川柑菜","","[{""copyright"":""ano_natsu_de_matteru"",""co_posts"":442,""character_coverage"":1.0},{""copyright"":""mahou_shoujo_madoka_magica"",""co_posts"":10,""character_coverage"":0.022624},{""copyright"":""mahou_shoujo_madoka_magica_(anime)"",""co_posts"":10,""character_coverage"":0.022624},{""copyright"":""dengeki_moeoh"",""co_posts"":6,""character_coverage"":0.013575},{""copyright"":""megami_magazine"",""co_posts"":6,""character_coverage"":0.013575}]","","","PENDING",""
"I70-006850","team_skull_grunt","4","Character","449","","","","スカルだんのしたっぱ","","","[{""copyright"":""pokemon"",""co_posts"":406,""character_coverage"":0.997543},{""copyright"":""pokemon_sun_and_moon"",""co_posts"":379,""character_coverage"":0.931204},{""copyright"":""pokemon_(anime)"",""co_posts"":22,""character_coverage"":0.054054},{""copyright"":""pokemon_the_series:_sun_&_moon"",""co_posts"":22,""character_coverage"":0.054054},{""copyright"":""pokemon_ultra_sun_and_ultra_moon"",""co_posts"":9,""character_coverage"":0.022113}]","","","PENDING",""
"I70-006851","ayin_(project_moon)","4","Character","448","","","","","艾因","","[{""copyright"":""project_moon"",""co_posts"":439,""character_coverage"":1.0},{""copyright"":""lobotomy_corporation"",""co_posts"":404,""character_coverage"":0.920273},{""copyright"":""library_of_ruina"",""co_posts"":88,""character_coverage"":0.200456},{""copyright"":""limbus_company"",""co_posts"":45,""character_coverage"":0.102506},{""copyright"":""the_distortion_detective"",""co_posts"":11,""character_coverage"":0.025057}]","","","PENDING",""
"I70-006852","black_widow","4","Character","448","","","","ブラックウィドウ | ブラック・ウィドウ","","BlackWidow","[{""copyright"":""marvel"",""co_posts"":351,""character_coverage"":0.994334},{""copyright"":""avengers_(series)"",""co_posts"":256,""character_coverage"":0.725212},{""copyright"":""marvel_rivals"",""co_posts"":67,""character_coverage"":0.189802},{""copyright"":""spider-man_(series)"",""co_posts"":50,""character_coverage"":0.141643},{""copyright"":""captain_america_(series)"",""co_posts"":42,""character_coverage"":0.11898}]","","","PENDING",""
"I70-006853","crazy_diamond","4","Character","448","","","","","クレイジー・ダイヤモンド","","[{""copyright"":""jojo_no_kimyou_na_bouken"",""co_posts"":436,""character_coverage"":1.0},{""copyright"":""diamond_wa_kudakenai"",""co_posts"":430,""character_coverage"":0.986239},{""copyright"":""stone_ocean"",""co_posts"":55,""character_coverage"":0.126147},{""copyright"":""vento_aureo"",""co_posts"":54,""character_coverage"":0.123853},{""copyright"":""stardust_crusaders"",""co_posts"":47,""character_coverage"":0.107798}]","","","PENDING",""
"I70-006854","flutterpage","4","Character","448","","","","","パタパタペーパー","","[{""copyright"":""reverse:1999"",""co_posts"":415,""character_coverage"":1.0},{""copyright"":""assassin's_creed_(series)"",""co_posts"":3,""character_coverage"":0.007229},{""copyright"":""assassin's_creed_ii"",""co_posts"":3,""character_coverage"":0.007229},{""copyright"":""crayon_shin-chan"",""co_posts"":1,""character_coverage"":0.00241},{""copyright"":""kyoufuu_all_back_(vocaloid)"",""co_posts"":1,""character_coverage"":0.00241}]","","","PENDING",""
"I70-006855","krul_tepes","4","Character","448","kururu_tepes","kururu tepes","","クルル・ツェペシ","克鲁鲁","","[{""copyright"":""owari_no_seraph"",""co_posts"":419,""character_coverage"":1.0},{""copyright"":""gate_-_jieitai_ka_no_chi_nite_kaku_tatakaeri"",""co_posts"":5,""character_coverage"":0.011933},{""copyright"":""mahou_shoujo_madoka_magica"",""co_posts"":3,""character_coverage"":0.00716},{""copyright"":""fate_(series)"",""co_posts"":2,""character_coverage"":0.004773},{""copyright"":""mahou_shoujo_madoka_magica_(anime)"",""co_posts"":2,""character_coverage"":0.004773}]","","","PENDING",""
"I70-006856","laura_matsuda","4","Character","448","","","","ララ・マツダ","","","[{""copyright"":""street_fighter"",""co_posts"":338,""character_coverage"":1.0},{""copyright"":""street_fighter_v"",""co_posts"":326,""character_coverage"":0.964497},{""copyright"":""street_fighter_iii_(series)"",""co_posts"":18,""character_coverage"":0.053254},{""copyright"":""street_fighter_zero_(series)"",""co_posts"":13,""character_coverage"":0.038462},{""copyright"":""capcom"",""co_posts"":9,""character_coverage"":0.026627}]","","","PENDING",""
"I70-006857","momosuzu_nene_(casual)","4","Character","448","momosuzu_nene_(2nd_costume)","momosuzu nene (2nd costume)","","桃鈴ねね(私服) | 桃鈴ねね(私服衣装)","","","[{""copyright"":""hololive"",""co_posts"":439,""character_coverage"":1.0},{""copyright"":""hololive_english"",""co_posts"":7,""character_coverage"":0.015945},{""copyright"":""hololive_dev_is"",""co_posts"":6,""character_coverage"":0.013667},{""copyright"":""hololive_indonesia"",""co_posts"":3,""character_coverage"":0.006834},{""copyright"":""minecraft"",""co_posts"":3,""character_coverage"":0.006834}]","","","PENDING",""
"I70-006858","noihara_himari","4","Character","448","","","","","緋鞠 | 野井原緋鞠","","[{""copyright"":""omamori_himari"",""co_posts"":323,""character_coverage"":1.0},{""copyright"":""touhou"",""co_posts"":6,""character_coverage"":0.018576},{""copyright"":""idolmaster"",""co_posts"":5,""character_coverage"":0.01548},{""copyright"":""megami_magazine"",""co_posts"":5,""character_coverage"":0.01548},{""copyright"":""nyantype"",""co_posts"":5,""character_coverage"":0.01548}]","","","PENDING",""
"I70-006859","ramza_beoulve","4","Character","448","","","","ラムザ | ラムザ・ベオルブ","","","[{""copyright"":""final_fantasy"",""co_posts"":421,""character_coverage"":1.0},{""copyright"":""final_fantasy_tactics"",""co_posts"":419,""character_coverage"":0.995249},{""copyright"":""final_fantasy_vii"",""co_posts"":17,""character_coverage"":0.04038},{""copyright"":""final_fantasy_xii"",""co_posts"":15,""character_coverage"":0.035629},{""copyright"":""final_fantasy_ix"",""co_posts"":12,""character_coverage"":0.028504}]","","","PENDING",""
"I70-006860","sabotender","4","Character","448","cactuar","cactuar","","サボテンダー","","","[{""copyright"":""final_fantasy"",""co_posts"":385,""character_coverage"":0.95297},{""copyright"":""final_fantasy_vii"",""co_posts"":186,""character_coverage"":0.460396},{""copyright"":""final_fantasy_vii_remake"",""co_posts"":69,""character_coverage"":0.170792},{""copyright"":""final_fantasy_xiv"",""co_posts"":65,""character_coverage"":0.160891},{""copyright"":""final_fantasy_x"",""co_posts"":41,""character_coverage"":0.101485}]","","","PENDING",""
"I70-006861","aerith_gainsborough_(red_dress)","4","Character","447","","","","","ゴージャスドレス","","[{""copyright"":""final_fantasy"",""co_posts"":419,""character_coverage"":1.0},{""copyright"":""final_fantasy_vii"",""co_posts"":419,""character_coverage"":1.0},{""copyright"":""final_fantasy_vii_remake"",""co_posts"":396,""character_coverage"":0.945107},{""copyright"":""final_fantasy_vii_rebirth"",""co_posts"":22,""character_coverage"":0.052506},{""copyright"":""crisis_core:_final_fantasy_vii"",""co_posts"":11,""character_coverage"":0.026253}]","","","PENDING",""
"I70-006862","furutaka_kai_ni_(kancolle)","4","Character","447","","","","","古鷹改二","","[{""copyright"":""kantai_collection"",""co_posts"":439,""character_coverage"":1.0},{""copyright"":""gundam"",""co_posts"":2,""character_coverage"":0.004556},{""copyright"":""pokemon"",""co_posts"":2,""character_coverage"":0.004556},{""copyright"":""umamusume"",""co_posts"":2,""character_coverage"":0.004556},{""copyright"":""chi.:_chikyuu_no_undou_ni_tsuite"",""co_posts"":1,""character_coverage"":0.002278}]","","","PENDING",""
"I70-006863","houshou_marine_(nun)","4","Character","447","","","","シスターマリン | 宝鐘マリン(シスター衣装)","","","[{""copyright"":""hololive"",""co_posts"":423,""character_coverage"":1.0},{""copyright"":""hololive_english"",""co_posts"":23,""character_coverage"":0.054374},{""copyright"":""sono_bisque_doll_wa_koi_wo_suru"",""co_posts"":2,""character_coverage"":0.004728},{""copyright"":""black_lagoon"",""co_posts"":1,""character_coverage"":0.002364},{""copyright"":""comiket_102"",""co_posts"":1,""character_coverage"":0.002364}]","","","PENDING",""
"I70-006864","inoue_marina","4","Character","447","","","","","井上麻里奈","","[{""copyright"":""honkai_(series)"",""co_posts"":335,""character_coverage"":0.823096},{""copyright"":""honkai_impact_3rd"",""co_posts"":333,""character_coverage"":0.818182},{""copyright"":""honkai:_star_rail"",""co_posts"":332,""character_coverage"":0.815725},{""copyright"":""tengen_toppa_gurren_lagann"",""co_posts"":30,""character_coverage"":0.07371},{""copyright"":""mihoyo"",""co_posts"":23,""character_coverage"":0.056511}]","","","PENDING",""
"I70-006865","komekko","4","Character","447","","","","こめっこ","","","[{""copyright"":""kono_subarashii_sekai_ni_shukufuku_wo!"",""co_posts"":423,""character_coverage"":1.0},{""copyright"":""konosuba!_fantastic_days"",""co_posts"":55,""character_coverage"":0.130024},{""copyright"":""kono_subarashii_sekai_ni_bakuen_wo!"",""co_posts"":18,""character_coverage"":0.042553},{""copyright"":""twitter"",""co_posts"":4,""character_coverage"":0.009456},{""copyright"":""kono_subarashii_sekai_ni_shukufuku_wo!:_kurenai_densetsu"",""co_posts"":2,""character_coverage"":0.004728}]","","","PENDING",""
"I70-006866","lilia_vanrouge","4","Character","447","","","","リリア・ヴァンルージュ | リリ監","","","[{""copyright"":""twisted_wonderland"",""co_posts"":440,""character_coverage"":1.0},{""copyright"":""lilo_&_stitch"",""co_posts"":7,""character_coverage"":0.015909},{""copyright"":""disney"",""co_posts"":6,""character_coverage"":0.013636},{""copyright"":""pokemon"",""co_posts"":4,""character_coverage"":0.009091},{""copyright"":""genshin_impact"",""co_posts"":3,""character_coverage"":0.006818}]","","","PENDING",""
"I70-006867","m14_(girls'_frontline)","4","Character","447","m14_(girls_frontline)","m14 (girls frontline)","","M14(ドールズフロントライン)","M14(少女前線)","M14 | 엠십사","[{""copyright"":""girls'_frontline"",""co_posts"":428,""character_coverage"":1.0},{""copyright"":""full_metal_jacket"",""co_posts"":6,""character_coverage"":0.014019},{""copyright"":""girls'_frontline_2:_exilium"",""co_posts"":5,""character_coverage"":0.011682},{""copyright"":""doom_(2016)"",""co_posts"":3,""character_coverage"":0.007009},{""copyright"":""doom_(series)"",""co_posts"":3,""character_coverage"":0.007009}]","","","PENDING",""
"I70-006868","majikina_mina","4","Character","447","","","","真鏡名ミナ","弥娜","","[{""copyright"":""samurai_spirits"",""co_posts"":417,""character_coverage"":1.0},{""copyright"":""queen's_blade"",""co_posts"":35,""character_coverage"":0.083933},{""copyright"":""queen's_gate"",""co_posts"":34,""character_coverage"":0.081535},{""copyright"":""snk"",""co_posts"":10,""character_coverage"":0.023981},{""copyright"":""guilty_gear"",""co_posts"":5,""character_coverage"":0.01199}]","","","PENDING",""
"I70-006869","morgana_(league)","4","Character","447","morgana_(league_of_legends)","morgana (league of legends)","","","モルガナ","","[{""copyright"":""league_of_legends"",""co_posts"":403,""character_coverage"":1.0},{""copyright"":""pokemon"",""co_posts"":3,""character_coverage"":0.007444},{""copyright"":""avengers:_age_of_ultron"",""co_posts"":2,""character_coverage"":0.004963},{""copyright"":""avengers_(series)"",""co_posts"":2,""character_coverage"":0.004963},{""copyright"":""cloud9"",""co_posts"":2,""character_coverage"":0.004963}]","","","PENDING",""
"I70-006870","okita_j._souji_(first_ascension)_(fate)","4","Character","447","","","","","沖田J。スージー（最初の昇天）（運命）","","[{""copyright"":""fate_(series)"",""co_posts"":437,""character_coverage"":1.0},{""copyright"":""fate/grand_order"",""co_posts"":434,""character_coverage"":0.993135},{""copyright"":""koha-ace"",""co_posts"":27,""character_coverage"":0.061785},{""copyright"":""hololive"",""co_posts"":2,""character_coverage"":0.004577},{""copyright"":""neon_genesis_evangelion"",""co_posts"":2,""character_coverage"":0.004577}]","","","PENDING",""
"I70-006871","okita_souji_alter_(first_ascension)_(fate)","4","Character","447","","","","","","","[{""copyright"":""fate_(series)"",""co_posts"":419,""character_coverage"":0.997619},{""copyright"":""fate/grand_order"",""co_posts"":418,""character_coverage"":0.995238},{""copyright"":""koha-ace"",""co_posts"":151,""character_coverage"":0.359524},{""copyright"":""fate/stay_night"",""co_posts"":5,""character_coverage"":0.011905},{""copyright"":""original"",""co_posts"":3,""character_coverage"":0.007143}]","","","PENDING",""
"I70-006872","rapidash","4","Character","447","","","","ギャロップ | ギャロップ(ポケモン)","","","[{""copyright"":""pokemon"",""co_posts"":411,""character_coverage"":1.0},{""copyright"":""pokemon_diamond/pearl/platinum"",""co_posts"":43,""character_coverage"":0.104623},{""copyright"":""pokemon_firered_and_leafgreen"",""co_posts"":37,""character_coverage"":0.090024},{""copyright"":""pokemon_red/green/blue/yellow"",""co_posts"":30,""character_coverage"":0.072993},{""copyright"":""pokemon_(anime)"",""co_posts"":24,""character_coverage"":0.058394}]","","","PENDING",""
"I70-006873","6_(reverse:1999)","4","Character","446","","","","","6(リバース:1999)","","[{""copyright"":""reverse:1999"",""co_posts"":444,""character_coverage"":1.0},{""copyright"":""original"",""co_posts"":2,""character_coverage"":0.004505},{""copyright"":""arknights"",""co_posts"":1,""character_coverage"":0.002252},{""copyright"":""honkai:_star_rail"",""co_posts"":1,""character_coverage"":0.002252},{""copyright"":""honkai_(series)"",""co_posts"":1,""character_coverage"":0.002252}]","","","PENDING",""
"I70-006874","airi_(the_infernal_temptress)","4","Character","446","","","","冥土へ誘うもの | 冥土へ誘うものアイリ","","","[{""copyright"":""queen's_blade"",""co_posts"":362,""character_coverage"":1.0},{""copyright"":""senran_kagura"",""co_posts"":9,""character_coverage"":0.024862},{""copyright"":""senran_kagura_new_link"",""co_posts"":9,""character_coverage"":0.024862},{""copyright"":""queen's_blade_rebellion"",""co_posts"":8,""character_coverage"":0.022099},{""copyright"":""vanquished_queens"",""co_posts"":6,""character_coverage"":0.016575}]","","","PENDING",""
"I70-006875","casca_(berserk)","4","Character","446","","","","キャスカ","","","[{""copyright"":""berserk"",""co_posts"":406,""character_coverage"":1.0},{""copyright"":""neon_genesis_evangelion"",""co_posts"":7,""character_coverage"":0.017241},{""copyright"":""one-punch_man"",""co_posts"":6,""character_coverage"":0.014778},{""copyright"":""dandadan"",""co_posts"":4,""character_coverage"":0.009852},{""copyright"":""fullmetal_alchemist"",""co_posts"":4,""character_coverage"":0.009852}]","","","PENDING",""
"I70-006876","debidebi_debiru","4","Character","446","","","","でびでび・でびる | でびるさま | でびるさま(けものフレンズ) | でびるさまにささげるえ","","","[{""copyright"":""nijisanji"",""co_posts"":434,""character_coverage"":1.0},{""copyright"":""kemono_friends"",""co_posts"":24,""character_coverage"":0.0553},{""copyright"":""nijisanji_en"",""co_posts"":17,""character_coverage"":0.039171},{""copyright"":""kemono_friends_3"",""co_posts"":14,""character_coverage"":0.032258},{""copyright"":""nijisanji_kr"",""co_posts"":10,""character_coverage"":0.023041}]","","","PENDING",""
"I70-006877","elis_(touhou)","4","Character","446","","","","エリス","","엘리스","[{""copyright"":""touhou"",""co_posts"":411,""character_coverage"":1.0},{""copyright"":""touhou_(pc-98)"",""co_posts"":411,""character_coverage"":1.0},{""copyright"":""highly_responsive_to_prayers"",""co_posts"":64,""character_coverage"":0.155718},{""copyright"":""story_of_eastern_wonderland"",""co_posts"":22,""character_coverage"":0.053528},{""copyright"":""phantasmagoria_of_dim.dream"",""co_posts"":19,""character_coverage"":0.046229}]","","","PENDING",""
"I70-006878","emboar","4","Character","446","","","","エンブオー","","","[{""copyright"":""pokemon"",""co_posts"":412,""character_coverage"":1.0},{""copyright"":""pokemon_black_and_white"",""co_posts"":165,""character_coverage"":0.400485},{""copyright"":""pokemon_black_2_and_white_2"",""co_posts"":58,""character_coverage"":0.140777},{""copyright"":""pokemon_legends:_z-a"",""co_posts"":29,""character_coverage"":0.070388},{""copyright"":""pokemon_diamond/pearl/platinum"",""co_posts"":14,""character_coverage"":0.033981}]","","","PENDING",""
"I70-006879","isuzu_kai_ni_(kancolle)","4","Character","446","","","","","五十鈴改二","","[{""copyright"":""kantai_collection"",""co_posts"":438,""character_coverage"":1.0},{""copyright"":""aoki_hagane_no_arpeggio"",""co_posts"":1,""character_coverage"":0.002283},{""copyright"":""gochuumon_wa_usagi_desu_ka?"",""co_posts"":1,""character_coverage"":0.002283},{""copyright"":""idolmaster"",""co_posts"":1,""character_coverage"":0.002283},{""copyright"":""idolmaster_(classic)"",""co_posts"":1,""character_coverage"":0.002283}]","","","PENDING",""
"I70-006880","light_hello_(umamusume)","4","Character","446","","","","ライトハロー | ライトハロー(ウマ娘)","","","[{""copyright"":""umamusume"",""co_posts"":367,""character_coverage"":1.0},{""copyright"":""umamusume:_cinderella_gray"",""co_posts"":4,""character_coverage"":0.010899},{""copyright"":""comiket_103"",""co_posts"":3,""character_coverage"":0.008174},{""copyright"":""fate_(series)"",""co_posts"":3,""character_coverage"":0.008174},{""copyright"":""fate/grand_order"",""co_posts"":2,""character_coverage"":0.00545}]","","","PENDING",""
"I70-006881","moco_(fushigi_na_neko_no_machi_meltier)","4","Character","446","","","","","モコ(ふしぎな猫のまち)","","[{""copyright"":""fushigi_na_neko_no_machi_meltier"",""co_posts"":439,""character_coverage"":1.0},{""copyright"":""comiket_104"",""co_posts"":1,""character_coverage"":0.002278},{""copyright"":""original"",""co_posts"":1,""character_coverage"":0.002278}]","","","PENDING",""
"I70-006882","nitocris_(swimsuit_assassin)_(second_ascension)_(fate)","4","Character","446","","","","","ニトクリス(水着)","","[{""copyright"":""fate/grand_order"",""co_posts"":438,""character_coverage"":1.0},{""copyright"":""fate_(series)"",""co_posts"":438,""character_coverage"":1.0},{""copyright"":""fate/apocrypha"",""co_posts"":5,""character_coverage"":0.011416},{""copyright"":""original"",""co_posts"":4,""character_coverage"":0.009132},{""copyright"":""fate/extra"",""co_posts"":3,""character_coverage"":0.006849}]","","","PENDING",""
"I70-006883","tachibana_kimika","4","Character","446","","","","","橘希実香","","[{""copyright"":""subarashiki_hibi"",""co_posts"":305,""character_coverage"":0.996732},{""copyright"":""tsui_no_sora"",""co_posts"":8,""character_coverage"":0.026144},{""copyright"":""tsui_no_sora_(remake)"",""co_posts"":8,""character_coverage"":0.026144},{""copyright"":""the_last_supper"",""co_posts"":2,""character_coverage"":0.006536},{""copyright"":""gegege_no_kitarou"",""co_posts"":1,""character_coverage"":0.003268}]","","","PENDING",""
"I70-006884","todoroki_yachiyo","4","Character","446","","","","","轟八千代","","[{""copyright"":""working!!"",""co_posts"":413,""character_coverage"":1.0},{""copyright"":""working!!_(web_manga)"",""co_posts"":10,""character_coverage"":0.024213},{""copyright"":""mahou_shoujo_madoka_magica"",""co_posts"":4,""character_coverage"":0.009685},{""copyright"":""mahou_shoujo_madoka_magica_(anime)"",""co_posts"":4,""character_coverage"":0.009685},{""copyright"":""megami_magazine"",""co_posts"":2,""character_coverage"":0.004843}]","","","PENDING",""
"I70-006885","tsunashi_hajime","4","Character","446","","","","","十一","","[{""copyright"":""danna_ga_nani_wo_itte_iru_ka_wakaranai_ken"",""co_posts"":443,""character_coverage"":1.0},{""copyright"":""kobayashi-san_chi_no_maidragon"",""co_posts"":2,""character_coverage"":0.004515},{""copyright"":""komori-san_wa_kotowarenai!"",""co_posts"":2,""character_coverage"":0.004515},{""copyright"":""2channel"",""co_posts"":1,""character_coverage"":0.002257},{""copyright"":""azumanga_daioh"",""co_posts"":1,""character_coverage"":0.002257}]","","","PENDING",""
"I70-006886","yagi_toshinori","4","Character","446","","","","トゥルーマイト","八木俊典","","[{""copyright"":""boku_no_hero_academia"",""co_posts"":428,""character_coverage"":1.0},{""copyright"":""anpanman"",""co_posts"":3,""character_coverage"":0.007009},{""copyright"":""dc_comics"",""co_posts"":3,""character_coverage"":0.007009},{""copyright"":""mob_psycho_100"",""co_posts"":3,""character_coverage"":0.007009},{""copyright"":""naruto_(series)"",""co_posts"":3,""character_coverage"":0.007009}]","","","PENDING",""
"I70-006887","akiyama_rinko","4","Character","445","","","","","秋山凜子","","[{""copyright"":""taimanin_(series)"",""co_posts"":354,""character_coverage"":1.0},{""copyright"":""taimanin_yukikaze"",""co_posts"":253,""character_coverage"":0.714689},{""copyright"":""taimanin_rpgx"",""co_posts"":36,""character_coverage"":0.101695},{""copyright"":""taimanin_asagi"",""co_posts"":30,""character_coverage"":0.084746},{""copyright"":""lilith-soft"",""co_posts"":14,""character_coverage"":0.039548}]","","","PENDING",""
"I70-006888","cu_chulainn_(fate/prototype)","4","Character","445","","","","旧ランサー","","","[{""copyright"":""fate_(series)"",""co_posts"":439,""character_coverage"":1.0},{""copyright"":""fate/grand_order"",""co_posts"":295,""character_coverage"":0.671982},{""copyright"":""fate/prototype"",""co_posts"":155,""character_coverage"":0.353075},{""copyright"":""fate/stay_night"",""co_posts"":79,""character_coverage"":0.179954},{""copyright"":""fate/zero"",""co_posts"":23,""character_coverage"":0.052392}]","","","PENDING",""
"I70-006889","firion","4","Character","445","frioniel","frioniel","","フリオニール","","","[{""copyright"":""final_fantasy"",""co_posts"":405,""character_coverage"":1.0},{""copyright"":""final_fantasy_ii"",""co_posts"":398,""character_coverage"":0.982716},{""copyright"":""dissidia_final_fantasy"",""co_posts"":268,""character_coverage"":0.661728},{""copyright"":""final_fantasy_vii"",""co_posts"":172,""character_coverage"":0.424691},{""copyright"":""final_fantasy_vi"",""co_posts"":170,""character_coverage"":0.419753}]","","","PENDING",""
"I70-006890","integra_hellsing","4","Character","445","","","","インテグラ | インテグラル・ファルブルケ・ウィンゲーツ・ヘルシング","","","[{""copyright"":""hellsing"",""co_posts"":414,""character_coverage"":1.0},{""copyright"":""black_lagoon"",""co_posts"":7,""character_coverage"":0.016908},{""copyright"":""hellsing:_the_dawn"",""co_posts"":6,""character_coverage"":0.014493},{""copyright"":""gundam"",""co_posts"":3,""character_coverage"":0.007246},{""copyright"":""umamusume"",""co_posts"":3,""character_coverage"":0.007246}]","","","PENDING",""
"I70-006891","teepo_(tales)","4","Character","445","tipo_(xillia)","tipo (xillia)","","","ティポ","","[{""copyright"":""tales_of_(series)"",""co_posts"":419,""character_coverage"":1.0},{""copyright"":""tales_of_xillia"",""co_posts"":415,""character_coverage"":0.990453},{""copyright"":""tales_of_xillia_2"",""co_posts"":59,""character_coverage"":0.140811},{""copyright"":""tales_of_asteria"",""co_posts"":45,""character_coverage"":0.107399},{""copyright"":""tales_of_the_abyss"",""co_posts"":15,""character_coverage"":0.0358}]","","","PENDING",""
"I70-006892","terriermon","4","Character","445","","","","テリアモン","","","[{""copyright"":""digimon"",""co_posts"":410,""character_coverage"":1.0},{""copyright"":""digimon_tamers"",""co_posts"":122,""character_coverage"":0.297561},{""copyright"":""digimon_story:_cyber_sleuth"",""co_posts"":38,""character_coverage"":0.092683},{""copyright"":""digimon_card_game"",""co_posts"":26,""character_coverage"":0.063415},{""copyright"":""digimon_story:_time_stranger"",""co_posts"":26,""character_coverage"":0.063415}]","","","PENDING",""
"I70-006893","winter_soldier","4","Character","445","","","","ウィンターソルジャー","","","[{""copyright"":""marvel"",""co_posts"":426,""character_coverage"":1.0},{""copyright"":""captain_america_(series)"",""co_posts"":337,""character_coverage"":0.79108},{""copyright"":""captain_america:_the_winter_soldier"",""co_posts"":227,""character_coverage"":0.532864},{""copyright"":""marvel_rivals"",""co_posts"":67,""character_coverage"":0.157277},{""copyright"":""avengers_(series)"",""co_posts"":63,""character_coverage"":0.147887}]","","","PENDING",""
"I70-006894","yakumo_mitama","4","Character","445","","","","ももみた | 八雲みたま","","","[{""copyright"":""mahou_shoujo_madoka_magica"",""co_posts"":421,""character_coverage"":1.0},{""copyright"":""magia_record:_mahou_shoujo_madoka_magica_gaiden"",""co_posts"":419,""character_coverage"":0.995249},{""copyright"":""mahou_shoujo_madoka_magica_magia_exedra"",""co_posts"":25,""character_coverage"":0.059382},{""copyright"":""mahou_shoujo_madoka_magica_(anime)"",""co_posts"":17,""character_coverage"":0.04038},{""copyright"":""mahou_shoujo_oriko_magica"",""co_posts"":7,""character_coverage"":0.016627}]","","","PENDING",""
"I70-006895","amae_koromo","4","Character","444","","","","","天江衣","","[{""copyright"":""saki_(manga)"",""co_posts"":423,""character_coverage"":1.0},{""copyright"":""saki_achiga-hen"",""co_posts"":13,""character_coverage"":0.030733},{""copyright"":""mahjong_soul"",""co_posts"":7,""character_coverage"":0.016548},{""copyright"":""lucky_star"",""co_posts"":5,""character_coverage"":0.01182},{""copyright"":""touhou"",""co_posts"":4,""character_coverage"":0.009456}]","","","PENDING",""
"I70-006896","date_masamune_(sengoku_basara)","4","Character","444","","","","","伊達政宗(戦国BASARA)","","[{""copyright"":""sengoku_basara"",""co_posts"":431,""character_coverage"":0.997685},{""copyright"":""gakuen_basara"",""co_posts"":29,""character_coverage"":0.06713},{""copyright"":""street_fighter"",""co_posts"":15,""character_coverage"":0.034722},{""copyright"":""capcom"",""co_posts"":14,""character_coverage"":0.032407},{""copyright"":""devil_may_cry_(series)"",""co_posts"":14,""character_coverage"":0.032407}]","","","PENDING",""
"I70-006897","florina_(fire_emblem)","4","Character","444","","","","フロリーナ","","","[{""copyright"":""fire_emblem"",""co_posts"":409,""character_coverage"":1.0},{""copyright"":""fire_emblem:_the_blazing_blade"",""co_posts"":406,""character_coverage"":0.992665},{""copyright"":""fire_emblem_heroes"",""co_posts"":108,""character_coverage"":0.264059},{""copyright"":""fire_emblem_awakening"",""co_posts"":41,""character_coverage"":0.100244},{""copyright"":""fire_emblem_fates"",""co_posts"":26,""character_coverage"":0.06357}]","","","PENDING",""
"I70-006898","hamuzou","4","Character","444","","","","ハム蔵","","","[{""copyright"":""idolmaster"",""co_posts"":434,""character_coverage"":1.0},{""copyright"":""idolmaster_(classic)"",""co_posts"":434,""character_coverage"":1.0},{""copyright"":""idolmaster_million_live!"",""co_posts"":54,""character_coverage"":0.124424},{""copyright"":""idolmaster_million_live!_theater_days"",""co_posts"":16,""character_coverage"":0.036866},{""copyright"":""idolmaster_1"",""co_posts"":14,""character_coverage"":0.032258}]","","","PENDING",""
"I70-006899","hellagur_(arknights)","4","Character","444","","","","ヘラグ | ヘラグ(アークナイツ)","赫拉格","Hellagur","[{""copyright"":""arknights"",""co_posts"":431,""character_coverage"":1.0},{""copyright"":""arknights:_endfield"",""co_posts"":113,""character_coverage"":0.262181},{""copyright"":""a_deer_of_nine_colors"",""co_posts"":3,""character_coverage"":0.006961},{""copyright"":""ambience_synesthesia"",""co_posts"":3,""character_coverage"":0.006961},{""copyright"":""monster_hunter_(series)"",""co_posts"":3,""character_coverage"":0.006961}]","","","PENDING",""
"I70-006900","litchi_faye_ling","4","Character","444","","","","ライチ=フェイ=リン","","","[{""copyright"":""blazblue"",""co_posts"":359,""character_coverage"":1.0},{""copyright"":""blazblue:_central_fiction"",""co_posts"":20,""character_coverage"":0.05571},{""copyright"":""blazblue:_chronophantasma"",""co_posts"":15,""character_coverage"":0.041783},{""copyright"":""guilty_gear"",""co_posts"":14,""character_coverage"":0.038997},{""copyright"":""blazblue:_calamity_trigger"",""co_posts"":13,""character_coverage"":0.036212}]","","","PENDING",""
"I70-006901","she-hulk","4","Character","444","","","","シーハルク","","","[{""copyright"":""marvel"",""co_posts"":330,""character_coverage"":0.993976},{""copyright"":""x-men"",""co_posts"":49,""character_coverage"":0.14759},{""copyright"":""spider-man_(series)"",""co_posts"":46,""character_coverage"":0.138554},{""copyright"":""fantastic_four"",""co_posts"":38,""character_coverage"":0.114458},{""copyright"":""avengers_(series)"",""co_posts"":33,""character_coverage"":0.099398}]","","","PENDING",""
"I70-006902","shirahoshi","4","Character","444","","","","しらほし | しらほし姫","","Shirahoshi","[{""copyright"":""one_piece"",""co_posts"":383,""character_coverage"":1.0},{""copyright"":""one_piece_card_game"",""co_posts"":15,""character_coverage"":0.039164},{""copyright"":""one_piece:_stampede"",""co_posts"":3,""character_coverage"":0.007833},{""copyright"":""one_piece_film:_red"",""co_posts"":3,""character_coverage"":0.007833},{""copyright"":""one_piece_treasure_cruise"",""co_posts"":3,""character_coverage"":0.007833}]","","","PENDING",""
"I70-006903","sophia_valentine","4","Character","444","","","","いらすたいん | ソフィア・ヴァレンタイン","","","[{""copyright"":""nijisanji"",""co_posts"":418,""character_coverage"":1.0},{""copyright"":""nijisanji_en"",""co_posts"":15,""character_coverage"":0.035885},{""copyright"":""nijisanji_gta"",""co_posts"":11,""character_coverage"":0.026316},{""copyright"":""nijisanji_kr"",""co_posts"":10,""character_coverage"":0.023923},{""copyright"":""grand_theft_auto"",""co_posts"":3,""character_coverage"":0.007177}]","","","PENDING",""
"I70-006904","tsunashi_kaoru","4","Character","444","","","","","十カオル","","[{""copyright"":""danna_ga_nani_wo_itte_iru_ka_wakaranai_ken"",""co_posts"":439,""character_coverage"":1.0},{""copyright"":""lyrical_nanoha"",""co_posts"":2,""character_coverage"":0.004556},{""copyright"":""2channel"",""co_posts"":1,""character_coverage"":0.002278},{""copyright"":""azumanga_daioh"",""co_posts"":1,""character_coverage"":0.002278},{""copyright"":""crunchyroll"",""co_posts"":1,""character_coverage"":0.002278}]","","","PENDING",""
"I70-006905","uzumaki_kushina","4","Character","444","","","","うずまきクシナ","","","[{""copyright"":""naruto_(series)"",""co_posts"":333,""character_coverage"":1.0},{""copyright"":""naruto_shippuuden"",""co_posts"":137,""character_coverage"":0.411411},{""copyright"":""naruto_(classic)"",""co_posts"":120,""character_coverage"":0.36036},{""copyright"":""boruto_(series)"",""co_posts"":23,""character_coverage"":0.069069},{""copyright"":""boruto:_naruto_next_generations"",""co_posts"":18,""character_coverage"":0.054054}]","","","PENDING",""
"I70-006906","yu_mei-ren_(first_ascension)_(fate)","4","Character","444","","","","","Yu Mei-Ren（最初の昇天）（運命）","","[{""copyright"":""fate/grand_order"",""co_posts"":429,""character_coverage"":1.0},{""copyright"":""fate_(series)"",""co_posts"":429,""character_coverage"":1.0},{""copyright"":""crayon_shin-chan"",""co_posts"":3,""character_coverage"":0.006993},{""copyright"":""fate/stay_night"",""co_posts"":3,""character_coverage"":0.006993},{""copyright"":""bishoujo_senshi_sailor_moon"",""co_posts"":2,""character_coverage"":0.004662}]","","","PENDING",""
"I70-006907","beedrill","4","Character","443","","","","スピアー","","","[{""copyright"":""pokemon"",""co_posts"":411,""character_coverage"":1.0},{""copyright"":""pokemon_(anime)"",""co_posts"":44,""character_coverage"":0.107056},{""copyright"":""pokemon_(classic_anime)"",""co_posts"":27,""character_coverage"":0.065693},{""copyright"":""pokemon_firered_and_leafgreen"",""co_posts"":24,""character_coverage"":0.058394},{""copyright"":""pokemon_red/green/blue/yellow"",""co_posts"":21,""character_coverage"":0.051095}]","","","PENDING",""
"I70-006908","black_lady_(sailor_moon)","4","Character","443","black_lady","black lady","","ブラックレディ","","","[{""copyright"":""bishoujo_senshi_sailor_moon"",""co_posts"":407,""character_coverage"":1.0},{""copyright"":""bishoujo_senshi_sailor_moon_r"",""co_posts"":366,""character_coverage"":0.899263},{""copyright"":""bishoujo_senshi_sailor_moon_s"",""co_posts"":45,""character_coverage"":0.110565},{""copyright"":""bishoujo_senshi_sailor_moon_supers"",""co_posts"":15,""character_coverage"":0.036855},{""copyright"":""bishoujo_senshi_sailor_moon_stars"",""co_posts"":10,""character_coverage"":0.02457}]","","","PENDING",""
"I70-006909","hanami_kotoha","4","Character","443","","","","花海ことは","","","[{""copyright"":""mahou_girls_precure!"",""co_posts"":402,""character_coverage"":1.0},{""copyright"":""precure"",""co_posts"":402,""character_coverage"":1.0},{""copyright"":""kirakira_precure_a_la_mode"",""co_posts"":30,""character_coverage"":0.074627},{""copyright"":""go!_princess_precure"",""co_posts"":28,""character_coverage"":0.069652},{""copyright"":""yes!_precure_5"",""co_posts"":25,""character_coverage"":0.062189}]","","","PENDING",""
"I70-006910","inugami_korone_(roomwear)","4","Character","443","inugami_korone_(loungewear),inugami_korone_(4th_costume)","inugami korone (4th costume) | inugami korone (loungewear)","","","戌神ころね(部屋着衣装)","","[{""copyright"":""hololive"",""co_posts"":440,""character_coverage"":1.0},{""copyright"":""hololive_english"",""co_posts"":5,""character_coverage"":0.011364},{""copyright"":""hololive_indonesia"",""co_posts"":4,""character_coverage"":0.009091},{""copyright"":""banjo-kazooie"",""co_posts"":3,""character_coverage"":0.006818},{""copyright"":""mario_(series)"",""co_posts"":3,""character_coverage"":0.006818}]","","","PENDING",""
"I70-006911","sakuranomiya_maika","4","Character","443","","","","桜ノ宮苺香","","","[{""copyright"":""blend_s"",""co_posts"":417,""character_coverage"":1.0},{""copyright"":""gochuumon_wa_usagi_desu_ka?"",""co_posts"":10,""character_coverage"":0.023981},{""copyright"":""manga_time_kirara"",""co_posts"":9,""character_coverage"":0.021583},{""copyright"":""megami_magazine"",""co_posts"":6,""character_coverage"":0.014388},{""copyright"":""kantai_collection"",""co_posts"":3,""character_coverage"":0.007194}]","","","PENDING",""
"I70-006912","seiya_kou","4","Character","443","","","","","星野光","","[{""copyright"":""bishoujo_senshi_sailor_moon"",""co_posts"":427,""character_coverage"":1.0},{""copyright"":""bishoujo_senshi_sailor_moon_stars"",""co_posts"":427,""character_coverage"":1.0},{""copyright"":""bishoujo_senshi_sailor_moon_s"",""co_posts"":12,""character_coverage"":0.028103},{""copyright"":""bishoujo_senshi_sailor_moon_r"",""co_posts"":11,""character_coverage"":0.025761},{""copyright"":""bishoujo_senshi_sailor_moon_supers"",""co_posts"":10,""character_coverage"":0.023419}]","","","PENDING",""
"I70-006913","shinigami_(rain_code)","4","Character","443","","","","死に神ちゃん","","","[{""copyright"":""master_detective_archives:_rain_code"",""co_posts"":429,""character_coverage"":0.993056},{""copyright"":""danganronpa_(series)"",""co_posts"":24,""character_coverage"":0.055556},{""copyright"":""danganronpa_v3:_killing_harmony"",""co_posts"":12,""character_coverage"":0.027778},{""copyright"":""danganronpa:_trigger_happy_havoc"",""co_posts"":10,""character_coverage"":0.023148},{""copyright"":""danganronpa_2:_goodbye_despair"",""co_posts"":3,""character_coverage"":0.006944}]","","","PENDING",""
"I70-006914","south_dakota_(azur_lane)","4","Character","443","","","","サウスダコタ | サウスダコタ(アズールレーン)","南达科他(碧蓝航线)","","[{""copyright"":""azur_lane"",""co_posts"":393,""character_coverage"":1.0},{""copyright"":""kantai_collection"",""co_posts"":6,""character_coverage"":0.015267},{""copyright"":""azur_lane:_slow_ahead"",""co_posts"":4,""character_coverage"":0.010178},{""copyright"":""2channel"",""co_posts"":1,""character_coverage"":0.002545},{""copyright"":""gundam"",""co_posts"":1,""character_coverage"":0.002545}]","","","PENDING",""
"I70-006915","suu_(monster_musume)","4","Character","443","","","","スー | スー(モンスター娘のいる日常)","","","[{""copyright"":""monster_musume_no_iru_nichijou"",""co_posts"":404,""character_coverage"":1.0},{""copyright"":""monster_musume_no_iru_nichijou_online"",""co_posts"":33,""character_coverage"":0.081683},{""copyright"":""original"",""co_posts"":7,""character_coverage"":0.017327},{""copyright"":""kono_subarashii_sekai_ni_shukufuku_wo!"",""co_posts"":5,""character_coverage"":0.012376},{""copyright"":""idolmaster"",""co_posts"":2,""character_coverage"":0.00495}]","","","PENDING",""
"I70-006916","technoblade","4","Character","443","","","","","科技刀","","[{""copyright"":""minecraft_youtube"",""co_posts"":433,""character_coverage"":0.997696},{""copyright"":""dream_smp"",""co_posts"":263,""character_coverage"":0.605991},{""copyright"":""minecraft"",""co_posts"":74,""character_coverage"":0.170507},{""copyright"":""origins_smp"",""co_posts"":41,""character_coverage"":0.09447},{""copyright"":""real_life"",""co_posts"":18,""character_coverage"":0.041475}]","","","PENDING",""
"I70-006917","thrud_(fate)","4","Character","443","thrud_(fate/grand_order)","thrud (fate/grand order)","","スルーズ(Fate)","","","[{""copyright"":""fate/grand_order"",""co_posts"":438,""character_coverage"":1.0},{""copyright"":""fate_(series)"",""co_posts"":438,""character_coverage"":1.0},{""copyright"":""fate/stay_night"",""co_posts"":4,""character_coverage"":0.009132},{""copyright"":""kono_subarashii_sekai_ni_shukufuku_wo!"",""co_posts"":4,""character_coverage"":0.009132},{""copyright"":""fate/grand_order_arcade"",""co_posts"":3,""character_coverage"":0.006849}]","","","PENDING",""
"I70-006918","bort","4","Character","442","","","","ボルツ","","","[{""copyright"":""houseki_no_kuni"",""co_posts"":430,""character_coverage"":1.0},{""copyright"":""alice's_adventures_in_wonderland"",""co_posts"":3,""character_coverage"":0.006977},{""copyright"":""danganronpa_(series)"",""co_posts"":3,""character_coverage"":0.006977},{""copyright"":""danganronpa_2:_goodbye_despair"",""co_posts"":3,""character_coverage"":0.006977},{""copyright"":""a3!"",""co_posts"":1,""character_coverage"":0.002326}]","","","PENDING",""
"I70-006919","female_corrin_(novice_vacationer)_(fire_emblem)","4","Character","442","corrin_(female)_(novice_vacationer)_(fire_emblem),corrin_(female)_(summer)_(fire_emblem),corrin_(summer)_(fire_emblem)_(female)","corrin (female) (novice vacationer) (fire emblem) | corrin (female) (summer) (fire emblem) | corrin (summer) (fire emblem) (female)","","","コリン（夏）（火の紋章）（女性）","","[{""copyright"":""fire_emblem"",""co_posts"":406,""character_coverage"":1.0},{""copyright"":""fire_emblem_fates"",""co_posts"":402,""character_coverage"":0.990148},{""copyright"":""fire_emblem_heroes"",""co_posts"":390,""character_coverage"":0.960591},{""copyright"":""fire_emblem_awakening"",""co_posts"":51,""character_coverage"":0.125616},{""copyright"":""fire_emblem:_three_houses"",""co_posts"":22,""character_coverage"":0.054187}]","","","PENDING",""
"I70-006920","flonne_(fallen_angel)","4","Character","442","","","","堕天使フロン","","","[{""copyright"":""disgaea"",""co_posts"":410,""character_coverage"":0.997567},{""copyright"":""makai_senki_disgaea"",""co_posts"":197,""character_coverage"":0.479319},{""copyright"":""disgaea_d2"",""co_posts"":44,""character_coverage"":0.107056},{""copyright"":""makai_senki_disgaea_2"",""co_posts"":42,""character_coverage"":0.10219},{""copyright"":""makai_senki_disgaea_3"",""co_posts"":20,""character_coverage"":0.048662}]","","","PENDING",""
"I70-006921","kotonomiya_yuki","4","Character","442","","","","","琴乃宮雪","","[{""copyright"":""suigetsu"",""co_posts"":414,""character_coverage"":0.988067},{""copyright"":""futaba_channel"",""co_posts"":25,""character_coverage"":0.059666},{""copyright"":""nijiura_maids"",""co_posts"":16,""character_coverage"":0.038186},{""copyright"":""gegege_no_kitarou"",""co_posts"":11,""character_coverage"":0.026253},{""copyright"":""original"",""co_posts"":10,""character_coverage"":0.023866}]","","","PENDING",""
"I70-006922","lucy_maria_misora","4","Character","442","","","","ルーシー・マリア・ミソラ","","","[{""copyright"":""to_heart_(series)"",""co_posts"":367,""character_coverage"":1.0},{""copyright"":""to_heart_2"",""co_posts"":367,""character_coverage"":1.0},{""copyright"":""to_heart_2_xrated"",""co_posts"":10,""character_coverage"":0.027248},{""copyright"":""to_heart_2_dungeon_travelers"",""co_posts"":4,""character_coverage"":0.010899},{""copyright"":""coca-cola"",""co_posts"":2,""character_coverage"":0.00545}]","","","PENDING",""
"I70-006923","maryland_(kancolle)","4","Character","442","","","","Maryland(艦これ) | Maryland(艦隊これくしょん) | メリーランド | メリーランド(艦これ) | メリーランド(艦隊これくしょん)","","Maryland","[{""copyright"":""kantai_collection"",""co_posts"":434,""character_coverage"":1.0},{""copyright"":""comiket_101"",""co_posts"":4,""character_coverage"":0.009217},{""copyright"":""gakuen_idolmaster"",""co_posts"":2,""character_coverage"":0.004608},{""copyright"":""idolmaster"",""co_posts"":2,""character_coverage"":0.004608},{""copyright"":""kochikame"",""co_posts"":2,""character_coverage"":0.004608}]","","","PENDING",""
"I70-006924","purrloin","4","Character","442","","","","チョロネコ","","","[{""copyright"":""pokemon"",""co_posts"":422,""character_coverage"":1.0},{""copyright"":""pokemon_black_and_white"",""co_posts"":171,""character_coverage"":0.405213},{""copyright"":""pokemon_black_2_and_white_2"",""co_posts"":58,""character_coverage"":0.137441},{""copyright"":""pokemon_sword_and_shield"",""co_posts"":40,""character_coverage"":0.094787},{""copyright"":""pokemon_diamond/pearl/platinum"",""co_posts"":30,""character_coverage"":0.07109}]","","","PENDING",""
"I70-006925","rikka_(holostars)","4","Character","442","","","","","りつあーと","","[{""copyright"":""holostars"",""co_posts"":439,""character_coverage"":1.0},{""copyright"":""hololive"",""co_posts"":29,""character_coverage"":0.066059},{""copyright"":""holostars_english"",""co_posts"":19,""character_coverage"":0.04328},{""copyright"":""hololive_english"",""co_posts"":15,""character_coverage"":0.034169},{""copyright"":""hololive_indonesia"",""co_posts"":13,""character_coverage"":0.029613}]","","","PENDING",""
"I70-006926","sayaka_(saru_getchu)","4","Character","442","","","","サヤカ | サヤカ(サルゲッチュ)","","","[{""copyright"":""saru_getchu"",""co_posts"":405,""character_coverage"":1.0},{""copyright"":""mega_man_(series)"",""co_posts"":8,""character_coverage"":0.019753},{""copyright"":""mega_man_(classic)"",""co_posts"":7,""character_coverage"":0.017284},{""copyright"":""warioware"",""co_posts"":7,""character_coverage"":0.017284},{""copyright"":""pangya"",""co_posts"":2,""character_coverage"":0.004938}]","","","PENDING",""
"I70-006927","sword_maiden","4","Character","442","","","","剣の乙女 | 剣の乙女(ゴブリンスレイヤー)","","","[{""copyright"":""goblin_slayer!"",""co_posts"":386,""character_coverage"":0.994845},{""copyright"":""nier:automata"",""co_posts"":11,""character_coverage"":0.028351},{""copyright"":""nier_(series)"",""co_posts"":11,""character_coverage"":0.028351},{""copyright"":""brown_dust_(series)"",""co_posts"":10,""character_coverage"":0.025773},{""copyright"":""brown_dust_2"",""co_posts"":10,""character_coverage"":0.025773}]","","","PENDING",""
"I70-006928","valentino_(hazbin_hotel)","4","Character","442","","","","","","","[{""copyright"":""hazbin_hotel"",""co_posts"":432,""character_coverage"":0.997691},{""copyright"":""hellaverse"",""co_posts"":432,""character_coverage"":0.997691},{""copyright"":""helluva_boss"",""co_posts"":4,""character_coverage"":0.009238},{""copyright"":""deltarune"",""co_posts"":1,""character_coverage"":0.002309},{""copyright"":""poppy_playtime"",""co_posts"":1,""character_coverage"":0.002309}]","","","PENDING",""
"I70-006929","atsushi_toushirou","4","Character","441","atsu_toushirou","atsu toushirou","","","厚藤四郎","","[{""copyright"":""touken_ranbu"",""co_posts"":441,""character_coverage"":1.0},{""copyright"":""touken_ranbu:_hanamaru"",""co_posts"":11,""character_coverage"":0.024943},{""copyright"":""fate_(series)"",""co_posts"":3,""character_coverage"":0.006803},{""copyright"":""pokemon"",""co_posts"":3,""character_coverage"":0.006803},{""copyright"":""twitter"",""co_posts"":3,""character_coverage"":0.006803}]","","","PENDING",""
"I70-006930","ferdinand_von_aegir","4","Character","441","","","","フェルディナント=フォン=エーギル","","","[{""copyright"":""fire_emblem"",""co_posts"":429,""character_coverage"":1.0},{""copyright"":""fire_emblem:_three_houses"",""co_posts"":428,""character_coverage"":0.997669},{""copyright"":""fire_emblem_warriors:_three_hopes"",""co_posts"":43,""character_coverage"":0.100233},{""copyright"":""fire_emblem_heroes"",""co_posts"":36,""character_coverage"":0.083916},{""copyright"":""fire_emblem_awakening"",""co_posts"":4,""character_coverage"":0.009324}]","","","PENDING",""
"I70-006931","gujyo_kanade","4","Character","441","gujo_kanade,gujou_kanade","gujo kanade | gujou kanade","","","郡上かなで","","[{""copyright"":""kamiina_botan_yoeru_sugata_wa_yuri_no_hana"",""co_posts"":319,""character_coverage"":1.0},{""copyright"":""bocchi_the_rock!"",""co_posts"":1,""character_coverage"":0.003135},{""copyright"":""hunter_x_hunter"",""co_posts"":1,""character_coverage"":0.003135},{""copyright"":""star_wars"",""co_posts"":1,""character_coverage"":0.003135},{""copyright"":""yama_no_susume"",""co_posts"":1,""character_coverage"":0.003135}]","","","PENDING",""
"I70-006932","jiraiya_(naruto)","4","Character","441","","","","","自来也 | 自来也(NARUTO)","","[{""copyright"":""naruto_(series)"",""co_posts"":371,""character_coverage"":1.0},{""copyright"":""naruto_(classic)"",""co_posts"":170,""character_coverage"":0.458221},{""copyright"":""naruto_shippuuden"",""co_posts"":107,""character_coverage"":0.28841},{""copyright"":""boruto_(series)"",""co_posts"":16,""character_coverage"":0.043127},{""copyright"":""boruto:_naruto_next_generations"",""co_posts"":14,""character_coverage"":0.037736}]","","","PENDING",""
"I70-006933","kaminari_qpi","4","Character","441","","","","神成きゅぴ | 神成った","","","[{""copyright"":""vspo!"",""co_posts"":414,""character_coverage"":0.985714},{""copyright"":""vcr_gta"",""co_posts"":14,""character_coverage"":0.033333},{""copyright"":""busou_kanojo"",""co_posts"":6,""character_coverage"":0.014286},{""copyright"":""madtown_gta"",""co_posts"":6,""character_coverage"":0.014286},{""copyright"":""apex_legends"",""co_posts"":4,""character_coverage"":0.009524}]","","","PENDING",""
"I70-006934","kinuhata_saiai","4","Character","441","","","","","絹旗最愛","","[{""copyright"":""toaru_majutsu_no_index"",""co_posts"":374,""character_coverage"":1.0},{""copyright"":""toaru_kagaku_no_railgun"",""co_posts"":180,""character_coverage"":0.481283},{""copyright"":""toaru_kagaku_no_railgun_s"",""co_posts"":74,""character_coverage"":0.197861},{""copyright"":""toaru_majutsu_no_index:_old_testament"",""co_posts"":65,""character_coverage"":0.173797},{""copyright"":""toaru_majutsu_no_index:_new_testament"",""co_posts"":63,""character_coverage"":0.168449}]","","","PENDING",""
"I70-006935","lila_decyrus","4","Character","441","","","","リラ・ディザイアス","莉拉·德西亚斯","","[{""copyright"":""atelier_(series)"",""co_posts"":378,""character_coverage"":1.0},{""copyright"":""atelier_ryza"",""co_posts"":378,""character_coverage"":1.0},{""copyright"":""atelier_ryza_1"",""co_posts"":272,""character_coverage"":0.719577},{""copyright"":""azur_lane"",""co_posts"":31,""character_coverage"":0.082011},{""copyright"":""atelier_ryza_2"",""co_posts"":28,""character_coverage"":0.074074}]","","","PENDING",""
"I70-006936","makaino_ririmu_(5th_costume)","4","Character","441","","","","魔界ノりりむ(メイド服)","","","[{""copyright"":""nijisanji"",""co_posts"":439,""character_coverage"":1.0},{""copyright"":""indie_virtual_youtuber"",""co_posts"":8,""character_coverage"":0.018223},{""copyright"":""vspo!"",""co_posts"":7,""character_coverage"":0.015945},{""copyright"":""crazy_raccoon"",""co_posts"":3,""character_coverage"":0.006834},{""copyright"":""vampire_(vocaloid)"",""co_posts"":3,""character_coverage"":0.006834}]","","","PENDING",""
"I70-006937","meloco_kyoran","4","Character","441","","","","狂蘭メロコ","","MelocoKyoran | Meloconair | Melocoom | Melocopic | Mememelo","[{""copyright"":""nijisanji"",""co_posts"":418,""character_coverage"":1.0},{""copyright"":""nijisanji_en"",""co_posts"":415,""character_coverage"":0.992823},{""copyright"":""nijisanji_gta"",""co_posts"":16,""character_coverage"":0.038278},{""copyright"":""nijisanji_kr"",""co_posts"":8,""character_coverage"":0.019139},{""copyright"":""hololive"",""co_posts"":6,""character_coverage"":0.014354}]","","","PENDING",""
"I70-006938","piers_nivans","4","Character","441","","","","ピアーズ・ニヴァンス","","","[{""copyright"":""resident_evil"",""co_posts"":428,""character_coverage"":1.0},{""copyright"":""resident_evil_6"",""co_posts"":424,""character_coverage"":0.990654},{""copyright"":""resident_evil_village"",""co_posts"":13,""character_coverage"":0.030374},{""copyright"":""resident_evil_5"",""co_posts"":10,""character_coverage"":0.023364},{""copyright"":""resident_evil_2"",""co_posts"":7,""character_coverage"":0.016355}]","","","PENDING",""
"I70-006939","zange","4","Character","441","","","","ざんげ | ざんげちゃん","","","[{""copyright"":""kannagi"",""co_posts"":408,""character_coverage"":1.0},{""copyright"":""megami_magazine"",""co_posts"":7,""character_coverage"":0.017157},{""copyright"":""idolmaster"",""co_posts"":5,""character_coverage"":0.012255},{""copyright"":""k-on!"",""co_posts"":5,""character_coverage"":0.012255},{""copyright"":""lucky_star"",""co_posts"":5,""character_coverage"":0.012255}]","","","PENDING",""
"I70-006940","ibuki_douji_(swimsuit_berserker)_(fate)","4","Character","440","","","","","伊吹童子(水着)","","[{""copyright"":""fate_(series)"",""co_posts"":378,""character_coverage"":0.997361},{""copyright"":""fate/grand_order"",""co_posts"":377,""character_coverage"":0.994723},{""copyright"":""comiket_103"",""co_posts"":2,""character_coverage"":0.005277},{""copyright"":""comiket_105"",""co_posts"":2,""character_coverage"":0.005277},{""copyright"":""indie_virtual_youtuber"",""co_posts"":2,""character_coverage"":0.005277}]","","","PENDING",""
"I70-006941","ichinose_minori","4","Character","440","","","","一之瀬みのり","","","[{""copyright"":""precure"",""co_posts"":428,""character_coverage"":1.0},{""copyright"":""tropical-rouge!_precure"",""co_posts"":427,""character_coverage"":0.997664},{""copyright"":""heartcatch_precure!"",""co_posts"":24,""character_coverage"":0.056075},{""copyright"":""star_twinkle_precure"",""co_posts"":18,""character_coverage"":0.042056},{""copyright"":""kirakira_precure_a_la_mode"",""co_posts"":17,""character_coverage"":0.03972}]","","","PENDING",""
"I70-006942","mega_lopunny","4","Character","440","","","","メガミミロップ","","","[{""copyright"":""pokemon"",""co_posts"":380,""character_coverage"":1.0},{""copyright"":""pokemon_omega_ruby_and_alpha_sapphire"",""co_posts"":18,""character_coverage"":0.047368},{""copyright"":""pokemon_sword_and_shield"",""co_posts"":18,""character_coverage"":0.047368},{""copyright"":""original"",""co_posts"":9,""character_coverage"":0.023684},{""copyright"":""pokemon_diamond/pearl/platinum"",""co_posts"":9,""character_coverage"":0.023684}]","","","PENDING",""
"I70-006943","minami_chiaki","4","Character","440","","","","","南千秋","","[{""copyright"":""minami-ke"",""co_posts"":395,""character_coverage"":1.0},{""copyright"":""megami_magazine"",""co_posts"":8,""character_coverage"":0.020253},{""copyright"":""toradora!"",""co_posts"":7,""character_coverage"":0.017722},{""copyright"":""suzumiya_haruhi_no_yuuutsu"",""co_posts"":6,""character_coverage"":0.01519},{""copyright"":""lucky_star"",""co_posts"":5,""character_coverage"":0.012658}]","","","PENDING",""
"I70-006944","nyatasha_nyanners","4","Character","440","nyanners_(character)","nyanners (character)","","","Nyatasha Nyanners","nyanart | nyanners","[{""copyright"":""vshojo"",""co_posts"":276,""character_coverage"":0.724409},{""copyright"":""indie_virtual_youtuber"",""co_posts"":124,""character_coverage"":0.325459},{""copyright"":""hololive"",""co_posts"":7,""character_coverage"":0.018373},{""copyright"":""original"",""co_posts"":7,""character_coverage"":0.018373},{""copyright"":""hololive_english"",""co_posts"":6,""character_coverage"":0.015748}]","","","PENDING",""
"I70-006945","scott_pilgrim","4","Character","440","scott_w_pilgrim","scott w pilgrim","","スコット・ピルグリム","","scollace | scottmona | scottpilgrim","[{""copyright"":""scott_pilgrim_(series)"",""co_posts"":414,""character_coverage"":1.0},{""copyright"":""scott_pilgrim_takes_off"",""co_posts"":230,""character_coverage"":0.555556},{""copyright"":""scott_pilgrim_(comics)"",""co_posts"":70,""character_coverage"":0.169082},{""copyright"":""sonic_(series)"",""co_posts"":18,""character_coverage"":0.043478},{""copyright"":""pokemon"",""co_posts"":8,""character_coverage"":0.019324}]","","","PENDING",""
"I70-006946","snow_white_(fairy_tale_character)","4","Character","440","snow_white_(grimm)","snow white (grimm)","","","白雪姫","","[{""copyright"":""snow_white_(fairy_tale)"",""co_posts"":413,""character_coverage"":0.971765},{""copyright"":""original"",""co_posts"":140,""character_coverage"":0.329412},{""copyright"":""little_red_riding_hood_(fairy_tale)"",""co_posts"":44,""character_coverage"":0.103529},{""copyright"":""alice's_adventures_in_wonderland"",""co_posts"":32,""character_coverage"":0.075294},{""copyright"":""cinderella_(fairy_tale)"",""co_posts"":20,""character_coverage"":0.047059}]","","","PENDING",""
"I70-006947","abarai_renji","4","Character","439","","","","","阿散井恋次","","[{""copyright"":""bleach"",""co_posts"":365,""character_coverage"":1.0},{""copyright"":""bleach:_epilogue"",""co_posts"":53,""character_coverage"":0.145205},{""copyright"":""bleach:_sennen_kessen-hen"",""co_posts"":43,""character_coverage"":0.117808},{""copyright"":""bleach:_the_high_school_warfare"",""co_posts"":9,""character_coverage"":0.024658},{""copyright"":""bleach:_zanpakutou_ibun_hen"",""co_posts"":4,""character_coverage"":0.010959}]","","","PENDING",""
"I70-006948","callisto_(greyeth)","4","Character","439","","","","","","","[{""copyright"":""original"",""co_posts"":400,""character_coverage"":1.0},{""copyright"":""helldivers_(series)"",""co_posts"":4,""character_coverage"":0.01},{""copyright"":""splatoon_(series)"",""co_posts"":4,""character_coverage"":0.01},{""copyright"":""spacex"",""co_posts"":2,""character_coverage"":0.005}]","","","PENDING",""
"I70-006949","diamant_(fire_emblem)","4","Character","439","","","","ディアマンド","","","[{""copyright"":""fire_emblem"",""co_posts"":416,""character_coverage"":1.0},{""copyright"":""fire_emblem_engage"",""co_posts"":416,""character_coverage"":1.0},{""copyright"":""fire_emblem_heroes"",""co_posts"":44,""character_coverage"":0.105769},{""copyright"":""fire_emblem:_the_binding_blade"",""co_posts"":16,""character_coverage"":0.038462},{""copyright"":""fire_emblem:_mystery_of_the_emblem"",""co_posts"":7,""character_coverage"":0.016827}]","","","PENDING",""
"I70-006950","elysia_(peachy_spring)_(honkai_impact)","4","Character","439","","","","","春好桃夭","","[{""copyright"":""honkai_(series)"",""co_posts"":428,""character_coverage"":1.0},{""copyright"":""honkai_impact_3rd"",""co_posts"":428,""character_coverage"":1.0},{""copyright"":""honkai:_star_rail"",""co_posts"":5,""character_coverage"":0.011682},{""copyright"":""genshin_impact"",""co_posts"":3,""character_coverage"":0.007009},{""copyright"":""mihoyo"",""co_posts"":3,""character_coverage"":0.007009}]","","","PENDING",""
"I70-006951","entei","4","Character","439","","","","エンテイ","","","[{""copyright"":""pokemon"",""co_posts"":405,""character_coverage"":1.0},{""copyright"":""pokemon_(anime)"",""co_posts"":65,""character_coverage"":0.160494},{""copyright"":""pokemon_(classic_anime)"",""co_posts"":58,""character_coverage"":0.14321},{""copyright"":""pokemon_3:_the_movie_-_spell_of_the_unown:_entei"",""co_posts"":53,""character_coverage"":0.130864},{""copyright"":""pokemon_gold/silver/crystal"",""co_posts"":46,""character_coverage"":0.11358}]","","","PENDING",""
"I70-006952","exs-tia_chevalier","4","Character","439","","","","","エクスティア・シュヴァリエ","","[{""copyright"":""kouyoku_senki_exs-tia"",""co_posts"":438,""character_coverage"":1.0},{""copyright"":""lusterise"",""co_posts"":6,""character_coverage"":0.013699},{""copyright"":""sousai_shoujo_teien"",""co_posts"":1,""character_coverage"":0.002283}]","","","PENDING",""
"I70-006953","fiona_frost","4","Character","439","","","","フィオナ | フィオナ・フロスト","夜帷(SPY×FAMILY)","","[{""copyright"":""spy_x_family"",""co_posts"":407,""character_coverage"":1.0},{""copyright"":""chainsaw_man"",""co_posts"":6,""character_coverage"":0.014742},{""copyright"":""blue_archive"",""co_posts"":5,""character_coverage"":0.012285},{""copyright"":""original"",""co_posts"":5,""character_coverage"":0.012285},{""copyright"":""re:zero_kara_hajimeru_isekai_seikatsu"",""co_posts"":4,""character_coverage"":0.009828}]","","","PENDING",""
"I70-006954","irys_(casualrys)_(hololive)","4","Character","439","irys_(3rd_costume)_(hololive)","irys (3rd costume) (hololive)","","","IRyS(私服) | IRyS(私服衣装)","IRySoStylish","[{""copyright"":""hololive"",""co_posts"":420,""character_coverage"":1.0},{""copyright"":""hololive_english"",""co_posts"":420,""character_coverage"":1.0},{""copyright"":""hololive_indonesia"",""co_posts"":6,""character_coverage"":0.014286},{""copyright"":""hololive_dev_is"",""co_posts"":2,""character_coverage"":0.004762},{""copyright"":""alien_(series)"",""co_posts"":1,""character_coverage"":0.002381}]","","","PENDING",""
"I70-006955","ishigami_nozomi_(1st_costume)","4","Character","439","","","","石神のぞみ(通常)","","","[{""copyright"":""nijisanji"",""co_posts"":426,""character_coverage"":1.0},{""copyright"":""mario_(series)"",""co_posts"":3,""character_coverage"":0.007042},{""copyright"":""nijisanji_en"",""co_posts"":3,""character_coverage"":0.007042},{""copyright"":""minecraft"",""co_posts"":2,""character_coverage"":0.004695},{""copyright"":""monster_hunter:_world"",""co_posts"":2,""character_coverage"":0.004695}]","","","PENDING",""
"I70-006956","k/da_ahri","4","Character","439","","","","","K/da ahri","","[{""copyright"":""league_of_legends"",""co_posts"":383,""character_coverage"":0.984576},{""copyright"":""original"",""co_posts"":9,""character_coverage"":0.023136},{""copyright"":""overwatch"",""co_posts"":6,""character_coverage"":0.015424},{""copyright"":""final_fantasy"",""co_posts"":5,""character_coverage"":0.012853},{""copyright"":""final_fantasy_vii"",""co_posts"":4,""character_coverage"":0.010283}]","","","PENDING",""
"I70-006957","milly_ashford","4","Character","439","millay_ashford","millay ashford","","ミレイ | ミレイ・アッシュフォード","","","[{""copyright"":""code_geass"",""co_posts"":386,""character_coverage"":0.997416},{""copyright"":""code_geass:_lost_stories"",""co_posts"":41,""character_coverage"":0.105943},{""copyright"":""code_geass:_lost_colors"",""co_posts"":10,""character_coverage"":0.02584},{""copyright"":""pizza_hut"",""co_posts"":6,""character_coverage"":0.015504},{""copyright"":""code_geass:_boukoku_no_akito"",""co_posts"":5,""character_coverage"":0.01292}]","","","PENDING",""
"I70-006958","sasha_waybright","4","Character","439","","","","サーシャ・ウェイブライト","","SashaWaybright","[{""copyright"":""amphibia"",""co_posts"":330,""character_coverage"":1.0},{""copyright"":""the_owl_house"",""co_posts"":2,""character_coverage"":0.006061},{""copyright"":""wizarding_world"",""co_posts"":2,""character_coverage"":0.006061},{""copyright"":""adventure_time"",""co_posts"":1,""character_coverage"":0.00303},{""copyright"":""alien_stage"",""co_posts"":1,""character_coverage"":0.00303}]","","","PENDING",""
"I70-006959","severa_(fire_emblem)","4","Character","439","selena_(fire_emblem)","selena (fire emblem)","","セレナ | ルーナ","セレナ(ファイアーエムブレム)","","[{""copyright"":""fire_emblem"",""co_posts"":402,""character_coverage"":1.0},{""copyright"":""fire_emblem_awakening"",""co_posts"":396,""character_coverage"":0.985075},{""copyright"":""fire_emblem_heroes"",""co_posts"":60,""character_coverage"":0.149254},{""copyright"":""fire_emblem_fates"",""co_posts"":24,""character_coverage"":0.059701},{""copyright"":""fire_emblem_cipher"",""co_posts"":10,""character_coverage"":0.024876}]","","","PENDING",""
"I70-006960","uruha_rushia_(school_uniform)","4","Character","439","uruha_rushia_(4th_costume)","uruha rushia (4th costume)","","潤羽るしあ(校服)","","","[{""copyright"":""hololive"",""co_posts"":424,""character_coverage"":1.0},{""copyright"":""hololive_english"",""co_posts"":8,""character_coverage"":0.018868},{""copyright"":""hololive_dev_is"",""co_posts"":2,""character_coverage"":0.004717},{""copyright"":""pokemon"",""co_posts"":2,""character_coverage"":0.004717},{""copyright"":""coca-cola"",""co_posts"":1,""character_coverage"":0.002358}]","","","PENDING",""
"I70-006961","atalanta_alter_(fate)","4","Character","438","atalanta_(alter)_(fate)","atalanta (alter) (fate)","","アタランテ(オルタ) | アタランテオルタ | アタランテ・オルタ | バサランテ","","","[{""copyright"":""fate_(series)"",""co_posts"":415,""character_coverage"":1.0},{""copyright"":""fate/grand_order"",""co_posts"":384,""character_coverage"":0.925301},{""copyright"":""fate/apocrypha"",""co_posts"":146,""character_coverage"":0.351807},{""copyright"":""pixiv_fate/grand_order_contest_2"",""co_posts"":5,""character_coverage"":0.012048},{""copyright"":""hololive"",""co_posts"":3,""character_coverage"":0.007229}]","","","PENDING",""
"I70-006962","charlemagne_(fate)","4","Character","438","","","","シャルルマーニュ(Fate)","","","[{""copyright"":""fate_(series)"",""co_posts"":432,""character_coverage"":1.0},{""copyright"":""fate/grand_order"",""co_posts"":357,""character_coverage"":0.826389},{""copyright"":""fate/extra"",""co_posts"":157,""character_coverage"":0.363426},{""copyright"":""fate/extella"",""co_posts"":150,""character_coverage"":0.347222},{""copyright"":""fate/extella_link"",""co_posts"":145,""character_coverage"":0.335648}]","","","PENDING",""
"I70-006963","delibird","4","Character","438","","","","デリバード","","","[{""copyright"":""pokemon"",""co_posts"":417,""character_coverage"":1.0},{""copyright"":""pokemon_masters_ex"",""co_posts"":32,""character_coverage"":0.076739},{""copyright"":""pokemon_sun_and_moon"",""co_posts"":30,""character_coverage"":0.071942},{""copyright"":""pokemon_scarlet_and_violet"",""co_posts"":24,""character_coverage"":0.057554},{""copyright"":""pokemon_heartgold_and_soulsilver"",""co_posts"":21,""character_coverage"":0.05036}]","","","PENDING",""
"I70-006964","denia_(breakdown)_(wuthering_waves)","4","Character","438","","","","","","","[{""copyright"":""wuthering_waves"",""co_posts"":355,""character_coverage"":1.0},{""copyright"":""mirai_nikki"",""co_posts"":3,""character_coverage"":0.008451},{""copyright"":""school_days"",""co_posts"":3,""character_coverage"":0.008451},{""copyright"":""chainsaw_man"",""co_posts"":2,""character_coverage"":0.005634},{""copyright"":""no_i'm_not_a_human"",""co_posts"":2,""character_coverage"":0.005634}]","","","PENDING",""
"I70-006965","fujimoto_rina","4","Character","438","","","","","藤本里奈","","[{""copyright"":""idolmaster"",""co_posts"":429,""character_coverage"":1.0},{""copyright"":""idolmaster_cinderella_girls"",""co_posts"":429,""character_coverage"":1.0},{""copyright"":""idolmaster_cinderella_girls_starlight_stage"",""co_posts"":93,""character_coverage"":0.216783},{""copyright"":""cinderella_girls_gekijou"",""co_posts"":52,""character_coverage"":0.121212},{""copyright"":""idolmaster_million_live!"",""co_posts"":5,""character_coverage"":0.011655}]","","","PENDING",""
"I70-006966","fusaichi_pandora_(umamusume)","4","Character","438","","","","","フサイチパンドラ(ウマ娘)","","[{""copyright"":""umamusume"",""co_posts"":312,""character_coverage"":1.0},{""copyright"":""bishoujo_senshi_sailor_moon"",""co_posts"":3,""character_coverage"":0.009615},{""copyright"":""cygames"",""co_posts"":3,""character_coverage"":0.009615},{""copyright"":""dragon_quest"",""co_posts"":2,""character_coverage"":0.00641},{""copyright"":""pakatube"",""co_posts"":2,""character_coverage"":0.00641}]","","","PENDING",""
"I70-006967","hiryuu_kai_ni_(kancolle)","4","Character","438","","","","","飛龍改二","","[{""copyright"":""kantai_collection"",""co_posts"":433,""character_coverage"":1.0},{""copyright"":""lawson"",""co_posts"":3,""character_coverage"":0.006928},{""copyright"":""line_(naver)"",""co_posts"":3,""character_coverage"":0.006928},{""copyright"":""nakau"",""co_posts"":2,""character_coverage"":0.004619},{""copyright"":""original"",""co_posts"":2,""character_coverage"":0.004619}]","","","PENDING",""
"I70-006968","kamen_rider_kuuga","4","Character","438","","","","クウガ | 仮面ライダークウガ","","","[{""copyright"":""kamen_rider"",""co_posts"":370,""character_coverage"":1.0},{""copyright"":""kamen_rider_kuuga_(series)"",""co_posts"":347,""character_coverage"":0.937838},{""copyright"":""kamen_rider_dcd"",""co_posts"":119,""character_coverage"":0.321622},{""copyright"":""kamen_rider_agito_(series)"",""co_posts"":88,""character_coverage"":0.237838},{""copyright"":""kamen_rider_blade_(series)"",""co_posts"":87,""character_coverage"":0.235135}]","","","PENDING",""
"I70-006969","linhardt_von_hevring","4","Character","438","","","","リンハルト=フォン=ヘヴリング","","","[{""copyright"":""fire_emblem"",""co_posts"":429,""character_coverage"":1.0},{""copyright"":""fire_emblem:_three_houses"",""co_posts"":428,""character_coverage"":0.997669},{""copyright"":""fire_emblem_warriors:_three_hopes"",""co_posts"":28,""character_coverage"":0.065268},{""copyright"":""fire_emblem_heroes"",""co_posts"":27,""character_coverage"":0.062937},{""copyright"":""fire_emblem_awakening"",""co_posts"":7,""character_coverage"":0.016317}]","","","PENDING",""
"I70-006970","mithrun_(young)","4","Character","438","","","","若ミス","","","[{""copyright"":""dungeon_meshi"",""co_posts"":437,""character_coverage"":1.0},{""copyright"":""animal_crossing"",""co_posts"":3,""character_coverage"":0.006865},{""copyright"":""houseki_no_kuni"",""co_posts"":2,""character_coverage"":0.004577},{""copyright"":""bocchi_the_rock!"",""co_posts"":1,""character_coverage"":0.002288},{""copyright"":""bungou_stray_dogs"",""co_posts"":1,""character_coverage"":0.002288}]","","","PENDING",""
"I70-006971","pixiv-tan","4","Character","438","","","","pixivたん | ピクシブたん","","","[{""copyright"":""pixiv"",""co_posts"":398,""character_coverage"":0.919169},{""copyright"":""original"",""co_posts"":91,""character_coverage"":0.210162},{""copyright"":""wacom"",""co_posts"":8,""character_coverage"":0.018476},{""copyright"":""vocaloid"",""co_posts"":6,""character_coverage"":0.013857},{""copyright"":""amazon_(company)"",""co_posts"":1,""character_coverage"":0.002309}]","","","PENDING",""
"I70-006972","zain_(omaru_polka)","4","Character","438","","","","","座員","","[{""copyright"":""hololive"",""co_posts"":419,""character_coverage"":1.0},{""copyright"":""hololive_english"",""co_posts"":10,""character_coverage"":0.023866},{""copyright"":""hololive_indonesia"",""co_posts"":6,""character_coverage"":0.01432},{""copyright"":""cinderella_(vocaloid)"",""co_posts"":4,""character_coverage"":0.009547},{""copyright"":""hololive_grand_theft_auto"",""co_posts"":4,""character_coverage"":0.009547}]","","","PENDING",""
"I70-006973","celty_sturluson","4","Character","437","sturluson_celty","sturluson celty","","セルティ | セルティ・ストゥルルソン","","","[{""copyright"":""durarara!!"",""co_posts"":404,""character_coverage"":1.0},{""copyright"":""mahou_shoujo_madoka_magica"",""co_posts"":13,""character_coverage"":0.032178},{""copyright"":""mahou_shoujo_madoka_magica_(anime)"",""co_posts"":13,""character_coverage"":0.032178},{""copyright"":""ghost_in_the_shell"",""co_posts"":8,""character_coverage"":0.019802},{""copyright"":""baccano!"",""co_posts"":7,""character_coverage"":0.017327}]","","","PENDING",""
"I70-006974","fukube_satoshi","4","Character","437","","","","","福部里志","","[{""copyright"":""hyouka"",""co_posts"":422,""character_coverage"":1.0},{""copyright"":""newtype"",""co_posts"":7,""character_coverage"":0.016588},{""copyright"":""kyoto_animation"",""co_posts"":6,""character_coverage"":0.014218},{""copyright"":""kyoukai_no_kanata"",""co_posts"":4,""character_coverage"":0.009479},{""copyright"":""the_adventures_of_sherlock_holmes"",""co_posts"":2,""character_coverage"":0.004739}]","","","PENDING",""
"I70-006975","hot_pants_(sbr)","4","Character","437","","","","ホット・パンツ","","hot_pants","[{""copyright"":""jojo_no_kimyou_na_bouken"",""co_posts"":412,""character_coverage"":1.0},{""copyright"":""steel_ball_run"",""co_posts"":412,""character_coverage"":1.0},{""copyright"":""vento_aureo"",""co_posts"":56,""character_coverage"":0.135922},{""copyright"":""diamond_wa_kudakenai"",""co_posts"":47,""character_coverage"":0.114078},{""copyright"":""stone_ocean"",""co_posts"":46,""character_coverage"":0.11165}]","","","PENDING",""
"I70-006976","houjou_satoshi","4","Character","437","","","","","北条悟史","","[{""copyright"":""higurashi_no_naku_koro_ni"",""co_posts"":403,""character_coverage"":1.0},{""copyright"":""higurashi_no_naku_koro_ni_mei"",""co_posts"":16,""character_coverage"":0.039702},{""copyright"":""umineko_no_naku_koro_ni"",""co_posts"":13,""character_coverage"":0.032258},{""copyright"":""higurashi_no_naku_koro_ni_gou"",""co_posts"":3,""character_coverage"":0.007444},{""copyright"":""fate/stay_night"",""co_posts"":2,""character_coverage"":0.004963}]","","","PENDING",""
"I70-006977","inuyama_tamaki","4","Character","437","","","","たまきあーと | 犬山たまき","","","[{""copyright"":""noripro"",""co_posts"":417,""character_coverage"":0.985816},{""copyright"":""hololive"",""co_posts"":56,""character_coverage"":0.132388},{""copyright"":""kagura_gumi"",""co_posts"":31,""character_coverage"":0.073286},{""copyright"":""indie_virtual_youtuber"",""co_posts"":24,""character_coverage"":0.056738},{""copyright"":""project_upd8"",""co_posts"":24,""character_coverage"":0.056738}]","","","PENDING",""
"I70-006978","jean_(sea_breeze_dandelion)_(genshin_impact)","4","Character","437","","","","海風の夢","","","[{""copyright"":""genshin_impact"",""co_posts"":424,""character_coverage"":1.0},{""copyright"":""original"",""co_posts"":3,""character_coverage"":0.007075},{""copyright"":"".hack//"",""co_posts"":1,""character_coverage"":0.002358},{""copyright"":"".hack//g.u."",""co_posts"":1,""character_coverage"":0.002358},{""copyright"":""aa_megami-sama"",""co_posts"":1,""character_coverage"":0.002358}]","","","PENDING",""
"I70-006979","kunashiri_(kancolle)","4","Character","437","kunashiri_(kantai_collection)","kunashiri (kantai collection)","","国後(艦これ) | 国後(艦隊これ) | 国後(艦隊これくしょん)","国後","","[{""copyright"":""kantai_collection"",""co_posts"":430,""character_coverage"":1.0},{""copyright"":""fate/grand_order"",""co_posts"":6,""character_coverage"":0.013953},{""copyright"":""fate_(series)"",""co_posts"":6,""character_coverage"":0.013953},{""copyright"":""yuru-chara"",""co_posts"":5,""character_coverage"":0.011628},{""copyright"":""line_(naver)"",""co_posts"":3,""character_coverage"":0.006977}]","","","PENDING",""
"I70-006980","leos_vincent","4","Character","437","","","","","レオス•ヴィンセント","","[{""copyright"":""nijisanji"",""co_posts"":426,""character_coverage"":0.997658},{""copyright"":""nijisanji_en"",""co_posts"":35,""character_coverage"":0.081967},{""copyright"":""nijisanji_gta"",""co_posts"":24,""character_coverage"":0.056206},{""copyright"":""nijisanji_koshien"",""co_posts"":24,""character_coverage"":0.056206},{""copyright"":""nijisanji_kr"",""co_posts"":14,""character_coverage"":0.032787}]","","","PENDING",""
"I70-006981","luocha_(honkai:_star_rail)","4","Character","437","","","","羅刹(スターレイル)","罗刹 | 羅刹","Loucha | Luocha","[{""copyright"":""honkai:_star_rail"",""co_posts"":431,""character_coverage"":1.0},{""copyright"":""honkai_(series)"",""co_posts"":431,""character_coverage"":1.0},{""copyright"":""honkai_impact_3rd"",""co_posts"":35,""character_coverage"":0.081206},{""copyright"":""genshin_impact"",""co_posts"":14,""character_coverage"":0.032483},{""copyright"":""mihoyo"",""co_posts"":14,""character_coverage"":0.032483}]","","","PENDING",""
"I70-006982","richter_belmont","4","Character","437","","","","ポンッポンッイヤァ | リヒコプター | リヒター・ベルモンド | 滅びよ★","","","[{""copyright"":""castlevania_(series)"",""co_posts"":374,""character_coverage"":0.997333},{""copyright"":""castlevania:_rondo_of_blood"",""co_posts"":218,""character_coverage"":0.581333},{""copyright"":""super_smash_bros."",""co_posts"":160,""character_coverage"":0.426667},{""copyright"":""fire_emblem"",""co_posts"":94,""character_coverage"":0.250667},{""copyright"":""mario_(series)"",""co_posts"":80,""character_coverage"":0.213333}]","","","PENDING",""
"I70-006983","rizu-kyun","4","Character","437","","","","リズきゅん","","","[{""copyright"":""sono_bisque_doll_wa_koi_wo_suru"",""co_posts"":422,""character_coverage"":1.0},{""copyright"":""idolmaster"",""co_posts"":8,""character_coverage"":0.018957},{""copyright"":""gakuen_idolmaster"",""co_posts"":6,""character_coverage"":0.014218},{""copyright"":""cuddly_octopus"",""co_posts"":5,""character_coverage"":0.011848},{""copyright"":""hololive"",""co_posts"":4,""character_coverage"":0.009479}]","","","PENDING",""
"I70-006984","sasasegawa_sasami","4","Character","437","","","","","笹瀬川佐々美","","[{""copyright"":""little_busters!"",""co_posts"":420,""character_coverage"":1.0},{""copyright"":""key_(company)"",""co_posts"":22,""character_coverage"":0.052381},{""copyright"":""kanon"",""co_posts"":13,""character_coverage"":0.030952},{""copyright"":""angel_beats!"",""co_posts"":12,""character_coverage"":0.028571},{""copyright"":""rewrite"",""co_posts"":10,""character_coverage"":0.02381}]","","","PENDING",""
"I70-006985","shinko_windy_(umamusume)","4","Character","437","","","","シンコウウインディ | シンコウウインディ(ウマ娘)","","","[{""copyright"":""umamusume"",""co_posts"":389,""character_coverage"":1.0},{""copyright"":""pokemon"",""co_posts"":12,""character_coverage"":0.030848},{""copyright"":""gundam"",""co_posts"":7,""character_coverage"":0.017995},{""copyright"":""gundam_suisei_no_majo"",""co_posts"":6,""character_coverage"":0.015424},{""copyright"":""original"",""co_posts"":6,""character_coverage"":0.015424}]","","","PENDING",""
"I70-006986","tsukumo_kako","4","Character","437","","","","","九十九過子","","[{""copyright"":""the_hundred_line_-last_defense_academy-"",""co_posts"":426,""character_coverage"":1.0},{""copyright"":""danganronpa_(series)"",""co_posts"":13,""character_coverage"":0.030516},{""copyright"":""danganronpa_v3:_killing_harmony"",""co_posts"":8,""character_coverage"":0.018779},{""copyright"":""pokemon"",""co_posts"":4,""character_coverage"":0.00939},{""copyright"":""danganronpa:_trigger_happy_havoc"",""co_posts"":3,""character_coverage"":0.007042}]","","","PENDING",""
"I70-006987","bianca_(pgr)","4","Character","436","bianca_(punishing:_gray_raven)","bianca (punishing: gray raven)","","ビアンカ(パニグレ)","比安卡 | 深痕 | 真理 | 零度","","[{""copyright"":""punishing:_gray_raven"",""co_posts"":383,""character_coverage"":1.0},{""copyright"":""kuro_games"",""co_posts"":6,""character_coverage"":0.015666},{""copyright"":""wuthering_waves"",""co_posts"":6,""character_coverage"":0.015666},{""copyright"":""honkai_(series)"",""co_posts"":3,""character_coverage"":0.007833},{""copyright"":""honkai_impact_3rd"",""co_posts"":3,""character_coverage"":0.007833}]","","","PENDING",""
"I70-006988","blonde_student_council_president_(blue_archive)","4","Character","436","","","","","偽連邦生徒会長(仮)","","[{""copyright"":""blue_archive"",""co_posts"":381,""character_coverage"":1.0},{""copyright"":""jujutsu_kaisen"",""co_posts"":7,""character_coverage"":0.018373},{""copyright"":""rabbit_hole_(vocaloid)"",""co_posts"":3,""character_coverage"":0.007874},{""copyright"":""bleach"",""co_posts"":2,""character_coverage"":0.005249},{""copyright"":""trickcal"",""co_posts"":2,""character_coverage"":0.005249}]","","","PENDING",""
"I70-006989","bremerton_(kung_fu_cruiser)_(azur_lane)","4","Character","436","","","","アクションクルーズ","功夫少女!","Action_cruise","[{""copyright"":""azur_lane"",""co_posts"":407,""character_coverage"":1.0},{""copyright"":""original"",""co_posts"":4,""character_coverage"":0.009828},{""copyright"":""destiny_(game)"",""co_posts"":1,""character_coverage"":0.002457},{""copyright"":""final_fantasy"",""co_posts"":1,""character_coverage"":0.002457},{""copyright"":""final_fantasy_xiv"",""co_posts"":1,""character_coverage"":0.002457}]","","","PENDING",""
"I70-006990","gabumon","4","Character","436","","","","ガブモン","加布兽","","[{""copyright"":""digimon"",""co_posts"":395,""character_coverage"":1.0},{""copyright"":""digimon_adventure"",""co_posts"":189,""character_coverage"":0.478481},{""copyright"":""digimon_card_game"",""co_posts"":51,""character_coverage"":0.129114},{""copyright"":""digimon_story:_cyber_sleuth"",""co_posts"":50,""character_coverage"":0.126582},{""copyright"":""digimon_adventure_tri."",""co_posts"":19,""character_coverage"":0.048101}]","","","PENDING",""
"I70-006991","if_(neptunia)","4","Character","436","if_(neptune_series)","if (neptune series)","","アイエフ | アイエフちゃん","","","[{""copyright"":""neptune_(series)"",""co_posts"":379,""character_coverage"":1.0},{""copyright"":""choujigen_game_neptune"",""co_posts"":40,""character_coverage"":0.105541},{""copyright"":""choujigen_taisen_neptune_vs_sega_hard_girls"",""co_posts"":30,""character_coverage"":0.079156},{""copyright"":""kami_jigen_game_neptune_v"",""co_posts"":19,""character_coverage"":0.050132},{""copyright"":""choujigen_game_neptune_mk2"",""co_posts"":15,""character_coverage"":0.039578}]","","","PENDING",""
"I70-006992","kiryuu_miya","4","Character","436","","","","","桐生美也","","[{""copyright"":""heaven_burns_red"",""co_posts"":411,""character_coverage"":1.0},{""copyright"":""key_(company)"",""co_posts"":7,""character_coverage"":0.017032},{""copyright"":""yostar"",""co_posts"":5,""character_coverage"":0.012165},{""copyright"":""kamen_rider"",""co_posts"":2,""character_coverage"":0.004866},{""copyright"":""kamen_rider_geats_(series)"",""co_posts"":2,""character_coverage"":0.004866}]","","","PENDING",""
"I70-006993","liu_qingcheng","4","Character","436","","","","","刘箐橙","","[{""copyright"":""touqi_guaitan"",""co_posts"":436,""character_coverage"":1.0},{""copyright"":""mcdonald's"",""co_posts"":4,""character_coverage"":0.009174},{""copyright"":""starbucks"",""co_posts"":3,""character_coverage"":0.006881},{""copyright"":""fuwa_fuwa_cinnamoroll"",""co_posts"":2,""character_coverage"":0.004587},{""copyright"":""sanrio"",""co_posts"":2,""character_coverage"":0.004587}]","","","PENDING",""
"I70-006994","north_carolina_(azur_lane)","4","Character","436","","","","ノースカロライナ | ノースカロライナ(アズールレーン)","","","[{""copyright"":""azur_lane"",""co_posts"":405,""character_coverage"":1.0},{""copyright"":""azur_lane:_slow_ahead"",""co_posts"":40,""character_coverage"":0.098765},{""copyright"":""gundam"",""co_posts"":1,""character_coverage"":0.002469},{""copyright"":""gundam_0083"",""co_posts"":1,""character_coverage"":0.002469},{""copyright"":""iya_na_kao_sare_nagara_opantsu_misete_moraitai"",""co_posts"":1,""character_coverage"":0.002469}]","","","PENDING",""
"I70-006995","ogami_sakura","4","Character","436","oogami_sakura,ookami_sakura","oogami sakura | ookami sakura","","大神さくら","","","[{""copyright"":""danganronpa_(series)"",""co_posts"":410,""character_coverage"":1.0},{""copyright"":""danganronpa:_trigger_happy_havoc"",""co_posts"":406,""character_coverage"":0.990244},{""copyright"":""danganronpa_2:_goodbye_despair"",""co_posts"":81,""character_coverage"":0.197561},{""copyright"":""danganronpa_v3:_killing_harmony"",""co_posts"":49,""character_coverage"":0.119512},{""copyright"":""danganronpa_another_episode:_ultra_despair_girls"",""co_posts"":32,""character_coverage"":0.078049}]","","","PENDING",""
"I70-006996","pandoria_(xenoblade)","4","Character","436","saika_(xenoblade)","saika (xenoblade)","","サイカ | サイカ(ゼノブレイド2)","","","[{""copyright"":""xenoblade_chronicles_(series)"",""co_posts"":404,""character_coverage"":1.0},{""copyright"":""xenoblade_chronicles_2"",""co_posts"":396,""character_coverage"":0.980198},{""copyright"":""xenoblade_chronicles_3"",""co_posts"":16,""character_coverage"":0.039604},{""copyright"":""xenoblade_chronicles_3:_future_redeemed"",""co_posts"":14,""character_coverage"":0.034653},{""copyright"":""xenoblade_chronicles_2:_torna_-_the_golden_country"",""co_posts"":12,""character_coverage"":0.029703}]","","","PENDING",""
"I70-006997","phantump","4","Character","436","","","","ボクレー","","","[{""copyright"":""pokemon"",""co_posts"":421,""character_coverage"":1.0},{""copyright"":""pokemon_x_and_y"",""co_posts"":51,""character_coverage"":0.12114},{""copyright"":""pokemon_sun_and_moon"",""co_posts"":23,""character_coverage"":0.054632},{""copyright"":""pokemon_sword_and_shield"",""co_posts"":21,""character_coverage"":0.049881},{""copyright"":""pokemon_(anime)"",""co_posts"":18,""character_coverage"":0.042755}]","","","PENDING",""
"I70-006998","thistle_(dungeon_meshi)","4","Character","436","","","","シスル","","sissel","[{""copyright"":""dungeon_meshi"",""co_posts"":424,""character_coverage"":0.997647},{""copyright"":""dungeons_&_dragons"",""co_posts"":5,""character_coverage"":0.011765},{""copyright"":""baldur's_gate"",""co_posts"":3,""character_coverage"":0.007059},{""copyright"":""baldur's_gate_3"",""co_posts"":3,""character_coverage"":0.007059},{""copyright"":""tongari_boushi_no_atelier"",""co_posts"":3,""character_coverage"":0.007059}]","","","PENDING",""
"I70-006999","viktor_(league)","4","Character","436","viktor_(league_of_legends)","viktor (league of legends)","","","Viktor（リーグオブレジェンド）","","[{""copyright"":""league_of_legends"",""co_posts"":408,""character_coverage"":1.0},{""copyright"":""arcane:_league_of_legends"",""co_posts"":337,""character_coverage"":0.82598},{""copyright"":""hentai_kamen"",""co_posts"":3,""character_coverage"":0.007353},{""copyright"":""no_i'm_not_a_human"",""co_posts"":2,""character_coverage"":0.004902},{""copyright"":""tiktok"",""co_posts"":2,""character_coverage"":0.004902}]","","","PENDING",""
"I70-007000","weather_report","4","Character","436","","","","ウェザー・リポート","","","[{""copyright"":""jojo_no_kimyou_na_bouken"",""co_posts"":422,""character_coverage"":0.997636},{""copyright"":""stone_ocean"",""co_posts"":416,""character_coverage"":0.983452},{""copyright"":""vento_aureo"",""co_posts"":44,""character_coverage"":0.104019},{""copyright"":""diamond_wa_kudakenai"",""co_posts"":41,""character_coverage"":0.096927},{""copyright"":""stardust_crusaders"",""co_posts"":36,""character_coverage"":0.085106}]","","","PENDING",""
