"row_id","canonical_tag","category","category_name","post_count","source_aliases","verified_aliases","existing_display_ja","existing_search_ja","existing_candidate_ja","existing_rejected_ja","related_copyright_candidates","display_ja","search_ja","translation_status","translation_note"
"I70-014501","maelle_(expedition_33)","4","Character","174","","","","","","","[{""copyright"":""clair_obscur:_expedition_33"",""co_posts"":161,""character_coverage"":1.0},{""copyright"":""hollow_knight"",""co_posts"":4,""character_coverage"":0.024845},{""copyright"":""hollow_knight:_silksong"",""co_posts"":4,""character_coverage"":0.024845},{""copyright"":""donkey_kong_(series)"",""co_posts"":2,""character_coverage"":0.012422},{""copyright"":""donkey_kong_bananza"",""co_posts"":2,""character_coverage"":0.012422}]","","","PENDING",""
"I70-014502","marco_bott","4","Character","174","marco_bodt","marco bodt","","","マルコ・ボット","","[{""copyright"":""shingeki_no_kyojin"",""co_posts"":168,""character_coverage"":1.0},{""copyright"":""persona"",""co_posts"":2,""character_coverage"":0.011905},{""copyright"":""the_little_mermaid_(disney)"",""co_posts"":2,""character_coverage"":0.011905},{""copyright"":""assassin's_creed_(series)"",""co_posts"":1,""character_coverage"":0.005952},{""copyright"":""assassin's_creed_ii"",""co_posts"":1,""character_coverage"":0.005952}]","","","PENDING",""
"I70-014503","marnie_(summer_2021)_(pokemon)","4","Character","174","","","","マリィ(21シーズン)","","","[{""copyright"":""pokemon"",""co_posts"":162,""character_coverage"":1.0},{""copyright"":""pokemon_masters_ex"",""co_posts"":162,""character_coverage"":1.0},{""copyright"":""pokemon_sun_and_moon"",""co_posts"":9,""character_coverage"":0.055556},{""copyright"":""pokemon_sword_and_shield"",""co_posts"":9,""character_coverage"":0.055556},{""copyright"":""pokemon_diamond/pearl/platinum"",""co_posts"":5,""character_coverage"":0.030864}]","","","PENDING",""
"I70-014504","mashiko_kaoru","4","Character","174","","","","","益子薫","","[{""copyright"":""toji_no_miko"",""co_posts"":173,""character_coverage"":1.0},{""copyright"":""toji_no_miko:_kizamishi_issen_no_tomoshibi"",""co_posts"":62,""character_coverage"":0.358382},{""copyright"":""megami_magazine"",""co_posts"":3,""character_coverage"":0.017341},{""copyright"":""toaru_kagaku_no_railgun"",""co_posts"":2,""character_coverage"":0.011561},{""copyright"":""toaru_majutsu_no_index"",""co_posts"":2,""character_coverage"":0.011561}]","","","PENDING",""
"I70-014505","matara_kan_(1st_costume)","4","Character","174","","","","","","","[{""copyright"":""vshojo"",""co_posts"":124,""character_coverage"":0.805195},{""copyright"":""indie_virtual_youtuber"",""co_posts"":54,""character_coverage"":0.350649},{""copyright"":""hololive"",""co_posts"":2,""character_coverage"":0.012987},{""copyright"":""real_life"",""co_posts"":2,""character_coverage"":0.012987},{""copyright"":""helldivers_(series)"",""co_posts"":1,""character_coverage"":0.006494}]","","","PENDING",""
"I70-014506","medusa_gorgon","4","Character","174","medusa_(soul_eater)","medusa (soul eater)","","メデューサ(ソウルイーター) | メデューサ・ゴーゴン","","Medusa","[{""copyright"":""soul_eater"",""co_posts"":141,""character_coverage"":1.0},{""copyright"":""soul_eater_not!"",""co_posts"":13,""character_coverage"":0.092199},{""copyright"":""pokemon"",""co_posts"":6,""character_coverage"":0.042553},{""copyright"":""mario_(series)"",""co_posts"":5,""character_coverage"":0.035461},{""copyright"":""touhou"",""co_posts"":5,""character_coverage"":0.035461}]","","","PENDING",""
"I70-014507","moblit_berner","4","Character","174","","","","","モブリット・バーナー","","[{""copyright"":""shingeki_no_kyojin"",""co_posts"":173,""character_coverage"":1.0},{""copyright"":""toki_wo_kakeru_shoujo"",""co_posts"":2,""character_coverage"":0.011561},{""copyright"":""umamusume"",""co_posts"":1,""character_coverage"":0.00578}]","","","PENDING",""
"I70-014508","monica_von_ochs","4","Character","174","","","","モニカ=フォン=オックス","","","[{""copyright"":""fire_emblem"",""co_posts"":154,""character_coverage"":1.0},{""copyright"":""fire_emblem:_three_houses"",""co_posts"":154,""character_coverage"":1.0},{""copyright"":""fire_emblem_warriors:_three_hopes"",""co_posts"":124,""character_coverage"":0.805195},{""copyright"":""fire_emblem_heroes"",""co_posts"":11,""character_coverage"":0.071429},{""copyright"":""fire_emblem_engage"",""co_posts"":2,""character_coverage"":0.012987}]","","","PENDING",""
"I70-014509","murasaki_shion_(school_uniform)","4","Character","174","murasaki_shion_(7th_costume)","murasaki shion (7th costume)","","紫咲シオン(制服風衣装)","","","[{""copyright"":""hololive"",""co_posts"":169,""character_coverage"":1.0},{""copyright"":""hololive_english"",""co_posts"":7,""character_coverage"":0.04142},{""copyright"":""mario_(series)"",""co_posts"":2,""character_coverage"":0.011834},{""copyright"":""comiket_103"",""co_posts"":1,""character_coverage"":0.005917},{""copyright"":""comiket_104"",""co_posts"":1,""character_coverage"":0.005917}]","","","PENDING",""
"I70-014510","nameless_bard_(genshin_impact)","4","Character","174","","","","","無名の吟遊詩人（Genshin Impact）","venti's_friend","[{""copyright"":""genshin_impact"",""co_posts"":172,""character_coverage"":1.0},{""copyright"":""mahou_shoujo_madoka_magica"",""co_posts"":2,""character_coverage"":0.011628},{""copyright"":""mahou_shoujo_madoka_magica_(anime)"",""co_posts"":2,""character_coverage"":0.011628},{""copyright"":""inuyasha"",""co_posts"":1,""character_coverage"":0.005814}]","","","PENDING",""
"I70-014511","omega-xis_(mega_man)","4","Character","174","warrock","warrock","","","ウォーロック(流星のロックマン)","","[{""copyright"":""mega_man_(series)"",""co_posts"":157,""character_coverage"":1.0},{""copyright"":""mega_man_star_force_(series)"",""co_posts"":157,""character_coverage"":1.0},{""copyright"":""mega_man_battle_network_(series)"",""co_posts"":34,""character_coverage"":0.216561},{""copyright"":""mega_man_(classic)"",""co_posts"":28,""character_coverage"":0.178344},{""copyright"":""mega_man_x_(series)"",""co_posts"":26,""character_coverage"":0.165605}]","","","PENDING",""
"I70-014512","pinocchio_(lies_of_p)","4","Character","174","","","","","","","[{""copyright"":""lies_of_p"",""co_posts"":163,""character_coverage"":1.0},{""copyright"":""lies_of_p:_overture"",""co_posts"":24,""character_coverage"":0.147239},{""copyright"":""hololive"",""co_posts"":2,""character_coverage"":0.01227},{""copyright"":""hololive_english"",""co_posts"":2,""character_coverage"":0.01227},{""copyright"":""holostars"",""co_posts"":2,""character_coverage"":0.01227}]","","","PENDING",""
"I70-014513","pisaro","4","Character","174","","","","","ピサロ","","[{""copyright"":""dragon_quest"",""co_posts"":158,""character_coverage"":0.957576},{""copyright"":""dragon_quest_iv"",""co_posts"":135,""character_coverage"":0.818182},{""copyright"":""final_fantasy"",""co_posts"":30,""character_coverage"":0.181818},{""copyright"":""final_fantasy_vii"",""co_posts"":29,""character_coverage"":0.175758},{""copyright"":""final_fantasy_vii:_ever_crisis"",""co_posts"":27,""character_coverage"":0.163636}]","","","PENDING",""
"I70-014514","prinz_eugen_(symphonic_fate)_(azur_lane)","4","Character","174","","","","運命シンフォニック","命运交响曲","","[{""copyright"":""azur_lane"",""co_posts"":164,""character_coverage"":1.0},{""copyright"":""comiket_105"",""co_posts"":1,""character_coverage"":0.006098},{""copyright"":""fire_emblem"",""co_posts"":1,""character_coverage"":0.006098},{""copyright"":""fire_emblem_fates"",""co_posts"":1,""character_coverage"":0.006098},{""copyright"":""kizuna_ai_inc."",""co_posts"":1,""character_coverage"":0.006098}]","","","PENDING",""
"I70-014515","ptolemy_(fate)","4","Character","174","","","","","プトレマイオス","","[{""copyright"":""fate_(series)"",""co_posts"":171,""character_coverage"":1.0},{""copyright"":""fate/grand_order"",""co_posts"":143,""character_coverage"":0.836257},{""copyright"":""fate/zero"",""co_posts"":17,""character_coverage"":0.099415},{""copyright"":""lord_el-melloi_ii_case_files"",""co_posts"":16,""character_coverage"":0.093567},{""copyright"":""fate/grand_order_arcade"",""co_posts"":3,""character_coverage"":0.017544}]","","","PENDING",""
"I70-014516","raoh_(hokuto_no_ken)","4","Character","174","raou_(hokuto_no_ken)","raou (hokuto no ken)","","","ラオウ","","[{""copyright"":""hokuto_no_ken"",""co_posts"":155,""character_coverage"":0.974843},{""copyright"":""kantai_collection"",""co_posts"":59,""character_coverage"":0.371069},{""copyright"":""touhou"",""co_posts"":17,""character_coverage"":0.106918},{""copyright"":""jojo_no_kimyou_na_bouken"",""co_posts"":8,""character_coverage"":0.050314},{""copyright"":""dragon_ball"",""co_posts"":7,""character_coverage"":0.044025}]","","","PENDING",""
"I70-014517","relicanth","4","Character","174","","","","","ジーランス","","[{""copyright"":""pokemon"",""co_posts"":161,""character_coverage"":1.0},{""copyright"":""pokemon_ruby/sapphire/emerald"",""co_posts"":23,""character_coverage"":0.142857},{""copyright"":""pokemon_omega_ruby_and_alpha_sapphire"",""co_posts"":16,""character_coverage"":0.099379},{""copyright"":""pokemon_adventures"",""co_posts"":12,""character_coverage"":0.074534},{""copyright"":""pokemon_(anime)"",""co_posts"":9,""character_coverage"":0.055901}]","","","PENDING",""
"I70-014518","san-chan","4","Character","174","","","","サンちゃん","","","[{""copyright"":""raisei_no_ryuu_tsukai"",""co_posts"":166,""character_coverage"":1.0},{""copyright"":""original"",""co_posts"":71,""character_coverage"":0.427711},{""copyright"":""dragon_ball"",""co_posts"":1,""character_coverage"":0.006024}]","","","PENDING",""
"I70-014519","satou_hina_(kamisama_ni_natta_hi)","4","Character","174","","","","佐藤ひな","佐藤雏","","[{""copyright"":""kamisama_ni_natta_hi"",""co_posts"":171,""character_coverage"":1.0},{""copyright"":""key_(company)"",""co_posts"":39,""character_coverage"":0.22807},{""copyright"":""angel_beats!"",""co_posts"":22,""character_coverage"":0.128655},{""copyright"":""charlotte_(anime)"",""co_posts"":17,""character_coverage"":0.099415},{""copyright"":""summer_pockets"",""co_posts"":16,""character_coverage"":0.093567}]","","","PENDING",""
"I70-014520","saturn_(pokemon)","4","Character","174","","","","","サターン(ポケモン)","","[{""copyright"":""pokemon"",""co_posts"":168,""character_coverage"":1.0},{""copyright"":""pokemon_diamond/pearl/platinum"",""co_posts"":162,""character_coverage"":0.964286},{""copyright"":""pokemon_platinum"",""co_posts"":13,""character_coverage"":0.077381},{""copyright"":""pokemon_legends:_arceus"",""co_posts"":10,""character_coverage"":0.059524},{""copyright"":""pokemon_black_and_white"",""co_posts"":7,""character_coverage"":0.041667}]","","","PENDING",""
"I70-014521","shima_sakon_(sengoku_basara)","4","Character","174","","","","","島左近(戦国BASARA)","","[{""copyright"":""sengoku_basara"",""co_posts"":174,""character_coverage"":1.0},{""copyright"":""gakuen_basara"",""co_posts"":7,""character_coverage"":0.04023},{""copyright"":""sengoku_bushouki_muramasa"",""co_posts"":2,""character_coverage"":0.011494},{""copyright"":""capcom"",""co_posts"":1,""character_coverage"":0.005747},{""copyright"":""devil_may_cry_(series)"",""co_posts"":1,""character_coverage"":0.005747}]","","","PENDING",""
"I70-014522","sliggoo","4","Character","174","","","","","ヌメイル","","[{""copyright"":""pokemon"",""co_posts"":166,""character_coverage"":1.0},{""copyright"":""pokemon_x_and_y"",""co_posts"":17,""character_coverage"":0.10241},{""copyright"":""pokemon_sword_and_shield"",""co_posts"":16,""character_coverage"":0.096386},{""copyright"":""pokemon_(anime)"",""co_posts"":5,""character_coverage"":0.03012},{""copyright"":""pokemon_sun_and_moon"",""co_posts"":4,""character_coverage"":0.024096}]","","","PENDING",""
"I70-014523","stelle_(world_tour_2023)_(honkai:_star_rail)","4","Character","174","","","","","","","[{""copyright"":""honkai:_star_rail"",""co_posts"":168,""character_coverage"":1.0},{""copyright"":""honkai_(series)"",""co_posts"":168,""character_coverage"":1.0},{""copyright"":""genshin_impact"",""co_posts"":5,""character_coverage"":0.029762},{""copyright"":""mihoyo"",""co_posts"":5,""character_coverage"":0.029762},{""copyright"":""honkai_impact_3rd"",""co_posts"":1,""character_coverage"":0.005952}]","","","PENDING",""
"I70-014524","touri_sei","4","Character","174","","","","セイッ画 | 橙里セイ","","","[{""copyright"":""nanashi_inc."",""co_posts"":172,""character_coverage"":1.0},{""copyright"":""zenless_zone_zero"",""co_posts"":4,""character_coverage"":0.023256},{""copyright"":""blue_archive"",""co_posts"":3,""character_coverage"":0.017442},{""copyright"":""indie_virtual_youtuber"",""co_posts"":2,""character_coverage"":0.011628},{""copyright"":""doraemon"",""co_posts"":1,""character_coverage"":0.005814}]","","","PENDING",""
"I70-014525","tsuru_(love_live!)","4","Character","174","","","","","おツルさん","","[{""copyright"":""love_live!"",""co_posts"":165,""character_coverage"":1.0},{""copyright"":""love_live!_hasu_no_sora_jogakuin_school_idol_club"",""co_posts"":165,""character_coverage"":1.0},{""copyright"":""holiday_holiday_(love_live!)"",""co_posts"":4,""character_coverage"":0.024242},{""copyright"":""holiday_holiday_(tenko)_(love_live!)"",""co_posts"":4,""character_coverage"":0.024242},{""copyright"":""original"",""co_posts"":4,""character_coverage"":0.024242}]","","","PENDING",""
"I70-014526","white-haired_man_(jimini_shijimi)","4","Character","174","","","","","オルニチンさん","","[{""copyright"":""original"",""co_posts"":59,""character_coverage"":1.0}]","","","PENDING",""
"I70-014527","wilderness_bandit_risty","4","Character","174","","","","荒野の義賊 | 荒野の義賊リスティ","","","[{""copyright"":""queen's_blade"",""co_posts"":147,""character_coverage"":1.0},{""copyright"":""queen's_blade_grimoire"",""co_posts"":5,""character_coverage"":0.034014},{""copyright"":""queen's_blade_rebellion"",""co_posts"":4,""character_coverage"":0.027211},{""copyright"":""queen's_blade_spiral_chaos"",""co_posts"":3,""character_coverage"":0.020408},{""copyright"":""vanquished_queens"",""co_posts"":3,""character_coverage"":0.020408}]","","","PENDING",""
"I70-014528","winda_priestess_of_gusto","4","Character","174","","","","ウィンダ | ガスタの巫女ウィンダ","","가스타의무녀윈다","[{""copyright"":""yu-gi-oh!"",""co_posts"":162,""character_coverage"":1.0},{""copyright"":""yu-gi-oh!_duel_monsters"",""co_posts"":13,""character_coverage"":0.080247},{""copyright"":""arknights"",""co_posts"":1,""character_coverage"":0.006173},{""copyright"":""azur_lane"",""co_posts"":1,""character_coverage"":0.006173},{""copyright"":""final_fantasy"",""co_posts"":1,""character_coverage"":0.006173}]","","","PENDING",""
"I70-014529","xeno_(dr._stone)","4","Character","174","xeno_(dr.stone)","xeno (dr.stone)","","","","","[{""copyright"":""dr._stone"",""co_posts"":163,""character_coverage"":1.0},{""copyright"":""alien_(1979)"",""co_posts"":1,""character_coverage"":0.006135},{""copyright"":""alien_(series)"",""co_posts"":1,""character_coverage"":0.006135},{""copyright"":""dragon_ball"",""co_posts"":1,""character_coverage"":0.006135},{""copyright"":""dragon_ball_z"",""co_posts"":1,""character_coverage"":0.006135}]","","","PENDING",""
"I70-014530","yanai_ichiru","4","Character","174","","","","","","","[{""copyright"":""bacchikoi!"",""co_posts"":174,""character_coverage"":1.0},{""copyright"":""camp_buddy"",""co_posts"":1,""character_coverage"":0.005747}]","","","PENDING",""
"I70-014531","yata_misaki","4","Character","174","","","","","八田美咲","","[{""copyright"":""k-project"",""co_posts"":165,""character_coverage"":1.0},{""copyright"":""banana_fish"",""co_posts"":1,""character_coverage"":0.006061},{""copyright"":""fate/extra"",""co_posts"":1,""character_coverage"":0.006061},{""copyright"":""fate/extra_ccc"",""co_posts"":1,""character_coverage"":0.006061},{""copyright"":""fate_(series)"",""co_posts"":1,""character_coverage"":0.006061}]","","","PENDING",""
"I70-014532","yumi_sayaka","4","Character","174","","","","","弓さやか","","[{""copyright"":""mazinger_(series)"",""co_posts"":156,""character_coverage"":0.993631},{""copyright"":""mazinger_z"",""co_posts"":139,""character_coverage"":0.88535},{""copyright"":""ufo_robo_grendizer"",""co_posts"":17,""character_coverage"":0.10828},{""copyright"":""great_mazinger"",""co_posts"":10,""character_coverage"":0.063694},{""copyright"":""grendizer_u"",""co_posts"":10,""character_coverage"":0.063694}]","","","PENDING",""
"I70-014533","zombie_(minecraft)","4","Character","174","","","","","ゾンビ(Minecraft)","","[{""copyright"":""minecraft"",""co_posts"":148,""character_coverage"":0.973684},{""copyright"":""mob_talker"",""co_posts"":20,""character_coverage"":0.131579},{""copyright"":""super_smash_bros."",""co_posts"":19,""character_coverage"":0.125},{""copyright"":""hololive"",""co_posts"":15,""character_coverage"":0.098684},{""copyright"":""fire_emblem"",""co_posts"":14,""character_coverage"":0.092105}]","","","PENDING",""
"I70-014534","25-ji_kaito","4","Character","173","","","","","ニーゴカイト","","[{""copyright"":""project_sekai"",""co_posts"":171,""character_coverage"":1.0},{""copyright"":""vocaloid"",""co_posts"":171,""character_coverage"":1.0},{""copyright"":""zozotown"",""co_posts"":4,""character_coverage"":0.023392},{""copyright"":""pokemon"",""co_posts"":2,""character_coverage"":0.011696},{""copyright"":""evillious_nendaiki"",""co_posts"":1,""character_coverage"":0.005848}]","","","PENDING",""
"I70-014535","aesop_carl","4","Character","173","embalmer_(identity_v)","embalmer (identity v)","","","イソップ・カール","","[{""copyright"":""identity_v"",""co_posts"":168,""character_coverage"":0.994083},{""copyright"":""danganronpa_(series)"",""co_posts"":2,""character_coverage"":0.011834},{""copyright"":""animate_(company)"",""co_posts"":1,""character_coverage"":0.005917},{""copyright"":""black_jack_(series)"",""co_posts"":1,""character_coverage"":0.005917},{""copyright"":""comiket_96"",""co_posts"":1,""character_coverage"":0.005917}]","","","PENDING",""
"I70-014536","akai_haato_(hololive_summer_2019)","4","Character","173","akai_haato_(3rd_costume)","akai haato (3rd costume)","","赤井はあと(ホロサマ2019) | 赤井はあと(ホロライブ・サマー2019)","","","[{""copyright"":""hololive"",""co_posts"":167,""character_coverage"":1.0},{""copyright"":""hololive_english"",""co_posts"":5,""character_coverage"":0.02994},{""copyright"":""kantai_collection"",""co_posts"":2,""character_coverage"":0.011976},{""copyright"":""jaws_(movie)"",""co_posts"":1,""character_coverage"":0.005988}]","","","PENDING",""
"I70-014537","akiha_gongen_(housamo)","4","Character","173","akiha_gongen_(tokyo_houkago_summoners)","akiha gongen (tokyo houkago summoners)","","","アキハゴンゲン","","[{""copyright"":""tokyo_afterschool_summoners"",""co_posts"":168,""character_coverage"":0.988235},{""copyright"":""live_a_hero"",""co_posts"":5,""character_coverage"":0.029412},{""copyright"":""boku_no_hero_academia"",""co_posts"":2,""character_coverage"":0.011765},{""copyright"":""original"",""co_posts"":2,""character_coverage"":0.011765},{""copyright"":""shoukan_yuusha_to_f-kei_kareshi"",""co_posts"":2,""character_coverage"":0.011765}]","","","PENDING",""
"I70-014538","asagiri_asagi","4","Character","173","asagi_(nippon_ichi),asagi_(makai_kingdom)","asagi (makai kingdom) | asagi (nippon ichi)","","アサギ | 朝霧アサギ","","","[{""copyright"":""disgaea"",""co_posts"":134,""character_coverage"":0.82716},{""copyright"":""nippon_ichi"",""co_posts"":109,""character_coverage"":0.67284},{""copyright"":""makai_senki_disgaea_3"",""co_posts"":16,""character_coverage"":0.098765},{""copyright"":""makai_senki_disgaea"",""co_posts"":13,""character_coverage"":0.080247},{""copyright"":""makai_senki_disgaea_2"",""co_posts"":13,""character_coverage"":0.080247}]","","","PENDING",""
"I70-014539","asch_albright","4","Character","173","","","","","アッシュ・オルブライト","","[{""copyright"":""helios_rising_heroes"",""co_posts"":173,""character_coverage"":1.0}]","","","PENDING",""
"I70-014540","beagle_(arknights)","4","Character","173","","","","ビーグル | ビーグル(アークナイツ)","米格鲁","","[{""copyright"":""arknights"",""co_posts"":160,""character_coverage"":1.0},{""copyright"":""a_deer_of_nine_colors"",""co_posts"":3,""character_coverage"":0.01875},{""copyright"":""rainbow_six_siege"",""co_posts"":3,""character_coverage"":0.01875},{""copyright"":""monster_hunter_(series)"",""co_posts"":2,""character_coverage"":0.0125},{""copyright"":""the_legend_of_luo_xiaohei"",""co_posts"":2,""character_coverage"":0.0125}]","","","PENDING",""
"I70-014541","blue_(deltarune)","4","Character","173","","","","","ブルー(DELTARUNE)","","[{""copyright"":""deltarune"",""co_posts"":69,""character_coverage"":1.0},{""copyright"":""utdr_(toby_fox)"",""co_posts"":69,""character_coverage"":1.0},{""copyright"":""undertale"",""co_posts"":4,""character_coverage"":0.057971},{""copyright"":""futatsu_no_mokuba_(kikuo)"",""co_posts"":2,""character_coverage"":0.028986},{""copyright"":""chiikawa"",""co_posts"":1,""character_coverage"":0.014493}]","","","PENDING",""
"I70-014542","chiba_kirino","4","Character","173","","","","","千葉紀梨乃","","[{""copyright"":""bamboo_blade"",""co_posts"":158,""character_coverage"":1.0},{""copyright"":""megami_magazine"",""co_posts"":4,""character_coverage"":0.025316},{""copyright"":""comp_h's"",""co_posts"":2,""character_coverage"":0.012658},{""copyright"":""hayate_no_gotoku!"",""co_posts"":2,""character_coverage"":0.012658},{""copyright"":""neon_genesis_evangelion"",""co_posts"":2,""character_coverage"":0.012658}]","","","PENDING",""
"I70-014543","cloud_strife_(bahamut_garb)","4","Character","173","","","","","バハムートスタイル","","[{""copyright"":""final_fantasy"",""co_posts"":169,""character_coverage"":1.0},{""copyright"":""final_fantasy_vii"",""co_posts"":169,""character_coverage"":1.0},{""copyright"":""final_fantasy_vii:_ever_crisis"",""co_posts"":169,""character_coverage"":1.0},{""copyright"":""final_fantasy_vii_remake"",""co_posts"":4,""character_coverage"":0.023669},{""copyright"":""final_fantasy_vii_rebirth"",""co_posts"":2,""character_coverage"":0.011834}]","","","PENDING",""
"I70-014544","d3rlord3","4","Character","173","","","","","","","[{""copyright"":""searching_for_a_world_that_doesn't_exist"",""co_posts"":167,""character_coverage"":1.0},{""copyright"":""alien_stage"",""co_posts"":4,""character_coverage"":0.023952},{""copyright"":""minecraft"",""co_posts"":4,""character_coverage"":0.023952},{""copyright"":""signalis"",""co_posts"":2,""character_coverage"":0.011976},{""copyright"":""the_truman_show"",""co_posts"":2,""character_coverage"":0.011976}]","","","PENDING",""
"I70-014545","daisy_(dq)","4","Character","173","","","","","デイジィ","","[{""copyright"":""dragon_quest"",""co_posts"":145,""character_coverage"":1.0},{""copyright"":""dragon_quest_yuusha_abel_densetsu"",""co_posts"":145,""character_coverage"":1.0},{""copyright"":""dragon_quest_iii"",""co_posts"":5,""character_coverage"":0.034483},{""copyright"":""dragon_quest_iv"",""co_posts"":4,""character_coverage"":0.027586},{""copyright"":""dragon_ball"",""co_posts"":3,""character_coverage"":0.02069}]","","","PENDING",""
"I70-014546","devil_(housamo)","4","Character","173","","","","","エビル","","[{""copyright"":""tokyo_afterschool_summoners"",""co_posts"":169,""character_coverage"":1.0},{""copyright"":""golden_kamuy"",""co_posts"":1,""character_coverage"":0.005917},{""copyright"":""line_(naver)"",""co_posts"":1,""character_coverage"":0.005917},{""copyright"":""live_a_hero"",""co_posts"":1,""character_coverage"":0.005917},{""copyright"":""shoukan_yuusha_to_f-kei_kareshi"",""co_posts"":1,""character_coverage"":0.005917}]","","","PENDING",""
"I70-014547","drang_(granblue_fantasy)","4","Character","173","","","","ドランク(グラブル)","","","[{""copyright"":""granblue_fantasy"",""co_posts"":171,""character_coverage"":1.0},{""copyright"":""shingeki_no_bahamut"",""co_posts"":2,""character_coverage"":0.011696},{""copyright"":""cygames"",""co_posts"":1,""character_coverage"":0.005848},{""copyright"":""gintama"",""co_posts"":1,""character_coverage"":0.005848}]","","","PENDING",""
"I70-014548","draven_(league)","4","Character","173","draven","draven","","","ドラヴェン","","[{""copyright"":""league_of_legends"",""co_posts"":162,""character_coverage"":1.0},{""copyright"":""dc_comics"",""co_posts"":2,""character_coverage"":0.012346},{""copyright"":""adventure_time"",""co_posts"":1,""character_coverage"":0.006173},{""copyright"":""berserk"",""co_posts"":1,""character_coverage"":0.006173},{""copyright"":""deadpool_(series)"",""co_posts"":1,""character_coverage"":0.006173}]","","","PENDING",""
"I70-014549","element_venus","4","Character","173","","","","","エレメントヴィーナス","","[{""copyright"":""shinsou_seiki_elementia"",""co_posts"":160,""character_coverage"":1.0}]","","","PENDING",""
"I70-014550","fused_zamasu","4","Character","173","","","","","合体ザマス","","[{""copyright"":""dragon_ball"",""co_posts"":164,""character_coverage"":1.0},{""copyright"":""dragon_ball_super"",""co_posts"":146,""character_coverage"":0.890244},{""copyright"":""dragon_ball_heroes"",""co_posts"":33,""character_coverage"":0.20122},{""copyright"":""dragon_ball_z"",""co_posts"":14,""character_coverage"":0.085366},{""copyright"":""dragon_ball_gt"",""co_posts"":8,""character_coverage"":0.04878}]","","","PENDING",""
"I70-014551","hatsune_miku_(blue_archive)","4","Character","173","","","","","初音ミク(ブルーアーカイブ)","","[{""copyright"":""vocaloid"",""co_posts"":162,""character_coverage"":1.0},{""copyright"":""blue_archive"",""co_posts"":161,""character_coverage"":0.993827},{""copyright"":""idolmaster"",""co_posts"":2,""character_coverage"":0.012346},{""copyright"":""magical_mirai_(vocaloid)"",""co_posts"":2,""character_coverage"":0.012346},{""copyright"":""niconico"",""co_posts"":2,""character_coverage"":0.012346}]","","","PENDING",""
"I70-014552","hipa_(some1else45)","4","Character","173","","","","","","","[{""copyright"":""original"",""co_posts"":157,""character_coverage"":0.934524},{""copyright"":""oomakase"",""co_posts"":155,""character_coverage"":0.922619},{""copyright"":""pokemon"",""co_posts"":10,""character_coverage"":0.059524},{""copyright"":""kirby_(series)"",""co_posts"":4,""character_coverage"":0.02381},{""copyright"":""fatal_fury"",""co_posts"":3,""character_coverage"":0.017857}]","","","PENDING",""
"I70-014553","hoshiguma_the_breacher_(arknights)","4","Character","173","","","","","斬業ホシグマ","","[{""copyright"":""arknights"",""co_posts"":158,""character_coverage"":1.0},{""copyright"":""ambience_synesthesia"",""co_posts"":4,""character_coverage"":0.025316},{""copyright"":""comiket_107"",""co_posts"":1,""character_coverage"":0.006329},{""copyright"":""goddess_of_victory:_nikke"",""co_posts"":1,""character_coverage"":0.006329},{""copyright"":""monster_hunter_(series)"",""co_posts"":1,""character_coverage"":0.006329}]","","","PENDING",""
"I70-014554","inubouzaki_itsuki","4","Character","173","","","","","犬吠埼樹","","[{""copyright"":""yuuki_yuuna_wa_yuusha_de_aru"",""co_posts"":154,""character_coverage"":1.0},{""copyright"":""yuusha_de_aru"",""co_posts"":154,""character_coverage"":1.0},{""copyright"":""assault_lily"",""co_posts"":6,""character_coverage"":0.038961},{""copyright"":""washio_sumi_wa_yuusha_de_aru"",""co_posts"":6,""character_coverage"":0.038961},{""copyright"":""nogi_wakaba_wa_yuusha_de_aru"",""co_posts"":5,""character_coverage"":0.032468}]","","","PENDING",""
"I70-014555","isaac_clarke","4","Character","173","","","","アイザック・クラーク","(三) | (圭)","","[{""copyright"":""dead_space_(series)"",""co_posts"":137,""character_coverage"":0.992754},{""copyright"":""halo_(series)"",""co_posts"":17,""character_coverage"":0.123188},{""copyright"":""touhou"",""co_posts"":14,""character_coverage"":0.101449},{""copyright"":""kantai_collection"",""co_posts"":12,""character_coverage"":0.086957},{""copyright"":""doom_(series)"",""co_posts"":10,""character_coverage"":0.072464}]","","","PENDING",""
"I70-014556","jegan","4","Character","173","","","","","ジェガン","","[{""copyright"":""gundam"",""co_posts"":163,""character_coverage"":0.993902},{""copyright"":""char's_counterattack"",""co_posts"":103,""character_coverage"":0.628049},{""copyright"":""gundam_unicorn"",""co_posts"":39,""character_coverage"":0.237805},{""copyright"":""original"",""co_posts"":27,""character_coverage"":0.164634},{""copyright"":""gundam_f91"",""co_posts"":22,""character_coverage"":0.134146}]","","","PENDING",""
"I70-014557","jeralt_reus_eisner","4","Character","173","","","","ジェラルト","","","[{""copyright"":""fire_emblem"",""co_posts"":170,""character_coverage"":1.0},{""copyright"":""fire_emblem:_three_houses"",""co_posts"":163,""character_coverage"":0.958824},{""copyright"":""fire_emblem_warriors:_three_hopes"",""co_posts"":9,""character_coverage"":0.052941},{""copyright"":""fate/grand_order"",""co_posts"":4,""character_coverage"":0.023529},{""copyright"":""fate_(series)"",""co_posts"":4,""character_coverage"":0.023529}]","","","PENDING",""
"I70-014558","jin_musou","4","Character","173","jin_muso","jin muso","","","ジン・ムソウ","","[{""copyright"":""aquarion_(series)"",""co_posts"":171,""character_coverage"":1.0},{""copyright"":""aquarion_evol"",""co_posts"":171,""character_coverage"":1.0},{""copyright"":""e.t."",""co_posts"":1,""character_coverage"":0.005848},{""copyright"":""newtype"",""co_posts"":1,""character_coverage"":0.005848}]","","","PENDING",""
"I70-014559","jinnai_enta","4","Character","173","","","","","陣内燕太","","[{""copyright"":""sarazanmai"",""co_posts"":169,""character_coverage"":1.0},{""copyright"":""yuri_kuma_arashi"",""co_posts"":4,""character_coverage"":0.023669},{""copyright"":""amazon_(company)"",""co_posts"":2,""character_coverage"":0.011834},{""copyright"":""hello_kitty"",""co_posts"":2,""character_coverage"":0.011834},{""copyright"":""mawaru_penguindrum"",""co_posts"":2,""character_coverage"":0.011834}]","","","PENDING",""
"I70-014560","kaga_kai_ni_(kancolle)","4","Character","173","","","","","カガカイニ（カンコル）","","[{""copyright"":""kantai_collection"",""co_posts"":167,""character_coverage"":1.0},{""copyright"":""gundam"",""co_posts"":3,""character_coverage"":0.017964},{""copyright"":""gundam_unicorn"",""co_posts"":3,""character_coverage"":0.017964},{""copyright"":""azur_lane"",""co_posts"":1,""character_coverage"":0.005988},{""copyright"":""space_adventure_cobra"",""co_posts"":1,""character_coverage"":0.005988}]","","","PENDING",""
"I70-014561","kannabi_no_mikoto","4","Character","173","","","","","神奈備命","","[{""copyright"":""air_(visual_novel)"",""co_posts"":130,""character_coverage"":0.992366},{""copyright"":""key_(company)"",""co_posts"":10,""character_coverage"":0.076336},{""copyright"":""clannad"",""co_posts"":8,""character_coverage"":0.061069},{""copyright"":""kanon"",""co_posts"":8,""character_coverage"":0.061069},{""copyright"":""little_busters!"",""co_posts"":4,""character_coverage"":0.030534}]","","","PENDING",""
"I70-014562","king_(one-punch_man)","4","Character","173","king_(onepunch_man)","king (onepunch man)","","キング(ワンパンマン)","","","[{""copyright"":""one-punch_man"",""co_posts"":155,""character_coverage"":1.0},{""copyright"":""mob_psycho_100"",""co_posts"":5,""character_coverage"":0.032258},{""copyright"":""boku_no_hero_academia"",""co_posts"":3,""character_coverage"":0.019355},{""copyright"":""downtown_no_gaki_no_tsukai_ya_arahende!!"",""co_posts"":3,""character_coverage"":0.019355},{""copyright"":""kono_subarashii_sekai_ni_shukufuku_wo!"",""co_posts"":3,""character_coverage"":0.019355}]","","","PENDING",""
"I70-014563","kirigaya_toko","4","Character","173","kirigaya_touko","kirigaya touko","","","桐ヶ谷透子","","[{""copyright"":""bang_dream!"",""co_posts"":167,""character_coverage"":1.0},{""copyright"":""bang_dream!_girls_band_party!"",""co_posts"":167,""character_coverage"":1.0},{""copyright"":""bang_dream!_it's_mygo!!!!!"",""co_posts"":9,""character_coverage"":0.053892},{""copyright"":""chainsaw_man"",""co_posts"":7,""character_coverage"":0.041916},{""copyright"":""bang_dream!_yumemita"",""co_posts"":4,""character_coverage"":0.023952}]","","","PENDING",""
"I70-014564","konami_kirie","4","Character","173","","","","","小南桐絵","","[{""copyright"":""world_trigger"",""co_posts"":171,""character_coverage"":1.0},{""copyright"":""black_clover"",""co_posts"":1,""character_coverage"":0.005848},{""copyright"":""bleach"",""co_posts"":1,""character_coverage"":0.005848},{""copyright"":""kaijuu_no._8"",""co_posts"":1,""character_coverage"":0.005848},{""copyright"":""shounen_jump"",""co_posts"":1,""character_coverage"":0.005848}]","","","PENDING",""
"I70-014565","kuroyoru_umidori","4","Character","173","","","","","黒夜海鳥","","[{""copyright"":""toaru_majutsu_no_index"",""co_posts"":108,""character_coverage"":1.0},{""copyright"":""toaru_majutsu_no_index:_new_testament"",""co_posts"":108,""character_coverage"":1.0},{""copyright"":""toaru_kagaku_no_railgun"",""co_posts"":11,""character_coverage"":0.101852},{""copyright"":""toaru_majutsu_no_index:_old_testament"",""co_posts"":6,""character_coverage"":0.055556},{""copyright"":""toaru_kagaku_no_railgun_s"",""co_posts"":5,""character_coverage"":0.046296}]","","","PENDING",""
"I70-014566","lua_(yu-gi-oh!)","4","Character","173","leo_(yu-gi-oh!)","leo (yu-gi-oh!)","","","龍亞","","[{""copyright"":""yu-gi-oh!"",""co_posts"":164,""character_coverage"":1.0},{""copyright"":""yu-gi-oh!_5d's"",""co_posts"":164,""character_coverage"":1.0},{""copyright"":""yu-gi-oh!_gx"",""co_posts"":9,""character_coverage"":0.054878},{""copyright"":""yu-gi-oh!_duel_monsters"",""co_posts"":8,""character_coverage"":0.04878},{""copyright"":""yu-gi-oh!_zexal"",""co_posts"":7,""character_coverage"":0.042683}]","","","PENDING",""
"I70-014567","mitsuzuri_ayako","4","Character","173","","","","","美綴綾子","","[{""copyright"":""fate_(series)"",""co_posts"":153,""character_coverage"":1.0},{""copyright"":""fate/stay_night"",""co_posts"":115,""character_coverage"":0.751634},{""copyright"":""fate/hollow_ataraxia"",""co_posts"":59,""character_coverage"":0.385621},{""copyright"":""type-moon"",""co_posts"":10,""character_coverage"":0.065359},{""copyright"":""tsukihime"",""co_posts"":9,""character_coverage"":0.058824}]","","","PENDING",""
"I70-014568","miyamoto_musashi_(swimsuit_berserker)_(third_ascension)_(fate)","4","Character","173","","","","","仙女風水着 | 武蔵ちゃんの夏モード","","[{""copyright"":""fate/grand_order"",""co_posts"":167,""character_coverage"":1.0},{""copyright"":""fate_(series)"",""co_posts"":167,""character_coverage"":1.0},{""copyright"":""ao_no_kiseki"",""co_posts"":1,""character_coverage"":0.005988},{""copyright"":""comiket_102"",""co_posts"":1,""character_coverage"":0.005988},{""copyright"":""eiyuu_densetsu"",""co_posts"":1,""character_coverage"":0.005988}]","","","PENDING",""
"I70-014569","monkey_d._dragon","4","Character","173","","","","","モンキー・D・ドラゴン","","[{""copyright"":""one_piece"",""co_posts"":159,""character_coverage"":1.0},{""copyright"":""bleach"",""co_posts"":4,""character_coverage"":0.025157},{""copyright"":""one_piece_card_game"",""co_posts"":4,""character_coverage"":0.025157},{""copyright"":""dragon_ball"",""co_posts"":3,""character_coverage"":0.018868},{""copyright"":""dragon_ball_z"",""co_posts"":3,""character_coverage"":0.018868}]","","","PENDING",""
"I70-014570","natasha_(honkai:_star_rail)","4","Character","173","","","","","ナターシャ(スターレイル) | 娜塔莎","natasha","[{""copyright"":""honkai:_star_rail"",""co_posts"":162,""character_coverage"":1.0},{""copyright"":""honkai_(series)"",""co_posts"":162,""character_coverage"":1.0},{""copyright"":""mihoyo"",""co_posts"":6,""character_coverage"":0.037037},{""copyright"":""genshin_impact"",""co_posts"":5,""character_coverage"":0.030864},{""copyright"":""honkai_impact_3rd"",""co_posts"":5,""character_coverage"":0.030864}]","","","PENDING",""
"I70-014571","nezha_(the_legend_of_luo_xiaohei)","4","Character","173","nezha_(luo_xiaohei_zhanji),nezha_(the_legend_of_luoxiaohei)","nezha (luo xiaohei zhanji) | nezha (the legend of luoxiaohei)","","","哪吒(罗小黑战记)","","[{""copyright"":""the_legend_of_luo_xiaohei"",""co_posts"":173,""character_coverage"":1.0},{""copyright"":""lanxi_zhen"",""co_posts"":14,""character_coverage"":0.080925},{""copyright"":""nezha_zhi_motong_jiangshi"",""co_posts"":5,""character_coverage"":0.028902},{""copyright"":""black_myth:_wukong"",""co_posts"":1,""character_coverage"":0.00578},{""copyright"":""coca-cola"",""co_posts"":1,""character_coverage"":0.00578}]","","","PENDING",""
"I70-014572","ninto_(senran_kagura)","4","Character","173","","","","","忍兎","","[{""copyright"":""senran_kagura"",""co_posts"":166,""character_coverage"":1.0},{""copyright"":""senran_kagura_new_wave"",""co_posts"":71,""character_coverage"":0.427711},{""copyright"":""senran_kagura_new_link"",""co_posts"":64,""character_coverage"":0.385542},{""copyright"":""senran_kagura_shoujo-tachi_no_shin'ei"",""co_posts"":20,""character_coverage"":0.120482},{""copyright"":""senran_kagura_peach_ball"",""co_posts"":6,""character_coverage"":0.036145}]","","","PENDING",""
"I70-014573","oda_kippoushi_(fate)","4","Character","173","","","","","織田吉法師(Fate)","","[{""copyright"":""fate_(series)"",""co_posts"":168,""character_coverage"":1.0},{""copyright"":""fate/grand_order"",""co_posts"":167,""character_coverage"":0.994048},{""copyright"":""koha-ace"",""co_posts"":47,""character_coverage"":0.279762},{""copyright"":""real_life"",""co_posts"":2,""character_coverage"":0.011905},{""copyright"":""original"",""co_posts"":1,""character_coverage"":0.005952}]","","","PENDING",""
"I70-014574","osaki_nana","4","Character","173","","","","","大崎ナナ","","[{""copyright"":""nana_(series)"",""co_posts"":156,""character_coverage"":1.0},{""copyright"":""neon_genesis_evangelion"",""co_posts"":5,""character_coverage"":0.032051},{""copyright"":""one_piece"",""co_posts"":5,""character_coverage"":0.032051},{""copyright"":""doko_demo_issyo"",""co_posts"":3,""character_coverage"":0.019231},{""copyright"":""jojo_no_kimyou_na_bouken"",""co_posts"":3,""character_coverage"":0.019231}]","","","PENDING",""
"I70-014575","otori_tan","4","Character","173","otori-tan","otori-tan","","","尾鳥たん","","[{""copyright"":""seitokai_ni_mo_ana_wa_aru!"",""co_posts"":165,""character_coverage"":1.0},{""copyright"":""onii-chan_wa_oshimai!"",""co_posts"":7,""character_coverage"":0.042424},{""copyright"":""fate/grand_order"",""co_posts"":2,""character_coverage"":0.012121},{""copyright"":""fate_(series)"",""co_posts"":2,""character_coverage"":0.012121},{""copyright"":""gundam"",""co_posts"":2,""character_coverage"":0.012121}]","","","PENDING",""
"I70-014576","peter_strasser_(azur_lane)","4","Character","173","","","","ペーター・シュトラッサー | ペーター・シュトラッサー(アズールレーン)","彼得·史特拉塞","","[{""copyright"":""azur_lane"",""co_posts"":156,""character_coverage"":1.0},{""copyright"":""azur_lane:_slow_ahead"",""co_posts"":3,""character_coverage"":0.019231},{""copyright"":""family_guy"",""co_posts"":2,""character_coverage"":0.012821},{""copyright"":""bishoujo_senshi_sailor_moon"",""co_posts"":1,""character_coverage"":0.00641},{""copyright"":""date_a_live"",""co_posts"":1,""character_coverage"":0.00641}]","","","PENDING",""
"I70-014577","phantom_(nikke)","4","Character","173","","","","","ファントム(勝利の女神:NIKKE)","","[{""copyright"":""goddess_of_victory:_nikke"",""co_posts"":64,""character_coverage"":1.0},{""copyright"":""fukkireta"",""co_posts"":1,""character_coverage"":0.015625}]","","","PENDING",""
"I70-014578","philip_(kamen_rider)","4","Character","173","","","","","フィリップ(仮面ライダーW)","","[{""copyright"":""kamen_rider"",""co_posts"":158,""character_coverage"":1.0},{""copyright"":""kamen_rider_w"",""co_posts"":158,""character_coverage"":1.0},{""copyright"":""fuuto_tantei"",""co_posts"":23,""character_coverage"":0.14557},{""copyright"":""kamen_rider_dcd"",""co_posts"":10,""character_coverage"":0.063291},{""copyright"":""kamen_rider_den-o_(series)"",""co_posts"":8,""character_coverage"":0.050633}]","","","PENDING",""
"I70-014579","rauru_(tears_of_the_kingdom)","4","Character","173","","","","ラウル | ラウル(ティアーズオブザキングダム)","","","[{""copyright"":""the_legend_of_zelda"",""co_posts"":157,""character_coverage"":1.0},{""copyright"":""the_legend_of_zelda:_tears_of_the_kingdom"",""co_posts"":157,""character_coverage"":1.0},{""copyright"":""hyrule_warriors:_age_of_imprisonment"",""co_posts"":6,""character_coverage"":0.038217},{""copyright"":""the_legend_of_zelda:_breath_of_the_wild"",""co_posts"":5,""character_coverage"":0.031847},{""copyright"":""the_legend_of_zelda:_twilight_princess"",""co_posts"":3,""character_coverage"":0.019108}]","","","PENDING",""
"I70-014580","sabina_fardin","4","Character","173","","","","サビーナ・ファルディン","","","[{""copyright"":""gundam"",""co_posts"":171,""character_coverage"":1.0},{""copyright"":""gundam_suisei_no_majo"",""co_posts"":171,""character_coverage"":1.0},{""copyright"":""victory_gundam"",""co_posts"":2,""character_coverage"":0.011696},{""copyright"":""alice's_adventures_in_wonderland"",""co_posts"":1,""character_coverage"":0.005848},{""copyright"":""houseki_no_kuni"",""co_posts"":1,""character_coverage"":0.005848}]","","","PENDING",""
"I70-014581","sengo_muramasa_(touken_ranbu)","4","Character","173","","","","","千子村正","","[{""copyright"":""touken_ranbu"",""co_posts"":171,""character_coverage"":1.0},{""copyright"":""fate_(series)"",""co_posts"":5,""character_coverage"":0.02924},{""copyright"":""yuri!!!_on_ice"",""co_posts"":4,""character_coverage"":0.023392},{""copyright"":""fate/grand_order"",""co_posts"":3,""character_coverage"":0.017544},{""copyright"":""soukou_akki_muramasa"",""co_posts"":3,""character_coverage"":0.017544}]","","","PENDING",""
"I70-014582","shitara_seiji","4","Character","173","","","","","設楽聖司","","[{""copyright"":""tokimeki_memorial"",""co_posts"":168,""character_coverage"":1.0},{""copyright"":""tokimeki_memorial_girl's_side"",""co_posts"":167,""character_coverage"":0.994048},{""copyright"":""tokimeki_memorial_girl's_side_3rd_story"",""co_posts"":167,""character_coverage"":0.994048},{""copyright"":""tokimeki_memorial_girl's_side_1st_love"",""co_posts"":6,""character_coverage"":0.035714},{""copyright"":""chiikawa"",""co_posts"":1,""character_coverage"":0.005952}]","","","PENDING",""
"I70-014583","silfa_(to_heart)","4","Character","173","hmx-17c","hmx-17c","","","シルファ","","[{""copyright"":""to_heart_(series)"",""co_posts"":165,""character_coverage"":1.0},{""copyright"":""to_heart_2"",""co_posts"":165,""character_coverage"":1.0},{""copyright"":""to_heart_2_ad"",""co_posts"":104,""character_coverage"":0.630303},{""copyright"":""to_heart"",""co_posts"":3,""character_coverage"":0.018182},{""copyright"":""to_heart_2_dungeon_travelers"",""co_posts"":3,""character_coverage"":0.018182}]","","","PENDING",""
"I70-014584","stanley_snyder_(dr._stone)","4","Character","173","stanley_snyder_(dr.stone)","stanley snyder (dr.stone)","","","スタンリー・スナイダー","","[{""copyright"":""dr._stone"",""co_posts"":160,""character_coverage"":1.0},{""copyright"":""artemis_program"",""co_posts"":1,""character_coverage"":0.00625},{""copyright"":""dragon_ball"",""co_posts"":1,""character_coverage"":0.00625},{""copyright"":""dragon_ball_z"",""co_posts"":1,""character_coverage"":0.00625},{""copyright"":""pokemon"",""co_posts"":1,""character_coverage"":0.00625}]","","","PENDING",""
"I70-014585","steam_delivery_girl","4","Character","173","","","","Steamセールちゃん","","","[{""copyright"":""steam_(platform)"",""co_posts"":168,""character_coverage"":1.0},{""copyright"":""half-life_(series)"",""co_posts"":6,""character_coverage"":0.035714},{""copyright"":""half-life_1"",""co_posts"":5,""character_coverage"":0.029762},{""copyright"":""portal_(series)"",""co_posts"":5,""character_coverage"":0.029762},{""copyright"":""portal_2"",""co_posts"":5,""character_coverage"":0.029762}]","","","PENDING",""
"I70-014586","tetsuya_(mahoutsukai_linn_no_shiawase_na_kekkon)","4","Character","173","","","","","","","[{""copyright"":""mahoutsukai_linn_no_shiawase_na_kekkon"",""co_posts"":173,""character_coverage"":1.0},{""copyright"":""civilization_(series)"",""co_posts"":1,""character_coverage"":0.00578}]","","","PENDING",""
"I70-014587","tokino_sora_(dj_hoodie)","4","Character","173","tokino_sora_(streetwear),tokino_sora_(6th_costume)","tokino sora (6th costume) | tokino sora (streetwear)","","","ときのそら(パーカー衣装)","","[{""copyright"":""hololive"",""co_posts"":166,""character_coverage"":1.0},{""copyright"":""hololive_english"",""co_posts"":7,""character_coverage"":0.042169},{""copyright"":""hololive_dev_is"",""co_posts"":5,""character_coverage"":0.03012},{""copyright"":""hololive_indonesia"",""co_posts"":3,""character_coverage"":0.018072},{""copyright"":""vocaloid"",""co_posts"":2,""character_coverage"":0.012048}]","","","PENDING",""
"I70-014588","toxicroak","4","Character","173","","","","","ドクロッグ","","[{""copyright"":""pokemon"",""co_posts"":158,""character_coverage"":1.0},{""copyright"":""pokemon_diamond/pearl/platinum"",""co_posts"":29,""character_coverage"":0.183544},{""copyright"":""pokemon_sword_and_shield"",""co_posts"":27,""character_coverage"":0.170886},{""copyright"":""pokemon_legends:_arceus"",""co_posts"":10,""character_coverage"":0.063291},{""copyright"":""pokemon_black_2_and_white_2"",""co_posts"":6,""character_coverage"":0.037975}]","","","PENDING",""
"I70-014589","tsu-class_light_cruiser","4","Character","173","","","","","軽巡ツ級","","[{""copyright"":""kantai_collection"",""co_posts"":169,""character_coverage"":1.0},{""copyright"":""dota_(series)"",""co_posts"":3,""character_coverage"":0.017751},{""copyright"":""dota_2"",""co_posts"":3,""character_coverage"":0.017751},{""copyright"":""amazon_(company)"",""co_posts"":2,""character_coverage"":0.011834},{""copyright"":""kamen_rider"",""co_posts"":2,""character_coverage"":0.011834}]","","","PENDING",""
"I70-014590","tulip_(pokemon)","4","Character","173","","","","リップ | リップ(トレーナー) | リップ(ポケモン)","","","[{""copyright"":""pokemon"",""co_posts"":160,""character_coverage"":1.0},{""copyright"":""pokemon_scarlet_and_violet"",""co_posts"":160,""character_coverage"":1.0},{""copyright"":""pokemon_sword_and_shield"",""co_posts"":10,""character_coverage"":0.0625},{""copyright"":""pokemon_black_and_white"",""co_posts"":9,""character_coverage"":0.05625},{""copyright"":""original"",""co_posts"":6,""character_coverage"":0.0375}]","","","PENDING",""
"I70-014591","vivid_bad_squad_kaito","4","Character","173","","","","","","","[{""copyright"":""vocaloid"",""co_posts"":165,""character_coverage"":1.0},{""copyright"":""project_sekai"",""co_posts"":164,""character_coverage"":0.993939},{""copyright"":""shanti_(vocaloid)"",""co_posts"":4,""character_coverage"":0.024242},{""copyright"":""evillious_nendaiki"",""co_posts"":1,""character_coverage"":0.006061},{""copyright"":""microsoft_windows"",""co_posts"":1,""character_coverage"":0.006061}]","","","PENDING",""
"I70-014592","wakui_rumi","4","Character","173","","","","","和久井留美","","[{""copyright"":""idolmaster"",""co_posts"":173,""character_coverage"":1.0},{""copyright"":""idolmaster_cinderella_girls"",""co_posts"":173,""character_coverage"":1.0},{""copyright"":""cinderella_girls_gekijou"",""co_posts"":30,""character_coverage"":0.17341},{""copyright"":""idolmaster_cinderella_girls_starlight_stage"",""co_posts"":28,""character_coverage"":0.16185},{""copyright"":""idolmaster_(classic)"",""co_posts"":5,""character_coverage"":0.028902}]","","","PENDING",""
"I70-014593","white_serval_(kemono_friends)","4","Character","173","","","","","ホワイトサーバル(けものフレンズ)","","[{""copyright"":""kemono_friends"",""co_posts"":172,""character_coverage"":1.0},{""copyright"":""kemono_friends_3"",""co_posts"":70,""character_coverage"":0.406977},{""copyright"":""hello_kitty"",""co_posts"":5,""character_coverage"":0.02907},{""copyright"":""sanrio"",""co_posts"":5,""character_coverage"":0.02907},{""copyright"":""kemono_friends_pavilion"",""co_posts"":2,""character_coverage"":0.011628}]","","","PENDING",""
"I70-014594","yatonokami_nayuta","4","Character","173","","","","","コズメズ","","[{""copyright"":""paradox_live"",""co_posts"":170,""character_coverage"":1.0},{""copyright"":""sanrio"",""co_posts"":5,""character_coverage"":0.029412},{""copyright"":""little_twin_stars"",""co_posts"":4,""character_coverage"":0.023529},{""copyright"":""hello_kitty"",""co_posts"":1,""character_coverage"":0.005882},{""copyright"":""instagram"",""co_posts"":1,""character_coverage"":0.005882}]","","","PENDING",""
"I70-014595","ylgr_(fire_emblem)","4","Character","173","ylgr_(fire_emblem_heroes)","ylgr (fire emblem heroes)","","ユルグ","","","[{""copyright"":""fire_emblem"",""co_posts"":166,""character_coverage"":1.0},{""copyright"":""fire_emblem_heroes"",""co_posts"":165,""character_coverage"":0.993976},{""copyright"":""fire_emblem_fates"",""co_posts"":10,""character_coverage"":0.060241},{""copyright"":""fire_emblem_echoes:_shadows_of_valentia"",""co_posts"":8,""character_coverage"":0.048193},{""copyright"":""fire_emblem_awakening"",""co_posts"":7,""character_coverage"":0.042169}]","","","PENDING",""
"I70-014596","yukifune_airi","4","Character","173","airi_(robotics;notes)","airi (robotics;notes)","","","愛理(ロボノ)","","[{""copyright"":""robotics;notes"",""co_posts"":170,""character_coverage"":1.0},{""copyright"":""science_adventure"",""co_posts"":170,""character_coverage"":1.0},{""copyright"":""robotics;notes_dash"",""co_posts"":37,""character_coverage"":0.217647},{""copyright"":""kidou_battle_gunvarrel"",""co_posts"":5,""character_coverage"":0.029412},{""copyright"":""steins;gate"",""co_posts"":3,""character_coverage"":0.017647}]","","","PENDING",""
"I70-014597","yukikaze_(swimsuit)_(kancolle)","4","Character","173","","","","","雪風(水着)","","[{""copyright"":""kantai_collection"",""co_posts"":171,""character_coverage"":1.0},{""copyright"":""blue_archive"",""co_posts"":2,""character_coverage"":0.011696}]","","","PENDING",""
"I70-014598","zed_(league)","4","Character","173","zed_(league_of_legends)","zed (league of legends)","","","Zed（リーグオブレジェンド）","","[{""copyright"":""league_of_legends"",""co_posts"":160,""character_coverage"":1.0},{""copyright"":""dc_comics"",""co_posts"":3,""character_coverage"":0.01875},{""copyright"":""deadpool_(series)"",""co_posts"":2,""character_coverage"":0.0125},{""copyright"":""league_of_legends:_wild_rift"",""co_posts"":2,""character_coverage"":0.0125},{""copyright"":""legends_of_runeterra"",""co_posts"":2,""character_coverage"":0.0125}]","","","PENDING",""
"I70-014599","akagi_(paradise_amaryllis)_(azur_lane)","4","Character","172","","","","楽園の彼岸花","乐园的彼岸花","","[{""copyright"":""azur_lane"",""co_posts"":162,""character_coverage"":1.0},{""copyright"":""megami_magazine"",""co_posts"":2,""character_coverage"":0.012346},{""copyright"":""bilibili"",""co_posts"":1,""character_coverage"":0.006173},{""copyright"":""comiket_99"",""co_posts"":1,""character_coverage"":0.006173},{""copyright"":""cuddly_octopus"",""co_posts"":1,""character_coverage"":0.006173}]","","","PENDING",""
"I70-014600","ayano_rika","4","Character","172","","","","","梨花れん","","[{""copyright"":""magia_record:_mahou_shoujo_madoka_magica_gaiden"",""co_posts"":168,""character_coverage"":1.0},{""copyright"":""mahou_shoujo_madoka_magica"",""co_posts"":168,""character_coverage"":1.0},{""copyright"":""mahou_shoujo_madoka_magica_magia_exedra"",""co_posts"":17,""character_coverage"":0.10119},{""copyright"":""mahou_shoujo_tart_magica"",""co_posts"":6,""character_coverage"":0.035714},{""copyright"":""mahou_shoujo_oriko_magica"",""co_posts"":5,""character_coverage"":0.029762}]","","","PENDING",""
"I70-014601","aymeric_de_borel","4","Character","172","","","","","アイメリク","","[{""copyright"":""final_fantasy"",""co_posts"":168,""character_coverage"":1.0},{""copyright"":""final_fantasy_xiv"",""co_posts"":168,""character_coverage"":1.0},{""copyright"":""pokemon"",""co_posts"":2,""character_coverage"":0.011905},{""copyright"":""black_jack_(series)"",""co_posts"":1,""character_coverage"":0.005952},{""copyright"":""black_rock_shooter"",""co_posts"":1,""character_coverage"":0.005952}]","","","PENDING",""
"I70-014602","bamby_(plave)","4","Character","172","","","","","","","[{""copyright"":""plave"",""co_posts"":165,""character_coverage"":1.0},{""copyright"":""my_melody_(series)"",""co_posts"":5,""character_coverage"":0.030303},{""copyright"":""sanrio"",""co_posts"":5,""character_coverage"":0.030303},{""copyright"":""kpop_demon_hunters"",""co_posts"":3,""character_coverage"":0.018182},{""copyright"":""fuwa_fuwa_cinnamoroll"",""co_posts"":2,""character_coverage"":0.012121}]","","","PENDING",""
"I70-014603","barbariccia","4","Character","172","valvalis","valvalis","","","バルバリシア","","[{""copyright"":""final_fantasy"",""co_posts"":146,""character_coverage"":1.0},{""copyright"":""final_fantasy_iv"",""co_posts"":127,""character_coverage"":0.869863},{""copyright"":""final_fantasy_xiv"",""co_posts"":21,""character_coverage"":0.143836},{""copyright"":""final_fantasy_v"",""co_posts"":6,""character_coverage"":0.041096},{""copyright"":""final_fantasy_vi"",""co_posts"":4,""character_coverage"":0.027397}]","","","PENDING",""
"I70-014604","briar_rose_(sinoalice)","4","Character","172","sleeping_beauty_(sinoalice)","sleeping beauty (sinoalice)","","","いばら姫(シノアリス)","","[{""copyright"":""sinoalice"",""co_posts"":162,""character_coverage"":1.0},{""copyright"":""square_enix"",""co_posts"":12,""character_coverage"":0.074074},{""copyright"":""gems_company"",""co_posts"":1,""character_coverage"":0.006173},{""copyright"":""hataraku_saibou"",""co_posts"":1,""character_coverage"":0.006173},{""copyright"":""hello_kitty"",""co_posts"":1,""character_coverage"":0.006173}]","","","PENDING",""
"I70-014605","chuchu_(show_by_rock!!)","4","Character","172","","","","チュチュ | チュチュ(SHOWBYROCK!!)","","","[{""copyright"":""show_by_rock!!"",""co_posts"":168,""character_coverage"":1.0},{""copyright"":""animage"",""co_posts"":1,""character_coverage"":0.005952},{""copyright"":""etotama"",""co_posts"":1,""character_coverage"":0.005952},{""copyright"":""nyantype"",""co_posts"":1,""character_coverage"":0.005952},{""copyright"":""pop-up_story"",""co_posts"":1,""character_coverage"":0.005952}]","","","PENDING",""
"I70-014606","clear_(dramatical_murder)","4","Character","172","","","","","クリア","","[{""copyright"":""dramatical_murder"",""co_posts"":147,""character_coverage"":1.0},{""copyright"":""nitro+_chiral"",""co_posts"":8,""character_coverage"":0.054422},{""copyright"":""kill_la_kill"",""co_posts"":2,""character_coverage"":0.013605},{""copyright"":""arknights"",""co_posts"":1,""character_coverage"":0.006803},{""copyright"":""chiikawa"",""co_posts"":1,""character_coverage"":0.006803}]","","","PENDING",""
"I70-014607","feena_(ys)","4","Character","172","","","","","フィーナ","","[{""copyright"":""ys"",""co_posts"":169,""character_coverage"":1.0},{""copyright"":""ancient_ys_vanished"",""co_posts"":154,""character_coverage"":0.911243},{""copyright"":""ys_origin"",""co_posts"":15,""character_coverage"":0.088757},{""copyright"":""ys_viii:_lacrimosa_of_dana"",""co_posts"":9,""character_coverage"":0.053254},{""copyright"":""ys_ix:_monstrum_nox"",""co_posts"":8,""character_coverage"":0.047337}]","","","PENDING",""
"I70-014608","freya_(danmachi)","4","Character","172","","","","","フレイヤ(ダンまち)","","[{""copyright"":""dungeon_ni_deai_wo_motomeru_no_wa_machigatteiru_darou_ka"",""co_posts"":143,""character_coverage"":1.0},{""copyright"":""danmachi_battle_chronicle"",""co_posts"":9,""character_coverage"":0.062937},{""copyright"":""danmachi_memoria_freese"",""co_posts"":9,""character_coverage"":0.062937},{""copyright"":""original"",""co_posts"":3,""character_coverage"":0.020979},{""copyright"":""senki_zesshou_symphogear"",""co_posts"":2,""character_coverage"":0.013986}]","","","PENDING",""
"I70-014609","glados","4","Character","172","","","","","グラドス","GLaDOS","[{""copyright"":""portal_(series)"",""co_posts"":143,""character_coverage"":0.986207},{""copyright"":""portal_2"",""co_posts"":75,""character_coverage"":0.517241},{""copyright"":""portal_1"",""co_posts"":74,""character_coverage"":0.510345},{""copyright"":""danganronpa_(series)"",""co_posts"":11,""character_coverage"":0.075862},{""copyright"":""danganronpa_v3:_killing_harmony"",""co_posts"":10,""character_coverage"":0.068966}]","","","PENDING",""
"I70-014610","gundam_alex","4","Character","172","","","","ガンダムNT-1(アレックス)","","","[{""copyright"":""gundam"",""co_posts"":162,""character_coverage"":1.0},{""copyright"":""gundam_0080"",""co_posts"":161,""character_coverage"":0.993827},{""copyright"":""mobile_suit_gundam"",""co_posts"":15,""character_coverage"":0.092593},{""copyright"":""gundam_0083"",""co_posts"":14,""character_coverage"":0.08642},{""copyright"":""sd_gundam"",""co_posts"":12,""character_coverage"":0.074074}]","","","PENDING",""
"I70-014611","happy_ena","4","Character","172","","","","","","","[{""copyright"":""ena_(series)"",""co_posts"":151,""character_coverage"":1.0},{""copyright"":""ena_(web_series)"",""co_posts"":140,""character_coverage"":0.927152},{""copyright"":""ena:_dream_bbq"",""co_posts"":43,""character_coverage"":0.284768},{""copyright"":""original"",""co_posts"":6,""character_coverage"":0.039735},{""copyright"":""doki_doki_literature_club"",""co_posts"":2,""character_coverage"":0.013245}]","","","PENDING",""
"I70-014612","hatsune_miku_(if)","4","Character","172","beta_miku","beta miku","","","初音ミクif","","[{""copyright"":""vocaloid"",""co_posts"":165,""character_coverage"":1.0},{""copyright"":""piapro_studio"",""co_posts"":12,""character_coverage"":0.072727},{""copyright"":""magical_mirai_(vocaloid)"",""co_posts"":6,""character_coverage"":0.036364},{""copyright"":""project_diva_(series)"",""co_posts"":5,""character_coverage"":0.030303},{""copyright"":""miku_symphony_(vocaloid)"",""co_posts"":4,""character_coverage"":0.024242}]","","","PENDING",""
"I70-014613","hiwamura_hiyori","4","Character","172","","","","","鶸村ひより","","[{""copyright"":""yowa_yowa_sensei"",""co_posts"":146,""character_coverage"":1.0},{""copyright"":""kanan-sama_wa_akumade_choroi"",""co_posts"":5,""character_coverage"":0.034247},{""copyright"":""mahou_shoujo_ni_akogarete"",""co_posts"":2,""character_coverage"":0.013699},{""copyright"":""megami_magazine"",""co_posts"":2,""character_coverage"":0.013699},{""copyright"":""2026_fifa_world_cup"",""co_posts"":1,""character_coverage"":0.006849}]","","","PENDING",""
"I70-014614","izumo_saki","4","Character","172","","","","","出雲咲姫","","[{""copyright"":""d4dj"",""co_posts"":165,""character_coverage"":1.0},{""copyright"":""assault_lily"",""co_posts"":6,""character_coverage"":0.036364},{""copyright"":""bang_dream!"",""co_posts"":6,""character_coverage"":0.036364},{""copyright"":""bang_dream!_girls_band_party!"",""co_posts"":6,""character_coverage"":0.036364},{""copyright"":""naruto_(classic)"",""co_posts"":3,""character_coverage"":0.018182}]","","","PENDING",""
"I70-014615","kanzaburou_(kimetsu_no_yaiba)","4","Character","172","","","","","宽三郎","","[{""copyright"":""kimetsu_no_yaiba"",""co_posts"":171,""character_coverage"":1.0},{""copyright"":""kimetsu_gakuen"",""co_posts"":1,""character_coverage"":0.005848},{""copyright"":""snow_white_and_the_seven_dwarfs_(disney)"",""co_posts"":1,""character_coverage"":0.005848}]","","","PENDING",""
"I70-014616","kazamaki_matsuri_(female)","4","Character","172","","","","","風巻祭里","","[{""copyright"":""ayakashi_triangle"",""co_posts"":149,""character_coverage"":1.0},{""copyright"":""to_love-ru"",""co_posts"":7,""character_coverage"":0.04698},{""copyright"":""black_clover"",""co_posts"":4,""character_coverage"":0.026846},{""copyright"":""boku_no_hero_academia"",""co_posts"":4,""character_coverage"":0.026846},{""copyright"":""dr._stone"",""co_posts"":4,""character_coverage"":0.026846}]","","","PENDING",""
"I70-014617","kiragi_(fire_emblem)","4","Character","172","kisaragi_(fire_emblem_if)","kisaragi (fire emblem if)","","","キサラギ(FEif)","","[{""copyright"":""fire_emblem"",""co_posts"":152,""character_coverage"":1.0},{""copyright"":""fire_emblem_fates"",""co_posts"":152,""character_coverage"":1.0},{""copyright"":""fire_emblem_heroes"",""co_posts"":7,""character_coverage"":0.046053},{""copyright"":""fire_emblem_cipher"",""co_posts"":4,""character_coverage"":0.026316},{""copyright"":""fire_emblem_awakening"",""co_posts"":2,""character_coverage"":0.013158}]","","","PENDING",""
"I70-014618","kuma_kai_ni_(kancolle)","4","Character","172","","","","","球磨改二","","[{""copyright"":""kantai_collection"",""co_posts"":164,""character_coverage"":1.0},{""copyright"":""girls_und_panzer"",""co_posts"":2,""character_coverage"":0.012195},{""copyright"":""kemono_friends"",""co_posts"":2,""character_coverage"":0.012195},{""copyright"":""elden_ring"",""co_posts"":1,""character_coverage"":0.006098},{""copyright"":""godzilla_(2014)"",""co_posts"":1,""character_coverage"":0.006098}]","","","PENDING",""
"I70-014619","kusunoki_shio","4","Character","172","","","","さくらのしおり","楠栞桜","","[{""copyright"":""indie_virtual_youtuber"",""co_posts"":167,""character_coverage"":1.0},{""copyright"":""hololive"",""co_posts"":2,""character_coverage"":0.011976},{""copyright"":"".live"",""co_posts"":1,""character_coverage"":0.005988},{""copyright"":""nier:automata"",""co_posts"":1,""character_coverage"":0.005988},{""copyright"":""nier_(series)"",""co_posts"":1,""character_coverage"":0.005988}]","","","PENDING",""
"I70-014620","kyokutei_bakin_(fate)","4","Character","172","","","","","曲亭馬琴 | 曲亭馬琴(FGO) | 曲亭馬琴(Fate) | 曲亭马琴 | 曲亭马琴(fate)","","[{""copyright"":""fate/grand_order"",""co_posts"":172,""character_coverage"":1.0},{""copyright"":""fate_(series)"",""co_posts"":172,""character_coverage"":1.0},{""copyright"":""kanagawa_okinami_ura"",""co_posts"":2,""character_coverage"":0.011628},{""copyright"":""aikatsu!_(series)"",""co_posts"":1,""character_coverage"":0.005814},{""copyright"":""arknights"",""co_posts"":1,""character_coverage"":0.005814}]","","","PENDING",""
"I70-014621","mai_(pokemon)","4","Character","172","yone_(pokemon),marley_(pokemon)","marley (pokemon) | yone (pokemon)","","ヨネ | ヨネ(トレーナー) | ヨネ(ポケモン)","","","[{""copyright"":""pokemon"",""co_posts"":166,""character_coverage"":1.0},{""copyright"":""pokemon_legends:_arceus"",""co_posts"":165,""character_coverage"":0.993976},{""copyright"":""pokemon_diamond/pearl/platinum"",""co_posts"":5,""character_coverage"":0.03012},{""copyright"":""pokemon_scarlet_and_violet"",""co_posts"":4,""character_coverage"":0.024096},{""copyright"":""pokemon_tcg"",""co_posts"":2,""character_coverage"":0.012048}]","","","PENDING",""
"I70-014622","midorikawa_lettuce","4","Character","172","bridget_verdant,midorikawa_retasu","bridget verdant | midorikawa retasu","","","碧川れたす","","[{""copyright"":""tokyo_mew_mew"",""co_posts"":149,""character_coverage"":1.0},{""copyright"":""tokyo_mew_mew_new"",""co_posts"":35,""character_coverage"":0.234899},{""copyright"":""bishoujo_senshi_sailor_moon"",""co_posts"":7,""character_coverage"":0.04698},{""copyright"":""precure"",""co_posts"":7,""character_coverage"":0.04698},{""copyright"":""yes!_precure_5"",""co_posts"":7,""character_coverage"":0.04698}]","","","PENDING",""
"I70-014623","mitsuru_(darling_in_the_franxx)","4","Character","172","","","","","ミツル(ダリフラ)","","[{""copyright"":""darling_in_the_franxx"",""co_posts"":118,""character_coverage"":1.0},{""copyright"":""durarara!!"",""co_posts"":2,""character_coverage"":0.016949},{""copyright"":""futari_wa_precure"",""co_posts"":2,""character_coverage"":0.016949},{""copyright"":""precure"",""co_posts"":2,""character_coverage"":0.016949},{""copyright"":""amazon_(company)"",""co_posts"":1,""character_coverage"":0.008475}]","","","PENDING",""
"I70-014624","mochida_arisa","4","Character","172","","","","","持田亜里沙","","[{""copyright"":""idolmaster"",""co_posts"":169,""character_coverage"":1.0},{""copyright"":""idolmaster_cinderella_girls"",""co_posts"":169,""character_coverage"":1.0},{""copyright"":""cinderella_girls_gekijou"",""co_posts"":22,""character_coverage"":0.130178},{""copyright"":""idolmaster_cinderella_girls_starlight_stage"",""co_posts"":21,""character_coverage"":0.12426},{""copyright"":""idolmaster_(classic)"",""co_posts"":3,""character_coverage"":0.017751}]","","","PENDING",""
"I70-014625","moon_(zelda)","4","Character","172","","","","月(ムジュラの仮面)","","","[{""copyright"":""the_legend_of_zelda"",""co_posts"":151,""character_coverage"":1.0},{""copyright"":""the_legend_of_zelda:_majora's_mask"",""co_posts"":150,""character_coverage"":0.993377},{""copyright"":""the_legend_of_zelda:_ocarina_of_time"",""co_posts"":22,""character_coverage"":0.145695},{""copyright"":""the_legend_of_zelda:_breath_of_the_wild"",""co_posts"":15,""character_coverage"":0.099338},{""copyright"":""the_legend_of_zelda:_twilight_princess"",""co_posts"":15,""character_coverage"":0.099338}]","","","PENDING",""
"I70-014626","mr._hood","4","Character","172","","","","","フードの男","","[{""copyright"":""homicipher"",""co_posts"":168,""character_coverage"":1.0},{""copyright"":""original"",""co_posts"":2,""character_coverage"":0.011905},{""copyright"":""danganronpa_(series)"",""co_posts"":1,""character_coverage"":0.005952},{""copyright"":""danganronpa_2:_goodbye_despair"",""co_posts"":1,""character_coverage"":0.005952},{""copyright"":""genshin_impact"",""co_posts"":1,""character_coverage"":0.005952}]","","","PENDING",""
"I70-014627","nakiri_ayame_(shrine_maiden)","4","Character","172","nakiri_ayame_(6th_costume)","nakiri ayame (6th costume)","","","","","[{""copyright"":""hololive"",""co_posts"":169,""character_coverage"":1.0},{""copyright"":""vspo!"",""co_posts"":2,""character_coverage"":0.011834},{""copyright"":""hololive_english"",""co_posts"":1,""character_coverage"":0.005917},{""copyright"":""hololive_indonesia"",""co_posts"":1,""character_coverage"":0.005917},{""copyright"":""indie_virtual_youtuber"",""co_posts"":1,""character_coverage"":0.005917}]","","","PENDING",""
"I70-014628","nargacuga","4","Character","172","","","","ナルガクルガ","","","[{""copyright"":""monster_hunter_(series)"",""co_posts"":161,""character_coverage"":0.993827},{""copyright"":""monster_hunter_portable_3rd"",""co_posts"":7,""character_coverage"":0.04321},{""copyright"":""monster_hunter_rise"",""co_posts"":7,""character_coverage"":0.04321},{""copyright"":""monster_hunter:_world"",""co_posts"":6,""character_coverage"":0.037037},{""copyright"":""touhou"",""co_posts"":6,""character_coverage"":0.037037}]","","","PENDING",""
"I70-014629","neko_(neko_to_chiyo)","4","Character","172","","","","","ねこ_(ねことちよ)","","[{""copyright"":""neko_to_chiyo"",""co_posts"":172,""character_coverage"":1.0}]","","","PENDING",""
"I70-014630","nicky_blake","4","Character","172","","","","ニッキーブレイク","","니키","[{""copyright"":""black_survival"",""co_posts"":161,""character_coverage"":1.0},{""copyright"":""eternal_return:_black_survival"",""co_posts"":129,""character_coverage"":0.801242},{""copyright"":""rabbit_hole_(vocaloid)"",""co_posts"":1,""character_coverage"":0.006211},{""copyright"":""touhou"",""co_posts"":1,""character_coverage"":0.006211}]","","","PENDING",""
"I70-014631","nitta_io","4","Character","172","","","","","新田維緒","","[{""copyright"":""devil_survivor_(series)"",""co_posts"":118,""character_coverage"":0.991597},{""copyright"":""devil_survivor_2"",""co_posts"":118,""character_coverage"":0.991597},{""copyright"":""megami_tensei"",""co_posts"":24,""character_coverage"":0.201681},{""copyright"":""atlus"",""co_posts"":18,""character_coverage"":0.151261},{""copyright"":""persona"",""co_posts"":3,""character_coverage"":0.02521}]","","","PENDING",""
"I70-014632","noah_(sound_voltex)","4","Character","172","","","","","ニアノア","","[{""copyright"":""bemani"",""co_posts"":163,""character_coverage"":1.0},{""copyright"":""sound_voltex"",""co_posts"":163,""character_coverage"":1.0},{""copyright"":""beatmania_iidx"",""co_posts"":2,""character_coverage"":0.01227},{""copyright"":""beatmania_iidx_16_empress"",""co_posts"":1,""character_coverage"":0.006135},{""copyright"":""jubeat"",""co_posts"":1,""character_coverage"":0.006135}]","","","PENDING",""
"I70-014633","onsokumaru","4","Character","172","","","","","音速丸","","[{""copyright"":""ninin_ga_shinobuden"",""co_posts"":141,""character_coverage"":0.992958},{""copyright"":""touhou"",""co_posts"":14,""character_coverage"":0.098592},{""copyright"":""kantai_collection"",""co_posts"":11,""character_coverage"":0.077465},{""copyright"":""azumanga_daioh"",""co_posts"":5,""character_coverage"":0.035211},{""copyright"":""original"",""co_posts"":5,""character_coverage"":0.035211}]","","","PENDING",""
"I70-014634","peter_pan_(disney)","4","Character","172","","","","ピーターパン","ピーターパン(ディズニー)","","[{""copyright"":""walt_disney's_peter_pan"",""co_posts"":124,""character_coverage"":1.0},{""copyright"":""disney"",""co_posts"":17,""character_coverage"":0.137097},{""copyright"":""aladdin_(movie)"",""co_posts"":12,""character_coverage"":0.096774},{""copyright"":""beauty_and_the_beast_(disney)"",""co_posts"":10,""character_coverage"":0.080645},{""copyright"":""the_little_mermaid_(disney)"",""co_posts"":9,""character_coverage"":0.072581}]","","","PENDING",""
"I70-014635","powder_(arcane)","4","Character","172","","","","パウダー","","powder","[{""copyright"":""league_of_legends"",""co_posts"":165,""character_coverage"":0.993976},{""copyright"":""arcane:_league_of_legends"",""co_posts"":164,""character_coverage"":0.987952},{""copyright"":""silent_hill_(series)"",""co_posts"":2,""character_coverage"":0.012048},{""copyright"":""2xko"",""co_posts"":1,""character_coverage"":0.006024},{""copyright"":""happy_tree_friends"",""co_posts"":1,""character_coverage"":0.006024}]","","","PENDING",""
"I70-014636","puss_in_boots_(shrek)","4","Character","172","","","","","プス","","[{""copyright"":""shrek_(series)"",""co_posts"":161,""character_coverage"":1.0},{""copyright"":""puss_in_boots:_the_last_wish"",""co_posts"":133,""character_coverage"":0.826087},{""copyright"":""garfield"",""co_posts"":6,""character_coverage"":0.037267},{""copyright"":""mario_(series)"",""co_posts"":6,""character_coverage"":0.037267},{""copyright"":""pokemon"",""co_posts"":6,""character_coverage"":0.037267}]","","","PENDING",""
"I70-014637","ramattra_(overwatch)","4","Character","172","","","","","ラマットラ","","[{""copyright"":""overwatch"",""co_posts"":159,""character_coverage"":0.99375},{""copyright"":""marvel"",""co_posts"":2,""character_coverage"":0.0125},{""copyright"":""marvel_rivals"",""co_posts"":2,""character_coverage"":0.0125},{""copyright"":""sousou_no_frieren"",""co_posts"":2,""character_coverage"":0.0125},{""copyright"":""bakemono_no_ko"",""co_posts"":1,""character_coverage"":0.00625}]","","","PENDING",""
"I70-014638","ren_(dramatical_murder)","4","Character","172","","","","","レン（劇的な殺人）","","[{""copyright"":""dramatical_murder"",""co_posts"":146,""character_coverage"":1.0},{""copyright"":""nitro+_chiral"",""co_posts"":11,""character_coverage"":0.075342},{""copyright"":""lamento"",""co_posts"":2,""character_coverage"":0.013699},{""copyright"":""mahou_shoujo_madoka_magica"",""co_posts"":2,""character_coverage"":0.013699},{""copyright"":""microsoft_windows"",""co_posts"":2,""character_coverage"":0.013699}]","","","PENDING",""
"I70-014639","rhyhorn","4","Character","172","","","","","サイホーン","","[{""copyright"":""pokemon"",""co_posts"":158,""character_coverage"":1.0},{""copyright"":""pokemon_red/green/blue/yellow"",""co_posts"":27,""character_coverage"":0.170886},{""copyright"":""pokemon_(anime)"",""co_posts"":26,""character_coverage"":0.164557},{""copyright"":""pokemon_firered_and_leafgreen"",""co_posts"":18,""character_coverage"":0.113924},{""copyright"":""pokemon_(classic_anime)"",""co_posts"":16,""character_coverage"":0.101266}]","","","PENDING",""
"I70-014640","sally_acorn","4","Character","172","","","","","サリー・エイコーン","","[{""copyright"":""sonic_(series)"",""co_posts"":146,""character_coverage"":1.0},{""copyright"":""sonic_the_hedgehog_(archie_comics)"",""co_posts"":102,""character_coverage"":0.69863},{""copyright"":""sonic_boom_(series)"",""co_posts"":10,""character_coverage"":0.068493},{""copyright"":""sonic_the_hedgehog_(classic)"",""co_posts"":9,""character_coverage"":0.061644},{""copyright"":""sonic_riders_(series)"",""co_posts"":7,""character_coverage"":0.047945}]","","","PENDING",""
"I70-014641","schierke_(berserk)","4","Character","172","","","","シールケ","","","[{""copyright"":""berserk"",""co_posts"":158,""character_coverage"":1.0},{""copyright"":""majo_no_takkyuubin"",""co_posts"":3,""character_coverage"":0.018987},{""copyright"":""soul_eater"",""co_posts"":2,""character_coverage"":0.012658},{""copyright"":""touhou"",""co_posts"":2,""character_coverage"":0.012658},{""copyright"":""animal_crossing"",""co_posts"":1,""character_coverage"":0.006329}]","","","PENDING",""
"I70-014642","seaplane_tender_princess","4","Character","172","seaplane_tender_hime","seaplane tender hime","","","水母棲姫","","[{""copyright"":""kantai_collection"",""co_posts"":168,""character_coverage"":1.0},{""copyright"":""dota_(series)"",""co_posts"":3,""character_coverage"":0.017857},{""copyright"":""dota_2"",""co_posts"":3,""character_coverage"":0.017857},{""copyright"":""gag_manga_biyori"",""co_posts"":2,""character_coverage"":0.011905},{""copyright"":""kamen_rider"",""co_posts"":2,""character_coverage"":0.011905}]","","","PENDING",""
"I70-014643","seeking_the_pearl_(umamusume)","4","Character","172","","","","","シーキングザパール(ウマ娘)","","[{""copyright"":""umamusume"",""co_posts"":162,""character_coverage"":1.0},{""copyright"":""umamusume:_cinderella_gray"",""co_posts"":5,""character_coverage"":0.030864},{""copyright"":""pokemon"",""co_posts"":4,""character_coverage"":0.024691},{""copyright"":""konjiki_no_gash!!"",""co_posts"":3,""character_coverage"":0.018519},{""copyright"":""kobayashi-san_chi_no_maidragon"",""co_posts"":2,""character_coverage"":0.012346}]","","","PENDING",""
"I70-014644","shigure_kira","4","Character","172","","","","","时雨绮罗 | 時雨綺羅","","[{""copyright"":""honkai_(series)"",""co_posts"":149,""character_coverage"":1.0},{""copyright"":""honkai_impact_3rd"",""co_posts"":142,""character_coverage"":0.95302},{""copyright"":""honkai_gakuen"",""co_posts"":9,""character_coverage"":0.060403},{""copyright"":""carnival_phantasm"",""co_posts"":1,""character_coverage"":0.006711},{""copyright"":""evanescence"",""co_posts"":1,""character_coverage"":0.006711}]","","","PENDING",""
"I70-014645","south_dakota_kai_(kancolle)","4","Character","172","","","","","SouthDakota改","","[{""copyright"":""kantai_collection"",""co_posts"":172,""character_coverage"":1.0},{""copyright"":""jojo_no_kimyou_na_bouken"",""co_posts"":2,""character_coverage"":0.011628},{""copyright"":""animal_crossing"",""co_posts"":1,""character_coverage"":0.005814},{""copyright"":""doraemon"",""co_posts"":1,""character_coverage"":0.005814},{""copyright"":""i_want_you"",""co_posts"":1,""character_coverage"":0.005814}]","","","PENDING",""
"I70-014646","swoobat","4","Character","172","","","","","ココロモリ","","[{""copyright"":""pokemon"",""co_posts"":162,""character_coverage"":1.0},{""copyright"":""pokemon_black_and_white"",""co_posts"":69,""character_coverage"":0.425926},{""copyright"":""pokemon_black_2_and_white_2"",""co_posts"":14,""character_coverage"":0.08642},{""copyright"":""pokemon_diamond/pearl/platinum"",""co_posts"":6,""character_coverage"":0.037037},{""copyright"":""pokemon_x_and_y"",""co_posts"":6,""character_coverage"":0.037037}]","","","PENDING",""
"I70-014647","tepetlisaurus_(genshin_impact)","4","Character","172","","","","","テペトル竜","","[{""copyright"":""genshin_impact"",""co_posts"":169,""character_coverage"":1.0},{""copyright"":""honkai_(series)"",""co_posts"":4,""character_coverage"":0.023669},{""copyright"":""mihoyo"",""co_posts"":4,""character_coverage"":0.023669},{""copyright"":""honkai:_star_rail"",""co_posts"":3,""character_coverage"":0.017751},{""copyright"":""honkai_impact_3rd"",""co_posts"":1,""character_coverage"":0.005917}]","","","PENDING",""
"I70-014648","thwackey","4","Character","172","","","","","バチンキー","","[{""copyright"":""pokemon"",""co_posts"":170,""character_coverage"":1.0},{""copyright"":""pokemon_sword_and_shield"",""co_posts"":49,""character_coverage"":0.288235},{""copyright"":""original"",""co_posts"":19,""character_coverage"":0.111765},{""copyright"":""pokemon_(anime)"",""co_posts"":5,""character_coverage"":0.029412},{""copyright"":""pokemon_journeys"",""co_posts"":5,""character_coverage"":0.029412}]","","","PENDING",""
"I70-014649","tokiwa_nanaka","4","Character","172","","","","","常盤ななか","","[{""copyright"":""mahou_shoujo_madoka_magica"",""co_posts"":169,""character_coverage"":1.0},{""copyright"":""magia_record:_mahou_shoujo_madoka_magica_gaiden"",""co_posts"":168,""character_coverage"":0.994083},{""copyright"":""mahou_shoujo_madoka_magica_magia_exedra"",""co_posts"":12,""character_coverage"":0.071006},{""copyright"":""mahou_shoujo_suzune_magica"",""co_posts"":6,""character_coverage"":0.035503},{""copyright"":""mahou_shoujo_kazumi_magica"",""co_posts"":5,""character_coverage"":0.029586}]","","","PENDING",""
"I70-014650","unzen_(sojourn_through_clear_seas)_(azur_lane)","4","Character","172","","","","","晴海水遊","","[{""copyright"":""azur_lane"",""co_posts"":148,""character_coverage"":1.0},{""copyright"":""azur_lane:_slow_ahead"",""co_posts"":4,""character_coverage"":0.027027}]","","","PENDING",""
"I70-014651","ushi_gozen_(avenger)_(fate)","4","Character","172","","","","","丑御前(アヴェンジャー)","","[{""copyright"":""fate_(series)"",""co_posts"":163,""character_coverage"":1.0},{""copyright"":""fate/grand_order"",""co_posts"":160,""character_coverage"":0.981595},{""copyright"":""fate/samurai_remnant"",""co_posts"":82,""character_coverage"":0.503067},{""copyright"":""umamusume"",""co_posts"":3,""character_coverage"":0.018405},{""copyright"":""my_melody_(series)"",""co_posts"":2,""character_coverage"":0.01227}]","","","PENDING",""
"I70-014652","valis","4","Character","172","","","","","ヴァリス","","[{""copyright"":""mugen_senshi_valis"",""co_posts"":142,""character_coverage"":1.0},{""copyright"":""athena_(series)"",""co_posts"":3,""character_coverage"":0.021127},{""copyright"":""bomberman"",""co_posts"":3,""character_coverage"":0.021127},{""copyright"":""castlevania_(series)"",""co_posts"":3,""character_coverage"":0.021127},{""copyright"":""dragon_quest"",""co_posts"":3,""character_coverage"":0.021127}]","","","PENDING",""
"I70-014653","vibrava","4","Character","172","","","","","ビブラーバ","","[{""copyright"":""pokemon"",""co_posts"":156,""character_coverage"":1.0},{""copyright"":""pokemon_ruby/sapphire/emerald"",""co_posts"":16,""character_coverage"":0.102564},{""copyright"":""pokemon_sword_and_shield"",""co_posts"":10,""character_coverage"":0.064103},{""copyright"":""pokemon_(anime)"",""co_posts"":7,""character_coverage"":0.044872},{""copyright"":""pokemon_diamond/pearl/platinum"",""co_posts"":7,""character_coverage"":0.044872}]","","","PENDING",""
"I70-014654","victor_grantz","4","Character","172","postman_(identity_v)","postman (identity v)","","","ビクター・グランツ","","[{""copyright"":""identity_v"",""co_posts"":166,""character_coverage"":1.0},{""copyright"":""lawson"",""co_posts"":2,""character_coverage"":0.012048},{""copyright"":""alien_nine"",""co_posts"":1,""character_coverage"":0.006024},{""copyright"":""animate_(company)"",""co_posts"":1,""character_coverage"":0.006024},{""copyright"":""doki_doki_literature_club"",""co_posts"":1,""character_coverage"":0.006024}]","","","PENDING",""
"I70-014655","wind_sneaker_(elsword)","4","Character","172","","","","ウィンドスニーカー | ウィンドスニーカー(エルソード) | レナウィンドスニーカー(エルソード)","","","[{""copyright"":""elsword"",""co_posts"":163,""character_coverage"":1.0},{""copyright"":""vocaloid"",""co_posts"":3,""character_coverage"":0.018405},{""copyright"":""black_bullet"",""co_posts"":1,""character_coverage"":0.006135}]","","","PENDING",""
"I70-014656","wulfenite_(arknights)","4","Character","172","","","","","ウルフェナイト(アークナイツ)","","[{""copyright"":""arknights"",""co_posts"":155,""character_coverage"":1.0}]","","","PENDING",""
"I70-014657","yagiri_namie","4","Character","172","","","","","矢霧波江","","[{""copyright"":""durarara!!"",""co_posts"":156,""character_coverage"":1.0},{""copyright"":""ghost_in_the_shell"",""co_posts"":3,""character_coverage"":0.019231},{""copyright"":""ghost_in_the_shell:_stand_alone_complex"",""co_posts"":3,""character_coverage"":0.019231},{""copyright"":""baccano!"",""co_posts"":2,""character_coverage"":0.012821},{""copyright"":""etsusa_oohashi"",""co_posts"":2,""character_coverage"":0.012821}]","","","PENDING",""
"I70-014658","yasaka_mahiro","4","Character","172","","","","","八坂真尋","","[{""copyright"":""haiyore!_nyaruko-san"",""co_posts"":154,""character_coverage"":1.0},{""copyright"":""cthulhu_mythos"",""co_posts"":5,""character_coverage"":0.032468},{""copyright"":""kamen_rider"",""co_posts"":5,""character_coverage"":0.032468},{""copyright"":""mahou_shoujo_madoka_magica"",""co_posts"":5,""character_coverage"":0.032468},{""copyright"":""mahou_shoujo_madoka_magica_(anime)"",""co_posts"":5,""character_coverage"":0.032468}]","","","PENDING",""
"I70-014659","yuzuki_yukari_(lin)","4","Character","172","","","","","結月ゆかり凛","","[{""copyright"":""voiceroid"",""co_posts"":170,""character_coverage"":0.994152},{""copyright"":""vocaloid"",""co_posts"":163,""character_coverage"":0.953216},{""copyright"":""cevio"",""co_posts"":8,""character_coverage"":0.046784},{""copyright"":""a.i._voice"",""co_posts"":6,""character_coverage"":0.035088},{""copyright"":""ca_(deino)"",""co_posts"":1,""character_coverage"":0.005848}]","","","PENDING",""
"I70-014660","aihara_mai","4","Character","171","","","","","相原舞","","[{""copyright"":""mahjong_soul"",""co_posts"":169,""character_coverage"":1.0},{""copyright"":""my_melody_(series)"",""co_posts"":4,""character_coverage"":0.023669},{""copyright"":""sanrio"",""co_posts"":4,""character_coverage"":0.023669},{""copyright"":""azur_lane"",""co_posts"":3,""character_coverage"":0.017751},{""copyright"":""fuwa_fuwa_cinnamoroll"",""co_posts"":2,""character_coverage"":0.011834}]","","","PENDING",""
"I70-014661","akimichi_chouji","4","Character","171","","","","","秋道チョウジ","","[{""copyright"":""naruto_(series)"",""co_posts"":133,""character_coverage"":1.0},{""copyright"":""naruto_(classic)"",""co_posts"":72,""character_coverage"":0.541353},{""copyright"":""naruto_shippuuden"",""co_posts"":61,""character_coverage"":0.458647},{""copyright"":""boruto_(series)"",""co_posts"":15,""character_coverage"":0.112782},{""copyright"":""boruto:_naruto_next_generations"",""co_posts"":11,""character_coverage"":0.082707}]","","","PENDING",""
"I70-014662","allial_(coefont)","4","Character","171","","","","","アリアル","","[{""copyright"":""coefont"",""co_posts"":168,""character_coverage"":1.0},{""copyright"":""cevio"",""co_posts"":14,""character_coverage"":0.083333},{""copyright"":""voiceroid"",""co_posts"":14,""character_coverage"":0.083333},{""copyright"":""vocaloid"",""co_posts"":11,""character_coverage"":0.065476},{""copyright"":""a.i._voice"",""co_posts"":10,""character_coverage"":0.059524}]","","","PENDING",""
"I70-014663","a-q_(madoka_magica)","4","Character","171","","","","","","","[{""copyright"":""mahou_shoujo_madoka_magica"",""co_posts"":170,""character_coverage"":1.0},{""copyright"":""mahou_shoujo_madoka_magica_magia_exedra"",""co_posts"":168,""character_coverage"":0.988235},{""copyright"":""magia_record:_mahou_shoujo_madoka_magica_gaiden"",""co_posts"":111,""character_coverage"":0.652941},{""copyright"":""mahou_shoujo_madoka_magica_(anime)"",""co_posts"":38,""character_coverage"":0.223529},{""copyright"":""mahou_shoujo_oriko_magica"",""co_posts"":19,""character_coverage"":0.111765}]","","","PENDING",""
"I70-014664","asahina_yuni","4","Character","171","","","","","朝日奈ゆに","","[{""copyright"":""kyou_wa_kanojo_ga_inai_kara"",""co_posts"":170,""character_coverage"":1.0},{""copyright"":""instagram"",""co_posts"":1,""character_coverage"":0.005882},{""copyright"":""twitter"",""co_posts"":1,""character_coverage"":0.005882}]","","","PENDING",""
"I70-014665","azami_(blue_archive)","4","Character","171","habu_azami","habu azami","","","アザミ(ブルーアーカイブ)","","[{""copyright"":""blue_archive"",""co_posts"":152,""character_coverage"":1.0},{""copyright"":""pokemon"",""co_posts"":3,""character_coverage"":0.019737},{""copyright"":""apex_legends"",""co_posts"":1,""character_coverage"":0.006579},{""copyright"":""arknights"",""co_posts"":1,""character_coverage"":0.006579},{""copyright"":""grand_theft_auto"",""co_posts"":1,""character_coverage"":0.006579}]","","","PENDING",""
"I70-014666","caenis_(swimsuit_rider)_(first_ascension)_(fate)","4","Character","171","","","","","Caenis（水着ライダー）（最初の昇天）（運命）","","[{""copyright"":""fate/grand_order"",""co_posts"":157,""character_coverage"":1.0},{""copyright"":""fate_(series)"",""co_posts"":157,""character_coverage"":1.0},{""copyright"":"".hack//"",""co_posts"":1,""character_coverage"":0.006369},{""copyright"":"".hack//g.u."",""co_posts"":1,""character_coverage"":0.006369},{""copyright"":""aa_megami-sama"",""co_posts"":1,""character_coverage"":0.006369}]","","","PENDING",""
"I70-014667","claydol","4","Character","171","","","","","ネンドール","","[{""copyright"":""pokemon"",""co_posts"":154,""character_coverage"":1.0},{""copyright"":""pokemon_ruby/sapphire/emerald"",""co_posts"":25,""character_coverage"":0.162338},{""copyright"":""pokemon_omega_ruby_and_alpha_sapphire"",""co_posts"":17,""character_coverage"":0.11039},{""copyright"":""pokemon_diamond/pearl/platinum"",""co_posts"":14,""character_coverage"":0.090909},{""copyright"":""pokemon_emerald"",""co_posts"":9,""character_coverage"":0.058442}]","","","PENDING",""
"I70-014668","cornet_espoir","4","Character","171","","","","","コルネット・エスポワール","","[{""copyright"":""marl_kingdom"",""co_posts"":125,""character_coverage"":1.0},{""copyright"":""rhapsody"",""co_posts"":115,""character_coverage"":0.92},{""copyright"":""little_princess"",""co_posts"":27,""character_coverage"":0.216},{""copyright"":""nippon_ichi"",""co_posts"":17,""character_coverage"":0.136},{""copyright"":""la_pucelle_tactics"",""co_posts"":5,""character_coverage"":0.04}]","","","PENDING",""
"I70-014669","demon_cleric","4","Character","171","","","","","あくましゅうどうし","","[{""copyright"":""maou-jou_de_oyasumi"",""co_posts"":170,""character_coverage"":1.0},{""copyright"":""bucchigiri?!"",""co_posts"":1,""character_coverage"":0.005882},{""copyright"":""comiket_102"",""co_posts"":1,""character_coverage"":0.005882},{""copyright"":""love_je_t'aime"",""co_posts"":1,""character_coverage"":0.005882}]","","","PENDING",""
"I70-014670","donatello_(tmnt)","4","Character","171","","","","","ドナテロ(タートルズ)","","[{""copyright"":""teenage_mutant_ninja_turtles"",""co_posts"":125,""character_coverage"":0.992063},{""copyright"":""teenage_mutant_ninja_turtles_(1987)"",""co_posts"":16,""character_coverage"":0.126984},{""copyright"":""pokemon"",""co_posts"":12,""character_coverage"":0.095238},{""copyright"":""naruto_(series)"",""co_posts"":7,""character_coverage"":0.055556},{""copyright"":""dragon_ball"",""co_posts"":6,""character_coverage"":0.047619}]","","","PENDING",""
"I70-014671","elysia_(golden_courtyard)_(honkai_impact)","4","Character","171","","","","","","","[{""copyright"":""honkai_(series)"",""co_posts"":155,""character_coverage"":1.0},{""copyright"":""honkai_impact_3rd"",""co_posts"":155,""character_coverage"":1.0},{""copyright"":""honkai:_star_rail"",""co_posts"":6,""character_coverage"":0.03871},{""copyright"":""mihoyo"",""co_posts"":3,""character_coverage"":0.019355},{""copyright"":""sono_bisque_doll_wa_koi_wo_suru"",""co_posts"":2,""character_coverage"":0.012903}]","","","PENDING",""
"I70-014672","fleurdelis_(yu-gi-oh!)","4","Character","171","","","","","fleurdelis（yu-gi-oh！）","","[{""copyright"":""yu-gi-oh!"",""co_posts"":153,""character_coverage"":1.0},{""copyright"":""yu-gi-oh!_master_duel"",""co_posts"":4,""character_coverage"":0.026144},{""copyright"":""comiket_103"",""co_posts"":1,""character_coverage"":0.006536},{""copyright"":""fate/grand_order"",""co_posts"":1,""character_coverage"":0.006536},{""copyright"":""fate_(series)"",""co_posts"":1,""character_coverage"":0.006536}]","","","PENDING",""
"I70-014673","fuyuka_(stella_sora)","4","Character","171","","","","","フユカ(ステラソラ)","","[{""copyright"":""stella_sora"",""co_posts"":167,""character_coverage"":1.0},{""copyright"":""blue_archive"",""co_posts"":3,""character_coverage"":0.017964},{""copyright"":""shigoto_neko"",""co_posts"":3,""character_coverage"":0.017964},{""copyright"":""yostar"",""co_posts"":1,""character_coverage"":0.005988}]","","","PENDING",""
"I70-014674","hata_matsuri","4","Character","171","","","","","秦祀","","[{""copyright"":""assault_lily"",""co_posts"":163,""character_coverage"":1.0},{""copyright"":""real_life"",""co_posts"":1,""character_coverage"":0.006135},{""copyright"":""touhou"",""co_posts"":1,""character_coverage"":0.006135}]","","","PENDING",""
"I70-014675","hound_(sekaiju)","4","Character","171","rover_(sekaiju)","rover (sekaiju)","","ハウンド(世界樹)","","","[{""copyright"":""sekaiju_no_meikyuu"",""co_posts"":166,""character_coverage"":1.0},{""copyright"":""sekaiju_no_meikyuu_5"",""co_posts"":165,""character_coverage"":0.993976},{""copyright"":""sekaiju_no_meikyuu_1"",""co_posts"":2,""character_coverage"":0.012048},{""copyright"":""kantai_collection"",""co_posts"":1,""character_coverage"":0.006024},{""copyright"":""original"",""co_posts"":1,""character_coverage"":0.006024}]","","","PENDING",""
"I70-014676","jacques_de_molay_(foreigner)_(second_ascension)_(fate)","4","Character","171","","","","","","","[{""copyright"":""fate/grand_order"",""co_posts"":166,""character_coverage"":1.0},{""copyright"":""fate_(series)"",""co_posts"":166,""character_coverage"":1.0},{""copyright"":""fate/grand_order_arcade"",""co_posts"":16,""character_coverage"":0.096386},{""copyright"":""comiket_99"",""co_posts"":1,""character_coverage"":0.006024},{""copyright"":""fate/extra"",""co_posts"":1,""character_coverage"":0.006024}]","","","PENDING",""
"I70-014677","jean-jacques_leroy","4","Character","171","","","","","ジャン・ジャック・ルロワ","","[{""copyright"":""yuri!!!_on_ice"",""co_posts"":170,""character_coverage"":1.0},{""copyright"":""instagram"",""co_posts"":2,""character_coverage"":0.011765},{""copyright"":""adventure_time"",""co_posts"":1,""character_coverage"":0.005882},{""copyright"":""animal_crossing"",""co_posts"":1,""character_coverage"":0.005882},{""copyright"":""ao_no_exorcist"",""co_posts"":1,""character_coverage"":0.005882}]","","","PENDING",""
"I70-014678","juli_(street_fighter)","4","Character","171","","","","ユーリ | ユーリ(ストリートファイター)","","","[{""copyright"":""street_fighter"",""co_posts"":150,""character_coverage"":1.0},{""copyright"":""street_fighter_zero_(series)"",""co_posts"":112,""character_coverage"":0.746667},{""copyright"":""street_fighter_ii_(series)"",""co_posts"":19,""character_coverage"":0.126667},{""copyright"":""final_fight"",""co_posts"":18,""character_coverage"":0.12},{""copyright"":""street_fighter_iv_(series)"",""co_posts"":13,""character_coverage"":0.086667}]","","","PENDING",""
"I70-014679","koshimizu_ami","4","Character","171","","","","","小清水亜美","","[{""copyright"":""kill_la_kill"",""co_posts"":54,""character_coverage"":0.362416},{""copyright"":""precure"",""co_posts"":39,""character_coverage"":0.261745},{""copyright"":""suite_precure"",""co_posts"":39,""character_coverage"":0.261745},{""copyright"":""spice_and_wolf"",""co_posts"":26,""character_coverage"":0.174497},{""copyright"":""world_witches_series"",""co_posts"":25,""character_coverage"":0.167785}]","","","PENDING",""
"I70-014680","kouzuki_oden","4","Character","171","","","","","光月おでん","","[{""copyright"":""one_piece"",""co_posts"":146,""character_coverage"":1.0},{""copyright"":""one_piece_card_game"",""co_posts"":7,""character_coverage"":0.047945},{""copyright"":""one_piece_everyday"",""co_posts"":2,""character_coverage"":0.013699},{""copyright"":""one_piece_treasure_cruise"",""co_posts"":2,""character_coverage"":0.013699},{""copyright"":""dragon_ball"",""co_posts"":1,""character_coverage"":0.006849}]","","","PENDING",""
"I70-014681","kusakabe_mei","4","Character","171","","","","草壁メイ","","","[{""copyright"":""tonari_no_totoro"",""co_posts"":153,""character_coverage"":0.987097},{""copyright"":""studio_ghibli"",""co_posts"":57,""character_coverage"":0.367742},{""copyright"":""majo_no_takkyuubin"",""co_posts"":36,""character_coverage"":0.232258},{""copyright"":""tenkuu_no_shiro_laputa"",""co_posts"":31,""character_coverage"":0.2},{""copyright"":""sen_to_chihiro_no_kamikakushi"",""co_posts"":26,""character_coverage"":0.167742}]","","","PENDING",""
"I70-014682","liliya_(kaetzchen)","4","Character","171","","","","","liliya（kaetzchen）","","[{""copyright"":""original"",""co_posts"":171,""character_coverage"":1.0}]","","","PENDING",""
"I70-014683","lumine_(hot_springs)_(genshin_impact)","4","Character","171","","","","","","","[{""copyright"":""genshin_impact"",""co_posts"":162,""character_coverage"":1.0},{""copyright"":""mihoyo"",""co_posts"":7,""character_coverage"":0.04321},{""copyright"":""zenless_zone_zero"",""co_posts"":6,""character_coverage"":0.037037},{""copyright"":""honkai:_star_rail"",""co_posts"":4,""character_coverage"":0.024691},{""copyright"":""honkai_(series)"",""co_posts"":4,""character_coverage"":0.024691}]","","","PENDING",""
"I70-014684","menace_mamaki","4","Character","171","","","","","","","[{""copyright"":""indie_virtual_youtuber"",""co_posts"":149,""character_coverage"":1.0},{""copyright"":""maitetsu"",""co_posts"":2,""character_coverage"":0.013423},{""copyright"":""resident_evil"",""co_posts"":2,""character_coverage"":0.013423},{""copyright"":""resident_evil_4"",""co_posts"":2,""character_coverage"":0.013423},{""copyright"":""resident_evil_4_(remake)"",""co_posts"":2,""character_coverage"":0.013423}]","","","PENDING",""
"I70-014685","micro_uzi_(girls'_frontline)","4","Character","171","micro_uzi_(girls_frontline)","micro uzi (girls frontline)","","MicroUzi(ドールズフロントライン)","MicroUzi(少女前線)","MicroUzi | UZI","[{""copyright"":""girls'_frontline"",""co_posts"":169,""character_coverage"":1.0},{""copyright"":""djmax"",""co_posts"":3,""character_coverage"":0.017751},{""copyright"":""djmax_respect"",""co_posts"":3,""character_coverage"":0.017751},{""copyright"":""real_life"",""co_posts"":3,""character_coverage"":0.017751},{""copyright"":""boy's_club"",""co_posts"":2,""character_coverage"":0.011834}]","","","PENDING",""
"I70-014686","moldir_(reverse:1999)","4","Character","171","","","","","モルダー","","[{""copyright"":""reverse:1999"",""co_posts"":159,""character_coverage"":1.0},{""copyright"":""frozen_(disney)"",""co_posts"":1,""character_coverage"":0.006289}]","","","PENDING",""
"I70-014687","momose_kurumi","4","Character","171","","","","","桃瀬くるみ","","[{""copyright"":""pani_poni_dash!"",""co_posts"":107,""character_coverage"":1.0},{""copyright"":""kashimashi"",""co_posts"":6,""character_coverage"":0.056075},{""copyright"":""kore_ga_watashi_no_goshujin-sama"",""co_posts"":2,""character_coverage"":0.018692},{""copyright"":""death_note"",""co_posts"":1,""character_coverage"":0.009346},{""copyright"":""galaxy_angel"",""co_posts"":1,""character_coverage"":0.009346}]","","","PENDING",""
"I70-014688","morgan_le_fay_(chaldea_satellite_station)_(fate)","4","Character","171","","","","","カルデア・サテライトステーション","","[{""copyright"":""fate/grand_order"",""co_posts"":153,""character_coverage"":1.0},{""copyright"":""fate_(series)"",""co_posts"":153,""character_coverage"":1.0},{""copyright"":""original"",""co_posts"":2,""character_coverage"":0.013072},{""copyright"":""fate/zero"",""co_posts"":1,""character_coverage"":0.006536},{""copyright"":""pixiv_fate/grand_order_contest_1"",""co_posts"":1,""character_coverage"":0.006536}]","","","PENDING",""
"I70-014689","nagatsuki_sanae","4","Character","171","","","","","長月早苗","","[{""copyright"":""shinryaku!_ikamusume"",""co_posts"":158,""character_coverage"":1.0},{""copyright"":""toaru_kagaku_no_railgun"",""co_posts"":9,""character_coverage"":0.056962},{""copyright"":""toaru_majutsu_no_index"",""co_posts"":9,""character_coverage"":0.056962},{""copyright"":""boku_wa_tomodachi_ga_sukunai"",""co_posts"":7,""character_coverage"":0.044304},{""copyright"":""mahou_shoujo_madoka_magica"",""co_posts"":5,""character_coverage"":0.031646}]","","","PENDING",""
"I70-014690","oboro_(taimanin_asagi)","4","Character","171","","","","","朧 | 朧(対魔忍アサギ)","","[{""copyright"":""taimanin_(series)"",""co_posts"":152,""character_coverage"":1.0},{""copyright"":""taimanin_asagi"",""co_posts"":132,""character_coverage"":0.868421},{""copyright"":""nuye"",""co_posts"":22,""character_coverage"":0.144737},{""copyright"":""kangoku_senkan"",""co_posts"":18,""character_coverage"":0.118421},{""copyright"":""koutetsu_no_majo_annerose"",""co_posts"":14,""character_coverage"":0.092105}]","","","PENDING",""
"I70-014691","oosaki_(ooe)","4","Character","171","","","","","大崎","","[{""copyright"":""animal_crossing"",""co_posts"":1,""character_coverage"":0.00625},{""copyright"":""grizzly_ni_osowaretara"",""co_posts"":1,""character_coverage"":0.00625},{""copyright"":""hello_kitty"",""co_posts"":1,""character_coverage"":0.00625},{""copyright"":""itazuraguma_no_gloomy"",""co_posts"":1,""character_coverage"":0.00625},{""copyright"":""mahou_shoujo_no_majo_saiban"",""co_posts"":1,""character_coverage"":0.00625}]","","","PENDING",""
"I70-014692","piro","4","Character","171","","","","","ピロ","","[{""copyright"":""kanon"",""co_posts"":154,""character_coverage"":0.980892},{""copyright"":""key_(company)"",""co_posts"":30,""character_coverage"":0.191083},{""copyright"":""little_busters!"",""co_posts"":25,""character_coverage"":0.159236},{""copyright"":""clannad"",""co_posts"":22,""character_coverage"":0.140127},{""copyright"":""air_(visual_novel)"",""co_posts"":19,""character_coverage"":0.121019}]","","","PENDING",""
"I70-014693","rapi_(classic_vacation)_(nikke)","4","Character","171","","","","ラピ:クラシックバカンス","","","[{""copyright"":""goddess_of_victory:_nikke"",""co_posts"":146,""character_coverage"":1.0},{""copyright"":""blue_archive"",""co_posts"":4,""character_coverage"":0.027397},{""copyright"":""nier:automata"",""co_posts"":2,""character_coverage"":0.013699},{""copyright"":""nier_(series)"",""co_posts"":2,""character_coverage"":0.013699},{""copyright"":"".hack//"",""co_posts"":1,""character_coverage"":0.006849}]","","","PENDING",""
"I70-014694","raven_branwen","4","Character","171","","","","レイヴン・ブランウェン","","raven_branwen | ravenbranwen","[{""copyright"":""rwby"",""co_posts"":144,""character_coverage"":0.993103},{""copyright"":""rooster_teeth"",""co_posts"":4,""character_coverage"":0.027586},{""copyright"":""rwby_chibi"",""co_posts"":2,""character_coverage"":0.013793},{""copyright"":""guilty_gear"",""co_posts"":1,""character_coverage"":0.006897},{""copyright"":""guilty_gear_strive"",""co_posts"":1,""character_coverage"":0.006897}]","","","PENDING",""
"I70-014695","ryouki_(senran_kagura)","4","Character","171","","","","","両姫","","[{""copyright"":""senran_kagura"",""co_posts"":161,""character_coverage"":1.0},{""copyright"":""senran_kagura_new_wave"",""co_posts"":79,""character_coverage"":0.490683},{""copyright"":""senran_kagura_new_link"",""co_posts"":46,""character_coverage"":0.285714},{""copyright"":""senran_kagura_estival_versus"",""co_posts"":14,""character_coverage"":0.086957},{""copyright"":""senran_kagura_peach_beach_splash"",""co_posts"":3,""character_coverage"":0.018634}]","","","PENDING",""
"I70-014696","sasaki_(suzumiya_haruhi)","4","Character","171","","","","","佐々木(涼宮ハルヒシリーズ)","","[{""copyright"":""suzumiya_haruhi_no_yuuutsu"",""co_posts"":162,""character_coverage"":1.0},{""copyright"":""suzumiya_haruhi-chan_no_yuuutsu"",""co_posts"":3,""character_coverage"":0.018519},{""copyright"":""suzumiya_haruhi_no_shoushitsu"",""co_posts"":3,""character_coverage"":0.018519},{""copyright"":""nagato_yuki-chan_no_shoushitsu"",""co_posts"":2,""character_coverage"":0.012346},{""copyright"":""ace_attorney"",""co_posts"":1,""character_coverage"":0.006173}]","","","PENDING",""
"I70-014697","schna_jang","4","Character","171","","","","","小金(project_moon)","","[{""copyright"":""project_moon"",""co_posts"":169,""character_coverage"":1.0},{""copyright"":""limbus_company"",""co_posts"":90,""character_coverage"":0.532544},{""copyright"":""library_of_ruina"",""co_posts"":17,""character_coverage"":0.100592},{""copyright"":""lobotomy_corporation"",""co_posts"":15,""character_coverage"":0.088757},{""copyright"":""arknights"",""co_posts"":2,""character_coverage"":0.011834}]","","","PENDING",""
"I70-014698","seele_vollerei_(wings_of_panacea)","4","Character","171","seele_vollerei_(apho)","seele vollerei (apho)","","","","","[{""copyright"":""honkai_(series)"",""co_posts"":144,""character_coverage"":1.0},{""copyright"":""honkai_impact_3rd"",""co_posts"":144,""character_coverage"":1.0},{""copyright"":""honkai:_star_rail"",""co_posts"":2,""character_coverage"":0.013889},{""copyright"":""pokemon"",""co_posts"":2,""character_coverage"":0.013889},{""copyright"":""honkai:_nexus_anima"",""co_posts"":1,""character_coverage"":0.006944}]","","","PENDING",""
"I70-014699","shiftry","4","Character","171","","","","","ダーテング","","[{""copyright"":""pokemon"",""co_posts"":155,""character_coverage"":1.0},{""copyright"":""pokemon_ruby/sapphire/emerald"",""co_posts"":17,""character_coverage"":0.109677},{""copyright"":""pokemon_scarlet_and_violet"",""co_posts"":17,""character_coverage"":0.109677},{""copyright"":""pokemon_sword_and_shield"",""co_posts"":15,""character_coverage"":0.096774},{""copyright"":""pokemon_omega_ruby_and_alpha_sapphire"",""co_posts"":8,""character_coverage"":0.051613}]","","","PENDING",""
"I70-014700","shinobi_(sekaiju)","4","Character","171","ninja_(sekaiju)","ninja (sekaiju)","","","シノビ","","[{""copyright"":""sekaiju_no_meikyuu"",""co_posts"":124,""character_coverage"":1.0},{""copyright"":""sekaiju_no_meikyuu_3"",""co_posts"":117,""character_coverage"":0.943548},{""copyright"":""sekaiju_no_meikyuu_hd"",""co_posts"":8,""character_coverage"":0.064516},{""copyright"":""sekaiju_no_meikyuu_2"",""co_posts"":6,""character_coverage"":0.048387},{""copyright"":""sekaiju_no_meikyuu_1"",""co_posts"":5,""character_coverage"":0.040323}]","","","PENDING",""
"I70-014701","shiranui_inori","4","Character","171","","","","","不知火祈","","[{""copyright"":""hanasaki_work_spring"",""co_posts"":150,""character_coverage"":1.0},{""copyright"":""sanoba_witch"",""co_posts"":5,""character_coverage"":0.033333},{""copyright"":""comiket_107"",""co_posts"":4,""character_coverage"":0.026667},{""copyright"":""lycoris_recoil"",""co_posts"":3,""character_coverage"":0.02},{""copyright"":""comiket_104"",""co_posts"":1,""character_coverage"":0.006667}]","","","PENDING",""
"I70-014702","shiroko_(reku)","4","Character","171","","","","しろ子","","","[{""copyright"":""original"",""co_posts"":164,""character_coverage"":0.993939},{""copyright"":""batman_(series)"",""co_posts"":1,""character_coverage"":0.006061},{""copyright"":""blazblue"",""co_posts"":1,""character_coverage"":0.006061},{""copyright"":""chunichi_dragons"",""co_posts"":1,""character_coverage"":0.006061},{""copyright"":""dc_comics"",""co_posts"":1,""character_coverage"":0.006061}]","","","PENDING",""
"I70-014703","stantler","4","Character","171","","","","","オドシシ","","[{""copyright"":""pokemon"",""co_posts"":159,""character_coverage"":1.0},{""copyright"":""pokemon_legends:_arceus"",""co_posts"":22,""character_coverage"":0.138365},{""copyright"":""pokemon_(anime)"",""co_posts"":15,""character_coverage"":0.09434},{""copyright"":""pokemon_gold/silver/crystal"",""co_posts"":12,""character_coverage"":0.075472},{""copyright"":""pokemon_heartgold_and_soulsilver"",""co_posts"":11,""character_coverage"":0.069182}]","","","PENDING",""
"I70-014704","superboy","4","Character","171","","","","","スーパーボーイ","","[{""copyright"":""dc_comics"",""co_posts"":159,""character_coverage"":1.0},{""copyright"":""superman_(series)"",""co_posts"":78,""character_coverage"":0.490566},{""copyright"":""super_sons"",""co_posts"":51,""character_coverage"":0.320755},{""copyright"":""young_justice"",""co_posts"":50,""character_coverage"":0.314465},{""copyright"":""batman_(series)"",""co_posts"":47,""character_coverage"":0.295597}]","","","PENDING",""
"I70-014705","tartaglia_(delusion)_(genshin_impact)","4","Character","171","","","","","邪タル","","[{""copyright"":""genshin_impact"",""co_posts"":169,""character_coverage"":1.0}]","","","PENDING",""
"I70-014706","terazaki_kaoru","4","Character","171","","","","","テラザキ・カオル","","[{""copyright"":""real_mo_tama_ni_wa_uso_wo_tsuku"",""co_posts"":169,""character_coverage"":1.0},{""copyright"":""comiket_102"",""co_posts"":2,""character_coverage"":0.011834},{""copyright"":""comiket_106"",""co_posts"":1,""character_coverage"":0.005917},{""copyright"":""irasutoya"",""co_posts"":1,""character_coverage"":0.005917},{""copyright"":""mcdonald's"",""co_posts"":1,""character_coverage"":0.005917}]","","","PENDING",""
"I70-014707","tsubame_(senran_kagura)","4","Character","171","","","","","燕(閃乱カグラ)","","[{""copyright"":""senran_kagura"",""co_posts"":165,""character_coverage"":1.0},{""copyright"":""senran_kagura_new_wave"",""co_posts"":160,""character_coverage"":0.969697},{""copyright"":""kirby_(series)"",""co_posts"":3,""character_coverage"":0.018182},{""copyright"":""bishoujo_senshi_sailor_moon"",""co_posts"":1,""character_coverage"":0.006061},{""copyright"":""bishoujo_senshi_sailor_moon_s"",""co_posts"":1,""character_coverage"":0.006061}]","","","PENDING",""
"I70-014708","ursaluna","4","Character","171","","","","","ガチグマ","","[{""copyright"":""pokemon"",""co_posts"":165,""character_coverage"":1.0},{""copyright"":""pokemon_legends:_arceus"",""co_posts"":54,""character_coverage"":0.327273},{""copyright"":""pokemon_scarlet_and_violet"",""co_posts"":30,""character_coverage"":0.181818},{""copyright"":""original"",""co_posts"":23,""character_coverage"":0.139394},{""copyright"":""pokemon_masters_ex"",""co_posts"":7,""character_coverage"":0.042424}]","","","PENDING",""
"I70-014709","vf-1s","4","Character","171","","","","","VF-1S","","[{""copyright"":""macross"",""co_posts"":152,""character_coverage"":1.0},{""copyright"":""choujikuu_yousai_macross"",""co_posts"":116,""character_coverage"":0.763158},{""copyright"":""macross:_do_you_remember_love?"",""co_posts"":80,""character_coverage"":0.526316},{""copyright"":""robotech"",""co_posts"":27,""character_coverage"":0.177632},{""copyright"":""macross_frontier"",""co_posts"":10,""character_coverage"":0.065789}]","","","PENDING",""
"I70-014710","vivlos_(casual)_(umamusume)","4","Character","171","","","","","","","[{""copyright"":""umamusume"",""co_posts"":163,""character_coverage"":1.0},{""copyright"":""super_gt"",""co_posts"":2,""character_coverage"":0.01227},{""copyright"":""yokohama_dena_baystars"",""co_posts"":2,""character_coverage"":0.01227},{""copyright"":""kemono_friends"",""co_posts"":1,""character_coverage"":0.006135},{""copyright"":""lycoris_recoil"",""co_posts"":1,""character_coverage"":0.006135}]","","","PENDING",""
"I70-014711","vivlos_(eclat_d'ete)_(umamusume)","4","Character","171","vivlos_(finest_smile_-_liftoff!)_(umamusume)","vivlos (finest smile - liftoff!) (umamusume)","","","極上スマイルはっし~ん♪","","[{""copyright"":""umamusume"",""co_posts"":138,""character_coverage"":1.0},{""copyright"":""comiket_107"",""co_posts"":1,""character_coverage"":0.007246}]","","","PENDING",""
"I70-014712","yukari_(princess_connect!)","4","Character","171","ayase_yukari","ayase yukari","","ユカリ | ユカリ(プリコネ) | 綾瀬ゆかり","","","[{""copyright"":""princess_connect!"",""co_posts"":165,""character_coverage"":1.0},{""copyright"":""cygames"",""co_posts"":6,""character_coverage"":0.036364},{""copyright"":""shadowverse"",""co_posts"":2,""character_coverage"":0.012121},{""copyright"":""helltaker"",""co_posts"":1,""character_coverage"":0.006061}]","","","PENDING",""
"I70-014713","amatsuka_mao","4","Character","170","","","","","天使真央","","[{""copyright"":""gj-bu"",""co_posts"":165,""character_coverage"":1.0},{""copyright"":""idolmaster"",""co_posts"":2,""character_coverage"":0.012121},{""copyright"":""idolmaster_cinderella_girls"",""co_posts"":2,""character_coverage"":0.012121},{""copyright"":""dark_souls_(series)"",""co_posts"":1,""character_coverage"":0.006061},{""copyright"":""jojo_no_kimyou_na_bouken"",""co_posts"":1,""character_coverage"":0.006061}]","","","PENDING",""
"I70-014714","amatsuka_megumi_(gj-bu)","4","Character","170","","","","","天使恵","","[{""copyright"":""gj-bu"",""co_posts"":166,""character_coverage"":1.0},{""copyright"":""getting_over_it"",""co_posts"":1,""character_coverage"":0.006024},{""copyright"":""mcdonald's"",""co_posts"":1,""character_coverage"":0.006024},{""copyright"":""mikakunin_de_shinkoukei"",""co_posts"":1,""character_coverage"":0.006024},{""copyright"":""nyantype"",""co_posts"":1,""character_coverage"":0.006024}]","","","PENDING",""
"I70-014715","archer_(honkai:_star_rail)_(fate)","4","Character","170","","","","","","","[{""copyright"":""fate_(series)"",""co_posts"":147,""character_coverage"":0.986577},{""copyright"":""fate/stay_night"",""co_posts"":146,""character_coverage"":0.979866},{""copyright"":""honkai:_star_rail"",""co_posts"":145,""character_coverage"":0.973154},{""copyright"":""honkai_(series)"",""co_posts"":145,""character_coverage"":0.973154},{""copyright"":""fate/unlimited_blade_works"",""co_posts"":84,""character_coverage"":0.563758}]","","","PENDING",""
"I70-014716","archer_(third_ascension)_(fate)","4","Character","170","","","","","","","[{""copyright"":""fate_(series)"",""co_posts"":165,""character_coverage"":1.0},{""copyright"":""fate/grand_order"",""co_posts"":151,""character_coverage"":0.915152},{""copyright"":""fate/stay_night"",""co_posts"":65,""character_coverage"":0.393939},{""copyright"":""fate/extra"",""co_posts"":3,""character_coverage"":0.018182},{""copyright"":""fate/kaleid_liner_prisma_illya"",""co_posts"":3,""character_coverage"":0.018182}]","","","PENDING",""
"I70-014717","asakura_nemu","4","Character","170","","","","","朝倉音夢","","[{""copyright"":""da_capo"",""co_posts"":118,""character_coverage"":1.0},{""copyright"":""da_capo_i"",""co_posts"":117,""character_coverage"":0.991525},{""copyright"":""megami_magazine"",""co_posts"":9,""character_coverage"":0.076271},{""copyright"":""da_capo_ii"",""co_posts"":7,""character_coverage"":0.059322},{""copyright"":""circus_(studio)"",""co_posts"":5,""character_coverage"":0.042373}]","","","PENDING",""
"I70-014718","atori_(aiyoku_shimai_lolita)","4","Character","170","","","","","","","[{""copyright"":""aiyoku_shimai_lolita"",""co_posts"":170,""character_coverage"":1.0}]","","","PENDING",""
"I70-014719","basculegion_(male)","4","Character","170","","","","","イダイトウ♂","","[{""copyright"":""pokemon"",""co_posts"":164,""character_coverage"":1.0},{""copyright"":""pokemon_legends:_arceus"",""co_posts"":54,""character_coverage"":0.329268},{""copyright"":""original"",""co_posts"":11,""character_coverage"":0.067073},{""copyright"":""pokemon_champions"",""co_posts"":6,""character_coverage"":0.036585},{""copyright"":""pokemon_scarlet_and_violet"",""co_posts"":4,""character_coverage"":0.02439}]","","","PENDING",""
"I70-014720","billy_(peach88)","4","Character","170","billy_(peach_momozen)","billy (peach momozen)","","","ビリー（ピーチ・モーズン）","","[{""copyright"":""original"",""co_posts"":170,""character_coverage"":1.0},{""copyright"":""barbie_(franchise)"",""co_posts"":1,""character_coverage"":0.005882},{""copyright"":""barbie_(live_action)"",""co_posts"":1,""character_coverage"":0.005882},{""copyright"":""john_wick"",""co_posts"":1,""character_coverage"":0.005882}]","","","PENDING",""
"I70-014721","brid_(silent_track)_(nikke)","4","Character","170","","","","","ブリッド:サイレントトラック","","[{""copyright"":""goddess_of_victory:_nikke"",""co_posts"":166,""character_coverage"":1.0},{""copyright"":""zenless_zone_zero"",""co_posts"":4,""character_coverage"":0.024096},{""copyright"":""girls'_frontline"",""co_posts"":2,""character_coverage"":0.012048},{""copyright"":""girls'_frontline_2:_exilium"",""co_posts"":2,""character_coverage"":0.012048},{""copyright"":""wuthering_waves"",""co_posts"":2,""character_coverage"":0.012048}]","","","PENDING",""
"I70-014722","brittany_(pikmin)","4","Character","170","","","","","ブリトニー","","[{""copyright"":""pikmin_(series)"",""co_posts"":157,""character_coverage"":1.0},{""copyright"":""pikmin_3"",""co_posts"":64,""character_coverage"":0.407643},{""copyright"":""splatoon_(series)"",""co_posts"":4,""character_coverage"":0.025478},{""copyright"":""super_smash_bros."",""co_posts"":3,""character_coverage"":0.019108},{""copyright"":""animal_crossing"",""co_posts"":2,""character_coverage"":0.012739}]","","","PENDING",""
"I70-014723","buro_(muse_dash)","4","Character","170","","","","ブロウ","布若","Buro","[{""copyright"":""muse_dash"",""co_posts"":161,""character_coverage"":1.0},{""copyright"":""touhou"",""co_posts"":15,""character_coverage"":0.093168},{""copyright"":""arknights"",""co_posts"":10,""character_coverage"":0.062112},{""copyright"":""needy_girl_overdose"",""co_posts"":5,""character_coverage"":0.031056},{""copyright"":""blue_archive"",""co_posts"":3,""character_coverage"":0.018634}]","","","PENDING",""
"I70-014724","casshern","4","Character","170","","","","","キャシャーン","","[{""copyright"":""casshern_(series)"",""co_posts"":153,""character_coverage"":1.0},{""copyright"":""casshern_sins"",""co_posts"":126,""character_coverage"":0.823529},{""copyright"":""gatchaman"",""co_posts"":7,""character_coverage"":0.045752},{""copyright"":""tatsunoko_vs._capcom"",""co_posts"":7,""character_coverage"":0.045752},{""copyright"":""devilman"",""co_posts"":6,""character_coverage"":0.039216}]","","","PENDING",""
"I70-014725","clarice_(disney)","4","Character","170","","","","","クラリス(ディズニー)","","[{""copyright"":""mickey_mouse_&_friends"",""co_posts"":108,""character_coverage"":1.0},{""copyright"":""disneyland"",""co_posts"":18,""character_coverage"":0.166667},{""copyright"":""disney"",""co_posts"":8,""character_coverage"":0.074074},{""copyright"":""the_three_caballeros"",""co_posts"":8,""character_coverage"":0.074074},{""copyright"":""duffy_and_friends"",""co_posts"":3,""character_coverage"":0.027778}]","","","PENDING",""
"I70-014726","cleopatra_(azur_lane)","4","Character","170","","","","","クレオパトラ(アズールレーン)","","[{""copyright"":""azur_lane"",""co_posts"":162,""character_coverage"":1.0},{""copyright"":""azur_lane:_slow_ahead"",""co_posts"":16,""character_coverage"":0.098765},{""copyright"":""comiket_108"",""co_posts"":2,""character_coverage"":0.012346}]","","","PENDING",""
"I70-014727","desco_(disgaea)","4","Character","170","","","","デスコ | デスコ(魔界戦記ディスガイア4)","","","[{""copyright"":""disgaea"",""co_posts"":160,""character_coverage"":1.0},{""copyright"":""makai_senki_disgaea_4"",""co_posts"":136,""character_coverage"":0.85},{""copyright"":""disgaea_rpg"",""co_posts"":20,""character_coverage"":0.125},{""copyright"":""makai_senki_disgaea_3"",""co_posts"":10,""character_coverage"":0.0625},{""copyright"":""makai_senki_disgaea_2"",""co_posts"":9,""character_coverage"":0.05625}]","","","PENDING",""
"I70-014728","dwebble","4","Character","170","","","","","イシズマイ","","[{""copyright"":""pokemon"",""co_posts"":162,""character_coverage"":1.0},{""copyright"":""pokemon_black_and_white"",""co_posts"":37,""character_coverage"":0.228395},{""copyright"":""pokemon_(anime)"",""co_posts"":7,""character_coverage"":0.04321},{""copyright"":""pokemon_tcg"",""co_posts"":7,""character_coverage"":0.04321},{""copyright"":""pokemon_the_series:_black_&_white"",""co_posts"":5,""character_coverage"":0.030864}]","","","PENDING",""
"I70-014729","elf_(houtengeki)","4","Character","170","","","","","エルフ（houtengeki）","","[{""copyright"":""original"",""co_posts"":168,""character_coverage"":1.0},{""copyright"":""egyptian_mythology"",""co_posts"":2,""character_coverage"":0.011905}]","","","PENDING",""
"I70-014730","erstin_ho","4","Character","170","","","","","エルスティン・ホー","","[{""copyright"":""my-otome"",""co_posts"":127,""character_coverage"":1.0},{""copyright"":""my-hime"",""co_posts"":4,""character_coverage"":0.031496},{""copyright"":""gundam"",""co_posts"":2,""character_coverage"":0.015748},{""copyright"":""gundam_seed"",""co_posts"":2,""character_coverage"":0.015748},{""copyright"":""gundam_seed_destiny"",""co_posts"":2,""character_coverage"":0.015748}]","","","PENDING",""
"I70-014731","garnet_(steven_universe)","4","Character","170","","","","","ガーネット(スティーブン・ユニバース)","","[{""copyright"":""steven_universe"",""co_posts"":124,""character_coverage"":1.0},{""copyright"":""steven_universe_future"",""co_posts"":9,""character_coverage"":0.072581},{""copyright"":""kekkai_sensen"",""co_posts"":4,""character_coverage"":0.032258},{""copyright"":""cartoon_network"",""co_posts"":3,""character_coverage"":0.024194},{""copyright"":""dc_comics"",""co_posts"":3,""character_coverage"":0.024194}]","","","PENDING",""
"I70-014732","helen_(starlit_waltz)_(girls'_frontline_2)","4","Character","170","","","","","星夜のワルツ","","[{""copyright"":""girls'_frontline"",""co_posts"":156,""character_coverage"":1.0},{""copyright"":""girls'_frontline_2:_exilium"",""co_posts"":156,""character_coverage"":1.0},{""copyright"":""blue_archive"",""co_posts"":2,""character_coverage"":0.012821},{""copyright"":""fire_emblem"",""co_posts"":2,""character_coverage"":0.012821},{""copyright"":""fire_emblem:_three_houses"",""co_posts"":2,""character_coverage"":0.012821}]","","","PENDING",""
"I70-014733","hyuuga_kai_ni_(kancolle)","4","Character","170","","","","","日向改二","","[{""copyright"":""kantai_collection"",""co_posts"":165,""character_coverage"":1.0},{""copyright"":""aquarion_(series)"",""co_posts"":1,""character_coverage"":0.006061},{""copyright"":""azur_lane"",""co_posts"":1,""character_coverage"":0.006061},{""copyright"":""lucky_star"",""co_posts"":1,""character_coverage"":0.006061},{""copyright"":""lupin_iii"",""co_posts"":1,""character_coverage"":0.006061}]","","","PENDING",""
"I70-014734","impidimp","4","Character","170","","","","","ベロバー","","[{""copyright"":""pokemon"",""co_posts"":165,""character_coverage"":1.0},{""copyright"":""pokemon_sword_and_shield"",""co_posts"":49,""character_coverage"":0.29697},{""copyright"":""pokemon_(anime)"",""co_posts"":10,""character_coverage"":0.060606},{""copyright"":""pokemon_journeys"",""co_posts"":8,""character_coverage"":0.048485},{""copyright"":""original"",""co_posts"":7,""character_coverage"":0.042424}]","","","PENDING",""
"I70-014735","isis_(p&d)","4","Character","170","","","","イシス | イシス(パズドラ) | パズドラ学園 | 煌命聖海神・イシス | 特待生イシス | 聖海神・イシス | 蒼月聖海神・イシス","","","[{""copyright"":""puzzle_&_dragons"",""co_posts"":166,""character_coverage"":1.0},{""copyright"":""dagashi_kashi"",""co_posts"":1,""character_coverage"":0.006024},{""copyright"":""love_plus"",""co_posts"":1,""character_coverage"":0.006024}]","","","PENDING",""
"I70-014736","italia_(kancolle)","4","Character","170","italia_(kantai_collection)","italia (kantai collection)","","イタリア","","","[{""copyright"":""kantai_collection"",""co_posts"":164,""character_coverage"":0.993939},{""copyright"":""fate/grand_order"",""co_posts"":3,""character_coverage"":0.018182},{""copyright"":""fate_(series)"",""co_posts"":3,""character_coverage"":0.018182},{""copyright"":""gotcha!"",""co_posts"":3,""character_coverage"":0.018182},{""copyright"":""original"",""co_posts"":3,""character_coverage"":0.018182}]","","","PENDING",""
"I70-014737","jecht","4","Character","170","","","","","ジェクト","","[{""copyright"":""final_fantasy"",""co_posts"":149,""character_coverage"":1.0},{""copyright"":""final_fantasy_x"",""co_posts"":148,""character_coverage"":0.993289},{""copyright"":""dissidia_final_fantasy"",""co_posts"":71,""character_coverage"":0.47651},{""copyright"":""final_fantasy_vi"",""co_posts"":41,""character_coverage"":0.275168},{""copyright"":""final_fantasy_viii"",""co_posts"":40,""character_coverage"":0.268456}]","","","PENDING",""
"I70-014738","kaburaki_roco_(1st_costume)","4","Character","170","","","","","鏑木ろこ(通常)","","[{""copyright"":""nijisanji"",""co_posts"":162,""character_coverage"":1.0},{""copyright"":""minecraft"",""co_posts"":2,""character_coverage"":0.012346},{""copyright"":""nijisanji_en"",""co_posts"":2,""character_coverage"":0.012346},{""copyright"":""nijisanji_kr"",""co_posts"":2,""character_coverage"":0.012346},{""copyright"":""girl_with_a_pearl_earring"",""co_posts"":1,""character_coverage"":0.006173}]","","","PENDING",""
"I70-014739","kagamine_rin_(vocaloid4)","4","Character","170","","","","","鏡音リンV4X","","[{""copyright"":""vocaloid"",""co_posts"":153,""character_coverage"":1.0},{""copyright"":""aku_no_meshitsukai_(vocaloid)"",""co_posts"":4,""character_coverage"":0.026144},{""copyright"":""aku_no_musume_(vocaloid)"",""co_posts"":4,""character_coverage"":0.026144},{""copyright"":""evillious_nendaiki"",""co_posts"":4,""character_coverage"":0.026144},{""copyright"":""gekokujou_(vocaloid)"",""co_posts"":3,""character_coverage"":0.019608}]","","","PENDING",""
"I70-014740","kagawa_makina","4","Character","170","","","","","賀川蒔菜","","[{""copyright"":""assault_lily"",""co_posts"":164,""character_coverage"":1.0},{""copyright"":""suika_game"",""co_posts"":1,""character_coverage"":0.006098}]","","","PENDING",""
"I70-014741","kakure_meme","4","Character","170","","","","","華暮愛々","","[{""copyright"":""kimi_no_koto_ga_dai_dai_dai_dai_daisuki_na_100-nin_no_kanojo"",""co_posts"":139,""character_coverage"":1.0},{""copyright"":""cars_(movie)"",""co_posts"":1,""character_coverage"":0.007194},{""copyright"":""devil_may_cry_(series)"",""co_posts"":1,""character_coverage"":0.007194},{""copyright"":""devil_may_cry_5"",""co_posts"":1,""character_coverage"":0.007194},{""copyright"":""gakuen_idolmaster"",""co_posts"":1,""character_coverage"":0.007194}]","","","PENDING",""
"I70-014742","king_(tekken)","4","Character","170","","","","","キング(鉄拳)","","[{""copyright"":""tekken"",""co_posts"":148,""character_coverage"":0.993289},{""copyright"":""tekken_8"",""co_posts"":25,""character_coverage"":0.167785},{""copyright"":""the_king_of_fighters"",""co_posts"":18,""character_coverage"":0.120805},{""copyright"":""street_fighter"",""co_posts"":11,""character_coverage"":0.073826},{""copyright"":""fatal_fury"",""co_posts"":7,""character_coverage"":0.04698}]","","","PENDING",""
"I70-014743","komagata_hanabi","4","Character","170","","","","","駒形花火","","[{""copyright"":""ikizulive!_love_live!_bluebird"",""co_posts"":158,""character_coverage"":1.0},{""copyright"":""love_live!"",""co_posts"":158,""character_coverage"":1.0},{""copyright"":""what_is_my_life?_(love_live!)"",""co_posts"":39,""character_coverage"":0.246835},{""copyright"":""love_live!_nijigasaki_high_school_idol_club"",""co_posts"":6,""character_coverage"":0.037975},{""copyright"":""love_live!_days:_love_live!_general_magazine"",""co_posts"":5,""character_coverage"":0.031646}]","","","PENDING",""
"I70-014744","komako_semenovich","4","Character","170","","","","","コマコ・セメノビッチ","","[{""copyright"":""shoujo_ramune"",""co_posts"":167,""character_coverage"":1.0},{""copyright"":""hololive"",""co_posts"":2,""character_coverage"":0.011976},{""copyright"":""mushoku_tensei"",""co_posts"":1,""character_coverage"":0.005988},{""copyright"":""non_non_biyori"",""co_posts"":1,""character_coverage"":0.005988}]","","","PENDING",""
"I70-014745","kondou_isao","4","Character","170","kondo_isao","kondo isao","","","近藤勲","","[{""copyright"":""gintama"",""co_posts"":155,""character_coverage"":1.0},{""copyright"":""crayon_shin-chan"",""co_posts"":2,""character_coverage"":0.012903},{""copyright"":""fate/grand_order"",""co_posts"":2,""character_coverage"":0.012903},{""copyright"":""fate_(series)"",""co_posts"":2,""character_coverage"":0.012903},{""copyright"":""ghost_in_the_shell"",""co_posts"":2,""character_coverage"":0.012903}]","","","PENDING",""
"I70-014746","kurozumi_tama","4","Character","170","otama_(one_piece),tama_(one_piece)","otama (one piece) | tama (one piece)","","","お玉(ONEPIECE)","","[{""copyright"":""one_piece"",""co_posts"":149,""character_coverage"":1.0},{""copyright"":""one_piece_card_game"",""co_posts"":12,""character_coverage"":0.080537},{""copyright"":""one_piece_film:_red"",""co_posts"":6,""character_coverage"":0.040268},{""copyright"":""one_piece_everyday"",""co_posts"":2,""character_coverage"":0.013423},{""copyright"":""bleach"",""co_posts"":1,""character_coverage"":0.006711}]","","","PENDING",""
"I70-014747","kushana","4","Character","170","","","","","クシャナ","","[{""copyright"":""kaze_no_tani_no_nausicaa"",""co_posts"":161,""character_coverage"":1.0},{""copyright"":""studio_ghibli"",""co_posts"":19,""character_coverage"":0.118012},{""copyright"":""mononoke_hime"",""co_posts"":8,""character_coverage"":0.049689},{""copyright"":""tenkuu_no_shiro_laputa"",""co_posts"":7,""character_coverage"":0.043478},{""copyright"":""tonari_no_totoro"",""co_posts"":7,""character_coverage"":0.043478}]","","","PENDING",""
"I70-014748","little_match_girl","4","Character","170","","","","","マッチ売りの少女","","[{""copyright"":""andersen's_fairy_tales"",""co_posts"":153,""character_coverage"":0.916168},{""copyright"":""original"",""co_posts"":32,""character_coverage"":0.191617},{""copyright"":""kantai_collection"",""co_posts"":18,""character_coverage"":0.107784},{""copyright"":""arknights"",""co_posts"":15,""character_coverage"":0.08982},{""copyright"":""touhou"",""co_posts"":8,""character_coverage"":0.047904}]","","","PENDING",""
"I70-014749","marie_antoinette_alter_(first_ascension)_(fate)","4","Character","170","marie_antoinette_(alter)_(first_ascension)_(fate)","marie antoinette (alter) (first ascension) (fate)","","","","","[{""copyright"":""fate/grand_order"",""co_posts"":153,""character_coverage"":1.0},{""copyright"":""fate_(series)"",""co_posts"":153,""character_coverage"":1.0},{""copyright"":""learning_with_manga!_fgo"",""co_posts"":2,""character_coverage"":0.013072},{""copyright"":""fate/grand_order_arcade"",""co_posts"":1,""character_coverage"":0.006536},{""copyright"":""hololive"",""co_posts"":1,""character_coverage"":0.006536}]","","","PENDING",""
"I70-014750","milfa_(to_heart)","4","Character","170","hmx-17b","hmx-17b","","","Milfa（心へ）","","[{""copyright"":""to_heart_(series)"",""co_posts"":164,""character_coverage"":1.0},{""copyright"":""to_heart_2"",""co_posts"":164,""character_coverage"":1.0},{""copyright"":""to_heart_2_ad"",""co_posts"":113,""character_coverage"":0.689024},{""copyright"":""to_heart"",""co_posts"":2,""character_coverage"":0.012195},{""copyright"":""megami_magazine"",""co_posts"":1,""character_coverage"":0.006098}]","","","PENDING",""
"I70-014751","murakami_tamotsu","4","Character","170","","","","","村上","","[{""copyright"":""tobaku_mokushiroku_kaiji"",""co_posts"":170,""character_coverage"":1.0},{""copyright"":""joukyou_seikatsuroku_ichijou"",""co_posts"":42,""character_coverage"":0.247059},{""copyright"":""akagi:_yami_ni_oritatta_tensai"",""co_posts"":7,""character_coverage"":0.041176},{""copyright"":""fukumoto_mahjong"",""co_posts"":7,""character_coverage"":0.041176},{""copyright"":""gin_to_kin"",""co_posts"":7,""character_coverage"":0.041176}]","","","PENDING",""
"I70-014752","nanahira","4","Character","170","","","","","ななひら","","[{""copyright"":""indie_utaite"",""co_posts"":152,""character_coverage"":0.955975},{""copyright"":""indie_virtual_youtuber"",""co_posts"":53,""character_coverage"":0.333333},{""copyright"":""camellia_(musician)"",""co_posts"":32,""character_coverage"":0.201258},{""copyright"":""real_life"",""co_posts"":3,""character_coverage"":0.018868},{""copyright"":""hinako_note"",""co_posts"":2,""character_coverage"":0.012579}]","","","PENDING",""
"I70-014753","noire_(ultra_dimension)_(neptunia)","4","Character","170","","","","","","","[{""copyright"":""neptune_(series)"",""co_posts"":157,""character_coverage"":1.0},{""copyright"":""kami_jigen_game_neptune_v"",""co_posts"":66,""character_coverage"":0.420382},{""copyright"":""chou_megami_shinkou_noire_gekishin_black_heart"",""co_posts"":31,""character_coverage"":0.197452},{""copyright"":""choujigen_game_neptune"",""co_posts"":6,""character_coverage"":0.038217},{""copyright"":""kfc"",""co_posts"":2,""character_coverage"":0.012739}]","","","PENDING",""
"I70-014754","ohitome_kohane","4","Character","170","","","","小一孁こはね","","","[{""copyright"":""project_kv"",""co_posts"":164,""character_coverage"":1.0},{""copyright"":""blue_archive"",""co_posts"":29,""character_coverage"":0.176829},{""copyright"":""girls'_frontline"",""co_posts"":2,""character_coverage"":0.012195},{""copyright"":""kagurabachi"",""co_posts"":2,""character_coverage"":0.012195},{""copyright"":""marvel"",""co_posts"":2,""character_coverage"":0.012195}]","","","PENDING",""
"I70-014755","otogi_(c108_swimsuit)_(blue_archive)","4","Character","170","","","","","","","[{""copyright"":""blue_archive"",""co_posts"":118,""character_coverage"":1.0}]","","","PENDING",""
"I70-014756","paffy_pafuricia","4","Character","170","","","","","パッフィー・パフリシア","","[{""copyright"":""haou_taikei_ryuu_knight"",""co_posts"":158,""character_coverage"":1.0},{""copyright"":""bishoujo_senshi_sailor_moon"",""co_posts"":3,""character_coverage"":0.018987},{""copyright"":""idolmaster"",""co_posts"":3,""character_coverage"":0.018987},{""copyright"":""idolmaster_cinderella_girls"",""co_posts"":3,""character_coverage"":0.018987},{""copyright"":""knight_lamune_&_40_(series)"",""co_posts"":3,""character_coverage"":0.018987}]","","","PENDING",""
"I70-014757","phara_suyuf","4","Character","170","","","","ファラ・スユーフ","","","[{""copyright"":""senki_zesshou_symphogear"",""co_posts"":166,""character_coverage"":1.0},{""copyright"":""pokemon"",""co_posts"":4,""character_coverage"":0.024096},{""copyright"":""houseki_no_kuni"",""co_posts"":3,""character_coverage"":0.018072},{""copyright"":""senki_zesshou_symphogear_xd_unlimited"",""co_posts"":2,""character_coverage"":0.012048},{""copyright"":""amazon_(company)"",""co_posts"":1,""character_coverage"":0.006024}]","","","PENDING",""
"I70-014758","pyrois_(zenless_zone_zero)","4","Character","170","","","","","","","[{""copyright"":""zenless_zone_zero"",""co_posts"":127,""character_coverage"":1.0},{""copyright"":""jojo_no_kimyou_na_bouken"",""co_posts"":4,""character_coverage"":0.031496},{""copyright"":""stardust_crusaders"",""co_posts"":3,""character_coverage"":0.023622},{""copyright"":""battle_tendency"",""co_posts"":1,""character_coverage"":0.007874},{""copyright"":""gameoverse"",""co_posts"":1,""character_coverage"":0.007874}]","","","PENDING",""
"I70-014759","rue_(princess_tutu)","4","Character","170","","","","","黒羽るう","","[{""copyright"":""princess_tutu"",""co_posts"":158,""character_coverage"":1.0},{""copyright"":""swan_lake"",""co_posts"":5,""character_coverage"":0.031646},{""copyright"":""alice's_adventures_in_wonderland"",""co_posts"":2,""character_coverage"":0.012658},{""copyright"":""deltarune"",""co_posts"":2,""character_coverage"":0.012658},{""copyright"":""panty_&_stocking_with_garterbelt"",""co_posts"":2,""character_coverage"":0.012658}]","","","PENDING",""
"I70-014760","samantha_eve_wilkins","4","Character","170","","","","","","","[{""copyright"":""invincible_(series)"",""co_posts"":141,""character_coverage"":1.0},{""copyright"":""dispatch"",""co_posts"":3,""character_coverage"":0.021277},{""copyright"":""marvel"",""co_posts"":3,""character_coverage"":0.021277},{""copyright"":""spider-man_(series)"",""co_posts"":3,""character_coverage"":0.021277},{""copyright"":""hello_kitty"",""co_posts"":2,""character_coverage"":0.014184}]","","","PENDING",""
"I70-014761","sashou_mihiro_(infinote)","4","Character","170","","","","佐紹ミヒロ","","","[{""copyright"":""original"",""co_posts"":167,""character_coverage"":1.0},{""copyright"":""fate/grand_order"",""co_posts"":3,""character_coverage"":0.017964},{""copyright"":""fate_(series)"",""co_posts"":3,""character_coverage"":0.017964}]","","","PENDING",""
"I70-014762","sawk","4","Character","170","","","","","ダゲキ","","[{""copyright"":""pokemon"",""co_posts"":158,""character_coverage"":1.0},{""copyright"":""pokemon_black_and_white"",""co_posts"":43,""character_coverage"":0.272152},{""copyright"":""pokemon_sword_and_shield"",""co_posts"":11,""character_coverage"":0.06962},{""copyright"":""pokemon_(anime)"",""co_posts"":7,""character_coverage"":0.044304},{""copyright"":""pokemon_diamond/pearl/platinum"",""co_posts"":6,""character_coverage"":0.037975}]","","","PENDING",""
"I70-014763","shaddiq_zenelli","4","Character","170","","","","シャディク・ゼネリ","","","[{""copyright"":""gundam"",""co_posts"":168,""character_coverage"":1.0},{""copyright"":""gundam_suisei_no_majo"",""co_posts"":168,""character_coverage"":1.0},{""copyright"":""bocchi_the_rock!"",""co_posts"":4,""character_coverage"":0.02381},{""copyright"":""bang_dream!"",""co_posts"":3,""character_coverage"":0.017857},{""copyright"":""bang_dream!_girls_band_party!"",""co_posts"":3,""character_coverage"":0.017857}]","","","PENDING",""
"I70-014764","taira_no_chouki","4","Character","170","","","","","平蝶鬼","","[{""copyright"":""len'en"",""co_posts"":146,""character_coverage"":1.0},{""copyright"":""brilliant_pagoda_or_haze_castle"",""co_posts"":15,""character_coverage"":0.10274},{""copyright"":""earthen_miraculous_sword"",""co_posts"":6,""character_coverage"":0.041096},{""copyright"":""evanescent_existence"",""co_posts"":6,""character_coverage"":0.041096},{""copyright"":""reactivate_majestical_imperial"",""co_posts"":6,""character_coverage"":0.041096}]","","","PENDING",""
"I70-014765","tanezaki_atsumi","4","Character","170","","","","","種﨑敦美","","[{""copyright"":""sousou_no_frieren"",""co_posts"":98,""character_coverage"":0.628205},{""copyright"":""spy_x_family"",""co_posts"":63,""character_coverage"":0.403846},{""copyright"":""blue_archive"",""co_posts"":41,""character_coverage"":0.262821},{""copyright"":""precure"",""co_posts"":22,""character_coverage"":0.141026},{""copyright"":""wonderful_precure!"",""co_posts"":21,""character_coverage"":0.134615}]","","","PENDING",""
"I70-014766","toki_sunao","4","Character","170","","","","","土岐すなお","","[{""copyright"":""magia_record:_mahou_shoujo_madoka_magica_gaiden"",""co_posts"":166,""character_coverage"":1.0},{""copyright"":""mahou_shoujo_madoka_magica"",""co_posts"":166,""character_coverage"":1.0},{""copyright"":""mahou_shoujo_tart_magica"",""co_posts"":5,""character_coverage"":0.03012},{""copyright"":""mahou_shoujo_madoka_magica:_hangyaku_no_monogatari"",""co_posts"":4,""character_coverage"":0.024096},{""copyright"":""mahou_shoujo_oriko_magica"",""co_posts"":4,""character_coverage"":0.024096}]","","","PENDING",""
"I70-014767","toudou_itsumi","4","Character","170","","","","","藤堂いつみ","","[{""copyright"":""warui_ga_watashi_wa_yuri_janai"",""co_posts"":169,""character_coverage"":1.0}]","","","PENDING",""
"I70-014768","tsuruta_himeko","4","Character","170","","","","つるたひめこ","鶴田姫子","","[{""copyright"":""saki_(manga)"",""co_posts"":158,""character_coverage"":1.0},{""copyright"":""saki_achiga-hen"",""co_posts"":153,""character_coverage"":0.968354},{""copyright"":""mother_(series)"",""co_posts"":2,""character_coverage"":0.012658},{""copyright"":""mother_3"",""co_posts"":2,""character_coverage"":0.012658},{""copyright"":""shinohayu_the_dawn_of_age"",""co_posts"":1,""character_coverage"":0.006329}]","","","PENDING",""
"I70-014769","uchino_kazuhisa","4","Character","170","","","","","内海和久","","[{""copyright"":""super_heroine_boy"",""co_posts"":170,""character_coverage"":1.0},{""copyright"":""alice_girls_shiny_heart"",""co_posts"":37,""character_coverage"":0.217647},{""copyright"":""alice's_adventures_in_wonderland"",""co_posts"":1,""character_coverage"":0.005882},{""copyright"":""scp_foundation"",""co_posts"":1,""character_coverage"":0.005882},{""copyright"":""splatoon_(series)"",""co_posts"":1,""character_coverage"":0.005882}]","","","PENDING",""
"I70-014770","vf-1j","4","Character","170","","","","","VF-1J","","[{""copyright"":""macross"",""co_posts"":149,""character_coverage"":1.0},{""copyright"":""choujikuu_yousai_macross"",""co_posts"":145,""character_coverage"":0.973154},{""copyright"":""robotech"",""co_posts"":45,""character_coverage"":0.302013},{""copyright"":""macross:_do_you_remember_love?"",""co_posts"":18,""character_coverage"":0.120805},{""copyright"":""macross_frontier"",""co_posts"":7,""character_coverage"":0.04698}]","","","PENDING",""
"I70-014771","yamada_yui","4","Character","170","","","","","山田結衣","","[{""copyright"":""asagao_to_kase-san"",""co_posts"":155,""character_coverage"":0.99359},{""copyright"":""adventure_time"",""co_posts"":2,""character_coverage"":0.012821},{""copyright"":""arcane:_league_of_legends"",""co_posts"":2,""character_coverage"":0.012821},{""copyright"":""bishoujo_senshi_sailor_moon"",""co_posts"":2,""character_coverage"":0.012821},{""copyright"":""league_of_legends"",""co_posts"":2,""character_coverage"":0.012821}]","","","PENDING",""
"I70-014772","yumeno_uta","4","Character","170","","","","","夢野歌","","[{""copyright"":""my_melody_(series)"",""co_posts"":151,""character_coverage"":1.0},{""copyright"":""sanrio"",""co_posts"":151,""character_coverage"":1.0},{""copyright"":""onegai_my_melody"",""co_posts"":148,""character_coverage"":0.980132},{""copyright"":""precure"",""co_posts"":4,""character_coverage"":0.02649},{""copyright"":""yes!_precure_5"",""co_posts"":4,""character_coverage"":0.02649}]","","","PENDING",""
"I70-014773","a-chan_(2nd_costume)_(hololive)","4","Character","169","","","","","友人A(OL衣装) | 友人A(通常)","","[{""copyright"":""hololive"",""co_posts"":166,""character_coverage"":1.0},{""copyright"":""hololive_english"",""co_posts"":26,""character_coverage"":0.156627},{""copyright"":""hololive_indonesia"",""co_posts"":10,""character_coverage"":0.060241},{""copyright"":""hololive_dev_is"",""co_posts"":5,""character_coverage"":0.03012},{""copyright"":""holostars"",""co_posts"":5,""character_coverage"":0.03012}]","","","PENDING",""
"I70-014774","aether_(as_heaven_and_earth_are_made_anew)_(genshin_impact)","4","Character","169","","","","","","","[{""copyright"":""genshin_impact"",""co_posts"":134,""character_coverage"":1.0},{""copyright"":""cyberpunk:_edgerunners"",""co_posts"":2,""character_coverage"":0.014925},{""copyright"":""cyberpunk_(series)"",""co_posts"":2,""character_coverage"":0.014925},{""copyright"":""honkai:_star_rail"",""co_posts"":2,""character_coverage"":0.014925},{""copyright"":""honkai_(series)"",""co_posts"":2,""character_coverage"":0.014925}]","","","PENDING",""
"I70-014775","aiko_(magipoka)","4","Character","169","aiko_(renkin_san-kyuu_magical_pokaan)","aiko (renkin san-kyuu magical pokaan)","","","鉄子","","[{""copyright"":""renkin_san-kyuu_magical_pokaan"",""co_posts"":120,""character_coverage"":1.0},{""copyright"":""magikano"",""co_posts"":3,""character_coverage"":0.025},{""copyright"":""galaxy_angel"",""co_posts"":2,""character_coverage"":0.016667},{""copyright"":""galaxy_angel_rune"",""co_posts"":2,""character_coverage"":0.016667},{""copyright"":""ichigo_mashimaro"",""co_posts"":2,""character_coverage"":0.016667}]","","","PENDING",""
"I70-014776","aizono_manami","4","Character","169","","","","画んばれ画んばれ","愛園愛美 | 愛園愛美新衣装 | 愛美術館","","[{""copyright"":""nijisanji"",""co_posts"":159,""character_coverage"":1.0},{""copyright"":""pokemon"",""co_posts"":8,""character_coverage"":0.050314},{""copyright"":""indie_virtual_youtuber"",""co_posts"":6,""character_coverage"":0.037736},{""copyright"":""fire_emblem"",""co_posts"":5,""character_coverage"":0.031447},{""copyright"":""fire_emblem:_the_blazing_blade"",""co_posts"":5,""character_coverage"":0.031447}]","","","PENDING",""
"I70-014777","annie_(skullgirls)","4","Character","169","","","","アニー | 星の少女アニー","","annie | annie_of_the_stars","[{""copyright"":""skullgirls"",""co_posts"":145,""character_coverage"":1.0},{""copyright"":""guilty_gear"",""co_posts"":5,""character_coverage"":0.034483},{""copyright"":""jojo_no_kimyou_na_bouken"",""co_posts"":5,""character_coverage"":0.034483},{""copyright"":""indivisible"",""co_posts"":4,""character_coverage"":0.027586},{""copyright"":""berserk"",""co_posts"":2,""character_coverage"":0.013793}]","","","PENDING",""
"I70-014778","ararycan_(genshin_impact)","4","Character","169","","","","","","","[{""copyright"":""genshin_impact"",""co_posts"":159,""character_coverage"":1.0},{""copyright"":""original"",""co_posts"":5,""character_coverage"":0.031447},{""copyright"":""kamisama_hajimemashita"",""co_posts"":1,""character_coverage"":0.006289},{""copyright"":""mihoyo"",""co_posts"":1,""character_coverage"":0.006289},{""copyright"":""nier:automata"",""co_posts"":1,""character_coverage"":0.006289}]","","","PENDING",""
"I70-014779","ayahime_kurumi","4","Character","169","","","","","彩姫くるみ","","[{""copyright"":""mahou_senshi_(series)"",""co_posts"":145,""character_coverage"":1.0},{""copyright"":""mahou_senshi_lemmtear_knights"",""co_posts"":145,""character_coverage"":1.0}]","","","PENDING",""
"I70-014780","blackfire","4","Character","169","","","","","ブラックファイアー","","[{""copyright"":""dc_comics"",""co_posts"":134,""character_coverage"":1.0},{""copyright"":""teen_titans"",""co_posts"":133,""character_coverage"":0.992537},{""copyright"":""batman_(series)"",""co_posts"":2,""character_coverage"":0.014925},{""copyright"":""dragon_ball"",""co_posts"":2,""character_coverage"":0.014925},{""copyright"":""teen_titans_go!"",""co_posts"":2,""character_coverage"":0.014925}]","","","PENDING",""
"I70-014781","bmo","4","Character","169","","","","","BMO","","[{""copyright"":""adventure_time"",""co_posts"":146,""character_coverage"":0.979866},{""copyright"":""mario_(series)"",""co_posts"":7,""character_coverage"":0.04698},{""copyright"":""original"",""co_posts"":7,""character_coverage"":0.04698},{""copyright"":""pokemon"",""co_posts"":7,""character_coverage"":0.04698},{""copyright"":""powerpuff_girls"",""co_posts"":7,""character_coverage"":0.04698}]","","","PENDING",""
"I70-014782","bonsly","4","Character","169","","","","","ウソハチ","","[{""copyright"":""pokemon"",""co_posts"":152,""character_coverage"":1.0},{""copyright"":""pokemon_(anime)"",""co_posts"":15,""character_coverage"":0.098684},{""copyright"":""pokemon_diamond/pearl/platinum"",""co_posts"":10,""character_coverage"":0.065789},{""copyright"":""pokemon_the_series:_ruby_and_sapphire"",""co_posts"":10,""character_coverage"":0.065789},{""copyright"":""pokemon:_lucario_and_the_mystery_of_mew"",""co_posts"":7,""character_coverage"":0.046053}]","","","PENDING",""
"I70-014783","chai_xianghua","4","Character","169","xianghua","xianghua","","シャンファ | チャイ・シャンファ","柴香華","","[{""copyright"":""soulcalibur"",""co_posts"":142,""character_coverage"":1.0},{""copyright"":""soulcalibur_vi"",""co_posts"":32,""character_coverage"":0.225352},{""copyright"":""soulcalibur_iv"",""co_posts"":21,""character_coverage"":0.147887},{""copyright"":""soulcalibur_ii"",""co_posts"":16,""character_coverage"":0.112676},{""copyright"":""soulcalibur_iii"",""co_posts"":10,""character_coverage"":0.070423}]","","","PENDING",""
"I70-014784","charjabug","4","Character","169","","","","","デンヂムシ","","[{""copyright"":""pokemon"",""co_posts"":158,""character_coverage"":1.0},{""copyright"":""pokemon_sun_and_moon"",""co_posts"":30,""character_coverage"":0.189873},{""copyright"":""pokemon_(anime)"",""co_posts"":9,""character_coverage"":0.056962},{""copyright"":""pokemon_the_series:_sun_&_moon"",""co_posts"":8,""character_coverage"":0.050633},{""copyright"":""pokemon_black_and_white"",""co_posts"":4,""character_coverage"":0.025316}]","","","PENDING",""
"I70-014785","chrome_(mon-musu_quest!)","4","Character","169","","","","","クロム(もんむす・くえすと!)","","[{""copyright"":""mon-musu_quest!"",""co_posts"":123,""character_coverage"":1.0},{""copyright"":""mon-musu_quest:_paradox"",""co_posts"":11,""character_coverage"":0.089431},{""copyright"":""monster_musume_td"",""co_posts"":2,""character_coverage"":0.01626},{""copyright"":""boku_no_hero_academia"",""co_posts"":1,""character_coverage"":0.00813},{""copyright"":""dead_dead_demons_de_dedede_destruction"",""co_posts"":1,""character_coverage"":0.00813}]","","","PENDING",""
"I70-014786","dr._light_(mega_man)","4","Character","169","thomas_light,dr._light,dr_light","dr light | dr. light | thomas light","","","ライト博士","","[{""copyright"":""mega_man_(series)"",""co_posts"":159,""character_coverage"":1.0},{""copyright"":""mega_man_(classic)"",""co_posts"":150,""character_coverage"":0.943396},{""copyright"":""mega_man_x_(series)"",""co_posts"":27,""character_coverage"":0.169811},{""copyright"":""mega_man_1"",""co_posts"":26,""character_coverage"":0.163522},{""copyright"":""mega_man_legends_(series)"",""co_posts"":11,""character_coverage"":0.069182}]","","","PENDING",""
"I70-014787","eusine_(pokemon)","4","Character","169","minaki_(pokemon)","minaki (pokemon)","","","ミナキ","","[{""copyright"":""pokemon"",""co_posts"":156,""character_coverage"":1.0},{""copyright"":""pokemon_heartgold_and_soulsilver"",""co_posts"":117,""character_coverage"":0.75},{""copyright"":""pokemon_gold/silver/crystal"",""co_posts"":34,""character_coverage"":0.217949},{""copyright"":""pokemon_firered_and_leafgreen"",""co_posts"":16,""character_coverage"":0.102564},{""copyright"":""pokemon_diamond/pearl/platinum"",""co_posts"":14,""character_coverage"":0.089744}]","","","PENDING",""
"I70-014788","exs-tia_spica","4","Character","169","","","","","","","[{""copyright"":""kouyoku_senki_exs-tia"",""co_posts"":168,""character_coverage"":1.0},{""copyright"":""lusterise"",""co_posts"":4,""character_coverage"":0.02381},{""copyright"":""original"",""co_posts"":1,""character_coverage"":0.005952}]","","","PENDING",""
"I70-014789","female_shez_(summer)_(fire_emblem)","4","Character","169","shez_(female)_(summer)_(fire_emblem)","shez (female) (summer) (fire emblem)","","","","","[{""copyright"":""fire_emblem"",""co_posts"":155,""character_coverage"":1.0},{""copyright"":""fire_emblem:_three_houses"",""co_posts"":155,""character_coverage"":1.0},{""copyright"":""fire_emblem_warriors:_three_hopes"",""co_posts"":153,""character_coverage"":0.987097},{""copyright"":""fire_emblem_heroes"",""co_posts"":145,""character_coverage"":0.935484},{""copyright"":""fire_emblem_engage"",""co_posts"":16,""character_coverage"":0.103226}]","","","PENDING",""
"I70-014790","frye_(splatoon_raiders)","4","Character","169","frye_(splatoon_raiders)_(splatoon)","frye (splatoon raiders) (splatoon)","","","","","[{""copyright"":""splatoon_(series)"",""co_posts"":133,""character_coverage"":1.0},{""copyright"":""splatoon_raiders"",""co_posts"":126,""character_coverage"":0.947368},{""copyright"":""splatoon_3"",""co_posts"":37,""character_coverage"":0.278195},{""copyright"":""mario_(series)"",""co_posts"":1,""character_coverage"":0.007519},{""copyright"":""mario_kart"",""co_posts"":1,""character_coverage"":0.007519}]","","","PENDING",""
"I70-014791","futaba_tsukushi","4","Character","169","","","","","二葉つくし","","[{""copyright"":""bang_dream!"",""co_posts"":160,""character_coverage"":1.0},{""copyright"":""bang_dream!_girls_band_party!"",""co_posts"":158,""character_coverage"":0.9875},{""copyright"":""bang_dream!_it's_mygo!!!!!"",""co_posts"":8,""character_coverage"":0.05},{""copyright"":""bang_dream!_yumemita"",""co_posts"":3,""character_coverage"":0.01875},{""copyright"":""twitter"",""co_posts"":3,""character_coverage"":0.01875}]","","","PENDING",""
"I70-014792","galarian_moltres","4","Character","169","","","","","ガラルファイヤー","","[{""copyright"":""pokemon"",""co_posts"":167,""character_coverage"":1.0},{""copyright"":""pokemon_masters_ex"",""co_posts"":45,""character_coverage"":0.269461},{""copyright"":""pokemon_sword_and_shield"",""co_posts"":19,""character_coverage"":0.113772},{""copyright"":""pokemon_tcg"",""co_posts"":6,""character_coverage"":0.035928},{""copyright"":""pokemon_(anime)"",""co_posts"":4,""character_coverage"":0.023952}]","","","PENDING",""
"I70-014793","gammamon","4","Character","169","","","","","ガンマモン","","[{""copyright"":""digimon"",""co_posts"":145,""character_coverage"":1.0},{""copyright"":""digimon_ghost_game"",""co_posts"":101,""character_coverage"":0.696552},{""copyright"":""digimon_card_game"",""co_posts"":18,""character_coverage"":0.124138},{""copyright"":""digimon_tamers"",""co_posts"":13,""character_coverage"":0.089655},{""copyright"":""digimon_adventure"",""co_posts"":11,""character_coverage"":0.075862}]","","","PENDING",""
"I70-014794","gauma","4","Character","169","","","","","ガウマ","","[{""copyright"":""gridman_universe"",""co_posts"":162,""character_coverage"":1.0},{""copyright"":""ssss.dynazenon"",""co_posts"":96,""character_coverage"":0.592593},{""copyright"":""gridman_universe_(movie)"",""co_posts"":80,""character_coverage"":0.493827},{""copyright"":""ssss.gridman"",""co_posts"":6,""character_coverage"":0.037037},{""copyright"":""super_robot_wars"",""co_posts"":6,""character_coverage"":0.037037}]","","","PENDING",""
"I70-014795","genny_(fire_emblem)","4","Character","169","jenny_(fire_emblem)","jenny (fire emblem)","","ジェニー(FE外伝)","","","[{""copyright"":""fire_emblem"",""co_posts"":153,""character_coverage"":1.0},{""copyright"":""fire_emblem_echoes:_shadows_of_valentia"",""co_posts"":144,""character_coverage"":0.941176},{""copyright"":""fire_emblem_heroes"",""co_posts"":44,""character_coverage"":0.287582},{""copyright"":""fire_emblem_gaiden"",""co_posts"":13,""character_coverage"":0.084967},{""copyright"":""fire_emblem_fates"",""co_posts"":10,""character_coverage"":0.065359}]","","","PENDING",""
"I70-014796","gilgamesh_(casual_wear)_(fate/stay_night)","4","Character","169","gilgamesh_(casual)_(fate/stay_night)","gilgamesh (casual) (fate/stay night)","","","","","[{""copyright"":""fate_(series)"",""co_posts"":157,""character_coverage"":1.0},{""copyright"":""fate/stay_night"",""co_posts"":124,""character_coverage"":0.789809},{""copyright"":""fate/zero"",""co_posts"":42,""character_coverage"":0.267516},{""copyright"":""carnival_phantasm"",""co_posts"":31,""character_coverage"":0.197452},{""copyright"":""fate/hollow_ataraxia"",""co_posts"":16,""character_coverage"":0.101911}]","","","PENDING",""
"I70-014797","irene_redmayne","4","Character","169","","","","","アイリーン・レドメイン","","[{""copyright"":""heaven_burns_red"",""co_posts"":163,""character_coverage"":1.0},{""copyright"":""key_(company)"",""co_posts"":4,""character_coverage"":0.02454},{""copyright"":""yostar"",""co_posts"":4,""character_coverage"":0.02454},{""copyright"":""persona"",""co_posts"":2,""character_coverage"":0.01227},{""copyright"":""persona_5"",""co_posts"":2,""character_coverage"":0.01227}]","","","PENDING",""
"I70-014798","ivy_(cytus)","4","Character","169","","","","","","","[{""copyright"":""cytus"",""co_posts"":19,""character_coverage"":0.95},{""copyright"":""cytus_ii"",""co_posts"":15,""character_coverage"":0.75},{""copyright"":""arcaea"",""co_posts"":3,""character_coverage"":0.15},{""copyright"":""deemo"",""co_posts"":2,""character_coverage"":0.1},{""copyright"":""project_sekai"",""co_posts"":2,""character_coverage"":0.1}]","","","PENDING",""
"I70-014799","kagamine_rin_(future_style)","4","Character","169","future_style_(module)","future style (module)","","","大人リン","","[{""copyright"":""vocaloid"",""co_posts"":164,""character_coverage"":1.0},{""copyright"":""project_diva_(series)"",""co_posts"":90,""character_coverage"":0.54878},{""copyright"":""project_diva_f"",""co_posts"":12,""character_coverage"":0.073171},{""copyright"":""rin-chan_now!_(vocaloid)"",""co_posts"":10,""character_coverage"":0.060976},{""copyright"":""fuwa_fuwa_cinnamoroll"",""co_posts"":1,""character_coverage"":0.006098}]","","","PENDING",""
"I70-014800","kawajiri_shinobu","4","Character","169","","","","","しのぶ","","[{""copyright"":""jojo_no_kimyou_na_bouken"",""co_posts"":165,""character_coverage"":1.0},{""copyright"":""diamond_wa_kudakenai"",""co_posts"":159,""character_coverage"":0.963636},{""copyright"":""stone_ocean"",""co_posts"":14,""character_coverage"":0.084848},{""copyright"":""battle_tendency"",""co_posts"":12,""character_coverage"":0.072727},{""copyright"":""phantom_blood"",""co_posts"":11,""character_coverage"":0.066667}]","","","PENDING",""
"I70-014801","kurukuru_(sekai_seifuku)","4","Character","169","","","","","クルクル（Sekai seifuku）","","[{""copyright"":""sekai_seifuku:_bouryaku_no_zvezda"",""co_posts"":167,""character_coverage"":1.0},{""copyright"":""idolmaster"",""co_posts"":3,""character_coverage"":0.017964},{""copyright"":""idolmaster_(classic)"",""co_posts"":3,""character_coverage"":0.017964},{""copyright"":""golgo_13"",""co_posts"":1,""character_coverage"":0.005988},{""copyright"":""k-on!"",""co_posts"":1,""character_coverage"":0.005988}]","","","PENDING",""
"I70-014802","kurusu_rin","4","Character","169","","","","","来栖りん","","[{""copyright"":""love_live!"",""co_posts"":153,""character_coverage"":0.944444},{""copyright"":""love_live!_hasu_no_sora_jogakuin_school_idol_club"",""co_posts"":153,""character_coverage"":0.944444},{""copyright"":""real_life"",""co_posts"":128,""character_coverage"":0.790123},{""copyright"":""seeno_de!_hasu_no_sora!"",""co_posts"":32,""character_coverage"":0.197531},{""copyright"":""miracreation"",""co_posts"":12,""character_coverage"":0.074074}]","","","PENDING",""
"I70-014803","lamia_loveless","4","Character","169","","","","","ラミア・ラヴレス","","[{""copyright"":""super_robot_wars"",""co_posts"":147,""character_coverage"":1.0},{""copyright"":""super_robot_wars_original_generation"",""co_posts"":79,""character_coverage"":0.537415},{""copyright"":""super_robot_wars_advance"",""co_posts"":24,""character_coverage"":0.163265},{""copyright"":""super_robot_wars_original_generation_2"",""co_posts"":7,""character_coverage"":0.047619},{""copyright"":""super_robot_wars_alpha"",""co_posts"":6,""character_coverage"":0.040816}]","","","PENDING",""
"I70-014804","leeron_littner","4","Character","169","","","","","リーロン・リットナー","","[{""copyright"":""tengen_toppa_gurren_lagann"",""co_posts"":154,""character_coverage"":1.0},{""copyright"":""tengen_toppa_gurren_lagann:_lagann-hen"",""co_posts"":7,""character_coverage"":0.045455},{""copyright"":""neon_genesis_evangelion"",""co_posts"":6,""character_coverage"":0.038961},{""copyright"":""top_wo_nerae!_(series)"",""co_posts"":6,""character_coverage"":0.038961},{""copyright"":""top_wo_nerae_2!"",""co_posts"":6,""character_coverage"":0.038961}]","","","PENDING",""
"I70-014805","lexington_(azur_lane)","4","Character","169","","","","","レキシントン(アズールレーン)","","[{""copyright"":""azur_lane"",""co_posts"":160,""character_coverage"":1.0},{""copyright"":""azur_lane:_slow_ahead"",""co_posts"":2,""character_coverage"":0.0125},{""copyright"":""mega_man_(series)"",""co_posts"":2,""character_coverage"":0.0125},{""copyright"":""mega_man_x6"",""co_posts"":2,""character_coverage"":0.0125},{""copyright"":""mega_man_x_(series)"",""co_posts"":2,""character_coverage"":0.0125}]","","","PENDING",""
"I70-014806","lingyang_(wuthering_waves)","4","Character","169","","","","","凌陽","","[{""copyright"":""wuthering_waves"",""co_posts"":166,""character_coverage"":1.0},{""copyright"":""genshin_impact"",""co_posts"":8,""character_coverage"":0.048193},{""copyright"":""arknights"",""co_posts"":2,""character_coverage"":0.012048},{""copyright"":""original"",""co_posts"":2,""character_coverage"":0.012048},{""copyright"":""ace_attorney"",""co_posts"":1,""character_coverage"":0.006024}]","","","PENDING",""
"I70-014807","lloyd_garmadon","4","Character","169","","","","","ロイド・ガーマドン","","[{""copyright"":""ninjago"",""co_posts"":150,""character_coverage"":1.0},{""copyright"":""ben_10"",""co_posts"":2,""character_coverage"":0.013333},{""copyright"":""the_lego_group"",""co_posts"":2,""character_coverage"":0.013333},{""copyright"":""ben_10:_alien_force"",""co_posts"":1,""character_coverage"":0.006667},{""copyright"":""ben_10:_omniverse"",""co_posts"":1,""character_coverage"":0.006667}]","","","PENDING",""
"I70-014808","magcargo","4","Character","169","","","","","マグカルゴ","","[{""copyright"":""pokemon"",""co_posts"":158,""character_coverage"":1.0},{""copyright"":""pokemon_omega_ruby_and_alpha_sapphire"",""co_posts"":14,""character_coverage"":0.088608},{""copyright"":""pokemon_gold/silver/crystal"",""co_posts"":9,""character_coverage"":0.056962},{""copyright"":""pokemon_heartgold_and_soulsilver"",""co_posts"":9,""character_coverage"":0.056962},{""copyright"":""pokemon_diamond/pearl/platinum"",""co_posts"":7,""character_coverage"":0.044304}]","","","PENDING",""
"I70-014809","malik_caesar","4","Character","169","malik_caesars","malik caesars","","","マリク・シザース","","[{""copyright"":""tales_of_(series)"",""co_posts"":159,""character_coverage"":1.0},{""copyright"":""tales_of_graces"",""co_posts"":159,""character_coverage"":1.0},{""copyright"":""tales_of_symphonia"",""co_posts"":10,""character_coverage"":0.062893},{""copyright"":""tales_of_vesperia"",""co_posts"":10,""character_coverage"":0.062893},{""copyright"":""tales_of_graces_f"",""co_posts"":8,""character_coverage"":0.050314}]","","","PENDING",""
"I70-014810","maschiff","4","Character","169","","","","","オラチフ","","[{""copyright"":""pokemon"",""co_posts"":166,""character_coverage"":1.0},{""copyright"":""pokemon_scarlet_and_violet"",""co_posts"":142,""character_coverage"":0.855422},{""copyright"":""original"",""co_posts"":7,""character_coverage"":0.042169},{""copyright"":""pokemon_tcg"",""co_posts"":5,""character_coverage"":0.03012},{""copyright"":""pokemon_(anime)"",""co_posts"":4,""character_coverage"":0.024096}]","","","PENDING",""
"I70-014811","millennium_science_school_student_b_(blue_archive)","4","Character","169","","","","","ミレニアム生徒B","","[{""copyright"":""blue_archive"",""co_posts"":155,""character_coverage"":1.0},{""copyright"":""yu-gi-oh!"",""co_posts"":2,""character_coverage"":0.012903},{""copyright"":""comiket_101"",""co_posts"":1,""character_coverage"":0.006452},{""copyright"":""comiket_106"",""co_posts"":1,""character_coverage"":0.006452},{""copyright"":""dexter_(tv_series)"",""co_posts"":1,""character_coverage"":0.006452}]","","","PENDING",""
"I70-014812","minagi_mikoto","4","Character","169","","","","","美袋命","","[{""copyright"":""my-hime"",""co_posts"":152,""character_coverage"":0.980645},{""copyright"":""my-otome"",""co_posts"":13,""character_coverage"":0.083871},{""copyright"":""megami_magazine"",""co_posts"":5,""character_coverage"":0.032258},{""copyright"":""lyrical_nanoha"",""co_posts"":3,""character_coverage"":0.019355},{""copyright"":""mahou_shoujo_lyrical_nanoha"",""co_posts"":3,""character_coverage"":0.019355}]","","","PENDING",""
"I70-014813","minashiro_soushi","4","Character","169","","","","","皆城総士","","[{""copyright"":""soukyuu_no_fafner"",""co_posts"":169,""character_coverage"":1.0},{""copyright"":""gundam"",""co_posts"":5,""character_coverage"":0.029586},{""copyright"":""gundam_seed"",""co_posts"":5,""character_coverage"":0.029586},{""copyright"":""gundam_seed_destiny"",""co_posts"":5,""character_coverage"":0.029586},{""copyright"":""majestic_prince"",""co_posts"":5,""character_coverage"":0.029586}]","","","PENDING",""
"I70-014814","motoba_kirie","4","Character","169","","","","","本場切絵","","[{""copyright"":""himouto!_umaru-chan"",""co_posts"":147,""character_coverage"":1.0},{""copyright"":""himouto!_umaru-chan_himouto_ikusei_keikaku"",""co_posts"":55,""character_coverage"":0.37415},{""copyright"":""coca-cola"",""co_posts"":3,""character_coverage"":0.020408},{""copyright"":""dragon_ball"",""co_posts"":2,""character_coverage"":0.013605},{""copyright"":""dragon_quest"",""co_posts"":2,""character_coverage"":0.013605}]","","","PENDING",""
"I70-014815","musume_(yuunama)","4","Character","169","musume","musume","","ムスメ | ムスメ(勇者のくせになまいきだ) | 魔王のムスメ","","badmella","[{""copyright"":""yuusha_no_kuse_ni_namaiki_da"",""co_posts"":150,""character_coverage"":1.0},{""copyright"":""v_yuusha_no_kuse_ni_namaiki_da_r"",""co_posts"":115,""character_coverage"":0.766667},{""copyright"":""undertale"",""co_posts"":2,""character_coverage"":0.013333},{""copyright"":""utdr_(toby_fox)"",""co_posts"":2,""character_coverage"":0.013333},{""copyright"":""goho_mafia!_kajita-kun"",""co_posts"":1,""character_coverage"":0.006667}]","","","PENDING",""
"I70-014816","neviril_(simoun)","4","Character","169","","","","","","","[{""copyright"":""simoun"",""co_posts"":92,""character_coverage"":1.0},{""copyright"":""megami_magazine"",""co_posts"":4,""character_coverage"":0.043478},{""copyright"":""animedia"",""co_posts"":2,""character_coverage"":0.021739},{""copyright"":""doraemon"",""co_posts"":1,""character_coverage"":0.01087},{""copyright"":""galaxy_angel"",""co_posts"":1,""character_coverage"":0.01087}]","","","PENDING",""
"I70-014817","nijiiro_nino","4","Character","169","","","","","虹色にの","","[{""copyright"":""pretty_series"",""co_posts"":169,""character_coverage"":1.0},{""copyright"":""pripara"",""co_posts"":169,""character_coverage"":1.0},{""copyright"":""idol_time_pripara"",""co_posts"":167,""character_coverage"":0.988166},{""copyright"":""idol_land_pripara"",""co_posts"":3,""character_coverage"":0.017751},{""copyright"":""danganronpa_(series)"",""co_posts"":2,""character_coverage"":0.011834}]","","","PENDING",""
"I70-014818","norea_du_noc","4","Character","169","","","","ノレア・デュノク","","","[{""copyright"":""gundam"",""co_posts"":163,""character_coverage"":1.0},{""copyright"":""gundam_suisei_no_majo"",""co_posts"":163,""character_coverage"":1.0},{""copyright"":""bang_dream!"",""co_posts"":5,""character_coverage"":0.030675},{""copyright"":""bocchi_the_rock!"",""co_posts"":5,""character_coverage"":0.030675},{""copyright"":""love_live!"",""co_posts"":5,""character_coverage"":0.030675}]","","","PENDING",""
"I70-014819","oricorio_(sensu)","4","Character","169","","","","","oricorio（sensu）","","[{""copyright"":""pokemon"",""co_posts"":160,""character_coverage"":1.0},{""copyright"":""pokemon_sun_and_moon"",""co_posts"":30,""character_coverage"":0.1875},{""copyright"":""pokemon_masters_ex"",""co_posts"":17,""character_coverage"":0.10625},{""copyright"":""danganronpa_(series)"",""co_posts"":5,""character_coverage"":0.03125},{""copyright"":""pokemon_red/green/blue/yellow"",""co_posts"":4,""character_coverage"":0.025}]","","","PENDING",""
"I70-014820","oscar_bale","4","Character","169","","","","","オスカー・ベイル","","[{""copyright"":""helios_rising_heroes"",""co_posts"":169,""character_coverage"":1.0},{""copyright"":""ensemble_stars!"",""co_posts"":1,""character_coverage"":0.005917}]","","","PENDING",""
"I70-014821","peony_(fire_emblem)","4","Character","169","","","","ピアニー(FE)","","","[{""copyright"":""fire_emblem"",""co_posts"":156,""character_coverage"":1.0},{""copyright"":""fire_emblem_heroes"",""co_posts"":155,""character_coverage"":0.99359},{""copyright"":""fire_emblem:_the_sacred_stones"",""co_posts"":15,""character_coverage"":0.096154},{""copyright"":""fire_emblem_fates"",""co_posts"":9,""character_coverage"":0.057692},{""copyright"":""fire_emblem:_the_blazing_blade"",""co_posts"":5,""character_coverage"":0.032051}]","","","PENDING",""
"I70-014822","princess_hilda","4","Character","169","","","","","ヒルダ姫","","[{""copyright"":""the_legend_of_zelda"",""co_posts"":128,""character_coverage"":1.0},{""copyright"":""the_legend_of_zelda:_a_link_between_worlds"",""co_posts"":128,""character_coverage"":1.0},{""copyright"":""the_legend_of_zelda:_skyward_sword"",""co_posts"":13,""character_coverage"":0.101562},{""copyright"":""the_legend_of_zelda:_twilight_princess"",""co_posts"":13,""character_coverage"":0.101562},{""copyright"":""the_legend_of_zelda:_ocarina_of_time"",""co_posts"":12,""character_coverage"":0.09375}]","","","PENDING",""
"I70-014823","quercus_(arknights)","4","Character","169","","","","クエルクス(アークナイツ)","夏栎","","[{""copyright"":""arknights"",""co_posts"":166,""character_coverage"":1.0},{""copyright"":""a_deer_of_nine_colors"",""co_posts"":4,""character_coverage"":0.024096},{""copyright"":""rainbow_six_siege"",""co_posts"":4,""character_coverage"":0.024096},{""copyright"":""monster_hunter_(series)"",""co_posts"":2,""character_coverage"":0.012048},{""copyright"":""the_legend_of_luo_xiaohei"",""co_posts"":2,""character_coverage"":0.012048}]","","","PENDING",""
"I70-014824","root_(stpri)","4","Character","169","","","","","るぅと","","[{""copyright"":""strawberry_prince"",""co_posts"":167,""character_coverage"":1.0},{""copyright"":""king_(vocaloid)"",""co_posts"":2,""character_coverage"":0.011976},{""copyright"":""cevio"",""co_posts"":1,""character_coverage"":0.005988},{""copyright"":""cinderella_(vocaloid)"",""co_posts"":1,""character_coverage"":0.005988},{""copyright"":""daidaidaidaidaikirai_(vocaloid)"",""co_posts"":1,""character_coverage"":0.005988}]","","","PENDING",""
"I70-014825","rosie_(animal_crossing)","4","Character","169","","","","","ブーケ","","[{""copyright"":""animal_crossing"",""co_posts"":154,""character_coverage"":1.0},{""copyright"":""animal_crossing:_new_horizons"",""co_posts"":13,""character_coverage"":0.084416},{""copyright"":""real_life"",""co_posts"":2,""character_coverage"":0.012987},{""copyright"":""azumanga_daioh"",""co_posts"":1,""character_coverage"":0.006494},{""copyright"":""bishoujo_senshi_sailor_moon"",""co_posts"":1,""character_coverage"":0.006494}]","","","PENDING",""
"I70-014826","sea_demon_(fate)","4","Character","169","","","","","モリヒトデ","","[{""copyright"":""fate_(series)"",""co_posts"":165,""character_coverage"":1.0},{""copyright"":""fate/grand_order"",""co_posts"":149,""character_coverage"":0.90303},{""copyright"":""fate/extra"",""co_posts"":13,""character_coverage"":0.078788},{""copyright"":""fate/stay_night"",""co_posts"":4,""character_coverage"":0.024242},{""copyright"":""fate/zero"",""co_posts"":4,""character_coverage"":0.024242}]","","","PENDING",""
"I70-014827","shion_uzuki","4","Character","169","uzuki_shion","uzuki shion","","","シオン・ウヅキ","","[{""copyright"":""xenosaga"",""co_posts"":143,""character_coverage"":1.0},{""copyright"":""xenosaga_episode_i"",""co_posts"":91,""character_coverage"":0.636364},{""copyright"":""xenosaga_episode_iii"",""co_posts"":41,""character_coverage"":0.286713},{""copyright"":""xenoblade_chronicles_(series)"",""co_posts"":10,""character_coverage"":0.06993},{""copyright"":""xenoblade_chronicles_2"",""co_posts"":8,""character_coverage"":0.055944}]","","","PENDING",""
"I70-014828","sigma_(mega_man)","4","Character","169","sigma","sigma","","","シグマ","","[{""copyright"":""mega_man_(series)"",""co_posts"":156,""character_coverage"":1.0},{""copyright"":""mega_man_x_(series)"",""co_posts"":155,""character_coverage"":0.99359},{""copyright"":""mega_man_x4"",""co_posts"":44,""character_coverage"":0.282051},{""copyright"":""mega_man_x1"",""co_posts"":43,""character_coverage"":0.275641},{""copyright"":""mega_man_x_dive"",""co_posts"":21,""character_coverage"":0.134615}]","","","PENDING",""
"I70-014829","spathodea_(reverse:1999)","4","Character","169","","","","","カエンボク","","[{""copyright"":""reverse:1999"",""co_posts"":167,""character_coverage"":1.0},{""copyright"":""harry_potter_(series)"",""co_posts"":1,""character_coverage"":0.005988},{""copyright"":""wizarding_world"",""co_posts"":1,""character_coverage"":0.005988},{""copyright"":""youtube"",""co_posts"":1,""character_coverage"":0.005988}]","","","PENDING",""
"I70-014830","sukeban_(mg)_(blue_archive)","4","Character","169","thug_(mg)_(blue_archive)","thug (mg) (blue archive)","","スケバン(MG)","","","[{""copyright"":""blue_archive"",""co_posts"":165,""character_coverage"":1.0},{""copyright"":""comiket_102"",""co_posts"":7,""character_coverage"":0.042424},{""copyright"":""blue_archive_the_animation"",""co_posts"":3,""character_coverage"":0.018182},{""copyright"":""original"",""co_posts"":2,""character_coverage"":0.012121},{""copyright"":""yostar"",""co_posts"":2,""character_coverage"":0.012121}]","","","PENDING",""
"I70-014831","swimmer_(pokemon)","4","Character","169","","","","かいパンやろう | ビキニのおねえさん","","","[{""copyright"":""pokemon"",""co_posts"":152,""character_coverage"":1.0},{""copyright"":""pokemon_x_and_y"",""co_posts"":49,""character_coverage"":0.322368},{""copyright"":""pokemon_sun_and_moon"",""co_posts"":32,""character_coverage"":0.210526},{""copyright"":""pokemon_masters_ex"",""co_posts"":21,""character_coverage"":0.138158},{""copyright"":""pokemon_firered_and_leafgreen"",""co_posts"":16,""character_coverage"":0.105263}]","","","PENDING",""
"I70-014832","taihou_(muse)_(azur_lane)","4","Character","169","","","","","大鳳(μ兵装) | 鹩(μ兵装)","","[{""copyright"":""azur_lane"",""co_posts"":154,""character_coverage"":1.0},{""copyright"":""oshi_no_ko"",""co_posts"":2,""character_coverage"":0.012987},{""copyright"":""hololive"",""co_posts"":1,""character_coverage"":0.006494}]","","","PENDING",""
"I70-014833","tyler_(merryweather)","4","Character","169","","","","","タイラー（メリーウェザー）","","[{""copyright"":""goth_girl_and_the_jock"",""co_posts"":166,""character_coverage"":0.982249},{""copyright"":""original"",""co_posts"":25,""character_coverage"":0.147929},{""copyright"":""the_simpsons"",""co_posts"":1,""character_coverage"":0.005917}]","","","PENDING",""
"I70-014834","type_79_(girls'_frontline)","4","Character","169","type79_(girls'_frontline),type_79_(girls_frontline)","type 79 (girls frontline) | type79 (girls' frontline)","","79式(ドールズフロントライン)","79式 | 79式(少女前線)","","[{""copyright"":""girls'_frontline"",""co_posts"":164,""character_coverage"":1.0},{""copyright"":""metal_gear_(series)"",""co_posts"":2,""character_coverage"":0.012195},{""copyright"":""minecraft"",""co_posts"":2,""character_coverage"":0.012195},{""copyright"":""adventure_time"",""co_posts"":1,""character_coverage"":0.006098},{""copyright"":""gundam"",""co_posts"":1,""character_coverage"":0.006098}]","","","PENDING",""
"I70-014835","yamada_midori","4","Character","169","","","","","山田真緑","","[{""copyright"":""ikizulive!_love_live!_bluebird"",""co_posts"":159,""character_coverage"":1.0},{""copyright"":""love_live!"",""co_posts"":159,""character_coverage"":1.0},{""copyright"":""what_is_my_life?_(love_live!)"",""co_posts"":41,""character_coverage"":0.257862},{""copyright"":""love_live!_hasu_no_sora_jogakuin_school_idol_club"",""co_posts"":7,""character_coverage"":0.044025},{""copyright"":""gundam"",""co_posts"":5,""character_coverage"":0.031447}]","","","PENDING",""
"I70-014836","yone_(league)","4","Character","169","yone_(league_of_legends)","yone (league of legends)","","","Yone（League of Legends）","","[{""copyright"":""league_of_legends"",""co_posts"":161,""character_coverage"":1.0},{""copyright"":""league_of_legends:_wild_rift"",""co_posts"":2,""character_coverage"":0.012422},{""copyright"":""teamfight_tactics"",""co_posts"":2,""character_coverage"":0.012422},{""copyright"":""adventure_time"",""co_posts"":1,""character_coverage"":0.006211},{""copyright"":""arknights"",""co_posts"":1,""character_coverage"":0.006211}]","","","PENDING",""
"I70-014837","yuma_(ebisujima_misato)","4","Character","169","yuma_(coffee-milk-moumou)","yuma (coffee-milk-moumou)","","","ゆまちゃん","","[{""copyright"":""original"",""co_posts"":168,""character_coverage"":0.994083},{""copyright"":""dark_souls_(series)"",""co_posts"":2,""character_coverage"":0.011834},{""copyright"":""gaki_kyonyuu"",""co_posts"":1,""character_coverage"":0.005917}]","","","PENDING",""
"I70-014838","yumkasaurus_(genshin_impact)","4","Character","169","","","","","ユムカ竜","","[{""copyright"":""genshin_impact"",""co_posts"":164,""character_coverage"":1.0},{""copyright"":""honkai:_star_rail"",""co_posts"":1,""character_coverage"":0.006098},{""copyright"":""honkai_(series)"",""co_posts"":1,""character_coverage"":0.006098},{""copyright"":""honkai_impact_3rd"",""co_posts"":1,""character_coverage"":0.006098},{""copyright"":""mihoyo"",""co_posts"":1,""character_coverage"":0.006098}]","","","PENDING",""
"I70-014839","a_(naruto)","4","Character","168","fourth_raikage","fourth raikage","","","エー","","[{""copyright"":""naruto_(series)"",""co_posts"":95,""character_coverage"":1.0},{""copyright"":""naruto_shippuuden"",""co_posts"":50,""character_coverage"":0.526316},{""copyright"":""boruto_(series)"",""co_posts"":19,""character_coverage"":0.2},{""copyright"":""boruto:_naruto_next_generations"",""co_posts"":18,""character_coverage"":0.189474},{""copyright"":""naruto_(classic)"",""co_posts"":13,""character_coverage"":0.136842}]","","","PENDING",""
"I70-014840","alfyn_greengrass","4","Character","168","alfyn_(octopath_traveler)","alfyn (octopath traveler)","","","アーフェン・グリーングラス","","[{""copyright"":""octopath_traveler"",""co_posts"":158,""character_coverage"":1.0},{""copyright"":""octopath_traveler_i"",""co_posts"":152,""character_coverage"":0.962025},{""copyright"":""octopath_traveler_ii"",""co_posts"":11,""character_coverage"":0.06962},{""copyright"":""square_enix"",""co_posts"":10,""character_coverage"":0.063291},{""copyright"":""octopath_traveler:_champions_of_the_continent"",""co_posts"":6,""character_coverage"":0.037975}]","","","PENDING",""
"I70-014841","anyoji_hime_(winter_loungewear)","4","Character","168","","","","","","","[{""copyright"":""love_live!"",""co_posts"":156,""character_coverage"":1.0},{""copyright"":""love_live!_hasu_no_sora_jogakuin_school_idol_club"",""co_posts"":156,""character_coverage"":1.0},{""copyright"":""dream_believers"",""co_posts"":4,""character_coverage"":0.025641},{""copyright"":""one_piece"",""co_posts"":2,""character_coverage"":0.012821},{""copyright"":""proof_(love_live!)"",""co_posts"":2,""character_coverage"":0.012821}]","","","PENDING",""
"I70-014842","asakura_yume","4","Character","168","","","","","朝倉由夢","","[{""copyright"":""da_capo"",""co_posts"":156,""character_coverage"":1.0},{""copyright"":""da_capo_ii"",""co_posts"":154,""character_coverage"":0.987179},{""copyright"":""megami_magazine"",""co_posts"":7,""character_coverage"":0.044872},{""copyright"":""circus_(studio)"",""co_posts"":4,""character_coverage"":0.025641},{""copyright"":""da_capo_i"",""co_posts"":4,""character_coverage"":0.025641}]","","","PENDING",""
"I70-014843","bicute_bunnies_miku_(white_bunny)","4","Character","168","","","","","","","[{""copyright"":""vocaloid"",""co_posts"":166,""character_coverage"":1.0},{""copyright"":""genshin_impact"",""co_posts"":4,""character_coverage"":0.024096},{""copyright"":""rabbit_hole_(vocaloid)"",""co_posts"":4,""character_coverage"":0.024096},{""copyright"":""idolmaster"",""co_posts"":2,""character_coverage"":0.012048},{""copyright"":""kantai_collection"",""co_posts"":2,""character_coverage"":0.012048}]","","","PENDING",""
"I70-014844","bolin","4","Character","168","","","","","ボリン","","[{""copyright"":""avatar_legends"",""co_posts"":149,""character_coverage"":0.993333},{""copyright"":""the_legend_of_korra"",""co_posts"":147,""character_coverage"":0.98},{""copyright"":""avatar:_the_last_airbender"",""co_posts"":8,""character_coverage"":0.053333},{""copyright"":""voltron:_legendary_defender"",""co_posts"":3,""character_coverage"":0.02},{""copyright"":""voltron_(series)"",""co_posts"":3,""character_coverage"":0.02}]","","","PENDING",""
"I70-014845","bronya_zaychik_(valkyrie_chariot)","4","Character","168","","","","","ブローニャ・ザイチク(通常)","","[{""copyright"":""honkai_(series)"",""co_posts"":156,""character_coverage"":1.0},{""copyright"":""honkai_impact_3rd"",""co_posts"":156,""character_coverage"":1.0},{""copyright"":""honkai_gakuen"",""co_posts"":5,""character_coverage"":0.032051},{""copyright"":""honkai:_star_rail"",""co_posts"":4,""character_coverage"":0.025641},{""copyright"":""original"",""co_posts"":4,""character_coverage"":0.025641}]","","","PENDING",""
"I70-014846","bubble_gum_fellow_(umamusume)","4","Character","168","","","","","バブルガムフェロー(ウマ娘)","","[{""copyright"":""umamusume"",""co_posts"":155,""character_coverage"":1.0},{""copyright"":""cygames"",""co_posts"":3,""character_coverage"":0.019355},{""copyright"":""original"",""co_posts"":2,""character_coverage"":0.012903},{""copyright"":""hunter_x_hunter"",""co_posts"":1,""character_coverage"":0.006452},{""copyright"":""los_angeles_lakers"",""co_posts"":1,""character_coverage"":0.006452}]","","","PENDING",""
"I70-014847","coyopotato","4","Character","168","","","","","コヨポタト","","[{""copyright"":""kemono_friends"",""co_posts"":138,""character_coverage"":1.0},{""copyright"":""kemono_friends_v_project"",""co_posts"":138,""character_coverage"":1.0},{""copyright"":""kyoufuu_all_back_(vocaloid)"",""co_posts"":3,""character_coverage"":0.021739},{""copyright"":""tekken"",""co_posts"":3,""character_coverage"":0.021739},{""copyright"":"".live"",""co_posts"":1,""character_coverage"":0.007246}]","","","PENDING",""
"I70-014848","creamy_mami","4","Character","168","","","","","クリィミーマミ","","[{""copyright"":""mahou_no_tenshi_creamy_mami"",""co_posts"":155,""character_coverage"":1.0},{""copyright"":""bishoujo_senshi_sailor_moon"",""co_posts"":10,""character_coverage"":0.064516},{""copyright"":""mahou_no_princess_minky_momo"",""co_posts"":9,""character_coverage"":0.058065},{""copyright"":""mahou_no_star_magical_emi"",""co_posts"":9,""character_coverage"":0.058065},{""copyright"":""mahou_no_yousei_persia"",""co_posts"":9,""character_coverage"":0.058065}]","","","PENDING",""
"I70-014849","cremia","4","Character","168","","","","クリミア","","","[{""copyright"":""the_legend_of_zelda"",""co_posts"":143,""character_coverage"":1.0},{""copyright"":""the_legend_of_zelda:_majora's_mask"",""co_posts"":143,""character_coverage"":1.0},{""copyright"":""the_legend_of_zelda:_ocarina_of_time"",""co_posts"":12,""character_coverage"":0.083916},{""copyright"":""the_legend_of_zelda:_skyward_sword"",""co_posts"":5,""character_coverage"":0.034965},{""copyright"":""the_legend_of_zelda:_twilight_princess"",""co_posts"":5,""character_coverage"":0.034965}]","","","PENDING",""
"I70-014850","dan'in-san_(shirogane_noel)","4","Character","168","","","","","団員さん","","[{""copyright"":""hololive"",""co_posts"":150,""character_coverage"":1.0},{""copyright"":""hololive_english"",""co_posts"":4,""character_coverage"":0.026667},{""copyright"":""holohoneygaoka_koukou"",""co_posts"":3,""character_coverage"":0.02},{""copyright"":""hololive_indonesia"",""co_posts"":3,""character_coverage"":0.02},{""copyright"":""amazon_(company)"",""co_posts"":1,""character_coverage"":0.006667}]","","","PENDING",""
"I70-014851","dark_link","4","Character","168","","","","","ダークリンク","","[{""copyright"":""the_legend_of_zelda"",""co_posts"":156,""character_coverage"":1.0},{""copyright"":""the_legend_of_zelda:_ocarina_of_time"",""co_posts"":101,""character_coverage"":0.647436},{""copyright"":""the_legend_of_zelda:_twilight_princess"",""co_posts"":22,""character_coverage"":0.141026},{""copyright"":""the_legend_of_zelda:_breath_of_the_wild"",""co_posts"":15,""character_coverage"":0.096154},{""copyright"":""the_legend_of_zelda:_the_wind_waker"",""co_posts"":15,""character_coverage"":0.096154}]","","","PENDING",""
"I70-014852","decapre","4","Character","168","","","","","ディカープリ","","[{""copyright"":""street_fighter"",""co_posts"":136,""character_coverage"":1.0},{""copyright"":""street_fighter_iv_(series)"",""co_posts"":72,""character_coverage"":0.529412},{""copyright"":""street_fighter_zero_(series)"",""co_posts"":31,""character_coverage"":0.227941},{""copyright"":""street_fighter_v"",""co_posts"":13,""character_coverage"":0.095588},{""copyright"":""street_fighter_6"",""co_posts"":8,""character_coverage"":0.058824}]","","","PENDING",""
"I70-014853","ezo_brown_bear_(kemono_friends)","4","Character","168","","","","","エゾヒグマ(けものフレンズ)","","[{""copyright"":""kemono_friends"",""co_posts"":152,""character_coverage"":1.0},{""copyright"":""kemono_friends_3"",""co_posts"":45,""character_coverage"":0.296053},{""copyright"":""hi_no_tori"",""co_posts"":4,""character_coverage"":0.026316},{""copyright"":""kemono_friends_2"",""co_posts"":2,""character_coverage"":0.013158},{""copyright"":""keroro_gunsou"",""co_posts"":2,""character_coverage"":0.013158}]","","","PENDING",""
"I70-014854","f.l.u.d.d.","4","Character","168","","","","","F.L.U.D.D.","","[{""copyright"":""mario_(series)"",""co_posts"":149,""character_coverage"":1.0},{""copyright"":""super_mario_sunshine"",""co_posts"":140,""character_coverage"":0.939597},{""copyright"":""super_mario_galaxy"",""co_posts"":20,""character_coverage"":0.134228},{""copyright"":""super_mario_64"",""co_posts"":19,""character_coverage"":0.127517},{""copyright"":""splatoon_(series)"",""co_posts"":12,""character_coverage"":0.080537}]","","","PENDING",""
"I70-014855","fomantis","4","Character","168","","","","","カリキリ","","[{""copyright"":""pokemon"",""co_posts"":159,""character_coverage"":1.0},{""copyright"":""pokemon_sun_and_moon"",""co_posts"":35,""character_coverage"":0.220126},{""copyright"":""pokemon_(anime)"",""co_posts"":9,""character_coverage"":0.056604},{""copyright"":""pokemon_the_series:_sun_&_moon"",""co_posts"":6,""character_coverage"":0.037736},{""copyright"":""pokemon_ultra_sun_and_ultra_moon"",""co_posts"":6,""character_coverage"":0.037736}]","","","PENDING",""
"I70-014856","fubuki_atsuya","4","Character","168","","","","","吹雪アツヤ","","[{""copyright"":""inazuma_eleven_(series)"",""co_posts"":167,""character_coverage"":1.0},{""copyright"":""inazuma_eleven"",""co_posts"":152,""character_coverage"":0.91018},{""copyright"":""inazuma_eleven_ares_no_tenbin"",""co_posts"":10,""character_coverage"":0.05988},{""copyright"":""inazuma_eleven_go"",""co_posts"":10,""character_coverage"":0.05988},{""copyright"":""pokemon"",""co_posts"":3,""character_coverage"":0.017964}]","","","PENDING",""
"I70-014857","fujimaru_ritsuka_(male)_(true_ether_chaldea_uniform)","4","Character","168","","","","第五真説要素環境用カルデア制服","","","[{""copyright"":""fate/grand_order"",""co_posts"":165,""character_coverage"":1.0},{""copyright"":""fate_(series)"",""co_posts"":165,""character_coverage"":1.0},{""copyright"":""original"",""co_posts"":6,""character_coverage"":0.036364},{""copyright"":""newtype"",""co_posts"":3,""character_coverage"":0.018182},{""copyright"":""fate/stay_night"",""co_posts"":2,""character_coverage"":0.012121}]","","","PENDING",""
"I70-014858","fujiwara_no_shirogane_no_sanra","4","Character","168","","","","","藤原銀讃良","","[{""copyright"":""len'en"",""co_posts"":144,""character_coverage"":1.0},{""copyright"":""brilliant_pagoda_or_haze_castle"",""co_posts"":13,""character_coverage"":0.090278},{""copyright"":""earthen_miraculous_sword"",""co_posts"":5,""character_coverage"":0.034722},{""copyright"":""evanescent_existence"",""co_posts"":5,""character_coverage"":0.034722},{""copyright"":""reactivate_majestical_imperial"",""co_posts"":5,""character_coverage"":0.034722}]","","","PENDING",""
"I70-014859","gabite","4","Character","168","","","","","ガバイト","","[{""copyright"":""pokemon"",""co_posts"":154,""character_coverage"":1.0},{""copyright"":""pokemon_diamond/pearl/platinum"",""co_posts"":25,""character_coverage"":0.162338},{""copyright"":""pokemon_mystery_dungeon"",""co_posts"":15,""character_coverage"":0.097403},{""copyright"":""original"",""co_posts"":13,""character_coverage"":0.084416},{""copyright"":""pokemon_(anime)"",""co_posts"":12,""character_coverage"":0.077922}]","","","PENDING",""
"I70-014860","grape-kun","4","Character","168","","","","とうぶどうぶつこうえんコンビ | グレープくん | グレープ君","","","[{""copyright"":""kemono_friends"",""co_posts"":161,""character_coverage"":0.993827},{""copyright"":""kemono_friends_v_project"",""co_posts"":4,""character_coverage"":0.024691},{""copyright"":""real_life"",""co_posts"":4,""character_coverage"":0.024691},{""copyright"":""blade_runner_(series)"",""co_posts"":2,""character_coverage"":0.012346},{""copyright"":""blade_runner_2049"",""co_posts"":2,""character_coverage"":0.012346}]","","","PENDING",""
"I70-014861","hatsune_miku_(lollipop)","4","Character","168","lollipop_(module)","lollipop (module)","","","ロリポップ(モジュール)","","[{""copyright"":""lol_-lots_of_laugh-_(vocaloid)"",""co_posts"":164,""character_coverage"":1.0},{""copyright"":""vocaloid"",""co_posts"":164,""character_coverage"":1.0},{""copyright"":""black_rock_shooter"",""co_posts"":10,""character_coverage"":0.060976},{""copyright"":""koi_wa_sensou_(vocaloid)"",""co_posts"":10,""character_coverage"":0.060976},{""copyright"":""project_diva_(series)"",""co_posts"":10,""character_coverage"":0.060976}]","","","PENDING",""
"I70-014862","henry_jekyll_(fate)","4","Character","168","","","","","","","[{""copyright"":""fate_(series)"",""co_posts"":163,""character_coverage"":1.0},{""copyright"":""fate/grand_order"",""co_posts"":139,""character_coverage"":0.852761},{""copyright"":""fate/prototype"",""co_posts"":28,""character_coverage"":0.171779},{""copyright"":""fate/prototype:_fragments_of_blue_and_silver"",""co_posts"":27,""character_coverage"":0.165644},{""copyright"":""fate/apocrypha"",""co_posts"":4,""character_coverage"":0.02454}]","","","PENDING",""
"I70-014863","hiiragi_nana","4","Character","168","","","","","柊ナナ","","[{""copyright"":""munou_na_nana"",""co_posts"":160,""character_coverage"":1.0},{""copyright"":""bocchi_the_rock!"",""co_posts"":2,""character_coverage"":0.0125},{""copyright"":""happy_sugar_life"",""co_posts"":2,""character_coverage"":0.0125},{""copyright"":""love_live!"",""co_posts"":2,""character_coverage"":0.0125},{""copyright"":""love_live!_nijigasaki_high_school_idol_club"",""co_posts"":2,""character_coverage"":0.0125}]","","","PENDING",""
"I70-014864","hina_(one_piece)","4","Character","168","","","","","黒檻のヒナ","","[{""copyright"":""one_piece"",""co_posts"":130,""character_coverage"":1.0},{""copyright"":""one_piece_treasure_cruise"",""co_posts"":6,""character_coverage"":0.046154},{""copyright"":""one_piece:_stampede"",""co_posts"":4,""character_coverage"":0.030769},{""copyright"":""original"",""co_posts"":4,""character_coverage"":0.030769},{""copyright"":""blue_archive"",""co_posts"":1,""character_coverage"":0.007692}]","","","PENDING",""
"I70-014865","hoshino_yuumi","4","Character","168","","","","","星乃結美","","[{""copyright"":""kimi_kiss"",""co_posts"":160,""character_coverage"":1.0},{""copyright"":""to_heart_(series)"",""co_posts"":3,""character_coverage"":0.01875},{""copyright"":""amagami"",""co_posts"":2,""character_coverage"":0.0125},{""copyright"":""fate/stay_night"",""co_posts"":2,""character_coverage"":0.0125},{""copyright"":""fate_(series)"",""co_posts"":2,""character_coverage"":0.0125}]","","","PENDING",""
"I70-014866","johan_liebert","4","Character","168","","","","","ヨハン・リーベルト","","[{""copyright"":""monster_(manga)"",""co_posts"":153,""character_coverage"":1.0},{""copyright"":""original"",""co_posts"":4,""character_coverage"":0.026144},{""copyright"":""berserk"",""co_posts"":3,""character_coverage"":0.019608},{""copyright"":""chainsaw_man"",""co_posts"":2,""character_coverage"":0.013072},{""copyright"":""jojo_no_kimyou_na_bouken"",""co_posts"":2,""character_coverage"":0.013072}]","","","PENDING",""
"I70-014867","kaboodle_(gameoverse)","4","Character","168","","","","","","","[{""copyright"":""gameoverse"",""co_posts"":148,""character_coverage"":1.0},{""copyright"":""darkstalkers"",""co_posts"":5,""character_coverage"":0.033784},{""copyright"":""metroid"",""co_posts"":5,""character_coverage"":0.033784},{""copyright"":""street_fighter"",""co_posts"":5,""character_coverage"":0.033784},{""copyright"":""shantae_(series)"",""co_posts"":4,""character_coverage"":0.027027}]","","","PENDING",""
"I70-014868","kamazuki_suzuno","4","Character","168","","","","","鎌月鈴乃","","[{""copyright"":""hataraku_maou-sama!"",""co_posts"":162,""character_coverage"":1.0},{""copyright"":""shingeki_no_kyojin"",""co_posts"":3,""character_coverage"":0.018519},{""copyright"":""suica"",""co_posts"":3,""character_coverage"":0.018519},{""copyright"":""comiket_84"",""co_posts"":1,""character_coverage"":0.006173},{""copyright"":""dengeki_g's"",""co_posts"":1,""character_coverage"":0.006173}]","","","PENDING",""
"I70-014869","kaori_(azumanga_daioh)","4","Character","168","kaori_(azumanga_daiou)","kaori (azumanga daiou)","","かおり | かおりん","","","[{""copyright"":""azumanga_daioh"",""co_posts"":140,""character_coverage"":1.0},{""copyright"":""yotsubato!"",""co_posts"":4,""character_coverage"":0.028571},{""copyright"":""omori"",""co_posts"":3,""character_coverage"":0.021429},{""copyright"":""pokemon"",""co_posts"":3,""character_coverage"":0.021429},{""copyright"":""touhou"",""co_posts"":3,""character_coverage"":0.021429}]","","","PENDING",""
"I70-014870","kisaragi_honey","4","Character","168","","","","如月ハニー","","","[{""copyright"":""cutie_honey"",""co_posts"":152,""character_coverage"":1.0},{""copyright"":""re:_cutie_honey"",""co_posts"":31,""character_coverage"":0.203947},{""copyright"":""gundam"",""co_posts"":5,""character_coverage"":0.032895},{""copyright"":""mazinger_(series)"",""co_posts"":4,""character_coverage"":0.026316},{""copyright"":""mazinger_z"",""co_posts"":4,""character_coverage"":0.026316}]","","","PENDING",""
"I70-014871","klein_(honkai_impact)","4","Character","168","","","","","クライン | 克莱因","","[{""copyright"":""honkai_(series)"",""co_posts"":162,""character_coverage"":1.0},{""copyright"":""honkai_impact_3rd"",""co_posts"":162,""character_coverage"":1.0},{""copyright"":""honkai:_star_rail"",""co_posts"":5,""character_coverage"":0.030864},{""copyright"":""genshin_impact"",""co_posts"":4,""character_coverage"":0.024691},{""copyright"":""mihoyo"",""co_posts"":4,""character_coverage"":0.024691}]","","","PENDING",""
"I70-014872","komori_kinoko","4","Character","168","shemage_(boku_no_hero_academia)","shemage (boku no hero academia)","","","小森希乃子","","[{""copyright"":""boku_no_hero_academia"",""co_posts"":157,""character_coverage"":1.0},{""copyright"":""dungeon_meshi"",""co_posts"":2,""character_coverage"":0.012739},{""copyright"":""mario_(series)"",""co_posts"":2,""character_coverage"":0.012739},{""copyright"":""dark_souls_(series)"",""co_posts"":1,""character_coverage"":0.006369},{""copyright"":""dark_souls_i"",""co_posts"":1,""character_coverage"":0.006369}]","","","PENDING",""
"I70-014873","kusakabe_maron","4","Character","168","","","","日下部まろん","","","[{""copyright"":""kamikaze_kaitou_jeanne"",""co_posts"":159,""character_coverage"":1.0},{""copyright"":""kaitou_saint_tail"",""co_posts"":13,""character_coverage"":0.081761},{""copyright"":""bishoujo_senshi_sailor_moon"",""co_posts"":11,""character_coverage"":0.069182},{""copyright"":""cardcaptor_sakura"",""co_posts"":10,""character_coverage"":0.062893},{""copyright"":""full_moon_wo_sagashite"",""co_posts"":5,""character_coverage"":0.031447}]","","","PENDING",""
"I70-014874","le_malin_(sleepy_sunday)_(azur_lane)","4","Character","168","le_malin_(the_knight's_true_nature)_(azur_lane)","le malin (the knight's true nature) (azur lane)","","ぐーだらディマンシュ","懒懒的星期天","","[{""copyright"":""azur_lane"",""co_posts"":162,""character_coverage"":1.0},{""copyright"":""azur_lane:_slow_ahead"",""co_posts"":4,""character_coverage"":0.024691},{""copyright"":""pui_pui_molcar"",""co_posts"":1,""character_coverage"":0.006173}]","","","PENDING",""
"I70-014875","ledyba","4","Character","168","","","","","レディバ","","[{""copyright"":""pokemon"",""co_posts"":157,""character_coverage"":1.0},{""copyright"":""pokemon_gold/silver/crystal"",""co_posts"":15,""character_coverage"":0.095541},{""copyright"":""pokemon_heartgold_and_soulsilver"",""co_posts"":15,""character_coverage"":0.095541},{""copyright"":""pokemon_(anime)"",""co_posts"":7,""character_coverage"":0.044586},{""copyright"":""pokemon_sun_and_moon"",""co_posts"":6,""character_coverage"":0.038217}]","","","PENDING",""
"I70-014876","lileep","4","Character","168","","","","","リリーラ","","[{""copyright"":""pokemon"",""co_posts"":156,""character_coverage"":1.0},{""copyright"":""pokemon_ruby/sapphire/emerald"",""co_posts"":23,""character_coverage"":0.147436},{""copyright"":""pokemon_omega_ruby_and_alpha_sapphire"",""co_posts"":14,""character_coverage"":0.089744},{""copyright"":""pokemon_(anime)"",""co_posts"":6,""character_coverage"":0.038462},{""copyright"":""pokemon_diamond/pearl/platinum"",""co_posts"":5,""character_coverage"":0.032051}]","","","PENDING",""
"I70-014877","lilith_(third_ascension)_(fate)","4","Character","168","","","","","","","[{""copyright"":""fate/grand_order"",""co_posts"":156,""character_coverage"":1.0},{""copyright"":""fate_(series)"",""co_posts"":156,""character_coverage"":1.0},{""copyright"":""armored_core"",""co_posts"":1,""character_coverage"":0.00641},{""copyright"":""armored_core_vi:_fires_of_rubicon"",""co_posts"":1,""character_coverage"":0.00641},{""copyright"":""comiket_107"",""co_posts"":1,""character_coverage"":0.00641}]","","","PENDING",""
"I70-014878","limone_(simoun)","4","Character","168","","","","","リモネ","","[{""copyright"":""simoun"",""co_posts"":105,""character_coverage"":1.0},{""copyright"":""megami_magazine"",""co_posts"":7,""character_coverage"":0.066667},{""copyright"":""animedia"",""co_posts"":2,""character_coverage"":0.019048},{""copyright"":""bishoujo_senshi_sailor_moon"",""co_posts"":1,""character_coverage"":0.009524},{""copyright"":""comp_h's"",""co_posts"":1,""character_coverage"":0.009524}]","","","PENDING",""
"I70-014879","mega_delphox","4","Character","168","","","","","メガマフォクシー","","[{""copyright"":""pokemon"",""co_posts"":155,""character_coverage"":1.0},{""copyright"":""pokemon_legends:_z-a"",""co_posts"":14,""character_coverage"":0.090323},{""copyright"":""pokemon_x_and_y"",""co_posts"":9,""character_coverage"":0.058065},{""copyright"":""pokemon_(anime)"",""co_posts"":5,""character_coverage"":0.032258},{""copyright"":""original"",""co_posts"":3,""character_coverage"":0.019355}]","","","PENDING",""
"I70-014880","melusine_(swimsuit_ruler)_(second_ascension)_(fate)","4","Character","168","","","","","","","[{""copyright"":""fate/grand_order"",""co_posts"":162,""character_coverage"":1.0},{""copyright"":""fate_(series)"",""co_posts"":162,""character_coverage"":1.0},{""copyright"":""fate/kaleid_liner_prisma_illya"",""co_posts"":2,""character_coverage"":0.012346},{""copyright"":""fate/apocrypha"",""co_posts"":1,""character_coverage"":0.006173}]","","","PENDING",""
"I70-014881","mr._silvair","4","Character","168","","","","","銀髪の男","","[{""copyright"":""homicipher"",""co_posts"":136,""character_coverage"":1.0},{""copyright"":""genshin_impact"",""co_posts"":2,""character_coverage"":0.014706},{""copyright"":""kuroshitsuji"",""co_posts"":2,""character_coverage"":0.014706},{""copyright"":""death_note"",""co_posts"":1,""character_coverage"":0.007353},{""copyright"":""ensemble_stars!"",""co_posts"":1,""character_coverage"":0.007353}]","","","PENDING",""
"I70-014882","nine-colored_deer","4","Character","168","","","","","九色鹿","","[{""copyright"":""a_deer_of_nine_colors"",""co_posts"":168,""character_coverage"":1.0},{""copyright"":""arknights"",""co_posts"":167,""character_coverage"":0.994048},{""copyright"":""rainbow_six_siege"",""co_posts"":4,""character_coverage"":0.02381},{""copyright"":""monster_hunter_(series)"",""co_posts"":2,""character_coverage"":0.011905},{""copyright"":""the_legend_of_luo_xiaohei"",""co_posts"":2,""character_coverage"":0.011905}]","","","PENDING",""
"I70-014883","nishikata_chii","4","Character","168","","","","ちー","","","[{""copyright"":""karakai_jouzu_no_takagi-san"",""co_posts"":163,""character_coverage"":1.0},{""copyright"":""karakai_jouzu_no_(moto)_takagi-san"",""co_posts"":136,""character_coverage"":0.834356},{""copyright"":""kunoichi_tsubaki_no_mune_no_uchi"",""co_posts"":2,""character_coverage"":0.01227}]","","","PENDING",""
"I70-014884","oozora_subaru_(starlight)","4","Character","168","oozora_subaru_(6th_costume)","oozora subaru (6th costume)","","大空スバル4周年 | 大空スバル新アイドル衣装","","","[{""copyright"":""hololive"",""co_posts"":164,""character_coverage"":1.0},{""copyright"":""ace_attorney"",""co_posts"":3,""character_coverage"":0.018293},{""copyright"":""indie_virtual_youtuber"",""co_posts"":3,""character_coverage"":0.018293},{""copyright"":""rabbit_hole_(vocaloid)"",""co_posts"":3,""character_coverage"":0.018293},{""copyright"":""vocaloid"",""co_posts"":3,""character_coverage"":0.018293}]","","","PENDING",""
"I70-014885","pandora_(re:zero)","4","Character","168","","","","","パンドラ(リゼロ)","","[{""copyright"":""re:zero_kara_hajimeru_isekai_seikatsu"",""co_posts"":139,""character_coverage"":1.0},{""copyright"":""gakuen_idolmaster"",""co_posts"":2,""character_coverage"":0.014388},{""copyright"":""idolmaster"",""co_posts"":2,""character_coverage"":0.014388},{""copyright"":""goddess_of_victory:_nikke"",""co_posts"":1,""character_coverage"":0.007194},{""copyright"":""monogatari_(series)"",""co_posts"":1,""character_coverage"":0.007194}]","","","PENDING",""
"I70-014886","phione","4","Character","168","","","","","フィオネ","","[{""copyright"":""pokemon"",""co_posts"":152,""character_coverage"":1.0},{""copyright"":""pokemon_diamond/pearl/platinum"",""co_posts"":15,""character_coverage"":0.098684},{""copyright"":""pokemon_(anime)"",""co_posts"":11,""character_coverage"":0.072368},{""copyright"":""pokemon_platinum"",""co_posts"":8,""character_coverage"":0.052632},{""copyright"":""pokemon_the_series:_ruby_and_sapphire"",""co_posts"":8,""character_coverage"":0.052632}]","","","PENDING",""
"I70-014887","purugly","4","Character","168","","","","","ブニャット","","[{""copyright"":""pokemon"",""co_posts"":149,""character_coverage"":1.0},{""copyright"":""pokemon_diamond/pearl/platinum"",""co_posts"":33,""character_coverage"":0.221477},{""copyright"":""pokemon_(anime)"",""co_posts"":8,""character_coverage"":0.053691},{""copyright"":""pokemon_platinum"",""co_posts"":7,""character_coverage"":0.04698},{""copyright"":""pokemon_x_and_y"",""co_posts"":6,""character_coverage"":0.040268}]","","","PENDING",""
"I70-014888","raiden_shogun_(2nd_anniversary)","4","Character","168","","","","","","","[{""copyright"":""genshin_impact"",""co_posts"":164,""character_coverage"":1.0},{""copyright"":""youtube"",""co_posts"":4,""character_coverage"":0.02439},{""copyright"":""honkai_(series)"",""co_posts"":2,""character_coverage"":0.012195},{""copyright"":""mihoyo"",""co_posts"":2,""character_coverage"":0.012195},{""copyright"":""fortnite"",""co_posts"":1,""character_coverage"":0.006098}]","","","PENDING",""
"I70-014889","raine_sage","4","Character","168","refill_sage","refill sage","","","リフィル・セイジ","","[{""copyright"":""tales_of_(series)"",""co_posts"":159,""character_coverage"":1.0},{""copyright"":""tales_of_symphonia"",""co_posts"":158,""character_coverage"":0.993711},{""copyright"":""tales_of_asteria"",""co_posts"":20,""character_coverage"":0.125786},{""copyright"":""tales_of_the_abyss"",""co_posts"":12,""character_coverage"":0.075472},{""copyright"":""tales_of_symphonia_knight_of_ratatosk"",""co_posts"":11,""character_coverage"":0.069182}]","","","PENDING",""
"I70-014890","rarity_(equestria_girls)","4","Character","168","","","","","ラリティ","","[{""copyright"":""my_little_pony"",""co_posts"":129,""character_coverage"":1.0},{""copyright"":""my_little_pony:_friendship_is_magic"",""co_posts"":129,""character_coverage"":1.0},{""copyright"":""my_little_pony:_equestria_girls"",""co_posts"":126,""character_coverage"":0.976744},{""copyright"":""equestria_girls:_better_together"",""co_posts"":13,""character_coverage"":0.100775},{""copyright"":""equestria_girls:_rainbow_rocks"",""co_posts"":7,""character_coverage"":0.054264}]","","","PENDING",""
"I70-014891","rice_cake_(honkai_impact)","4","Character","168","","","","","年糕","","[{""copyright"":""honkai_(series)"",""co_posts"":150,""character_coverage"":1.0},{""copyright"":""honkai_impact_3rd"",""co_posts"":150,""character_coverage"":1.0},{""copyright"":""honkai:_nexus_anima"",""co_posts"":3,""character_coverage"":0.02},{""copyright"":""honkai:_star_rail"",""co_posts"":3,""character_coverage"":0.02},{""copyright"":""mihoyo"",""co_posts"":3,""character_coverage"":0.02}]","","","PENDING",""
"I70-014892","rufflet","4","Character","168","","","","","ワシボン","","[{""copyright"":""pokemon"",""co_posts"":160,""character_coverage"":1.0},{""copyright"":""pokemon_black_and_white"",""co_posts"":28,""character_coverage"":0.175},{""copyright"":""pokemon_legends:_arceus"",""co_posts"":16,""character_coverage"":0.1},{""copyright"":""pokemon_scarlet_and_violet"",""co_posts"":10,""character_coverage"":0.0625},{""copyright"":""pokemon_tcg"",""co_posts"":9,""character_coverage"":0.05625}]","","","PENDING",""
"I70-014893","seadra","4","Character","168","","","","","シードラ","","[{""copyright"":""pokemon"",""co_posts"":156,""character_coverage"":1.0},{""copyright"":""pokemon_(anime)"",""co_posts"":25,""character_coverage"":0.160256},{""copyright"":""pokemon_(classic_anime)"",""co_posts"":21,""character_coverage"":0.134615},{""copyright"":""pokemon_red/green/blue/yellow"",""co_posts"":19,""character_coverage"":0.121795},{""copyright"":""pokemon_heartgold_and_soulsilver"",""co_posts"":10,""character_coverage"":0.064103}]","","","PENDING",""
"I70-014894","shinjin-chan_(douki-chan)","4","Character","168","intern_(douki-chan),intern_(yomu_(sgt_epper)),dark-skinned_girl_(yomu_(sgt_epper))","dark-skinned girl (yomu (sgt epper)) | intern (douki-chan) | intern (yomu (sgt epper))","","","シンジンちゃん（douki-chan）","","[{""copyright"":""ganbare_douki-chan"",""co_posts"":160,""character_coverage"":1.0},{""copyright"":""where's_wally?"",""co_posts"":3,""character_coverage"":0.01875},{""copyright"":""original"",""co_posts"":2,""character_coverage"":0.0125},{""copyright"":""jojo_no_kimyou_na_bouken"",""co_posts"":1,""character_coverage"":0.00625},{""copyright"":""line_(naver)"",""co_posts"":1,""character_coverage"":0.00625}]","","","PENDING",""
"I70-014895","shirayuri_sakura","4","Character","168","","","","シラユリ・サクラ","","","[{""copyright"":""kanpani_girls"",""co_posts"":165,""character_coverage"":1.0}]","","","PENDING",""
"I70-014896","star_guardian_ahri","4","Character","168","","","","","スターガーディアンアリ","","[{""copyright"":""league_of_legends"",""co_posts"":147,""character_coverage"":1.0},{""copyright"":""avatar:_the_last_airbender"",""co_posts"":2,""character_coverage"":0.013605},{""copyright"":""avatar_legends"",""co_posts"":2,""character_coverage"":0.013605},{""copyright"":""bishoujo_senshi_sailor_moon"",""co_posts"":1,""character_coverage"":0.006803},{""copyright"":""bishoujo_senshi_sailor_moon_s"",""co_posts"":1,""character_coverage"":0.006803}]","","","PENDING",""
"I70-014897","takanami_kai_ni_(kancolle)","4","Character","168","","","","","高波改二","","[{""copyright"":""kantai_collection"",""co_posts"":162,""character_coverage"":1.0},{""copyright"":""umamusume"",""co_posts"":2,""character_coverage"":0.012346},{""copyright"":""yurucamp"",""co_posts"":2,""character_coverage"":0.012346},{""copyright"":""blue_archive"",""co_posts"":1,""character_coverage"":0.006173},{""copyright"":""fate/kaleid_liner_prisma_illya"",""co_posts"":1,""character_coverage"":0.006173}]","","","PENDING",""
"I70-014898","takanashi_kim_anouk_mei","4","Character","168","","","","","高梨・キム・アヌーク・めい","","[{""copyright"":""yoru_no_kurage_wa_oyogenai"",""co_posts"":166,""character_coverage"":1.0},{""copyright"":""girls_band_cry"",""co_posts"":3,""character_coverage"":0.018072},{""copyright"":""amagami-san_chi_no_enmusubi"",""co_posts"":2,""character_coverage"":0.012048},{""copyright"":""bang_dream!"",""co_posts"":2,""character_coverage"":0.012048},{""copyright"":""bang_dream!_it's_mygo!!!!!"",""co_posts"":2,""character_coverage"":0.012048}]","","","PENDING",""
"I70-014899","tohno_gen","4","Character","168","","","","","遠野元","","[{""copyright"":""futsuu_no_keion-bu"",""co_posts"":166,""character_coverage"":1.0},{""copyright"":""bucchigiri?!"",""co_posts"":2,""character_coverage"":0.012048},{""copyright"":""demon_days_(gorillaz)"",""co_posts"":2,""character_coverage"":0.012048},{""copyright"":""gorillaz"",""co_posts"":2,""character_coverage"":0.012048},{""copyright"":""love_je_t'aime"",""co_posts"":2,""character_coverage"":0.012048}]","","","PENDING",""
"I70-014900","tomati_(love_live!)","4","Character","168","","","","","","","[{""copyright"":""love_live!"",""co_posts"":165,""character_coverage"":1.0},{""copyright"":""love_live!_hasu_no_sora_jogakuin_school_idol_club"",""co_posts"":165,""character_coverage"":1.0},{""copyright"":""gigo"",""co_posts"":2,""character_coverage"":0.012121},{""copyright"":""cho_toutoi_love"",""co_posts"":1,""character_coverage"":0.006061},{""copyright"":""colorfulness_(love_live!)"",""co_posts"":1,""character_coverage"":0.006061}]","","","PENDING",""
"I70-014901","toyama_daifuku_(rabbit)","4","Character","168","","","","","大福(プリキュア)","","[{""copyright"":""precure"",""co_posts"":155,""character_coverage"":1.0},{""copyright"":""wonderful_precure!"",""co_posts"":154,""character_coverage"":0.993548},{""copyright"":""hirogaru_sky!_precure"",""co_posts"":15,""character_coverage"":0.096774},{""copyright"":""mahou_girls_precure!"",""co_posts"":9,""character_coverage"":0.058065},{""copyright"":""delicious_party_precure"",""co_posts"":6,""character_coverage"":0.03871}]","","","PENDING",""
"I70-014902","white_rock_shooter","4","Character","168","","","","ホワイト☆ロックシューター","","WRS","[{""copyright"":""black_rock_shooter"",""co_posts"":154,""character_coverage"":1.0},{""copyright"":""black_rock_shooter_(game)"",""co_posts"":114,""character_coverage"":0.74026},{""copyright"":""starward"",""co_posts"":8,""character_coverage"":0.051948},{""copyright"":""touhou"",""co_posts"":2,""character_coverage"":0.012987},{""copyright"":""black_rock_shooter:_dawn_fall"",""co_posts"":1,""character_coverage"":0.006494}]","","","PENDING",""
"I70-014903","yagyuu_kyuubei","4","Character","168","yagyu_kyubei","yagyu kyubei","","","柳生九兵衛","","[{""copyright"":""gintama"",""co_posts"":161,""character_coverage"":1.0},{""copyright"":""fate_(series)"",""co_posts"":2,""character_coverage"":0.012422},{""copyright"":""hayate_no_gotoku!"",""co_posts"":2,""character_coverage"":0.012422},{""copyright"":""k-on!"",""co_posts"":2,""character_coverage"":0.012422},{""copyright"":""mahou_sensei_negima!"",""co_posts"":2,""character_coverage"":0.012422}]","","","PENDING",""
"I70-014904","yaten_kou","4","Character","168","","","","","夜天光","","[{""copyright"":""bishoujo_senshi_sailor_moon"",""co_posts"":156,""character_coverage"":1.0},{""copyright"":""bishoujo_senshi_sailor_moon_stars"",""co_posts"":156,""character_coverage"":1.0},{""copyright"":""bishoujo_senshi_sailor_moon_s"",""co_posts"":10,""character_coverage"":0.064103},{""copyright"":""bishoujo_senshi_sailor_moon_supers"",""co_posts"":9,""character_coverage"":0.057692},{""copyright"":""bishoujo_senshi_sailor_moon_r"",""co_posts"":7,""character_coverage"":0.044872}]","","","PENDING",""
"I70-014905","ak-12_(lucia)_(girls'_frontline)","4","Character","167","","","","","","","[{""copyright"":""girls'_frontline"",""co_posts"":157,""character_coverage"":1.0},{""copyright"":""helltaker"",""co_posts"":6,""character_coverage"":0.038217},{""copyright"":""girls'_frontline_2:_exilium"",""co_posts"":3,""character_coverage"":0.019108},{""copyright"":""american_psycho"",""co_posts"":2,""character_coverage"":0.012739},{""copyright"":""hitman_(game)"",""co_posts"":2,""character_coverage"":0.012739}]","","","PENDING",""
"I70-014906","alma_elma","4","Character","167","","","","アルマエルマ","","","[{""copyright"":""mon-musu_quest!"",""co_posts"":151,""character_coverage"":1.0},{""copyright"":""mon-musu_quest:_paradox"",""co_posts"":11,""character_coverage"":0.072848},{""copyright"":""monster_musume_td"",""co_posts"":4,""character_coverage"":0.02649},{""copyright"":""fate_(series)"",""co_posts"":3,""character_coverage"":0.019868},{""copyright"":""catherine_(game)"",""co_posts"":2,""character_coverage"":0.013245}]","","","PENDING",""
"I70-014907","amagi_(wending_waters_serene_lotus)_(azur_lane)","4","Character","167","","","","","走水静莲 | 走水静蓮","","[{""copyright"":""azur_lane"",""co_posts"":157,""character_coverage"":1.0},{""copyright"":""azur_lane:_slow_ahead"",""co_posts"":4,""character_coverage"":0.025478},{""copyright"":""princess_connect!"",""co_posts"":1,""character_coverage"":0.006369}]","","","PENDING",""
"I70-014908","amamiya_yuuko","4","Character","167","","","","","雨宮優子","","[{""copyright"":""ef_(visual_novel)"",""co_posts"":159,""character_coverage"":1.0},{""copyright"":""sola"",""co_posts"":3,""character_coverage"":0.018868},{""copyright"":""mahou_shoujo_madoka_magica"",""co_posts"":2,""character_coverage"":0.012579},{""copyright"":""mahou_shoujo_madoka_magica_(anime)"",""co_posts"":2,""character_coverage"":0.012579},{""copyright"":""accel_world"",""co_posts"":1,""character_coverage"":0.006289}]","","","PENDING",""
"I70-014909","arcade_sona","4","Character","167","","","","","アーケードソナ","","[{""copyright"":""league_of_legends"",""co_posts"":157,""character_coverage"":1.0},{""copyright"":""mario_(series)"",""co_posts"":2,""character_coverage"":0.012739},{""copyright"":""squid_game"",""co_posts"":2,""character_coverage"":0.012739},{""copyright"":""twitch.tv"",""co_posts"":2,""character_coverage"":0.012739},{""copyright"":""microsoft_windows"",""co_posts"":1,""character_coverage"":0.006369}]","","","PENDING",""
"I70-014910","astrologian_(final_fantasy)","4","Character","167","","","","","占星術師（ファイナルファンタジー）","","[{""copyright"":""final_fantasy"",""co_posts"":164,""character_coverage"":1.0},{""copyright"":""final_fantasy_xiv"",""co_posts"":164,""character_coverage"":1.0},{""copyright"":""original"",""co_posts"":12,""character_coverage"":0.073171},{""copyright"":""pokemon"",""co_posts"":3,""character_coverage"":0.018293},{""copyright"":""bang_dream!"",""co_posts"":2,""character_coverage"":0.012195}]","","","PENDING",""
"I70-014911","asu_(sinsekai)","4","Character","167","","","","","明透あーと","","[{""copyright"":""kamitsubaki_studio"",""co_posts"":135,""character_coverage"":1.0},{""copyright"":""sinsekai_record"",""co_posts"":133,""character_coverage"":0.985185},{""copyright"":""valis_(sinsekai)"",""co_posts"":2,""character_coverage"":0.014815},{""copyright"":""cevio"",""co_posts"":1,""character_coverage"":0.007407},{""copyright"":""girls_revolution_project"",""co_posts"":1,""character_coverage"":0.007407}]","","","PENDING",""
"I70-014912","ayaginu_temari","4","Character","167","","","","てまーじゅ | 綵てまり","","","[{""copyright"":""isekai_tensei_shite_v_ni_narimashita"",""co_posts"":159,""character_coverage"":0.952096},{""copyright"":""indie_virtual_youtuber"",""co_posts"":9,""character_coverage"":0.053892},{""copyright"":""propro_production"",""co_posts"":4,""character_coverage"":0.023952},{""copyright"":""pokemon"",""co_posts"":1,""character_coverage"":0.005988},{""copyright"":""valorant"",""co_posts"":1,""character_coverage"":0.005988}]","","","PENDING",""
"I70-014913","black-headed_ibis_(kemono_friends)","4","Character","167","","","","","クロトキ(けものフレンズ)","","[{""copyright"":""kemono_friends"",""co_posts"":164,""character_coverage"":0.993939},{""copyright"":""kemono_friends_3"",""co_posts"":15,""character_coverage"":0.090909},{""copyright"":""kemono_friends_2"",""co_posts"":2,""character_coverage"":0.012121},{""copyright"":""bohemian_rhapsody"",""co_posts"":1,""character_coverage"":0.006061},{""copyright"":""infinity_nikki"",""co_posts"":1,""character_coverage"":0.006061}]","","","PENDING",""
"I70-014914","clarine_(fire_emblem)","4","Character","167","","","","クラリーネ","","","[{""copyright"":""fire_emblem"",""co_posts"":149,""character_coverage"":1.0},{""copyright"":""fire_emblem:_the_binding_blade"",""co_posts"":145,""character_coverage"":0.973154},{""copyright"":""fire_emblem_heroes"",""co_posts"":30,""character_coverage"":0.201342},{""copyright"":""fire_emblem:_the_blazing_blade"",""co_posts"":15,""character_coverage"":0.100671},{""copyright"":""fire_emblem:_the_sacred_stones"",""co_posts"":12,""character_coverage"":0.080537}]","","","PENDING",""
"I70-014915","dedue_molinaro_(timeskip)","4","Character","167","","","","","","","[{""copyright"":""fire_emblem"",""co_posts"":164,""character_coverage"":1.0},{""copyright"":""fire_emblem:_three_houses"",""co_posts"":163,""character_coverage"":0.993902},{""copyright"":""fire_emblem_heroes"",""co_posts"":11,""character_coverage"":0.067073},{""copyright"":""fire_emblem_cipher"",""co_posts"":2,""character_coverage"":0.012195},{""copyright"":""fear_&_hunger_(series)"",""co_posts"":1,""character_coverage"":0.006098}]","","","PENDING",""
"I70-014916","essex_(warship_girls_r)","4","Character","167","","","","エセックス","埃塞克斯","","[{""copyright"":""warship_girls_r"",""co_posts"":164,""character_coverage"":1.0},{""copyright"":""kantai_collection"",""co_posts"":11,""character_coverage"":0.067073},{""copyright"":""azur_lane"",""co_posts"":4,""character_coverage"":0.02439},{""copyright"":""steelblue_mirage"",""co_posts"":4,""character_coverage"":0.02439},{""copyright"":""pacific_(kancolle)"",""co_posts"":2,""character_coverage"":0.012195}]","","","PENDING",""
"I70-014917","estelle_(black_survival)","4","Character","167","","","","","","","[{""copyright"":""black_survival"",""co_posts"":154,""character_coverage"":1.0},{""copyright"":""eternal_return:_black_survival"",""co_posts"":152,""character_coverage"":0.987013},{""copyright"":""darkstalkers"",""co_posts"":1,""character_coverage"":0.006494},{""copyright"":""goddess_of_victory:_nikke"",""co_posts"":1,""character_coverage"":0.006494},{""copyright"":""kill_la_kill"",""co_posts"":1,""character_coverage"":0.006494}]","","","PENDING",""
"I70-014918","eunho_(plave)","4","Character","167","","","","","","","[{""copyright"":""plave"",""co_posts"":167,""character_coverage"":1.0},{""copyright"":""sanrio"",""co_posts"":6,""character_coverage"":0.035928},{""copyright"":""my_melody_(series)"",""co_posts"":4,""character_coverage"":0.023952},{""copyright"":""chainsaw_man"",""co_posts"":1,""character_coverage"":0.005988},{""copyright"":""fuwa_fuwa_cinnamoroll"",""co_posts"":1,""character_coverage"":0.005988}]","","","PENDING",""
"I70-014919","foch_(azur_lane)","4","Character","167","","","","フォッシュ | フォッシュ(アズールレーン)","福煦","","[{""copyright"":""azur_lane"",""co_posts"":156,""character_coverage"":1.0},{""copyright"":""azur_lane:_slow_ahead"",""co_posts"":4,""character_coverage"":0.025641},{""copyright"":""gundam"",""co_posts"":1,""character_coverage"":0.00641},{""copyright"":""gundam_ms_igloo"",""co_posts"":1,""character_coverage"":0.00641},{""copyright"":""kochikame"",""co_posts"":1,""character_coverage"":0.00641}]","","","PENDING",""
"I70-014920","fubuki_(nige_jouzu_no_wakagimi)","4","Character","167","","","","","吹雪(逃げ上手の若君)","","[{""copyright"":""nige_jouzu_no_wakagimi"",""co_posts"":162,""character_coverage"":1.0},{""copyright"":""blue_archive"",""co_posts"":1,""character_coverage"":0.006173},{""copyright"":""disneyland"",""co_posts"":1,""character_coverage"":0.006173},{""copyright"":""howl_no_ugoku_shiro"",""co_posts"":1,""character_coverage"":0.006173},{""copyright"":""pokemon"",""co_posts"":1,""character_coverage"":0.006173}]","","","PENDING",""
"I70-014921","fuwa_aya","4","Character","167","","","","","不破絢","","[{""copyright"":""onna_doushi_toka_arienai_desho_to_iiharu_onnanoko_wo_hyakunichikan_de_tetteiteki_ni_otosu_yuri_no_ohanashi"",""co_posts"":166,""character_coverage"":1.0},{""copyright"":""ga_bunko"",""co_posts"":1,""character_coverage"":0.006024},{""copyright"":""watashi_ga_koibito_ni_nareru_wake_naijan_murimuri!"",""co_posts"":1,""character_coverage"":0.006024}]","","","PENDING",""
"I70-014922","hasegawa_kodaka","4","Character","167","","","","","羽瀬川小鷹","","[{""copyright"":""boku_wa_tomodachi_ga_sukunai"",""co_posts"":158,""character_coverage"":1.0},{""copyright"":""newtype"",""co_posts"":2,""character_coverage"":0.012658},{""copyright"":""dc_comics"",""co_posts"":1,""character_coverage"":0.006329},{""copyright"":""k-on!"",""co_posts"":1,""character_coverage"":0.006329},{""copyright"":""kamen_rider"",""co_posts"":1,""character_coverage"":0.006329}]","","","PENDING",""
"I70-014923","hatsune_(summer)_(princess_connect!)","4","Character","167","","","","","ハツネ(サマー)","","[{""copyright"":""princess_connect!"",""co_posts"":162,""character_coverage"":1.0},{""copyright"":""idolmaster"",""co_posts"":1,""character_coverage"":0.006173},{""copyright"":""idolmaster_cinderella_girls"",""co_posts"":1,""character_coverage"":0.006173}]","","","PENDING",""
"I70-014924","homelander","4","Character","167","","","","","ホームランダー","","[{""copyright"":""the_boys"",""co_posts"":131,""character_coverage"":0.992424},{""copyright"":""invincible_(series)"",""co_posts"":12,""character_coverage"":0.090909},{""copyright"":""dc_comics"",""co_posts"":7,""character_coverage"":0.05303},{""copyright"":""boku_no_hero_academia"",""co_posts"":6,""character_coverage"":0.045455},{""copyright"":""powerpuff_girls"",""co_posts"":4,""character_coverage"":0.030303}]","","","PENDING",""
"I70-014925","igarashi_haruna","4","Character","167","","","","","五十嵐陽菜","","[{""copyright"":""mahjong_soul"",""co_posts"":166,""character_coverage"":1.0},{""copyright"":""shigoto_neko"",""co_posts"":3,""character_coverage"":0.018072},{""copyright"":""yostar"",""co_posts"":1,""character_coverage"":0.006024}]","","","PENDING",""
"I70-014926","inaba_rinne","4","Character","167","","","","稲葉りんね","","","[{""copyright"":""chousoku_henkei_gyrozetter"",""co_posts"":165,""character_coverage"":1.0},{""copyright"":""chuunibyou_demo_koi_ga_shitai!"",""co_posts"":2,""character_coverage"":0.012121},{""copyright"":""hyouka"",""co_posts"":1,""character_coverage"":0.006061},{""copyright"":""idolmaster"",""co_posts"":1,""character_coverage"":0.006061},{""copyright"":""idolmaster_(classic)"",""co_posts"":1,""character_coverage"":0.006061}]","","","PENDING",""
"I70-014927","inui_sana","4","Character","167","","","","","乾紗凪","","[{""copyright"":""mashiroiro_symphony"",""co_posts"":152,""character_coverage"":1.0},{""copyright"":""9-nine-"",""co_posts"":2,""character_coverage"":0.013158},{""copyright"":""mahou_shoujo_madoka_magica"",""co_posts"":2,""character_coverage"":0.013158},{""copyright"":""mahou_shoujo_madoka_magica_(anime)"",""co_posts"":2,""character_coverage"":0.013158},{""copyright"":""megami_magazine"",""co_posts"":2,""character_coverage"":0.013158}]","","","PENDING",""
"I70-014928","ironmouse_(15th_costume)","4","Character","167","","","","","","","[{""copyright"":""vshojo"",""co_posts"":101,""character_coverage"":0.716312},{""copyright"":""indie_virtual_youtuber"",""co_posts"":43,""character_coverage"":0.304965},{""copyright"":""hololive"",""co_posts"":4,""character_coverage"":0.028369},{""copyright"":""chainsaw_man"",""co_posts"":3,""character_coverage"":0.021277},{""copyright"":""hololive_english"",""co_posts"":3,""character_coverage"":0.021277}]","","","PENDING",""
"I70-014929","ishikawa_yui","4","Character","167","","","","","石川由依","","[{""copyright"":""nier:automata"",""co_posts"":79,""character_coverage"":0.526667},{""copyright"":""nier_(series)"",""co_posts"":79,""character_coverage"":0.526667},{""copyright"":""goddess_of_victory:_nikke"",""co_posts"":42,""character_coverage"":0.28},{""copyright"":""blue_archive"",""co_posts"":38,""character_coverage"":0.253333},{""copyright"":""fate_(series)"",""co_posts"":32,""character_coverage"":0.213333}]","","","PENDING",""
"I70-014930","iwakura_mitsumi","4","Character","167","","","","","岩倉美津未","","[{""copyright"":""skip_to_loafer"",""co_posts"":165,""character_coverage"":1.0},{""copyright"":""kimi_ni_todoke"",""co_posts"":7,""character_coverage"":0.042424},{""copyright"":""mob_psycho_100"",""co_posts"":3,""character_coverage"":0.018182},{""copyright"":""futsuu_no_keion-bu"",""co_posts"":2,""character_coverage"":0.012121},{""copyright"":""idolmaster"",""co_posts"":2,""character_coverage"":0.012121}]","","","PENDING",""
"I70-014931","jigokudani_sara","4","Character","167","sara_(amakano_2)","sara (amakano 2)","","","咲来","","[{""copyright"":""amakano_2"",""co_posts"":152,""character_coverage"":1.0},{""copyright"":""amakano"",""co_posts"":1,""character_coverage"":0.006579},{""copyright"":""amakano_~second_season~"",""co_posts"":1,""character_coverage"":0.006579},{""copyright"":""comic_exe"",""co_posts"":1,""character_coverage"":0.006579}]","","","PENDING",""
"I70-014932","kaitou_jeanne","4","Character","167","","","","","怪盗ジャンヌ","","[{""copyright"":""kamikaze_kaitou_jeanne"",""co_posts"":158,""character_coverage"":1.0},{""copyright"":""kaitou_saint_tail"",""co_posts"":14,""character_coverage"":0.088608},{""copyright"":""bishoujo_senshi_sailor_moon"",""co_posts"":12,""character_coverage"":0.075949},{""copyright"":""cardcaptor_sakura"",""co_posts"":11,""character_coverage"":0.06962},{""copyright"":""precure"",""co_posts"":6,""character_coverage"":0.037975}]","","","PENDING",""
"I70-014933","kakizaki_megu","4","Character","167","","","","","柿崎めぐ","","[{""copyright"":""rozen_maiden"",""co_posts"":132,""character_coverage"":1.0},{""copyright"":""dragon_ball"",""co_posts"":2,""character_coverage"":0.015152},{""copyright"":""dragon_ball_z"",""co_posts"":2,""character_coverage"":0.015152},{""copyright"":""suzumiya_haruhi_no_yuuutsu"",""co_posts"":2,""character_coverage"":0.015152},{""copyright"":""3ldkm"",""co_posts"":1,""character_coverage"":0.007576}]","","","PENDING",""
"I70-014934","kind_mita_(miside)","4","Character","167","","","","","親切なミタ","","[{""copyright"":""miside"",""co_posts"":159,""character_coverage"":1.0},{""copyright"":""kamen_rider"",""co_posts"":4,""character_coverage"":0.025157},{""copyright"":""marvel"",""co_posts"":2,""character_coverage"":0.012579},{""copyright"":""original"",""co_posts"":2,""character_coverage"":0.012579},{""copyright"":""seitokai_ni_mo_ana_wa_aru!"",""co_posts"":2,""character_coverage"":0.012579}]","","","PENDING",""
"I70-014935","kinjyou_(shashaki)","4","Character","167","","","","難攻不落の金城さん","","","[{""copyright"":""otaku-kun_to_gyaru_no_koi"",""co_posts"":166,""character_coverage"":1.0},{""copyright"":""kirby_(series)"",""co_posts"":21,""character_coverage"":0.126506},{""copyright"":""kirby_super_star"",""co_posts"":18,""character_coverage"":0.108434},{""copyright"":""cthulhu_mythos"",""co_posts"":8,""character_coverage"":0.048193},{""copyright"":""line_(naver)"",""co_posts"":6,""character_coverage"":0.036145}]","","","PENDING",""
"I70-014936","kiryuu_michiru","4","Character","167","","","","","霧生満","","[{""copyright"":""futari_wa_precure_splash_star"",""co_posts"":158,""character_coverage"":1.0},{""copyright"":""precure"",""co_posts"":158,""character_coverage"":1.0},{""copyright"":""yes!_precure_5"",""co_posts"":43,""character_coverage"":0.272152},{""copyright"":""fresh_precure!"",""co_posts"":42,""character_coverage"":0.265823},{""copyright"":""futari_wa_precure"",""co_posts"":42,""character_coverage"":0.265823}]","","","PENDING",""
"I70-014937","kokubunji_koyori","4","Character","167","","","","国分寺こより","","","[{""copyright"":""nurse_witch_komugi-chan"",""co_posts"":141,""character_coverage"":1.0},{""copyright"":""megami_magazine"",""co_posts"":5,""character_coverage"":0.035461},{""copyright"":""gatchaman"",""co_posts"":2,""character_coverage"":0.014184},{""copyright"":""genshiken"",""co_posts"":2,""character_coverage"":0.014184},{""copyright"":""os-tan"",""co_posts"":2,""character_coverage"":0.014184}]","","","PENDING",""
"I70-014938","koyoi_(iroha_(iroha_matsurika))","4","Character","167","","","","","Koyoi（Iroha（Iroha Matsurika））","","[{""copyright"":""original"",""co_posts"":163,""character_coverage"":1.0}]","","","PENDING",""
"I70-014939","kurone_(kurone_no_kimochi)","4","Character","167","","","","","","","[{""copyright"":""kurone_no_kimochi"",""co_posts"":167,""character_coverage"":1.0}]","","","PENDING",""
"I70-014940","lacrima_the_crimson_tears","4","Character","167","lacrima_the_scarlet_sorrow","lacrima the scarlet sorrow","","","紅涙の魔ラクリモーサ","","[{""copyright"":""yu-gi-oh!"",""co_posts"":159,""character_coverage"":1.0},{""copyright"":""parodius"",""co_posts"":1,""character_coverage"":0.006289},{""copyright"":""yu-gi-oh!_arc-v"",""co_posts"":1,""character_coverage"":0.006289},{""copyright"":""yu-gi-oh!_duel_monsters"",""co_posts"":1,""character_coverage"":0.006289},{""copyright"":""yu-gi-oh!_master_duel"",""co_posts"":1,""character_coverage"":0.006289}]","","","PENDING",""
"I70-014941","liara_t'soni","4","Character","167","","","","","Liara T'soni","","[{""copyright"":""mass_effect_(series)"",""co_posts"":99,""character_coverage"":1.0},{""copyright"":""mass_effect_3"",""co_posts"":23,""character_coverage"":0.232323},{""copyright"":""mass_effect_1"",""co_posts"":16,""character_coverage"":0.161616},{""copyright"":""mass_effect_2"",""co_posts"":15,""character_coverage"":0.151515},{""copyright"":""dengeki"",""co_posts"":12,""character_coverage"":0.121212}]","","","PENDING",""
"I70-014942","lucia:_lotus_(pgr)","4","Character","167","lucia:_lotus_(punishing:_gray_raven)","lucia: lotus (punishing: gray raven)","","","红莲","","[{""copyright"":""punishing:_gray_raven"",""co_posts"":144,""character_coverage"":1.0},{""copyright"":""kuro_games"",""co_posts"":2,""character_coverage"":0.013889},{""copyright"":""wuthering_waves"",""co_posts"":2,""character_coverage"":0.013889},{""copyright"":""crymachina"",""co_posts"":1,""character_coverage"":0.006944},{""copyright"":""genshin_impact"",""co_posts"":1,""character_coverage"":0.006944}]","","","PENDING",""
"I70-014943","mai_(senran_kagura)","4","Character","167","","","","","舞(閃乱カグラ)","","[{""copyright"":""senran_kagura"",""co_posts"":165,""character_coverage"":1.0},{""copyright"":""senran_kagura_new_wave"",""co_posts"":153,""character_coverage"":0.927273},{""copyright"":""senran_kagura_new_link"",""co_posts"":22,""character_coverage"":0.133333},{""copyright"":""pokemon"",""co_posts"":12,""character_coverage"":0.072727},{""copyright"":""pokemon_scarlet_and_violet"",""co_posts"":8,""character_coverage"":0.048485}]","","","PENDING",""
"I70-014944","mayano_top_gun_(casual)_(umamusume)","4","Character","167","","","","","","","[{""copyright"":""umamusume"",""co_posts"":158,""character_coverage"":1.0},{""copyright"":""bloodborne"",""co_posts"":2,""character_coverage"":0.012658},{""copyright"":""zenless_zone_zero"",""co_posts"":2,""character_coverage"":0.012658},{""copyright"":""katawa_shoujo"",""co_posts"":1,""character_coverage"":0.006329},{""copyright"":""tokimeki_memorial"",""co_posts"":1,""character_coverage"":0.006329}]","","","PENDING",""
"I70-014945","misaki_sango","4","Character","167","","","","","岬珊瑚","","[{""copyright"":""re:stage!"",""co_posts"":164,""character_coverage"":1.0},{""copyright"":""alice's_adventures_in_wonderland"",""co_posts"":2,""character_coverage"":0.012195},{""copyright"":""bemani"",""co_posts"":1,""character_coverage"":0.006098},{""copyright"":""dance_dance_revolution"",""co_posts"":1,""character_coverage"":0.006098}]","","","PENDING",""
"I70-014946","mococo_abyssgard_(new_year)","4","Character","167","mococo_abyssgard_(2nd_costume)","mococo abyssgard (2nd costume)","","モココ・アビスガード(正月衣装)","","","[{""copyright"":""hololive"",""co_posts"":161,""character_coverage"":1.0},{""copyright"":""hololive_english"",""co_posts"":161,""character_coverage"":1.0},{""copyright"":""hololive_dev_is"",""co_posts"":1,""character_coverage"":0.006211},{""copyright"":""hololive_indonesia"",""co_posts"":1,""character_coverage"":0.006211},{""copyright"":""metal_gear_(series)"",""co_posts"":1,""character_coverage"":0.006211}]","","","PENDING",""
"I70-014947","ms._stranger_(reverse:1999)","4","Character","167","","","","","重返未来无名者","","[{""copyright"":""reverse:1999"",""co_posts"":140,""character_coverage"":1.0},{""copyright"":""the_elder_scrolls"",""co_posts"":1,""character_coverage"":0.007143}]","","","PENDING",""
"I70-014948","nanamegi_nagisa","4","Character","167","","","","","渚ちゃん","","[{""copyright"":""saikyou_tenshi_to_baito_senshi"",""co_posts"":166,""character_coverage"":0.994012},{""copyright"":""clannad"",""co_posts"":1,""character_coverage"":0.005988},{""copyright"":""comiket_98"",""co_posts"":1,""character_coverage"":0.005988},{""copyright"":""comiket_99"",""co_posts"":1,""character_coverage"":0.005988},{""copyright"":""youtube"",""co_posts"":1,""character_coverage"":0.005988}]","","","PENDING",""
"I70-014949","nani_pelekai","4","Character","167","","","","","ナニ・ペレカイ","","[{""copyright"":""lilo_&_stitch"",""co_posts"":98,""character_coverage"":1.0},{""copyright"":""the_road_to_el_dorado"",""co_posts"":6,""character_coverage"":0.061224},{""copyright"":""original"",""co_posts"":2,""character_coverage"":0.020408},{""copyright"":""big_hero_6"",""co_posts"":1,""character_coverage"":0.010204},{""copyright"":""dexter's_laboratory"",""co_posts"":1,""character_coverage"":0.010204}]","","","PENDING",""
"I70-014950","nessen_(live_a_hero)","4","Character","167","","","","","ネッセン","","[{""copyright"":""live_a_hero"",""co_posts"":164,""character_coverage"":0.993939},{""copyright"":""tokyo_afterschool_summoners"",""co_posts"":7,""character_coverage"":0.042424},{""copyright"":""gyee"",""co_posts"":3,""character_coverage"":0.018182},{""copyright"":""another_eidos-r"",""co_posts"":1,""character_coverage"":0.006061},{""copyright"":""boku_no_hero_academia"",""co_posts"":1,""character_coverage"":0.006061}]","","","PENDING",""
"I70-014951","nishizawa_ayumu","4","Character","167","","","","","西沢歩","","[{""copyright"":""hayate_no_gotoku!"",""co_posts"":124,""character_coverage"":1.0},{""copyright"":""gundam"",""co_posts"":4,""character_coverage"":0.032258},{""copyright"":""mobile_suit_gundam"",""co_posts"":4,""character_coverage"":0.032258},{""copyright"":""touhou"",""co_posts"":4,""character_coverage"":0.032258},{""copyright"":""k-on!"",""co_posts"":3,""character_coverage"":0.024194}]","","","PENDING",""
"I70-014952","richelieu_(warship_girls_r)","4","Character","167","","","","","黎塞留","","[{""copyright"":""warship_girls_r"",""co_posts"":161,""character_coverage"":1.0},{""copyright"":""uefa_euros"",""co_posts"":4,""character_coverage"":0.024845},{""copyright"":""azur_lane"",""co_posts"":1,""character_coverage"":0.006211},{""copyright"":""bloodborne"",""co_posts"":1,""character_coverage"":0.006211},{""copyright"":""clover_theater"",""co_posts"":1,""character_coverage"":0.006211}]","","","PENDING",""
"I70-014953","sakakibara_marika","4","Character","167","","","","","榊原鞠佳","","[{""copyright"":""onna_doushi_toka_arienai_desho_to_iiharu_onnanoko_wo_hyakunichikan_de_tetteiteki_ni_otosu_yuri_no_ohanashi"",""co_posts"":166,""character_coverage"":1.0},{""copyright"":""ga_bunko"",""co_posts"":1,""character_coverage"":0.006024},{""copyright"":""watashi_ga_koibito_ni_nareru_wake_naijan_murimuri!"",""co_posts"":1,""character_coverage"":0.006024}]","","","PENDING",""
"I70-014954","secre_swallowtail","4","Character","167","","","","セクレ・スワロテイル | 黒ネロ","","","[{""copyright"":""black_clover"",""co_posts"":137,""character_coverage"":1.0},{""copyright"":""black_clover:_sword_of_the_wizard_king"",""co_posts"":5,""character_coverage"":0.036496},{""copyright"":""black_clover_m:_rise_of_the_wizard_king"",""co_posts"":5,""character_coverage"":0.036496},{""copyright"":""marvel"",""co_posts"":1,""character_coverage"":0.007299},{""copyright"":""spider-man_(series)"",""co_posts"":1,""character_coverage"":0.007299}]","","","PENDING",""
"I70-014955","shiki_(samurai_spirits)","4","Character","167","","","","","色 | 色(侍魂)","","[{""copyright"":""samurai_spirits"",""co_posts"":146,""character_coverage"":0.993197},{""copyright"":""the_king_of_fighters"",""co_posts"":6,""character_coverage"":0.040816},{""copyright"":""guilty_gear"",""co_posts"":5,""character_coverage"":0.034014},{""copyright"":""snk"",""co_posts"":5,""character_coverage"":0.034014},{""copyright"":""bakumatsu_rouman"",""co_posts"":4,""character_coverage"":0.027211}]","","","PENDING",""
"I70-014956","shikimori_miyako","4","Character","167","shikimori_(kawaii_dake_ja_nai),shikimori_micchon","shikimori (kawaii dake ja nai) | shikimori micchon","","式守さん | 式守みっちょん | 式守みっちょん(可愛いだけじゃない式守さん)","式守都","","[{""copyright"":""kawaii_dake_ja_nai_shikimori-san"",""co_posts"":147,""character_coverage"":1.0},{""copyright"":""komi-san_wa_komyushou_desu"",""co_posts"":6,""character_coverage"":0.040816},{""copyright"":""spy_x_family"",""co_posts"":6,""character_coverage"":0.040816},{""copyright"":""megami_magazine"",""co_posts"":5,""character_coverage"":0.034014},{""copyright"":""ijiranaide_nagatoro-san"",""co_posts"":4,""character_coverage"":0.027211}]","","","PENDING",""
"I70-014957","stainless_(arknights)","4","Character","167","fest_(arknights)","fest (arknights)","","","ステインレス(アークナイツ)","","[{""copyright"":""arknights"",""co_posts"":160,""character_coverage"":1.0},{""copyright"":""ambience_synesthesia"",""co_posts"":17,""character_coverage"":0.10625},{""copyright"":""hello_kitty"",""co_posts"":3,""character_coverage"":0.01875},{""copyright"":""sanrio"",""co_posts"":3,""character_coverage"":0.01875},{""copyright"":""a_deer_of_nine_colors"",""co_posts"":2,""character_coverage"":0.0125}]","","","PENDING",""
"I70-014958","titi_(babalilo)","4","Character","167","","","","ティティ","","","[{""copyright"":""original"",""co_posts"":167,""character_coverage"":1.0},{""copyright"":""comiket_88"",""co_posts"":1,""character_coverage"":0.005988}]","","","PENDING",""
"I70-014959","titleholder_(umamusume)","4","Character","167","","","","","タイトルホルダー(ウマ娘)","","[{""copyright"":""umamusume"",""co_posts"":128,""character_coverage"":1.0},{""copyright"":""japan_racing_association"",""co_posts"":5,""character_coverage"":0.039062},{""copyright"":""original"",""co_posts"":4,""character_coverage"":0.03125},{""copyright"":""ace_attorney"",""co_posts"":2,""character_coverage"":0.015625},{""copyright"":""bloodborne"",""co_posts"":2,""character_coverage"":0.015625}]","","","PENDING",""
"I70-014960","togawa_sakiko_(sarkaz)","4","Character","167","","","","","","","[{""copyright"":""arknights"",""co_posts"":164,""character_coverage"":1.0},{""copyright"":""bang_dream!"",""co_posts"":164,""character_coverage"":1.0},{""copyright"":""bang_dream!_it's_mygo!!!!!"",""co_posts"":163,""character_coverage"":0.993902},{""copyright"":""the_matrix"",""co_posts"":2,""character_coverage"":0.012195},{""copyright"":""ambience_synesthesia"",""co_posts"":1,""character_coverage"":0.006098}]","","","PENDING",""
"I70-014961","tsukimori_madoka","4","Character","167","","","","","月森円香","","[{""copyright"":""fatal_frame"",""co_posts"":155,""character_coverage"":1.0},{""copyright"":""fatal_frame:_mask_of_the_lunar_eclipse"",""co_posts"":154,""character_coverage"":0.993548},{""copyright"":""fatal_frame_ii:_crimson_butterfly"",""co_posts"":12,""character_coverage"":0.077419},{""copyright"":""fatal_frame_iii:_the_tormented"",""co_posts"":12,""character_coverage"":0.077419},{""copyright"":""fatal_frame_1"",""co_posts"":6,""character_coverage"":0.03871}]","","","PENDING",""
"I70-014962","ume-sensei","4","Character","167","","","","","うめ先生","","[{""copyright"":""hidamari_sketch"",""co_posts"":151,""character_coverage"":0.967949},{""copyright"":""mahou_shoujo_madoka_magica"",""co_posts"":17,""character_coverage"":0.108974},{""copyright"":""mahou_shoujo_madoka_magica_(anime)"",""co_posts"":16,""character_coverage"":0.102564},{""copyright"":""touhou"",""co_posts"":13,""character_coverage"":0.083333},{""copyright"":""manga_time_kirara"",""co_posts"":10,""character_coverage"":0.064103}]","","","PENDING",""
"I70-014963","unicorn_gundam_banshee","4","Character","167","","","","","ユニコーンガンダム2号機バンシィ","","[{""copyright"":""gundam"",""co_posts"":161,""character_coverage"":1.0},{""copyright"":""gundam_unicorn"",""co_posts"":160,""character_coverage"":0.993789},{""copyright"":""kantai_collection"",""co_posts"":18,""character_coverage"":0.111801},{""copyright"":""sd_gundam"",""co_posts"":8,""character_coverage"":0.049689},{""copyright"":""gundam_perfect_file"",""co_posts"":6,""character_coverage"":0.037267}]","","","PENDING",""
"I70-014964","vision_(marvel)","4","Character","167","","","","","ビジョン（マーベル）","","[{""copyright"":""marvel"",""co_posts"":154,""character_coverage"":1.0},{""copyright"":""avengers_(series)"",""co_posts"":73,""character_coverage"":0.474026},{""copyright"":""wandavision"",""co_posts"":49,""character_coverage"":0.318182},{""copyright"":""captain_america_(series)"",""co_posts"":26,""character_coverage"":0.168831},{""copyright"":""spider-man_(series)"",""co_posts"":22,""character_coverage"":0.142857}]","","","PENDING",""
"I70-014965","walking_wake","4","Character","167","","","","","ウネルミナモ","","[{""copyright"":""pokemon"",""co_posts"":160,""character_coverage"":1.0},{""copyright"":""pokemon_scarlet_and_violet"",""co_posts"":10,""character_coverage"":0.0625},{""copyright"":""pokemon_tcg"",""co_posts"":5,""character_coverage"":0.03125},{""copyright"":""nijisanji"",""co_posts"":3,""character_coverage"":0.01875},{""copyright"":""pokemon_(anime)"",""co_posts"":3,""character_coverage"":0.01875}]","","","PENDING",""
"I70-014966","wendy_darling","4","Character","167","","","","","ウェンディ・モイラー・アンジェラ・ダーリング","","[{""copyright"":""walt_disney's_peter_pan"",""co_posts"":108,""character_coverage"":0.864},{""copyright"":""disney"",""co_posts"":20,""character_coverage"":0.16},{""copyright"":""peter_pan_(novel)"",""co_posts"":17,""character_coverage"":0.136},{""copyright"":""beauty_and_the_beast_(disney)"",""co_posts"":15,""character_coverage"":0.12},{""copyright"":""aladdin_(movie)"",""co_posts"":14,""character_coverage"":0.112}]","","","PENDING",""
"I70-014967","yugiri_tsuzuri_(post-graduation_casual)","4","Character","167","","","","","","","[{""copyright"":""love_live!"",""co_posts"":157,""character_coverage"":1.0},{""copyright"":""love_live!_hasu_no_sora_jogakuin_school_idol_club"",""co_posts"":157,""character_coverage"":1.0},{""copyright"":""ampere_(love_live!)"",""co_posts"":6,""character_coverage"":0.038217},{""copyright"":""dream_believers"",""co_posts"":2,""character_coverage"":0.012739},{""copyright"":""love_live!_hasu_no_sora_jogakuin_school_idol_club_bloom_garden_party"",""co_posts"":2,""character_coverage"":0.012739}]","","","PENDING",""
"I70-014968","z1_leberecht_maass_(azur_lane)","4","Character","167","","","","Z1(アズールレーン)","","","[{""copyright"":""azur_lane"",""co_posts"":157,""character_coverage"":1.0},{""copyright"":""kantai_collection"",""co_posts"":6,""character_coverage"":0.038217},{""copyright"":""2channel"",""co_posts"":1,""character_coverage"":0.006369},{""copyright"":""battleship_girl"",""co_posts"":1,""character_coverage"":0.006369},{""copyright"":""carnival_phantasm"",""co_posts"":1,""character_coverage"":0.006369}]","","","PENDING",""
"I70-014969","aida_taketo","4","Character","166","","","","会田タケト","","","[{""copyright"":""kobayashi-san_chi_no_maidragon"",""co_posts"":152,""character_coverage"":1.0},{""copyright"":""chainsaw_man"",""co_posts"":1,""character_coverage"":0.006579},{""copyright"":""jahy-sama_wa_kujikenai!"",""co_posts"":1,""character_coverage"":0.006579},{""copyright"":""jujutsu_kaisen"",""co_posts"":1,""character_coverage"":0.006579},{""copyright"":""thomas_the_tank_engine_(series)"",""co_posts"":1,""character_coverage"":0.006579}]","","","PENDING",""
"I70-014970","amemiya_taiyou","4","Character","166","","","","","雨宮太陽","","[{""copyright"":""inazuma_eleven_(series)"",""co_posts"":160,""character_coverage"":1.0},{""copyright"":""inazuma_eleven_go"",""co_posts"":157,""character_coverage"":0.98125},{""copyright"":""inazuma_eleven_go_chrono_stone"",""co_posts"":64,""character_coverage"":0.4},{""copyright"":""inazuma_eleven"",""co_posts"":8,""character_coverage"":0.05},{""copyright"":""inazuma_eleven_go_vs_danball_senki_w"",""co_posts"":6,""character_coverage"":0.0375}]","","","PENDING",""
"I70-014971","armaldo","4","Character","166","","","","","アーマルド","","[{""copyright"":""pokemon"",""co_posts"":153,""character_coverage"":1.0},{""copyright"":""pokemon_ruby/sapphire/emerald"",""co_posts"":22,""character_coverage"":0.143791},{""copyright"":""pokemon_omega_ruby_and_alpha_sapphire"",""co_posts"":17,""character_coverage"":0.111111},{""copyright"":""pokemon_mystery_dungeon"",""co_posts"":16,""character_coverage"":0.104575},{""copyright"":""pokemon_mystery_dungeon:_explorers_of_time/darkness/sky"",""co_posts"":14,""character_coverage"":0.091503}]","","","PENDING",""
"I70-014972","atticus_(pokemon)","4","Character","166","","","","","シュウメイ","","[{""copyright"":""pokemon"",""co_posts"":164,""character_coverage"":1.0},{""copyright"":""pokemon_scarlet_and_violet"",""co_posts"":164,""character_coverage"":1.0},{""copyright"":""pokemon_heartgold_and_soulsilver"",""co_posts"":6,""character_coverage"":0.036585},{""copyright"":""pokemon_tcg"",""co_posts"":6,""character_coverage"":0.036585},{""copyright"":""pokemon_masters_ex"",""co_posts"":5,""character_coverage"":0.030488}]","","","PENDING",""
"I70-014973","bb_cosmo_(fate)","4","Character","166","","","","BBコスモ","","","[{""copyright"":""fate/grand_order"",""co_posts"":163,""character_coverage"":1.0},{""copyright"":""fate_(series)"",""co_posts"":163,""character_coverage"":1.0},{""copyright"":""fate/extra"",""co_posts"":5,""character_coverage"":0.030675},{""copyright"":""fate/extra_ccc"",""co_posts"":5,""character_coverage"":0.030675},{""copyright"":""gundam"",""co_posts"":2,""character_coverage"":0.01227}]","","","PENDING",""
"I70-014974","beartic","4","Character","166","","","","","ツンベアー","","[{""copyright"":""pokemon"",""co_posts"":159,""character_coverage"":1.0},{""copyright"":""pokemon_black_and_white"",""co_posts"":33,""character_coverage"":0.207547},{""copyright"":""pokemon_scarlet_and_violet"",""co_posts"":31,""character_coverage"":0.194969},{""copyright"":""pokemon_(anime)"",""co_posts"":18,""character_coverage"":0.113208},{""copyright"":""pokemon_the_series:_black_&_white"",""co_posts"":12,""character_coverage"":0.075472}]","","","PENDING",""
"I70-014975","bedivere_(third_ascension)_(fate)","4","Character","166","","","","","","","[{""copyright"":""fate_(series)"",""co_posts"":164,""character_coverage"":1.0},{""copyright"":""fate/grand_order"",""co_posts"":163,""character_coverage"":0.993902},{""copyright"":""fate/stay_night"",""co_posts"":21,""character_coverage"":0.128049},{""copyright"":""fate/extra"",""co_posts"":16,""character_coverage"":0.097561},{""copyright"":""fate/apocrypha"",""co_posts"":15,""character_coverage"":0.091463}]","","","PENDING",""
"I70-014976","blaze_the_igniting_spark_(arknights)","4","Character","166","","","","","熾炎ブレイズ","","[{""copyright"":""arknights"",""co_posts"":139,""character_coverage"":1.0},{""copyright"":""ambience_synesthesia"",""co_posts"":2,""character_coverage"":0.014388},{""copyright"":""chuuka_ichiban!"",""co_posts"":1,""character_coverage"":0.007194},{""copyright"":""sonic_(series)"",""co_posts"":1,""character_coverage"":0.007194},{""copyright"":""umamusume"",""co_posts"":1,""character_coverage"":0.007194}]","","","PENDING",""
"I70-014977","celestia_(strinova)","4","Character","166","xinghui_(calabiyau)","xinghui (calabiyau)","","","星绘","","[{""copyright"":""strinova"",""co_posts"":158,""character_coverage"":1.0},{""copyright"":""devil_may_cry_(series)"",""co_posts"":1,""character_coverage"":0.006329},{""copyright"":""devil_may_cry_5"",""co_posts"":1,""character_coverage"":0.006329},{""copyright"":""kiseijuu"",""co_posts"":1,""character_coverage"":0.006329}]","","","PENDING",""
"I70-014978","chen_hai_(vestibule_of_wonders)_(azur_lane)","4","Character","166","zhenhai_(vestibule_of_wonders)_(azur_lane)","zhenhai (vestibule of wonders) (azur lane)","","","奇奢华苑 | 奇響華殿","","[{""copyright"":""azur_lane"",""co_posts"":141,""character_coverage"":1.0},{""copyright"":""apex_legends"",""co_posts"":1,""character_coverage"":0.007092},{""copyright"":""arknights"",""co_posts"":1,""character_coverage"":0.007092},{""copyright"":""final_fantasy"",""co_posts"":1,""character_coverage"":0.007092},{""copyright"":""final_fantasy_xiv"",""co_posts"":1,""character_coverage"":0.007092}]","","","PENDING",""
"I70-014979","childhood_friend_(ominaeshi)","4","Character","166","","","","幼馴染ちゃん","","","[{""copyright"":""original"",""co_posts"":163,""character_coverage"":1.0},{""copyright"":""line_(naver)"",""co_posts"":2,""character_coverage"":0.01227},{""copyright"":""mahoutsukai_rose_no_sado_life"",""co_posts"":2,""character_coverage"":0.01227},{""copyright"":""twitter"",""co_posts"":2,""character_coverage"":0.01227},{""copyright"":""winnie_the_pooh"",""co_posts"":1,""character_coverage"":0.006135}]","","","PENDING",""
"I70-014980","dido_(anxious_bisque_doll)_(azur_lane)","4","Character","166","","","","多感なるBIsqueDoll","多愁的BIsqueDoll","","[{""copyright"":""azur_lane"",""co_posts"":157,""character_coverage"":1.0},{""copyright"":""lyrical_nanoha"",""co_posts"":1,""character_coverage"":0.006369},{""copyright"":""mahou_shoujo_lyrical_nanoha"",""co_posts"":1,""character_coverage"":0.006369}]","","","PENDING",""
"I70-014981","dubwool","4","Character","166","","","","","バイウールー","","[{""copyright"":""pokemon"",""co_posts"":164,""character_coverage"":1.0},{""copyright"":""pokemon_sword_and_shield"",""co_posts"":111,""character_coverage"":0.676829},{""copyright"":""pokemon_(anime)"",""co_posts"":5,""character_coverage"":0.030488},{""copyright"":""voiceroid"",""co_posts"":5,""character_coverage"":0.030488},{""copyright"":""original"",""co_posts"":4,""character_coverage"":0.02439}]","","","PENDING",""
"I70-014982","fenrir_(last_origin)","4","Character","166","","","","フェンリル | フェンリル(ラストオリジン)","芬瑞爾","펜리르","[{""copyright"":""last_origin"",""co_posts"":161,""character_coverage"":1.0},{""copyright"":""youtube"",""co_posts"":2,""character_coverage"":0.012422},{""copyright"":""azumanga_daioh"",""co_posts"":1,""character_coverage"":0.006211},{""copyright"":""doom_(series)"",""co_posts"":1,""character_coverage"":0.006211},{""copyright"":""guardian_tales"",""co_posts"":1,""character_coverage"":0.006211}]","","","PENDING",""
"I70-014983","fudou_yukimitsu","4","Character","166","","","","","不動行光","","[{""copyright"":""touken_ranbu"",""co_posts"":164,""character_coverage"":1.0},{""copyright"":""fate_(series)"",""co_posts"":5,""character_coverage"":0.030488},{""copyright"":""fate/grand_order"",""co_posts"":4,""character_coverage"":0.02439},{""copyright"":""koha-ace"",""co_posts"":3,""character_coverage"":0.018293},{""copyright"":""nitroplus"",""co_posts"":2,""character_coverage"":0.012195}]","","","PENDING",""
"I70-014984","fujita_asagao","4","Character","166","","","","","藤田槿","","[{""copyright"":""assault_lily"",""co_posts"":160,""character_coverage"":1.0},{""copyright"":""pokemon"",""co_posts"":4,""character_coverage"":0.025},{""copyright"":""bang_dream!"",""co_posts"":2,""character_coverage"":0.0125},{""copyright"":""bang_dream!_it's_mygo!!!!!"",""co_posts"":2,""character_coverage"":0.0125},{""copyright"":""d4dj"",""co_posts"":2,""character_coverage"":0.0125}]","","","PENDING",""
"I70-014985","futaba_hotaru","4","Character","166","","","","","双葉ほたる","","[{""copyright"":""fatal_fury"",""co_posts"":141,""character_coverage"":0.992958},{""copyright"":""garou:_mark_of_the_wolves"",""co_posts"":122,""character_coverage"":0.859155},{""copyright"":""snk"",""co_posts"":26,""character_coverage"":0.183099},{""copyright"":""the_king_of_fighters"",""co_posts"":22,""character_coverage"":0.15493},{""copyright"":""fatal_fury:_city_of_the_wolves"",""co_posts"":18,""character_coverage"":0.126761}]","","","PENDING",""
"I70-014986","gehrman_sparrow","4","Character","166","","","","","格尔曼·斯帕罗","","[{""copyright"":""lord_of_the_mysteries"",""co_posts"":155,""character_coverage"":1.0},{""copyright"":""circle_of_inevitability"",""co_posts"":2,""character_coverage"":0.012903},{""copyright"":""bloodborne"",""co_posts"":1,""character_coverage"":0.006452},{""copyright"":""cthulhu_mythos"",""co_posts"":1,""character_coverage"":0.006452},{""copyright"":""doraemon"",""co_posts"":1,""character_coverage"":0.006452}]","","","PENDING",""
"I70-014987","green_(deltarune)","4","Character","166","","","","","グリーン(DELTARUNE)","","[{""copyright"":""deltarune"",""co_posts"":75,""character_coverage"":1.0},{""copyright"":""utdr_(toby_fox)"",""co_posts"":75,""character_coverage"":1.0},{""copyright"":""undertale"",""co_posts"":4,""character_coverage"":0.053333},{""copyright"":""futatsu_no_mokuba_(kikuo)"",""co_posts"":2,""character_coverage"":0.026667},{""copyright"":""invincible_(series)"",""co_posts"":2,""character_coverage"":0.026667}]","","","PENDING",""
"I70-014988","grimlock","4","Character","166","","","","","グリムロック","","[{""copyright"":""transformers"",""co_posts"":147,""character_coverage"":1.0},{""copyright"":""transformers:_generation_1"",""co_posts"":107,""character_coverage"":0.727891},{""copyright"":""kantai_collection"",""co_posts"":58,""character_coverage"":0.394558},{""copyright"":""transformers:_war_for_cybertron"",""co_posts"":13,""character_coverage"":0.088435},{""copyright"":""beast_wars"",""co_posts"":10,""character_coverage"":0.068027}]","","","PENDING",""
"I70-014989","guvava","4","Character","166","","","","","グヴァヴァ","","[{""copyright"":""macross"",""co_posts"":148,""character_coverage"":1.0},{""copyright"":""macross_7"",""co_posts"":146,""character_coverage"":0.986486},{""copyright"":""macross_delta"",""co_posts"":12,""character_coverage"":0.081081},{""copyright"":""macross_frontier"",""co_posts"":10,""character_coverage"":0.067568},{""copyright"":""uta_macross_sumaho_deculture"",""co_posts"":6,""character_coverage"":0.040541}]","","","PENDING",""
"I70-014990","hanasaki_miyabi_(1st_costume)","4","Character","166","","","","","花咲みやび(通常)","","[{""copyright"":""holostars"",""co_posts"":163,""character_coverage"":1.0},{""copyright"":""holostars_english"",""co_posts"":12,""character_coverage"":0.07362},{""copyright"":""hololive"",""co_posts"":2,""character_coverage"":0.01227},{""copyright"":""hololive_indonesia"",""co_posts"":2,""character_coverage"":0.01227},{""copyright"":""kirby_(series)"",""co_posts"":2,""character_coverage"":0.01227}]","","","PENDING",""
"I70-014991","hiiragi_shino","4","Character","166","","","","","柊志乃","","[{""copyright"":""idolmaster"",""co_posts"":159,""character_coverage"":1.0},{""copyright"":""idolmaster_cinderella_girls"",""co_posts"":159,""character_coverage"":1.0},{""copyright"":""idolmaster_cinderella_girls_starlight_stage"",""co_posts"":30,""character_coverage"":0.188679},{""copyright"":""cinderella_girls_gekijou"",""co_posts"":24,""character_coverage"":0.150943},{""copyright"":""idolmaster_(classic)"",""co_posts"":6,""character_coverage"":0.037736}]","","","PENDING",""
"I70-014992","hilda_(hilda)","4","Character","166","","","","","ヒルダ（ヒルダ）","","[{""copyright"":""hilda_(series)"",""co_posts"":147,""character_coverage"":1.0},{""copyright"":""a_hat_in_time"",""co_posts"":4,""character_coverage"":0.027211},{""copyright"":""blue_archive"",""co_posts"":2,""character_coverage"":0.013605},{""copyright"":""mahou_shoujo_madoka_magica"",""co_posts"":2,""character_coverage"":0.013605},{""copyright"":""mahou_shoujo_madoka_magica_(anime)"",""co_posts"":2,""character_coverage"":0.013605}]","","","PENDING",""
"I70-014993","homei_(honkai_impact)","4","Character","166","","","","","Homei（Honkai Impact）","","[{""copyright"":""honkai_(series)"",""co_posts"":158,""character_coverage"":1.0},{""copyright"":""honkai_impact_3rd"",""co_posts"":150,""character_coverage"":0.949367},{""copyright"":""honkai_gakuen"",""co_posts"":17,""character_coverage"":0.107595},{""copyright"":""mihoyo"",""co_posts"":5,""character_coverage"":0.031646},{""copyright"":""tears_of_themis"",""co_posts"":2,""character_coverage"":0.012658}]","","","PENDING",""
"I70-014994","howe_(azur_lane)","4","Character","166","","","","ハウ(アズールレーン)","豪","","[{""copyright"":""azur_lane"",""co_posts"":148,""character_coverage"":1.0},{""copyright"":""azur_lane:_slow_ahead"",""co_posts"":2,""character_coverage"":0.013514},{""copyright"":""neptune_(series)"",""co_posts"":2,""character_coverage"":0.013514},{""copyright"":""original"",""co_posts"":1,""character_coverage"":0.006757}]","","","PENDING",""
"I70-014995","i-36_(kancolle)","4","Character","166","miimu_(kancolle)","miimu (kancolle)","","","伊36(艦これ)","","[{""copyright"":""kantai_collection"",""co_posts"":157,""character_coverage"":1.0},{""copyright"":""burger_king"",""co_posts"":1,""character_coverage"":0.006369},{""copyright"":""mcdonald's"",""co_posts"":1,""character_coverage"":0.006369},{""copyright"":""ninja_sentai_kakuranger"",""co_posts"":1,""character_coverage"":0.006369},{""copyright"":""super_sentai"",""co_posts"":1,""character_coverage"":0.006369}]","","","PENDING",""
"I70-014996","ichinose_tokiya","4","Character","166","","","","","一ノ瀬トキヤ","","[{""copyright"":""uta_no_prince-sama"",""co_posts"":165,""character_coverage"":1.0},{""copyright"":""uta_no_prince-sama:_shining_live"",""co_posts"":16,""character_coverage"":0.09697},{""copyright"":""alice's_adventures_in_wonderland"",""co_posts"":4,""character_coverage"":0.024242},{""copyright"":""mahou_shoujo_madoka_magica"",""co_posts"":3,""character_coverage"":0.018182},{""copyright"":""mahou_shoujo_madoka_magica_(anime)"",""co_posts"":3,""character_coverage"":0.018182}]","","","PENDING",""
"I70-014997","izanami_(persona)","4","Character","166","","","","","イザナミ（ペルソナ）","","[{""copyright"":""persona"",""co_posts"":151,""character_coverage"":1.0},{""copyright"":""persona_4"",""co_posts"":150,""character_coverage"":0.993377},{""copyright"":""persona_3"",""co_posts"":7,""character_coverage"":0.046358},{""copyright"":""persona_4_the_golden"",""co_posts"":6,""character_coverage"":0.039735},{""copyright"":""persona_3_portable"",""co_posts"":3,""character_coverage"":0.019868}]","","","PENDING",""
"I70-014998","juliet_starling","4","Character","166","","","","ロリポップチェーンソー","","","[{""copyright"":""lollipop_chainsaw"",""co_posts"":136,""character_coverage"":0.992701},{""copyright"":""chainsaw_man"",""co_posts"":13,""character_coverage"":0.094891},{""copyright"":""highschool_of_the_dead"",""co_posts"":7,""character_coverage"":0.051095},{""copyright"":""toaru_majutsu_no_index"",""co_posts"":5,""character_coverage"":0.036496},{""copyright"":""final_fantasy"",""co_posts"":4,""character_coverage"":0.029197}]","","","PENDING",""
"I70-014999","justaway","4","Character","166","","","","","ジャスタウェイ","","[{""copyright"":""gintama"",""co_posts"":148,""character_coverage"":0.954839},{""copyright"":""umamusume"",""co_posts"":92,""character_coverage"":0.593548},{""copyright"":""touhou"",""co_posts"":27,""character_coverage"":0.174194},{""copyright"":""original"",""co_posts"":24,""character_coverage"":0.154839},{""copyright"":""sayonara_zetsubou_sensei"",""co_posts"":17,""character_coverage"":0.109677}]","","","PENDING",""
"I70-015000","juuichi_mikazuki","4","Character","166","","","","","三日月柔一","","[{""copyright"":""morenatsu"",""co_posts"":159,""character_coverage"":0.981481},{""copyright"":""original"",""co_posts"":5,""character_coverage"":0.030864},{""copyright"":""bakemono_no_ko"",""co_posts"":2,""character_coverage"":0.012346},{""copyright"":""knights_college"",""co_posts"":2,""character_coverage"":0.012346},{""copyright"":""kekkai_sensen"",""co_posts"":1,""character_coverage"":0.006173}]","","","PENDING",""
