source_id,copyright_canonical,source_url,source_type,scope_sha256,matching_inventory_files,open_auto_candidates,open_review_required,open_no_match,open_outside_or_terminal,open_candidate_characters,existing_exact_member_count,reuse_reaudit_disposition
src-000e5bcaf1fc083bc8f3,ceo_and_bodyguard,https://danbooru.donmai.us/wiki_pages/ceo_and_bodyguard,ACCEPTED_CURATED_ROSTER,af2871152471072a626b0171b2bbc29e3e3d016ffc1e8d24c1974b2f44204dc8,,0,0,0,0,,1,no open mapped cohort candidate in retained exact-scope inventories
src-002d62dbf5f427aabd2e,euphoria_(clockup),https://danbooru.donmai.us/wiki_pages/euphoria_(clockup),ACCEPTED_CURATED_ROSTER,2cb798b77ee3b3c0df719c8145bd01584a412b498b523c24356e9dfabaa504c4,,0,0,0,0,,1,no open mapped cohort candidate in retained exact-scope inventories
src-0070d8c870dc4c58d0f0,ganbare!_nakamura-kun!!,https://danbooru.donmai.us/wiki_pages/ganbare!_nakamura-kun!!,ACCEPTED_CURATED_ROSTER,75860c0d6f16362e5465e11eb3129d8c05ca2f0a0a057b6b0edfe55df9957a84,,0,0,0,0,,2,no open mapped cohort candidate in retained exact-scope inventories
src-01736a540dd2e273e81b,honkai_(series),https://github.com/takasago181/DanbooruTagTool/issues/180,APPROVED_REPO_EVIDENCE,ac241f1a726f9db4a12dfc9d614a006750470a7a30e9928c44d0b942e3e05af5,,0,0,0,0,,1,no open mapped cohort candidate in retained exact-scope inventories
src-018503dae56fdf5e2096,gundam_suisei_no_majo,https://gundam-official.com/witch-from-mercury/character/,OFFICIAL_CHARACTER_ROSTER,7ab29869c93840f8f166baf832481ff85f57a2278cf3217f3fd60cab5ef40977,SOURCE_MAPPING_CANDIDATES_GUNDAM_WITCH_FROM_MERCURY_MAIN_CAST_2026-09-30.csv,0,0,23,27,,2,no open mapped cohort candidate in retained exact-scope inventories
src-01d4ea2169a67db02eda,gyee,https://danbooru.donmai.us/wiki_pages/gyee,ACCEPTED_CURATED_ROSTER,bb8735d5eabbefab9956839e46b73b00a8ca806dab3426ac1e06114e8c886e2f,,0,0,0,0,,5,no open mapped cohort candidate in retained exact-scope inventories
src-0273c1bf2675b7f068ca,happinesscharge_precure!,https://lineup.toei-anim.co.jp/ja/tv/happinesscharge_precure/character/,OFFICIAL_SERIES_DIRECTORY,3f2bc621a6e8ac77fd453ba874c7377ddae281e94f92d093297ef8f503f09ca4,SOURCE_MAPPING_CANDIDATES_HAPPINESSCHARGE_PRECURE_2026-09-30.csv,0,0,0,6,,3,no open mapped cohort candidate in retained exact-scope inventories
src-02a90a65233982183dab,cyborg_009,https://danbooru.donmai.us/wiki_pages/cyborg_009,ACCEPTED_CURATED_ROSTER,339a8cc0435588e2f2fea7e9cdef08faac30f762d65f44024b194414b5d09c57,,0,0,0,0,,8,no open mapped cohort candidate in retained exact-scope inventories
src-02b976e8ace924025843,inkya_gyaru_demo_ikigaritai!,https://danbooru.donmai.us/wiki_pages/inkya_gyaru_demo_ikigaritai!,ACCEPTED_CURATED_ROSTER,f04f668294152c205e45b3f186b76feeddfe7ad168855fcfc79d461d5dafc612,,0,0,0,0,,1,no open mapped cohort candidate in retained exact-scope inventories
src-050aadf1d35ec899d2ce,monster_musume_no_iru_nichijou,https://danbooru.donmai.us/wiki_pages/monster_musume_no_iru_nichijou,ACCEPTED_CURATED_ROSTER,74ff11a98bb99e81d7f846884795c295eec7306be2b3ce60cf22314093e201a4,,0,0,0,0,,5,no open mapped cohort candidate in retained exact-scope inventories
src-0562b711108079634e10,kizuato,https://danbooru.donmai.us/wiki_pages/kizuato,ACCEPTED_CURATED_ROSTER,cc87efcbaeff6648dbae5832a3f26983ecc79d4bcdd7793496cb88069edcf8f4,,0,0,0,0,,4,no open mapped cohort candidate in retained exact-scope inventories
src-05c42f8b0af98273201f,rozen_maiden,https://danbooru.donmai.us/wiki_pages/rozen_maiden,ACCEPTED_CURATED_ROSTER,df8281f37e708b1a01db8c8a77b35968d7fd9b1ccf92012ce8e6c27a018e0a4b,,0,0,0,0,,2,no open mapped cohort candidate in retained exact-scope inventories
src-0662bc394077be8508e2,buraiden_gai,https://danbooru.donmai.us/wiki_pages/buraiden_gai,ACCEPTED_CURATED_ROSTER,93828f31d83ce9d4186ddff933ebbb2c93d02cfe85fa46d05f3b34243a3c1326,,0,0,0,0,,1,no open mapped cohort candidate in retained exact-scope inventories
src-070aa4f9dde6a6e68e71,zero_no_tsukaima,https://danbooru.donmai.us/wiki_pages/zero_no_tsukaima,ACCEPTED_CURATED_ROSTER,eaf3f74c2509dbfa9b84cf5c0c15737ceab591d3471004b87813c04e3e0f930c,,0,0,0,0,,2,no open mapped cohort candidate in retained exact-scope inventories
src-07aa617c32251f2724f0,aika_(series),https://danbooru.donmai.us/wiki_pages/aika_(series),ACCEPTED_CURATED_ROSTER,82846d9f6a017576cc3bc20126b5a0c1d3da1382002f68e3d992b30f341795fb,,0,0,0,0,,2,no open mapped cohort candidate in retained exact-scope inventories
src-083be418875671c8dbb2,kamisama_dolls,https://danbooru.donmai.us/wiki_pages/kamisama_dolls,ACCEPTED_CURATED_ROSTER,16a09ddf0a3c5bf0fafbbd4deab5de2dc80c647a7a3c61728344d39995b9b16d,,0,0,0,0,,1,no open mapped cohort candidate in retained exact-scope inventories
src-08630ab1525077450e67,koushinism,https://danbooru.donmai.us/wiki_pages/koushinism,ACCEPTED_CURATED_ROSTER,dc31cf4f5f57b6b06492cc5fb5754b7b1587c61dca3bed946afef04784751200,,0,0,0,0,,1,no open mapped cohort candidate in retained exact-scope inventories
src-0878c5515e748c908008,idolmaster_cinderella_girls,https://imas-cinderella.com/character/,OFFICIAL_CHARACTER_ROSTER,ddfc1a7d3195317490d7c23b3ac8764c4c67c085b691e79067691fb9d3b8c8ed,SOURCE_MAPPING_CANDIDATES_IDOLMASTER_CINDERELLA_GIRLS_ANIME_CHARACTER_DIRECTORY_2026-09-30.csv,0,0,1,61,,4,no open mapped cohort candidate in retained exact-scope inventories
src-087ac22cb5a7cb3c6a9b,yurucamp,https://danbooru.donmai.us/wiki_pages/yurucamp,ACCEPTED_CURATED_ROSTER,b377d73e9483daef95ec1173ffec8089f42ec98ba3a2851f445b6860d4f25b5d,,0,0,0,0,,1,no open mapped cohort candidate in retained exact-scope inventories
src-089a630bf6028671b1c2,mon-musu_quest!,https://danbooru.donmai.us/wiki_pages/list_of_mon-musu_quest!_characters,ACCEPTED_CURATED_ROSTER,a8c72640f2476b48d9fde70ca7ff4fc95ba65fc2526fba8b4c536051d33a0db6,,0,0,0,0,,3,no open mapped cohort candidate in retained exact-scope inventories
src-08d7737b319a39bc67df,little_busters!,https://danbooru.donmai.us/wiki_pages/little_busters!,ACCEPTED_CURATED_ROSTER,2d9854e39370d314dd020d0aee33a431016806e4b4407a9896a5535c34e6f01a,,0,0,0,0,,12,no open mapped cohort candidate in retained exact-scope inventories
src-0971b591faa290455414,little_witch_nobeta,https://danbooru.donmai.us/wiki_pages/little_witch_nobeta,ACCEPTED_CURATED_ROSTER,59958526a0f045ac84e2df2d15892a4b21455dfc94635f8beeaa721631e20966,,0,0,0,0,,1,no open mapped cohort candidate in retained exact-scope inventories
src-099015f3a13ce3a45a53,nurarihyon_no_mago,https://danbooru.donmai.us/wiki_pages/nurarihyon_no_mago,ACCEPTED_CURATED_ROSTER,ab4f30885b80f380b397468f262e4974919e43ff317d3639b195aceda7902ec8,,0,0,0,0,,1,no open mapped cohort candidate in retained exact-scope inventories
src-09f095de114b44224cf8,mahou_shoujo_no_majo_saiban,https://danbooru.donmai.us/wiki_pages/mahou_shoujo_no_majo_saiban,ACCEPTED_CURATED_ROSTER,f8221e5ea6e39ba78e2ac8b56f7b88c82aad5316fe852dfb8ab29d5156faab36,,0,0,0,0,,16,no open mapped cohort candidate in retained exact-scope inventories
src-0a4f0ec5d599b53d8bee,love_live!_hasu_no_sora_jogakuin_school_idol_club,https://www.lovelive-anime.jp/hasunosora/music/cd/?p=01_4739,OFFICIAL_CHARACTER_ROSTER,b49348b6951be254dcd8d36d548f0f45a51562dd98052120fb028d74bb582668,SOURCE_MAPPING_CANDIDATES_HASUNOSORA_EDEL_NOTE_2026-09-30.csv,0,0,0,8,,2,no open mapped cohort candidate in retained exact-scope inventories
src-0a8e45c36087faa5b679,sakamoto_days,https://danbooru.donmai.us/wiki_pages/sakamoto_days,ACCEPTED_CURATED_ROSTER,d166f78d2771a1af41fd84c5b6e38c95b43577f5f0273765b40b8956baf1e669,,0,0,0,0,,1,no open mapped cohort candidate in retained exact-scope inventories
src-0adf516a79fcb49ee1a2,kimi_to_idol_precure,https://www.toei-anim.co.jp/tv/precure/info/,OFFICIAL_CHARACTER_ROSTER,1d9f4e8dbb32a84a785a6af8482e4aca9b7c56ba4a1d4f1e2d9f6a977fc7ae2c,SOURCE_MAPPING_CANDIDATES_KIMI_TO_IDOL_PRECURE_MAIN_CAST_2026-09-30.csv,0,0,0,5,,1,no open mapped cohort candidate in retained exact-scope inventories
src-0ae4c0b3259993e33e8c,warioware,https://danbooru.donmai.us/wiki_pages/warioware,ACCEPTED_CURATED_ROSTER,ef920e179c6717447291fe78d3e9eb89f9d5e59f29606f8948fa0861c213cc47,,0,0,0,0,,1,no open mapped cohort candidate in retained exact-scope inventories
src-0aeda0fce5298ff424e9,binchou-tan,https://danbooru.donmai.us/wiki_pages/binchou-tan,ACCEPTED_CURATED_ROSTER,a5113d274433073849c61455849f68caec578dc538f9bd3feb78474c12d49cdf,,0,0,0,0,,1,no open mapped cohort candidate in retained exact-scope inventories
src-0b34fb930c4730eebf83,squid_game,https://danbooru.donmai.us/wiki_pages/squid_game,ACCEPTED_CURATED_ROSTER,d89a64578d228cd2bbcf64c80733209712694bf3cce46902dd561a73b6ab8c65,,0,0,0,0,,1,no open mapped cohort candidate in retained exact-scope inventories
src-0bc9c302a2edde69f319,gegege_no_kitarou,https://danbooru.donmai.us/wiki_pages/gegege_no_kitarou,ACCEPTED_CURATED_ROSTER,3b13c2a4b6169b07e3f03710949fa64845a72b8ae092d0a09f8155d94443a350,,0,0,0,0,,3,no open mapped cohort candidate in retained exact-scope inventories
src-0be2724fab721e3b98c6,hanbun_no_tsuki_ga_noboru_sora,https://danbooru.donmai.us/wiki_pages/hanbun_no_tsuki_ga_noboru_sora,ACCEPTED_CURATED_ROSTER,c1b18fd89b8cbbd0547e53c8c45a88710d6bca3843890e4b50140fdb81ec23ac,,0,0,0,0,,1,no open mapped cohort candidate in retained exact-scope inventories
src-0c2384f011b4070c610a,needy_girl_overdose,https://danbooru.donmai.us/wiki_pages/needy_girl_overdose,ACCEPTED_CURATED_ROSTER,fbedcda80f5361a95ea288db0de34247241043b86170f3067735cb8f589a8d48,,0,0,0,0,,1,no open mapped cohort candidate in retained exact-scope inventories
src-0c4b67b7f6ff2510bae9,powerpuff_girls,https://danbooru.donmai.us/wiki_pages/powerpuff_girls,ACCEPTED_CURATED_ROSTER,126e8c0423d69bd71f73cf1afd4440f245322c406e49edcdeccd6b39a17fa70c,,0,0,0,0,,6,no open mapped cohort candidate in retained exact-scope inventories
src-0c9815aec431aa293bc5,hanasaku_iroha,https://danbooru.donmai.us/wiki_pages/hanasaku_iroha,ACCEPTED_CURATED_ROSTER,c347ee3c625b040d57050621f82e222c030332ad1b828d278d1146bc7fbe2d59,,0,0,0,0,,4,no open mapped cohort candidate in retained exact-scope inventories
src-0cbe713da7200bdd690d,athena_(series),https://danbooru.donmai.us/wiki_pages/athena_(series),ACCEPTED_CURATED_ROSTER,2b59a85cb291eef0bcc3c581af3a61db7e659f2efd207418f7b2ba0c63111d30,,0,0,0,0,,1,no open mapped cohort candidate in retained exact-scope inventories
src-0d25907d07bce94203a2,precure,https://www.bandai.co.jp/character/precure.php,APPROVED_REPO_EVIDENCE,9122e3bdd6063c00e067d195decabb071fda6c46cb40b1152c22d2ef5c0f7112,,0,0,0,0,,3,no open mapped cohort candidate in retained exact-scope inventories
src-0d670f9f0c83d7ba6afb,komi-san_wa_komyushou_desu,https://danbooru.donmai.us/wiki_pages/komi-san_wa_komyushou_desu,ACCEPTED_CURATED_ROSTER,72c962a774ab687ed19771dcff9b2c8d7827d33af26c208e6676ca663e6e2006,,0,0,0,0,,1,no open mapped cohort candidate in retained exact-scope inventories
src-0dd74c8666984d076c38,demento,https://danbooru.donmai.us/wiki_pages/demento,ACCEPTED_CURATED_ROSTER,093643b840a3220d6869893e6e801aa6bea36aa5577a12061f4beeecdcda9746,,0,0,0,0,,2,no open mapped cohort candidate in retained exact-scope inventories
src-0de7cb0533536eff9a48,angel_beats!,https://danbooru.donmai.us/wiki_pages/angel_beats!,ACCEPTED_CURATED_ROSTER,f44200f9f68d7ab39e9da45af0a472b6975b6dda86f3f2c6b99a9c19be354666,,0,0,0,0,,1,no open mapped cohort candidate in retained exact-scope inventories
src-0e2be2e63c9ffa160f1c,gugure!_kokkuri-san,https://danbooru.donmai.us/wiki_pages/gugure!_kokkuri-san,ACCEPTED_CURATED_ROSTER,25b8e8bbed1722795289d0e22cc43ccec61802d9e8bef9fffaa22e643fddd715,,0,0,0,0,,2,no open mapped cohort candidate in retained exact-scope inventories
src-0e5f8640af8fddfe6721,maison_ikkoku,https://danbooru.donmai.us/wiki_pages/maison_ikkoku,ACCEPTED_CURATED_ROSTER,e625c57060333829b6e6683c6fa4a679a1795f17582d7a40eb6a0940224f6d9b,,0,0,0,0,,2,no open mapped cohort candidate in retained exact-scope inventories
src-0ea662addd9d74786881,voiceroid,https://www.ah-soft.com/press/voiceroid/yukari.html,OFFICIAL_CHARACTER_PROFILE,d5c290aa8d804e1a80c8f41a1f8413ca1b1231da6d6ca16495a35e28eb0b48e4,,0,0,0,0,,1,no open mapped cohort candidate in retained exact-scope inventories
src-0ebe561c81739626ea90,saenai_heroine_no_sodatekata,https://danbooru.donmai.us/wiki_pages/saenai_heroine_no_sodatekata,ACCEPTED_CURATED_ROSTER,c48305b39b15f65b984449cef22e4580336f7f42f7b16577c76fa5a9668116d5,,0,0,0,0,,6,no open mapped cohort candidate in retained exact-scope inventories
src-0fe84960031621b41208,oshioki_sweetie,https://danbooru.donmai.us/wiki_pages/oshioki_sweetie,ACCEPTED_CURATED_ROSTER,dbc4596230992b0bc5cd2c63883a34448e6c49634641bd99f8dc53d310fe7b12,,0,0,0,0,,1,no open mapped cohort candidate in retained exact-scope inventories
src-100fcb86c4fb3194ffa7,v-dere,https://danbooru.donmai.us/wiki_pages/v-dere,ACCEPTED_CURATED_ROSTER,059060ba4b6002fe63ddcb13c95366e26bc3b1efd5110da0235596eb997c2ddd,,0,0,0,0,,2,no open mapped cohort candidate in retained exact-scope inventories
src-101345f61045762ae5e7,kono_bijutsubu_niwa_mondai_ga_aru!,https://danbooru.donmai.us/wiki_pages/kono_bijutsubu_niwa_mondai_ga_aru!,ACCEPTED_CURATED_ROSTER,d5244bc25b43adbf9e299e3a105e3f9f38797300727c877c3873137a67b8fcfc,,0,0,0,0,,1,no open mapped cohort candidate in retained exact-scope inventories
src-101e53f78053ebfe49f3,captain_commando,https://danbooru.donmai.us/wiki_pages/captain_commando,ACCEPTED_CURATED_ROSTER,5d8f3d3883182edfef799cc2e7ba16adc878fb3c49c09cba0a7899cc9479515f,,0,0,0,0,,1,no open mapped cohort candidate in retained exact-scope inventories
src-103d30bee6ac6f6e99af,prima_doll_(anime),https://danbooru.donmai.us/wiki_pages/prima_doll_(anime),ACCEPTED_CURATED_ROSTER,41b99ea5a7cf302b0a018e2059a6dd74411c059513f261d4d37966f8c52c2569,,0,0,0,0,,1,no open mapped cohort candidate in retained exact-scope inventories
src-104de2ca58e9cb314e62,beacon_of_light_in_the_dark_sea,https://danbooru.donmai.us/wiki_pages/beacon_of_light_in_the_dark_sea,ACCEPTED_CURATED_ROSTER,ab51fc4f1d0988ef69fc491aa06c4a01800e6795d7e4a32655b5f33dbb229c5c,,0,0,0,0,,6,no open mapped cohort candidate in retained exact-scope inventories
src-10884c42956e32eb1139,bang_dream!,https://anime.bang-dream.com/avemujica/character/uika/,OFFICIAL_CHARACTER_PROFILE,c751b5cd74fee57ff5ad6895fa596b0d0b77ba04c02c3a9cc8d58f8118fb8e23,,0,0,0,0,,1,no open mapped cohort candidate in retained exact-scope inventories
src-10c1be35e2825d891ca4,looney_tunes,https://danbooru.donmai.us/wiki_pages/looney_tunes,ACCEPTED_CURATED_ROSTER,abfc2620f7cd11345fb5758a95a69d239b406e9dfee4c0fdbf000870c611bc40,,0,0,0,0,,1,no open mapped cohort candidate in retained exact-scope inventories
src-1143db13f67d1577b288,kimi_ni_todoke,https://danbooru.donmai.us/wiki_pages/kimi_ni_todoke,ACCEPTED_CURATED_ROSTER,b6a66efa3108bcb9dfbc14bfcbeff01d98f20a8c24f2b58302fd068d848236c7,,0,0,0,0,,2,no open mapped cohort candidate in retained exact-scope inventories
src-1146f61254eac8d6722b,log_horizon,https://danbooru.donmai.us/wiki_pages/log_horizon,ACCEPTED_CURATED_ROSTER,b6dc68d73096dec9b514904c1f9c5d6fd3dbd4230755245ac2c6733c816c3f53,,0,0,0,0,,1,no open mapped cohort candidate in retained exact-scope inventories
src-117b2d30dbd0fad8b104,tales_of_arise,https://tales-ch.jp/titles/toarise/,OFFICIAL_GAME_ROSTER,51d42f8f21563caba2162b6eab7b827ab7ebf89f66030fda17d0bf749da863fc,SOURCE_MAPPING_CANDIDATES_TALES_OF_ARISE_JA_DIRECTORY_2026-09-30.csv,0,0,1,6,,2,no open mapped cohort candidate in retained exact-scope inventories
src-11a28c11a7ba83926fc3,jigoku_shoujo,https://danbooru.donmai.us/wiki_pages/jigoku_shoujo,ACCEPTED_CURATED_ROSTER,f7d8d0317ccafd796ba75444184af6f5ef5185c9be43c09ebf86421a58e1f393,,0,0,0,0,,1,no open mapped cohort candidate in retained exact-scope inventories
src-11d6b22181754516f44b,higanbana_no_saku_yoru_ni,https://danbooru.donmai.us/wiki_pages/higanbana_no_saku_yoru_ni,ACCEPTED_CURATED_ROSTER,df016caadb8eed745fc2a96cdad444164edd280e5f8243d8d2beb8152ce8cb86,,0,0,0,0,,2,no open mapped cohort candidate in retained exact-scope inventories
src-1240f1268d01f549e0d5,highschool_of_the_dead,https://danbooru.donmai.us/wiki_pages/highschool_of_the_dead,ACCEPTED_CURATED_ROSTER,d8b92b221d82a1281673236fabb6b14ba7fd37964b8f8e2dcf695697edc677be,,0,0,0,0,,1,no open mapped cohort candidate in retained exact-scope inventories
src-12c12bfb761c5461b223,mahou_shoujo_(raita),https://danbooru.donmai.us/wiki_pages/mahou_shoujo_(raita),ACCEPTED_CURATED_ROSTER,dc7492a6679db584601b03a16d3195075821aabe7397f17fe9d6aa8db90a0481,,0,0,0,0,,3,no open mapped cohort candidate in retained exact-scope inventories
src-133541ef2d7280f4ac39,genshin_impact,https://genshin.hoyoverse.com/,APPROVED_REPO_EVIDENCE,e6a0732d438b89f1237d00b8291d378ae8380a2bd2ba1c4c628f0c59a58db8dd,,0,0,0,0,,2,no open mapped cohort candidate in retained exact-scope inventories
src-13399f2608c2f61ea773,ouran_high_school_host_club,https://danbooru.donmai.us/wiki_pages/ouran_high_school_host_club,ACCEPTED_CURATED_ROSTER,6274c8edf306d2a251e751762fbca8f8bd6c5eb971c0b70e72cdf8919468be48,,0,0,0,0,,6,no open mapped cohort candidate in retained exact-scope inventories
src-13837feee652bdedcb02,stratos_4,https://danbooru.donmai.us/wiki_pages/stratos_4,ACCEPTED_CURATED_ROSTER,aa07651b6f06b9c42df242043251ca4ee07880b55ca89e39fd184fa7cfa7a08e,,0,0,0,0,,4,no open mapped cohort candidate in retained exact-scope inventories
src-13a4cdc5d6142ceb5614,yu-gi-oh!,https://www.yugioh-card.com/en/,APPROVED_REPO_EVIDENCE,f174b60ff5b95ef0feade46f51f7b1764892e25a6a8c724b5b849637517b8c47,,0,0,0,0,,41,no open mapped cohort candidate in retained exact-scope inventories
src-13bf77f59dc1fddfc1d9,the_addams_family,https://danbooru.donmai.us/wiki_pages/the_addams_family,ACCEPTED_CURATED_ROSTER,034512145f339161dd4a9283b58dd4cbf9229caaebcda31bb3dedc5ff53270c3,,0,0,0,0,,2,no open mapped cohort candidate in retained exact-scope inventories
src-141265d8a1d2ef335c1d,gnosia,https://danbooru.donmai.us/wiki_pages/gnosia,ACCEPTED_CURATED_ROSTER,1231336a292639938d90d1553afda974fb98d9f9e4f1cce643d79fc305d05d95,,0,0,0,0,,2,no open mapped cohort candidate in retained exact-scope inventories
src-1475abbda58b3621b63d,arcturus,https://danbooru.donmai.us/wiki_pages/arcturus,ACCEPTED_CURATED_ROSTER,9442f3c4059fd687837805d04e639d287868b079f7b618becf3bb186e461eae7,,0,0,0,0,,1,no open mapped cohort candidate in retained exact-scope inventories
src-14ec09f93afc531abe93,shigatsu_wa_kimi_no_uso,https://danbooru.donmai.us/wiki_pages/shigatsu_wa_kimi_no_uso,ACCEPTED_CURATED_ROSTER,d4e9426ee0a0d69cb8db584653150b4a0a90aefabaad2040662c8ff2a41c1420,,0,0,0,0,,2,no open mapped cohort candidate in retained exact-scope inventories
src-1618075adfd80d78bb75,goddess_of_victory:_nikke,https://nikke-en.com/,APPROVED_REPO_EVIDENCE,22ce3d82298bba1ed4f8aed4ea1c1624126fd7b8b33f84d30b834203bf342615,,0,0,0,0,,2,no open mapped cohort candidate in retained exact-scope inventories
src-168570cc7130d923db98,one-punch_man,https://danbooru.donmai.us/wiki_pages/one-punch_man,ACCEPTED_CURATED_ROSTER,0668e062ea5917900856ed00e059c3c5547d27a8f890b6436908de893bcbe46c,,0,0,0,0,,1,no open mapped cohort candidate in retained exact-scope inventories
src-16c6e725191dafadb8f3,kimi_ga_shinu_made_koi_wo_shitai,https://danbooru.donmai.us/wiki_pages/kimi_ga_shinu_made_koi_wo_shitai,ACCEPTED_CURATED_ROSTER,4d204add9406423d1119e45607f8b917f3676957d3ff1dfe4b62ed15dd129fe1,,0,0,0,0,,4,no open mapped cohort candidate in retained exact-scope inventories
src-17118298ec5edc65da2c,tsuma_shibori,https://danbooru.donmai.us/wiki_pages/tsuma_shibori,ACCEPTED_CURATED_ROSTER,7879d79a30d835c94a328d1b7d29e9eacd8f36c572f08a07ee71fe246b10c1ce,,0,0,0,0,,1,no open mapped cohort candidate in retained exact-scope inventories
src-17140ca15e519f3562fc,chi.:_chikyuu_no_undou_ni_tsuite,https://danbooru.donmai.us/wiki_pages/chi.:_chikyuu_no_undou_ni_tsuite,ACCEPTED_CURATED_ROSTER,b927a52cc5d0d93982f110e7687ada54796ba590597cd630081af4fcee4166ec,,0,0,0,0,,6,no open mapped cohort candidate in retained exact-scope inventories
src-1716310ab3d608eaf55b,godzilla_(series),https://danbooru.donmai.us/wiki_pages/godzilla_(series),ACCEPTED_CURATED_ROSTER,4c8898b7c77737a1d682b10a668da4c21512683933190f948359f0ef731e492b,,0,0,0,0,,5,no open mapped cohort candidate in retained exact-scope inventories
src-175954aaa6ef6787e007,final_fantasy_iv,https://na.finalfantasy.com/topics/123,OFFICIAL_CHARACTER_ROSTER,1568439bbad4903d1b310b31289abea5ec9085d58888a60dd746afc4eef82ca0,,0,0,0,0,,2,no open mapped cohort candidate in retained exact-scope inventories
src-17714e02f1749942ccef,resident_evil,https://game.capcom.com/residentevil/en/umbrella-20230920180000.html,OFFICIAL_SERIES_DIRECTORY,d550ca9c3ff653020e97db5c47577ab9862bcacc3fd5802e715e297093a1f263,,0,0,0,0,,1,no open mapped cohort candidate in retained exact-scope inventories
src-17d638e39c43d4806fb9,agent_aika,https://danbooru.donmai.us/wiki_pages/agent_aika,ACCEPTED_CURATED_ROSTER,370fc435dee85bdfc2b1f395aac7ef4c335af0d416a99c9b6553f1aee980802c,,0,0,0,0,,2,no open mapped cohort candidate in retained exact-scope inventories
src-187463c79e7d4da85cbe,fate_(series),https://fate-strange-fake.com/character/,OFFICIAL_CHARACTER_ROSTER,311e597d0acc8f1853112bdaa62f5d995e3af05c40bd1d145954c6642fd1da0e,SOURCE_MAPPING_CANDIDATES_FATE_STRANGE_FAKE_DIRECTORY_2026-09-30.csv,0,1,10,16,sigma_(mega_man),5,open candidate requires mapping/conflict review
src-1894843b950ee2e453db,kobato.,https://danbooru.donmai.us/wiki_pages/kobato.,ACCEPTED_CURATED_ROSTER,c83ae5600f87459fec10370bd2f9535663923253669d9791588b9951a86abc3c,,0,0,0,0,,1,no open mapped cohort candidate in retained exact-scope inventories
src-18c1277f42bb01b4e66f,ashita_no_nadja,https://danbooru.donmai.us/wiki_pages/ashita_no_nadja,ACCEPTED_CURATED_ROSTER,c6e01cbc86e6f0fb202119f5b3de19615455574bf10a2bf9b2672840d025a986,,0,0,0,0,,1,no open mapped cohort candidate in retained exact-scope inventories
src-191d45e1673478199553,sweethex,https://danbooru.donmai.us/wiki_pages/sweethex,ACCEPTED_CURATED_ROSTER,9aa5ecd6bbce915685b8b3e905b39352daa93be3927fb23e2ca441237ba8b1c7,,0,0,0,0,,1,no open mapped cohort candidate in retained exact-scope inventories
src-1921ee3100b37ef5d3db,maerchen_(sound_horizon),https://danbooru.donmai.us/wiki_pages/maerchen_(sound_horizon),ACCEPTED_CURATED_ROSTER,1158921d4abc1a6879c9ff82991ff0bc1e6fe4135bdc1ba7b912ab8b6cce6012,,0,0,0,0,,3,no open mapped cohort candidate in retained exact-scope inventories
src-195b4291d810a9cde270,sleeping_beauty_(disney),https://danbooru.donmai.us/wiki_pages/sleeping_beauty_(disney),ACCEPTED_CURATED_ROSTER,9265eb617122905db3b9840fc02800ceb1e82dcd62fcbf9d844f838fc46cebc2,,0,0,0,0,,2,no open mapped cohort candidate in retained exact-scope inventories
src-1a66333f5aac5e0a289e,isekai_harem_monogatari,https://danbooru.donmai.us/wiki_pages/isekai_harem_monogatari,ACCEPTED_CURATED_ROSTER,87d0c158e754023e11520ca321e7cd10a2ce949ece8c3f8eccfd2fcc02fefd8a,,0,0,0,0,,1,no open mapped cohort candidate in retained exact-scope inventories
src-1af10335f91d9c858c14,kamisama_hajimemashita,https://danbooru.donmai.us/wiki_pages/kamisama_hajimemashita,ACCEPTED_CURATED_ROSTER,275134cd1b07cd6cfa983afd5544eb7107af2d4178d26b3f8e2e851f97e5c6ab,,0,0,0,0,,1,no open mapped cohort candidate in retained exact-scope inventories
src-1b450064182800b2ffca,moyashimon,https://danbooru.donmai.us/wiki_pages/moyashimon,ACCEPTED_CURATED_ROSTER,d2da9d96771c5eda299fb5db0840c4e74f532ba7e63339aea44919aaaba46d4f,,0,0,0,0,,3,no open mapped cohort candidate in retained exact-scope inventories
src-1b9ee3c555c59333ed9d,yumekui_merry,https://danbooru.donmai.us/wiki_pages/yumekui_merry,ACCEPTED_CURATED_ROSTER,9c80d2ad09c0ec5ea85f170aad654f634a8c4d3003103948a7831087a0cecd0a,,0,0,0,0,,2,no open mapped cohort candidate in retained exact-scope inventories
src-1bfb89a978520f908a47,arakawa_under_the_bridge,https://danbooru.donmai.us/wiki_pages/arakawa_under_the_bridge,ACCEPTED_CURATED_ROSTER,a7e77ccea8777c8b373bfc0eea9ec635c2eb99f5ddceea1fa87a5c1dc9d30224,,0,0,0,0,,3,no open mapped cohort candidate in retained exact-scope inventories
src-1cd65d85af7489408b5c,sen_to_chihiro_no_kamikakushi,https://danbooru.donmai.us/wiki_pages/sen_to_chihiro_no_kamikakushi,ACCEPTED_CURATED_ROSTER,d084357ac87dda631ac9a0bfe23444973c752a7923e3abc964ff1c128c33fe32,,0,0,0,0,,5,no open mapped cohort candidate in retained exact-scope inventories
src-1d75b01c7e44e00141a6,vsinger_(vocaloid),https://vsinger.com/aboutus,OFFICIAL_SERIES_DIRECTORY,f45983923d78ff0194bffe2f8219db5031896b61a64df0a2f0cf2df3caa94dfa,,0,0,0,0,,5,no open mapped cohort candidate in retained exact-scope inventories
src-1d7e2a770ff5a9476e2a,hokuto_no_ken,https://danbooru.donmai.us/wiki_pages/hokuto_no_ken,ACCEPTED_CURATED_ROSTER,74854dd9183a8bf9d03866eeba8da190c918ceb1054549b1150156ffcd7fc136,,0,0,0,0,,3,no open mapped cohort candidate in retained exact-scope inventories
src-1d8172201dbc2ca3221f,tongari_boushi_no_atelier,https://danbooru.donmai.us/wiki_pages/tongari_boushi_no_atelier,ACCEPTED_CURATED_ROSTER,e69801ba67e6a54d2b79d77be863f90bf260bf90365e8364522826fa989fb0b6,,0,0,0,0,,1,no open mapped cohort candidate in retained exact-scope inventories
src-1eb9dc3a2ebffb800331,real_bout_high_school,https://danbooru.donmai.us/wiki_pages/real_bout_high_school,ACCEPTED_CURATED_ROSTER,d5c36e9f65f16f52a2dc7220012f8b0a4a6dee02b5bc17dc14b92d866879264e,,0,0,0,0,,1,no open mapped cohort candidate in retained exact-scope inventories
src-1ec1d0cb81ee3e125a87,haunted_hotel,https://danbooru.donmai.us/wiki_pages/haunted_hotel,ACCEPTED_CURATED_ROSTER,f153cf265e5e458d21690a865f9c5d619f8f5853c93c177d9c252ef85f90eaf4,,0,0,0,0,,1,no open mapped cohort candidate in retained exact-scope inventories
src-1f1adef51601af956708,scooby-doo_(series),https://danbooru.donmai.us/wiki_pages/scooby-doo_(series),ACCEPTED_CURATED_ROSTER,dd13c7e148210a0fc50ed17dc779bb9b71f9f3b4547065b89423203e9db100b2,,0,0,0,0,,4,no open mapped cohort candidate in retained exact-scope inventories
src-1f9cfdd958b6c12f7acf,servant_x_service,https://danbooru.donmai.us/wiki_pages/servant_x_service,ACCEPTED_CURATED_ROSTER,a8e1bd1226743797c36dca133f5d4027fc9bdcd682af7c87690f6fa779009853,,0,0,0,0,,2,no open mapped cohort candidate in retained exact-scope inventories
src-1fb3e2825089a8a748af,persona,https://persona.atlus.com/p3r/index.html?lang=enbuy,OFFICIAL_CHARACTER_PROFILE,879232e5a613b0cca4f1b9d6048b48cd7664dd410109a0d87f3c46853da7d260,,0,0,0,0,,1,no open mapped cohort candidate in retained exact-scope inventories
src-1feb64c06c2940266c57,vocaloid,https://1stplace.co.jp/company,FIRST_PARTY_OTHER,a942368109f5847eff0e6a035ada166e869068c68918b2709188158d35a9667c,,0,0,0,0,,4,no open mapped cohort candidate in retained exact-scope inventories
src-1ff563001bebf185c468,spy_x_family,https://spy-family.net/tvseries/,OFFICIAL_CHARACTER_PROFILE,ece01cf56bbd6d0e05a79bc3cb678a05d7f8b2b82d0f176d9b7bbebde14fe8c8,,0,0,0,0,,1,no open mapped cohort candidate in retained exact-scope inventories
src-2035bbd3a2f2884b86cf,sora_no_woto,https://danbooru.donmai.us/wiki_pages/sora_no_woto,ACCEPTED_CURATED_ROSTER,7b613c1f7d2c64ad978c0fe338280956a3331e4df9377ed4b6893a76bd75b834,,0,0,0,0,,4,no open mapped cohort candidate in retained exact-scope inventories
src-2080cb6b7dac230d0cc7,yesterday_wo_utatte,https://danbooru.donmai.us/wiki_pages/yesterday_wo_utatte,ACCEPTED_CURATED_ROSTER,fa47c488eaa843103b1cdf12fef0c6b031316f0fadfcffd5243a1a8accf6af47,,0,0,0,0,,1,no open mapped cohort candidate in retained exact-scope inventories
src-20c07f96f74df76ea3a7,bang_dream!,https://anime.bang-dream.com/3rd/character/hello-happy-world/,OFFICIAL_CHARACTER_ROSTER,51220c62a4c4644ba60f8c78f6fb37210f6557d52bc310d1a165e94f3a22a923,SOURCE_MAPPING_CANDIDATES_BANG_DREAM_HELLO_HAPPY_WORLD_2026-09-30.csv,0,0,0,5,,1,no open mapped cohort candidate in retained exact-scope inventories
src-2130f5cef66ee3a0749a,hidamari_sketch,https://danbooru.donmai.us/wiki_pages/hidamari_sketch,ACCEPTED_CURATED_ROSTER,386ac8718e767179b02d0c9e9b4ac2784fdbd24b659123793b23c8979729a3a0,,0,0,0,0,,1,no open mapped cohort candidate in retained exact-scope inventories
src-2173d583e0a9eb1c22ae,battle_girl_high_school,https://danbooru.donmai.us/wiki_pages/battle_girl_high_school,ACCEPTED_CURATED_ROSTER,d5611c6fe0c15d12d55ced6ed2cc331efad7423dc64bf1ef85f2d17ca95b028b,,0,0,0,0,,9,no open mapped cohort candidate in retained exact-scope inventories
src-2190e0902bd04cdbc735,seitokai_yakuindomo,https://danbooru.donmai.us/wiki_pages/seitokai_yakuindomo,ACCEPTED_CURATED_ROSTER,b7d8d6b80efc1ecd6a4c0333876a3e4900a6f758f1e111788a19fac78b9675fa,,0,0,0,0,,4,no open mapped cohort candidate in retained exact-scope inventories
src-2218a92f767d07f71b21,five_nights_at_freddy's,https://danbooru.donmai.us/wiki_pages/list_of_five_nights_at_freddy%27s_characters,ACCEPTED_CURATED_ROSTER,58112fc27f65876fb10e95ef76dd54c2a1860edcdb941ba12f2f836592ad7193,,0,0,0,0,,2,no open mapped cohort candidate in retained exact-scope inventories
src-2242898117e1a35b6748,trigun,https://danbooru.donmai.us/wiki_pages/trigun,ACCEPTED_CURATED_ROSTER,6a00d7bec2f4dd1bd9a741dc830bd3a25cd17d6640a75348649f44239178ae8b,,0,0,0,0,,6,no open mapped cohort candidate in retained exact-scope inventories
src-23dcd86235fe437ed129,amnesia_(idea_factory),https://danbooru.donmai.us/wiki_pages/amnesia_(idea_factory),ACCEPTED_CURATED_ROSTER,e2469fd2bbe2bf7b8a7829065b08c89d44b8029a3adfe406dd17ad65022b6f62,,0,0,0,0,,3,no open mapped cohort candidate in retained exact-scope inventories
src-23f0151ff333f53f9c51,honkai_impact_3rd,https://honkaiimpact3.hoyoverse.com/,APPROVED_REPO_EVIDENCE,5c713818a02ca73fc9d3e4a6326b2a2fbb9656d28338aaabe1e1c0190440b231,,0,0,0,0,,1,no open mapped cohort candidate in retained exact-scope inventories
src-24451d218f5b3ca1c890,kill_me_baby,https://danbooru.donmai.us/wiki_pages/kill_me_baby,ACCEPTED_CURATED_ROSTER,90303dd8d8bce5a00ce2832b653258dda220a0ebebd1b56d89efa72bf78d948c,,0,0,0,0,,2,no open mapped cohort candidate in retained exact-scope inventories
src-24858ded0b98065376e8,flowers_(innocent_grey),https://danbooru.donmai.us/wiki_pages/flowers_(innocent_grey),ACCEPTED_CURATED_ROSTER,5acb56a56f7c757dea44b934b04bfb0f83977fab7e5c0b961bf620fd8cd7140d,,0,0,0,0,,2,no open mapped cohort candidate in retained exact-scope inventories
src-24a9a41392d153ffb4e8,gundam_seed_destiny,https://gundam-official.com/seed/destiny/character/,OFFICIAL_CHARACTER_ROSTER,d5d9c22e2dfc1546315f1947f53f8faf07bff08b1d4cc1a7ad8b328e1c88e55f,SOURCE_MAPPING_CANDIDATES_GUNDAM_SEED_DESTINY_DIRECTORY_2026-09-30.csv,0,0,27,14,,6,no open mapped cohort candidate in retained exact-scope inventories
src-24cd9d25db6e360cd506,seitokai_ni_mo_ana_wa_aru!,https://danbooru.donmai.us/wiki_pages/seitokai_ni_mo_ana_wa_aru!,ACCEPTED_CURATED_ROSTER,7bd484733aa6524c8ba092c1cb4c2f84b0aa99f4dfb7a78d27585c9897111b57,,0,0,0,0,,5,no open mapped cohort candidate in retained exact-scope inventories
src-24d095282268bda9e619,amakano_3,https://danbooru.donmai.us/wiki_pages/amakano_3,ACCEPTED_CURATED_ROSTER,52e6b4ae8ed02bf33b02743d5fbfc0cecff932688adf0534c4fa6707798a5c58,,0,0,0,0,,1,no open mapped cohort candidate in retained exact-scope inventories
src-24e743cd4622fafb996a,idolmaster_xenoglossia,https://www.sunrise-inc.co.jp/idolmaster/chara/,OFFICIAL_CHARACTER_ROSTER,f232f04df321ba267643383ab48055875ba6c561b9e9ca5be34a885231eb0d33,,0,0,0,0,,1,no open mapped cohort candidate in retained exact-scope inventories
src-25534de040710c92403e,.flow,https://danbooru.donmai.us/wiki_pages/.flow,ACCEPTED_CURATED_ROSTER,530dbdc71e36ce4a48f9684b509877bdb3fe207fccdebc02dc5e1da744a70e9a,,0,0,0,0,,1,no open mapped cohort candidate in retained exact-scope inventories
src-256222b51029d1b2f3c6,eureka_seven,https://danbooru.donmai.us/wiki_pages/eureka_seven,ACCEPTED_CURATED_ROSTER,81b7ffae60654870299dcf7dfd9151040f361244ab01cc3895c0f30e2a042f45,,0,0,0,0,,4,no open mapped cohort candidate in retained exact-scope inventories
src-258ef700e2637e80e96b,lofi_girl_(youtube),https://danbooru.donmai.us/wiki_pages/lofi_girl_(youtube),ACCEPTED_CURATED_ROSTER,676d9efefe4c0493428385aeb71fab1d050bf2153140053ac1120ef534d5969a,,0,0,0,0,,1,no open mapped cohort candidate in retained exact-scope inventories
src-25ebc4f40ef47809ec79,ushio_to_tora,https://danbooru.donmai.us/wiki_pages/ushio_to_tora,ACCEPTED_CURATED_ROSTER,06007e4ca2833f255b1eb93d874466ec637003894d81d2ac608569d29911bce3,,0,0,0,0,,1,no open mapped cohort candidate in retained exact-scope inventories
src-260d411a22d72c17035e,engage_kiss,https://danbooru.donmai.us/wiki_pages/engage_kiss,ACCEPTED_CURATED_ROSTER,999babcda42d44b4fe27b6b225d98c960b72161d4fa9a9335a85595ae6862148,,0,0,0,0,,1,no open mapped cohort candidate in retained exact-scope inventories
src-26702a1bcc9f93789fd2,ai_the_somnium_files,https://danbooru.donmai.us/wiki_pages/ai_the_somnium_files,ACCEPTED_CURATED_ROSTER,e7487a7ed2b13e3951d040170b6075d78bec075351dc7dc220c2a3e52d1ebb61,,0,0,0,0,,3,no open mapped cohort candidate in retained exact-scope inventories
src-26c4ad12aecdb7cf919b,kanpani_girls,https://danbooru.donmai.us/wiki_pages/kanpani_girls,ACCEPTED_CURATED_ROSTER,6abd03a0f62b1a8efcd28fcebdfbaf93742c52b060345d904fb335067ee12063,,0,0,0,0,,1,no open mapped cohort candidate in retained exact-scope inventories
src-270f007ea2e31e131e55,iyowa_girls,https://danbooru.donmai.us/wiki_pages/iyowa_girls,ACCEPTED_CURATED_ROSTER,590dfa9fca54d6694f1631cacb0c7cb84f8939eb7991fc396f159cad56dff67c,,0,0,0,0,,6,no open mapped cohort candidate in retained exact-scope inventories
src-274d0c920afd1a9d4d92,love_live!_sunshine!!,https://www.lovelive-anime.jp/uranohoshi/news.php?offset=414,OFFICIAL_CHARACTER_ROSTER,db910bc93daeffd3e8c99e9941bda70ac487a635eced6e270ac48b97d539a062,,0,0,0,0,,4,no open mapped cohort candidate in retained exact-scope inventories
src-2763b43cd4a2e0b989b2,maburaho,https://danbooru.donmai.us/wiki_pages/maburaho,ACCEPTED_CURATED_ROSTER,b8c3c7766c95baf5fb4639a6c72865539c7a8a565177ef819f56b97d7ebb81fb,,0,0,0,0,,3,no open mapped cohort candidate in retained exact-scope inventories
src-278ee5c91e948a14ff40,suntory,https://danbooru.donmai.us/wiki_pages/suntory,ACCEPTED_CURATED_ROSTER,a30696df13a28f49a0399b83d9685e9e15c4ac3d1a4decee768284aa41a4f99a,,0,0,0,0,,1,no open mapped cohort candidate in retained exact-scope inventories
src-287bf464f63f03391a00,yozakura_quartet,https://danbooru.donmai.us/wiki_pages/yozakura_quartet,ACCEPTED_CURATED_ROSTER,e07aad7dc84566f84284dd1a3178b13834f49480d8d3f385e862c79a2ff33f94,,0,0,0,0,,3,no open mapped cohort candidate in retained exact-scope inventories
src-28e9b61d938b5bde99af,kiss_x_sis,https://danbooru.donmai.us/wiki_pages/kiss_x_sis,ACCEPTED_CURATED_ROSTER,114dda0ec740c65b908f426e19b1a1da7f53c0f0ed202698163d7c3dce4da143,,0,0,0,0,,2,no open mapped cohort candidate in retained exact-scope inventories
src-28f55d561ebf3c00a818,little_goody_two_shoes,https://danbooru.donmai.us/wiki_pages/little_goody_two_shoes,ACCEPTED_CURATED_ROSTER,cd6f021597062740b978817262b12ded6dd01625e0d41fc1e9b4c6a3367c1b03,,0,0,0,0,,1,no open mapped cohort candidate in retained exact-scope inventories
src-2910a72ad88f8bc9eb3b,uta_no_prince-sama,https://danbooru.donmai.us/wiki_pages/uta_no_prince-sama,ACCEPTED_CURATED_ROSTER,246534f4f584ab0e5ce48ce07fc9fd27ff09efc6e7b4ed337be00016ab544418,,0,0,0,0,,1,no open mapped cohort candidate in retained exact-scope inventories
src-29a91ac15b1a4c15a1ca,ore_twintail_ni_narimasu,https://danbooru.donmai.us/wiki_pages/ore_twintail_ni_narimasu,ACCEPTED_CURATED_ROSTER,8aa0b13139f14a495668217dd5794064ab7518d59c861db594c4363c2c85781f,,0,0,0,0,,2,no open mapped cohort candidate in retained exact-scope inventories
src-2a098a756e4d753ccbae,fate/grand_order,https://stage.fate-go.jp/character/,OFFICIAL_CHARACTER_ROSTER,39601e775c1b8af888e88ddc38a31eac2f0cb1f8106765029413ff12aae8141d,SOURCE_MAPPING_CANDIDATES_FGO_STAGE_SOLOMON_2026-09-30.csv,0,0,3,10,,3,no open mapped cohort candidate in retained exact-scope inventories
src-2a311bec930b58bebd42,sennen_sensou_aigis,https://danbooru.donmai.us/wiki_pages/sennen_sensou_aigis,ACCEPTED_CURATED_ROSTER,0ce3b24c5ea1a447c7bf2c41b5146817ad55fd2c9c3d800c2fd9b5a7f5493fd6,,0,0,0,0,,1,no open mapped cohort candidate in retained exact-scope inventories
src-2a7186ff16d0347885a9,nijisanji,https://www.anycolor.co.jp/en/service/nijisanji,APPROVED_REPO_EVIDENCE,2bcd11c92cf469ebfdec086eb604fa375f16bbf6acd2b5045d745bb1ea4894a1,,0,0,0,0,,17,no open mapped cohort candidate in retained exact-scope inventories
src-2aed3a5b32e9cdcb45a2,zannen_onna-kanbu_black_general-san,https://danbooru.donmai.us/wiki_pages/zannen_onna-kanbu_black_general-san,ACCEPTED_CURATED_ROSTER,65bced55e6baf7888446b7f94c35356c162b23fb6206094ac73b061f6c1f82a9,,0,0,0,0,,4,no open mapped cohort candidate in retained exact-scope inventories
src-2b2b7766409b20d2c5ed,amairo_islenauts,https://danbooru.donmai.us/wiki_pages/amairo_islenauts,ACCEPTED_CURATED_ROSTER,884f232ff974db4cb8071068a0b83905df39ffa91fa7332521e958e35fdf4f7c,,0,0,0,0,,4,no open mapped cohort candidate in retained exact-scope inventories
src-2b55c9ce3c3932438764,fate_(series),https://www.fate-zero.jp/characters/,OFFICIAL_CHARACTER_ROSTER,39b0ccd220ce2b2917fccda61b99a3465ce55a0dca7e3aac5a64e2250b2e22d8,SOURCE_MAPPING_CANDIDATES_FATE_ZERO_DIRECTORY_2026-09-30.csv,0,0,1,20,,13,no open mapped cohort candidate in retained exact-scope inventories
src-2b625a22f99075b25a87,megami_tensei,https://www.atlus.co.jp/title/,APPROVED_REPO_EVIDENCE,9fa490bc26ad41ef61b07cdafac99ab3b2b88efcfcc458646f89910462e5c61e,,0,0,0,0,,22,no open mapped cohort candidate in retained exact-scope inventories
src-2b78f616c453503a216e,splatoon_(series),https://www.nintendo.com/us/amiibo/line-up/,OFFICIAL_CHARACTER_ROSTER,7c29d3b868330ac5efddfc2718e79dc03aab1f1d2516d9494f00016049e024be,,0,0,0,0,,4,no open mapped cohort candidate in retained exact-scope inventories
src-2bc282874ef4d03ce5cb,onna_shunin_kishi_mieko,https://danbooru.donmai.us/wiki_pages/onna_shunin_kishi_mieko,ACCEPTED_CURATED_ROSTER,3b3ff09a83f2ab3ef88e2a483e294c435a357ba57a7089ff905e7064caf3b82f,,0,0,0,0,,1,no open mapped cohort candidate in retained exact-scope inventories
src-2c80a081d3342c8438be,boku_no_kanojo_sensei,https://danbooru.donmai.us/wiki_pages/boku_no_kanojo_sensei,ACCEPTED_CURATED_ROSTER,ebcd5adb9a61c3526beb8bb3c8c179c870a7224646125edfb6ceae053372dbce,,0,0,0,0,,1,no open mapped cohort candidate in retained exact-scope inventories
src-2ca76f88c490bf6861d1,amakano_2,https://danbooru.donmai.us/wiki_pages/amakano_2,ACCEPTED_CURATED_ROSTER,b53fca69017ffa875279e4b8681afd943c21c9d85afe7a7ad289e8560d74c466,,0,0,0,0,,2,no open mapped cohort candidate in retained exact-scope inventories
src-2d08da784461d179b905,celeste_(game),https://danbooru.donmai.us/wiki_pages/celeste_(game),ACCEPTED_CURATED_ROSTER,2880129986a1fdd2f7658b026f29fd4c0a37a5d5483954afc10fba2cf65bc950,,0,0,0,0,,2,no open mapped cohort candidate in retained exact-scope inventories
src-2d23aec3f3e2c2b11392,baby_walkure,https://danbooru.donmai.us/wiki_pages/baby_walkure,ACCEPTED_CURATED_ROSTER,cb441b4407aa8d91c084ea14668275ba785f2a7ac202dad5d47c35d010e3e932,,0,0,0,0,,2,no open mapped cohort candidate in retained exact-scope inventories
src-2d4ee506b6fcebccd88d,denkou_choujin_gridman,https://danbooru.donmai.us/wiki_pages/denkou_choujin_gridman,ACCEPTED_CURATED_ROSTER,ac75cd5a08c21828ceb4a3df06da11c5d08a78db8057ab7139512baf2e2f4434,,0,0,0,0,,1,no open mapped cohort candidate in retained exact-scope inventories
src-2dff5197349c94930ca8,owozu,https://danbooru.donmai.us/wiki_pages/owozu,ACCEPTED_CURATED_ROSTER,3bb32d2ec3870c58fe95c18dccbd04277e1ebc46ffc7139df3f1cfdde19abe74,,0,0,0,0,,1,no open mapped cohort candidate in retained exact-scope inventories
src-2e68564ee48a9eddf7fd,akiba_maid_sensou,https://danbooru.donmai.us/wiki_pages/akiba_maid_sensou,ACCEPTED_CURATED_ROSTER,fd8a20983df319426724e88bd326d92866ada478d1ff42d3cd61b27eb9820101,,0,0,0,0,,2,no open mapped cohort candidate in retained exact-scope inventories
src-2eb5816df9c54baddac9,zenless_zone_zero,https://zenless.hoyoverse.com/ja-jp/character,APPROVED_REPO_EVIDENCE,ad7e7f3da77c2841dd562facde1a30735d3aa80035f29f70028c990492714034,,0,0,0,0,,1,no open mapped cohort candidate in retained exact-scope inventories
src-2ecb4617ee70b9554b49,high_school_boy,https://danbooru.donmai.us/wiki_pages/high_school_boy,ACCEPTED_CURATED_ROSTER,c28f1e29cf0e1309908dd6a39fb69de0bb6cf867a99ae1971111f067a20663db,,0,0,0,0,,1,no open mapped cohort candidate in retained exact-scope inventories
src-2efb83579a7ee792a709,wonderful_precure!,https://www.toei-anim.co.jp/tv/wonderful_precure/info/,OFFICIAL_CHARACTER_ROSTER,b994ea3a09fe97affaddfd7b5eb9055eef9a95a755b2a0b44ec7d93836f2092e,SOURCE_MAPPING_CANDIDATES_WONDERFUL_PRECURE_MAIN_CAST_2026-09-30.csv,0,0,0,4,,4,no open mapped cohort candidate in retained exact-scope inventories
src-2f335fdc794d09fd4a71,darling_in_the_franxx,https://danbooru.donmai.us/wiki_pages/darling_in_the_franxx,ACCEPTED_CURATED_ROSTER,33d2882470905b12b3a8b19f727d8d9551692412055a7f7c0d434ac1a8f27090,,0,0,0,0,,1,no open mapped cohort candidate in retained exact-scope inventories
src-2f33d3221b5d65e4c6da,snow_white_(fairy_tale),https://danbooru.donmai.us/wiki_pages/snow_white_(fairy_tale),ACCEPTED_CURATED_ROSTER,8e1b4ae8a405965951f9af96ca85a01cabd9c2952930610ea197d95cdd8b5fea,,0,0,0,0,,3,no open mapped cohort candidate in retained exact-scope inventories
src-2f823fed5c30500b4b2d,darker_than_black,https://danbooru.donmai.us/wiki_pages/darker_than_black,ACCEPTED_CURATED_ROSTER,2e170734251610bbac43f3d80c01f55fb64db643debcc8b1fdacd80f73fd559f,,0,0,0,0,,1,no open mapped cohort candidate in retained exact-scope inventories
src-2f9c94b91cda2f10911a,isekai_ojisan,https://danbooru.donmai.us/wiki_pages/isekai_ojisan,ACCEPTED_CURATED_ROSTER,f8400c92b36905eb8889903703340a52ea06abd4ca66fffb5200a5eff12bc6ad,,0,0,0,0,,2,no open mapped cohort candidate in retained exact-scope inventories
src-3028d9514c86ac47325c,musaigen_no_phantom_world,https://danbooru.donmai.us/wiki_pages/musaigen_no_phantom_world,ACCEPTED_CURATED_ROSTER,e5b090fae81b5a676d677e4752a5d17d7eb8e4dd5e6e7524848fd2c722c4576f,,0,0,0,0,,3,no open mapped cohort candidate in retained exact-scope inventories
src-305fa740d113a7fea50e,idolmaster,https://millionlive-anime.idolmaster-official.jp/character/,OFFICIAL_CHARACTER_ROSTER,82866cc52ac1f77f4f5affe015cc1a916270119a028fb9d64d64dce96fb351ec,SOURCE_MAPPING_CANDIDATES_765PRO_ALLSTARS_2026-09-30.csv,0,0,0,13,,8,no open mapped cohort candidate in retained exact-scope inventories
src-3094bbad42dbd4c19b9e,futabu,https://danbooru.donmai.us/wiki_pages/futabu,ACCEPTED_CURATED_ROSTER,65538aa298ffa2f557db041962b2c717a5cd9c8b1fe5e1c09aba79e7516227ca,,0,0,0,0,,1,no open mapped cohort candidate in retained exact-scope inventories
src-31207771db5800055ce3,lucky_star,https://danbooru.donmai.us/wiki_pages/list_of_lucky_star_characters,ACCEPTED_CURATED_ROSTER,e874b3b251b2cd3e3e0156a11c0a32428fd681242cf50a862d107918c3d86493,,0,0,0,0,,1,no open mapped cohort candidate in retained exact-scope inventories
src-3129cb9b96211382c810,honkai_impact_3rd,https://www.youtube.com/watch?v=9hWwyMaqxkE,FIRST_PARTY_OTHER,a8bbe511c249c2d558e565c9c2b7aeae7178a150c2cb9bc105a5923c2289046c,,0,0,0,0,,1,no open mapped cohort candidate in retained exact-scope inventories
src-313c518dc96eda4fc31d,yankee_jk_kuzuhana-chan,https://danbooru.donmai.us/wiki_pages/yankee_jk_kuzuhana-chan,ACCEPTED_CURATED_ROSTER,dd8181df0994f4b83d6c21483a1bf1555170b2737529b01ca8892eb3e2aa9087,,0,0,0,0,,1,no open mapped cohort candidate in retained exact-scope inventories
src-314270a79fd0966b75a0,kyatapi_land,https://danbooru.donmai.us/wiki_pages/kyatapi_land,ACCEPTED_CURATED_ROSTER,c63735d14c32c9218883386c3334fc434855e0460b800392176de8afd4acc4f5,,0,0,0,0,,1,no open mapped cohort candidate in retained exact-scope inventories
src-3145a3a38848f7e03026,sakura_no_uta,https://danbooru.donmai.us/wiki_pages/sakura_no_uta,ACCEPTED_CURATED_ROSTER,62bc59a61e1583b406a279aa1460e4aef00522f982f714c3bc617c26d0b64c62,,0,0,0,0,,3,no open mapped cohort candidate in retained exact-scope inventories
src-31e4887d9392dd23275b,made_in_abyss,https://danbooru.donmai.us/wiki_pages/made_in_abyss,ACCEPTED_CURATED_ROSTER,f6526054f693a29e8df06829f89d0e8a41b720d735a14e2f0eb9aa03417d0932,,0,0,0,0,,4,no open mapped cohort candidate in retained exact-scope inventories
src-324dacb01805fe40fb3e,urara_meirochou,https://danbooru.donmai.us/wiki_pages/urara_meirochou,ACCEPTED_CURATED_ROSTER,132741821f69db5162917e0bf65d888d4ee700ef2b6fad5ed719bdb4417304f2,,0,0,0,0,,3,no open mapped cohort candidate in retained exact-scope inventories
src-3294de7f9682d3df9a98,kouyoku_senki_exs-tia_concert,https://danbooru.donmai.us/wiki_pages/kouyoku_senki_exs-tia_concert,ACCEPTED_CURATED_ROSTER,e5d5a195f0552363ca2e6113bd97fc633e35bca2992b00bfb79a2b095bd5b176,,0,0,0,0,,4,no open mapped cohort candidate in retained exact-scope inventories
src-32da69b64e1707d2b33b,solty_rei,https://danbooru.donmai.us/wiki_pages/solty_rei,ACCEPTED_CURATED_ROSTER,d051d1c4b8930f725f545b5d92edf863ec5e352e422a0bd56f9f0f27f08ab5fa,,0,0,0,0,,1,no open mapped cohort candidate in retained exact-scope inventories
src-33039db232c230a146e9,voicevox,https://danbooru.donmai.us/wiki_pages/voicevox,ACCEPTED_CURATED_ROSTER,2cba3837c69987d8da5f26de3e6683d47cb5d64693871bc2f5081d442803dda6,,0,0,0,0,,6,no open mapped cohort candidate in retained exact-scope inventories
src-33533097b12a04f9ac7c,shinkon_gattai_godannar!!,https://danbooru.donmai.us/wiki_pages/shinkon_gattai_godannar!!,ACCEPTED_CURATED_ROSTER,67c4656301f6c76a175b45d38c23f2221a45d3afdfccd3b73f19f70f909d6fc5,,0,0,0,0,,2,no open mapped cohort candidate in retained exact-scope inventories
src-337550f7c24075175634,kono_naka_ni_hitori_imouto_ga_iru!,https://danbooru.donmai.us/wiki_pages/kono_naka_ni_hitori_imouto_ga_iru!,ACCEPTED_CURATED_ROSTER,2a20e5566d9af4fd8e4cd19479260fb2ba820e502762addcd5183c625ef6db96,,0,0,0,0,,1,no open mapped cohort candidate in retained exact-scope inventories
src-337b75525feb4ae90401,gaki_kyonyuu,https://danbooru.donmai.us/wiki_pages/gaki_kyonyuu,ACCEPTED_CURATED_ROSTER,79cfddd15c685f8974493910cf71ac8775428aa32b27a230a4f0d3fca5044e06,,0,0,0,0,,1,no open mapped cohort candidate in retained exact-scope inventories
src-33aab758ddc59e3a3ab4,charisma_house,https://danbooru.donmai.us/wiki_pages/charisma_house,ACCEPTED_CURATED_ROSTER,3d84a05ba6542c1ce60500b5d26e5ee0b9a02226ef8fcc03f0ca45959c68bc6d,,0,0,0,0,,1,no open mapped cohort candidate in retained exact-scope inventories
src-33cb7985ae60ab848869,shirobako,https://danbooru.donmai.us/wiki_pages/shirobako,ACCEPTED_CURATED_ROSTER,2fc85db77b9a2effc4afc5edc93804640854363af18cb3faedf15cfec7a39b40,,0,0,0,0,,5,no open mapped cohort candidate in retained exact-scope inventories
src-3446f43188de3fd524a2,slow_start,https://danbooru.donmai.us/wiki_pages/slow_start,ACCEPTED_CURATED_ROSTER,9709de7b83b31c406bc55114aa915c2a03e03b287b5aba85e6ce7e5935342015,,0,0,0,0,,4,no open mapped cohort candidate in retained exact-scope inventories
src-3530d285a46cbe8bf1f9,akatsuki_blitzkampf,https://danbooru.donmai.us/wiki_pages/akatsuki_blitzkampf,ACCEPTED_CURATED_ROSTER,5d154b1f134787faa0ba1b39fd6d9d0de4a252d83a6b8c7622d869d959d46e05,,0,0,0,0,,2,no open mapped cohort candidate in retained exact-scope inventories
src-358d2b19c1debe635701,,https://www.ah-soft.com/miki/,OFFICIAL_CHARACTER_PROFILE,385c6f16326e2554e569f6c57ebd0e27c22a0cfd96db1280fe00fb617c432b1c,,0,0,0,0,,1,no open mapped cohort candidate in retained exact-scope inventories
src-35a5c0ff15fa8c053858,megazone_23,https://danbooru.donmai.us/wiki_pages/megazone_23,ACCEPTED_CURATED_ROSTER,b00f36b3aeb83cd2f001b73f7f8a461aea938a705fdb100aa7caa5d6e908024d,,0,0,0,0,,1,no open mapped cohort candidate in retained exact-scope inventories
src-35d4a01ebb1373e2b6a4,lollipop_chainsaw,https://danbooru.donmai.us/wiki_pages/lollipop_chainsaw,ACCEPTED_CURATED_ROSTER,c48f1ad6ee56f5eff110324a3f544db5654c5917635c2604f908f0e33f24539b,,0,0,0,0,,1,no open mapped cohort candidate in retained exact-scope inventories
src-36158473fb77d9241471,akane-iro_ni_somaru_saka,https://danbooru.donmai.us/wiki_pages/akane-iro_ni_somaru_saka,ACCEPTED_CURATED_ROSTER,e70db8fad201d04353732f16e1205002931876606c1dc3fa381a12bf092b5544,,0,0,0,0,,1,no open mapped cohort candidate in retained exact-scope inventories
src-366bc80db904298f59d1,vspo!,https://danbooru.donmai.us/wiki_pages/vspo!,ACCEPTED_CURATED_ROSTER,95e185ce942e234b968e06f7db9f5c56aed9e9eee6f91f89171378c79839bc76,,0,0,0,0,,14,no open mapped cohort candidate in retained exact-scope inventories
src-36bc390049a30e5ddfcd,signalis,https://danbooru.donmai.us/wiki_pages/signalis,ACCEPTED_CURATED_ROSTER,1370958fac4a8b622d36688f9004f413c04583b8d71ccfae51abe44f2b5e4f65,,0,0,0,0,,1,no open mapped cohort candidate in retained exact-scope inventories
src-37838ef469957c9b7d8f,madan_no_ou_to_vanadis,https://danbooru.donmai.us/wiki_pages/madan_no_ou_to_vanadis,ACCEPTED_CURATED_ROSTER,d2a680f44083de5e6c67e60c2298e9674030529e7433d6c81a3cb7289f716d18,,0,0,0,0,,3,no open mapped cohort candidate in retained exact-scope inventories
src-37afa0032793ab001f0b,hanamaru_youchien,https://danbooru.donmai.us/wiki_pages/hanamaru_youchien,ACCEPTED_CURATED_ROSTER,ce9b6db4e87ee6cc38c1fb261c004bf09a9bebd872374ac5a2b201ce7d6305b1,,0,0,0,0,,1,no open mapped cohort candidate in retained exact-scope inventories
src-37d59ed7eade8b40c249,grand_blue,https://danbooru.donmai.us/wiki_pages/grand_blue,ACCEPTED_CURATED_ROSTER,890d811d56ae9204df97e2c879a6d614a4a50679930d260fbf0853c6b1f9d1a6,,0,0,0,0,,1,no open mapped cohort candidate in retained exact-scope inventories
src-3800124a655b089d1732,mahou_tsukai_no_yoru,https://danbooru.donmai.us/wiki_pages/mahou_tsukai_no_yoru,ACCEPTED_CURATED_ROSTER,782cdc522a1407bde2fc5901c6a69c6273204988018aca11834d125aa2bbc316,,0,0,0,0,,1,no open mapped cohort candidate in retained exact-scope inventories
src-3826755e6e7a7764bc14,high_school_dxd,https://danbooru.donmai.us/wiki_pages/high_school_dxd,ACCEPTED_CURATED_ROSTER,29565ca96809f6c47d7b5476c2ceb43a61f0723589b2ee764548491880d1fd8a,,0,0,0,0,,9,no open mapped cohort candidate in retained exact-scope inventories
src-3948a7ee12ae4680de57,planetarian,https://danbooru.donmai.us/wiki_pages/planetarian,ACCEPTED_CURATED_ROSTER,c78ce3617e85816a662f2a6c0cfc65ef6b578373a40efb7992d9b12e02f604a1,,0,0,0,0,,1,no open mapped cohort candidate in retained exact-scope inventories
src-39aaa15b0b1ee386404e,project-sp,https://danbooru.donmai.us/wiki_pages/project-sp,ACCEPTED_CURATED_ROSTER,ad717f69907fbc658965d2e2cbefb78366f60f714759db9bc862cc4ad630bb7e,,0,0,0,0,,2,no open mapped cohort candidate in retained exact-scope inventories
src-3a80c90f32b907ca509d,vocaloid,https://www.ah-soft.com/press/vocaloid/yukari.html,OFFICIAL_CHARACTER_PROFILE,4963aa191adb05c338904072f87dc637941c63cd5f8364d00e5a4d32a4a7cec7,,0,0,0,0,,1,no open mapped cohort candidate in retained exact-scope inventories
src-3adb597c985e8b1895f8,macne_series,https://macne.net/history.php,OFFICIAL_SERIES_DIRECTORY,e86cb6e6437458ea03e189151722ce4fa457592ba38e08a7c4883bcf1b5155c1,,0,0,0,0,,1,no open mapped cohort candidate in retained exact-scope inventories
src-3afe175dfc7b88a9a5a0,ore_wo_suki_nano_wa_omae_dake_ka_yo,https://danbooru.donmai.us/wiki_pages/ore_wo_suki_nano_wa_omae_dake_ka_yo,ACCEPTED_CURATED_ROSTER,dfb0306d5217611575e4a736401243747d3f41bfc2b8b95e64d7a0b507660a8a,,0,0,0,0,,1,no open mapped cohort candidate in retained exact-scope inventories
src-3b21b75f2d125ee4bea2,homicipher,https://danbooru.donmai.us/wiki_pages/homicipher,ACCEPTED_CURATED_ROSTER,7aa2adb0faeb64cfc2708d5e4f0e386be4704146a87b72d33bea84c1221d7f3b,,0,0,0,0,,8,no open mapped cohort candidate in retained exact-scope inventories
src-3b934cbbbca1ddebf441,tonari_no_seki_no_yankee_shimizu-san_ga_kami_wo_kuroku_somete_kita,https://danbooru.donmai.us/wiki_pages/tonari_no_seki_no_yankee_shimizu-san_ga_kami_wo_kuroku_somete_kita,ACCEPTED_CURATED_ROSTER,86ee3ba0419921fcf2d181419e3d3181ba42437267fbd172a398d3e1f2717bdf,,0,0,0,0,,1,no open mapped cohort candidate in retained exact-scope inventories
src-3b9ee1a09e4423e0d22b,triage_x,https://danbooru.donmai.us/wiki_pages/triage_x,ACCEPTED_CURATED_ROSTER,ad3b4ded13225973b907818d806208d7cfeaa7d01372f9ab09f8cd35469c742d,,0,0,0,0,,1,no open mapped cohort candidate in retained exact-scope inventories
src-3bbb1479070ba38cb9fb,subarashiki_hibi,https://danbooru.donmai.us/wiki_pages/subarashiki_hibi,ACCEPTED_CURATED_ROSTER,32e30d338cd7c127d2a076c1e8aaab38a782cc21b3f6699080a45fb2e5a67f91,,0,0,0,0,,9,no open mapped cohort candidate in retained exact-scope inventories
src-3bd0ff1694eb577ef00a,genji_tsuushin_agedama,https://danbooru.donmai.us/wiki_pages/genji_tsuushin_agedama,ACCEPTED_CURATED_ROSTER,a2351904d1d4b42c2a29667bbbacce216eb87f5055381d374b480cd9b0310f9b,,0,0,0,0,,1,no open mapped cohort candidate in retained exact-scope inventories
src-3be591402d30068f8f4d,va-11_hall-a,https://danbooru.donmai.us/wiki_pages/va-11_hall-a,ACCEPTED_CURATED_ROSTER,214a831764a8a32dd80269d73eeb3a937bcd9b7cfcebaa847e72451ede5c85c1,,0,0,0,0,,6,no open mapped cohort candidate in retained exact-scope inventories
src-3c275c7f48a3fb03827b,knight's_&_magic,https://danbooru.donmai.us/wiki_pages/knight%27s_%26_magic,ACCEPTED_CURATED_ROSTER,317adc39506fb918a657bfdad02c45f6e2713a8eda02864c5bfce2e72ad4fc08,,0,0,0,0,,1,no open mapped cohort candidate in retained exact-scope inventories
src-3cf49f50f6066482c86c,jock_studio_(blits_games),https://danbooru.donmai.us/wiki_pages/jock_studio_(blits_games),ACCEPTED_CURATED_ROSTER,35951283382fbadc77466d446fcff3fdc810a421932df1fd43e0057f062ca2b1,,0,0,0,0,,2,no open mapped cohort candidate in retained exact-scope inventories
src-3d6900ec2d88a2ddeecc,granblue_fantasy,https://anime.granbluefantasy.jp/1st/character/,APPROVED_REPO_EVIDENCE,db6abb21faf6e0e922a5f6005400ff769ffe4aad88c375712bd13b60a0acbe65,,0,0,0,0,,1,no open mapped cohort candidate in retained exact-scope inventories
src-3da1b0a9371ddbf73c17,digimon_savers,https://github.com/takasago181/DanbooruTagTool/issues/180,APPROVED_REPO_EVIDENCE,c47431088ccf67d277dcbb3d7c315ddd3c839eda7cf75e2c50b3358471346a39,,0,0,0,0,,1,no open mapped cohort candidate in retained exact-scope inventories
src-3db01a3ba2c6d665e93b,project_sekai,https://danbooru.donmai.us/wiki_pages/project_sekai,ACCEPTED_CURATED_ROSTER,662f74aaffa09fa84f8b049fd95e17f1c2129cfb5c733cd833f669d2d9afd1a4,,0,0,0,0,,1,no open mapped cohort candidate in retained exact-scope inventories
src-3df1e4932755a3964b6f,tamayura,https://danbooru.donmai.us/wiki_pages/tamayura,ACCEPTED_CURATED_ROSTER,9a2ee865a2e334bc516efb554a10ce91953fbe518f3c9cf7abf9ed8a97cfaf36,,0,0,0,0,,2,no open mapped cohort candidate in retained exact-scope inventories
src-3e14d17f6051982e2bc7,like_mother_like_daughter,https://danbooru.donmai.us/wiki_pages/like_mother_like_daughter,ACCEPTED_CURATED_ROSTER,d244fefa797141206e02a0cb35f5a0cb0b032222824c4b4e38dd30c996176c0c,,0,0,0,0,,1,no open mapped cohort candidate in retained exact-scope inventories
src-3e3506762bb3930294af,kenja_no_deshi_wo_nanoru_kenja,https://danbooru.donmai.us/wiki_pages/kenja_no_deshi_wo_nanoru_kenja,ACCEPTED_CURATED_ROSTER,1f4ed75177b4e55fbc9758443983a9da28e9ca9004ac39b6106aa3c290ef4852,,0,0,0,0,,1,no open mapped cohort candidate in retained exact-scope inventories
src-3e99d29c46c51f9db6c4,kirakira_precure_a_la_mode,https://www.toei-anim.co.jp/tv/precure_alamode/info/,OFFICIAL_CHARACTER_ROSTER,e21ab236006f4266e9204c23fb037214069cd4b09e77f556ab9447b6f91a6666,,0,0,0,0,,4,no open mapped cohort candidate in retained exact-scope inventories
src-3ee05430a160a369203a,prison_school,https://danbooru.donmai.us/wiki_pages/prison_school,ACCEPTED_CURATED_ROSTER,f632bb6c9d0264e8d888f2a54f22eb4eefca1c8f0beafe70fc14d28aa2e7e723,,0,0,0,0,,2,no open mapped cohort candidate in retained exact-scope inventories
src-3f2898b3d5adeda40b10,fatal_fury,https://www.snk-corp.co.jp/official/nbc/museum/fatalfury/index.html,OFFICIAL_CHARACTER_ROSTER,372ab51db46dd69e8e4b3d095ffcfe9f8d3da8e9e81dfc23bdcd015a823655fe,,0,0,0,0,,1,no open mapped cohort candidate in retained exact-scope inventories
src-3f3e19544968b992358f,kokoro_iroduku_koi_ga_shitai,https://danbooru.donmai.us/wiki_pages/kokoro_iroduku_koi_ga_shitai,ACCEPTED_CURATED_ROSTER,d28e759808f37b0b65f3e89d357311a8f4634d902f5b6f8c5ebbb9c437c5edb6,,0,0,0,0,,4,no open mapped cohort candidate in retained exact-scope inventories
src-3f49dce872d8f861a261,reco_love,https://danbooru.donmai.us/wiki_pages/reco_love,ACCEPTED_CURATED_ROSTER,21090ac54829a08d2284ec0185790e02dff89748a50c1520a6741f5f72b38a52,,0,0,0,0,,1,no open mapped cohort candidate in retained exact-scope inventories
src-3f4ac59641495118c1cf,demonbane,https://danbooru.donmai.us/wiki_pages/demonbane,ACCEPTED_CURATED_ROSTER,061e2fefc686401b8620b5071cd44d4a769c1d34ea74cebd980c48533812c0d8,,0,0,0,0,,3,no open mapped cohort candidate in retained exact-scope inventories
src-3f61a28684cae7223a95,suzumiya_haruhi_no_yuuutsu,https://danbooru.donmai.us/wiki_pages/suzumiya_haruhi_no_yuuutsu,ACCEPTED_CURATED_ROSTER,653ccda016506d1ff1a2f7a51c8d6a7bb24d571f510b12cdfc7fb0793e5f7614,,0,0,0,0,,5,no open mapped cohort candidate in retained exact-scope inventories
src-3fab59aad0e55b760519,no.6,https://danbooru.donmai.us/wiki_pages/no.6,ACCEPTED_CURATED_ROSTER,5a0ccf4302d1fe3ccd85aba490b4cde1ec22ceec76914e27b2525fe3bc9067c2,,0,0,0,0,,1,no open mapped cohort candidate in retained exact-scope inventories
src-4025761647c40bf66525,annie_mei_project,https://danbooru.donmai.us/wiki_pages/annie_mei_project,ACCEPTED_CURATED_ROSTER,d1a6975adc89e15d53d4887bd113b368e8164aa5394c1180e84c1220270b7b24,,0,0,0,0,,1,no open mapped cohort candidate in retained exact-scope inventories
src-40c55b5734b502591084,half-life_(series),https://danbooru.donmai.us/wiki_pages/half-life_(series),ACCEPTED_CURATED_ROSTER,4446d78b477db0088efab65cc9f1eab78c5bb9b59ee60ccd5a0b65cf51ffa5ea,,0,0,0,0,,2,no open mapped cohort candidate in retained exact-scope inventories
src-40cefc40666220f9c361,voiceroid,https://www.ah-soft.com/press/voiceroid/zunko.html,OFFICIAL_CHARACTER_PROFILE,fd015f8886834ae72897dbd39636f9dca2925cf13a2cedf44f7c6c962d15402e,,0,0,0,0,,2,no open mapped cohort candidate in retained exact-scope inventories
src-4131127902d533a8e4f3,chucolala,https://danbooru.donmai.us/wiki_pages/chucolala,ACCEPTED_CURATED_ROSTER,601bd44cb5859765d72fa3409de343908d871d951ecff7506c9b9932134104cf,,0,0,0,0,,2,no open mapped cohort candidate in retained exact-scope inventories
src-41909b77d91342ee11b9,toriko_(series),https://danbooru.donmai.us/wiki_pages/toriko_(series),ACCEPTED_CURATED_ROSTER,460611145f7992213dd0fe4ece1f236f0b81285550a0d11a647768dabc809b9a,,0,0,0,0,,1,no open mapped cohort candidate in retained exact-scope inventories
src-4271a80723cae91cd702,2channel,https://danbooru.donmai.us/wiki_pages/2channel,ACCEPTED_CURATED_ROSTER,a534f668a1ed5c03025cf80ec1298155ac9c2b6b102ccac8ef6180f4e66a5a00,,0,0,0,0,,6,no open mapped cohort candidate in retained exact-scope inventories
src-427494beef29b5e42883,the_witcher_(series),https://danbooru.donmai.us/wiki_pages/the_witcher_(series),ACCEPTED_CURATED_ROSTER,78fd7601b1ee3ac70bd2511e2a20c2c9c78eaa08eb4d51f6972e13892d89c073,,0,0,0,0,,4,no open mapped cohort candidate in retained exact-scope inventories
src-427ba20d8807ccdba5b5,maken-ki!,https://danbooru.donmai.us/wiki_pages/maken-ki!,ACCEPTED_CURATED_ROSTER,03713293b2f32fe13dd41516c96325c7db0aa1f91a6748f56793c9889e017109,,0,0,0,0,,4,no open mapped cohort candidate in retained exact-scope inventories
src-42fc36d0aed28090df41,uchuu_patrol_luluco,https://danbooru.donmai.us/wiki_pages/uchuu_patrol_luluco,ACCEPTED_CURATED_ROSTER,5cd6bbda6b554c731b9e638c6c58b252fc6754c3e68861a8477463c3aaa90576,,0,0,0,0,,3,no open mapped cohort candidate in retained exact-scope inventories
src-434d5f0d00a49e2404ce,sakura_taisen,https://danbooru.donmai.us/wiki_pages/sakura_taisen,ACCEPTED_CURATED_ROSTER,34896642affa65ca87b51c738e0f738cf83e6bd89384526e32a50fa7653934ba,,0,0,0,0,,13,no open mapped cohort candidate in retained exact-scope inventories
src-4358d03975301e401aed,gundam_gquuuuuux,https://gundam-official.com/gquuuuuux/character/,OFFICIAL_CHARACTER_PROFILE,6a9975963a1fb10547a3c127a76e2f9d756a23b835a0eb8cd570fb5b049b1c1f,,0,0,0,0,,1,no open mapped cohort candidate in retained exact-scope inventories
src-4382f56ec3f2d9725cd9,kimi_to_kanojo_to_kanojo_no_koi.,https://danbooru.donmai.us/wiki_pages/kimi_to_kanojo_to_kanojo_no_koi.,ACCEPTED_CURATED_ROSTER,efc8a17b18e727403d71ed859aaf23e50e4a42b468d11c87ec0002aa1ac9aa80,,0,0,0,0,,1,no open mapped cohort candidate in retained exact-scope inventories
src-43e691eae4effd0fc64f,silent_witch,https://danbooru.donmai.us/wiki_pages/silent_witch,ACCEPTED_CURATED_ROSTER,b893e50cf48d6ea9fcac087d8a8e46c9c8a1dbdc98760d11a3b86373a93cbd14,,0,0,0,0,,1,no open mapped cohort candidate in retained exact-scope inventories
src-4400f40f52367cba8bd5,lord_of_the_mysteries,https://danbooru.donmai.us/wiki_pages/lord_of_the_mysteries,ACCEPTED_CURATED_ROSTER,fbb67b6e0ba4911d7507fd1eda6bb2f8b9df2d9159dd542668f00f62d3bda6fa,,0,0,0,0,,1,no open mapped cohort candidate in retained exact-scope inventories
src-444d6aec438a2b3d0e5c,the_hunchback_of_notre_dame_(disney),https://danbooru.donmai.us/wiki_pages/the_hunchback_of_notre_dame_(disney),ACCEPTED_CURATED_ROSTER,83234a51d46ef0478e23b9ff18bcaa898ec317eef96ef39548b82f7f043921a0,,0,0,0,0,,2,no open mapped cohort candidate in retained exact-scope inventories
src-447f9f65816f6292a35e,teekyuu,https://danbooru.donmai.us/wiki_pages/teekyuu,ACCEPTED_CURATED_ROSTER,92dbbc72298ed7d52fe02092cf4d8d648103cbf1ae4faa75f714323951ab70f7,,0,0,0,0,,3,no open mapped cohort candidate in retained exact-scope inventories
src-44b236bb74a7fb6a81d6,corpse_party,https://danbooru.donmai.us/wiki_pages/corpse_party,ACCEPTED_CURATED_ROSTER,63c1e00f4975bfb2750b9871bbbeb638bd7e7f6dc8821735080edbb92c5df9c4,,0,0,0,0,,1,no open mapped cohort candidate in retained exact-scope inventories
src-44b2555b7d6cf6a2f421,sawaranaide_kotesashi-kun,https://danbooru.donmai.us/wiki_pages/sawaranaide_kotesashi-kun,ACCEPTED_CURATED_ROSTER,e5c25109e227b9c49aedfeb22c1bd634c4f1433daddb6705fca18ed44d24236f,,0,0,0,0,,2,no open mapped cohort candidate in retained exact-scope inventories
src-4501a39b072df65de7a7,zenbu_kowashite_jigoku_de_aishite,https://danbooru.donmai.us/wiki_pages/zenbu_kowashite_jigoku_de_aishite,ACCEPTED_CURATED_ROSTER,d26b50960c1a27dd772314a17c7a91d3b90762bfcc9e43eaf7fd790cd419a340,,0,0,0,0,,1,no open mapped cohort candidate in retained exact-scope inventories
src-450fb5e2b3366457d072,voiceroid,https://www.ah-soft.com/press/voiceroid/akari.html,OFFICIAL_CHARACTER_PROFILE,0c51d67a8ed302620d43d21d4e6e4d201957b52f18e8e15561a91135885d98fa,,0,0,0,0,,2,no open mapped cohort candidate in retained exact-scope inventories
src-457aaf9b8f58f6ae7e15,clinical_trial_(game),https://danbooru.donmai.us/wiki_pages/clinical_trial_(game),ACCEPTED_CURATED_ROSTER,5edfd662481a8d26dcbf47a4db4901fbf48c65bb3129969a37dc00075bde85f8,,0,0,0,0,,2,no open mapped cohort candidate in retained exact-scope inventories
src-459c4af7ead7e6b9168e,fate_(series),https://fate-extra-lastencore.com/character/,OFFICIAL_CHARACTER_ROSTER,16c9c6b469364f36410162f8a5e778b98085d53486bf26faedbff31e87dce4ee,SOURCE_MAPPING_CANDIDATES_FATE_EXTRA_LAST_ENCORE_DIRECTORY_2026-09-30.csv,0,0,8,10,,3,no open mapped cohort candidate in retained exact-scope inventories
src-45c4844d513c33683744,mahou_shoujo_lyrical_nanoha_vivid,https://nanoha-vivid.tv/chara/,OFFICIAL_CHARACTER_ROSTER,6bdd25443462b398a79523e054b82859e61ac4feef5f045c35c30f7c15a7a6d2,,0,0,0,0,,9,no open mapped cohort candidate in retained exact-scope inventories
src-467a6ceacc4730b9baa7,plivyou,https://danbooru.donmai.us/wiki_pages/plivyou,ACCEPTED_CURATED_ROSTER,95d5242a8af59030c365cdab49c6864bb40c9271346c558a494edb15151906f9,,0,0,0,0,,2,no open mapped cohort candidate in retained exact-scope inventories
src-46d14cc549950a111c4a,hataraku_saibou,https://danbooru.donmai.us/wiki_pages/hataraku_saibou,ACCEPTED_CURATED_ROSTER,48f69b89dacaf50be848bc3d8a36bd83b4a19019cde53f1b0f01b1d9e2d0c3e6,,0,0,0,0,,2,no open mapped cohort candidate in retained exact-scope inventories
src-47021a52a4a49ca30a90,isshuukan_friends,https://danbooru.donmai.us/wiki_pages/isshuukan_friends,ACCEPTED_CURATED_ROSTER,0f62f022db0cb7604cc7926c121cde2f26e6882a63551a0f75ad9042762d71f3,,0,0,0,0,,1,no open mapped cohort candidate in retained exact-scope inventories
src-473b078c8d5667cc9fb9,soukou_akki_muramasa,https://danbooru.donmai.us/wiki_pages/soukou_akki_muramasa,ACCEPTED_CURATED_ROSTER,b7239ff015174d2869b69c104716718458aff301f50417cc976e2adefc13c720,,0,0,0,0,,5,no open mapped cohort candidate in retained exact-scope inventories
src-473d1c0769d49d1d4ff3,19_tian,https://danbooru.donmai.us/wiki_pages/19_tian,ACCEPTED_CURATED_ROSTER,139b4ed441e4a6afc882c220b0e9390c6adda97da8dd02d6618516b2ea888cb6,,0,0,0,0,,2,no open mapped cohort candidate in retained exact-scope inventories
src-474baae5fdd3a2fcbece,occultic;nine,https://danbooru.donmai.us/wiki_pages/occultic%3Bnine,ACCEPTED_CURATED_ROSTER,e48e29490f4e6c0011ab010f88b2a28a92c7716589fb7b6fd6e927d535d1863b,,0,0,0,0,,4,no open mapped cohort candidate in retained exact-scope inventories
src-47a58f4f66e1fe1ec5a9,fate_(series),https://fate-apocrypha.com/character/,OFFICIAL_CHARACTER_ROSTER,5a0b2d6e4be6bf809a8284f8b04053802a8823c6ac3a7f35067c3a2989e9e67a,SOURCE_MAPPING_CANDIDATES_FATE_APOCRYPHA_DIRECTORY_2026-09-30.csv,0,0,10,15,,3,no open mapped cohort candidate in retained exact-scope inventories
src-47a8005770317fac60b6,azure_striker_gunvolt,https://danbooru.donmai.us/wiki_pages/azure_striker_gunvolt,ACCEPTED_CURATED_ROSTER,e23a65949389ffdfa77fc9fea9799e63a319ee902070ed397ad253e65426007e,,0,0,0,0,,1,no open mapped cohort candidate in retained exact-scope inventories
src-480d35dc1f0f16987750,gakkou_no_kaidan_(anime),https://danbooru.donmai.us/wiki_pages/gakkou_no_kaidan_(anime),ACCEPTED_CURATED_ROSTER,fc51bf478c97ec96f57945f1d13c3d8c8bdd462c226380181d426d3a818ef2e1,,0,0,0,0,,1,no open mapped cohort candidate in retained exact-scope inventories
src-4860345b4dfbcb4701ad,gundam_seed_destiny,https://en.gundam-official.com/seed/destiny/mecha/,OFFICIAL_GAME_ROSTER,90e672c7dac40d2965c61b8ea1f58e03ec7b572f5fd7f5d57843d1e195003776,,0,0,0,0,,3,no open mapped cohort candidate in retained exact-scope inventories
src-48ef25a27b1286efb062,hololive,https://safebooru.donmai.us/wiki_pages/list_of_hololive_mascots,ACCEPTED_CURATED_ROSTER,e2714e7c87ee3ae85e8205395276ca7bac764dc7f324e0066e14443e651b25ba,,0,0,0,0,,12,no open mapped cohort candidate in retained exact-scope inventories
src-48fc3ba58be2a1d0caa9,atelier_(series),https://gw.gamecity.ne.jp/atelier/ryza/?to=introduction,OFFICIAL_CHARACTER_ROSTER,efd3d26bed679d8353b8c11d2ddfe390e561d22b498f0574a8c4162d6b1b3f70,,0,0,0,0,,1,no open mapped cohort candidate in retained exact-scope inventories
src-4900276d43fb0acc81ee,pocket_mirror,https://danbooru.donmai.us/wiki_pages/pocket_mirror,ACCEPTED_CURATED_ROSTER,3bcca5e15499111a3e1da3f326d8b18dc180f1c738a0b00aa186d363e6bd2285,,0,0,0,0,,1,no open mapped cohort candidate in retained exact-scope inventories
src-495cf3743c042d183fce,randal's_friends,https://danbooru.donmai.us/wiki_pages/randal%27s_friends,ACCEPTED_CURATED_ROSTER,20f724975fdf2be792ee68dadb78f7d2a8640f6c2661dc7d95b09ca7e5671f58,,0,0,0,0,,2,no open mapped cohort candidate in retained exact-scope inventories
src-49d3d73705b24c06cf7e,koi_to_senrigan_to_aonisai,https://danbooru.donmai.us/wiki_pages/koi_to_senrigan_to_aonisai,ACCEPTED_CURATED_ROSTER,c7a3485c4a165a14e1d361381c3a65afb40bfd86e865cbcb16b0fde9f32b8586,,0,0,0,0,,1,no open mapped cohort candidate in retained exact-scope inventories
src-49dee00d6ea1dc5323e1,pacific_rim,https://danbooru.donmai.us/wiki_pages/pacific_rim,ACCEPTED_CURATED_ROSTER,f5e4c0ae5e7fdca04fcc4b28f34e73de7fd9b6e0be513c130864e87a95ca6855,,0,0,0,0,,1,no open mapped cohort candidate in retained exact-scope inventories
src-4a51d779c7d583936425,dead_space_(series),https://danbooru.donmai.us/wiki_pages/dead_space_(series),ACCEPTED_CURATED_ROSTER,7e34055f5e539875ea98a7c27499ef6c5554a694c56391ad6238e29be6d4f23c,,0,0,0,0,,1,no open mapped cohort candidate in retained exact-scope inventories
src-4a630b428c16a548eaa8,bungaku_shoujo,https://danbooru.donmai.us/wiki_pages/bungaku_shoujo,ACCEPTED_CURATED_ROSTER,d83ab6253145e805e2daab5f2f2e31100ad188cb3f6d5d62a702423b05fab31f,,0,0,0,0,,1,no open mapped cohort candidate in retained exact-scope inventories
src-4a7c757a4b86c5e441b0,hidan_no_aria,https://danbooru.donmai.us/wiki_pages/hidan_no_aria,ACCEPTED_CURATED_ROSTER,4fa58dd532609a985cf38ea3c41aaf267151af23ff5984e98afac0198f36d59a,,0,0,0,0,,2,no open mapped cohort candidate in retained exact-scope inventories
src-4b378e12c3ff5393888d,journey_to_the_west,https://danbooru.donmai.us/wiki_pages/journey_to_the_west,ACCEPTED_CURATED_ROSTER,8a106f13d1b4adc7028006a203ea9f5df6b55baaa86a7ee924b0795b5b6647e7,,0,0,0,0,,5,no open mapped cohort candidate in retained exact-scope inventories
src-4b6cc8d7bf67583071ba,gen'ei_wo_kakeru_taiyou,https://danbooru.donmai.us/wiki_pages/gen%27ei_wo_kakeru_taiyou,ACCEPTED_CURATED_ROSTER,5455af1884b29a52e3f5803e142e0b8c87545f988236c3b4714e61d79bd6db05,,0,0,0,0,,2,no open mapped cohort candidate in retained exact-scope inventories
src-4bf739ee3be2405bfe74,kirakira_precure_a_la_mode,https://lineup.toei-anim.co.jp/ja/tv/precure_alamode/character/,OFFICIAL_CHARACTER_ROSTER,7756f36fd22aa51f58d16cf41f5b3739c63ec3c7a85cb1fdbc89f734c9827b77,,0,0,0,0,,9,no open mapped cohort candidate in retained exact-scope inventories
src-4c24c2e41c6e93fc5a4e,miraculous_ladybug,https://danbooru.donmai.us/wiki_pages/miraculous_ladybug,ACCEPTED_CURATED_ROSTER,20556d0d9d3a2a85569828435007e2385c1150ef5c7a3b53876e058746b9158a,,0,0,0,0,,2,no open mapped cohort candidate in retained exact-scope inventories
src-4c44a1a54f427ae37c87,tensai_ouji_no_akaji_kokka_saiseijutsu,https://danbooru.donmai.us/wiki_pages/tensai_ouji_no_akaji_kokka_saiseijutsu,ACCEPTED_CURATED_ROSTER,0769823d2c284cca0b0b9f8d43ccd6682f1712fe768669973b8d0935308db697,,0,0,0,0,,1,no open mapped cohort candidate in retained exact-scope inventories
src-4c619aceb4dd21447c8c,persona,https://github.com/takasago181/DanbooruTagTool/blob/main/docs/issue180/evidence/exact_root_semantic_authority_batch02.csv,APPROVED_REPO_EVIDENCE,6960ab62baadcfa749bfc2b8b4e42881729c463b1c3f9ce23e665c5d64a49efe,,0,0,0,0,,11,no open mapped cohort candidate in retained exact-scope inventories
src-4c76e1a03856c142d937,sidonia_no_kishi,https://danbooru.donmai.us/wiki_pages/sidonia_no_kishi,ACCEPTED_CURATED_ROSTER,212c232d1d1576800ebf4c756f57d00718a45e456d3b0972add9b45cc92305b4,,0,0,0,0,,2,no open mapped cohort candidate in retained exact-scope inventories
src-4c7bdc281de57c7f961c,,https://www.yamaha.com/ja/news_release/files/news/25112501/pdf/2511250101.pdf,OFFICIAL_CHARACTER_PROFILE,0703de693eea424a6387bfcf36005ca6f22bccb8985fad87f139cb7c18d7c98c,,0,0,0,0,,1,no open mapped cohort candidate in retained exact-scope inventories
src-4c8b921a13421987edaa,clannad,https://danbooru.donmai.us/wiki_pages/clannad,ACCEPTED_CURATED_ROSTER,8f592c4beccd9599b61c531b89cb233ed059d8e8ca4a7d2ce5beeaa29536bddb,,0,0,0,0,,16,no open mapped cohort candidate in retained exact-scope inventories
src-4cc345d81ac1ca138137,chaos;head,https://danbooru.donmai.us/wiki_pages/chaos%3Bhead,ACCEPTED_CURATED_ROSTER,3ca3faf99cc07f5da83b5ffaf111ec49a40142ddf059e3e791169fa734f4a1a8,,0,0,0,0,,2,no open mapped cohort candidate in retained exact-scope inventories
src-4db05f54ab4e317c7029,sakigake!!_cromartie_koukou,https://danbooru.donmai.us/wiki_pages/sakigake!!_cromartie_koukou,ACCEPTED_CURATED_ROSTER,17414cd0fc5a70451ca99ce21b01e4a26d4f35a68a39ca77a30f9f2219bdcb67,,0,0,0,0,,1,no open mapped cohort candidate in retained exact-scope inventories
src-4dc37fa5d4c73d8a2679,neko_shota_ten_(hakuyagen),https://danbooru.donmai.us/wiki_pages/neko_shota_ten_(hakuyagen),ACCEPTED_CURATED_ROSTER,f265e772edafc458ea2eb9be1b1b0818b0dfb4995e76369a754ffb04dc3ad11f,,0,0,0,0,,1,no open mapped cohort candidate in retained exact-scope inventories
src-4e0f15770a2330322d63,rental_magica,https://danbooru.donmai.us/wiki_pages/rental_magica,ACCEPTED_CURATED_ROSTER,d178acbe038fc03641a80e390fbaf4ca94c0d68e22f447f0d8234893d7f809ff,,0,0,0,0,,1,no open mapped cohort candidate in retained exact-scope inventories
src-4e4dd9ebcbd2c8a69c62,ayakashi_triangle,https://danbooru.donmai.us/wiki_pages/ayakashi_triangle,ACCEPTED_CURATED_ROSTER,7cd89c333df60aa1cdd51f750293ceeee48705a95a288d3691f18919014a49c6,,0,0,0,0,,3,no open mapped cohort candidate in retained exact-scope inventories
src-4eb6afcedd8646a8ba2a,golden_kamuy,https://danbooru.donmai.us/wiki_pages/golden_kamuy,ACCEPTED_CURATED_ROSTER,d7fe90e6661f477366f4da5b10c4ad9c73e58550a0e539807c9cb448bf5d15f3,,0,0,0,0,,1,no open mapped cohort candidate in retained exact-scope inventories
src-4f2d5ee4743e5044043d,adachi_to_shimamura,https://danbooru.donmai.us/wiki_pages/adachi_to_shimamura,ACCEPTED_CURATED_ROSTER,c371bac6359ab2e73c09df83fb20b35c82be85f5f84bba8e2b4f572ae4df2cc7,,0,0,0,0,,2,no open mapped cohort candidate in retained exact-scope inventories
src-4f45c9606588ca1e8a97,katanagatari,https://danbooru.donmai.us/wiki_pages/katanagatari,ACCEPTED_CURATED_ROSTER,948fb677c725865dcb69fab2e93819194dd63c051e327fd3005d1cd5425e47d5,,0,0,0,0,,3,no open mapped cohort candidate in retained exact-scope inventories
src-4f5fd56a2d29ceadda3e,ring_fit_adventure,https://danbooru.donmai.us/wiki_pages/ring_fit_adventure,ACCEPTED_CURATED_ROSTER,f872b80ee81186e804639fb14b246415db6e2d8b8fb27f98633750867023e074,,0,0,0,0,,1,no open mapped cohort candidate in retained exact-scope inventories
src-4f963b0ac6ac0787ab35,x-men,https://www.marvel.com/teams-and-groups/x-men/in-comics,APPROVED_REPO_EVIDENCE,16afd74aa19c672a58df9837c2cf665ff4eec458c5c1a9439f11cadfc5c4065a,,0,0,0,0,,1,no open mapped cohort candidate in retained exact-scope inventories
src-4f9874a4726577c04572,monogatari_(series),https://danbooru.donmai.us/wiki_pages/monogatari_(series),ACCEPTED_CURATED_ROSTER,59e7569c2cbae8a24ca5b1fce193f9d70b72b079b347e8eff5129e586d6c929f,,0,0,0,0,,5,no open mapped cohort candidate in retained exact-scope inventories
src-4fac90cd1f02d76224b7,the_loud_house,https://danbooru.donmai.us/wiki_pages/the_loud_house,ACCEPTED_CURATED_ROSTER,cfabd27ce02b91281739d8f9e89a4f4c2702100977fc88747ebbff0730c28d9a,,0,0,0,0,,8,no open mapped cohort candidate in retained exact-scope inventories
src-5065691f566eae524cdb,gachiakuta,https://danbooru.donmai.us/wiki_pages/gachiakuta,ACCEPTED_CURATED_ROSTER,bb947fe2a992c768bb73c730f667e435e929903bea56ca2912e186ac9955a0c8,,0,0,0,0,,3,no open mapped cohort candidate in retained exact-scope inventories
src-506d45089555f0ae73a6,mahoraba,https://danbooru.donmai.us/wiki_pages/mahoraba,ACCEPTED_CURATED_ROSTER,b0bd76fd92e4e00ca8109e5771328cc4c92cbd36e8b2d952b2716a235564cca5,,0,0,0,0,,2,no open mapped cohort candidate in retained exact-scope inventories
src-508cb78b49ca244fb321,zeta_gundam,https://gundam-official.com/series/z,OFFICIAL_CHARACTER_ROSTER,ad4f71e3f483195cb76b4d382137deedc9e39c54615f8cada46000d31a7e7876,,0,0,0,0,,2,no open mapped cohort candidate in retained exact-scope inventories
src-5166cf589f9d679fbd14,persona_3,https://persona3.jp/chara/,OFFICIAL_CHARACTER_ROSTER,b993fd0d001716c28ad32d009566cfa418d2d64cc5c5924ddf2429a3d0963a3f,SOURCE_MAPPING_CANDIDATES_PERSONA_3_OFFICIAL_DIRECTORY_2026-09-30.csv,0,0,0,9,,1,no open mapped cohort candidate in retained exact-scope inventories
src-5213a5fdc803388d25c2,honkai:_nexus_anima,https://github.com/takasago181/DanbooruTagTool/issues/180,APPROVED_REPO_EVIDENCE,b1ef6a850c6277fde634140c433fbbda3bcd0d3e1083d426121e675dbdb4997f,,0,0,0,0,,1,no open mapped cohort candidate in retained exact-scope inventories
src-52bb34ef98dac4e86c7a,lout_of_count's_family,https://danbooru.donmai.us/wiki_pages/lout_of_count%27s_family,ACCEPTED_CURATED_ROSTER,ce873d73dd6beb98042a8f52ef4d614f6796a9a9fe406ad7dd5fa431ef5d0710,,0,0,0,0,,1,no open mapped cohort candidate in retained exact-scope inventories
src-52be678005adab883105,full_service_(mazjojo),https://danbooru.donmai.us/wiki_pages/full_service_(mazjojo),ACCEPTED_CURATED_ROSTER,86ec1ae7ae62e8b0f06942e8c70ef066449f667594bf1c0cbfe4ab5ea21af0b5,,0,0,0,0,,1,no open mapped cohort candidate in retained exact-scope inventories
src-52e843d347d42db16f86,kage_kara_mamoru!,https://danbooru.donmai.us/wiki_pages/kage_kara_mamoru!,ACCEPTED_CURATED_ROSTER,1536e6cc71eccf18a0382b390fb192bc86e6f4851554ed0ce8442fbaa483beb2,,0,0,0,0,,1,no open mapped cohort candidate in retained exact-scope inventories
src-53393917e20cfbae7836,phineas_and_ferb,https://danbooru.donmai.us/wiki_pages/phineas_and_ferb,ACCEPTED_CURATED_ROSTER,77aa277b40794d6b58ff8bf4ef4b88158b4f885e6f3347544c37eefb502262aa,,0,0,0,0,,4,no open mapped cohort candidate in retained exact-scope inventories
src-5395f550ba9880236941,sana_channel,https://danbooru.donmai.us/wiki_pages/sana_channel,ACCEPTED_CURATED_ROSTER,c57bcd524476e083dd710a50d916925e6c3f983f8b1f63e102ccee98a11342a3,,0,0,0,0,,3,no open mapped cohort candidate in retained exact-scope inventories
src-53ff3852310f2c63bf8b,vinesauce,https://danbooru.donmai.us/wiki_pages/vinesauce,ACCEPTED_CURATED_ROSTER,d1826271d1f9a75d9c59ff6e5dcdc2988867b187a6b28e828a6d91f1ea4767d3,,0,0,0,0,,1,no open mapped cohort candidate in retained exact-scope inventories
src-542e115389f384a949ae,flying_witch,https://danbooru.donmai.us/wiki_pages/flying_witch,ACCEPTED_CURATED_ROSTER,bd3daf4f1590d59714359737b15737b88e90a56fd9c696a973b147cfb5c7865f,,0,0,0,0,,1,no open mapped cohort candidate in retained exact-scope inventories
src-545e6a3bcaced2112553,infinite_stratos,https://danbooru.donmai.us/wiki_pages/infinite_stratos,ACCEPTED_CURATED_ROSTER,c6f8ede98d9ab42e25f9358c1349d0e5f9e2bedc691dc51fc7b7ccd3ca573446,,0,0,0,0,,8,no open mapped cohort candidate in retained exact-scope inventories
src-54721fd8b1657c817b64,ookami-san,https://danbooru.donmai.us/wiki_pages/ookami-san,ACCEPTED_CURATED_ROSTER,f08c24928ff98a0a54832267fd0097cfbcdd65bd55964987f27cab75831c0fd5,,0,0,0,0,,3,no open mapped cohort candidate in retained exact-scope inventories
src-548c068fa47037a3af8f,shovel_knight,https://danbooru.donmai.us/wiki_pages/shovel_knight,ACCEPTED_CURATED_ROSTER,41b29538ab173df742ecf67e180149df0d100b909d54b8985620f2deef2ee24c,,0,0,0,0,,1,no open mapped cohort candidate in retained exact-scope inventories
src-555ab647c1aa162a98ea,taimanin_(series),https://danbooru.donmai.us/wiki_pages/taimanin_(series),ACCEPTED_CURATED_ROSTER,6dda7588ff91ae46fa545ac33aea9154086086e5f28d12b94e377b9524acb6e9,,0,0,0,0,,6,no open mapped cohort candidate in retained exact-scope inventories
src-5574a3d6604b0f516a42,utau,https://kurukuru2suuzi.wixsite.com/kuzutokaze/utauintroduction,OFFICIAL_CHARACTER_ROSTER,1c7ed5ed38364570f2d4565c1cd38d8fea76cf38d5cffb842ad46e37e25802a5,,0,0,0,0,,2,no open mapped cohort candidate in retained exact-scope inventories
src-55c4d7590301ac542a5c,serial_experiments_lain,https://danbooru.donmai.us/wiki_pages/serial_experiments_lain,ACCEPTED_CURATED_ROSTER,c56d61a63a81d850e1a3e8aa26d5a107fc69e1c8f0cbe5b47e34784baaa7e4bb,,0,0,0,0,,1,no open mapped cohort candidate in retained exact-scope inventories
src-55e87eb78624096bc257,noragami,https://danbooru.donmai.us/wiki_pages/noragami,ACCEPTED_CURATED_ROSTER,4958adb294b1f7c49442067460954333dcd722eefbaf23daeb5816a4b79b0e55,,0,0,0,0,,1,no open mapped cohort candidate in retained exact-scope inventories
src-55f6ffe93174591ccaab,magi_the_labyrinth_of_magic,https://danbooru.donmai.us/wiki_pages/magi_the_labyrinth_of_magic,ACCEPTED_CURATED_ROSTER,19d2f4803d498777f66f8a99089d5ac4b1dc8d7aa0f49869ffe14314757c91c4,,0,0,0,0,,4,no open mapped cohort candidate in retained exact-scope inventories
src-56287239e6bf508675df,mahoromatic,https://danbooru.donmai.us/wiki_pages/mahoromatic,ACCEPTED_CURATED_ROSTER,1f2896c4889b75b7cb1f6f566a9e86791796d88f8f6341000abac6697d6a0e44,,0,0,0,0,,2,no open mapped cohort candidate in retained exact-scope inventories
src-569a245e5a2462949693,under_night_in-birth,https://danbooru.donmai.us/wiki_pages/under_night_in-birth,ACCEPTED_CURATED_ROSTER,39f6f1a7aaf300dbef05eb94d1611f0619f04c8af325ab755a86c384c28b363f,,0,0,0,0,,1,no open mapped cohort candidate in retained exact-scope inventories
src-56ee3a963295d217798c,hanayori_jyoshiryou,https://danbooru.donmai.us/wiki_pages/hanayori_jyoshiryou,ACCEPTED_CURATED_ROSTER,156fc41f05e27fb70097989939df47e259650c58403e115fa4b465f002bfdbaf,,0,0,0,0,,2,no open mapped cohort candidate in retained exact-scope inventories
src-5731cc43f907fb4db0d5,milgram,https://danbooru.donmai.us/wiki_pages/milgram,ACCEPTED_CURATED_ROSTER,18079ca20b88ddf6085f17c8b32acd09b503b34e909dbc1f86eb1ec5c788509f,,0,0,0,0,,7,no open mapped cohort candidate in retained exact-scope inventories
src-57617e6580b33f23d2f9,manyuu_hikenchou,https://danbooru.donmai.us/wiki_pages/manyuu_hikenchou,ACCEPTED_CURATED_ROSTER,875165988512a8c7073afd9581fe7409ef2a167cac51d2d32b5a4844609a98b7,,0,0,0,0,,1,no open mapped cohort candidate in retained exact-scope inventories
src-57708b79693f48024c91,limbus_company,https://limbuscompany.com/,OFFICIAL_GAME_ROSTER,c63037c26a97094062fa28e87ac1028a914a952c0ed7d88208aeb4a8a8c7bd02,SOURCE_MAPPING_CANDIDATES_LIMBUS_SINNER_OWNER_MANUAL_2026-09-30.csv,0,0,0,12,,5,no open mapped cohort candidate in retained exact-scope inventories
src-58f653cbfa538ad8d0e8,lucky_dog_1,https://danbooru.donmai.us/wiki_pages/lucky_dog_1,ACCEPTED_CURATED_ROSTER,c2fd22f4fc37509a1c984d81a2d9df98f124a200f17837c230b660db2ebb3eb0,,0,0,0,0,,1,no open mapped cohort candidate in retained exact-scope inventories
src-592a94883dbf25b41927,reverse:1999,https://re1999.bluepoch.com/,APPROVED_REPO_EVIDENCE,232727c08364acb251914e077c95e4027adf034266fe3760558d31ae07d3973b,,0,0,0,0,,1,no open mapped cohort candidate in retained exact-scope inventories
src-59519608e91cfc4a222d,watashi_no_hatsukoi_wa_hazukashisugite_dare_ni_mo_ienai,https://danbooru.donmai.us/wiki_pages/watashi_no_hatsukoi_wa_hazukashisugite_dare_ni_mo_ienai,ACCEPTED_CURATED_ROSTER,94d44c9024fdfd4e52194f1eb26fef72ebf571e6d12bc72a814bf35f41a4f451,,0,0,0,0,,2,no open mapped cohort candidate in retained exact-scope inventories
src-595b01a9298fa48194e0,limbus_company,https://limbuscompany.com/,OFFICIAL_GAME_ROSTER,bf3526470def119f54379374b84778e01ec487461613ff136b4389ff3708f8af,SOURCE_MAPPING_CANDIDATES_LIMBUS_SEVEN_MEMBER_SCOPE_REUSE_2026-09-30.csv,0,0,0,7,,7,no open mapped cohort candidate in retained exact-scope inventories
src-5996c23a5b8f700143fc,girls_bravo,https://danbooru.donmai.us/wiki_pages/girls_bravo,ACCEPTED_CURATED_ROSTER,8893a82c7c8e47f83d03d9ff2b67661cf8f3d0c510a2252aee2644a2e8d9d8a4,,0,0,0,0,,2,no open mapped cohort candidate in retained exact-scope inventories
src-59d87f602979aeba17b4,ef_(visual_novel),https://danbooru.donmai.us/wiki_pages/ef_(visual_novel),ACCEPTED_CURATED_ROSTER,f11a399bef239419067982ed20323547c75083d1f98dfd81685c5ba38c85518c,,0,0,0,0,,4,no open mapped cohort candidate in retained exact-scope inventories
src-5a59b95c95d06b9f6002,amakano_~second_season~,https://danbooru.donmai.us/wiki_pages/amakano_~second_season~,ACCEPTED_CURATED_ROSTER,e420399a86586f6dee673f4f36a8e669df4b24bc70f09b6539a7ebaba3f6ce04,,0,0,0,0,,2,no open mapped cohort candidate in retained exact-scope inventories
src-5a7cc775c57b6ae78f91,alien_nine,https://danbooru.donmai.us/wiki_pages/alien_nine,ACCEPTED_CURATED_ROSTER,8a614f2ab93c9b8a134bdfc8fb7227e8168d1eb627a351817843617b5ff67488,,0,0,0,0,,3,no open mapped cohort candidate in retained exact-scope inventories
src-5ad85bd8323621b7c5b4,asdfmovie,https://danbooru.donmai.us/wiki_pages/asdfmovie,ACCEPTED_CURATED_ROSTER,ee960d8cd4560630ec0640c6087ca67eac432018128835d7c83a52bf66ee6c76,,0,0,0,0,,1,no open mapped cohort candidate in retained exact-scope inventories
src-5aec2f2718f82e96fbf1,sayonara_wo_oshiete,https://danbooru.donmai.us/wiki_pages/sayonara_wo_oshiete,ACCEPTED_CURATED_ROSTER,252b6a5e2f86b25f937d0f4659b300a9f27363c45c8dff4f47640fac89f627d7,,0,0,0,0,,5,no open mapped cohort candidate in retained exact-scope inventories
src-5b0571125c6f3805dfa2,dragon_ball,https://danbooru.donmai.us/wiki_pages/list_of_dragon_ball_characters,ACCEPTED_CURATED_ROSTER,2aedf9330844498550f212dd0321f02bd4b0107ca9127f1d0f51a75c6edcdc1a,,0,0,0,0,,13,no open mapped cohort candidate in retained exact-scope inventories
src-5b78ed0236c36fcd372c,seihou,https://github.com/takasago181/DanbooruTagTool/issues/180,APPROVED_REPO_EVIDENCE,bd6e90c5f14f47a7ddea17f5c6365e01fa517d6c3d848b02b66b73b9a9d66e75,,0,0,0,0,,1,no open mapped cohort candidate in retained exact-scope inventories
src-5bb0a276fecc6c12d3ca,haou_taikei_ryuu_knight,https://danbooru.donmai.us/wiki_pages/haou_taikei_ryuu_knight,ACCEPTED_CURATED_ROSTER,8a42268835d334629032e6a2926b3f9c9097e781fce1db7e1c6785fc4470207b,,0,0,0,0,,1,no open mapped cohort candidate in retained exact-scope inventories
src-5cfe38be33549464babf,gosick,https://danbooru.donmai.us/wiki_pages/gosick,ACCEPTED_CURATED_ROSTER,7cec1353046b1443109c882c12cb8f207884662e105652bb7d429a321061be85,,0,0,0,0,,2,no open mapped cohort candidate in retained exact-scope inventories
src-5d2e91cb102a758aa48a,neon_genesis_evangelion,https://danbooru.donmai.us/wiki_pages/neon_genesis_evangelion,ACCEPTED_CURATED_ROSTER,97743b729cea8c3a6032c214942c5ea22f01e01417e9d14a5fd9ee74c3d6299b,,0,0,0,0,,4,no open mapped cohort candidate in retained exact-scope inventories
src-5d2f36da2c87043ee59b,veil_(manga),https://danbooru.donmai.us/wiki_pages/veil_(manga),ACCEPTED_CURATED_ROSTER,dd1e5ff50d8da973effa57548cc9ec9243b413f1330c525f8f975a2f55fbf026,,0,0,0,0,,2,no open mapped cohort candidate in retained exact-scope inventories
src-5d3f1c9d918926e8e914,makaimura,https://danbooru.donmai.us/wiki_pages/makaimura,ACCEPTED_CURATED_ROSTER,dd45a1a9a1f324fd3761dec2c6f9ba5b93c7e941317f141c63c70ef8c0549532,,0,0,0,0,,1,no open mapped cohort candidate in retained exact-scope inventories
src-5d9005c359681a065318,kokoro_connect,https://danbooru.donmai.us/wiki_pages/kokoro_connect,ACCEPTED_CURATED_ROSTER,afbbaf68b0911db25314494eeef772b3566adb0364d12650b77ff4aa9a094c6c,,0,0,0,0,,2,no open mapped cohort candidate in retained exact-scope inventories
src-5daad425786d2e29021f,kanan-sama_wa_akumade_choroi,https://danbooru.donmai.us/wiki_pages/kanan-sama_wa_akumade_choroi,ACCEPTED_CURATED_ROSTER,330764460a59991036ca201b656f82d862ba3f3a3a1bbe6f407ef884a5936918,,0,0,0,0,,5,no open mapped cohort candidate in retained exact-scope inventories
src-5dce55d0af0f69f377be,kirisame_ga_furu_mori,https://danbooru.donmai.us/wiki_pages/kirisame_ga_furu_mori,ACCEPTED_CURATED_ROSTER,22445577566a0bc623f2cc1dc2137f9af2a122889b598ff570c54712d0cb0684,,0,0,0,0,,2,no open mapped cohort candidate in retained exact-scope inventories
src-5dd6858c4afcd6c0f550,gameoverse,https://danbooru.donmai.us/wiki_pages/gameoverse,ACCEPTED_CURATED_ROSTER,78fbfafed62659ad1674751aee271079b57506e094fe65585b9f75c7aa9083bc,,0,0,0,0,,1,no open mapped cohort candidate in retained exact-scope inventories
src-5e23892df04cd2e5b5a3,barbie_(franchise),https://danbooru.donmai.us/wiki_pages/barbie_(franchise),ACCEPTED_CURATED_ROSTER,bf1661f3d3db7282cb5fb4fb6afd1781e0288038010dd8a74d637590becd8d31,,0,0,0,0,,2,no open mapped cohort candidate in retained exact-scope inventories
src-5e63c79283fe6ccf3851,sono_bisque_doll_wa_koi_wo_suru,https://danbooru.donmai.us/wiki_pages/sono_bisque_doll_wa_koi_wo_suru,ACCEPTED_CURATED_ROSTER,c0d9e99b1aba21cabc7e4ac78bfdee0b05274367c182adb452adf6cf06995409,,0,0,0,0,,4,no open mapped cohort candidate in retained exact-scope inventories
src-5e98e3c88b4c5a782c0d,trinity_seven,https://danbooru.donmai.us/wiki_pages/trinity_seven,ACCEPTED_CURATED_ROSTER,4c250004861c9b8bc3472ea94c1dc2c1166e49d78999e8bc874025bb465f091a,,0,0,0,0,,2,no open mapped cohort candidate in retained exact-scope inventories
src-5ec75c1fc1241f11ea9a,ga-rei,https://danbooru.donmai.us/wiki_pages/ga-rei,ACCEPTED_CURATED_ROSTER,b79c457194d6ba607d5eaf48fe79bc0ba40c9531b83d9ee54caa767af7f2fee2,,0,0,0,0,,2,no open mapped cohort candidate in retained exact-scope inventories
src-5f0150f4549d21b64e2b,chiikawa,https://danbooru.donmai.us/wiki_pages/chiikawa,ACCEPTED_CURATED_ROSTER,acc38d0f5069a86df57a32ed25af260b48e73799e574bd3796ab5ae0806cbf34,,0,0,0,0,,1,no open mapped cohort candidate in retained exact-scope inventories
src-5f8b82b1219ad9a7fd2e,numan_athletics,https://danbooru.donmai.us/wiki_pages/numan_athletics,ACCEPTED_CURATED_ROSTER,3f9669846437bb440f031bd994a7b644808640913c190aba1295d8a67ea4ed7b,,0,0,0,0,,1,no open mapped cohort candidate in retained exact-scope inventories
src-5facd07deacd5255a315,rakudai_kishi_no_cavalry,https://danbooru.donmai.us/wiki_pages/rakudai_kishi_no_cavalry,ACCEPTED_CURATED_ROSTER,f3970ddfe07d8e598c2111e2f4ee0dc3eba4db95254aa42ff2b890f6710bd847,,0,0,0,0,,2,no open mapped cohort candidate in retained exact-scope inventories
src-5fba3d484bc86e60f39c,vocaloid,https://www.vocaloid.com/en/character_guideline/,OFFICIAL_CHARACTER_ROSTER,3aa3644da28a3fbcfb8e7fda20e09824401f9451f2baa2659fba466a39d6d6a5,SOURCE_MAPPING_CANDIDATES_VOCALOID_YAMAHA_CHARACTER_GUIDELINE_2026-09-30.csv,0,4,19,6,aya_(project_moon)|chris_(ginseng)|shion_(peach88)|yae_sakura_(goushinnso_memento),2,open candidate requires mapping/conflict review
src-5fe01bcfe29c500a2b47,muppets,https://danbooru.donmai.us/wiki_pages/muppets,ACCEPTED_CURATED_ROSTER,e47af26c084d750075f1fbc471776ff86fd1680d851b5fb3e394faf0043cd0d7,,0,0,0,0,,1,no open mapped cohort candidate in retained exact-scope inventories
src-605522ed7e82c5b8614f,honkai:_star_rail,https://github.com/takasago181/DanbooruTagTool/issues/180,APPROVED_REPO_EVIDENCE,3f523af4ab7072e584ac2fbe28eb171bfb9928fb9796d2a36a0934d1b57793db,,0,0,0,0,,3,no open mapped cohort candidate in retained exact-scope inventories
src-60724860a67bc8836edc,outbreak_company,https://danbooru.donmai.us/wiki_pages/outbreak_company,ACCEPTED_CURATED_ROSTER,b802a2ab30ca25094d0bfeb9ac0b55cbc042a434cbce32edb2d85047e490de5f,,0,0,0,0,,2,no open mapped cohort candidate in retained exact-scope inventories
src-60ca0e34a2984ba54be8,mermaid_melody_pichi_pichi_pitch,https://danbooru.donmai.us/wiki_pages/mermaid_melody_pichi_pichi_pitch,ACCEPTED_CURATED_ROSTER,2137eeda9c80f6a0ff8806dc3fc399b32f670bd90e5b8d9739fe0cbccb176f4d,,0,0,0,0,,1,no open mapped cohort candidate in retained exact-scope inventories
src-60cdb21e3a19fd5e2d91,frozen_soul,https://danbooru.donmai.us/wiki_pages/frozen_soul,ACCEPTED_CURATED_ROSTER,d03a998629c7e0457c56c4cb06d6f7699329e585005522c9a76b3877fbf20777,,0,0,0,0,,1,no open mapped cohort candidate in retained exact-scope inventories
src-612cd3b848ed479b1a3d,otomedius,https://danbooru.donmai.us/wiki_pages/otomedius,ACCEPTED_CURATED_ROSTER,b60bacaa313435a50128caa1bd8fe794e4a57dd391c83dc35419a1cc1ded1703,,0,0,0,0,,3,no open mapped cohort candidate in retained exact-scope inventories
src-6143d3906578d53f726d,cho_kaguya-hime!,https://github.com/takasago181/DanbooruTagTool/issues/180,APPROVED_REPO_EVIDENCE,66d5b92347677e81628dbd7a2adb6e47e4ba913e547ac3b1ee342a33cdcdfd99,,0,0,0,0,,2,no open mapped cohort candidate in retained exact-scope inventories
src-618c670cff5f65a296b0,genmu_senki_leda,https://danbooru.donmai.us/wiki_pages/genmu_senki_leda,ACCEPTED_CURATED_ROSTER,fb3c14d09472903db9959321bca078556f35935f893f79b8549b7b3b7481f024,,0,0,0,0,,1,no open mapped cohort candidate in retained exact-scope inventories
src-61b50a955ff8ceba0638,vocaloid,https://www.ah-soft.com/press/vocaloid/,OFFICIAL_CHARACTER_PROFILE,935cfb59cf573ac25616b0804e926546b674e62d41dde5160aa75dc6fc69a24c,,0,0,0,0,,4,no open mapped cohort candidate in retained exact-scope inventories
src-61f16202366e0b7f5370,warioware,https://github.com/takasago181/DanbooruTagTool/issues/180,APPROVED_REPO_EVIDENCE,e0bfc43ec6e9896fec9d85648362f892436e3c1cf010673617a5446ea76a7eb5,,0,0,0,0,,1,no open mapped cohort candidate in retained exact-scope inventories
src-62b9560e183e88d099d0,top_wo_nerae!,https://danbooru.donmai.us/wiki_pages/top_wo_nerae!,ACCEPTED_CURATED_ROSTER,21f903c5d03890e17b8fbcdce9d9ef0d47c8bec6003a1d243851f334d4a98d89,,0,0,0,0,,4,no open mapped cohort candidate in retained exact-scope inventories
src-62e692e19c6972dc3b26,a_hat_in_time,https://danbooru.donmai.us/wiki_pages/a_hat_in_time,ACCEPTED_CURATED_ROSTER,75926a3c72724971bcff5f4a1d099e424cd37a50d11acc57e44b967aa7a1b0a2,,0,0,0,0,,3,no open mapped cohort candidate in retained exact-scope inventories
src-6335a3a2fffa41874f6f,little_princess,https://danbooru.donmai.us/wiki_pages/little_princess,ACCEPTED_CURATED_ROSTER,094fb1f078d0f3d661f81c842cbd68bf698f2db1b50ffee7b3f79569e06a2695,,0,0,0,0,,1,no open mapped cohort candidate in retained exact-scope inventories
src-638df9af1cb845f5aa0b,heroman,https://danbooru.donmai.us/wiki_pages/heroman,ACCEPTED_CURATED_ROSTER,24df001d52565d8c6729da70d2b749fc862ed809fa009b0edc07d96fdd4aea32,,0,0,0,0,,2,no open mapped cohort candidate in retained exact-scope inventories
src-640d9eafdfa485c37329,streets_of_rage,https://danbooru.donmai.us/wiki_pages/streets_of_rage,ACCEPTED_CURATED_ROSTER,08128b60eaa26dabae5c05fbedb230e717a63dde0da362721c267854fb5c86ca,,0,0,0,0,,1,no open mapped cohort candidate in retained exact-scope inventories
src-640f7e114429ad0ef827,vocaloid,https://www.ssw.co.jp/products/vocal/character_guideline.html,OFFICIAL_CHARACTER_ROSTER,96141f33cc65eb781012543471c0cc4fd42cdff65a7724e72a1b181bcf5b689b,SOURCE_MAPPING_CANDIDATES_VOCALOID_INTERNET_JP_CHARACTER_GUIDELINE_2026-09-30.csv,0,1,3,3,futanari-sama_(mdf_an),2,open candidate requires mapping/conflict review
src-642844e393d5e96bea9c,un-go,https://danbooru.donmai.us/wiki_pages/un-go,ACCEPTED_CURATED_ROSTER,1de82d9c47216cacfa97b2c653e99aa7249e57fabf978e3dfad43b0a2546b0bb,,0,0,0,0,,2,no open mapped cohort candidate in retained exact-scope inventories
src-6436a35c8e8375fd39c1,overwatch,https://danbooru.donmai.us/wiki_pages/overwatch,ACCEPTED_CURATED_ROSTER,e6f97459a67eb562adb80c6c1e3c2f49988c8b8090e1cf331a40aeb6f0ce1706,,0,0,0,0,,1,no open mapped cohort candidate in retained exact-scope inventories
src-64d36fd47b282a936e6e,vandread,https://danbooru.donmai.us/wiki_pages/vandread,ACCEPTED_CURATED_ROSTER,333949eed2a53582fdfbfbe5a57a14eaef2de1fe3c30da9ff9ae3f393e22cd4b,,0,0,0,0,,1,no open mapped cohort candidate in retained exact-scope inventories
src-650300af6494df86a8c9,idolmaster_shiny_colors,https://shinycolors.idolmaster-official.jp/idol/shhis/,OFFICIAL_CHARACTER_ROSTER,5c88248b8c3fc584dbd525d5c21e834ccf709487410188943902c52f7455cdf9,,0,0,0,0,,2,no open mapped cohort candidate in retained exact-scope inventories
src-656269d6c34fa735ed8d,project_moon,https://danbooru.donmai.us/wiki_pages/list_of_project_moon_characters,ACCEPTED_CURATED_ROSTER,bff1508e9829559c3170f0cfb26b33953642882f98796e70a85dc850a2503e02,,0,0,0,0,,12,no open mapped cohort candidate in retained exact-scope inventories
src-65706ca52dcbea9e2495,mahou_girls_precure!,https://danbooru.donmai.us/wiki_pages/mahou_girls_precure!,ACCEPTED_CURATED_ROSTER,669473481701714621659a5faee65c597f8ec90b063518527d9dd85742a0921d,,0,0,0,0,,4,no open mapped cohort candidate in retained exact-scope inventories
src-6590c1698750ed14a489,lingeries_(ramune_games),https://danbooru.donmai.us/wiki_pages/lingeries_(ramune_games),ACCEPTED_CURATED_ROSTER,dd2c39b9ef4b422319098780328e66730d3716c5437258a1aaf6a3debc92fce4,,0,0,0,0,,1,no open mapped cohort candidate in retained exact-scope inventories
src-65aba4ad070fd251dab5,mahjong_soul,https://danbooru.donmai.us/wiki_pages/mahjong_soul,ACCEPTED_CURATED_ROSTER,f0d3257fafaae3bd908edceb311f2493171f02f01adbcf1868d4c95717d2a00c,,0,0,0,0,,17,no open mapped cohort candidate in retained exact-scope inventories
src-65bdc746d2aee5ff65a5,doukyuusei,https://danbooru.donmai.us/wiki_pages/doukyuusei,ACCEPTED_CURATED_ROSTER,7bbf2c35d8d7aa68dd470851b7f50347d4934d487cda6eebe218acfdd98802dd,,0,0,0,0,,2,no open mapped cohort candidate in retained exact-scope inventories
src-65e4e0cd3ac6f74d6eba,vocaloid,https://www.ssw.co.jp/press/pdf/V4_OtomachiUna.pdf,FIRST_PARTY_OTHER,14d87aa65499299222e5b82e89e7a839bb207d427b6c8866bc937f10b41b9ab6,,0,0,0,0,,4,no open mapped cohort candidate in retained exact-scope inventories
src-65f5ed2b6e3c033a988f,sexfriend,https://danbooru.donmai.us/wiki_pages/sexfriend,ACCEPTED_CURATED_ROSTER,128c5e07853d96dd5af58b040b100bc4a0cc1bbfc6b7fcfcfe8de3f6027ec676,,0,0,0,0,,1,no open mapped cohort candidate in retained exact-scope inventories
src-66106a4dc5156c7b1c28,kujibiki_unbalance,https://danbooru.donmai.us/wiki_pages/kujibiki_unbalance,ACCEPTED_CURATED_ROSTER,f9774e2623c8486797238dc3d4e4fa415560ff315dde8faf985699835c106518,,0,0,0,0,,1,no open mapped cohort candidate in retained exact-scope inventories
src-670fc37766a5cadf1bb2,shin_sekai_yori,https://danbooru.donmai.us/wiki_pages/shin_sekai_yori,ACCEPTED_CURATED_ROSTER,466fb170d8a247ce3f294c6802b9743be73addc34a7bdd9c471cb6b70030e5f2,,0,0,0,0,,1,no open mapped cohort candidate in retained exact-scope inventories
src-6718ae659a4909668a43,machikado_mazoku,https://danbooru.donmai.us/wiki_pages/machikado_mazoku,ACCEPTED_CURATED_ROSTER,6cb79bbecd411a56bb7c08acee28de28682e98cf31be2e0cd10779471a22bda2,,0,0,0,0,,4,no open mapped cohort candidate in retained exact-scope inventories
src-6727dde7ee9befa5b161,honey_and_clover,https://danbooru.donmai.us/wiki_pages/honey_and_clover,ACCEPTED_CURATED_ROSTER,651d1c9cf815db7e2590bbac224be45c652ef878c3ba96f42e900934e3cabe20,,0,0,0,0,,2,no open mapped cohort candidate in retained exact-scope inventories
src-67677416fd2fb1d741d5,ga_geijutsuka_art_design_class,https://danbooru.donmai.us/wiki_pages/ga_geijutsuka_art_design_class,ACCEPTED_CURATED_ROSTER,6250b450adb7cb93b9a29f75741b66aa4d61de47d714d39478e4ffe0e17a4e95,,0,0,0,0,,5,no open mapped cohort candidate in retained exact-scope inventories
src-679b47c9dc36b3a33a65,masamune-kun_no_revenge,https://danbooru.donmai.us/wiki_pages/masamune-kun_no_revenge,ACCEPTED_CURATED_ROSTER,c060d8828b1d1df227f844a7f80ad78e5a9df5df50f847cbdaddd50d27b61203,,0,0,0,0,,2,no open mapped cohort candidate in retained exact-scope inventories
src-67a395e6ff6e7b0cb651,blue_archive,https://github.com/takasago181/DanbooruTagTool/issues/180,APPROVED_REPO_EVIDENCE,ba3cff26672cb324c9b111e46debc2e789391c481847e60cc2fb22322dd4d7c8,,0,0,0,0,,1,no open mapped cohort candidate in retained exact-scope inventories
src-6819c5441e7dbf24eaca,chargeman_ken!,https://danbooru.donmai.us/wiki_pages/chargeman_ken!,ACCEPTED_CURATED_ROSTER,94b056f56206b857641d91c44888724575ac31fd1df8e094365f06f517e61d63,,0,0,0,0,,1,no open mapped cohort candidate in retained exact-scope inventories
src-686e593d6f6489d07514,tanaka_the_wizard,https://danbooru.donmai.us/wiki_pages/tanaka_the_wizard,ACCEPTED_CURATED_ROSTER,006937608ca65ad984f8eb2ca5d903d0b5b07d1d86aa0b8c74fb2b4a3c0f79e2,,0,0,0,0,,1,no open mapped cohort candidate in retained exact-scope inventories
src-68b49c9fcf13d86b7a19,yu-gi-oh!,https://danbooru.donmai.us/wiki_pages/list_of_yu-gi-oh!_characters,ACCEPTED_CURATED_ROSTER,c128a15b1c29bb8aab375cced553b03375c7242903ec616f4843b8a0546d86e5,,0,0,0,0,,4,no open mapped cohort candidate in retained exact-scope inventories
src-692c1e57c2b2e586e067,puniru_wa_kawaii_slime,https://danbooru.donmai.us/wiki_pages/puniru_wa_kawaii_slime,ACCEPTED_CURATED_ROSTER,97355f6eed3010e950ee6e33aee707713d811a08cdc04d8c0d3038fae243569f,,0,0,0,0,,1,no open mapped cohort candidate in retained exact-scope inventories
src-69550c77796fd906ff29,umamusume,https://umamusume.jp/character,OFFICIAL_CHARACTER_ROSTER,2519941d363aa18b75948d76409d1ba0956881374e7d15edb4713f3b7e8220d8,,0,0,0,0,,7,no open mapped cohort candidate in retained exact-scope inventories
src-69e6eefa226a49896e5c,sword_art_online,https://sao-game.jp/,APPROVED_REPO_EVIDENCE,cb30b59d62a42647864c0fd3d0169f3bd9691d27d3bc35e2349bfdecff83f292,,0,0,0,0,,1,no open mapped cohort candidate in retained exact-scope inventories
src-69ed5f7c22019b76fbf8,the_caves_of_steel,https://danbooru.donmai.us/wiki_pages/the_caves_of_steel,ACCEPTED_CURATED_ROSTER,2937f016f1eb547f488a4936770ac92b629b5d12b5497f58be75143287ae2e6b,,0,0,0,0,,2,no open mapped cohort candidate in retained exact-scope inventories
src-6a0325c905ac48f42eea,katekyo_hitman_reborn!,https://danbooru.donmai.us/wiki_pages/katekyo_hitman_reborn!,ACCEPTED_CURATED_ROSTER,88c9f211465427db672a02b4c6b52c01c48c3109d2473cb5504b28ed7c8fc6a2,,0,0,0,0,,10,no open mapped cohort candidate in retained exact-scope inventories
src-6a1770c6cf806ead8689,honkai_gakuen,https://github.com/takasago181/DanbooruTagTool/issues/180,APPROVED_REPO_EVIDENCE,973488cef6c647cd6facb34b70ff5a04ff5fd4562ee8a335d190d60f23df4d64,,0,0,0,0,,1,no open mapped cohort candidate in retained exact-scope inventories
src-6a384a3b8f89dd8397a0,ninja_gaiden,https://danbooru.donmai.us/wiki_pages/ninja_gaiden,ACCEPTED_CURATED_ROSTER,23f9e5bf0cc6aabbd219b1050b9c1b3f31895ef78e2e165478c0b0334537c247,,0,0,0,0,,1,no open mapped cohort candidate in retained exact-scope inventories
src-6a4fe23f301f9bd1f242,iede_gal_na_senpai_wa_kantan_ni_yarasete_kureru,https://danbooru.donmai.us/wiki_pages/iede_gal_na_senpai_wa_kantan_ni_yarasete_kureru,ACCEPTED_CURATED_ROSTER,73090aa7d1462d16001708fc456389174abf44f6ea8b9b1351106c3a68b1c6e1,,0,0,0,0,,3,no open mapped cohort candidate in retained exact-scope inventories
src-6b1cbe78107e1c9e6b76,cross_ange,https://danbooru.donmai.us/wiki_pages/cross_ange,ACCEPTED_CURATED_ROSTER,4bdb5e8314bcae0b327844cd23eee63a14e66dbda8dfb38907c4582e87b56055,,0,0,0,0,,1,no open mapped cohort candidate in retained exact-scope inventories
src-6b2ecb629c17ab1b00bc,nitroplus,https://supersonico.jp/profile/,OFFICIAL_CHARACTER_PROFILE,91ba1db55da874d54a69113347d8f1b12f9ce6ca29739e862411ddf971656c25,,0,0,0,0,,1,no open mapped cohort candidate in retained exact-scope inventories
src-6b37d9ebaa27bb80b050,saigo_ni_hitotsu_dake_onegai_shite_mo_yoroshii_deshou_ka,https://danbooru.donmai.us/wiki_pages/saigo_ni_hitotsu_dake_onegai_shite_mo_yoroshii_deshou_ka,ACCEPTED_CURATED_ROSTER,848606d8c73ba0bbf330521cca70f0342b1f3ca57dc8de5045010c1d5d78e379,,0,0,0,0,,1,no open mapped cohort candidate in retained exact-scope inventories
src-6b45243713a2ad28473a,tonari_no_kyuuketsuki-san,https://danbooru.donmai.us/wiki_pages/tonari_no_kyuuketsuki-san,ACCEPTED_CURATED_ROSTER,33256e2df28c1b8879e46b6b43ff5f86b598b2cea8160e1d4051309bfc0277c1,,0,0,0,0,,2,no open mapped cohort candidate in retained exact-scope inventories
src-6b89d6f0d62b4c782f7d,haiyore!_nyaruko-san,https://danbooru.donmai.us/wiki_pages/haiyore!_nyaruko-san,ACCEPTED_CURATED_ROSTER,62f0c7c1f06c6d04ca54fca28a43c6c2a9990277215f5c77f996b4b5b1fcfb26,,0,0,0,0,,4,no open mapped cohort candidate in retained exact-scope inventories
src-6bc47f4b17e5ee0727ae,bishoujo_mangekyou:_wasurenagusa_to_eien_no_shoujo,https://danbooru.donmai.us/wiki_pages/bishoujo_mangekyou:_wasurenagusa_to_eien_no_shoujo,ACCEPTED_CURATED_ROSTER,9cd4294e9d0972d80c86244cb8c589a3d145c79e19b0b51fdc6d246b35a85291,,0,0,0,0,,1,no open mapped cohort candidate in retained exact-scope inventories
src-6c2511a5e3648d8903ec,uq_holder!,https://danbooru.donmai.us/wiki_pages/uq_holder!,ACCEPTED_CURATED_ROSTER,2eccfd98a159b6d7462d8c8917a8513294f8d43318bf2b7017ae993bd27141b8,,0,0,0,0,,1,no open mapped cohort candidate in retained exact-scope inventories
src-6c5db35f09f7768a82bc,xianjian_qixia_zhuan,https://danbooru.donmai.us/wiki_pages/xianjian_qixia_zhuan,ACCEPTED_CURATED_ROSTER,ce3f1cc8e4e2b017d1b846df1677fe7df460d6e717b20d603673da113c5c9962,,0,0,0,0,,1,no open mapped cohort candidate in retained exact-scope inventories
src-6c90e40d258f57f5a181,idolmaster_dearly_stars,https://idolmaster-official.jp/news/01_19349,OFFICIAL_CHARACTER_ROSTER,c9537e684ad153ab4514864df5ceb65e24a2b0f840e667ec9551147bf73af117,SOURCE_MAPPING_CANDIDATES_AKIZUKI_RYO_DEARLY_STARS_2026-09-30.csv,0,0,0,1,,1,no open mapped cohort candidate in retained exact-scope inventories
src-6ca545e59a17e6705cc7,resident_evil,https://danbooru.donmai.us/wiki_pages/resident_evil,ACCEPTED_CURATED_ROSTER,561e93ee861d6aab59d0213e7dcb14a7ad80ad10f8b8d20a8f71bd8e96cb9733,,0,0,0,0,,6,no open mapped cohort candidate in retained exact-scope inventories
src-6cc64649ee6efe3f6656,brigadoon,https://danbooru.donmai.us/wiki_pages/brigadoon,ACCEPTED_CURATED_ROSTER,05c756b8957790723ad49b22cf1fd2db8a442b385f974023b834ec5db795cb79,,0,0,0,0,,2,no open mapped cohort candidate in retained exact-scope inventories
src-6cd97835f44219092af7,arifureta_shokugyou_de_sekai_saikyou,https://danbooru.donmai.us/wiki_pages/arifureta_shokugyou_de_sekai_saikyou,ACCEPTED_CURATED_ROSTER,8fe7f6ec315d65a342480c695beb5e7e4a305ba60e3067ba36475d3b641a1cf4,,0,0,0,0,,2,no open mapped cohort candidate in retained exact-scope inventories
src-6dd14e94bb9fd81e2a3d,neko_no_ongaeshi,https://danbooru.donmai.us/wiki_pages/neko_no_ongaeshi,ACCEPTED_CURATED_ROSTER,0a1519d4262dc6608bf4ac20aeee5479bc1af754ee0874355a1e598573869d8c,,0,0,0,0,,1,no open mapped cohort candidate in retained exact-scope inventories
src-6dd24b7755ceebeca539,,https://www.ssw.co.jp/products/vocal/english_character_guideline.html,OFFICIAL_CHARACTER_PROFILE,3a771d409300f1c8ea51c1019d94d71d995325ecd252330cd59b56c988ddd658,,0,0,0,0,,1,no open mapped cohort candidate in retained exact-scope inventories
src-6dd253982daa0c03f1b5,meridian_project,https://danbooru.donmai.us/wiki_pages/meridian_project,ACCEPTED_CURATED_ROSTER,06a983ffc564ecd9f8d942a12d64cbea771aba3b6d41d73f9b4dbac14838c0aa,,0,0,0,0,,2,no open mapped cohort candidate in retained exact-scope inventories
src-6df8ef0da8bf353607fb,sky:_children_of_the_light,https://danbooru.donmai.us/wiki_pages/list_of_sky:_children_of_the_light_characters,ACCEPTED_CURATED_ROSTER,cd5c1b4598fefc49d286fb547055a51638d8af34cee85b994f30d392bd38e6b9,,0,0,0,0,,1,no open mapped cohort candidate in retained exact-scope inventories
src-6ea037ef27f8eee124f2,yotsubato!,https://danbooru.donmai.us/wiki_pages/yotsubato!,ACCEPTED_CURATED_ROSTER,80896e7ff80d5d166931375383960b36abb694cb107bca41d6e534b5952e910e,,0,0,0,0,,7,no open mapped cohort candidate in retained exact-scope inventories
src-6eb0800d4a6b6a77918e,omniscient_reader's_viewpoint,https://danbooru.donmai.us/wiki_pages/omniscient_reader%27s_viewpoint,ACCEPTED_CURATED_ROSTER,2a5c6c6d6d05fc882be41306841cc3cbf76c9bd8feefa950d10bfa4d09069697,,0,0,0,0,,13,no open mapped cohort candidate in retained exact-scope inventories
src-6f28436c43edbf8b7d25,inazuma_eleven,https://danbooru.donmai.us/wiki_pages/inazuma_eleven,ACCEPTED_CURATED_ROSTER,0d7f6644bc773ed64732416b5820075fe5d02bcddd5174ee0ccbb87215f6e654,,0,0,0,0,,1,no open mapped cohort candidate in retained exact-scope inventories
src-6f3a365de91a3a1a27c0,dies_irae,https://danbooru.donmai.us/wiki_pages/dies_irae,ACCEPTED_CURATED_ROSTER,9424a482addd522440c82b168134180afc200c6be1ba840fb1960b25070b6766,,0,0,0,0,,1,no open mapped cohort candidate in retained exact-scope inventories
src-6f8b8cff4719da422a68,shino_to_ren,https://danbooru.donmai.us/wiki_pages/shino_to_ren,ACCEPTED_CURATED_ROSTER,ef4d9fef53c38e9af5b3618317dc7558b0e8c5bbece43b000a88fab461a69fdb,,0,0,0,0,,1,no open mapped cohort candidate in retained exact-scope inventories
src-6fa8ac7ec1c361f0f55e,bloodborne,https://danbooru.donmai.us/wiki_pages/bloodborne,ACCEPTED_CURATED_ROSTER,95bed05fd6343e3a769b56b79e4367b2c84cce77e92ac1db632ae1a2e357315b,,0,0,0,0,,5,no open mapped cohort candidate in retained exact-scope inventories
src-6fbd3eda8758845f7f4d,seiken_no_blacksmith,https://danbooru.donmai.us/wiki_pages/seiken_no_blacksmith,ACCEPTED_CURATED_ROSTER,76735b7fcd4b47a4c23f53bc70c6fa257547abf865597e10d085f14a35f9df55,,0,0,0,0,,1,no open mapped cohort candidate in retained exact-scope inventories
src-6fe904a2bde6a62df84e,nijisanji,https://www.anycolor.co.jp/en/service/nijisanji,APPROVED_REPO_EVIDENCE,8b288139c27993b7f80fc36bcf052c2a5ae4ac68b117bb6bb1b3c13fa6fb71ce,,0,0,0,0,,20,no open mapped cohort candidate in retained exact-scope inventories
src-713869154df0addec81b,eiyuu_densetsu,https://danbooru.donmai.us/wiki_pages/list_of_eiyuu_densetsu_characters,ACCEPTED_CURATED_ROSTER,34a5218ded7cc1d46f39c40b9e5a5cec5b7fa99576356242aa548f8d1afe06aa,,0,0,0,0,,29,no open mapped cohort candidate in retained exact-scope inventories
src-7147c852c89e4cfc0866,terminator_(series),https://danbooru.donmai.us/wiki_pages/terminator_(series),ACCEPTED_CURATED_ROSTER,4b89e577c42aa287a41661c2fa382d32b3535197f7ecdd25bdb5e569ddfced76,,0,0,0,0,,1,no open mapped cohort candidate in retained exact-scope inventories
src-717c842401eb44ac8817,witch_watch,https://danbooru.donmai.us/wiki_pages/witch_watch,ACCEPTED_CURATED_ROSTER,dc138ce2bf4d41d7c9908cef0695dff1710bce57d760492db808b8f88224d6a9,,0,0,0,0,,1,no open mapped cohort candidate in retained exact-scope inventories
src-72645f65b26a37a59562,swing!!,https://github.com/takasago181/DanbooruTagTool/issues/180,APPROVED_REPO_EVIDENCE,d10eccccb600620faa80ed817449a38fa3caf626f68908f7ac5d31166af49ce8,,0,0,0,0,,1,no open mapped cohort candidate in retained exact-scope inventories
src-7299d679b64cbc1791fd,who_framed_roger_rabbit,https://danbooru.donmai.us/wiki_pages/who_framed_roger_rabbit,ACCEPTED_CURATED_ROSTER,e802b8abe63aa535b0f2bda7fc414c9bac85bf940ee331421b54adaf561b2589,,0,0,0,0,,1,no open mapped cohort candidate in retained exact-scope inventories
src-72a573866a548793f42f,moe!_ninja_girls,https://danbooru.donmai.us/wiki_pages/moe!_ninja_girls,ACCEPTED_CURATED_ROSTER,95fa273c55d303daea5ec294ccaa2762ad6907f1e8998401adb9b8768153e397,,0,0,0,0,,4,no open mapped cohort candidate in retained exact-scope inventories
src-72d4c26ae0279dd71045,natsume_yuujinchou,https://danbooru.donmai.us/wiki_pages/natsume_yuujinchou,ACCEPTED_CURATED_ROSTER,5a4ac2b58621078cca26b796564e13fb935d1196fcd1bd8a18bf3b0e84adb730,,0,0,0,0,,2,no open mapped cohort candidate in retained exact-scope inventories
src-730dbed271d6af10f4bb,shirley_(manga),https://danbooru.donmai.us/wiki_pages/shirley_(manga),ACCEPTED_CURATED_ROSTER,8cf4dd493cd1f748395070ac6b4774e28139828cb13af2d4959def68bed350f8,,0,0,0,0,,1,no open mapped cohort candidate in retained exact-scope inventories
src-7333d68b2cce65d659f9,tensei_oujo_to_tensai_reijou_no_mahou_kakumei,https://danbooru.donmai.us/wiki_pages/tensei_oujo_to_tensai_reijou_no_mahou_kakumei,ACCEPTED_CURATED_ROSTER,02feabd43deb50943e5b0d784701527a9b56f6ed22a8ccaf90132f48d1873984,,0,0,0,0,,4,no open mapped cohort candidate in retained exact-scope inventories
src-7417df3b608ade9ae711,kanon,https://danbooru.donmai.us/wiki_pages/kanon,ACCEPTED_CURATED_ROSTER,90f4696f2f43a29d9a2e0515da84c285afc6032b7e4ec7e5b8760f6669a43dba,,0,0,0,0,,2,no open mapped cohort candidate in retained exact-scope inventories
src-747aa075728064ebd561,moetan,https://danbooru.donmai.us/wiki_pages/moetan,ACCEPTED_CURATED_ROSTER,033908e9b408965d00f534aa7ebd1fac04cdaf4ffd8352d887b00d2c7acdaa9f,,0,0,0,0,,3,no open mapped cohort candidate in retained exact-scope inventories
src-74c510fc4248d91a8ba3,danganronpa_(series),https://shima.donmai.us/wiki_pages/list_of_danganronpa_characters,ACCEPTED_CURATED_ROSTER,9faa888df5cd1713375809df3bfe8b9b870fa807161f5841e69b2c694ca9aaa2,SOURCE_MAPPING_CANDIDATES_DANGANRONPA_CORE_GAMES_CURATED_2026-09-30.csv,0,0,8,38,,27,no open mapped cohort candidate in retained exact-scope inventories
src-74cceb509f5d02a2774f,ooya-san_wa_shishunki,https://github.com/takasago181/DanbooruTagTool/issues/180,APPROVED_REPO_EVIDENCE,e46992deba23d377870d1189e53a12c71988455a8917b68e60262bfcbc72e00f,,0,0,0,0,,1,no open mapped cohort candidate in retained exact-scope inventories
src-74fb26c7f48b44bc860c,toshi_densetsu_kaitai_center,https://danbooru.donmai.us/wiki_pages/toshi_densetsu_kaitai_center,ACCEPTED_CURATED_ROSTER,ae8deb3e5b9b7ea331354082c9786af7fc8e9476dd32413450e90067350a1dd8,,0,0,0,0,,2,no open mapped cohort candidate in retained exact-scope inventories
src-759333b16707cdbb8a25,final_fantasy_xvi,https://na.finalfantasyxvi.com/characters,OFFICIAL_GAME_ROSTER,387295a4cf01c0f11f598867206a685b54c29e9130d8491827feef9cd15d0f10,SOURCE_MAPPING_CANDIDATES_FINAL_FANTASY_XVI_DIRECTORY_2026-09-30.csv,0,0,2,7,,7,no open mapped cohort candidate in retained exact-scope inventories
src-75956a84a7d68e4ad397,funamusea,https://danbooru.donmai.us/wiki_pages/list_of_funamusea_characters,ACCEPTED_CURATED_ROSTER,0b363af90548e642853c0ddccb0ad4866d740e1218116671a2edca95edeeac1a,,0,0,0,0,,4,no open mapped cohort candidate in retained exact-scope inventories
src-75abde0804037a68fb7e,ousama_ranking,https://danbooru.donmai.us/wiki_pages/ousama_ranking,ACCEPTED_CURATED_ROSTER,833bd5e92e09afa81aa0c0ae103ee68cf9187b063f99843fe2fcc367051d1f4c,,0,0,0,0,,5,no open mapped cohort candidate in retained exact-scope inventories
src-7661b444cd57b048ca5c,kara_no_kyoukai,https://danbooru.donmai.us/wiki_pages/kara_no_kyoukai,ACCEPTED_CURATED_ROSTER,ab3b6446c241760208e28e3272a08c19c1892ae6765c4a626e7f3ce41a016ba5,,0,0,0,0,,1,no open mapped cohort candidate in retained exact-scope inventories
src-768b1e015708b8210813,kidou_keisatsu_patlabor,https://danbooru.donmai.us/wiki_pages/kidou_keisatsu_patlabor,ACCEPTED_CURATED_ROSTER,42f999dbc009e3cbf7adf43d84a2c96044276dbdf96406d606a486f69656834d,,0,0,0,0,,5,no open mapped cohort candidate in retained exact-scope inventories
src-76bb2ffc2158da6bddce,ano_natsu_de_matteru,https://danbooru.donmai.us/wiki_pages/ano_natsu_de_matteru,ACCEPTED_CURATED_ROSTER,0460e815d050e540fb8bcfba7012d218f7199e15117aef9751065026a344e778,,0,0,0,0,,5,no open mapped cohort candidate in retained exact-scope inventories
src-76d5874b2be061ac6e85,idolmaster_side-m,https://imas-sidem.com/character/,OFFICIAL_CHARACTER_ROSTER,761925dc033b685383ee0e2e1f8be1249109b1efe6db834583a58a467554040f,,0,0,0,0,,44,no open mapped cohort candidate in retained exact-scope inventories
src-773e833f022b7f104018,shingeki_no_bahamut,https://danbooru.donmai.us/wiki_pages/shingeki_no_bahamut,ACCEPTED_CURATED_ROSTER,835716c959d2496f1c80cce4e05e8cf2910ef100732d85841be977a68d47ab35,,0,0,0,0,,1,no open mapped cohort candidate in retained exact-scope inventories
src-778d7b07d1f24bd87edd,watashi_no_oshi_wa_akuyaku_reijou,https://danbooru.donmai.us/wiki_pages/watashi_no_oshi_wa_akuyaku_reijou,ACCEPTED_CURATED_ROSTER,c87bb7e3d0efb58cb0c5b068423538b465742e4507924b4250bae6ec2c70576b,,0,0,0,0,,2,no open mapped cohort candidate in retained exact-scope inventories
src-77eda522b8f22e183701,omega_sisters,https://danbooru.donmai.us/wiki_pages/omega_sisters,ACCEPTED_CURATED_ROSTER,580bc23dda73ee64b5762c6748e163d87949b2bfb69cd36d2400660ee925a198,,0,0,0,0,,2,no open mapped cohort candidate in retained exact-scope inventories
src-785f9f2b160f14e1e49f,solo_leveling,https://danbooru.donmai.us/wiki_pages/solo_leveling,ACCEPTED_CURATED_ROSTER,1e90175bf9edbe4252938f68732c3e8cdd95cc1f5cb809670e338036bb8baf7c,,0,0,0,0,,2,no open mapped cohort candidate in retained exact-scope inventories
src-78f02ad90461bfa13ee8,tokyo_ravens,https://danbooru.donmai.us/wiki_pages/tokyo_ravens,ACCEPTED_CURATED_ROSTER,925fa8afa28cfdffa77a7d803e0b576b90a579585d880d603195ff476afabd2d,,0,0,0,0,,1,no open mapped cohort candidate in retained exact-scope inventories
src-793bbc54b7ecbc9a0b9d,read_or_die,https://danbooru.donmai.us/wiki_pages/read_or_die,ACCEPTED_CURATED_ROSTER,9d66f60489d8cb0fe18d603c739362fb1d2f676ef7e254de435f9f7d5dd432e2,,0,0,0,0,,3,no open mapped cohort candidate in retained exact-scope inventories
src-7950f6f7fe1cf1906c6d,acchi_kocchi,https://danbooru.donmai.us/wiki_pages/acchi_kocchi,ACCEPTED_CURATED_ROSTER,579c0249aded7ef4cd80abc3d9807422e3b144f0d13eb438e1cf645118e6cd87,,0,0,0,0,,1,no open mapped cohort candidate in retained exact-scope inventories
src-79e9b15d0b661694e75b,dakara_boku_wa_h_ga_dekinai,https://danbooru.donmai.us/wiki_pages/dakara_boku_wa_h_ga_dekinai,ACCEPTED_CURATED_ROSTER,9b08bd0176953c99ee7e45c29d14dad4ba50340ca33419ee0a4f0c1b5a10c14f,,0,0,0,0,,1,no open mapped cohort candidate in retained exact-scope inventories
src-7a18c92e394ea7005dda,kimi_kiss,https://danbooru.donmai.us/wiki_pages/kimi_kiss,ACCEPTED_CURATED_ROSTER,081c3a9341bed9af5bea73149a311838d1cfb8ac2b0a6eb464f5d8097f5ffd4d,,0,0,0,0,,8,no open mapped cohort candidate in retained exact-scope inventories
src-7a6846c881ce42871950,black_lagoon,https://danbooru.donmai.us/wiki_pages/black_lagoon,ACCEPTED_CURATED_ROSTER,48ee2574b91140911cb7d542c7ffad73cc2ff116964100c2b4c14d4f87ecd6ef,,0,0,0,0,,2,no open mapped cohort candidate in retained exact-scope inventories
src-7afddd3999b140e2d204,final_fantasy_xiii,https://na.finalfantasy.com/titles/finalfantasy13,OFFICIAL_CHARACTER_ROSTER,0cf84aabeb59a4c2bf1181eb7e284ef4803c94d7e4d06fff74ecd92ee9f219e5,SOURCE_MAPPING_CANDIDATES_FINAL_FANTASY_XIII_PORTAL_2026-09-30.csv,0,0,1,7,,7,no open mapped cohort candidate in retained exact-scope inventories
src-7bb17b2a776747f522f3,fate_(series),https://news.fate-go.jp/2020/requiem/,OFFICIAL_CHARACTER_ROSTER,5772137f9a8f34bba0dae22083cd8db9009c05e4f718711e2310fb8db4e7914b,SOURCE_MAPPING_CANDIDATES_FGO_REQUIEM_COLLAB_EVENT_2026-09-30.csv,0,0,0,1,,1,no open mapped cohort candidate in retained exact-scope inventories
src-7beabcdeede69476f657,hollow_knight,https://danbooru.donmai.us/wiki_pages/list_of_hollow_knight_characters,ACCEPTED_CURATED_ROSTER,7f9b567f7b802246c3d5edf7084b0c815e185b779fb944f787840807452a6590,,0,0,0,0,,3,no open mapped cohort candidate in retained exact-scope inventories
src-7c2a0dd81510cf022658,idolmaster,https://funfare.bandainamcoent.co.jp/5113/,FIRST_PARTY_OTHER,c0a06ca38aa1e18b015ce027e0ea4344f10e3087e4204560446be804128c77f5,SOURCE_MAPPING_CANDIDATES_IDOLMASTER_KOTORI_CREATOR_INTERVIEW_2026-09-30.csv,0,0,0,1,,1,no open mapped cohort candidate in retained exact-scope inventories
src-7c8bde0c1ab18c786cd0,hacka_doll,https://danbooru.donmai.us/wiki_pages/hacka_doll,ACCEPTED_CURATED_ROSTER,d9b907139333419244762d20a351a37b8cc09441bfa98d74393b2a80ae342b2b,,0,0,0,0,,3,no open mapped cohort candidate in retained exact-scope inventories
src-7cb7179d99813c5f319a,gundam_seed,https://gundam-official.com/seed/seed/character/,OFFICIAL_CHARACTER_ROSTER,63cfd6870de7278314952b6798091224d10089063d4818124afbfb0d6a290de6,SOURCE_MAPPING_CANDIDATES_GUNDAM_SEED_CHARACTER_DIRECTORY_2026-09-30.csv,0,0,26,12,,12,no open mapped cohort candidate in retained exact-scope inventories
src-7ccde2f26733b17b2e9c,oshi_no_ko,https://danbooru.donmai.us/wiki_pages/oshi_no_ko,ACCEPTED_CURATED_ROSTER,6cec5bcd09bde843093749960a7d396b05ebee7c2f845bea02a8012c7ad9f9be,,0,0,0,0,,8,no open mapped cohort candidate in retained exact-scope inventories
src-7d4d753d11753db3e089,alice_in_wonderland_(disney),https://danbooru.donmai.us/wiki_pages/alice_in_wonderland_(disney),ACCEPTED_CURATED_ROSTER,7948aad3f7038a1344722d6c210978d10f8bda3a059801188f53bfc7208c3627,,0,0,0,0,,1,no open mapped cohort candidate in retained exact-scope inventories
src-7dc687f9b6ffabd033aa,dokidoki!_precure,https://custom.store.toei-anim.co.jp/design/tshirt/c2/t8/?color=1,OFFICIAL_CHARACTER_ROSTER,c94f863de378884b944ecdef3ada7a426e1d9ca9b2eb9ae9d448beb2533a9f52,,0,0,0,0,,1,no open mapped cohort candidate in retained exact-scope inventories
src-7de0934ed02159a34359,catherine_(game),https://danbooru.donmai.us/wiki_pages/catherine_(game),ACCEPTED_CURATED_ROSTER,ce38dea522ade8fcf974ba038fb51dc2276a060d13ef63c52e6a8c07f083d40b,,0,0,0,0,,4,no open mapped cohort candidate in retained exact-scope inventories
src-7df8c2bf0d998d9c7f70,bural_chingu,https://github.com/takasago181/DanbooruTagTool/issues/180,APPROVED_REPO_EVIDENCE,ae66d5e68d245064e32a719e71db6e077c8cbdf8d9b0250c26c783825a56d7b2,,0,0,0,0,,1,no open mapped cohort candidate in retained exact-scope inventories
src-7e3bf5f60fb5391ddeae,star_trek,https://danbooru.donmai.us/wiki_pages/star_trek,ACCEPTED_CURATED_ROSTER,54578973d8937077e6958a8b7978c6f47c62afecf0172fcb263a8412f76e949c,,0,0,0,0,,1,no open mapped cohort candidate in retained exact-scope inventories
src-7ecc3ac7c41af47a0a34,x-men,https://www.marvel.com/teams-and-groups/x-men/in-comics,APPROVED_REPO_EVIDENCE,8136bd74ea3c5baa83f967e2b058a741e48bc43092e7eb605143ef9c7b4dd945,,0,0,0,0,,13,no open mapped cohort candidate in retained exact-scope inventories
src-7f06786dc72839f87fa3,star_gladiator,https://danbooru.donmai.us/wiki_pages/star_gladiator,ACCEPTED_CURATED_ROSTER,9147f0058f1d0564646f246b0c685894b9663a905f20a8256755f4b5df17f490,,0,0,0,0,,1,no open mapped cohort candidate in retained exact-scope inventories
src-7f68f50e28c69794304f,violet_evergarden_(series),https://danbooru.donmai.us/wiki_pages/violet_evergarden_(series),ACCEPTED_CURATED_ROSTER,28dcf030832f56af534b4835255a113a662b45751c5c10e0986e49f7a2a36a9e,,0,0,0,0,,1,no open mapped cohort candidate in retained exact-scope inventories
src-7f787441943c7d30061b,demi-chan_wa_kataritai,https://danbooru.donmai.us/wiki_pages/demi-chan_wa_kataritai,ACCEPTED_CURATED_ROSTER,efaadafc7b9f954070f95a64475a96e0b9092c276012edca4425159930efae28,,0,0,0,0,,4,no open mapped cohort candidate in retained exact-scope inventories
src-7f91ed0e82451d056851,fate/kaleid_liner_prisma_illya,https://anime.prisma-illya.jp/3rei/character/detail.php,OFFICIAL_CHARACTER_PROFILE,afd4587a5f07fb7bcea746276c683e957c6ddba8b63f273eefeb6cc9fc842bbd,SOURCE_MAPPING_CANDIDATES_PRISMA_ILLA_DREI_DIRECTORY_2026-09-30.csv,0,0,17,9,,5,no open mapped cohort candidate in retained exact-scope inventories
src-7f956d80039487d75f7d,bang_dream!,https://anime.bang-dream.com/avemujica/character/umiri/,OFFICIAL_CHARACTER_PROFILE,c751b5cd74fee57ff5ad6895fa596b0d0b77ba04c02c3a9cc8d58f8118fb8e23,,0,0,0,0,,1,no open mapped cohort candidate in retained exact-scope inventories
src-7f96eabc8e26b20d42f8,idolmaster_cinderella_girls,https://cinderellagirls.idolmaster-official.jp/idol/,OFFICIAL_CHARACTER_ROSTER,8313836dbe483243da218bb097a0a129f26751b96d3218ba6105e10b4c9f8fbf,SOURCE_MAPPING_CANDIDATES_CINDERELLA_GIRLS_2026-09-30.csv,0,0,0,190,,186,no open mapped cohort candidate in retained exact-scope inventories
src-7fc3779c7b48b26b9bbe,culture_japan,https://danbooru.donmai.us/wiki_pages/culture_japan,ACCEPTED_CURATED_ROSTER,c54a877a70703d987a090b4f38fe9a7f87ed6a315e7a1ef382a8f2416b0ea5e8,,0,0,0,0,,1,no open mapped cohort candidate in retained exact-scope inventories
src-7ffdd07e0dfa29d9a369,voms,https://danbooru.donmai.us/wiki_pages/voms,ACCEPTED_CURATED_ROSTER,33e925b00f86f2a5df88326b5058dbf10ca34c0da8f355fb9f102426edf06f3a,,0,0,0,0,,5,no open mapped cohort candidate in retained exact-scope inventories
src-802d1827ef7d93efbd38,succubus_stayed_life,https://danbooru.donmai.us/wiki_pages/succubus_stayed_life,ACCEPTED_CURATED_ROSTER,432a4c77f03feee27f544445d781e3464bf441cb015cc344c7a1949baca77666,,0,0,0,0,,1,no open mapped cohort candidate in retained exact-scope inventories
src-80339847923faec0375a,9-nine-,https://danbooru.donmai.us/wiki_pages/9-nine-,ACCEPTED_CURATED_ROSTER,221cfa254d15cdef9c667a8633516e2c72e5f8b7e5d60bc90b49a9ed6cd6ebb6,,0,0,0,0,,6,no open mapped cohort candidate in retained exact-scope inventories
src-8067ab69c3f71dbbcef6,idolmaster,https://millionlive-anime.idolmaster-official.jp/character/,OFFICIAL_CHARACTER_ROSTER,38756e09201d25eca68965b39ce0b98320b9dec5f2ffa5f2ab58e8f20db20680,SOURCE_MAPPING_CANDIDATES_IDOLMASTER_765PRO_STAFF_2026-09-30.csv,0,0,0,5,,3,no open mapped cohort candidate in retained exact-scope inventories
src-8071e26829eeeb58d79b,mitsuboshi_colors,https://danbooru.donmai.us/wiki_pages/mitsuboshi_colors,ACCEPTED_CURATED_ROSTER,7751a57cb8d24138f39dd999dfb3851e45052f0da4dd3624813ff050de7b8b5b,,0,0,0,0,,2,no open mapped cohort candidate in retained exact-scope inventories
src-8086a53c578825d162a7,neon_genesis_evangelion,https://www.evangelion.jp/news/eva_bdboxse/,OFFICIAL_SERIES_DIRECTORY,976236c431619cac1880d47f94d9916a5ec9658a8e1112d29c102683229ab5ee,,0,0,0,0,,1,no open mapped cohort candidate in retained exact-scope inventories
src-80b65cf0eee0e6273f1f,,https://www.square-enix.com/ffvii/en-gb/games/rebirth/characters/,OFFICIAL_GAME_ROSTER,e67ea9f4c3b3e4c79cd48670cc060d78235d5d6d1c0bde2dcaac8a455884c09d,,0,0,0,0,,4,no open mapped cohort candidate in retained exact-scope inventories
src-80e756558b49c9d8b9c2,skullgirls,https://danbooru.donmai.us/wiki_pages/skullgirls,ACCEPTED_CURATED_ROSTER,16b94786feb745d1b0c0b9829a2332cadb1827507eb83faff742176d51132fca,,0,0,0,0,,4,no open mapped cohort candidate in retained exact-scope inventories
src-811f68d596b07cb010bf,nanatsuiro_drops,https://danbooru.donmai.us/wiki_pages/nanatsuiro_drops,ACCEPTED_CURATED_ROSTER,e2468ba8fb01f4af179dc15cb8fcddfc30e2e681f0d0baed4cd9e115cf27fe6a,,0,0,0,0,,3,no open mapped cohort candidate in retained exact-scope inventories
src-814a4e7aa03641effc38,kore_ga_watashi_no_goshujin-sama,https://danbooru.donmai.us/wiki_pages/kore_ga_watashi_no_goshujin-sama,ACCEPTED_CURATED_ROSTER,3b26282ce68404969f68f52086fddd7d6360dca5570deacc362fb7381ba00719,,0,0,0,0,,3,no open mapped cohort candidate in retained exact-scope inventories
src-8159418dcc2df5bea494,helltaker,https://danbooru.donmai.us/wiki_pages/helltaker,ACCEPTED_CURATED_ROSTER,c747ce1ea7a7c404cf56c85b30e7bf2838ba0026a83c4b73415fbc006fb457d1,,0,0,0,0,,1,no open mapped cohort candidate in retained exact-scope inventories
src-816e19a47096740c919d,last_exile,https://danbooru.donmai.us/wiki_pages/last_exile,ACCEPTED_CURATED_ROSTER,a544dc2e6356b7a5d07a24a661ed404a81c52b01fdfc2dddde17c1e9b51300bd,,0,0,0,0,,3,no open mapped cohort candidate in retained exact-scope inventories
src-81afa3363bc2da585df9,dorei_to_no_seikatsu_~teaching_feeling~,https://danbooru.donmai.us/wiki_pages/dorei_to_no_seikatsu_~teaching_feeling~,ACCEPTED_CURATED_ROSTER,d99b72ef3846e813c5bb499bd427f0c2b1c27697065bda8785a0e308e3fc9df1,,0,0,0,0,,1,no open mapped cohort candidate in retained exact-scope inventories
src-81e23f4e1ca0b8f25acf,fuuki_iinchou_seira,https://danbooru.donmai.us/wiki_pages/fuuki_iinchou_seira,ACCEPTED_CURATED_ROSTER,79bc9c8f9baa160e79af557826bed175bf950b1fae30f20fbf2685f1bae7082c,,0,0,0,0,,3,no open mapped cohort candidate in retained exact-scope inventories
src-81f99d6a6212c035c583,binbougami_ga!,https://danbooru.donmai.us/wiki_pages/binbougami_ga!,ACCEPTED_CURATED_ROSTER,d68bfe9eef8fa323e383601dd31a8a6d1c504863f13091add6cfa24ab440090e,,0,0,0,0,,1,no open mapped cohort candidate in retained exact-scope inventories
src-821420ff0cc4d87c4757,mode_aim,https://danbooru.donmai.us/wiki_pages/mode_aim,ACCEPTED_CURATED_ROSTER,3df5379098b1a6fa04007badc302762be9c43f55588ff24de6c10a85a5d1e34c,,0,0,0,0,,2,no open mapped cohort candidate in retained exact-scope inventories
src-823061c073e840535fa8,shaman_king,https://danbooru.donmai.us/wiki_pages/shaman_king,ACCEPTED_CURATED_ROSTER,427c4a0765d5f9eb156fb9e52e79230051779be267ebcac6a8405f713b270c50,,0,0,0,0,,7,no open mapped cohort candidate in retained exact-scope inventories
src-824eb053deb348bc87ac,enjo_kouhai,https://danbooru.donmai.us/wiki_pages/enjo_kouhai,ACCEPTED_CURATED_ROSTER,d3035300f8042e87d556173c4ebf5a35ebe615a46cdfb9bf1d15b62e2aed7318,,0,0,0,0,,5,no open mapped cohort candidate in retained exact-scope inventories
src-82718a27d50a4e1bce3c,touhou,https://safebooru.donmai.us/wiki_pages/list_of_touhou_characters,ACCEPTED_CURATED_ROSTER,addf92082bc0d4c7fe0221785b7fa26ddf9a76829463199d64ea657b3b265c2f,SOURCE_MAPPING_CANDIDATES_TOUHOU_CURATED_TOP500_EXACT_2026-09-30.csv,0,0,0,4,,4,no open mapped cohort candidate in retained exact-scope inventories
src-828b186804b9d3cdb70e,goblin_slayer!,https://danbooru.donmai.us/wiki_pages/goblin_slayer!,ACCEPTED_CURATED_ROSTER,6240077659cf776ac5dfc047f275325841225ee682b0ca5e5bad4d28e00307a0,,0,0,0,0,,1,no open mapped cohort candidate in retained exact-scope inventories
src-829413c0e1f44272bc5a,anpanman,https://danbooru.donmai.us/wiki_pages/anpanman,ACCEPTED_CURATED_ROSTER,c311389bfeb74b50fc56ec6ad0f86e67f3aebc6dca24cb5db94e7bb273db30a4,,0,0,0,0,,1,no open mapped cohort candidate in retained exact-scope inventories
src-830fd3d99bc30cf290bf,joshiraku,https://danbooru.donmai.us/wiki_pages/joshiraku,ACCEPTED_CURATED_ROSTER,2436cedc9d74c3cc5304386bdd31255b60e890ba0838de8e45962c7f89b6e51a,,0,0,0,0,,5,no open mapped cohort candidate in retained exact-scope inventories
src-833143524c2b42374735,poptepipic,https://danbooru.donmai.us/wiki_pages/poptepipic,ACCEPTED_CURATED_ROSTER,366d311d1865a39ef622910a096c285ab95513498eac19d5ac4565762eb83160,,0,0,0,0,,2,no open mapped cohort candidate in retained exact-scope inventories
src-83c7934deebd5867b0da,2.5_jigen_no_ririsa,https://danbooru.donmai.us/wiki_pages/2.5_jigen_no_ririsa,ACCEPTED_CURATED_ROSTER,3c1df832cd59bf12f203bca69d947bdfa524169895bd7a37755327e9090883bd,,0,0,0,0,,2,no open mapped cohort candidate in retained exact-scope inventories
src-8402fe225a7800d2990f,kumatanchi,https://danbooru.donmai.us/wiki_pages/kumatanchi,ACCEPTED_CURATED_ROSTER,c8cf356472a5793c04a5f81c7d55b887b38c2b9566b9b9cbb9dd5dc9bc6ef02e,,0,0,0,0,,1,no open mapped cohort candidate in retained exact-scope inventories
src-840d755ada5ef513406b,kamichu!,https://danbooru.donmai.us/wiki_pages/kamichu!,ACCEPTED_CURATED_ROSTER,db952a67974dd00d5f9a29155a40c2b05b58ba2850817daefaa5c1e5cff0af6a,,0,0,0,0,,3,no open mapped cohort candidate in retained exact-scope inventories
src-848a0144e1745c480938,utau,https://kasaneteto.jp/,OFFICIAL_CHARACTER_PROFILE,db8311a991928f680e2dd20ae6b355626b041e5043631f81b5b6a6a28cf8c33f,,0,0,0,0,,4,no open mapped cohort candidate in retained exact-scope inventories
src-84b6054f3a95192dd08c,wrestle_angels,https://danbooru.donmai.us/wiki_pages/wrestle_angels,ACCEPTED_CURATED_ROSTER,1e428573673b68450eb8014fd9cefd8ed03c804d8b53abe6a42de3a45ee0e56e,,0,0,0,0,,1,no open mapped cohort candidate in retained exact-scope inventories
src-84d8fc1d15f8de0d20b6,a_kite,https://danbooru.donmai.us/wiki_pages/a_kite,ACCEPTED_CURATED_ROSTER,b36e9b34a3b49e36b1af4974248b19fb6497e7851b52a0c2e10d6e77c53ba897,,0,0,0,0,,1,no open mapped cohort candidate in retained exact-scope inventories
src-8533086238bfe3809b9e,heavy_object,https://danbooru.donmai.us/wiki_pages/heavy_object,ACCEPTED_CURATED_ROSTER,a20a333e044f9f19fc59115236a04ca8e57c12c8175f68afcc602f3ff0b863fb,,0,0,0,0,,2,no open mapped cohort candidate in retained exact-scope inventories
src-855ef4ed52b79d59e5ee,sayonara_zetsubou_sensei,https://danbooru.donmai.us/wiki_pages/sayonara_zetsubou_sensei,ACCEPTED_CURATED_ROSTER,f5640941d0a81e427a10b807ca7db4b3000aa58242068e70362648455e726e48,,0,0,0,0,,3,no open mapped cohort candidate in retained exact-scope inventories
src-85645f7a1ead62a7fd36,soredemo_ayumu_wa_yosetekuru,https://danbooru.donmai.us/wiki_pages/soredemo_ayumu_wa_yosetekuru,ACCEPTED_CURATED_ROSTER,cf9a0ea0e04ec6e4cb9a16d192b96644bcad9bf0b29bc57f7968a5b9baf46522,,0,0,0,0,,4,no open mapped cohort candidate in retained exact-scope inventories
src-85ed923d75e15d2b8f5e,,https://gundam-official.com/gquuuuuux/mecha/,OFFICIAL_SERIES_DIRECTORY,9f04503dc26a7dff3749571ed70bef204c3c6460465e22a3a58c38638a449518,SOURCE_MAPPING_CANDIDATES_GUNDAM_GQUUUUUUX_MECHA_DIRECTORY_2026-09-30.csv,0,1,38,7,gelgoog_(gquuuuuux),1,open candidate requires mapping/conflict review
src-86e2a48aee7b546c0080,splatoon_(series),https://splatoon.nintendo.com/en/world/,OFFICIAL_CHARACTER_ROSTER,8de219dbb3b66831a63b7b09ac72538887d02752674fd791b97c3798f4609732,,0,0,0,0,,2,no open mapped cohort candidate in retained exact-scope inventories
src-8845dcefc9c4c6dea02e,fate_(series),https://typemoon.com/game/,APPROVED_REPO_EVIDENCE,08119f30e0816e15080e995f6433dd4e9cae2cb4bda69611d0bbdcbf1bba4791,,0,0,0,0,,5,no open mapped cohort candidate in retained exact-scope inventories
src-888727bde8870db9694a,cave_story,https://danbooru.donmai.us/wiki_pages/cave_story,ACCEPTED_CURATED_ROSTER,4e313582466fa573db4ae0f6de9e2824b00763be4befa33100a2dcbff68bef6c,,0,0,0,0,,2,no open mapped cohort candidate in retained exact-scope inventories
src-88900b23777d6188f7fb,bokutachi_no_remake,https://danbooru.donmai.us/wiki_pages/bokutachi_no_remake,ACCEPTED_CURATED_ROSTER,9bdd93326d93f6619f51b1470cbb3345287c4d5ef5bf4878ff685596117bd0e2,,0,0,0,0,,1,no open mapped cohort candidate in retained exact-scope inventories
src-88fff8a63818bf6d20d6,bokutachi_wa_benkyou_ga_dekinai,https://danbooru.donmai.us/wiki_pages/bokutachi_wa_benkyou_ga_dekinai,ACCEPTED_CURATED_ROSTER,76f1e8df7f0561b9852b4d435ecddcbd068aba0930f49ded2a83273b276f2103,,0,0,0,0,,4,no open mapped cohort candidate in retained exact-scope inventories
src-892ad4e48f6897f886ea,kanojo_x_kanojo_x_kanojo,https://danbooru.donmai.us/wiki_pages/kanojo_x_kanojo_x_kanojo,ACCEPTED_CURATED_ROSTER,061aeba1d02a4d580d5db27904c6233a71bde5fa4d5b80671e10e950676f666c,,0,0,0,0,,4,no open mapped cohort candidate in retained exact-scope inventories
src-8960fb37820688d0e7ac,toaru_majutsu_no_index,https://danbooru.donmai.us/wiki_pages/list_of_toaru_majutsu_no_index_characters,ACCEPTED_CURATED_ROSTER,bd4efc39d6fbc84d55fd4960b17e18bcc6042f7768e4550e2ca6efc6008f6a38,,0,0,0,0,,1,no open mapped cohort candidate in retained exact-scope inventories
src-89aeafbbb546aa901191,h2o_footprints_in_the_sand,https://danbooru.donmai.us/wiki_pages/h2o_footprints_in_the_sand,ACCEPTED_CURATED_ROSTER,41fb777fb5b24cc85f4dc26dc68bdfd870b36a0caeffe41b3eb58f7fdc79776f,,0,0,0,0,,1,no open mapped cohort candidate in retained exact-scope inventories
src-8b07a853227c09579f53,kyoukaisenjou_no_horizon,https://danbooru.donmai.us/wiki_pages/kyoukaisenjou_no_horizon,ACCEPTED_CURATED_ROSTER,47e9f927d776c6b3ee9e28c5729581273ff412b991b94bd8f23c55e1e2c488c2,,0,0,0,0,,5,no open mapped cohort candidate in retained exact-scope inventories
src-8b0aadd837794c4f8b7d,elsword,https://danbooru.donmai.us/wiki_pages/elsword,ACCEPTED_CURATED_ROSTER,c836541164575a46f2de397e001049d068ab64bdfda188d65ab6ca75957dcc38,,0,0,0,0,,7,no open mapped cohort candidate in retained exact-scope inventories
src-8b6cbfed38a9cbdac0a7,watashi_ga_motenai_no_wa_dou_kangaetemo_omaera_ga_warui!,https://danbooru.donmai.us/wiki_pages/watashi_ga_motenai_no_wa_dou_kangaetemo_omaera_ga_warui!,ACCEPTED_CURATED_ROSTER,d10b838f02ff38ff84b196e7b69a18db6fab2ba92c0123a057023ec401045197,,0,0,0,0,,20,no open mapped cohort candidate in retained exact-scope inventories
src-8bf133e1aeeeb2381e85,papa_no_iu_koto_wo_kikinasai!,https://danbooru.donmai.us/wiki_pages/papa_no_iu_koto_wo_kikinasai!,ACCEPTED_CURATED_ROSTER,46b0daa2127adb5fd8f93f3cffd6a656638f2f174e662812e6638358dade6e38,,0,0,0,0,,3,no open mapped cohort candidate in retained exact-scope inventories
src-8c1c4140bcbc5e4a6c6d,resident_evil,https://game.capcom.com/residentevil/en/exfile-2-17.html,OFFICIAL_CHARACTER_PROFILE,6ec5c2fcbdcbc50298a984d368b422e07ecc7d5b0d718c7f31fb59db540c6a19,,0,0,0,0,,1,no open mapped cohort candidate in retained exact-scope inventories
src-8c33028f612aa34a27f1,fate_(series),https://typemoon.com/products/f-sn/character/03/,OFFICIAL_CHARACTER_PROFILE,991e695164a8b270a597d3ac8e9599005d8118f8f4c1b207eea520c4e8a7561f,,0,0,0,0,,1,no open mapped cohort candidate in retained exact-scope inventories
src-8ce835083da8b6e7b294,,https://vocalomakets.com/guidelines,OFFICIAL_CHARACTER_PROFILE,4e39af17ddd0f4c3dd0f8d7655d125569c3b180b2cc5b305f350ac4c24b9ebf1,,0,0,0,0,,1,no open mapped cohort candidate in retained exact-scope inventories
src-8cfb5d11f0295b1c577c,matai_toshi,https://danbooru.donmai.us/wiki_pages/matai_toshi,ACCEPTED_CURATED_ROSTER,ae8bdc5962d52666cc2829a01956d15a7ce8cd5b8cc8711e0804fe0c8f240ddd,,0,0,0,0,,2,no open mapped cohort candidate in retained exact-scope inventories
src-8d53f844018b64757e4b,urusei_yatsura,https://uy-allstars.com/character/,OFFICIAL_CHARACTER_PROFILE,bb4daeab40acf3b6c6da446e171d1c4c16e4d3e2d6a7360dbeb0ce61524dd4f7,,0,0,0,0,,1,no open mapped cohort candidate in retained exact-scope inventories
src-8de292378aae14cf6b9d,nanatsu_no_taizai,https://danbooru.donmai.us/wiki_pages/nanatsu_no_taizai,ACCEPTED_CURATED_ROSTER,1c721741ec9606672710e2c1543cf8234f6ac7eb8e5995237de737131c9bf05d,,0,0,0,0,,3,no open mapped cohort candidate in retained exact-scope inventories
src-8e124c089c761171ce79,library_of_ruina,https://www.arcsystemworks.jp/lor/kr/character.php,OFFICIAL_CHARACTER_ROSTER,cafbbb51e25f1cef21ce2d6280ed6305f0517828875250f0525f9f271bb8d294,,0,0,0,0,,6,no open mapped cohort candidate in retained exact-scope inventories
src-8e1a4c17cfd8137014be,fate_(series),https://safebooru.donmai.us/wiki_pages/list_of_fate_series_characters,ACCEPTED_CURATED_ROSTER,08fe63db21e1ea7074e4e1c17e86d425c6656495106af93af682baee8a684228,SOURCE_MAPPING_CANDIDATES_FATE_MEMBERSHIP_2026-09-30.csv|SOURCE_MAPPING_CANDIDATES_FATE_MEMBERSHIP_INPUTS_2026-09-30.csv,0,0,0,15,,15,no open mapped cohort candidate in retained exact-scope inventories
src-8e2d19fbeff31f1806b7,osomatsu-san,https://danbooru.donmai.us/wiki_pages/osomatsu-san,ACCEPTED_CURATED_ROSTER,8ecb0e6e2557dd748ee963fd125ae52dcc4ba86384e738e322bd194f425dedc1,,0,0,0,0,,4,no open mapped cohort candidate in retained exact-scope inventories
src-8e48f0e75a3cbf358adb,mad_father,https://danbooru.donmai.us/wiki_pages/mad_father,ACCEPTED_CURATED_ROSTER,82aa054344fc02e3f817ca1fd5f3b95f4d55bbfac4b3dc6490fb3d060f886835,,0,0,0,0,,1,no open mapped cohort candidate in retained exact-scope inventories
src-8e5ccf3606f994c2b750,pokemon,https://github.com/takasago181/DanbooruTagTool/issues/180,APPROVED_REPO_EVIDENCE,2946b69edbd25646cc13565b45b144212a1c0dde301e5145ded35766bf0139bd,,0,0,0,0,,1,no open mapped cohort candidate in retained exact-scope inventories
src-8e65006f9413f622ba96,riddle_joker,https://danbooru.donmai.us/wiki_pages/riddle_joker,ACCEPTED_CURATED_ROSTER,21b8230e596a6ba66458284f9c393ee751e45c426b80bf2030dd64cd7e6ebd36,,0,0,0,0,,1,no open mapped cohort candidate in retained exact-scope inventories
src-8e82e77934c18c63eaa1,initial_d,https://danbooru.donmai.us/wiki_pages/initial_d,ACCEPTED_CURATED_ROSTER,3a783065de6bc0ffbd9c274b7708de73649473685fefe6f8e3d45854ddb40d99,,0,0,0,0,,3,no open mapped cohort candidate in retained exact-scope inventories
src-8eaa5ffce98823b2fd87,houkago_no_pleiades,https://danbooru.donmai.us/wiki_pages/houkago_no_pleiades,ACCEPTED_CURATED_ROSTER,8f2f5e26e75e6ab55e1738e8347adc100b77c41c272baac9e1c078625ff1cb2c,,0,0,0,0,,1,no open mapped cohort candidate in retained exact-scope inventories
src-8eb9e0aee8ff00f01d82,dracu-riot!,https://danbooru.donmai.us/wiki_pages/dracu-riot!,ACCEPTED_CURATED_ROSTER,649f343383b2f1f2014d94d2cbfab585147bf564c03af17fada975345ff632b4,,0,0,0,0,,2,no open mapped cohort candidate in retained exact-scope inventories
src-8ef0a517665882d67c71,kaichou_wa_maid-sama!,https://danbooru.donmai.us/wiki_pages/kaichou_wa_maid-sama!,ACCEPTED_CURATED_ROSTER,a7e0d5b6687c206442b41ad09e984f71db246184c70b743575a67c2373b0e2e3,,0,0,0,0,,1,no open mapped cohort candidate in retained exact-scope inventories
src-8ffcc8463a5046e5d79b,utau,https://kasaneteto.jp/about/,OFFICIAL_CHARACTER_PROFILE,c03828071bf2c1e752dc1093971e8567d2238a4ef7d1321d3bbe89c995209cda,,0,0,0,0,,1,no open mapped cohort candidate in retained exact-scope inventories
src-90c0d9a4347589e7c0ea,ace_attorney,https://danbooru.donmai.us/wiki_pages/list_of_ace_attorney_characters,ACCEPTED_CURATED_ROSTER,cef5307d311a918640e5ee6d843b8fafcc80b3983fc52fe394dfaf86e12f9799,,0,0,0,0,,17,no open mapped cohort candidate in retained exact-scope inventories
src-90c2c4d50430bfc15a2f,wonder_egg_priority,https://danbooru.donmai.us/wiki_pages/wonder_egg_priority,ACCEPTED_CURATED_ROSTER,af2e71d2e9ecf6fa3694c2546759a4f64d78c895229ad1110c75d989e59700ba,,0,0,0,0,,3,no open mapped cohort candidate in retained exact-scope inventories
src-91460bc147d26b91df5e,waku_waku_7,https://danbooru.donmai.us/wiki_pages/waku_waku_7,ACCEPTED_CURATED_ROSTER,ef47b8b20825f00ab0a24c15360986b7257893f0939e523a14373e4128956a17,,0,0,0,0,,1,no open mapped cohort candidate in retained exact-scope inventories
src-918d3dc580efbdeb944d,sora_no_method,https://danbooru.donmai.us/wiki_pages/sora_no_method,ACCEPTED_CURATED_ROSTER,ccf8ce555b298d95385b0bf86a52dd739f8a5f991ef2024117cc3990affd123b,,0,0,0,0,,1,no open mapped cohort candidate in retained exact-scope inventories
src-91d2c60791bab83e3d9a,kurogane_no_linebarrel,https://danbooru.donmai.us/wiki_pages/kurogane_no_linebarrel,ACCEPTED_CURATED_ROSTER,9371a780ba8f80ade9331ee9a2bacf99ba05586c31e1680c9394879a0f205589,,0,0,0,0,,1,no open mapped cohort candidate in retained exact-scope inventories
src-9226565e30c88ccc83f0,lovely_x_cation_2,https://danbooru.donmai.us/wiki_pages/lovely_x_cation_2,ACCEPTED_CURATED_ROSTER,ec96a5e560e332fdf38f3d2c2ca3274ca3edd63b36727d8eda57026e161b0262,,0,0,0,0,,2,no open mapped cohort candidate in retained exact-scope inventories
src-927055a30333f839f608,kimi_to_idol_precure,https://custom.store.toei-anim.co.jp/design/tshirt/c2/t8/?color=1,OFFICIAL_CHARACTER_ROSTER,b1bb2f6f60af323d5663e69e8a1c77c5f5f8b4ff4dde8ac8c3bc64ea06a364b8,,0,0,0,0,,4,no open mapped cohort candidate in retained exact-scope inventories
src-92a53d449de471a9945d,krt_girls,https://danbooru.donmai.us/wiki_pages/krt_girls,ACCEPTED_CURATED_ROSTER,ed4f099a30073defffa5b3f172ade58c3a21dcf2577cad83db1d63a7ca84f4db,,0,0,0,0,,1,no open mapped cohort candidate in retained exact-scope inventories
src-933e23051b8791f37ab5,full_metal_panic!,https://danbooru.donmai.us/wiki_pages/full_metal_panic!,ACCEPTED_CURATED_ROSTER,42a6a7f31b490d5835f2f5cb1db3d571457efb67c59d06da84ea530d74185710,,0,0,0,0,,4,no open mapped cohort candidate in retained exact-scope inventories
src-94e8cd7608c2aa5109d1,buta_koushaku,https://danbooru.donmai.us/wiki_pages/buta_koushaku,ACCEPTED_CURATED_ROSTER,9342f96ff8124f5cd99730f24adf002e12df89bd48ce7bbec6442aab10f73e7d,,0,0,0,0,,2,no open mapped cohort candidate in retained exact-scope inventories
src-95eea5e1d62cf3e0a25a,persona,https://www.p4a.jp/chara/chara08.html,OFFICIAL_CHARACTER_PROFILE,4e8100cd2fd50c183fc27fd1fadf3d40ebcf848967718c003d60eef65bf21954,,0,0,0,0,,1,no open mapped cohort candidate in retained exact-scope inventories
src-9618def3ac7c49fce10d,wreck-it_ralph,https://danbooru.donmai.us/wiki_pages/wreck-it_ralph,ACCEPTED_CURATED_ROSTER,89be7863976db82a15554df06f482610d3193668d9ed0157b6d68c81f7bab01d,,0,0,0,0,,2,no open mapped cohort candidate in retained exact-scope inventories
src-968f1e80c469bc52f15f,blade_&_soul,https://danbooru.donmai.us/wiki_pages/blade_%26_soul,ACCEPTED_CURATED_ROSTER,3114770417e39f87e4f1556b57e23be62dbd2e0b3b4d870567cf381a476606f1,,0,0,0,0,,1,no open mapped cohort candidate in retained exact-scope inventories
src-97accafa01e98a0a5d97,mahou_tsukai_no_hako,https://danbooru.donmai.us/wiki_pages/mahou_tsukai_no_hako,ACCEPTED_CURATED_ROSTER,964da690fa1343fe5d8fb8c069c4c29f79f10a4cd3dcbf520b4bc0c8d2b0070d,,0,0,0,0,,2,no open mapped cohort candidate in retained exact-scope inventories
src-9811049f6380336dfe68,jinki,https://danbooru.donmai.us/wiki_pages/jinki,ACCEPTED_CURATED_ROSTER,676b9fde9492d38493fa8fcf726eeb3e2f9391878b59e1506f8b8d1558257de2,,0,0,0,0,,2,no open mapped cohort candidate in retained exact-scope inventories
src-98c63a6b4eb38ca33b23,binan_koukou_chikyuu_bouei-bu_love!,https://danbooru.donmai.us/wiki_pages/binan_koukou_chikyuu_bouei-bu_love!,ACCEPTED_CURATED_ROSTER,17a728387f5eff46b56c0e5e8e2344e6b1897c86a0d876c2428b3ce36dcefeb2,,0,0,0,0,,1,no open mapped cohort candidate in retained exact-scope inventories
src-98eb2556ecd4987f48b3,card-en-ciel,https://danbooru.donmai.us/wiki_pages/card-en-ciel,ACCEPTED_CURATED_ROSTER,4a1253c8c16df1837d2fb09c7d41edb4723d1ae4fd59d76a02a5e7d915cc7d44,,0,0,0,0,,1,no open mapped cohort candidate in retained exact-scope inventories
src-991def2181a6ad42cf31,anne_of_green_gables,https://danbooru.donmai.us/wiki_pages/anne_of_green_gables,ACCEPTED_CURATED_ROSTER,a4b9a2f87f41c102a70d264885c5e549c7c497a218b185d93c6c84570b94e363,,0,0,0,0,,1,no open mapped cohort candidate in retained exact-scope inventories
src-992bd04d3311040560ef,mahou_shoujo_madoka_magica,https://danbooru.donmai.us/wiki_pages/list_of_mahou_shoujo_madoka_magica_characters,ACCEPTED_CURATED_ROSTER,650f2e0a1cba4f42a03944411041164eb74a8ee7de10c9a0b97fe8e06ebd2c6c,,0,0,0,0,,39,no open mapped cohort candidate in retained exact-scope inventories
src-994da06f558cb242d4e5,fate_(series),https://www.fate-sn.com/story-chara/?page=chara,OFFICIAL_CHARACTER_ROSTER,92889f2b55f649b984febfe6d437fda517becabec723f60d30ddd5cc03f49419,,0,0,0,0,,1,no open mapped cohort candidate in retained exact-scope inventories
src-99613789245f4e669135,mon-musu_quest!,https://danbooru.donmai.us/wiki_pages/mon-musu_quest!,ACCEPTED_CURATED_ROSTER,45a584dd9d1549bb9b2b9e6dd6b30fdd40399a4be05d9696668cbdd5bfdee18a,,0,0,0,0,,5,no open mapped cohort candidate in retained exact-scope inventories
src-99b028312602894ca4cd,black_bullet,https://danbooru.donmai.us/wiki_pages/black_bullet,ACCEPTED_CURATED_ROSTER,67ef6a9747d3a27407131de481c113a4b0bd2f60333657d0791ea2de9c72037d,,0,0,0,0,,3,no open mapped cohort candidate in retained exact-scope inventories
src-9a2a7e98ed4c02442455,nyan_koi!,https://danbooru.donmai.us/wiki_pages/nyan_koi!,ACCEPTED_CURATED_ROSTER,58c87c651601e58e79d86bbe3f7222987951f8e773f01245f7c2bcf47101016d,,0,0,0,0,,2,no open mapped cohort candidate in retained exact-scope inventories
src-9a48fa3b4e4263a58d26,yahari_ore_no_seishun_lovecome_wa_machigatteiru.,https://danbooru.donmai.us/wiki_pages/yahari_ore_no_seishun_lovecome_wa_machigatteiru.,ACCEPTED_CURATED_ROSTER,ef37edbe85f2df0b6e672b7a6a98c93c1cf9cd8974a10c916487d4ab995bdfad,,0,0,0,0,,9,no open mapped cohort candidate in retained exact-scope inventories
src-9aa52237628bf1c79079,noa-senpai_wa_tomodachi.,https://danbooru.donmai.us/wiki_pages/noa-senpai_wa_tomodachi.,ACCEPTED_CURATED_ROSTER,40a96a68c528dbcac89cb34ef5099c33dbcea564073edea031bf3be7382417c4,,0,0,0,0,,2,no open mapped cohort candidate in retained exact-scope inventories
src-9aba6c9c721955b6215d,comic_girls,https://danbooru.donmai.us/wiki_pages/comic_girls,ACCEPTED_CURATED_ROSTER,db8090c138f1b0f76e3ec9ef7ff059ddd7736b70c31e819dd77405428ef5c998,,0,0,0,0,,2,no open mapped cohort candidate in retained exact-scope inventories
src-9c084593cbaa27af35e6,vocaloid,https://www.gynoid.co.jp/news/view/6/,OFFICIAL_CHARACTER_PROFILE,0a87042af772ba8fc13660ec168a7cb3649c263e24dc972b3ed49d2b2a171cb8,,0,0,0,0,,1,no open mapped cohort candidate in retained exact-scope inventories
src-9c231ff0fa1c07752322,touhou,https://safebooru.donmai.us/wiki_pages/list_of_touhou_characters,ACCEPTED_CURATED_ROSTER,ab7ad080f9872b9f6a108b002f4bd13401b3e0f5cf7f2663ff635bf9155ce2ba,SOURCE_MAPPING_CANDIDATES_TOUHOU_CURATED_CHEN_2026-09-30.csv,0,0,0,1,,1,no open mapped cohort candidate in retained exact-scope inventories
src-9cde13ef5098b5e4cbd5,minami-ke,https://danbooru.donmai.us/wiki_pages/minami-ke,ACCEPTED_CURATED_ROSTER,f962ab77259603329165d91c01bb263542991d5b51cd98dd4240fa8720ccfd48,,0,0,0,0,,1,no open mapped cohort candidate in retained exact-scope inventories
src-9cf366d318b7ec2fe2ed,,https://anime.prisma-illya.jp/3rei/character/detail.php,OFFICIAL_CHARACTER_ROSTER,090a9fbf2b61a112c88f3e32395a7df5bffd12a23e93f62e5c09e00af1926bb8,,0,0,0,0,,0,no open mapped cohort candidate in retained exact-scope inventories
src-9d04a3d0a3a13f46b113,end_of_eternity,https://danbooru.donmai.us/wiki_pages/end_of_eternity,ACCEPTED_CURATED_ROSTER,6550f2e3b8ed32e1847ac14ffb458033175741fccc20cd638be215d01d9f163c,,0,0,0,0,,1,no open mapped cohort candidate in retained exact-scope inventories
src-9d0937fcf2b7152dc184,marriagetoxin,https://danbooru.donmai.us/wiki_pages/marriagetoxin,ACCEPTED_CURATED_ROSTER,d657d01f9b0b4f78ba7438eb6997d18e94c7572f46b7d38919d17bd8d2215f97,,0,0,0,0,,2,no open mapped cohort candidate in retained exact-scope inventories
src-9d91f3f504138db4cc7a,vrchat,https://danbooru.donmai.us/wiki_pages/vrchat,ACCEPTED_CURATED_ROSTER,31ea83663e31795836250741b6273f3d8976a71ba6e4d50196943e86e18f9a5e,,0,0,0,0,,10,no open mapped cohort candidate in retained exact-scope inventories
src-9d9e360b9d63e01ccd8d,mushoku_tensei,https://danbooru.donmai.us/wiki_pages/mushoku_tensei,ACCEPTED_CURATED_ROSTER,7735ff893c7408b176f4667ed3cfb239b942f7ead933f3b62de96b33cc39852f,,0,0,0,0,,1,no open mapped cohort candidate in retained exact-scope inventories
src-9dcd73679e71fade99bc,outlaw_star,https://danbooru.donmai.us/wiki_pages/outlaw_star,ACCEPTED_CURATED_ROSTER,ed11a223e09c3048bbd34bea57fff3e9db0d0ea0bd490091bfe796199c7d57e5,,0,0,0,0,,1,no open mapped cohort candidate in retained exact-scope inventories
src-9e30f164601ea089c06a,shijou_saikyou_no_deshi_ken'ichi,https://danbooru.donmai.us/wiki_pages/shijou_saikyou_no_deshi_ken%27ichi,ACCEPTED_CURATED_ROSTER,b5d098a9221548a7f20d0724431e9fa63087980da3defb3a74ef649770a58af4,,0,0,0,0,,3,no open mapped cohort candidate in retained exact-scope inventories
src-9e34df809ceec5b2e850,mono_(afro),https://danbooru.donmai.us/wiki_pages/mono_(afro),ACCEPTED_CURATED_ROSTER,291c7476d418d4cbe6ea38885ee7e54d87a579c7401a3b05af2f5037b537c206,,0,0,0,0,,4,no open mapped cohort candidate in retained exact-scope inventories
src-9e930be06b83c7b7135b,transformers,https://newsroom.hasbro.com/news-releases/news-release-details/40-years-one-legacy-hasbro-celebrates-transformers-40th,APPROVED_REPO_EVIDENCE,9a54a200d66782b3f0c65e3aeec42ff32cda81ee44a89d2bebc4e4abfc6a8092,,0,0,0,0,,14,no open mapped cohort candidate in retained exact-scope inventories
src-9efc0c172967d68a129f,kami-sama_no_memo-chou,https://danbooru.donmai.us/wiki_pages/kami-sama_no_memo-chou,ACCEPTED_CURATED_ROSTER,6225b75a256696ce2cd01af40a00f157b4a493b0af50487d53a5cffb91932745,,0,0,0,0,,1,no open mapped cohort candidate in retained exact-scope inventories
src-9f659719889ea75e3275,kirby_(series),https://danbooru.donmai.us/wiki_pages/kirby_(series),ACCEPTED_CURATED_ROSTER,cd8dbaeff0569c405ec4a07b488169948c342d1d959ee337c222b74b3027496c,,0,0,0,0,,6,no open mapped cohort candidate in retained exact-scope inventories
src-9fe9e5a5b32fc5cfc6b3,starcraft,https://danbooru.donmai.us/wiki_pages/starcraft,ACCEPTED_CURATED_ROSTER,a0fccc4a6b5abfc6270e4935cc949023775af80c158b594c79bc5c45e5346342,,0,0,0,0,,1,no open mapped cohort candidate in retained exact-scope inventories
src-a0aa74f763b6d4c8db04,gundam_08th_ms_team,https://gundam-official.com/series/08th-ms-team,OFFICIAL_CHARACTER_ROSTER,feb7599b5eeac4eb3bce56a9bc9bddd61c111a5f0b8346c526f42bd0dab82c53,,0,0,0,0,,4,no open mapped cohort candidate in retained exact-scope inventories
src-a0bb665dc72f1cdf07ba,hirogaru_sky!_precure,https://www.toei-anim.co.jp/tv/hirogaru-sky_precure/info/,OFFICIAL_CHARACTER_ROSTER,d0da4e62c129debadea150a65ead2c2e8f3da676da1bdd325dae7e15892278fd,SOURCE_MAPPING_CANDIDATES_HIROGARU_SKY_PRECURE_MAIN_CAST_2026-09-30.csv,0,0,1,4,,3,no open mapped cohort candidate in retained exact-scope inventories
src-a0ff5a2fe18673bd291d,clover_point,https://danbooru.donmai.us/wiki_pages/clover_point,ACCEPTED_CURATED_ROSTER,212a93e3d3ab92eab3d92ab8dcd97ef808bb263d2a867b16ab34d4be398f7072,,0,0,0,0,,1,no open mapped cohort candidate in retained exact-scope inventories
src-a17d3194714f5818ec16,yami_to_boushi_to_hon_no_tabibito,https://danbooru.donmai.us/wiki_pages/yami_to_boushi_to_hon_no_tabibito,ACCEPTED_CURATED_ROSTER,7009842f7e92ec72e20057d358d82a393af13b3c952cf70103a1a23184844bb7,,0,0,0,0,,3,no open mapped cohort candidate in retained exact-scope inventories
src-a1936d28f2455f28f19e,rakuen_tsuihou,https://danbooru.donmai.us/wiki_pages/rakuen_tsuihou,ACCEPTED_CURATED_ROSTER,c93b73d0693a7fba875c96018a1abcb113409d048dd081db540b680f111edd2f,,0,0,0,0,,1,no open mapped cohort candidate in retained exact-scope inventories
src-a1df92fa9c769f5f4c48,precure,https://www.bandai.co.jp/character/precure.php,APPROVED_REPO_EVIDENCE,a97966dd84a98ee9d446e4e63ace4499151aad6a2d01aad5e8a7f0e12af8b39b,,0,0,0,0,,41,no open mapped cohort candidate in retained exact-scope inventories
src-a210578e4ec2af4cc262,sakura_quest,https://danbooru.donmai.us/wiki_pages/sakura_quest,ACCEPTED_CURATED_ROSTER,108d5ca0a28f22c5e7add8ec4b4a3198aaca0b34969549c2d91b31828d7badeb,,0,0,0,0,,2,no open mapped cohort candidate in retained exact-scope inventories
src-a21ff09f29ac364e1dbc,kaiten_muten-maru,https://danbooru.donmai.us/wiki_pages/kaiten_muten-maru,ACCEPTED_CURATED_ROSTER,3b7798ae2f15a3c00799b002734a5f5f4924f6c1766173ffcc232c24fd3e3360,,0,0,0,0,,1,no open mapped cohort candidate in retained exact-scope inventories
src-a23a792fea3a2981c7f9,rwby,https://danbooru.donmai.us/wiki_pages/rwby,ACCEPTED_CURATED_ROSTER,7ac91948cc0867c34ce0d6af2e7c3017851180c83a00c0efdd1e0e6eb5e469eb,,0,0,0,0,,1,no open mapped cohort candidate in retained exact-scope inventories
src-a260aac8aed44dcd3475,comic_aun,https://danbooru.donmai.us/wiki_pages/comic_aun,ACCEPTED_CURATED_ROSTER,81db245494896a548b4a580e99ed7878608c7c4f0874f7ece76bc14306c6b188,,0,0,0,0,,1,no open mapped cohort candidate in retained exact-scope inventories
src-a2662704005b3c0deeb8,monobeno,https://danbooru.donmai.us/wiki_pages/monobeno,ACCEPTED_CURATED_ROSTER,6d13ff37fe4df9c61405fa08099ebbc5f106356858e344ac207717b8264d891e,,0,0,0,0,,2,no open mapped cohort candidate in retained exact-scope inventories
src-a2a18a3ea681b8fb9267,shuffle!,https://danbooru.donmai.us/wiki_pages/shuffle!,ACCEPTED_CURATED_ROSTER,b101da9ff9914803014f858525a1925ea298a8627414721ece212a24ad608b1e,,0,0,0,0,,6,no open mapped cohort candidate in retained exact-scope inventories
src-a2de53cf1bcee1a829be,kininatteru_hito_ga_otoko_ja_nakatta,https://danbooru.donmai.us/wiki_pages/kininatteru_hito_ga_otoko_ja_nakatta,ACCEPTED_CURATED_ROSTER,2d4a76d23ef7a1c763f99b2bddf50411568842a300ace492d17a90292fa6cc4e,,0,0,0,0,,1,no open mapped cohort candidate in retained exact-scope inventories
src-a3224107c2fb74b95e7c,capcom_fighting_jam,https://danbooru.donmai.us/wiki_pages/capcom_fighting_jam,ACCEPTED_CURATED_ROSTER,8fa093dda17372c208f4e253f79f774159400f16deb1a74c9dfd7796b71f46f2,,0,0,0,0,,1,no open mapped cohort candidate in retained exact-scope inventories
src-a372a0117bf7df1c4f20,osu!_tatakae!_ouendan,https://danbooru.donmai.us/wiki_pages/osu!_tatakae!_ouendan,ACCEPTED_CURATED_ROSTER,f8c7423e98cb65ac32e64c8b80f6ff04f22ca63ee1dd757ca33ac606c644b5f1,,0,0,0,0,,1,no open mapped cohort candidate in retained exact-scope inventories
src-a3a5911bd5667bba9768,samurai_champloo,https://danbooru.donmai.us/wiki_pages/samurai_champloo,ACCEPTED_CURATED_ROSTER,2a1bd0607b2560f8b6c202ef9fab2f2bf75e23a6f515aba1545315b999fada9e,,0,0,0,0,,1,no open mapped cohort candidate in retained exact-scope inventories
src-a3b1e69e0dad65672ab8,ico,https://danbooru.donmai.us/wiki_pages/ico,ACCEPTED_CURATED_ROSTER,2841167b82aefcfe2e2df19030c60d8ffbf22981436751eeac9925cb5fe89e15,,0,0,0,0,,2,no open mapped cohort candidate in retained exact-scope inventories
src-a4078f8c6b4a941e29fb,pragmata,https://danbooru.donmai.us/wiki_pages/pragmata,ACCEPTED_CURATED_ROSTER,f10c9d3f3d12837c516c132de8976455dca03a3d10c0d3274ec48faa1d1b2384,,0,0,0,0,,1,no open mapped cohort candidate in retained exact-scope inventories
src-a4488443403d6501f68e,senpai_wa_otokonoko,https://danbooru.donmai.us/wiki_pages/senpai_wa_otokonoko,ACCEPTED_CURATED_ROSTER,9702a4627bde1d5a6d28d61e38b96d572c4da4e85075a074d201e25c696e341d,,0,0,0,0,,1,no open mapped cohort candidate in retained exact-scope inventories
src-a4942533eff10f40a4a5,dandadan,https://danbooru.donmai.us/wiki_pages/dandadan,ACCEPTED_CURATED_ROSTER,23c3732d98bb81c4c23f82a211d5169aed3d1dab0c2cc23df48d32ef2c0be2c4,,0,0,0,0,,5,no open mapped cohort candidate in retained exact-scope inventories
src-a4c19f5f15cedf04c542,flcl,https://danbooru.donmai.us/wiki_pages/flcl,ACCEPTED_CURATED_ROSTER,122c2ee3e390437508daee3854600d5ad6ddf8d5351fc8cc6abb9e0c1d86841f,,0,0,0,0,,4,no open mapped cohort candidate in retained exact-scope inventories
src-a4e22ce3a4cc7602e999,strike_witches_(lionheart_witch),https://danbooru.donmai.us/wiki_pages/strike_witches_(lionheart_witch),ACCEPTED_CURATED_ROSTER,910ae54a4d3f31c485c9174de00e45fd64540bd8c1232f8cc55a3458cbe6cbcd,,0,0,0,0,,1,no open mapped cohort candidate in retained exact-scope inventories
src-a5611fa27010d35f5c43,vocaloid,https://safebooru.donmai.us/wiki_pages/list_of_vocaloid_characters,ACCEPTED_CURATED_ROSTER,a6e23a578cce35c99f37553bdf12c5a1476318902e3d19788504c5a1892a9341,SOURCE_MAPPING_CANDIDATES_VOCALOID_CURATED_PRODUCT_LIST_2026-09-30.csv,0,8,52,58,aya_(project_moon)|bianca_(pokemon_heroes)|chris_(ginseng)|kanon-chan_(amaming)|meiko_(inuarashi)|ruby_(jewelpet)|shion_(peach88)|uni_(neptunia)|yae_sakura_(goushinnso_memento),33,open candidate requires mapping/conflict review
src-a5674c64fe8d9a7e4087,super_cub,https://danbooru.donmai.us/wiki_pages/super_cub,ACCEPTED_CURATED_ROSTER,bd706f394bcdc61da73076c773825af3092e1bc557accf0e45949679ec04b3b4,,0,0,0,0,,1,no open mapped cohort candidate in retained exact-scope inventories
src-a5a32a89cade2be93319,keiou_yuugekitai,https://danbooru.donmai.us/wiki_pages/keiou_yuugekitai,ACCEPTED_CURATED_ROSTER,2b3d6d1f48678ad772c20981f0997f4d558a12889006fdc6ba6655dadc17c123,,0,0,0,0,,1,no open mapped cohort candidate in retained exact-scope inventories
src-a5b35fbd74ae1c99af07,sayonara_lara,https://danbooru.donmai.us/wiki_pages/sayonara_lara,ACCEPTED_CURATED_ROSTER,00777e60ba040de22289191ee4e592e5804201977b54ee3c7e5107766d1cb454,,0,0,0,0,,1,no open mapped cohort candidate in retained exact-scope inventories
src-a6059f90d278f37ba25e,inuyasha,https://danbooru.donmai.us/wiki_pages/inuyasha,ACCEPTED_CURATED_ROSTER,8468763bb054fcd849de1f4575a415d9a87789291c6865e6ff41468c3e151dfd,,0,0,0,0,,2,no open mapped cohort candidate in retained exact-scope inventories
src-a616278f04f15bcc0a8f,muteki_kanban_musume,https://danbooru.donmai.us/wiki_pages/muteki_kanban_musume,ACCEPTED_CURATED_ROSTER,a643d7d3eb6b9a75b7969f5574d61ad865c39f16ece6d18e224ae8e90d497ed1,,0,0,0,0,,1,no open mapped cohort candidate in retained exact-scope inventories
src-a68c4da8380c6939807b,munou_na_nana,https://danbooru.donmai.us/wiki_pages/munou_na_nana,ACCEPTED_CURATED_ROSTER,af0ce0c4b702a8150337b1dd0d279880c49a1c075b2bf72d0bcf8b08491d215c,,0,0,0,0,,1,no open mapped cohort candidate in retained exact-scope inventories
src-a6ab3d49c82c7539e783,napoli_no_otokotachi,https://danbooru.donmai.us/wiki_pages/napoli_no_otokotachi,ACCEPTED_CURATED_ROSTER,0de95193504b166fa696084149d3dbe60d3e3332f12bf190f9693be8160f39d6,,0,0,0,0,,1,no open mapped cohort candidate in retained exact-scope inventories
src-a6b46803d51178bc1af6,lonely_girl_ni_sakaraenai,https://danbooru.donmai.us/wiki_pages/lonely_girl_ni_sakaraenai,ACCEPTED_CURATED_ROSTER,6ec639e91c35ca82f10855eeee131f6b7ead910f21c870d16d45114bc45cce02,,0,0,0,0,,1,no open mapped cohort candidate in retained exact-scope inventories
src-a7443feeaf0155ffc0bf,ruridragon,https://danbooru.donmai.us/wiki_pages/ruridragon,ACCEPTED_CURATED_ROSTER,2dc0c4feaffabf64dfcecef3bcf033114310ec2d61f2ca773c6b4c0261905a2d,,0,0,0,0,,1,no open mapped cohort candidate in retained exact-scope inventories
src-a75bcd301f9e6ccef4a1,,https://www3.ssw.co.jp/en/products.asp?sno=68,OFFICIAL_CHARACTER_PROFILE,5939054fbf616ddb331e56a125b1e75bddd72e51999cc5c156e268048fe3a896,,0,0,0,0,,1,no open mapped cohort candidate in retained exact-scope inventories
src-a7b1e7581c1323749750,marvel,https://www.marvel.com/characters?nav=1,APPROVED_REPO_EVIDENCE,f04967beb674498a199658008548e17d4575bd10cb1f725c6c72bc26aac03f46,,0,0,0,0,,1,no open mapped cohort candidate in retained exact-scope inventories
src-a7b463cbedf1adaddea3,kao_no_nai_tsuki,https://danbooru.donmai.us/wiki_pages/kao_no_nai_tsuki,ACCEPTED_CURATED_ROSTER,e2b448f2932f704059f7f2d0be5b8b0280edceaab80414aff9010a6c09d8916a,,0,0,0,0,,1,no open mapped cohort candidate in retained exact-scope inventories
src-a7f282bf3b0c4a03a6bf,ninja_slayer,https://danbooru.donmai.us/wiki_pages/ninja_slayer,ACCEPTED_CURATED_ROSTER,8683347f0746f1078b08a7ea4bd63a57b879f70dd031a53c1129c2198e258d9d,,0,0,0,0,,4,no open mapped cohort candidate in retained exact-scope inventories
src-a860e9a63a72ab409704,high_score_girl,https://danbooru.donmai.us/wiki_pages/high_score_girl,ACCEPTED_CURATED_ROSTER,93ca4339bdd7fa3d944b6648e411c20284d7de22adeffe548c33350f08d2a013,,0,0,0,0,,2,no open mapped cohort candidate in retained exact-scope inventories
src-a8b14459398269f5d40f,kagerou_project,https://danbooru.donmai.us/wiki_pages/kagerou_project,ACCEPTED_CURATED_ROSTER,84393c4a7ff6a6307f71827e6d4e5c77fb4004e58916ddcfd6a7407b7ed3f898,,0,0,0,0,,6,no open mapped cohort candidate in retained exact-scope inventories
src-a8c76596540525585814,the_princess_and_the_frog_(disney),https://danbooru.donmai.us/wiki_pages/the_princess_and_the_frog_(disney),ACCEPTED_CURATED_ROSTER,29e66479df2a4712992c17de368b6d1ad78061281c59bf730818888e82b3d369,,0,0,0,0,,1,no open mapped cohort candidate in retained exact-scope inventories
src-a915b49695cb9b1f1ce1,apex_legends,https://danbooru.donmai.us/wiki_pages/apex_legends,ACCEPTED_CURATED_ROSTER,c39f46dfd0699218526d8b8d849a810897c350576498a4bf0a5605189f8b190f,,0,0,0,0,,1,no open mapped cohort candidate in retained exact-scope inventories
src-a994d239190aae7b34b7,ojisan_to_marshmallow,https://danbooru.donmai.us/wiki_pages/ojisan_to_marshmallow,ACCEPTED_CURATED_ROSTER,7d8d06a17ffcdeaec41c3bce44ad45fe72b9300ec19ed56a0d558d8f464c7812,,0,0,0,0,,5,no open mapped cohort candidate in retained exact-scope inventories
src-aac32cb6ac1131ccf603,manemane_nichinichi,https://danbooru.donmai.us/wiki_pages/manemane_nichinichi,ACCEPTED_CURATED_ROSTER,a25a271c9e19240ec16de8cb68ce61ea957e613fe1a8dca99146590931abe2f3,,0,0,0,0,,3,no open mapped cohort candidate in retained exact-scope inventories
src-ab258d2f70db0fcca0ef,shingeki_no_kyojin,https://danbooru.donmai.us/wiki_pages/shingeki_no_kyojin,ACCEPTED_CURATED_ROSTER,dc900794a27677eecfbb1d284de36d0f3d102998962525c10098d287b3c80ba5,,0,0,0,0,,7,no open mapped cohort candidate in retained exact-scope inventories
src-ab9e371c8b3e97b776c7,closers,https://danbooru.donmai.us/wiki_pages/closers,ACCEPTED_CURATED_ROSTER,ed16ab04bd08aba7741f513ee7eee1e5717089d2d5728edeef72620df87dbdfd,,0,0,0,0,,2,no open mapped cohort candidate in retained exact-scope inventories
src-ac585e89d247c8c42642,hellsing,https://danbooru.donmai.us/wiki_pages/hellsing,ACCEPTED_CURATED_ROSTER,ea1bb412aab85ab4d9982c54aef0d4b2b610e8b9ef2e093f66c32fc3cdfd4086,,0,0,0,0,,4,no open mapped cohort candidate in retained exact-scope inventories
src-ac8a872287ca846a2b13,north_american_mythology,https://danbooru.donmai.us/wiki_pages/north_american_mythology,ACCEPTED_CURATED_ROSTER,3ed3e2e59905de08bb3ef0671535cc745955d43339050e2318c4c3fb5be90521,,0,0,0,0,,1,no open mapped cohort candidate in retained exact-scope inventories
src-aca698427542c624366a,nekopara,https://danbooru.donmai.us/wiki_pages/nekopara,ACCEPTED_CURATED_ROSTER,0848e4e9af278d7ca0f755089d895271e6528d347bf3faa7d410ae6e1da6949d,,0,0,0,0,,1,no open mapped cohort candidate in retained exact-scope inventories
src-acbde3225a91a8032c84,corrector_yui,https://danbooru.donmai.us/wiki_pages/corrector_yui,ACCEPTED_CURATED_ROSTER,30527381338a3bbda099ff26c712ad816033ffca92f60df8efda9fea2ae01f74,,0,0,0,0,,1,no open mapped cohort candidate in retained exact-scope inventories
src-acc4a6c45cd2b77dbe29,vivy:_fluorite_eye's_song,https://danbooru.donmai.us/wiki_pages/vivy:_fluorite_eye%27s_song,ACCEPTED_CURATED_ROSTER,658deb407fb5b0d9797202effa7c13d7ccc82361ad28c52f30aeea9a56992f14,,0,0,0,0,,1,no open mapped cohort candidate in retained exact-scope inventories
src-acd3186ab346ed3dab80,gundam_gquuuuuux,https://en.gundam-official.com/gquuuuuux/mecha/,OFFICIAL_SERIES_DIRECTORY,0566627e4fe7e87652adf80d26714cc7e1bf21460f457f969563e3be90484778,SOURCE_MAPPING_CANDIDATES_GUNDAM_GQUUUUUUX_MECHA_DIRECTORY_EN_2026-09-30.csv|SOURCE_MAPPING_CANDIDATES_GUNDAM_GQUUUUUUX_MECHA_EXACT_NEW_UNITS_2026-09-30.csv,0,0,34,15,,11,no open mapped cohort candidate in retained exact-scope inventories
src-ad5fe4b39fbea8f5ef21,saber_marionette_j,https://danbooru.donmai.us/wiki_pages/saber_marionette_j,ACCEPTED_CURATED_ROSTER,a3ea8837963a2da24d762360b250a2e9b8e4fbc3e790f5b06a4adef03fc3dc67,,0,0,0,0,,3,no open mapped cohort candidate in retained exact-scope inventories
src-ad63d83cef25d4fcb3e2,doom_(series),https://danbooru.donmai.us/wiki_pages/doom_(series),ACCEPTED_CURATED_ROSTER,bc5e63be1dfff3b16cd7fef1d4884a05892d4b0e8bba8c56a401ef5cabad8ea3,,0,0,0,0,,4,no open mapped cohort candidate in retained exact-scope inventories
src-ad781692bbf0194caf57,bobobo-bo_bo-bobo,https://danbooru.donmai.us/wiki_pages/bobobo-bo_bo-bobo,ACCEPTED_CURATED_ROSTER,5b95e189c7adb557d4ddf25340f0abf4dc98817e81b011bfc82d342b55b066c3,,0,0,0,0,,3,no open mapped cohort candidate in retained exact-scope inventories
src-ad92f17e6733a3c713e3,,https://hololive.hololivepro.com/en/talents,OFFICIAL_CHARACTER_ROSTER,c712c89f95c4de4d0bcacf6a8c16a9119e972a0be5fa0910d12b3e90c6ab3838,,0,0,0,0,,0,no open mapped cohort candidate in retained exact-scope inventories
src-adad4ec85835dc65ec83,idolatry,https://danbooru.donmai.us/wiki_pages/idolatry,ACCEPTED_CURATED_ROSTER,886a1cd3e1249bc0363df239c827519a5666f2347186aa3d6e6c9a0630de42fc,,0,0,0,0,,1,no open mapped cohort candidate in retained exact-scope inventories
src-ae36cd190ccf2ddc8243,persona,https://p3re.jp/,OFFICIAL_CHARACTER_ROSTER,3b50be8e13e3396722acad2741d44fad1884c1e4673d7ba2224c38507e29bb3d,SOURCE_MAPPING_CANDIDATES_PERSONA_3_RELOAD_ROSTER_2026-09-30.csv,0,0,1,11,,1,no open mapped cohort candidate in retained exact-scope inventories
src-ae57a723f19ace3ea74b,fate_(series),https://www.typemoon.com/products/fatevita/character/,OFFICIAL_CHARACTER_ROSTER,d89f8f0e0092e778215839a6cd8b0e01d90dd0409c41c8977090d30744f3cc44,SOURCE_MAPPING_CANDIDATES_FATE_STAY_NIGHT_REALTA_NUA_DIRECTORY_2026-09-30.csv,0,0,3,13,,4,no open mapped cohort candidate in retained exact-scope inventories
src-ae727a020908ab222422,urusei_yatsura,https://danbooru.donmai.us/wiki_pages/urusei_yatsura,ACCEPTED_CURATED_ROSTER,17a53e154c454388699d8936730b96bfeb47371678b26d67089bff9c60b0f469,,0,0,0,0,,4,no open mapped cohort candidate in retained exact-scope inventories
src-ae83ce34d3213421d07e,yuru-chara,https://danbooru.donmai.us/wiki_pages/yuru-chara,ACCEPTED_CURATED_ROSTER,af25e9691a6c0b32bc6630615d983519f9d40305d21007a8120529c3fd2f181a,,0,0,0,0,,4,no open mapped cohort candidate in retained exact-scope inventories
src-ae987a211db55a8869f8,the_legend_of_luo_xiaohei,https://danbooru.donmai.us/wiki_pages/the_legend_of_luo_xiaohei,ACCEPTED_CURATED_ROSTER,8598b32e77fef034d0f3f492bf13f21563a2650a5f6c69ee4f478abe10928f24,,0,0,0,0,,3,no open mapped cohort candidate in retained exact-scope inventories
src-aedad27ba29b4614bc96,touka_gettan,https://danbooru.donmai.us/wiki_pages/touka_gettan,ACCEPTED_CURATED_ROSTER,a1fa7b22f281bcb50973817fa52ee0a1b8f94a93ab53991990a8268656a359af,,0,0,0,0,,1,no open mapped cohort candidate in retained exact-scope inventories
src-af7c9de3e479e24e863a,gunslinger_girl,https://danbooru.donmai.us/wiki_pages/gunslinger_girl,ACCEPTED_CURATED_ROSTER,2a70e50cefdb5041968e248e1a16127bd3295978a5d8a41567c2bf8c51e47c33,,0,0,0,0,,1,no open mapped cohort candidate in retained exact-scope inventories
src-afa229d8f8ffd75387fc,virtua_fighter,https://danbooru.donmai.us/wiki_pages/virtua_fighter,ACCEPTED_CURATED_ROSTER,1c52f8f508712fb55a9427e907602a54162f311f72fe664e38311d5e59fc93d6,,0,0,0,0,,4,no open mapped cohort candidate in retained exact-scope inventories
src-afe54e7fe3811b6fd69f,k-on!,https://danbooru.donmai.us/wiki_pages/k-on!,ACCEPTED_CURATED_ROSTER,08526aa99a9accfa378d99f79032212c9c47618bdff329297a6e84ad1a3a3adf,,0,0,0,0,,3,no open mapped cohort candidate in retained exact-scope inventories
src-aff75948de02732ed658,red_velvet_(group),https://danbooru.donmai.us/wiki_pages/red_velvet_(group),ACCEPTED_CURATED_ROSTER,8c74eac7215bc54642fcd418ef37c15a657abd58797a4fa901be04513ec10b4f,,0,0,0,0,,5,no open mapped cohort candidate in retained exact-scope inventories
src-b044dbb45d184821f2cd,danshi_koukousei_no_nichijou,https://danbooru.donmai.us/wiki_pages/danshi_koukousei_no_nichijou,ACCEPTED_CURATED_ROSTER,39af6b3cfaca2c3047d92075b60e5e8469895fef8b648971fc1923bc20d239da,,0,0,0,0,,7,no open mapped cohort candidate in retained exact-scope inventories
src-b06d85694bc64326a098,gochuumon_wa_usagi_desu_ka?,https://gochiusa.com/chara/cocoa.html,OFFICIAL_CHARACTER_PROFILE,d186350b508e477d76292cc7ca06092443ab278995b82f9f0d2ec0bd9d3e6c07,,0,0,0,0,,1,no open mapped cohort candidate in retained exact-scope inventories
src-b07053c062ea7e2d6e3a,takane-san_to_arashi-chan,https://danbooru.donmai.us/wiki_pages/takane-san_to_arashi-chan,ACCEPTED_CURATED_ROSTER,fda1fe0cb663f2b0dd0050c1d8754a7974ddafaa828f740ffc611ab2663ac710,,0,0,0,0,,2,no open mapped cohort candidate in retained exact-scope inventories
src-b09e156b52d6c94cf09a,gochuumon_wa_usagi_desu_ka?,https://gochiusa.com/series_cd/orderthesongs.html,OFFICIAL_CHARACTER_ROSTER,ccb14e8bdecb08a2a429a4e9a0ac668a1e370c5888a7b97a0cac6ac902f92420,,0,0,0,0,,6,no open mapped cohort candidate in retained exact-scope inventories
src-b157e7d69f2e21e67c24,sousou_no_frieren,https://frieren-anime.jp/character/chara_group1/1-1/,OFFICIAL_CHARACTER_PROFILE,6ec5c2fcbdcbc50298a984d368b422e07ecc7d5b0d718c7f31fb59db540c6a19,,0,0,0,0,,1,no open mapped cohort candidate in retained exact-scope inventories
src-b1e17ce72cb2febe5d0a,cryamore,https://danbooru.donmai.us/wiki_pages/cryamore,ACCEPTED_CURATED_ROSTER,525da0551bac2f93bf2c0818b355d793ffb079493d0c87b04d4519a5aa175793,,0,0,0,0,,1,no open mapped cohort candidate in retained exact-scope inventories
src-b20f8a8f1e25aed3265a,grimgrimoire,https://danbooru.donmai.us/wiki_pages/grimgrimoire,ACCEPTED_CURATED_ROSTER,ec4038b708a10c2c6d128dd4abd40bbee6723d26ab783c2dfc9fd743a5662b3d,,0,0,0,0,,1,no open mapped cohort candidate in retained exact-scope inventories
src-b2331f5bbce0e9b74ee9,nier:automata,https://danbooru.donmai.us/wiki_pages/nier:automata,ACCEPTED_CURATED_ROSTER,8959df1c73cf4d3bab78e29d9634b14cd515ac232e3d2037b361f11f9020b577,,0,0,0,0,,4,no open mapped cohort candidate in retained exact-scope inventories
src-b2b318b4fa9f5229b8b6,seto_no_hanayome,https://danbooru.donmai.us/wiki_pages/seto_no_hanayome,ACCEPTED_CURATED_ROSTER,7d3aa4245576975e15fc938c92ee12cf17e837c8675d5f8ae656be687a4e21e4,,0,0,0,0,,4,no open mapped cohort candidate in retained exact-scope inventories
src-b2dba01ab2264bc3a7d7,absolute_duo,https://danbooru.donmai.us/wiki_pages/absolute_duo,ACCEPTED_CURATED_ROSTER,bb448dd01cc7ae3e54ff5a205861b90b7c5e7807cb835c4ded8b64e03447e4ae,,0,0,0,0,,1,no open mapped cohort candidate in retained exact-scope inventories
src-b322d6c0b17a90119a96,shironeko_project,https://danbooru.donmai.us/wiki_pages/shironeko_project,ACCEPTED_CURATED_ROSTER,73f7b411bfe11e8782a74ef5b586f3264a90b96ad3c172d9e068eed86f146f16,,0,0,0,0,,4,no open mapped cohort candidate in retained exact-scope inventories
src-b416a471cc5795ca3afe,akihabara_dennou_gumi,https://danbooru.donmai.us/wiki_pages/akihabara_dennou_gumi,ACCEPTED_CURATED_ROSTER,9e226222025dab42ece4ed9221f248ada03555325dcc911777efbf3ff71304dc,,0,0,0,0,,1,no open mapped cohort candidate in retained exact-scope inventories
src-b49d74ab1d8374df06a7,isegye_idol,https://danbooru.donmai.us/wiki_pages/isegye_idol,ACCEPTED_CURATED_ROSTER,953b2123d69643e6d8675f5c8b2b343bb9f9a5a17c0e08d9d46e3e4f18626db7,,0,0,0,0,,5,no open mapped cohort candidate in retained exact-scope inventories
src-b49de003af9185e8abf8,idolmaster_shiny_colors,https://shinycolors-anime2nd.idolmaster-official.jp/character/,OFFICIAL_CHARACTER_ROSTER,bb104dd141215be0fd25e0a87564958601d8117c42f12d7c5668860308e39370,SOURCE_MAPPING_CANDIDATES_SHINY_COLORS_2026-09-30.csv,0,0,0,23,,23,no open mapped cohort candidate in retained exact-scope inventories
src-b4ba040f2149b6756472,mewkledreamy,https://danbooru.donmai.us/wiki_pages/mewkledreamy,ACCEPTED_CURATED_ROSTER,dc5d5f8ca24ac337288a2678916b1e1f6bebc07b8dd7050a5373f5c004eb4b78,,0,0,0,0,,2,no open mapped cohort candidate in retained exact-scope inventories
src-b50abf5b5085f4e43c9d,hitomi_sensei_no_hokenshitsu,https://danbooru.donmai.us/wiki_pages/hitomi_sensei_no_hokenshitsu,ACCEPTED_CURATED_ROSTER,6389b87fda4ab859ed0304c864ed49b10893b7743a5770aebc2c131f00c5a239,,0,0,0,0,,1,no open mapped cohort candidate in retained exact-scope inventories
src-b52a95f724079848bcd3,null-meta,https://danbooru.donmai.us/wiki_pages/null-meta,ACCEPTED_CURATED_ROSTER,0a395bdb28cea492365b5c9772dacfabf420d171ba810cbc1ad037da72f12b54,,0,0,0,0,,5,no open mapped cohort candidate in retained exact-scope inventories
src-b593efc23ff1ba6ba40f,love_live!_superstar!!,https://www.lovelive-anime.jp/special/live/live_detail.php?p=unitlive,OFFICIAL_CHARACTER_ROSTER,a6ebafed8851a54793de19c06f75675da6ef358b31c8c9142b094902e8a5b3d9,SOURCE_MAPPING_CANDIDATES_LOVE_LIVE_SUPERSTAR_LIELLA_2026-09-30.csv,0,0,0,11,,11,no open mapped cohort candidate in retained exact-scope inventories
src-b597c4349de679eb1845,beatmania_iidx,https://danbooru.donmai.us/wiki_pages/beatmania_iidx,ACCEPTED_CURATED_ROSTER,63b209a8f605b7fd10956cc9494051f4c524deb68b56cd1b6721cbdd6ab2e714,,0,0,0,0,,11,no open mapped cohort candidate in retained exact-scope inventories
src-b5ecec96574c3420b9f0,sleeping_beauty_(fairy_tale),https://danbooru.donmai.us/wiki_pages/sleeping_beauty_(fairy_tale),ACCEPTED_CURATED_ROSTER,1585661ff670794d36f4bf3adbb2e227c44eb334ace45bf0fb26226d05ae1f2f,,0,0,0,0,,1,no open mapped cohort candidate in retained exact-scope inventories
src-b6078e2735d893c15347,oboro_muramasa,https://danbooru.donmai.us/wiki_pages/oboro_muramasa,ACCEPTED_CURATED_ROSTER,dcb36b1ce2b725bb069ff7cd1b44b7d0dc5c4c4eaa79213e8f3c5c006fe0f309,,0,0,0,0,,3,no open mapped cohort candidate in retained exact-scope inventories
src-b62ce24ddd76ab057d66,koutetsujou_no_kabaneri,https://danbooru.donmai.us/wiki_pages/koutetsujou_no_kabaneri,ACCEPTED_CURATED_ROSTER,f60bcdf620c23c98418d54956e4e8c1410a488adc00b7f355fe98df19598e28e,,0,0,0,0,,1,no open mapped cohort candidate in retained exact-scope inventories
src-b6d51bc741b72b04178c,higurashi_no_naku_koro_ni,https://danbooru.donmai.us/wiki_pages/higurashi_no_naku_koro_ni,ACCEPTED_CURATED_ROSTER,2c483860acc87ddf78b25033e43c5c3b127e2c70ae8cb6c62b955f05f7ed37a4,,0,0,0,0,,1,no open mapped cohort candidate in retained exact-scope inventories
src-b7141d5b5cf30ab38166,xenogears,https://danbooru.donmai.us/wiki_pages/xenogears,ACCEPTED_CURATED_ROSTER,c46b84845fbb0f197e40fc5c3663c874e580e4218b9612ae7dc28569579e0c5b,,0,0,0,0,,6,no open mapped cohort candidate in retained exact-scope inventories
src-b746fa45fccb8fb36787,chrono_crusade,https://danbooru.donmai.us/wiki_pages/chrono_crusade,ACCEPTED_CURATED_ROSTER,c58cd7284f1218a2ce4adb177d6616990c88901425d20b2d76bdb9315d018564,,0,0,0,0,,2,no open mapped cohort candidate in retained exact-scope inventories
src-b785361055ebf8d3fd3d,futakoi,https://danbooru.donmai.us/wiki_pages/futakoi,ACCEPTED_CURATED_ROSTER,e5b77a73df427085541656c3e1683bff8de8606d3833c32ca0acb25aed698fab,,0,0,0,0,,1,no open mapped cohort candidate in retained exact-scope inventories
src-b80cf67cbd0c9798bd49,gundam_00,https://gundam-official.com/series/00,OFFICIAL_SERIES_DIRECTORY,1b0e639e4e152ecaaccf5da2e5c860cdd197422a7690024550b37be1b0e8b2fa,SOURCE_MAPPING_CANDIDATES_GUNDAM_00_2026-09-30.csv,0,0,2,6,,4,no open mapped cohort candidate in retained exact-scope inventories
src-b8792d40781c180d05ce,love_live!_sunshine!!,https://www.jp.square-enix.com/lovelive-sifachm/member.php,OFFICIAL_GAME_ROSTER,70b7f410e57a039b44f656a5d013099bfdef0aaf9e0e95ed6f49dee9b284e7ab,SOURCE_MAPPING_CANDIDATES_LOVE_LIVE_SQUARE_ENIX_SUNSHINE_DIRECTORY_2026-09-30.csv,0,0,0,11,,7,no open mapped cohort candidate in retained exact-scope inventories
src-b8d30691e68c52a32329,yume_nikki,https://danbooru.donmai.us/wiki_pages/yume_nikki,ACCEPTED_CURATED_ROSTER,5c7118f7b5aea05ea37de564ca50bbebbc5f2c0519fe7fdbc34f4f7092b37136,,0,0,0,0,,11,no open mapped cohort candidate in retained exact-scope inventories
src-b91eb6086a33f29795b5,star_fox,https://danbooru.donmai.us/wiki_pages/star_fox,ACCEPTED_CURATED_ROSTER,9ce2ecfa43baa35383cb644011f26265022cdb551b548c6e7154d86b5f1abdd3,,0,0,0,0,,1,no open mapped cohort candidate in retained exact-scope inventories
src-b95bddcc514955a47da5,isekai_wa_smartphone_to_tomo_ni.,https://danbooru.donmai.us/wiki_pages/isekai_wa_smartphone_to_tomo_ni.,ACCEPTED_CURATED_ROSTER,7cd4d4f7f93878370e72a12ab26b6a7c38689286d95c9d0b91a23116372c0bec,,0,0,0,0,,2,no open mapped cohort candidate in retained exact-scope inventories
src-b9665ec77153811ad946,absolute_dc,https://github.com/takasago181/DanbooruTagTool/issues/180,APPROVED_REPO_EVIDENCE,f5fb86cba123a42c6afb3f60361ac2eb9f3adf5be154429bd080a71efd5eb046,,0,0,0,0,,1,no open mapped cohort candidate in retained exact-scope inventories
src-b992a9bb799f690007bd,yuruyuri,https://danbooru.donmai.us/wiki_pages/yuruyuri,ACCEPTED_CURATED_ROSTER,b0be02ccbc063abebdadd49454ed61807111c79a42998cee4ea5b7366184e59a,,0,0,0,0,,4,no open mapped cohort candidate in retained exact-scope inventories
src-b9ce711e4f6f97d2f225,sousou_no_frieren,https://danbooru.donmai.us/wiki_pages/sousou_no_frieren,ACCEPTED_CURATED_ROSTER,4e7f770a4626823ac48b36dfea2f3a24cb67442c902c67b74b7da2ae0ba4ee0e,,0,0,0,0,,1,no open mapped cohort candidate in retained exact-scope inventories
src-ba10f7a0a8eea05978d7,ben-tou,https://danbooru.donmai.us/wiki_pages/ben-tou,ACCEPTED_CURATED_ROSTER,1f30d1f9115b5d9afc16f4891003276e69d3d9d1a03c60402a19ab72f1e69f24,,0,0,0,0,,2,no open mapped cohort candidate in retained exact-scope inventories
src-ba80c247c1367a458c76,hibike!_euphonium,https://danbooru.donmai.us/wiki_pages/hibike!_euphonium,ACCEPTED_CURATED_ROSTER,764e4fe9bb49fa7d73c1341616c8dd23fcc163788ed6cb6f7749a301ff23485b,,0,0,0,0,,8,no open mapped cohort candidate in retained exact-scope inventories
src-bac1ebdb3323fc66b39b,project_hail_mary,https://danbooru.donmai.us/wiki_pages/project_hail_mary,ACCEPTED_CURATED_ROSTER,02a8fd11ea10cbce97599f126e71bc6d75fbc6e7fa2db48274f70617c1593976,,0,0,0,0,,2,no open mapped cohort candidate in retained exact-scope inventories
src-bb13b7197c6c3bbe6bb8,mahou_reiki_magisphere,https://danbooru.donmai.us/wiki_pages/mahou_reiki_magisphere,ACCEPTED_CURATED_ROSTER,037dcc3c438e0d2d4f340e5dbec5e27c7e87d8e27d15a567195653855f58f7e9,,0,0,0,0,,2,no open mapped cohort candidate in retained exact-scope inventories
src-bb5ee26a551e933af5be,ladies_versus_butlers!,https://danbooru.donmai.us/wiki_pages/ladies_versus_butlers!,ACCEPTED_CURATED_ROSTER,3524b0d9645bc8df388345d8feb8cd0848d1b2b93dca7966f5a0a0f62f7f64a5,,0,0,0,0,,1,no open mapped cohort candidate in retained exact-scope inventories
src-bb9f31220ac80c441144,twisted_wonderland,https://danbooru.donmai.us/wiki_pages/twisted_wonderland,ACCEPTED_CURATED_ROSTER,04472b8538b1895aadfb40ae783db34f71f92194fc8974b11dd57462a1d7ec5d,,0,0,0,0,,3,no open mapped cohort candidate in retained exact-scope inventories
src-bbea0cb9547252c14376,kanokon,https://danbooru.donmai.us/wiki_pages/kanokon,ACCEPTED_CURATED_ROSTER,b490041467e2d292af2b1b2017e39e10f9c3fb3df9f574bd5c09507f27005d4b,,0,0,0,0,,2,no open mapped cohort candidate in retained exact-scope inventories
src-bbf133e9ca11d6722199,pripara,https://github.com/takasago181/DanbooruTagTool/issues/180,APPROVED_REPO_EVIDENCE,d0db2ab1889db0be2cb0cb6682c5fd13b41d00711db340c748c6023258a69ada,,0,0,0,0,,1,no open mapped cohort candidate in retained exact-scope inventories
src-bc0d052a6b2c8c3d40a4,strider_(game),https://danbooru.donmai.us/wiki_pages/strider_(game),ACCEPTED_CURATED_ROSTER,31df6dfd25e2429ddd97533e0ca7889869328497f1b21891cb5e0b39cd96e253,,0,0,0,0,,2,no open mapped cohort candidate in retained exact-scope inventories
src-bc64115e165a4d925aa7,tari_tari,https://danbooru.donmai.us/wiki_pages/tari_tari,ACCEPTED_CURATED_ROSTER,fa722a30de7e75b89f1b93fb91b0a18dce07d9fee49eab2cad18a520990d806a,,0,0,0,0,,3,no open mapped cohort candidate in retained exact-scope inventories
src-bcb013312d0e97d90e2d,mario_(series),https://danbooru.donmai.us/wiki_pages/mario_(series),ACCEPTED_CURATED_ROSTER,d741ab6ffe19b9ffab01e85c275eeba52fdf29a70dd10eed6b9006b41846f83e,,0,0,0,0,,5,no open mapped cohort candidate in retained exact-scope inventories
src-bcb3b1c9e994c3c5da5b,yuusha_to_maou,https://danbooru.donmai.us/wiki_pages/yuusha_to_maou,ACCEPTED_CURATED_ROSTER,a12d5ccfd576785b10cd57eefbb52dca2a5b127b0436dead06af578350c6cb52,,0,0,0,0,,4,no open mapped cohort candidate in retained exact-scope inventories
src-bcc21051e29a0ee3f73b,tonari_no_seki-kun,https://danbooru.donmai.us/wiki_pages/tonari_no_seki-kun,ACCEPTED_CURATED_ROSTER,e3e37adacab88beb5c85839fa08e537d2c4be124fe643e4e864fa8a8b5481b84,,0,0,0,0,,1,no open mapped cohort candidate in retained exact-scope inventories
src-bce148ae30ccfa8e398e,hajimete_no_gal,https://danbooru.donmai.us/wiki_pages/hajimete_no_gal,ACCEPTED_CURATED_ROSTER,11b00749c272d80a3d441089c19db7c58166dc7b5e7287b43c2f1a7deec2928f,,0,0,0,0,,2,no open mapped cohort candidate in retained exact-scope inventories
src-bd173909869c479ebb50,pacific_(kancolle),https://danbooru.donmai.us/wiki_pages/pacific_(kancolle),ACCEPTED_CURATED_ROSTER,8d36b9a6f3af13d76966c6f2be5d236b9f5a6182bcb801e677d3715ba0b22aa6,,0,0,0,0,,2,no open mapped cohort candidate in retained exact-scope inventories
src-bd839c28b7ce7f3c35d4,bang_dream!,https://github.com/takasago181/DanbooruTagTool/issues/180,APPROVED_REPO_EVIDENCE,de56d5c0cebec28e38185339e8a34b695d27be343bc9aac0d82656e081ccf595,,0,0,0,0,,2,no open mapped cohort candidate in retained exact-scope inventories
src-bdafc361d7220dea8ca4,fate_(series),https://safebooru.donmai.us/wiki_pages/list_of_fate_series_characters,ACCEPTED_CURATED_ROSTER,5957596c1603347a74d3cba3c5c9ce1b01edf11e1255c378ed1606c02f50ba31,SOURCE_MAPPING_CANDIDATES_FATE_MEMBERSHIP_2026-09-30.csv|SOURCE_MAPPING_CANDIDATES_FATE_MEMBERSHIP_INPUTS_2026-09-30.csv,0,0,0,4,,9,no open mapped cohort candidate in retained exact-scope inventories
src-bdbfde470064c9771fb6,blue_archive,https://github.com/takasago181/DanbooruTagTool/issues/180,APPROVED_REPO_EVIDENCE,829942c5cc44cf7b2dec91312461213f2a53653cf77267491b270e7b8356175e,,0,0,0,0,,4,no open mapped cohort candidate in retained exact-scope inventories
src-be10a2f5bfa0ccb80d5b,gabriel_dropout,https://danbooru.donmai.us/wiki_pages/gabriel_dropout,ACCEPTED_CURATED_ROSTER,3db51bcf18cd0dfd5452de55e5c86aa14c8be055088eb2362a384ea3e59220b0,,0,0,0,0,,4,no open mapped cohort candidate in retained exact-scope inventories
src-be748966bfd4f51bdc38,oshi_no_ko,https://ichigoproduction.com/Season3/chara/kana.html,OFFICIAL_CHARACTER_PROFILE,016780403b13edd3a9d3a1480fa87808c8f2bfba079efbac00208dcb9a251c8d,,0,0,0,0,,1,no open mapped cohort candidate in retained exact-scope inventories
src-be8134efde3c28562aea,final_fantasy,https://jp.finalfantasy.com/?lang=ja,APPROVED_REPO_EVIDENCE,7156754a5d821c9d77babc51c4f0346b981411c98134b60f60feecc298239900,,0,0,0,0,,45,no open mapped cohort candidate in retained exact-scope inventories
src-bed560493c892ee3871b,yofukashi_no_uta,https://danbooru.donmai.us/wiki_pages/yofukashi_no_uta,ACCEPTED_CURATED_ROSTER,1e0a2aa2bd2b16bd7bfbba0cf48d6b1fcda5fb6b19111c662ca8aad00a882f66,,0,0,0,0,,2,no open mapped cohort candidate in retained exact-scope inventories
src-bed7c73082e96d162522,bural_chingu,https://danbooru.donmai.us/wiki_pages/bural_chingu,ACCEPTED_CURATED_ROSTER,506e72d065c2cd3795efd7799cd1ea34cd69998620790278cac491c3df085277,,0,0,0,0,,5,no open mapped cohort candidate in retained exact-scope inventories
src-bedafab9050671b43a5f,persona,https://www.p4a.jp/chara/,OFFICIAL_CHARACTER_ROSTER,525527b93f42a55e1f36a19abf9c17f8fd8ad2a420aed2bb50d598e922a37887,SOURCE_MAPPING_CANDIDATES_PERSONA_4_ANIMATION_INVESTIGATION_TEAM_DIRECTORY_2026-09-30.csv,0,0,0,8,,2,no open mapped cohort candidate in retained exact-scope inventories
src-bee789c3d5fe0c778297,fearless_night,https://danbooru.donmai.us/wiki_pages/fearless_night,ACCEPTED_CURATED_ROSTER,295d3089b7d58927a91428561109bf564244eb4ff593cfb08cb603c6931a61ce,,0,0,0,0,,1,no open mapped cohort candidate in retained exact-scope inventories
src-bef3160583870bcb464a,ao_no_hako,https://danbooru.donmai.us/wiki_pages/ao_no_hako,ACCEPTED_CURATED_ROSTER,003fe3a2382acb784b4a084cc3e638c3ec888e0d13625b0a24ac58f3d7787a5e,,0,0,0,0,,2,no open mapped cohort candidate in retained exact-scope inventories
src-bf361914b15d9f887197,friendly_rivalry,https://danbooru.donmai.us/wiki_pages/friendly_rivalry,ACCEPTED_CURATED_ROSTER,696a5a5c8ce1e4aaa2ef5043e8eb3770fb0e1f9e4dac00b6a4130c57f304146c,,0,0,0,0,,2,no open mapped cohort candidate in retained exact-scope inventories
src-bf421d358b111c4bb845,mikoto_to_rei,https://danbooru.donmai.us/wiki_pages/mikoto_to_rei,ACCEPTED_CURATED_ROSTER,b5dbc4551ca78bac44777f130da0a46def5a7ac2200919c1f34beebc07430784,,0,0,0,0,,2,no open mapped cohort candidate in retained exact-scope inventories
src-bf59a25bde7b6a2fdefb,djmax,https://danbooru.donmai.us/wiki_pages/djmax,ACCEPTED_CURATED_ROSTER,aa84766cc33ba7b51d5e499ed4251a90da6da3f8d4ce74efbc944e237203ca6c,,0,0,0,0,,3,no open mapped cohort candidate in retained exact-scope inventories
src-bf8241297a631d9b7555,yojouhan_shinwa_taikei,https://danbooru.donmai.us/wiki_pages/yojouhan_shinwa_taikei,ACCEPTED_CURATED_ROSTER,7a444871a2463b375bb60b94cb2f8d0b92e7cd77a9e4e01f30c1d03d723ac2db,,0,0,0,0,,2,no open mapped cohort candidate in retained exact-scope inventories
src-c0934316e2d4d5c32353,bang_dream!,https://anime.bang-dream.com/avemujica/character/mutsumi/,OFFICIAL_CHARACTER_PROFILE,c751b5cd74fee57ff5ad6895fa596b0d0b77ba04c02c3a9cc8d58f8118fb8e23,,0,0,0,0,,1,no open mapped cohort candidate in retained exact-scope inventories
src-c0b55e7e6617381fa75e,mob_psycho_100,https://danbooru.donmai.us/wiki_pages/mob_psycho_100,ACCEPTED_CURATED_ROSTER,4da9be3b1326b99477d4622e930b9167ea6b92669979df0c11cd2903c1485e21,,0,0,0,0,,1,no open mapped cohort candidate in retained exact-scope inventories
src-c0db4e122e969d1b9855,himawari-san,https://danbooru.donmai.us/wiki_pages/himawari-san,ACCEPTED_CURATED_ROSTER,4fd21da7d26d5475fd5173ec27edcb2676e382a197ffe6cd0eade32358d61ebe,,0,0,0,0,,2,no open mapped cohort candidate in retained exact-scope inventories
src-c0ef75595b093e051e71,saiyuki,https://github.com/takasago181/DanbooruTagTool/issues/180,APPROVED_REPO_EVIDENCE,285c657086c32cb6848273fc68a990d071237b755dad2eb70b79f5cb498f3902,,0,0,0,0,,1,no open mapped cohort candidate in retained exact-scope inventories
src-c10bfa09a6c690e9d513,sankarea,https://danbooru.donmai.us/wiki_pages/sankarea,ACCEPTED_CURATED_ROSTER,24da66bcdbb40e594f9ff21997717a7703392c64ff99beef850694870788b002,,0,0,0,0,,1,no open mapped cohort candidate in retained exact-scope inventories
src-c1264bb253f0b2196663,flip_flappers,https://danbooru.donmai.us/wiki_pages/flip_flappers,ACCEPTED_CURATED_ROSTER,4520d023154001fc7bc3230c1fdb8c0aa79cbbc7a063d4d26f7c62ad7b45007e,,0,0,0,0,,4,no open mapped cohort candidate in retained exact-scope inventories
src-c198b2d8aaf59338b25d,scryed,https://danbooru.donmai.us/wiki_pages/scryed,ACCEPTED_CURATED_ROSTER,73feed740791e4c31e2854d51d4b432e3688f85dde0da76f98c402d96ac50abe,,0,0,0,0,,3,no open mapped cohort candidate in retained exact-scope inventories
src-c22fe4dc5fd88dbee0b3,snow_white_and_the_seven_dwarfs_(disney),https://danbooru.donmai.us/wiki_pages/snow_white_and_the_seven_dwarfs_(disney),ACCEPTED_CURATED_ROSTER,37540feffa86841e0a37cf990447ad2ede1df44ec6176cffe93a184a4a8cba49,,0,0,0,0,,4,no open mapped cohort candidate in retained exact-scope inventories
src-c37dfc36c8f09802e7e2,shizuku_(game),https://danbooru.donmai.us/wiki_pages/shizuku_(game),ACCEPTED_CURATED_ROSTER,f128bfb8694e636b2318a77f730e1573f9094bc3df06b969c8d99608b0c1c990,,0,0,0,0,,1,no open mapped cohort candidate in retained exact-scope inventories
src-c3b178d59e39ed4a6655,nhk_ni_youkoso!,https://danbooru.donmai.us/wiki_pages/nhk_ni_youkoso!,ACCEPTED_CURATED_ROSTER,922f5b7e9c9016becbba97747840b6d1552eceff897920d8ea1c3590000fd556,,0,0,0,0,,2,no open mapped cohort candidate in retained exact-scope inventories
src-c3da6df1c3702e85ac91,gochuumon_wa_usagi_desu_ka?,https://gochiusa.com/special/music/birthdaysong/c05040000.html,OFFICIAL_CHARACTER_PROFILE,ff30f083f8b06228b63afd6a6230ed71cd4615e891975a4237fa3dbefbe428ce,,0,0,0,0,,1,no open mapped cohort candidate in retained exact-scope inventories
src-c479d8acfd743b2db37d,seihantai_na_kimi_to_boku,https://danbooru.donmai.us/wiki_pages/seihantai_na_kimi_to_boku,ACCEPTED_CURATED_ROSTER,6db764bfd70f47590bea3fe3ca95e565030c8640c319ea07d0056056a4dec892,,0,0,0,0,,1,no open mapped cohort candidate in retained exact-scope inventories
src-c4b7103d21c36e6263f2,kantai_collection,https://kancolle-anime.jp/character/,APPROVED_REPO_EVIDENCE,3f8394d47fa97378a56c18510df3bf6aea506a010697f6a3aa0a73a8c1681b23,,0,0,0,0,,6,no open mapped cohort candidate in retained exact-scope inventories
src-c4bccdc220ff4ccc956d,noir_(anime),https://danbooru.donmai.us/wiki_pages/noir_(anime),ACCEPTED_CURATED_ROSTER,0ab32fc1d5499d3fdb14efec245993e08f226ddd26e30b9d1b50a02bedfbdccf,,0,0,0,0,,2,no open mapped cohort candidate in retained exact-scope inventories
src-c4be700f06c3603a7251,monsters_inc.,https://danbooru.donmai.us/wiki_pages/monsters_inc.,ACCEPTED_CURATED_ROSTER,b9acf2d9f66d9a9b86f5ad015adb88a022cd137dabcd926ed6bb3f02838020e9,,0,0,0,0,,3,no open mapped cohort candidate in retained exact-scope inventories
src-c4feae528d61f6eeaf0c,bleach,https://danbooru.donmai.us/wiki_pages/list_of_bleach_characters,ACCEPTED_CURATED_ROSTER,e76cfa788873e1e18520d407858809d0757c10327920a5d291df05e98bfdfdf4,,0,0,0,0,,4,no open mapped cohort candidate in retained exact-scope inventories
src-c51bc9a780044668dbb0,toward_the_terra,https://danbooru.donmai.us/wiki_pages/toward_the_terra,ACCEPTED_CURATED_ROSTER,7bee6c3f00e82dc503aa7b472cd5a3ee5ebedc49b17887e7c9d466c5c574c553,,0,0,0,0,,1,no open mapped cohort candidate in retained exact-scope inventories
src-c5632060677ce9c35f85,kirarin_revolution,https://danbooru.donmai.us/wiki_pages/kirarin_revolution,ACCEPTED_CURATED_ROSTER,4b5d0e69e931886f389343c319c3f752e66afeb9963e9aeb8beb1eac797bcfb7,,0,0,0,0,,1,no open mapped cohort candidate in retained exact-scope inventories
src-c5fdd42cd14384c67957,delicious_party_precure,https://www.toei-anim.co.jp/tv/delicious-party_precure/info/,OFFICIAL_CHARACTER_ROSTER,67155dd98aafb33d9374aa0f523398ee0cf75f7402ecf89efdd6613558dbaeab,SOURCE_MAPPING_CANDIDATES_DELICIOUS_PARTY_PRECURE_CORE_2026-09-30.csv,0,0,0,9,,8,no open mapped cohort candidate in retained exact-scope inventories
src-c6b1d9cdb1da20fa69d0,ryoushin_no_shakkin,https://danbooru.donmai.us/wiki_pages/ryoushin_no_shakkin,ACCEPTED_CURATED_ROSTER,ba8e294b5631cafac9848238593d384453816cee25638a4f6876f03a1b11d937,,0,0,0,0,,1,no open mapped cohort candidate in retained exact-scope inventories
src-c6f7fa7a80a7a8b2e5bd,chainsaw_man,https://danbooru.donmai.us/wiki_pages/chainsaw_man,ACCEPTED_CURATED_ROSTER,411dedbced43bad193b33b9a30899190a9d4961633bed486d6aae76f7e161ec7,,0,0,0,0,,6,no open mapped cohort candidate in retained exact-scope inventories
src-c727d8cf1d4733f8f82d,yuushakei_ni_shosu,https://danbooru.donmai.us/wiki_pages/yuushakei_ni_shosu,ACCEPTED_CURATED_ROSTER,a5c4baacad0a2eff7233ee2f703b023e5a6ee1bbee5fbc81f1b014b95b1f762c,,0,0,0,0,,3,no open mapped cohort candidate in retained exact-scope inventories
src-c788d95407f0e7db0c39,patalliro!,https://danbooru.donmai.us/wiki_pages/patalliro!,ACCEPTED_CURATED_ROSTER,9b5e6b04646b201bf456d348781c1be45eca3702d344de608f7bfcbe0e17d790,,0,0,0,0,,1,no open mapped cohort candidate in retained exact-scope inventories
src-c7e56e7072210e898a9c,ijiranaide_nagatoro-san,https://www.nagatoro-official-anime.com/,APPROVED_REPO_EVIDENCE,245fec487acadc917b87ebe6bd428a3839b311da4b4b6bc6691ff748e0791042,,0,0,0,0,,1,no open mapped cohort candidate in retained exact-scope inventories
src-c80103c214b83871f81f,gimai_seikatsu,https://danbooru.donmai.us/wiki_pages/gimai_seikatsu,ACCEPTED_CURATED_ROSTER,6cadd69d6c54e0a540f703ac74eddc534001cf74bb59f216a6e238f980cf1c24,,0,0,0,0,,2,no open mapped cohort candidate in retained exact-scope inventories
src-c9039c0ba3254a4d5190,makai_tenshi_djibril,https://danbooru.donmai.us/wiki_pages/makai_tenshi_djibril,ACCEPTED_CURATED_ROSTER,404ea90b0f4121840f734655c5d5b4e5c16095f0cbf1e3cd369b44b523ab43a7,,0,0,0,0,,2,no open mapped cohort candidate in retained exact-scope inventories
src-c921f55f65955cd9cd95,soukou_senki_prism_reica,https://danbooru.donmai.us/wiki_pages/soukou_senki_prism_reica,ACCEPTED_CURATED_ROSTER,4c9b6b660722805c44b73aeea86942b243adfcb3573da21f138b1f6e1e24c23c,,0,0,0,0,,2,no open mapped cohort candidate in retained exact-scope inventories
src-c99efae29ee686dd989c,seiren,https://danbooru.donmai.us/wiki_pages/seiren,ACCEPTED_CURATED_ROSTER,2d40b4d7f3c4a934aeb2af33063be25e1db75e9c1d8a3b38f580ac3d5694bc54,,0,0,0,0,,1,no open mapped cohort candidate in retained exact-scope inventories
src-c9a27e37f69b8362944f,rewrite,https://danbooru.donmai.us/wiki_pages/rewrite,ACCEPTED_CURATED_ROSTER,d9f22bc49839d6086ac184d8fa7ad88bcc1ff14562916cc09275019833cb6537,,0,0,0,0,,1,no open mapped cohort candidate in retained exact-scope inventories
src-ca452679dd829c290480,kid_icarus,https://danbooru.donmai.us/wiki_pages/kid_icarus,ACCEPTED_CURATED_ROSTER,e1c238b1e49da872fe3b3a6042519acf5518072a16db7abf5ca5f6b834fd9694,,0,0,0,0,,3,no open mapped cohort candidate in retained exact-scope inventories
src-ca4fe75f0d6595add39e,senren_banka,https://danbooru.donmai.us/wiki_pages/senren_banka,ACCEPTED_CURATED_ROSTER,b123dc4980c2588c4c1f3b3a703333b187757d5b5e73009460e2ef220d28ab01,,0,0,0,0,,7,no open mapped cohort candidate in retained exact-scope inventories
src-cb13a8aa107d9a4ad858,south_park,https://danbooru.donmai.us/wiki_pages/south_park,ACCEPTED_CURATED_ROSTER,4797220914c6daafd916de0680cf39acf0e3a16a57d15f13d593b3a92d97c3f5,,0,0,0,0,,8,no open mapped cohort candidate in retained exact-scope inventories
src-cb7b885c7e383a563c20,gatchaman,https://danbooru.donmai.us/wiki_pages/gatchaman,ACCEPTED_CURATED_ROSTER,b7077629a99401d7717b4cf5b7bac52b421f50ae36bd27cf1de76083bfa1a889,,0,0,0,0,,1,no open mapped cohort candidate in retained exact-scope inventories
src-cb8476c5ae618a7fe9cc,idolmaster_million_live!,https://millionlive-anime.idolmaster-official.jp/character/,OFFICIAL_CHARACTER_ROSTER,2914ee43a4a206f9eb3fece6a7b067f02b3a35b91d43c224e0de4ef65d4e42c0,SOURCE_MAPPING_CANDIDATES_IDOLMASTER_MILLIONSTARS_2026-09-30.csv|SOURCE_MAPPING_CANDIDATES_MILLIONSTARS_DIRECTORY_2026-09-30.csv,0,0,0,78,,1,no open mapped cohort candidate in retained exact-scope inventories
src-cb9fda134c904d66ca25,chibi_maruko-chan,https://danbooru.donmai.us/wiki_pages/chibi_maruko-chan,ACCEPTED_CURATED_ROSTER,4f624084b2563461fead472af2c9e1089bbbf02f4d1a1e9421a6fb416858b7d5,,0,0,0,0,,1,no open mapped cohort candidate in retained exact-scope inventories
src-cba305d03c11fe308150,shantae_(series),https://danbooru.donmai.us/wiki_pages/shantae_(series),ACCEPTED_CURATED_ROSTER,eaf3343890bf899d785b4b1df08e88a82f02c4f6412d5a30049eb72a8b96c857,,0,0,0,0,,2,no open mapped cohort candidate in retained exact-scope inventories
src-cc0a2f983bab6ca7386b,kodomo_no_jikan,https://danbooru.donmai.us/wiki_pages/kodomo_no_jikan,ACCEPTED_CURATED_ROSTER,94fb4d7f3860bbccb03043d390c050b4a1ab91716056473081be9e31b220956b,,0,0,0,0,,3,no open mapped cohort candidate in retained exact-scope inventories
src-cc542a3020d69955f88f,bishoujo_mangekyou:_kami_ga_tsukuritamouta_shoujo-tachi,https://danbooru.donmai.us/wiki_pages/bishoujo_mangekyou:_kami_ga_tsukuritamouta_shoujo-tachi,ACCEPTED_CURATED_ROSTER,82998db5b7842f89843eb225631b8377cf27916ef34fa2c522039a8ebf46ee9e,,0,0,0,0,,1,no open mapped cohort candidate in retained exact-scope inventories
src-cc5774e5cf01f8dc7e50,ranma_1/2,https://danbooru.donmai.us/wiki_pages/ranma_1%2F2,ACCEPTED_CURATED_ROSTER,b898d1df75771b7f34e3d1ea71ed56aad005689d4eb90e2786cdcfeae69ea582,,0,0,0,0,,2,no open mapped cohort candidate in retained exact-scope inventories
src-cce95086831a1d1123c0,yama_no_susume,https://danbooru.donmai.us/wiki_pages/yama_no_susume,ACCEPTED_CURATED_ROSTER,a0db08f3ec1b1b075208326e628c0f5e47bb742f1a7477f75bf7e582463b9fff,,0,0,0,0,,4,no open mapped cohort candidate in retained exact-scope inventories
src-cd2e64cf35ded9b3a5fd,gwechul,https://danbooru.donmai.us/wiki_pages/gwechul,ACCEPTED_CURATED_ROSTER,514fb8860d414429683a07ae932f54dcca13d084e12b75cdccbe37f5e024fa1d,,0,0,0,0,,1,no open mapped cohort candidate in retained exact-scope inventories
src-cd4d62059898f9ca61c9,seitokai_no_ichizon,https://danbooru.donmai.us/wiki_pages/seitokai_no_ichizon,ACCEPTED_CURATED_ROSTER,bcc55e19a119a3d422671e71b4c9ae53f5f9e08b592887f1f578e1646f6a57df,,0,0,0,0,,4,no open mapped cohort candidate in retained exact-scope inventories
src-cd97e269136153e76f86,hoshizora_e_kakaru_hashi,https://danbooru.donmai.us/wiki_pages/hoshizora_e_kakaru_hashi,ACCEPTED_CURATED_ROSTER,788a7b1d9823c84f4a0253cf38ee3a9a6e0c967e7fc2a702f7a742bb29ffed6f,,0,0,0,0,,3,no open mapped cohort candidate in retained exact-scope inventories
src-ce00e114d213c9edd4ef,gundam_age,https://gundam-official.com/series/age,OFFICIAL_SERIES_DIRECTORY,e37739026e31a388dc570e213a91df290c1381e9b0f1ff962f0563e3cb35c2d6,SOURCE_MAPPING_CANDIDATES_GUNDAM_AGE_2026-09-30.csv,0,0,4,4,,5,no open mapped cohort candidate in retained exact-scope inventories
src-ce5322af5031ab2e5f00,ribbon_no_kishi,https://danbooru.donmai.us/wiki_pages/ribbon_no_kishi,ACCEPTED_CURATED_ROSTER,3b519f5ea5421a81de2b13cff27d209b3d97da2e8c61ccea7bb9ca741050c7d3,,0,0,0,0,,1,no open mapped cohort candidate in retained exact-scope inventories
src-cec588cee81522785e6a,kannagi,https://danbooru.donmai.us/wiki_pages/kannagi,ACCEPTED_CURATED_ROSTER,49b623f2f5c6afccd8681f21f374f471447827f8f9b0e235b36c1e75428bbd00,,0,0,0,0,,3,no open mapped cohort candidate in retained exact-scope inventories
src-cee340cef9028c3c692b,cry_of_fear,https://danbooru.donmai.us/wiki_pages/cry_of_fear,ACCEPTED_CURATED_ROSTER,e3b49625d571645a2efd74cd70a939f3f71033e0f9ecd7edeb29512845993fca,,0,0,0,0,,2,no open mapped cohort candidate in retained exact-scope inventories
src-cf4e59c8d09a44710909,the_road_to_el_dorado,https://danbooru.donmai.us/wiki_pages/the_road_to_el_dorado,ACCEPTED_CURATED_ROSTER,9363970b5666eca6bb6bb2dab6b0ca559fb29631d9ade7719a916f1379f1dbc5,,0,0,0,0,,1,no open mapped cohort candidate in retained exact-scope inventories
src-cf91e31091cbff0312c7,onii-chan_dakedo_ai_sae_areba_kankeinai_yo_ne,https://danbooru.donmai.us/wiki_pages/onii-chan_dakedo_ai_sae_areba_kankeinai_yo_ne,ACCEPTED_CURATED_ROSTER,b31f73d86336dca1af269fe69ad09b88c7d58ea1b4872e66c475fd323a8d6a41,,0,0,0,0,,2,no open mapped cohort candidate in retained exact-scope inventories
src-cfbcacf8d5186c2f32a9,watchmen,https://danbooru.donmai.us/wiki_pages/watchmen,ACCEPTED_CURATED_ROSTER,42822e28188c1a6218ef5a2c4ba2bec4d3634ca23ec14f748bd73e6af2dbdbef,,0,0,0,0,,1,no open mapped cohort candidate in retained exact-scope inventories
src-cfc11f65ef01dcae26ad,gj-bu,https://danbooru.donmai.us/wiki_pages/gj-bu,ACCEPTED_CURATED_ROSTER,f213f5328b6177a7824bcdcced167a68ad8a41a9e41c6cfa326fc1e39ca7afb0,,0,0,0,0,,4,no open mapped cohort candidate in retained exact-scope inventories
src-cfc3e6c7cbda5cee777c,rick_and_morty,https://danbooru.donmai.us/wiki_pages/rick_and_morty,ACCEPTED_CURATED_ROSTER,bb6b777dbf7b2742f5994adbb95ae4a576e062833b5d454b9986c65d68e65626,,0,0,0,0,,2,no open mapped cohort candidate in retained exact-scope inventories
src-d00a35e63737c22b033c,persona_5,https://p5r.jp/gad4.html,OFFICIAL_CHARACTER_ROSTER,5db5d7c3d1537bb729a76d88ee5b3b6ada040fa6db1746cb9478d43b9a7ef063,SOURCE_MAPPING_CANDIDATES_PERSONA_5_ROYAL_CHARACTER_DIRECTORY_2026-09-30.csv,0,0,0,9,,8,no open mapped cohort candidate in retained exact-scope inventories
src-d01a8124ddc54ac51d2d,amakano,https://danbooru.donmai.us/wiki_pages/amakano,ACCEPTED_CURATED_ROSTER,7d096d8fb6d017ebd9f9c9641f670b50a7f111e8e4c9c7eaff39dbcf8790cc8a,,0,0,0,0,,2,no open mapped cohort candidate in retained exact-scope inventories
src-d0d3ec20766e855bc128,rdg_red_data_girl,https://danbooru.donmai.us/wiki_pages/rdg_red_data_girl,ACCEPTED_CURATED_ROSTER,1751f1acacb8ca4e1ebd0ed1b34c6deaae62abaccf18c2d14553b58c8214e827,,0,0,0,0,,1,no open mapped cohort candidate in retained exact-scope inventories
src-d10f54995fe811a170ab,digimon,https://danbooru.donmai.us/wiki_pages/list_of_digimon_characters,ACCEPTED_CURATED_ROSTER,3d51de4c6c3ceca2bae62915771157d71ce29160f025a903d31ce4cad9636f22,,0,0,0,0,,5,no open mapped cohort candidate in retained exact-scope inventories
src-d13fb31f1ae1276f9918,key_the_metal_idol,https://danbooru.donmai.us/wiki_pages/key_the_metal_idol,ACCEPTED_CURATED_ROSTER,53bdeef184a0bd1ae5d2aeea6be02cf71c26a72515a34e87e68a70b067414a48,,0,0,0,0,,1,no open mapped cohort candidate in retained exact-scope inventories
src-d17209c0eaafd4f79482,tower_of_god,https://danbooru.donmai.us/wiki_pages/tower_of_god,ACCEPTED_CURATED_ROSTER,2920d3931d72332544000dad83e9e0f078dadf24a72bd159316c60022bb5f006,,0,0,0,0,,3,no open mapped cohort candidate in retained exact-scope inventories
src-d17fd0c634734c1e4619,mahou_girls_precure!,https://lineup.toei-anim.co.jp/ja/tv/mahotsukai_precure/character/,OFFICIAL_SERIES_DIRECTORY,74206ecc05c32146d853b92143f08d80e8302827799e428e5d94ed52e12ac127,SOURCE_MAPPING_CANDIDATES_MAHOU_TSUKAI_PRECURE_2026-09-30.csv,0,0,12,4,,3,no open mapped cohort candidate in retained exact-scope inventories
src-d1c9fc7bec406df7530a,futsuu_no_keion-bu,https://danbooru.donmai.us/wiki_pages/futsuu_no_keion-bu,ACCEPTED_CURATED_ROSTER,108c7ba9679176f601c7d75d65d82cf6f48ecc10b0bc8496eef3da6b9a3403a7,,0,0,0,0,,1,no open mapped cohort candidate in retained exact-scope inventories
src-d25654bd3144ceb208cd,the_coffin_of_andy_and_leyley,https://danbooru.donmai.us/wiki_pages/the_coffin_of_andy_and_leyley,ACCEPTED_CURATED_ROSTER,1a4d7eb0c3bf5d69ec40bbcc9331e9ff27c111ac4281c70ee6502759e9ef4c8f,,0,0,0,0,,3,no open mapped cohort candidate in retained exact-scope inventories
src-d2cd2bf7f6701643040c,hirogaru_sky!_precure,https://custom.store.toei-anim.co.jp/design/tshirt/c2/t8/?color=1,OFFICIAL_CHARACTER_ROSTER,9a4c6ada1be54e412216b4fb9ba2f1513bdb02f2e8a7e6b57bab968d70920a2c,,0,0,0,0,,4,no open mapped cohort candidate in retained exact-scope inventories
src-d3023f1e3e6b5c1708cc,dragon_ball,https://en.dragon-ball-official.com/about,APPROVED_REPO_EVIDENCE,4e8d27bb1e64ead215300cfbbf38a2565022aa45ce8d3242ab551d9fd1ec438a,,0,0,0,0,,31,no open mapped cohort candidate in retained exact-scope inventories
src-d353f3632daad0bbeb3c,tsuritama,https://danbooru.donmai.us/wiki_pages/tsuritama,ACCEPTED_CURATED_ROSTER,84e98a20a59e627ff90730f44217543b94d49a81789ced7d56804e08ec7a9e52,,0,0,0,0,,3,no open mapped cohort candidate in retained exact-scope inventories
src-d370ad1448e0aeeb6f9e,kimagure_orange_road,https://danbooru.donmai.us/wiki_pages/kimagure_orange_road,ACCEPTED_CURATED_ROSTER,1e7e82b722b70b23ba8fd9b24a89c5251a9d160e953f955958ab66fcf83ba21b,,0,0,0,0,,2,no open mapped cohort candidate in retained exact-scope inventories
src-d44f9984c5737f637c20,hitozuma_kyoushi_ga_oshiego_no_joshikousei_ni_dohamari_suru_hanashi,https://danbooru.donmai.us/wiki_pages/hitozuma_kyoushi_ga_oshiego_no_joshikousei_ni_dohamari_suru_hanashi,ACCEPTED_CURATED_ROSTER,d022e5ff22ea69c038cc45858f79944dfac1a9ed2da4fccf31134e85bab1ebd0,,0,0,0,0,,1,no open mapped cohort candidate in retained exact-scope inventories
src-d4be5141d66f1b76e269,el_cazador_de_la_bruja,https://danbooru.donmai.us/wiki_pages/el_cazador_de_la_bruja,ACCEPTED_CURATED_ROSTER,bd4c971ab616acef1d49ad2665100aa5f33d5c909f623d2746f1c44eaef6038a,,0,0,0,0,,1,no open mapped cohort candidate in retained exact-scope inventories
src-d51ddd0a76fba93d71ba,pakomane_-_watashi_kyou_kara_meimon_yakyuu-bu_no_seishori_gakari_ni_narimasu...,https://danbooru.donmai.us/wiki_pages/pakomane_-_watashi_kyou_kara_meimon_yakyuu-bu_no_seishori_gakari_ni_narimasu...,ACCEPTED_CURATED_ROSTER,11aed3ca7a023c65734709d668678307f273cf43b2c9109b180eec3f1c700415,,0,0,0,0,,1,no open mapped cohort candidate in retained exact-scope inventories
src-d54b674f7d8afff56d41,iya_na_kao_sare_nagara_opantsu_misete_moraitai,https://danbooru.donmai.us/wiki_pages/iya_na_kao_sare_nagara_opantsu_misete_moraitai,ACCEPTED_CURATED_ROSTER,124a830acaaa07e82d900f0f8fae34435204f3b597580daecb775bed4a92ff21,,0,0,0,0,,1,no open mapped cohort candidate in retained exact-scope inventories
src-d54d6039fa20c26522c4,queen's_blade,https://danbooru.donmai.us/wiki_pages/queen%27s_blade,ACCEPTED_CURATED_ROSTER,a10e536513b606ec2b86d414571b02e2d0d0f2d154778f11e7acd7a73e06cbe7,,0,0,0,0,,5,no open mapped cohort candidate in retained exact-scope inventories
src-d574094ce2c10abb1913,snack_nili,https://danbooru.donmai.us/wiki_pages/snack_nili,ACCEPTED_CURATED_ROSTER,438158b6da3291c5081d0f02f0d0e89b6cd2c674135cfa227fad52763b1f8090,,0,0,0,0,,1,no open mapped cohort candidate in retained exact-scope inventories
src-d57a48119462215841e4,aharen-san_wa_hakarenai,https://danbooru.donmai.us/wiki_pages/aharen-san_wa_hakarenai,ACCEPTED_CURATED_ROSTER,26248bd11a5ddee010711c7e847c61736d0fc130615081c85e881cb5dccbc652,,0,0,0,0,,1,no open mapped cohort candidate in retained exact-scope inventories
src-d5ab097ab6cde73f7eeb,himawari_no_kyoukai_to_nagai_natsuyasumi,https://danbooru.donmai.us/wiki_pages/himawari_no_kyoukai_to_nagai_natsuyasumi,ACCEPTED_CURATED_ROSTER,c97b0fd8931dccd3bb768779a69541bdb30c3de0844ff698e389cb8c33c78123,,0,0,0,0,,1,no open mapped cohort candidate in retained exact-scope inventories
src-d5d5dc318adaa9469482,bocchi_the_rock!,https://danbooru.donmai.us/wiki_pages/bocchi_the_rock!,ACCEPTED_CURATED_ROSTER,07ca57160b1ef137a67d22648bdecb9f56bab5ae4e28e2843924ec699a773a1a,,0,0,0,0,,2,no open mapped cohort candidate in retained exact-scope inventories
src-d6431c45417ec3e19770,doko_demo_issyo,https://danbooru.donmai.us/wiki_pages/doko_demo_issyo,ACCEPTED_CURATED_ROSTER,6c4b4de73b536c5320da12e0d56ff0efcceb5e902c81ab5aa0b8189e637ec662,,0,0,0,0,,1,no open mapped cohort candidate in retained exact-scope inventories
src-d6524dccd09951cc2dbf,tensei_shitara_slime_datta_ken,https://danbooru.donmai.us/wiki_pages/tensei_shitara_slime_datta_ken,ACCEPTED_CURATED_ROSTER,8724c403abcb227a1907c4e5defe5a5ed294310381dfcdb17a5651fb5533bd6c,,0,0,0,0,,1,no open mapped cohort candidate in retained exact-scope inventories
src-d742c1fff8ce26d8dd2d,princess_crown,https://danbooru.donmai.us/wiki_pages/princess_crown,ACCEPTED_CURATED_ROSTER,9af2d9662d352935afc4d114ff310af81c73238239834d362c0e8d57da383373,,0,0,0,0,,1,no open mapped cohort candidate in retained exact-scope inventories
src-d7a365f55bf58d486aff,kirakira_precure_a_la_mode,https://www.toei-anim.co.jp/tv/precure_alamode/character/chara11.php,OFFICIAL_CHARACTER_PROFILE,a03ec53160d224ccccc1556989a729074b95c02e44cd061cfe4a5617d41b7d1f,,0,0,0,0,,1,no open mapped cohort candidate in retained exact-scope inventories
src-d7aaf434af71d96c93bc,yagate_kimi_ni_naru,https://danbooru.donmai.us/wiki_pages/yagate_kimi_ni_naru,ACCEPTED_CURATED_ROSTER,8c3e0e898830db756e83bbabc843fba7bf3a2104c521f1586a66a44041075585,,0,0,0,0,,2,no open mapped cohort candidate in retained exact-scope inventories
src-d7ef2b64712b721cb1dd,mikagura_gakuen_kumikyoku,https://danbooru.donmai.us/wiki_pages/mikagura_gakuen_kumikyoku,ACCEPTED_CURATED_ROSTER,bcce5a84b140c53c05aed872c1dd337e28b93e697178048e52816b2508aa7227,,0,0,0,0,,1,no open mapped cohort candidate in retained exact-scope inventories
src-d7f8df3a51e20cb6214b,usagi_drop,https://danbooru.donmai.us/wiki_pages/usagi_drop,ACCEPTED_CURATED_ROSTER,c00732ffc178ff2cc37fc2ae53cc28f67cdbd478872a0f68610e0d5f28b99e1b,,0,0,0,0,,1,no open mapped cohort candidate in retained exact-scope inventories
src-d7fd89b2bc72b902606a,golden_axe,https://danbooru.donmai.us/wiki_pages/golden_axe,ACCEPTED_CURATED_ROSTER,19c1e077b5e38d28055c205df74b527c5d8f603c2c81ce673c1fe302fcbc6690,,0,0,0,0,,1,no open mapped cohort candidate in retained exact-scope inventories
src-d832c1696257bcb24d54,everlasting_summer,https://danbooru.donmai.us/wiki_pages/everlasting_summer,ACCEPTED_CURATED_ROSTER,d45a685c0dfc681db63b9cda1531c360171af24980225e7f3ed597ca4626c824,,0,0,0,0,,4,no open mapped cohort candidate in retained exact-scope inventories
src-d84c2ebae9b9cc8d0570,neo-porte,https://danbooru.donmai.us/wiki_pages/neo-porte,ACCEPTED_CURATED_ROSTER,def6e1dc7e4fbcb8d0845c07079805165bebbd9e82df745091d5585b7a61e3e1,,0,0,0,0,,5,no open mapped cohort candidate in retained exact-scope inventories
src-d8909e8e1978fe964ed8,itazuraguma_no_gloomy,https://danbooru.donmai.us/wiki_pages/itazuraguma_no_gloomy,ACCEPTED_CURATED_ROSTER,27121671442e4b611d6a7784d79af157c52e10f2713e367ecd5858e557a775e8,,0,0,0,0,,1,no open mapped cohort candidate in retained exact-scope inventories
src-d99a8a576da45416bb65,kampfer,https://danbooru.donmai.us/wiki_pages/kampfer,ACCEPTED_CURATED_ROSTER,88dbcb4882184e60cd89e332c08fc95f03891ca80bb347e167d37e91cd5ddcfd,,0,0,0,0,,3,no open mapped cohort candidate in retained exact-scope inventories
src-da0c66627b3a509b95f0,coneru_-dimension_girl-,https://danbooru.donmai.us/wiki_pages/coneru_-dimension_girl-,ACCEPTED_CURATED_ROSTER,901cf3110d3aae04e1bf81353a00d27a573903c1fa73334612b84a146be366e6,,0,0,0,0,,1,no open mapped cohort candidate in retained exact-scope inventories
src-dac29f10a7bbf90b9521,vocaloid,https://www.ssw.co.jp/products/vocal/megpoid/info/index.html,OFFICIAL_CHARACTER_PROFILE,d572a24448191292eb66d2c436e7ef9894c199c3562abbf76a3e2eabfb3dce1f,,0,0,0,0,,4,no open mapped cohort candidate in retained exact-scope inventories
src-dacc68f9261860f863a4,shiunji-ke_no_kodomotachi,https://danbooru.donmai.us/wiki_pages/shiunji-ke_no_kodomotachi,ACCEPTED_CURATED_ROSTER,4886597eb89f54ad53309819fe307497f7f138bdbefe2620be5d44ae6199d420,,0,0,0,0,,1,no open mapped cohort candidate in retained exact-scope inventories
src-dadf81492eebd5470390,cool_doji_danshi,https://danbooru.donmai.us/wiki_pages/cool_doji_danshi,ACCEPTED_CURATED_ROSTER,baf0b3b2dababcbc0b1fad63bb544cad9362a09ce1d9e8e97927643624052dae,,0,0,0,0,,4,no open mapped cohort candidate in retained exact-scope inventories
src-daee967b13339a6ff012,kyou_wa_kanojo_ga_inai_kara,https://danbooru.donmai.us/wiki_pages/kyou_wa_kanojo_ga_inai_kara,ACCEPTED_CURATED_ROSTER,c1882f04c945dae500cda0155607c15d19990f0910a2b89aa2e83c5b950ebc28,,0,0,0,0,,2,no open mapped cohort candidate in retained exact-scope inventories
src-db5b662cb7eed296e2e4,vocaloid,https://www.ah-soft.com/press/vocaloid/,OFFICIAL_PUBLISHER_ROSTER,ce3e29cb438cc7f0f611631ac980f26717f9aedb512829a87f56fdd1489ea271,SOURCE_MAPPING_CANDIDATES_VOCALOID_AHS_2009_ROSTER_2026-09-30.csv,0,0,0,3,,2,no open mapped cohort candidate in retained exact-scope inventories
src-db6b71db8655d3ff2d60,hikaru_ga_shinda_natsu,https://danbooru.donmai.us/wiki_pages/hikaru_ga_shinda_natsu,ACCEPTED_CURATED_ROSTER,3997a6f5cf4e75202c26b921ff303eef787664c300945d4fa28c38de1462a6ab,,0,0,0,0,,2,no open mapped cohort candidate in retained exact-scope inventories
src-db802c5fe3fe6e8ee178,marvel,https://www.marvel.com/characters?nav=1,APPROVED_REPO_EVIDENCE,0b69aa72be4afa27a4ea9560d10b28db3a12e5608ab8b00c3c0e3b9de99d0cc7,,0,0,0,0,,25,no open mapped cohort candidate in retained exact-scope inventories
src-db8f009718d84c676a30,amagami,https://danbooru.donmai.us/wiki_pages/amagami,ACCEPTED_CURATED_ROSTER,52ff67890c25dbf170fc3b33533b946ae1e6b1aaca26eab3a5812e5e758dd0c0,,0,0,0,0,,5,no open mapped cohort candidate in retained exact-scope inventories
src-db94d475097d73e9bc7e,majestic_prince,https://danbooru.donmai.us/wiki_pages/majestic_prince,ACCEPTED_CURATED_ROSTER,49510f8cb204d1dc952ee1ff196cc535a96bb288c8ba00d1905c7b7357954bda,,0,0,0,0,,1,no open mapped cohort candidate in retained exact-scope inventories
src-db96a2efff881349acf5,lake_of_voices,https://danbooru.donmai.us/wiki_pages/lake_of_voices,ACCEPTED_CURATED_ROSTER,158f60b6b810886370438e2b661c556467d2fee129b60b350431a77e87d34d76,,0,0,0,0,,1,no open mapped cohort candidate in retained exact-scope inventories
src-dbc549f4502647a0e201,,https://idolmaster-official.jp/live_event/azto/,OFFICIAL_CHARACTER_ROSTER,375ffb950dd75f446d17cf401c1312de5cec52c4a04f5b6a1836202707e1c61b,,0,0,0,0,,3,no open mapped cohort candidate in retained exact-scope inventories
src-dc44710630e62d66196a,shiki_(novel),https://danbooru.donmai.us/wiki_pages/shiki_(novel),ACCEPTED_CURATED_ROSTER,4cf0be9e4dd7d161c995258a9ee7e9094dacffbc38b840efc288f2cc01744827,,0,0,0,0,,3,no open mapped cohort candidate in retained exact-scope inventories
src-dc79d9a13d09cb6532da,yosuga_no_sora,https://danbooru.donmai.us/wiki_pages/yosuga_no_sora,ACCEPTED_CURATED_ROSTER,91a17d5e36e9dc6ab4a7e70835bf0a58f5ef34c4dae75c442d96fbdbef2cfdaf,,0,0,0,0,,5,no open mapped cohort candidate in retained exact-scope inventories
src-dcc42386bb19ae43101c,hugtto!_precure,https://danbooru.donmai.us/wiki_pages/hugtto!_precure,ACCEPTED_CURATED_ROSTER,df17c61d876364f4d460d6f3d99aa6ca509680f76173b58571ff338f66f48057,,0,0,0,0,,2,no open mapped cohort candidate in retained exact-scope inventories
src-dcf0e388acf6499f116f,nijie,https://danbooru.donmai.us/wiki_pages/nijie,ACCEPTED_CURATED_ROSTER,f05a09ecf92b1f8889eff15c85e99a1e6c240c0c165eeb6c6741df4c495c302c,,0,0,0,0,,1,no open mapped cohort candidate in retained exact-scope inventories
src-dd1dbe2827fc7a8f39f4,summertime_render,https://danbooru.donmai.us/wiki_pages/summertime_render,ACCEPTED_CURATED_ROSTER,7a94662546166e92d47b02be1f8c48d279e3cc6bfb69d7c41a9a608f299d0c83,,0,0,0,0,,4,no open mapped cohort candidate in retained exact-scope inventories
src-dd7658ee17c2efc7b735,idolmaster_shiny_colors,https://shinycolors.idolmaster-official.jp/idol/cometik/,OFFICIAL_CHARACTER_ROSTER,070a77cf7c2ba5f36721719712065382ccb4fedaa3d31ed5e141bf299f247a52,,0,0,0,0,,3,no open mapped cohort candidate in retained exact-scope inventories
src-ddc10443e9f759e5f7de,cookie_(touhou),https://danbooru.donmai.us/wiki_pages/cookie_(touhou),ACCEPTED_CURATED_ROSTER,e8176d62b8c8bec08bbb46baa89115e2c66c28672d2434f32d2296dc31ee775a,,0,0,0,0,,20,no open mapped cohort candidate in retained exact-scope inventories
src-ddf6fd75b6f4a8efbc6a,overlord_(maruyama),https://danbooru.donmai.us/wiki_pages/overlord_(maruyama),ACCEPTED_CURATED_ROSTER,603e842bfab3fe77917b2d7c8144628a69843baa083c53864566e7b39fdaef26,,0,0,0,0,,1,no open mapped cohort candidate in retained exact-scope inventories
src-de537d1f71986cd213dd,grimms_notes,https://github.com/takasago181/DanbooruTagTool/issues/180,APPROVED_REPO_EVIDENCE,054daf12baf9511fd82c37fa4ce27a830dc50a763aaffbe31e399de2abb860aa,,0,0,0,0,,4,no open mapped cohort candidate in retained exact-scope inventories
src-de9b1c7eb02e6dc28576,sesame_street,https://danbooru.donmai.us/wiki_pages/sesame_street,ACCEPTED_CURATED_ROSTER,b8504ff7cd79b8cf4bb9ff49e6d01035dda3eb5d225f279ed34cf825dde7c0f3,,0,0,0,0,,3,no open mapped cohort candidate in retained exact-scope inventories
src-deba572f8e8425c4b541,lilo_&_stitch,https://danbooru.donmai.us/wiki_pages/lilo_%26_stitch,ACCEPTED_CURATED_ROSTER,d40d3cecefe30eda021ce6e9644d1ac2b695b76465562db7f9ed8c8c4c1698d3,,0,0,0,0,,1,no open mapped cohort candidate in retained exact-scope inventories
src-dec928aa08d24774d7e2,toeto_(vocaloid),https://piapro.net/pages/character,APPROVED_REPO_EVIDENCE,263b33a6cfd2bb4612fbfd09fa705d6e31d78e28feb535af581eb5c8b7064c2c,,0,0,0,0,,1,no open mapped cohort candidate in retained exact-scope inventories
src-df7eb09837ac210e3638,fate_(series),https://github.com/takasago181/DanbooruTagTool/issues/180,APPROVED_REPO_EVIDENCE,2bd46fbe847b35bef42605291f17f15af897d95c63480272a9ddb609d4a146c2,,0,0,0,0,,1,no open mapped cohort candidate in retained exact-scope inventories
src-dfc75755dd6923f365c5,shinsougumi,https://danbooru.donmai.us/wiki_pages/shinsougumi,ACCEPTED_CURATED_ROSTER,4063c38a36a18b26da4467edc2399f1b7ec6cd6132729bd61890cce687322716,,0,0,0,0,,1,no open mapped cohort candidate in retained exact-scope inventories
src-dfe4126f7a11fa1e778e,hataraku_ufo,https://danbooru.donmai.us/wiki_pages/hataraku_ufo,ACCEPTED_CURATED_ROSTER,e466d908d2f8b02e452180e9e4f6ce51da655d4c87fdb66b32dea602c7ef8199,,0,0,0,0,,1,no open mapped cohort candidate in retained exact-scope inventories
src-e01d56996a6253942931,zegapain,https://danbooru.donmai.us/wiki_pages/zegapain,ACCEPTED_CURATED_ROSTER,33be434b87ffb1e7bdde9d7b02ee96c61ff7bbe0470bf8843268583a5efc3ddd,,0,0,0,0,,2,no open mapped cohort candidate in retained exact-scope inventories
src-e0bbf42c67cdb8ab87c2,coco_(disney),https://danbooru.donmai.us/wiki_pages/coco_(disney),ACCEPTED_CURATED_ROSTER,141ddb17f10f8c1cf9b4f381ebc7a17e677ba251e4d4aa24cceb846afd238c1d,,0,0,0,0,,3,no open mapped cohort candidate in retained exact-scope inventories
src-e0f2e24b4cdaae9d5219,ame_to_kimi_to,https://danbooru.donmai.us/wiki_pages/ame_to_kimi_to,ACCEPTED_CURATED_ROSTER,477fdc267d4909a8aaa018dac115626224ca05d0fba9619c0657b6622792f948,,0,0,0,0,,1,no open mapped cohort candidate in retained exact-scope inventories
src-e1d142377fe05d4ba17f,meitantei_precure!,https://www.toei-anim.co.jp/tv/precure/about/,OFFICIAL_SERIES_DIRECTORY,91baa4bcc2a38ccb45b724f3396a3aaa76f2d5608a7c64a00937aa710c484354,SOURCE_MAPPING_CANDIDATES_MEITANTEI_PRECURE_2026-09-30.csv,0,0,0,4,,7,no open mapped cohort candidate in retained exact-scope inventories
src-e2363feef7d9241fc910,midori_no_makibaoo,https://danbooru.donmai.us/wiki_pages/midori_no_makibaoo,ACCEPTED_CURATED_ROSTER,66edbdf48d1bdc9884d6ba20465c1f3e13d87dec010e4b024119f31dbf431519,,0,0,0,0,,1,no open mapped cohort candidate in retained exact-scope inventories
src-e24934667aa5e1de6fb0,menhera-chan_(ezaki_bisuko),https://danbooru.donmai.us/wiki_pages/menhera-chan_(ezaki_bisuko),ACCEPTED_CURATED_ROSTER,3ab09224bfea8fae1979d91da5b918adede0e10b37fec5a8adb457a0f79be81a,,0,0,0,0,,2,no open mapped cohort candidate in retained exact-scope inventories
src-e258115bc29cadfcd759,gundam_seed,https://en.gundam-official.com/seed/seed/mecha/,OFFICIAL_GAME_ROSTER,c2aa2b14799c0d931f3981995070a97a8b06e94242c4bec4d92bb0239435c099,,0,0,0,0,,3,no open mapped cohort candidate in retained exact-scope inventories
src-e29b2bf22e4475d5e9a0,karakai_jouzu_no_takagi-san,https://danbooru.donmai.us/wiki_pages/karakai_jouzu_no_takagi-san,ACCEPTED_CURATED_ROSTER,a03f7628013f43687617b936b06957b5d0a81d066d7cb846da6a22d111a9dc23,,0,0,0,0,,2,no open mapped cohort candidate in retained exact-scope inventories
src-e2ed7080a11b31455367,smiling_friends,https://danbooru.donmai.us/wiki_pages/smiling_friends,ACCEPTED_CURATED_ROSTER,5a6d345ffb44740a4b7c18eafa282e50ddaba8b9065a98d24ada5833217a1b8c,,0,0,0,0,,2,no open mapped cohort candidate in retained exact-scope inventories
src-e3a0cf40c1e97a9e119a,,https://www.fate-go.jp/trajectory/servant/,OFFICIAL_CHARACTER_ROSTER,4f76f4b9593d1169fd31854e5211ef82114022ada3e1c937a66d6e82163cf4c8,,0,0,0,0,,0,no open mapped cohort candidate in retained exact-scope inventories
src-e3a2cbab4d2f24b8507e,sangatsu_no_lion,https://danbooru.donmai.us/wiki_pages/sangatsu_no_lion,ACCEPTED_CURATED_ROSTER,36d0c4a588f313267e65713ff386ba987f7fa55f1ac1bfd6d27f11cd74fbbe35,,0,0,0,0,,4,no open mapped cohort candidate in retained exact-scope inventories
src-e41d8f7472433174bdba,kill_bill,https://danbooru.donmai.us/wiki_pages/kill_bill,ACCEPTED_CURATED_ROSTER,755630a8c9a13e0ccfcbf154ce3104f6680a7052825e25dbbefccc0c8e49967b,,0,0,0,0,,1,no open mapped cohort candidate in retained exact-scope inventories
src-e512bebef043c3754329,kore_wa_zombie_desu_ka?,https://danbooru.donmai.us/wiki_pages/kore_wa_zombie_desu_ka%3F,ACCEPTED_CURATED_ROSTER,dbf19b7512d97c97a45fb77d49e24bbba018d87c35939c40711afc6a2c89f868,,0,0,0,0,,2,no open mapped cohort candidate in retained exact-scope inventories
src-e528f48d47a82654ba1f,senpai_ga_uzai_kouhai_no_hanashi,https://danbooru.donmai.us/wiki_pages/senpai_ga_uzai_kouhai_no_hanashi,ACCEPTED_CURATED_ROSTER,6cca961ed291f1d32bafaef7055c461c07a53e4058d47baeee82d72d9c40f7f6,,0,0,0,0,,1,no open mapped cohort candidate in retained exact-scope inventories
src-e59f8b4a1450fa190e2e,boukun_habanero,https://danbooru.donmai.us/wiki_pages/boukun_habanero,ACCEPTED_CURATED_ROSTER,0aaee364941c435907899585f60c2c3ffc18856cdf6b81f82a861e298b55ecd7,,0,0,0,0,,2,no open mapped cohort candidate in retained exact-scope inventories
src-e5b209301b235b37a4bf,spice_and_wolf,https://spice-and-wolf.com/,OFFICIAL_CHARACTER_ROSTER,7574121160ccfc2ce3ab34e84bb5c14c6469e5c33ae149f62dcdc3d87c1c6c9b,,0,0,0,0,,1,no open mapped cohort candidate in retained exact-scope inventories
src-e5c00ee82e3a0e542b2f,suicide_boy,https://danbooru.donmai.us/wiki_pages/suicide_boy,ACCEPTED_CURATED_ROSTER,f88a6e4b98b26cd4b10f68f39568d3163a4ee71f375771482c87c9933eca2b60,,0,0,0,0,,2,no open mapped cohort candidate in retained exact-scope inventories
src-e60754c4a91dce65b458,love_live!_hasu_no_sora_jogakuin_school_idol_club,https://www.lovelive-anime.jp/hasunosora/music/30/,OFFICIAL_CHARACTER_ROSTER,b3f36d475022fea1795f464a7daf61af57fc5ad4ebd1e371cac8181d8b7ceaa6,SOURCE_MAPPING_CANDIDATES_HASUNOSORA_2026-09-30.csv,0,2,0,7,fujishima_megumi_(winter_loungewear)|osawa_rurino_(summer_loungewear),8,open candidate requires mapping/conflict review
src-e6236119928ee769c8fd,oshi_no_ko,https://ichigoproduct.com/Season3/staffcast/,OFFICIAL_CHARACTER_ROSTER,7d7fdb0b6dc4d3debc3d497a8951c7a2acfb88946f40f2524d0b1b06ef061c83,,0,0,0,0,,1,no open mapped cohort candidate in retained exact-scope inventories
src-e637620dd7b8f96f6ed5,densetsu_no_yuusha_no_densetsu,https://danbooru.donmai.us/wiki_pages/densetsu_no_yuusha_no_densetsu,ACCEPTED_CURATED_ROSTER,7ddb0502d1571f0befebe0c8de7b0a15e0ad915d30e97ed0670809fb5b52e915,,0,0,0,0,,1,no open mapped cohort candidate in retained exact-scope inventories
src-e6b5644d016d52b5a5ab,final_fantasy_xiv,https://jp.finalfantasyxiv.com/endwalker/patch_6_0/,OFFICIAL_CHARACTER_ROSTER,1e3a10bd8fade0bcf57bf7b80b9b05adfc65cb3a018a360404d28a66dae10b36,SOURCE_MAPPING_CANDIDATES_FINAL_FANTASY_XIV_ENDWALKER_2026-09-30.csv,0,0,1,10,,9,no open mapped cohort candidate in retained exact-scope inventories
src-e711f9b1394cb8c30a00,tantei_opera_milky_holmes,https://danbooru.donmai.us/wiki_pages/tantei_opera_milky_holmes,ACCEPTED_CURATED_ROSTER,0d981793df36ae1f42c67a7c0f24a745019fdbc699f8af770bc2e47759e8572d,,0,0,0,0,,3,no open mapped cohort candidate in retained exact-scope inventories
src-e7406bbc06eec9f2058c,utau,https://camp-fire.jp/projects/294279/view,FIRST_PARTY_OTHER,4edbbc352a04a8ea3e677ffbf92d65b1ce00e00808dc9ec259f30aaa371dc1f7,,0,0,0,0,,1,no open mapped cohort candidate in retained exact-scope inventories
src-e74ace645609eea90bc6,seiken_gakuin_no_maken_tsukai,https://danbooru.donmai.us/wiki_pages/seiken_gakuin_no_maken_tsukai,ACCEPTED_CURATED_ROSTER,d2865a25d868e2e70e8803a82e93a78e35f678602cfd698875f19c32e11fef57,,0,0,0,0,,3,no open mapped cohort candidate in retained exact-scope inventories
src-e7d97a74c9ea9369629c,azur_lane,https://github.com/takasago181/DanbooruTagTool/issues/180,APPROVED_REPO_EVIDENCE,b9e32a7a0906729f91bed39f6ecc95cc6df6e68d6e968063ed7ef32bc528d83c,,0,0,0,0,,1,no open mapped cohort candidate in retained exact-scope inventories
src-e836821f02ff0753b095,gatchaman_crowds,https://danbooru.donmai.us/wiki_pages/gatchaman_crowds,ACCEPTED_CURATED_ROSTER,558d1d3fb78e0d242cea31c917afc36a98d42a81ba3a028d9e3c63cb3e0e453a,,0,0,0,0,,3,no open mapped cohort candidate in retained exact-scope inventories
src-e90e04574f40bd1e7092,otoyomegatari,https://danbooru.donmai.us/wiki_pages/otoyomegatari,ACCEPTED_CURATED_ROSTER,a2b735ca6821c94f2add395fafb465b03dd8f7c798cc048a3040f8acd30217a4,,0,0,0,0,,1,no open mapped cohort candidate in retained exact-scope inventories
src-e98c7296591f3d663381,kashimashi,https://danbooru.donmai.us/wiki_pages/kashimashi,ACCEPTED_CURATED_ROSTER,bd87b896db7bbfb88f90aa145da771eef7f22e48ef994b1b2335fce16a1944f9,,0,0,0,0,,3,no open mapped cohort candidate in retained exact-scope inventories
src-e9c33b61c5127162b8f4,skip_to_loafer,https://danbooru.donmai.us/wiki_pages/skip_to_loafer,ACCEPTED_CURATED_ROSTER,20e16134cc6f50bc284ba29402c0f424260b97f42cc3986b155dd41e1ece0760,,0,0,0,0,,2,no open mapped cohort candidate in retained exact-scope inventories
src-ea2634732695d5893176,battle_angel_alita,https://danbooru.donmai.us/wiki_pages/battle_angel_alita,ACCEPTED_CURATED_ROSTER,4d98761b70d3eb5d97507cee5b589a95dadb920db6ad5e6a11a8fca313002136,,0,0,0,0,,1,no open mapped cohort candidate in retained exact-scope inventories
src-ebca51b0bb2eca6044b8,boku_no_hero_academia,https://danbooru.donmai.us/wiki_pages/list_of_boku_no_hero_academia_characters,ACCEPTED_CURATED_ROSTER,73079bf4c4ab7ed9d86ac0f9c35766fe5e68a1c9029eb3b9d480a5067ae0712a,,0,0,0,0,,8,no open mapped cohort candidate in retained exact-scope inventories
src-ec1a1f9cf6976632aa1e,gravity_falls,https://danbooru.donmai.us/wiki_pages/gravity_falls,ACCEPTED_CURATED_ROSTER,12ed8d8dc222adf166863b1b582c7b8585135696cb58438a274f0bbbadd798d4,,0,0,0,0,,2,no open mapped cohort candidate in retained exact-scope inventories
src-ec2f075a0c3c8d5d2b21,halo_(series),https://danbooru.donmai.us/wiki_pages/halo_(series),ACCEPTED_CURATED_ROSTER,d6cab5d55d963d37ff5df26bf7e9dfe82a0ddf58c799eaad9d1a76b6378d2909,,0,0,0,0,,2,no open mapped cohort candidate in retained exact-scope inventories
src-ec5725c0df2e13979faf,mega_man_star_force_(series),https://static.capcom.com/megaman/starforce/MMSF_PEGASUS_manual.pdf,OFFICIAL_CHARACTER_ROSTER,45f00699033d70d1fad05819261c3211fce81e2e1eea00b8134e099c637cfa1d,,0,0,0,0,,4,no open mapped cohort candidate in retained exact-scope inventories
src-ed04674c1a5a62389100,omori,https://www.omori-game.com/,APPROVED_REPO_EVIDENCE,340f40182b730b8b8030f5b0bc05624e392778ce862f71090817d872fbc175bf,,0,0,0,0,,1,no open mapped cohort candidate in retained exact-scope inventories
src-edc5fc92c02153846aea,sengoku_otome,https://danbooru.donmai.us/wiki_pages/sengoku_otome,ACCEPTED_CURATED_ROSTER,6f2a4dd5a9077c4eb37ba8a03b2cc70c12f135efc83f04d68ff37dd9eee572f4,,0,0,0,0,,1,no open mapped cohort candidate in retained exact-scope inventories
src-ee2d21f5e327a17d16eb,made_in_abyss,https://github.com/takasago181/DanbooruTagTool/issues/180,APPROVED_REPO_EVIDENCE,e77ba6bd31c40b2ad22d50eac7cc419c2a43cced1204dc9b08a20e5e6075e84b,,0,0,0,0,,1,no open mapped cohort candidate in retained exact-scope inventories
src-ee8e37b537e5e749501e,honkai:_star_rail,https://github.com/takasago181/DanbooruTagTool/issues/180,APPROVED_REPO_EVIDENCE,dcebcf0acbb52237c9da0f62418bbb4e61497fe846cb016977bb5da1fc4e78ee,,0,0,0,0,,1,no open mapped cohort candidate in retained exact-scope inventories
src-eebb1649417ebad3fa19,sekai_seifuku:_bouryaku_no_zvezda,https://danbooru.donmai.us/wiki_pages/sekai_seifuku:_bouryaku_no_zvezda,ACCEPTED_CURATED_ROSTER,cb33c08edb6fa9c5605ecd72dd161e92329f9ba3ffb6068a603d92bbdb4d8f13,,0,0,0,0,,4,no open mapped cohort candidate in retained exact-scope inventories
src-eeca0975273421f9406e,mabinogi,https://danbooru.donmai.us/wiki_pages/mabinogi,ACCEPTED_CURATED_ROSTER,2e7c33fe6cceaaf1923c7dd5df6a2dd7384f6ee707d5c9d6914038813ada47d4,,0,0,0,0,,1,no open mapped cohort candidate in retained exact-scope inventories
src-eed1aeb8d6762be1a620,tsukihime,https://danbooru.donmai.us/wiki_pages/tsukihime,ACCEPTED_CURATED_ROSTER,628d4b1e4238d705481d0767a638c816c2dcee97241b25d70b10789d622397b5,,0,0,0,0,,2,no open mapped cohort candidate in retained exact-scope inventories
src-ef5d1a5432d82517a68e,ore_no_kanojo_to_osananajimi_ga_shuraba_sugiru,https://danbooru.donmai.us/wiki_pages/ore_no_kanojo_to_osananajimi_ga_shuraba_sugiru,ACCEPTED_CURATED_ROSTER,9bce7319cb4764998aa36d91517538b2a5ab38a229323694ad71a717f046346a,,0,0,0,0,,2,no open mapped cohort candidate in retained exact-scope inventories
src-ef737d05e4a80eafec46,fushigi_no_umi_no_nadia,https://danbooru.donmai.us/wiki_pages/fushigi_no_umi_no_nadia,ACCEPTED_CURATED_ROSTER,cd7012ee7a79965d015428b3ea70d24d802d161c84e04afbf78482580b435fb2,,0,0,0,0,,4,no open mapped cohort candidate in retained exact-scope inventories
src-efca4d4346ac23b3cc5f,black_rock_shooter,https://danbooru.donmai.us/wiki_pages/black_rock_shooter,ACCEPTED_CURATED_ROSTER,edb28297dfd0e91995415a1bcea831178dc0d78c8077e8b9d9d2f4454398773c,,0,0,0,0,,4,no open mapped cohort candidate in retained exact-scope inventories
src-efcfe1874e5880685101,golden_time,https://danbooru.donmai.us/wiki_pages/golden_time,ACCEPTED_CURATED_ROSTER,1f8017d3d5e9bde45a907d8fbcdd896abc3939a7e77d33ce283bb1fb718c203b,,0,0,0,0,,1,no open mapped cohort candidate in retained exact-scope inventories
src-efe3a386c2322db7eb70,tenmaku_no_jaadugar,https://danbooru.donmai.us/wiki_pages/tenmaku_no_jaadugar,ACCEPTED_CURATED_ROSTER,b2e58b1fcf7db198eceaedb1e59a5251f33e608ecd72afa278e4c38766ec7d68,,0,0,0,0,,1,no open mapped cohort candidate in retained exact-scope inventories
src-effece89953773e407df,no_game_no_life,https://danbooru.donmai.us/wiki_pages/no_game_no_life,ACCEPTED_CURATED_ROSTER,a4e7bd765ac589521111571e7079dd3f6ac8459e91959a85f07bf8bcd1713c23,,0,0,0,0,,2,no open mapped cohort candidate in retained exact-scope inventories
src-f04049c70041a1ceb7d9,22/7,https://danbooru.donmai.us/wiki_pages/22%2F7,ACCEPTED_CURATED_ROSTER,87e8de511bc64086b408c69a9767fb22634b46fce9349e230b71fbb01e7bdc18,,0,0,0,0,,8,no open mapped cohort candidate in retained exact-scope inventories
src-f07283847e45d8b60ad3,tetsujin_28-gou,https://danbooru.donmai.us/wiki_pages/tetsujin_28-gou,ACCEPTED_CURATED_ROSTER,5ff855d9ae93aa4e96f0fc28521526e8265249f8764624dbe4ec4e994e8c33b3,,0,0,0,0,,1,no open mapped cohort candidate in retained exact-scope inventories
src-f0d079e9b1c689ca8352,oomakase,https://danbooru.donmai.us/wiki_pages/oomakase,ACCEPTED_CURATED_ROSTER,5ce0f74d6cbe85921541cd066a20917570948f929a01a1515be28469881cfe8a,,0,0,0,0,,4,no open mapped cohort candidate in retained exact-scope inventories
src-f0ecc7d684f159e050f8,hunter_x_hunter,https://danbooru.donmai.us/wiki_pages/list_of_hunter_x_hunter_characters,ACCEPTED_CURATED_ROSTER,801f23d51f36e9c65dd55f946d850355477e9b293d0b59738a687ac500a38691,,0,0,0,0,,6,no open mapped cohort candidate in retained exact-scope inventories
src-f12fbb12557e244b76c4,strike_the_blood,https://danbooru.donmai.us/wiki_pages/strike_the_blood,ACCEPTED_CURATED_ROSTER,6f962d08c3f7ab9f807adde4878aa7a39865745f3c905ca85cb12bdba81296d5,,0,0,0,0,,6,no open mapped cohort candidate in retained exact-scope inventories
src-f14858113dd848418f47,c_(control),https://danbooru.donmai.us/wiki_pages/c_(control),ACCEPTED_CURATED_ROSTER,9c5e5e25d206b01f62d4a29a457b0bae9421d2c2a0775e0529f82be085e948f9,,0,0,0,0,,3,no open mapped cohort candidate in retained exact-scope inventories
src-f18e9e3ec21f781e2c0b,maji_de_watashi_ni_koi_shinasai!,https://danbooru.donmai.us/wiki_pages/maji_de_watashi_ni_koi_shinasai!,ACCEPTED_CURATED_ROSTER,ac906572e9abba95e31e07190a786fd33b613ec65a5b65e8451125a0bc895f91,,0,0,0,0,,6,no open mapped cohort candidate in retained exact-scope inventories
src-f1a77219da2ce0251618,boku_girl,https://danbooru.donmai.us/wiki_pages/boku_girl,ACCEPTED_CURATED_ROSTER,33e6a7b48b419d566d27136e2549fa511c57227be9869d52503b9140782155c4,,0,0,0,0,,1,no open mapped cohort candidate in retained exact-scope inventories
src-f1b4a47798502ccfa7de,tsuyokiss,https://danbooru.donmai.us/wiki_pages/tsuyokiss,ACCEPTED_CURATED_ROSTER,d1d7cb78ac9343c4550c2560c8aa62e847e9c2964f6a5f1ef586d3879cdb03ee,,0,0,0,0,,3,no open mapped cohort candidate in retained exact-scope inventories
src-f1ef9ec28ecf538e27f7,fresh_precure!,https://www.toei-anim.co.jp/tv/fresh_precure/staff/,OFFICIAL_CHARACTER_ROSTER,6343a6a65008c6dd6b212ee826ca1809382971681ef800b18f2ed16e5798c7be,SOURCE_MAPPING_CANDIDATES_FRESH_2026-09-30.csv,0,0,1,6,,5,no open mapped cohort candidate in retained exact-scope inventories
src-f21a654a7119588e3e39,cosmic_break,https://danbooru.donmai.us/wiki_pages/cosmic_break,ACCEPTED_CURATED_ROSTER,85bfd07e8a2bc19d8a677e92e205bf6287369020cb0593aabebacba450c245b6,,0,0,0,0,,4,no open mapped cohort candidate in retained exact-scope inventories
src-f29b1f49581a31ea42c8,sora_no_otoshimono,https://danbooru.donmai.us/wiki_pages/sora_no_otoshimono,ACCEPTED_CURATED_ROSTER,3808dea573494fb07ce2ef1883675004d9684033d6572c5627f40198eb02510e,,0,0,0,0,,4,no open mapped cohort candidate in retained exact-scope inventories
src-f2c391347c903fcb803f,himawari!,https://danbooru.donmai.us/wiki_pages/himawari!,ACCEPTED_CURATED_ROSTER,f6bc52f8337c3e007bac787c3f2cb604027b4b7d72bb9c31283f94d9a64f8532,,0,0,0,0,,1,no open mapped cohort candidate in retained exact-scope inventories
src-f34e7c8b16e9c21f3e19,dragon_ball,https://en.dragon-ball-official.com/about,APPROVED_REPO_EVIDENCE,b7d7c98031c3e976b098bb445f6b80fdbe5aa215acec7763dd2f42a44a74dc4e,,0,0,0,0,,5,no open mapped cohort candidate in retained exact-scope inventories
src-f394488cc491860522e6,healin'_good_precure,https://www.toei-anim.co.jp/tv/healingood_precure/info/,OFFICIAL_SERIES_DIRECTORY,0c00d74bf240749406c3556f0488859bd5e6e8d5f2ffa8487685a554a1f4f544,SOURCE_MAPPING_CANDIDATES_HEALIN_GOOD_PRECURE_2026-09-30.csv,0,0,1,7,,7,no open mapped cohort candidate in retained exact-scope inventories
src-f39be48f8e2628e3741c,bakumatsu_rouman,https://danbooru.donmai.us/wiki_pages/bakumatsu_rouman,ACCEPTED_CURATED_ROSTER,6e3aa38c73d8ee109a88ec77acbc266aac98fbe7bd41ed0d2c5125104451abcf,,0,0,0,0,,1,no open mapped cohort candidate in retained exact-scope inventories
src-f3ffc39af2d269e7d51f,esse_series,https://danbooru.donmai.us/wiki_pages/esse_series,ACCEPTED_CURATED_ROSTER,94f20a19bf370fda60df499ca109e8d26cddb1f379c20d0e92e7b62058b18297,,0,0,0,0,,5,no open mapped cohort candidate in retained exact-scope inventories
src-f51695aed0f8ee3c30aa,cinderella_(fairy_tale),https://danbooru.donmai.us/wiki_pages/cinderella_(fairy_tale),ACCEPTED_CURATED_ROSTER,ea5d64b01b608df96aa91eb8c9c6154ffced8dc33c43e17c4d78bc71eb8c706f,,0,0,0,0,,1,no open mapped cohort candidate in retained exact-scope inventories
src-f575270cdb8bfc723d45,vocaloid,https://www.ah-soft.com/company/english/history.html,OFFICIAL_CHARACTER_PROFILE,01caf2215b25a3f38e42e13cf0d6b2f083f9cadcc357a6f5fa839423fd331c24,,0,0,0,0,,1,no open mapped cohort candidate in retained exact-scope inventories
src-f5da2f7db97cb0c5bff7,gundam_seed_freedom,https://gundam-official.com/seed/freedom/character/,OFFICIAL_CHARACTER_ROSTER,9974a159289ca92aea7cb906abc326e902a34984798be1f4168eb3e989334e72,,0,0,0,0,,1,no open mapped cohort candidate in retained exact-scope inventories
src-f67fc773cb84399038dc,rail_wars!,https://danbooru.donmai.us/wiki_pages/rail_wars!,ACCEPTED_CURATED_ROSTER,b319c781bcfde00dba019e1b7dfe92eeec5f8b3eb9a12c4da26f817bba4a0901,,0,0,0,0,,2,no open mapped cohort candidate in retained exact-scope inventories
src-f6a5b2033a57a509d35f,zenbu_kimi_no_sei,https://danbooru.donmai.us/wiki_pages/zenbu_kimi_no_sei,ACCEPTED_CURATED_ROSTER,14a55ab958fa94f29762feb2b19452e469417bf30d7dc46da86ec2741336b2d9,,0,0,0,0,,2,no open mapped cohort candidate in retained exact-scope inventories
src-f6a769dd42f9079eddf4,hentai_ouji_to_warawanai_neko.,https://danbooru.donmai.us/wiki_pages/hentai_ouji_to_warawanai_neko.,ACCEPTED_CURATED_ROSTER,201717d2540cc7232711fcd557549f2d8235d1e0e6fe6531b019e4470856f674,,0,0,0,0,,4,no open mapped cohort candidate in retained exact-scope inventories
src-f6d672e52d4bc2b743a5,machikado_mazoku,https://www.tbs.co.jp/anime/machikado/1st/character/,OFFICIAL_CHARACTER_PROFILE,bf37be23e5943f6be166f88a66786ebd1c8663924dd98203877410f47da24000,,0,0,0,0,,1,no open mapped cohort candidate in retained exact-scope inventories
src-f73c3af5b830512c02f2,idolmaster,https://idollist.idolmaster-official.jp/,APPROVED_REPO_EVIDENCE,d51843d2d4e5bae59a56b689dbcc8931b95d629d00c3be2c66d590f003dff1b2,,0,0,0,0,,17,no open mapped cohort candidate in retained exact-scope inventories
src-f74990ed118e0e4a6178,mayo_chiki!,https://danbooru.donmai.us/wiki_pages/mayo_chiki!,ACCEPTED_CURATED_ROSTER,16441ec332a297e76f63694592619911f74dd34dc3a2c146ae68b0a2b6283132,,0,0,0,0,,3,no open mapped cohort candidate in retained exact-scope inventories
src-f757ebaf10d26269fea9,blood-c,https://danbooru.donmai.us/wiki_pages/blood-c,ACCEPTED_CURATED_ROSTER,3f85a429243a9db14d545e75182ee7c3f0f2c7ddad67c09e0ef22d2fd160ffe8,,0,0,0,0,,1,no open mapped cohort candidate in retained exact-scope inventories
src-f77655ba8f6bc742874c,endro!,https://danbooru.donmai.us/wiki_pages/endro!,ACCEPTED_CURATED_ROSTER,e3602ead0182efaa3b518952d88503e4f465b0b278f9905c37b88fa1013cd398,,0,0,0,0,,4,no open mapped cohort candidate in retained exact-scope inventories
src-f7b00ab2f9507d6a0817,anemoi,https://danbooru.donmai.us/wiki_pages/anemoi,ACCEPTED_CURATED_ROSTER,637c5db91f037c67d7e2d528a07d446d0a1a643ac24b0ed5872bbb8b13ee8122,,0,0,0,0,,1,no open mapped cohort candidate in retained exact-scope inventories
src-f7d6e7124ecce9fb642b,touhou,https://danbooru.donmai.us/wiki_pages/list_of_touhou_characters,ACCEPTED_CURATED_ROSTER,ceadcd96925d9b47bef221ae2a538f391d8f4a5b2229f02cfa2781651f31a8a4,,0,0,0,0,,1,no open mapped cohort candidate in retained exact-scope inventories
src-f883efe4f2b045f68fb0,wario_land,https://danbooru.donmai.us/wiki_pages/wario_land,ACCEPTED_CURATED_ROSTER,e5583f1cd1951c600227d232be133b06dd2e8d1e65e682b9edcfc188a6d1232c,,0,0,0,0,,2,no open mapped cohort candidate in retained exact-scope inventories
src-f8a31afa3b3ac86ddb1c,sonic_(series),https://danbooru.donmai.us/wiki_pages/sonic_(series),ACCEPTED_CURATED_ROSTER,3d0376ac9355d0b2c663585bd154c2bc73710d3d0339e8e82a4f6756dd6632b2,,0,0,0,0,,7,no open mapped cohort candidate in retained exact-scope inventories
src-f8cb880e0e4d7db3179c,metroid,https://csassets.nintendo.com/noaext/image/private/t_KA_PDF/Metroid_Samus_Returns_EN?_a=DATAg1AAZAA0,OFFICIAL_GAME_ROSTER,27dfc556f5de9eb9cf46d6a42e88fbdea033e9fe58d7812c7d7ab51c5c0f92b8,,0,0,0,0,,1,no open mapped cohort candidate in retained exact-scope inventories
src-f90470b0957097c1b5a7,fate/grand_order,https://www.fate-go.jp/trajectory/servant/,OFFICIAL_CHARACTER_ROSTER,b0cf460cc58c13b1108780479c43bc34e1459e57f67fea9bc0e71a47dffdb87b,SOURCE_MAPPING_CANDIDATES_FGO_OFFICIAL_SERVANT_TIMELINE_ALL_2026-09-30.csv,0,4,218,249,media_(pani_poni)|taikoubou|valkyrie_(vnd)|void_shiki,1,open candidate requires mapping/conflict review
src-f91d54d1f7f5c3d58766,teenage_mutant_ninja_turtles,https://danbooru.donmai.us/wiki_pages/teenage_mutant_ninja_turtles,ACCEPTED_CURATED_ROSTER,c8f334906afd3ab0764de94cc4347b8cf7d72e8eb988199fd8f6635ce071eaa2,,0,0,0,0,,1,no open mapped cohort candidate in retained exact-scope inventories
src-f92bf4542fda0578eca3,maria_holic,https://danbooru.donmai.us/wiki_pages/maria_holic,ACCEPTED_CURATED_ROSTER,ebb51f0a16a00964d5228e4a8e968e576c8a84c7ace45fe156785ca7432545cb,,0,0,0,0,,3,no open mapped cohort candidate in retained exact-scope inventories
src-f938cbf472e915d9f96c,saihate_eki,https://danbooru.donmai.us/wiki_pages/saihate_eki,ACCEPTED_CURATED_ROSTER,2a2a8181ab7f41bac5c8a709ff97a6ae8ee6a6cedfde10eb95e2aed9c7e4e0ba,,0,0,0,0,,3,no open mapped cohort candidate in retained exact-scope inventories
src-f97e1de7f9cdd809c1b8,lupin_iii,https://danbooru.donmai.us/wiki_pages/lupin_iii,ACCEPTED_CURATED_ROSTER,34a08ef8c4690337fe493d351b3a26c0e3a3eb0e9974d090012dde61b0b25a90,,0,0,0,0,,5,no open mapped cohort candidate in retained exact-scope inventories
src-f98b6f675df26878f52f,druaga_no_tou,https://danbooru.donmai.us/wiki_pages/druaga_no_tou,ACCEPTED_CURATED_ROSTER,3d687dd54626339ef2dc1e63ccadddb3a3078fceb85a463c0669fd7237a915e6,,0,0,0,0,,1,no open mapped cohort candidate in retained exact-scope inventories
src-f9d2304ad610c67d055b,kamiina_botan_yoeru_sugata_wa_yuri_no_hana,https://danbooru.donmai.us/wiki_pages/kamiina_botan_yoeru_sugata_wa_yuri_no_hana,ACCEPTED_CURATED_ROSTER,5d52790530212b8f883299902a9855758da211616276ea29794504fc0fadb0cb,,0,0,0,0,,6,no open mapped cohort candidate in retained exact-scope inventories
src-f9d985a534027f1f76ce,satsuriku_no_tenshi,https://danbooru.donmai.us/wiki_pages/satsuriku_no_tenshi,ACCEPTED_CURATED_ROSTER,eb63c8b0f1f6e42a803307c44a1ec0444b6564441fc6f2ae4d6efd37496896c3,,0,0,0,0,,2,no open mapped cohort candidate in retained exact-scope inventories
src-fa3b51a323fd3eeff7bf,winnie_the_pooh,https://danbooru.donmai.us/wiki_pages/winnie_the_pooh,ACCEPTED_CURATED_ROSTER,cad7b48af3ad78c6f95eb18dea2feddf3a27d3330f52d453086a3eed351cd80a,,0,0,0,0,,1,no open mapped cohort candidate in retained exact-scope inventories
src-fae63536d34e208ce995,no_more_eiga_dorobou,https://danbooru.donmai.us/wiki_pages/no_more_eiga_dorobou,ACCEPTED_CURATED_ROSTER,8407ac3c30f58474edaca823a1615c1c7b1400d27a8f50a8ffc46b5291c60b32,,0,0,0,0,,1,no open mapped cohort candidate in retained exact-scope inventories
src-fafb0737465b64ec1411,wake_up_girls!,https://danbooru.donmai.us/wiki_pages/wake_up_girls!,ACCEPTED_CURATED_ROSTER,9d9edd1c294bde1d1dfc6185ddf8fcc27bc774ef200c532de716ad2a63c090b2,,0,0,0,0,,6,no open mapped cohort candidate in retained exact-scope inventories
src-fb3371a368ec875be373,angel_sanctuary,https://danbooru.donmai.us/wiki_pages/angel_sanctuary,ACCEPTED_CURATED_ROSTER,c5ceb8213e83fafbe0585c02dfb542fab8205e7ba2d45b9bea642d4621999d3f,,0,0,0,0,,1,no open mapped cohort candidate in retained exact-scope inventories
src-fbba66bd5ffc8e5f16dc,princession_orchestra,https://danbooru.donmai.us/wiki_pages/princession_orchestra,ACCEPTED_CURATED_ROSTER,b6e082dd9929a39906c76c825da6f868fa9e619ad52ed8b18828135abd391086,,0,0,0,0,,1,no open mapped cohort candidate in retained exact-scope inventories
src-fbc251cfdd44318c16d5,basquash!,https://danbooru.donmai.us/wiki_pages/basquash!,ACCEPTED_CURATED_ROSTER,0fde9e5963108a48964da553f6ea65db7dd658440335257dd4690b3f957d9119,,0,0,0,0,,1,no open mapped cohort candidate in retained exact-scope inventories
src-fc12ccfddcb54650e191,final_fantasy_viii,https://www.jp.square-enix.com/ffviii/character/,OFFICIAL_CHARACTER_ROSTER,dd480075b0c1397aeff4b5a0ddfd4196c1e90e0c9fbe73fd6bbeb73fb02060aa,SOURCE_MAPPING_CANDIDATES_FINAL_FANTASY_VIII_CHARACTER_PAGE_2026-09-30.csv,0,0,0,8,,8,no open mapped cohort candidate in retained exact-scope inventories
src-fded85d86c79e70c0142,dokidoki!_precure,https://lineup.toei.co.jp/ja/tv/dd_precure/character/,OFFICIAL_CHARACTER_ROSTER,97e72a677cd923d207bc0dae0af9e2bd9e3e110a5b4eea846e479fd33b497e72,SOURCE_MAPPING_CANDIDATES_DOKIDOKI_PRECURE_MAIN_CAST_2026-09-30.csv,0,1,0,9,kaminari_ai,1,open candidate requires mapping/conflict review
src-fdf7c9d340b312ba1e29,lotte_no_omocha!,https://danbooru.donmai.us/wiki_pages/lotte_no_omocha!,ACCEPTED_CURATED_ROSTER,131c07ee89595bf1a4b7657b8cd78d7201571882073b68d99492b500190d38fe,,0,0,0,0,,4,no open mapped cohort candidate in retained exact-scope inventories
src-ff128542c7dc481b7ed0,zenshuu,https://danbooru.donmai.us/wiki_pages/zenshuu,ACCEPTED_CURATED_ROSTER,a434abe17169217a1737abe8890d7c390b0f7b8ac51d08a552c9913b60a278dc,,0,0,0,0,,1,no open mapped cohort candidate in retained exact-scope inventories
src-ff56ae727b7213ee9476,the_big_o,https://danbooru.donmai.us/wiki_pages/the_big_o,ACCEPTED_CURATED_ROSTER,11736f89a4442cf5804dd4c4c19f688d1d26e94613f8e9c02c653c4078aa9131,,0,0,0,0,,2,no open mapped cohort candidate in retained exact-scope inventories
src-ff798827d01198c5d2d4,vocaloid,https://www.gynoid.co.jp/items/view/8,OFFICIAL_CHARACTER_PROFILE,f1c523dad86b02aadba30e0f10ba58903c0f6914ebb1f43360ebf3a5e3b3e1cf,,0,0,0,0,,1,no open mapped cohort candidate in retained exact-scope inventories
src-ff813610a8b9ae3a8029,honkai_gakuen,https://danbooru.donmai.us/wiki_pages/list_of_honkai_gakuen_characters,ACCEPTED_CURATED_ROSTER,4bc0c8ad9862bc8df7b19e36cd82053b07431150b5c8de81cfd03167872bea4a,,0,0,0,0,,16,no open mapped cohort candidate in retained exact-scope inventories
src-ffbe4568f90405557d4d,frame_arms_girl,https://danbooru.donmai.us/wiki_pages/frame_arms_girl,ACCEPTED_CURATED_ROSTER,1f883b4654315478ac81e7aff4c8f61d6ad154775624bcc9a3012010cf662ee1,,0,0,0,0,,5,no open mapped cohort candidate in retained exact-scope inventories
src-ffbf3fb602c64dff99a4,suketto_sanjou!,https://danbooru.donmai.us/wiki_pages/suketto_sanjou!,ACCEPTED_CURATED_ROSTER,fbd99720d48a3acb375824e2df54636a5f2964911b6a67f83d01c4caa38b2071,,0,0,0,0,,2,no open mapped cohort candidate in retained exact-scope inventories
src-ffd64beb7262b6c7ba91,odd_taxi,https://danbooru.donmai.us/wiki_pages/odd_taxi,ACCEPTED_CURATED_ROSTER,06b6d9e6043ef38ad3ff2bf54de3d7a47c58d280b6131616212b99b09e3d4525,,0,0,0,0,,2,no open mapped cohort candidate in retained exact-scope inventories
