subject_type,subject_key,relation_type,object_key,authority_type,evidence_basis,source_url,source_claim,review_state,source_provenance,migration_class
Family,#compass,FAMILY_HOME,#compass,EXACT_COPYRIGHT_REVIEWED,REVIEWED_QUALIFIER_COPYRIGHT,,Second-reviewed Issue #180 exact qualifier review: family key '#compass' equals the unique in-catalog Copyright root '#compass'; candidate_authority=EXACT_QUALIFIER_EQUALS_COPYRIGHT_TAG.,VALIDATED,GLOBAL_EXACT_COPYRIGHT_SECOND_REVIEW_V1.csv; second-review=GLOBAL_EXACT_COPYRIGHT_SECOND_REVIEW_V1.csv; key=#compass; candidate_root_hint=#compass; state=PASS,SAFE_TO_MIGRATE
Family,.flow,FAMILY_HOME,.flow,EXACT_COPYRIGHT_REVIEWED,REVIEWED_QUALIFIER_COPYRIGHT,,Second-reviewed Issue #180 exact qualifier review: family key '.flow' equals the unique in-catalog Copyright root '.flow'; candidate_authority=EXACT_QUALIFIER_EQUALS_COPYRIGHT_TAG.,VALIDATED,GLOBAL_EXACT_COPYRIGHT_SECOND_REVIEW_V1.csv; second-review=GLOBAL_EXACT_COPYRIGHT_SECOND_REVIEW_V1.csv; key=.flow; candidate_root_hint=.flow; state=PASS,SAFE_TO_MIGRATE
Family,.hack//,FAMILY_HOME,.hack//,EXACT_COPYRIGHT_REVIEWED,REVIEWED_QUALIFIER_COPYRIGHT,,Second-reviewed Issue #180 exact qualifier review: family key '.hack//' equals the unique in-catalog Copyright root '.hack//'; candidate_authority=EXACT_QUALIFIER_EQUALS_COPYRIGHT_TAG.,VALIDATED,GLOBAL_EXACT_COPYRIGHT_SECOND_REVIEW_V1.csv; second-review=GLOBAL_EXACT_COPYRIGHT_SECOND_REVIEW_V1.csv; key=.hack//; candidate_root_hint=.hack//; state=PASS,SAFE_TO_MIGRATE
Family,.live,FAMILY_HOME,.live,EXACT_COPYRIGHT_REVIEWED,REVIEWED_QUALIFIER_COPYRIGHT,,Second-reviewed Issue #180 exact qualifier review: family key '.live' equals the unique in-catalog Copyright root '.live'; candidate_authority=EXACT_QUALIFIER_EQUALS_COPYRIGHT_TAG.,VALIDATED,GLOBAL_EXACT_COPYRIGHT_SECOND_REVIEW_V1.csv; second-review=GLOBAL_EXACT_COPYRIGHT_SECOND_REVIEW_V1.csv; key=.live; candidate_root_hint=.live; state=PASS,SAFE_TO_MIGRATE
Family,16personalities,FAMILY_HOME,16personalities,EXACT_COPYRIGHT_REVIEWED,REVIEWED_QUALIFIER_COPYRIGHT,,Second-reviewed Issue #180 exact qualifier review: family key '16personalities' equals the unique in-catalog Copyright root '16personalities'; candidate_authority=EXACT_QUALIFIER_EQUALS_COPYRIGHT_TAG.,VALIDATED,GLOBAL_EXACT_COPYRIGHT_SECOND_REVIEW_V1.csv; second-review=GLOBAL_EXACT_COPYRIGHT_SECOND_REVIEW_V1.csv; key=16personalities; candidate_root_hint=16personalities; state=PASS,SAFE_TO_MIGRATE
Family,1hp_club,FAMILY_HOME,1hp_club,EXACT_COPYRIGHT_REVIEWED,REVIEWED_QUALIFIER_COPYRIGHT,,Second-reviewed Issue #180 exact qualifier review: family key '1hp_club' equals the unique in-catalog Copyright root '1hp_club'; candidate_authority=EXACT_QUALIFIER_EQUALS_COPYRIGHT_TAG.,VALIDATED,GLOBAL_EXACT_COPYRIGHT_SECOND_REVIEW_V1.csv; second-review=GLOBAL_EXACT_COPYRIGHT_SECOND_REVIEW_V1.csv; key=1hp_club; candidate_root_hint=1hp_club; state=PASS,SAFE_TO_MIGRATE
Family,2.5_jigen_no_ririsa,FAMILY_HOME,2.5_jigen_no_ririsa,EXACT_COPYRIGHT_REVIEWED,REVIEWED_QUALIFIER_COPYRIGHT,,Second-reviewed Issue #180 exact qualifier review: family key '2.5_jigen_no_ririsa' equals the unique in-catalog Copyright root '2.5_jigen_no_ririsa'; candidate_authority=EXACT_QUALIFIER_EQUALS_COPYRIGHT_TAG.,VALIDATED,GLOBAL_EXACT_COPYRIGHT_SECOND_REVIEW_V1.csv; second-review=GLOBAL_EXACT_COPYRIGHT_SECOND_REVIEW_V1.csv; key=2.5_jigen_no_ririsa; candidate_root_hint=2.5_jigen_no_ririsa; state=PASS,SAFE_TO_MIGRATE
Family,22/7,FAMILY_HOME,22/7,EXACT_COPYRIGHT_REVIEWED,REVIEWED_QUALIFIER_COPYRIGHT,,Second-reviewed Issue #180 exact qualifier review: family key '22/7' equals the unique in-catalog Copyright root '22/7'; candidate_authority=EXACT_QUALIFIER_EQUALS_COPYRIGHT_TAG.,VALIDATED,GLOBAL_EXACT_COPYRIGHT_SECOND_REVIEW_V1.csv; second-review=GLOBAL_EXACT_COPYRIGHT_SECOND_REVIEW_V1.csv; key=22/7; candidate_root_hint=22/7; state=PASS,SAFE_TO_MIGRATE
Family,4chan,FAMILY_HOME,4chan,EXACT_COPYRIGHT_REVIEWED,REVIEWED_QUALIFIER_COPYRIGHT,,Second-reviewed Issue #180 exact qualifier review: family key '4chan' equals the unique in-catalog Copyright root '4chan'; candidate_authority=EXACT_QUALIFIER_EQUALS_COPYRIGHT_TAG.,VALIDATED,GLOBAL_EXACT_COPYRIGHT_SECOND_REVIEW_V1.csv; second-review=GLOBAL_EXACT_COPYRIGHT_SECOND_REVIEW_V1.csv; key=4chan; candidate_root_hint=4chan; state=PASS,SAFE_TO_MIGRATE
Family,7th_dragon,FAMILY_HOME,7th_dragon,EXACT_COPYRIGHT_REVIEWED,REVIEWED_QUALIFIER_COPYRIGHT,,Second-reviewed Issue #180 exact qualifier review: family key '7th_dragon' equals the unique in-catalog Copyright root '7th_dragon'; candidate_authority=EXACT_QUALIFIER_EQUALS_COPYRIGHT_TAG.,VALIDATED,GLOBAL_EXACT_COPYRIGHT_SECOND_REVIEW_V1.csv; second-review=GLOBAL_EXACT_COPYRIGHT_SECOND_REVIEW_V1.csv; key=7th_dragon; candidate_root_hint=7th_dragon; state=PASS,SAFE_TO_MIGRATE
Family,7th_dragon_series,FAMILY_HOME,7th_dragon_(series),EXACT_COPYRIGHT_REVIEWED,REVIEWED_QUALIFIER_COPYRIGHT,,Second-reviewed Issue #180 exact qualifier review: family key '7th_dragon_series' equals the unique in-catalog Copyright root '7th_dragon_(series)'; candidate_authority=EXACT_QUALIFIER_EQUALS_COPYRIGHT_TAG.,VALIDATED,GLOBAL_EXACT_COPYRIGHT_SECOND_REVIEW_V1.csv; second-review=GLOBAL_EXACT_COPYRIGHT_SECOND_REVIEW_V1.csv; key=7th_dragon_series; candidate_root_hint=7th_dragon_(series); state=PASS,SAFE_TO_MIGRATE
Family,9-nine-,FAMILY_HOME,9-nine-,EXACT_COPYRIGHT_REVIEWED,REVIEWED_QUALIFIER_COPYRIGHT,,Second-reviewed Issue #180 exact qualifier review: family key '9-nine-' equals the unique in-catalog Copyright root '9-nine-'; candidate_authority=EXACT_QUALIFIER_EQUALS_COPYRIGHT_TAG.,VALIDATED,GLOBAL_EXACT_COPYRIGHT_SECOND_REVIEW_V1.csv; second-review=GLOBAL_EXACT_COPYRIGHT_SECOND_REVIEW_V1.csv; key=9-nine-; candidate_root_hint=9-nine-; state=PASS,SAFE_TO_MIGRATE
Family,a-soul,FAMILY_HOME,a-soul,EXACT_COPYRIGHT_REVIEWED,REVIEWED_QUALIFIER_COPYRIGHT,,Second-reviewed Issue #180 exact qualifier review: family key 'a-soul' equals the unique in-catalog Copyright root 'a-soul'; candidate_authority=EXACT_QUALIFIER_EQUALS_COPYRIGHT_TAG.,VALIDATED,GLOBAL_EXACT_COPYRIGHT_SECOND_REVIEW_V1.csv; second-review=GLOBAL_EXACT_COPYRIGHT_SECOND_REVIEW_V1.csv; key=a-soul; candidate_root_hint=a-soul; state=PASS,SAFE_TO_MIGRATE
Family,a_date_with_death,FAMILY_HOME,a_date_with_death,EXACT_COPYRIGHT_REVIEWED,REVIEWED_QUALIFIER_COPYRIGHT,,Second-reviewed Issue #180 exact qualifier review: family key 'a_date_with_death' equals the unique in-catalog Copyright root 'a_date_with_death'; candidate_authority=EXACT_QUALIFIER_EQUALS_COPYRIGHT_TAG.,VALIDATED,GLOBAL_EXACT_COPYRIGHT_SECOND_REVIEW_V1.csv; second-review=GLOBAL_EXACT_COPYRIGHT_SECOND_REVIEW_V1.csv; key=a_date_with_death; candidate_root_hint=a_date_with_death; state=PASS,SAFE_TO_MIGRATE
Family,a_hat_in_time,FAMILY_HOME,a_hat_in_time,EXACT_COPYRIGHT_REVIEWED,REVIEWED_QUALIFIER_COPYRIGHT,,Second-reviewed Issue #180 exact qualifier review: family key 'a_hat_in_time' equals the unique in-catalog Copyright root 'a_hat_in_time'; candidate_authority=EXACT_QUALIFIER_EQUALS_COPYRIGHT_TAG.,VALIDATED,GLOBAL_EXACT_COPYRIGHT_SECOND_REVIEW_V1.csv; second-review=GLOBAL_EXACT_COPYRIGHT_SECOND_REVIEW_V1.csv; key=a_hat_in_time; candidate_root_hint=a_hat_in_time; state=PASS,SAFE_TO_MIGRATE
Family,a_simple_life_with_my_unobtrusive_sister,FAMILY_HOME,a_simple_life_with_my_unobtrusive_sister,EXACT_COPYRIGHT_REVIEWED,REVIEWED_QUALIFIER_COPYRIGHT,,Second-reviewed Issue #180 exact qualifier review: family key 'a_simple_life_with_my_unobtrusive_sister' equals the unique in-catalog Copyright root 'a_simple_life_with_my_unobtrusive_sister'; candidate_authority=EXACT_QUALIFIER_EQUALS_COPYRIGHT_TAG.,VALIDATED,GLOBAL_EXACT_COPYRIGHT_SECOND_REVIEW_V1.csv; second-review=GLOBAL_EXACT_COPYRIGHT_SECOND_REVIEW_V1.csv; key=a_simple_life_with_my_unobtrusive_sister; candidate_root_hint=a_simple_life_with_my_unobtrusive_sister; state=PASS,SAFE_TO_MIGRATE
Family,a_summer's_end:_hong_kong_1986,FAMILY_HOME,a_summer's_end:_hong_kong_1986,EXACT_COPYRIGHT_REVIEWED,REVIEWED_QUALIFIER_COPYRIGHT,,"Second-reviewed Issue #180 exact qualifier review: family key ""a_summer's_end:_hong_kong_1986"" equals the unique in-catalog Copyright root ""a_summer's_end:_hong_kong_1986""; candidate_authority=EXACT_QUALIFIER_EQUALS_COPYRIGHT_TAG.",VALIDATED,GLOBAL_EXACT_COPYRIGHT_SECOND_REVIEW_V1.csv; second-review=GLOBAL_EXACT_COPYRIGHT_SECOND_REVIEW_V1.csv; key=a_summer's_end:_hong_kong_1986; candidate_root_hint=a_summer's_end:_hong_kong_1986; state=PASS,SAFE_TO_MIGRATE
Family,aa_megami-sama,FAMILY_HOME,aa_megami-sama,EXACT_COPYRIGHT_REVIEWED,REVIEWED_QUALIFIER_COPYRIGHT,,Second-reviewed Issue #180 exact qualifier review: family key 'aa_megami-sama' equals the unique in-catalog Copyright root 'aa_megami-sama'; candidate_authority=EXACT_QUALIFIER_EQUALS_COPYRIGHT_TAG.,VALIDATED,GLOBAL_EXACT_COPYRIGHT_SECOND_REVIEW_V1.csv; second-review=GLOBAL_EXACT_COPYRIGHT_SECOND_REVIEW_V1.csv; key=aa_megami-sama; candidate_root_hint=aa_megami-sama; state=PASS,SAFE_TO_MIGRATE
Family,absolute_dc,FAMILY_HOME,absolute_dc,EXACT_COPYRIGHT_REVIEWED,REVIEWED_QUALIFIER_COPYRIGHT,,Second-reviewed Issue #180 exact qualifier review: family key 'absolute_dc' equals the unique in-catalog Copyright root 'absolute_dc'; candidate_authority=EXACT_QUALIFIER_EQUALS_COPYRIGHT_TAG.,VALIDATED,GLOBAL_EXACT_COPYRIGHT_SECOND_REVIEW_V1.csv; second-review=GLOBAL_EXACT_COPYRIGHT_SECOND_REVIEW_V1.csv; key=absolute_dc; candidate_root_hint=absolute_dc; state=PASS,SAFE_TO_MIGRATE
Family,ace_attorney,FAMILY_HOME,ace_attorney,EXACT_COPYRIGHT_REVIEWED,REVIEWED_QUALIFIER_COPYRIGHT,,Second-reviewed Issue #180 exact qualifier review: family key 'ace_attorney' equals the unique in-catalog Copyright root 'ace_attorney'; candidate_authority=EXACT_QUALIFIER_EQUALS_COPYRIGHT_TAG.,VALIDATED,GLOBAL_EXACT_COPYRIGHT_SECOND_REVIEW_V1.csv; second-review=GLOBAL_EXACT_COPYRIGHT_SECOND_REVIEW_V1.csv; key=ace_attorney; candidate_root_hint=ace_attorney; state=PASS,SAFE_TO_MIGRATE
Family,ace_combat,FAMILY_HOME,ace_combat,EXACT_COPYRIGHT_REVIEWED,REVIEWED_QUALIFIER_COPYRIGHT,,Second-reviewed Issue #180 exact qualifier review: family key 'ace_combat' equals the unique in-catalog Copyright root 'ace_combat'; candidate_authority=EXACT_QUALIFIER_EQUALS_COPYRIGHT_TAG.,VALIDATED,GLOBAL_EXACT_COPYRIGHT_SECOND_REVIEW_V1.csv; second-review=GLOBAL_EXACT_COPYRIGHT_SECOND_REVIEW_V1.csv; key=ace_combat; candidate_root_hint=ace_combat; state=PASS,SAFE_TO_MIGRATE
Family,advance_wars,FAMILY_HOME,advance_wars,EXACT_COPYRIGHT_REVIEWED,REVIEWED_QUALIFIER_COPYRIGHT,,Second-reviewed Issue #180 exact qualifier review: family key 'advance_wars' equals the unique in-catalog Copyright root 'advance_wars'; candidate_authority=EXACT_QUALIFIER_EQUALS_COPYRIGHT_TAG.,VALIDATED,GLOBAL_EXACT_COPYRIGHT_SECOND_REVIEW_V1.csv; second-review=GLOBAL_EXACT_COPYRIGHT_SECOND_REVIEW_V1.csv; key=advance_wars; candidate_root_hint=advance_wars; state=PASS,SAFE_TO_MIGRATE
Family,adventure_time,FAMILY_HOME,adventure_time,EXACT_COPYRIGHT_REVIEWED,REVIEWED_QUALIFIER_COPYRIGHT,,Second-reviewed Issue #180 exact qualifier review: family key 'adventure_time' equals the unique in-catalog Copyright root 'adventure_time'; candidate_authority=EXACT_QUALIFIER_EQUALS_COPYRIGHT_TAG.,VALIDATED,GLOBAL_EXACT_COPYRIGHT_SECOND_REVIEW_V1.csv; second-review=GLOBAL_EXACT_COPYRIGHT_SECOND_REVIEW_V1.csv; key=adventure_time; candidate_root_hint=adventure_time; state=PASS,SAFE_TO_MIGRATE
Family,aespa,FAMILY_HOME,aespa,EXACT_COPYRIGHT_REVIEWED,REVIEWED_QUALIFIER_COPYRIGHT,,Second-reviewed Issue #180 exact qualifier review: family key 'aespa' equals the unique in-catalog Copyright root 'aespa'; candidate_authority=EXACT_QUALIFIER_EQUALS_COPYRIGHT_TAG.,VALIDATED,GLOBAL_EXACT_COPYRIGHT_SECOND_REVIEW_V1.csv; second-review=GLOBAL_EXACT_COPYRIGHT_SECOND_REVIEW_V1.csv; key=aespa; candidate_root_hint=aespa; state=PASS,SAFE_TO_MIGRATE
Family,aether_gazer,FAMILY_HOME,aether_gazer,EXACT_COPYRIGHT_REVIEWED,REVIEWED_QUALIFIER_COPYRIGHT,,Second-reviewed Issue #180 exact qualifier review: family key 'aether_gazer' equals the unique in-catalog Copyright root 'aether_gazer'; candidate_authority=EXACT_QUALIFIER_EQUALS_COPYRIGHT_TAG.,VALIDATED,GLOBAL_EXACT_COPYRIGHT_SECOND_REVIEW_V1.csv; second-review=GLOBAL_EXACT_COPYRIGHT_SECOND_REVIEW_V1.csv; key=aether_gazer; candidate_root_hint=aether_gazer; state=PASS,SAFE_TO_MIGRATE
Family,agent_aika,FAMILY_HOME,agent_aika,EXACT_COPYRIGHT_REVIEWED,REVIEWED_QUALIFIER_COPYRIGHT,,Second-reviewed Issue #180 exact qualifier review: family key 'agent_aika' equals the unique in-catalog Copyright root 'agent_aika'; candidate_authority=EXACT_QUALIFIER_EQUALS_COPYRIGHT_TAG.,VALIDATED,GLOBAL_EXACT_COPYRIGHT_SECOND_REVIEW_V1.csv; second-review=GLOBAL_EXACT_COPYRIGHT_SECOND_REVIEW_V1.csv; key=agent_aika; candidate_root_hint=agent_aika; state=PASS,SAFE_TO_MIGRATE
Family,agent_mirai,FAMILY_HOME,agent_mirai,EXACT_COPYRIGHT_REVIEWED,REVIEWED_QUALIFIER_COPYRIGHT,,Second-reviewed Issue #180 exact qualifier review: family key 'agent_mirai' equals the unique in-catalog Copyright root 'agent_mirai'; candidate_authority=EXACT_QUALIFIER_EQUALS_COPYRIGHT_TAG.,VALIDATED,GLOBAL_EXACT_COPYRIGHT_SECOND_REVIEW_V1.csv; second-review=GLOBAL_EXACT_COPYRIGHT_SECOND_REVIEW_V1.csv; key=agent_mirai; candidate_root_hint=agent_mirai; state=PASS,SAFE_TO_MIGRATE
Family,ai_the_somnium_files,FAMILY_HOME,ai_the_somnium_files,EXACT_COPYRIGHT_REVIEWED,REVIEWED_QUALIFIER_COPYRIGHT,,Second-reviewed Issue #180 exact qualifier review: family key 'ai_the_somnium_files' equals the unique in-catalog Copyright root 'ai_the_somnium_files'; candidate_authority=EXACT_QUALIFIER_EQUALS_COPYRIGHT_TAG.,VALIDATED,GLOBAL_EXACT_COPYRIGHT_SECOND_REVIEW_V1.csv; second-review=GLOBAL_EXACT_COPYRIGHT_SECOND_REVIEW_V1.csv; key=ai_the_somnium_files; candidate_root_hint=ai_the_somnium_files; state=PASS,SAFE_TO_MIGRATE
Family,aikatsu_friends!,FAMILY_HOME,aikatsu_friends!,EXACT_COPYRIGHT_REVIEWED,REVIEWED_QUALIFIER_COPYRIGHT,,Second-reviewed Issue #180 exact qualifier review: family key 'aikatsu_friends!' equals the unique in-catalog Copyright root 'aikatsu_friends!'; candidate_authority=EXACT_QUALIFIER_EQUALS_COPYRIGHT_TAG.,VALIDATED,GLOBAL_EXACT_COPYRIGHT_SECOND_REVIEW_V1.csv; second-review=GLOBAL_EXACT_COPYRIGHT_SECOND_REVIEW_V1.csv; key=aikatsu_friends!; candidate_root_hint=aikatsu_friends!; state=PASS,SAFE_TO_MIGRATE
Family,aitsu_no_kanojo,FAMILY_HOME,aitsu_no_kanojo,EXACT_COPYRIGHT_REVIEWED,REVIEWED_QUALIFIER_COPYRIGHT,,Second-reviewed Issue #180 exact qualifier review: family key 'aitsu_no_kanojo' equals the unique in-catalog Copyright root 'aitsu_no_kanojo'; candidate_authority=EXACT_QUALIFIER_EQUALS_COPYRIGHT_TAG.,VALIDATED,GLOBAL_EXACT_COPYRIGHT_SECOND_REVIEW_V1.csv; second-review=GLOBAL_EXACT_COPYRIGHT_SECOND_REVIEW_V1.csv; key=aitsu_no_kanojo; candidate_root_hint=aitsu_no_kanojo; state=PASS,SAFE_TO_MIGRATE
Family,aiyoku_shimai_lolita,FAMILY_HOME,aiyoku_shimai_lolita,EXACT_COPYRIGHT_REVIEWED,REVIEWED_QUALIFIER_COPYRIGHT,,Second-reviewed Issue #180 exact qualifier review: family key 'aiyoku_shimai_lolita' equals the unique in-catalog Copyright root 'aiyoku_shimai_lolita'; candidate_authority=EXACT_QUALIFIER_EQUALS_COPYRIGHT_TAG.,VALIDATED,GLOBAL_EXACT_COPYRIGHT_SECOND_REVIEW_V1.csv; second-review=GLOBAL_EXACT_COPYRIGHT_SECOND_REVIEW_V1.csv; key=aiyoku_shimai_lolita; candidate_root_hint=aiyoku_shimai_lolita; state=PASS,SAFE_TO_MIGRATE
Family,akagami_no_shirayukihime,FAMILY_HOME,akagami_no_shirayukihime,EXACT_COPYRIGHT_REVIEWED,REVIEWED_QUALIFIER_COPYRIGHT,,Second-reviewed Issue #180 exact qualifier review: family key 'akagami_no_shirayukihime' equals the unique in-catalog Copyright root 'akagami_no_shirayukihime'; candidate_authority=EXACT_QUALIFIER_EQUALS_COPYRIGHT_TAG.,VALIDATED,GLOBAL_EXACT_COPYRIGHT_SECOND_REVIEW_V1.csv; second-review=GLOBAL_EXACT_COPYRIGHT_SECOND_REVIEW_V1.csv; key=akagami_no_shirayukihime; candidate_root_hint=akagami_no_shirayukihime; state=PASS,SAFE_TO_MIGRATE
Family,akame_ga_kill!,FAMILY_HOME,akame_ga_kill!,EXACT_COPYRIGHT_REVIEWED,REVIEWED_QUALIFIER_COPYRIGHT,,Second-reviewed Issue #180 exact qualifier review: family key 'akame_ga_kill!' equals the unique in-catalog Copyright root 'akame_ga_kill!'; candidate_authority=EXACT_QUALIFIER_EQUALS_COPYRIGHT_TAG.,VALIDATED,GLOBAL_EXACT_COPYRIGHT_SECOND_REVIEW_V1.csv; second-review=GLOBAL_EXACT_COPYRIGHT_SECOND_REVIEW_V1.csv; key=akame_ga_kill!; candidate_root_hint=akame_ga_kill!; state=PASS,SAFE_TO_MIGRATE
Family,akatsuki_no_yona,FAMILY_HOME,akatsuki_no_yona,EXACT_COPYRIGHT_REVIEWED,REVIEWED_QUALIFIER_COPYRIGHT,,Second-reviewed Issue #180 exact qualifier review: family key 'akatsuki_no_yona' equals the unique in-catalog Copyright root 'akatsuki_no_yona'; candidate_authority=EXACT_QUALIFIER_EQUALS_COPYRIGHT_TAG.,VALIDATED,GLOBAL_EXACT_COPYRIGHT_SECOND_REVIEW_V1.csv; second-review=GLOBAL_EXACT_COPYRIGHT_SECOND_REVIEW_V1.csv; key=akatsuki_no_yona; candidate_root_hint=akatsuki_no_yona; state=PASS,SAFE_TO_MIGRATE
Family,akazukin_chacha,FAMILY_HOME,akazukin_chacha,EXACT_COPYRIGHT_REVIEWED,REVIEWED_QUALIFIER_COPYRIGHT,,Second-reviewed Issue #180 exact qualifier review: family key 'akazukin_chacha' equals the unique in-catalog Copyright root 'akazukin_chacha'; candidate_authority=EXACT_QUALIFIER_EQUALS_COPYRIGHT_TAG.,VALIDATED,GLOBAL_EXACT_COPYRIGHT_SECOND_REVIEW_V1.csv; second-review=GLOBAL_EXACT_COPYRIGHT_SECOND_REVIEW_V1.csv; key=akazukin_chacha; candidate_root_hint=akazukin_chacha; state=PASS,SAFE_TO_MIGRATE
Family,akudama_drive,FAMILY_HOME,akudama_drive,EXACT_COPYRIGHT_REVIEWED,REVIEWED_QUALIFIER_COPYRIGHT,,Second-reviewed Issue #180 exact qualifier review: family key 'akudama_drive' equals the unique in-catalog Copyright root 'akudama_drive'; candidate_authority=EXACT_QUALIFIER_EQUALS_COPYRIGHT_TAG.,VALIDATED,GLOBAL_EXACT_COPYRIGHT_SECOND_REVIEW_V1.csv; second-review=GLOBAL_EXACT_COPYRIGHT_SECOND_REVIEW_V1.csv; key=akudama_drive; candidate_root_hint=akudama_drive; state=PASS,SAFE_TO_MIGRATE
Family,akuyome,FAMILY_HOME,akuyome,EXACT_COPYRIGHT_REVIEWED,REVIEWED_QUALIFIER_COPYRIGHT,,Second-reviewed Issue #180 exact qualifier review: family key 'akuyome' equals the unique in-catalog Copyright root 'akuyome'; candidate_authority=EXACT_QUALIFIER_EQUALS_COPYRIGHT_TAG.,VALIDATED,GLOBAL_EXACT_COPYRIGHT_SECOND_REVIEW_V1.csv; second-review=GLOBAL_EXACT_COPYRIGHT_SECOND_REVIEW_V1.csv; key=akuyome; candidate_root_hint=akuyome; state=PASS,SAFE_TO_MIGRATE
Family,alchemy_stars,FAMILY_HOME,alchemy_stars,EXACT_COPYRIGHT_REVIEWED,REVIEWED_QUALIFIER_COPYRIGHT,,Second-reviewed Issue #180 exact qualifier review: family key 'alchemy_stars' equals the unique in-catalog Copyright root 'alchemy_stars'; candidate_authority=EXACT_QUALIFIER_EQUALS_COPYRIGHT_TAG.,VALIDATED,GLOBAL_EXACT_COPYRIGHT_SECOND_REVIEW_V1.csv; second-review=GLOBAL_EXACT_COPYRIGHT_SECOND_REVIEW_V1.csv; key=alchemy_stars; candidate_root_hint=alchemy_stars; state=PASS,SAFE_TO_MIGRATE
Family,algorhythm_project,FAMILY_HOME,algorhythm_project,EXACT_COPYRIGHT_REVIEWED,REVIEWED_QUALIFIER_COPYRIGHT,,Second-reviewed Issue #180 exact qualifier review: family key 'algorhythm_project' equals the unique in-catalog Copyright root 'algorhythm_project'; candidate_authority=EXACT_QUALIFIER_EQUALS_COPYRIGHT_TAG.,VALIDATED,GLOBAL_EXACT_COPYRIGHT_SECOND_REVIEW_V1.csv; second-review=GLOBAL_EXACT_COPYRIGHT_SECOND_REVIEW_V1.csv; key=algorhythm_project; candidate_root_hint=algorhythm_project; state=PASS,SAFE_TO_MIGRATE
Family,alien_nine,FAMILY_HOME,alien_nine,EXACT_COPYRIGHT_REVIEWED,REVIEWED_QUALIFIER_COPYRIGHT,,Second-reviewed Issue #180 exact qualifier review: family key 'alien_nine' equals the unique in-catalog Copyright root 'alien_nine'; candidate_authority=EXACT_QUALIFIER_EQUALS_COPYRIGHT_TAG.,VALIDATED,GLOBAL_EXACT_COPYRIGHT_SECOND_REVIEW_V1.csv; second-review=GLOBAL_EXACT_COPYRIGHT_SECOND_REVIEW_V1.csv; key=alien_nine; candidate_root_hint=alien_nine; state=PASS,SAFE_TO_MIGRATE
Family,alien_stage,FAMILY_HOME,alien_stage,EXACT_COPYRIGHT_REVIEWED,REVIEWED_QUALIFIER_COPYRIGHT,,Second-reviewed Issue #180 exact qualifier review: family key 'alien_stage' equals the unique in-catalog Copyright root 'alien_stage'; candidate_authority=EXACT_QUALIFIER_EQUALS_COPYRIGHT_TAG.,VALIDATED,GLOBAL_EXACT_COPYRIGHT_SECOND_REVIEW_V1.csv; second-review=GLOBAL_EXACT_COPYRIGHT_SECOND_REVIEW_V1.csv; key=alien_stage; candidate_root_hint=alien_stage; state=PASS,SAFE_TO_MIGRATE
Family,all_saints_street,FAMILY_HOME,all_saints_street,EXACT_COPYRIGHT_REVIEWED,REVIEWED_QUALIFIER_COPYRIGHT,,Second-reviewed Issue #180 exact qualifier review: family key 'all_saints_street' equals the unique in-catalog Copyright root 'all_saints_street'; candidate_authority=EXACT_QUALIFIER_EQUALS_COPYRIGHT_TAG.,VALIDATED,GLOBAL_EXACT_COPYRIGHT_SECOND_REVIEW_V1.csv; second-review=GLOBAL_EXACT_COPYRIGHT_SECOND_REVIEW_V1.csv; key=all_saints_street; candidate_root_hint=all_saints_street; state=PASS,SAFE_TO_MIGRATE
Family,all_wishes_come_true!,FAMILY_HOME,all_wishes_come_true!,EXACT_COPYRIGHT_REVIEWED,REVIEWED_QUALIFIER_COPYRIGHT,,Second-reviewed Issue #180 exact qualifier review: family key 'all_wishes_come_true!' equals the unique in-catalog Copyright root 'all_wishes_come_true!'; candidate_authority=EXACT_QUALIFIER_EQUALS_COPYRIGHT_TAG.,VALIDATED,GLOBAL_EXACT_COPYRIGHT_SECOND_REVIEW_V1.csv; second-review=GLOBAL_EXACT_COPYRIGHT_SECOND_REVIEW_V1.csv; key=all_wishes_come_true!; candidate_root_hint=all_wishes_come_true!; state=PASS,SAFE_TO_MIGRATE
Family,alps_no_shoujo_heidi,FAMILY_HOME,alps_no_shoujo_heidi,EXACT_COPYRIGHT_REVIEWED,REVIEWED_QUALIFIER_COPYRIGHT,,Second-reviewed Issue #180 exact qualifier review: family key 'alps_no_shoujo_heidi' equals the unique in-catalog Copyright root 'alps_no_shoujo_heidi'; candidate_authority=EXACT_QUALIFIER_EQUALS_COPYRIGHT_TAG.,VALIDATED,GLOBAL_EXACT_COPYRIGHT_SECOND_REVIEW_V1.csv; second-review=GLOBAL_EXACT_COPYRIGHT_SECOND_REVIEW_V1.csv; key=alps_no_shoujo_heidi; candidate_root_hint=alps_no_shoujo_heidi; state=PASS,SAFE_TO_MIGRATE
Family,amagami,FAMILY_HOME,amagami,EXACT_COPYRIGHT_REVIEWED,REVIEWED_QUALIFIER_COPYRIGHT,,Second-reviewed Issue #180 exact qualifier review: family key 'amagami' equals the unique in-catalog Copyright root 'amagami'; candidate_authority=EXACT_QUALIFIER_EQUALS_COPYRIGHT_TAG.,VALIDATED,GLOBAL_EXACT_COPYRIGHT_SECOND_REVIEW_V1.csv; second-review=GLOBAL_EXACT_COPYRIGHT_SECOND_REVIEW_V1.csv; key=amagami; candidate_root_hint=amagami; state=PASS,SAFE_TO_MIGRATE
Family,amatsutsumi,FAMILY_HOME,amatsutsumi,EXACT_COPYRIGHT_REVIEWED,REVIEWED_QUALIFIER_COPYRIGHT,,Second-reviewed Issue #180 exact qualifier review: family key 'amatsutsumi' equals the unique in-catalog Copyright root 'amatsutsumi'; candidate_authority=EXACT_QUALIFIER_EQUALS_COPYRIGHT_TAG.,VALIDATED,GLOBAL_EXACT_COPYRIGHT_SECOND_REVIEW_V1.csv; second-review=GLOBAL_EXACT_COPYRIGHT_SECOND_REVIEW_V1.csv; key=amatsutsumi; candidate_root_hint=amatsutsumi; state=PASS,SAFE_TO_MIGRATE
Family,ame_to_kimi_to,FAMILY_HOME,ame_to_kimi_to,EXACT_COPYRIGHT_REVIEWED,REVIEWED_QUALIFIER_COPYRIGHT,,Second-reviewed Issue #180 exact qualifier review: family key 'ame_to_kimi_to' equals the unique in-catalog Copyright root 'ame_to_kimi_to'; candidate_authority=EXACT_QUALIFIER_EQUALS_COPYRIGHT_TAG.,VALIDATED,GLOBAL_EXACT_COPYRIGHT_SECOND_REVIEW_V1.csv; second-review=GLOBAL_EXACT_COPYRIGHT_SECOND_REVIEW_V1.csv; key=ame_to_kimi_to; candidate_root_hint=ame_to_kimi_to; state=PASS,SAFE_TO_MIGRATE
Family,american_mcgee's_alice,FAMILY_HOME,american_mcgee's_alice,EXACT_COPYRIGHT_REVIEWED,REVIEWED_QUALIFIER_COPYRIGHT,,"Second-reviewed Issue #180 exact qualifier review: family key ""american_mcgee's_alice"" equals the unique in-catalog Copyright root ""american_mcgee's_alice""; candidate_authority=EXACT_QUALIFIER_EQUALS_COPYRIGHT_TAG.",VALIDATED,GLOBAL_EXACT_COPYRIGHT_SECOND_REVIEW_V1.csv; second-review=GLOBAL_EXACT_COPYRIGHT_SECOND_REVIEW_V1.csv; key=american_mcgee's_alice; candidate_root_hint=american_mcgee's_alice; state=PASS,SAFE_TO_MIGRATE
Family,among_us,FAMILY_HOME,among_us,EXACT_COPYRIGHT_REVIEWED,REVIEWED_QUALIFIER_COPYRIGHT,,Second-reviewed Issue #180 exact qualifier review: family key 'among_us' equals the unique in-catalog Copyright root 'among_us'; candidate_authority=EXACT_QUALIFIER_EQUALS_COPYRIGHT_TAG.,VALIDATED,GLOBAL_EXACT_COPYRIGHT_SECOND_REVIEW_V1.csv; second-review=GLOBAL_EXACT_COPYRIGHT_SECOND_REVIEW_V1.csv; key=among_us; candidate_root_hint=among_us; state=PASS,SAFE_TO_MIGRATE
Family,ane_naru_mono,FAMILY_HOME,ane_naru_mono,EXACT_COPYRIGHT_REVIEWED,REVIEWED_QUALIFIER_COPYRIGHT,,Second-reviewed Issue #180 exact qualifier review: family key 'ane_naru_mono' equals the unique in-catalog Copyright root 'ane_naru_mono'; candidate_authority=EXACT_QUALIFIER_EQUALS_COPYRIGHT_TAG.,VALIDATED,GLOBAL_EXACT_COPYRIGHT_SECOND_REVIEW_V1.csv; second-review=GLOBAL_EXACT_COPYRIGHT_SECOND_REVIEW_V1.csv; key=ane_naru_mono; candidate_root_hint=ane_naru_mono; state=PASS,SAFE_TO_MIGRATE
Family,angel_beats!,FAMILY_HOME,angel_beats!,EXACT_COPYRIGHT_REVIEWED,REVIEWED_QUALIFIER_COPYRIGHT,,Second-reviewed Issue #180 exact qualifier review: family key 'angel_beats!' equals the unique in-catalog Copyright root 'angel_beats!'; candidate_authority=EXACT_QUALIFIER_EQUALS_COPYRIGHT_TAG.,VALIDATED,GLOBAL_EXACT_COPYRIGHT_SECOND_REVIEW_V1.csv; second-review=GLOBAL_EXACT_COPYRIGHT_SECOND_REVIEW_V1.csv; key=angel_beats!; candidate_root_hint=angel_beats!; state=PASS,SAFE_TO_MIGRATE
Family,angelic_layer,FAMILY_HOME,angelic_layer,EXACT_COPYRIGHT_REVIEWED,REVIEWED_QUALIFIER_COPYRIGHT,,Second-reviewed Issue #180 exact qualifier review: family key 'angelic_layer' equals the unique in-catalog Copyright root 'angelic_layer'; candidate_authority=EXACT_QUALIFIER_EQUALS_COPYRIGHT_TAG.,VALIDATED,GLOBAL_EXACT_COPYRIGHT_SECOND_REVIEW_V1.csv; second-review=GLOBAL_EXACT_COPYRIGHT_SECOND_REVIEW_V1.csv; key=angelic_layer; candidate_root_hint=angelic_layer; state=PASS,SAFE_TO_MIGRATE
Family,angry_birds,FAMILY_HOME,angry_birds,EXACT_COPYRIGHT_REVIEWED,REVIEWED_QUALIFIER_COPYRIGHT,,Second-reviewed Issue #180 exact qualifier review: family key 'angry_birds' equals the unique in-catalog Copyright root 'angry_birds'; candidate_authority=EXACT_QUALIFIER_EQUALS_COPYRIGHT_TAG.,VALIDATED,GLOBAL_EXACT_COPYRIGHT_SECOND_REVIEW_V1.csv; second-review=GLOBAL_EXACT_COPYRIGHT_SECOND_REVIEW_V1.csv; key=angry_birds; candidate_root_hint=angry_birds; state=PASS,SAFE_TO_MIGRATE
Family,animal_crossing,FAMILY_HOME,animal_crossing,FIRST_PARTY_REVIEWED,EXTERNAL_AUTHORITY,https://www.nintendo.com/jp/character/mori/index.html,Nintendo official Animal Crossing page establishes franchise character context.,VALIDATED,P1_P3_AUTHORITY_SECOND_REVIEW_V1.csv; second-review=P1_P3_AUTHORITY_SECOND_REVIEW_V1.csv; key=animal_crossing; candidate_root=animal_crossing; state=PASS,SAFE_TO_MIGRATE
Family,ano_natsu_de_matteru,FAMILY_HOME,ano_natsu_de_matteru,EXACT_COPYRIGHT_REVIEWED,REVIEWED_QUALIFIER_COPYRIGHT,,Second-reviewed Issue #180 exact qualifier review: family key 'ano_natsu_de_matteru' equals the unique in-catalog Copyright root 'ano_natsu_de_matteru'; candidate_authority=EXACT_QUALIFIER_EQUALS_COPYRIGHT_TAG.,VALIDATED,GLOBAL_EXACT_COPYRIGHT_SECOND_REVIEW_V1.csv; second-review=GLOBAL_EXACT_COPYRIGHT_SECOND_REVIEW_V1.csv; key=ano_natsu_de_matteru; candidate_root_hint=ano_natsu_de_matteru; state=PASS,SAFE_TO_MIGRATE
Family,another,FAMILY_HOME,another,EXACT_COPYRIGHT_REVIEWED,REVIEWED_QUALIFIER_COPYRIGHT,,Second-reviewed Issue #180 exact qualifier review: family key 'another' equals the unique in-catalog Copyright root 'another'; candidate_authority=EXACT_QUALIFIER_EQUALS_COPYRIGHT_TAG.,VALIDATED,GLOBAL_EXACT_COPYRIGHT_SECOND_REVIEW_V1.csv; second-review=GLOBAL_EXACT_COPYRIGHT_SECOND_REVIEW_V1.csv; key=another; candidate_root_hint=another; state=PASS,SAFE_TO_MIGRATE
Family,another_eden,FAMILY_HOME,another_eden,EXACT_COPYRIGHT_REVIEWED,REVIEWED_QUALIFIER_COPYRIGHT,,Second-reviewed Issue #180 exact qualifier review: family key 'another_eden' equals the unique in-catalog Copyright root 'another_eden'; candidate_authority=EXACT_QUALIFIER_EQUALS_COPYRIGHT_TAG.,VALIDATED,GLOBAL_EXACT_COPYRIGHT_SECOND_REVIEW_V1.csv; second-review=GLOBAL_EXACT_COPYRIGHT_SECOND_REVIEW_V1.csv; key=another_eden; candidate_root_hint=another_eden; state=PASS,SAFE_TO_MIGRATE
Family,ao_no_exorcist,FAMILY_HOME,ao_no_exorcist,EXACT_COPYRIGHT_REVIEWED,REVIEWED_QUALIFIER_COPYRIGHT,,Second-reviewed Issue #180 exact qualifier review: family key 'ao_no_exorcist' equals the unique in-catalog Copyright root 'ao_no_exorcist'; candidate_authority=EXACT_QUALIFIER_EQUALS_COPYRIGHT_TAG.,VALIDATED,GLOBAL_EXACT_COPYRIGHT_SECOND_REVIEW_V1.csv; second-review=GLOBAL_EXACT_COPYRIGHT_SECOND_REVIEW_V1.csv; key=ao_no_exorcist; candidate_root_hint=ao_no_exorcist; state=PASS,SAFE_TO_MIGRATE
Family,ao_oni,FAMILY_HOME,ao_oni,EXACT_COPYRIGHT_REVIEWED,REVIEWED_QUALIFIER_COPYRIGHT,,Second-reviewed Issue #180 exact qualifier review: family key 'ao_oni' equals the unique in-catalog Copyright root 'ao_oni'; candidate_authority=EXACT_QUALIFIER_EQUALS_COPYRIGHT_TAG.,VALIDATED,GLOBAL_EXACT_COPYRIGHT_SECOND_REVIEW_V1.csv; second-review=GLOBAL_EXACT_COPYRIGHT_SECOND_REVIEW_V1.csv; key=ao_oni; candidate_root_hint=ao_oni; state=PASS,SAFE_TO_MIGRATE
Family,aohada_bocchi,FAMILY_HOME,aohada_bocchi,EXACT_COPYRIGHT_REVIEWED,REVIEWED_QUALIFIER_COPYRIGHT,,Second-reviewed Issue #180 exact qualifier review: family key 'aohada_bocchi' equals the unique in-catalog Copyright root 'aohada_bocchi'; candidate_authority=EXACT_QUALIFIER_EQUALS_COPYRIGHT_TAG.,VALIDATED,GLOBAL_EXACT_COPYRIGHT_SECOND_REVIEW_V1.csv; second-review=GLOBAL_EXACT_COPYRIGHT_SECOND_REVIEW_V1.csv; key=aohada_bocchi; candidate_root_hint=aohada_bocchi; state=PASS,SAFE_TO_MIGRATE
Family,aoki_hagane_no_arpeggio,FAMILY_HOME,aoki_hagane_no_arpeggio,EXACT_COPYRIGHT_REVIEWED,REVIEWED_QUALIFIER_COPYRIGHT,,Second-reviewed Issue #180 exact qualifier review: family key 'aoki_hagane_no_arpeggio' equals the unique in-catalog Copyright root 'aoki_hagane_no_arpeggio'; candidate_authority=EXACT_QUALIFIER_EQUALS_COPYRIGHT_TAG.,VALIDATED,GLOBAL_EXACT_COPYRIGHT_SECOND_REVIEW_V1.csv; second-review=GLOBAL_EXACT_COPYRIGHT_SECOND_REVIEW_V1.csv; key=aoki_hagane_no_arpeggio; candidate_root_hint=aoki_hagane_no_arpeggio; state=PASS,SAFE_TO_MIGRATE
Family,aotu_world,FAMILY_HOME,aotu_world,EXACT_COPYRIGHT_REVIEWED,REVIEWED_QUALIFIER_COPYRIGHT,,Second-reviewed Issue #180 exact qualifier review: family key 'aotu_world' equals the unique in-catalog Copyright root 'aotu_world'; candidate_authority=EXACT_QUALIFIER_EQUALS_COPYRIGHT_TAG.,VALIDATED,GLOBAL_EXACT_COPYRIGHT_SECOND_REVIEW_V1.csv; second-review=GLOBAL_EXACT_COPYRIGHT_SECOND_REVIEW_V1.csv; key=aotu_world; candidate_root_hint=aotu_world; state=PASS,SAFE_TO_MIGRATE
Family,apex_legends,FAMILY_HOME,apex_legends,FIRST_PARTY_REVIEWED,EXTERNAL_AUTHORITY,https://www.ea.com/ja/games/apex-legends/apex-legends/characters-hub,EA official Apex Legends character hub identifies playable Legends.,VALIDATED,P1_P3_AUTHORITY_SECOND_REVIEW_V1.csv; second-review=P1_P3_AUTHORITY_SECOND_REVIEW_V1.csv; key=apex_legends; candidate_root=apex_legends; state=PASS,SAFE_TO_MIGRATE
Family,apocalypse_hotel,FAMILY_HOME,apocalypse_hotel,EXACT_COPYRIGHT_REVIEWED,REVIEWED_QUALIFIER_COPYRIGHT,,Second-reviewed Issue #180 exact qualifier review: family key 'apocalypse_hotel' equals the unique in-catalog Copyright root 'apocalypse_hotel'; candidate_authority=EXACT_QUALIFIER_EQUALS_COPYRIGHT_TAG.,VALIDATED,GLOBAL_EXACT_COPYRIGHT_SECOND_REVIEW_V1.csv; second-review=GLOBAL_EXACT_COPYRIGHT_SECOND_REVIEW_V1.csv; key=apocalypse_hotel; candidate_root_hint=apocalypse_hotel; state=PASS,SAFE_TO_MIGRATE
Family,aquarium_wa_odoranai,FAMILY_HOME,aquarium_wa_odoranai,EXACT_COPYRIGHT_REVIEWED,REVIEWED_QUALIFIER_COPYRIGHT,,Second-reviewed Issue #180 exact qualifier review: family key 'aquarium_wa_odoranai' equals the unique in-catalog Copyright root 'aquarium_wa_odoranai'; candidate_authority=EXACT_QUALIFIER_EQUALS_COPYRIGHT_TAG.,VALIDATED,GLOBAL_EXACT_COPYRIGHT_SECOND_REVIEW_V1.csv; second-review=GLOBAL_EXACT_COPYRIGHT_SECOND_REVIEW_V1.csv; key=aquarium_wa_odoranai; candidate_root_hint=aquarium_wa_odoranai; state=PASS,SAFE_TO_MIGRATE
Family,ar_tonelico,FAMILY_HOME,ar_tonelico,EXACT_COPYRIGHT_REVIEWED,REVIEWED_QUALIFIER_COPYRIGHT,,Second-reviewed Issue #180 exact qualifier review: family key 'ar_tonelico' equals the unique in-catalog Copyright root 'ar_tonelico'; candidate_authority=EXACT_QUALIFIER_EQUALS_COPYRIGHT_TAG.,VALIDATED,GLOBAL_EXACT_COPYRIGHT_SECOND_REVIEW_V1.csv; second-review=GLOBAL_EXACT_COPYRIGHT_SECOND_REVIEW_V1.csv; key=ar_tonelico; candidate_root_hint=ar_tonelico; state=PASS,SAFE_TO_MIGRATE
Family,arc_the_lad,FAMILY_HOME,arc_the_lad,EXACT_COPYRIGHT_REVIEWED,REVIEWED_QUALIFIER_COPYRIGHT,,Second-reviewed Issue #180 exact qualifier review: family key 'arc_the_lad' equals the unique in-catalog Copyright root 'arc_the_lad'; candidate_authority=EXACT_QUALIFIER_EQUALS_COPYRIGHT_TAG.,VALIDATED,GLOBAL_EXACT_COPYRIGHT_SECOND_REVIEW_V1.csv; second-review=GLOBAL_EXACT_COPYRIGHT_SECOND_REVIEW_V1.csv; key=arc_the_lad; candidate_root_hint=arc_the_lad; state=PASS,SAFE_TO_MIGRATE
Family,arcaea,FAMILY_HOME,arcaea,EXACT_COPYRIGHT_REVIEWED,REVIEWED_QUALIFIER_COPYRIGHT,,Second-reviewed Issue #180 exact qualifier review: family key 'arcaea' equals the unique in-catalog Copyright root 'arcaea'; candidate_authority=EXACT_QUALIFIER_EQUALS_COPYRIGHT_TAG.,VALIDATED,GLOBAL_EXACT_COPYRIGHT_SECOND_REVIEW_V1.csv; second-review=GLOBAL_EXACT_COPYRIGHT_SECOND_REVIEW_V1.csv; key=arcaea; candidate_root_hint=arcaea; state=PASS,SAFE_TO_MIGRATE
Family,arcana_heart,FAMILY_HOME,arcana_heart,EXACT_COPYRIGHT_REVIEWED,REVIEWED_QUALIFIER_COPYRIGHT,,Second-reviewed Issue #180 exact qualifier review: family key 'arcana_heart' equals the unique in-catalog Copyright root 'arcana_heart'; candidate_authority=EXACT_QUALIFIER_EQUALS_COPYRIGHT_TAG.,VALIDATED,GLOBAL_EXACT_COPYRIGHT_SECOND_REVIEW_V1.csv; second-review=GLOBAL_EXACT_COPYRIGHT_SECOND_REVIEW_V1.csv; key=arcana_heart; candidate_root_hint=arcana_heart; state=PASS,SAFE_TO_MIGRATE
Family,arknights,FAMILY_HOME,arknights,EXACT_COPYRIGHT_REVIEWED,REVIEWED_QUALIFIER_COPYRIGHT,,Second-reviewed Issue #180 exact qualifier review: family key 'arknights' equals the unique in-catalog Copyright root 'arknights'; candidate_authority=EXACT_QUALIFIER_EQUALS_COPYRIGHT_TAG.,VALIDATED,GLOBAL_EXACT_COPYRIGHT_SECOND_REVIEW_V1.csv; second-review=GLOBAL_EXACT_COPYRIGHT_SECOND_REVIEW_V1.csv; key=arknights; candidate_root_hint=arknights; state=PASS,SAFE_TO_MIGRATE
Family,ash_arms,FAMILY_HOME,ash_arms,EXACT_COPYRIGHT_REVIEWED,REVIEWED_QUALIFIER_COPYRIGHT,,Second-reviewed Issue #180 exact qualifier review: family key 'ash_arms' equals the unique in-catalog Copyright root 'ash_arms'; candidate_authority=EXACT_QUALIFIER_EQUALS_COPYRIGHT_TAG.,VALIDATED,GLOBAL_EXACT_COPYRIGHT_SECOND_REVIEW_V1.csv; second-review=GLOBAL_EXACT_COPYRIGHT_SECOND_REVIEW_V1.csv; key=ash_arms; candidate_root_hint=ash_arms; state=PASS,SAFE_TO_MIGRATE
Family,asobi_asobase,FAMILY_HOME,asobi_asobase,EXACT_COPYRIGHT_REVIEWED,REVIEWED_QUALIFIER_COPYRIGHT,,Second-reviewed Issue #180 exact qualifier review: family key 'asobi_asobase' equals the unique in-catalog Copyright root 'asobi_asobase'; candidate_authority=EXACT_QUALIFIER_EQUALS_COPYRIGHT_TAG.,VALIDATED,GLOBAL_EXACT_COPYRIGHT_SECOND_REVIEW_V1.csv; second-review=GLOBAL_EXACT_COPYRIGHT_SECOND_REVIEW_V1.csv; key=asobi_asobase; candidate_root_hint=asobi_asobase; state=PASS,SAFE_TO_MIGRATE
Family,asobi_ni_iku_yo!,FAMILY_HOME,asobi_ni_iku_yo!,EXACT_COPYRIGHT_REVIEWED,REVIEWED_QUALIFIER_COPYRIGHT,,Second-reviewed Issue #180 exact qualifier review: family key 'asobi_ni_iku_yo!' equals the unique in-catalog Copyright root 'asobi_ni_iku_yo!'; candidate_authority=EXACT_QUALIFIER_EQUALS_COPYRIGHT_TAG.,VALIDATED,GLOBAL_EXACT_COPYRIGHT_SECOND_REVIEW_V1.csv; second-review=GLOBAL_EXACT_COPYRIGHT_SECOND_REVIEW_V1.csv; key=asobi_ni_iku_yo!; candidate_root_hint=asobi_ni_iku_yo!; state=PASS,SAFE_TO_MIGRATE
Family,assault_lily,FAMILY_HOME,assault_lily,EXACT_COPYRIGHT_REVIEWED,REVIEWED_QUALIFIER_COPYRIGHT,,Second-reviewed Issue #180 exact qualifier review: family key 'assault_lily' equals the unique in-catalog Copyright root 'assault_lily'; candidate_authority=EXACT_QUALIFIER_EQUALS_COPYRIGHT_TAG.,VALIDATED,GLOBAL_EXACT_COPYRIGHT_SECOND_REVIEW_V1.csv; second-review=GLOBAL_EXACT_COPYRIGHT_SECOND_REVIEW_V1.csv; key=assault_lily; candidate_root_hint=assault_lily; state=PASS,SAFE_TO_MIGRATE
Family,astral_party,FAMILY_HOME,astral_party,EXACT_COPYRIGHT_REVIEWED,REVIEWED_QUALIFIER_COPYRIGHT,,Second-reviewed Issue #180 exact qualifier review: family key 'astral_party' equals the unique in-catalog Copyright root 'astral_party'; candidate_authority=EXACT_QUALIFIER_EQUALS_COPYRIGHT_TAG.,VALIDATED,GLOBAL_EXACT_COPYRIGHT_SECOND_REVIEW_V1.csv; second-review=GLOBAL_EXACT_COPYRIGHT_SECOND_REVIEW_V1.csv; key=astral_party; candidate_root_hint=astral_party; state=PASS,SAFE_TO_MIGRATE
Family,atomic_heart,FAMILY_HOME,atomic_heart,EXACT_COPYRIGHT_REVIEWED,REVIEWED_QUALIFIER_COPYRIGHT,,Second-reviewed Issue #180 exact qualifier review: family key 'atomic_heart' equals the unique in-catalog Copyright root 'atomic_heart'; candidate_authority=EXACT_QUALIFIER_EQUALS_COPYRIGHT_TAG.,VALIDATED,GLOBAL_EXACT_COPYRIGHT_SECOND_REVIEW_V1.csv; second-review=GLOBAL_EXACT_COPYRIGHT_SECOND_REVIEW_V1.csv; key=atomic_heart; candidate_root_hint=atomic_heart; state=PASS,SAFE_TO_MIGRATE
Family,azumanga_daioh,FAMILY_HOME,azumanga_daioh,EXACT_COPYRIGHT_REVIEWED,REVIEWED_QUALIFIER_COPYRIGHT,,Second-reviewed Issue #180 exact qualifier review: family key 'azumanga_daioh' equals the unique in-catalog Copyright root 'azumanga_daioh'; candidate_authority=EXACT_QUALIFIER_EQUALS_COPYRIGHT_TAG.,VALIDATED,GLOBAL_EXACT_COPYRIGHT_SECOND_REVIEW_V1.csv; second-review=GLOBAL_EXACT_COPYRIGHT_SECOND_REVIEW_V1.csv; key=azumanga_daioh; candidate_root_hint=azumanga_daioh; state=PASS,SAFE_TO_MIGRATE
Family,azur_lane,FAMILY_HOME,azur_lane,EXACT_COPYRIGHT_REVIEWED,REVIEWED_QUALIFIER_COPYRIGHT,,Second-reviewed Issue #180 exact qualifier review: family key 'azur_lane' equals the unique in-catalog Copyright root 'azur_lane'; candidate_authority=EXACT_QUALIFIER_EQUALS_COPYRIGHT_TAG.,VALIDATED,GLOBAL_EXACT_COPYRIGHT_SECOND_REVIEW_V1.csv; second-review=GLOBAL_EXACT_COPYRIGHT_SECOND_REVIEW_V1.csv; key=azur_lane; candidate_root_hint=azur_lane; state=PASS,SAFE_TO_MIGRATE
Family,bakuretsu_tenshi,FAMILY_HOME,bakuretsu_tenshi,EXACT_COPYRIGHT_REVIEWED,REVIEWED_QUALIFIER_COPYRIGHT,,Second-reviewed Issue #180 exact qualifier review: family key 'bakuretsu_tenshi' equals the unique in-catalog Copyright root 'bakuretsu_tenshi'; candidate_authority=EXACT_QUALIFIER_EQUALS_COPYRIGHT_TAG.,VALIDATED,GLOBAL_EXACT_COPYRIGHT_SECOND_REVIEW_V1.csv; second-review=GLOBAL_EXACT_COPYRIGHT_SECOND_REVIEW_V1.csv; key=bakuretsu_tenshi; candidate_root_hint=bakuretsu_tenshi; state=PASS,SAFE_TO_MIGRATE
Family,baldur's_gate,FAMILY_HOME,baldur's_gate,EXACT_COPYRIGHT_REVIEWED,REVIEWED_QUALIFIER_COPYRIGHT,,"Second-reviewed Issue #180 exact qualifier review: family key ""baldur's_gate"" equals the unique in-catalog Copyright root ""baldur's_gate""; candidate_authority=EXACT_QUALIFIER_EQUALS_COPYRIGHT_TAG.",VALIDATED,GLOBAL_EXACT_COPYRIGHT_SECOND_REVIEW_V1.csv; second-review=GLOBAL_EXACT_COPYRIGHT_SECOND_REVIEW_V1.csv; key=baldur's_gate; candidate_root_hint=baldur's_gate; state=PASS,SAFE_TO_MIGRATE
Family,bang_dream!,FAMILY_HOME,bang_dream!,EXACT_COPYRIGHT_REVIEWED,REVIEWED_QUALIFIER_COPYRIGHT,,Second-reviewed Issue #180 exact qualifier review: family key 'bang_dream!' equals the unique in-catalog Copyright root 'bang_dream!'; candidate_authority=EXACT_QUALIFIER_EQUALS_COPYRIGHT_TAG.,VALIDATED,GLOBAL_EXACT_COPYRIGHT_SECOND_REVIEW_V1.csv; second-review=GLOBAL_EXACT_COPYRIGHT_SECOND_REVIEW_V1.csv; key=bang_dream!; candidate_root_hint=bang_dream!; state=PASS,SAFE_TO_MIGRATE
Family,banjo-kazooie,FAMILY_HOME,banjo-kazooie,EXACT_COPYRIGHT_REVIEWED,REVIEWED_QUALIFIER_COPYRIGHT,,Second-reviewed Issue #180 exact qualifier review: family key 'banjo-kazooie' equals the unique in-catalog Copyright root 'banjo-kazooie'; candidate_authority=EXACT_QUALIFIER_EQUALS_COPYRIGHT_TAG.,VALIDATED,GLOBAL_EXACT_COPYRIGHT_SECOND_REVIEW_V1.csv; second-review=GLOBAL_EXACT_COPYRIGHT_SECOND_REVIEW_V1.csv; key=banjo-kazooie; candidate_root_hint=banjo-kazooie; state=PASS,SAFE_TO_MIGRATE
Family,beastars,FAMILY_HOME,beastars,EXACT_COPYRIGHT_REVIEWED,REVIEWED_QUALIFIER_COPYRIGHT,,Second-reviewed Issue #180 exact qualifier review: family key 'beastars' equals the unique in-catalog Copyright root 'beastars'; candidate_authority=EXACT_QUALIFIER_EQUALS_COPYRIGHT_TAG.,VALIDATED,GLOBAL_EXACT_COPYRIGHT_SECOND_REVIEW_V1.csv; second-review=GLOBAL_EXACT_COPYRIGHT_SECOND_REVIEW_V1.csv; key=beastars; candidate_root_hint=beastars; state=PASS,SAFE_TO_MIGRATE
Family,beatless,FAMILY_HOME,beatless,EXACT_COPYRIGHT_REVIEWED,REVIEWED_QUALIFIER_COPYRIGHT,,Second-reviewed Issue #180 exact qualifier review: family key 'beatless' equals the unique in-catalog Copyright root 'beatless'; candidate_authority=EXACT_QUALIFIER_EQUALS_COPYRIGHT_TAG.,VALIDATED,GLOBAL_EXACT_COPYRIGHT_SECOND_REVIEW_V1.csv; second-review=GLOBAL_EXACT_COPYRIGHT_SECOND_REVIEW_V1.csv; key=beatless; candidate_root_hint=beatless; state=PASS,SAFE_TO_MIGRATE
Family,bemani,FAMILY_HOME,bemani,EXACT_COPYRIGHT_REVIEWED,REVIEWED_QUALIFIER_COPYRIGHT,,Second-reviewed Issue #180 exact qualifier review: family key 'bemani' equals the unique in-catalog Copyright root 'bemani'; candidate_authority=EXACT_QUALIFIER_EQUALS_COPYRIGHT_TAG.,VALIDATED,GLOBAL_EXACT_COPYRIGHT_SECOND_REVIEW_V1.csv; second-review=GLOBAL_EXACT_COPYRIGHT_SECOND_REVIEW_V1.csv; key=bemani; candidate_root_hint=bemani; state=PASS,SAFE_TO_MIGRATE
Family,ben_10,FAMILY_HOME,ben_10,EXACT_COPYRIGHT_REVIEWED,REVIEWED_QUALIFIER_COPYRIGHT,,Second-reviewed Issue #180 exact qualifier review: family key 'ben_10' equals the unique in-catalog Copyright root 'ben_10'; candidate_authority=EXACT_QUALIFIER_EQUALS_COPYRIGHT_TAG.,VALIDATED,GLOBAL_EXACT_COPYRIGHT_SECOND_REVIEW_V1.csv; second-review=GLOBAL_EXACT_COPYRIGHT_SECOND_REVIEW_V1.csv; key=ben_10; candidate_root_hint=ben_10; state=PASS,SAFE_TO_MIGRATE
Family,berserk,FAMILY_HOME,berserk,EXACT_COPYRIGHT_REVIEWED,REVIEWED_QUALIFIER_COPYRIGHT,,Second-reviewed Issue #180 exact qualifier review: family key 'berserk' equals the unique in-catalog Copyright root 'berserk'; candidate_authority=EXACT_QUALIFIER_EQUALS_COPYRIGHT_TAG.,VALIDATED,GLOBAL_EXACT_COPYRIGHT_SECOND_REVIEW_V1.csv; second-review=GLOBAL_EXACT_COPYRIGHT_SECOND_REVIEW_V1.csv; key=berserk; candidate_root_hint=berserk; state=PASS,SAFE_TO_MIGRATE
Family,big_mukimuki_&_small_muchimuchi,FAMILY_HOME,big_mukimuki_&_small_muchimuchi,EXACT_COPYRIGHT_REVIEWED,REVIEWED_QUALIFIER_COPYRIGHT,,Second-reviewed Issue #180 exact qualifier review: family key 'big_mukimuki_&_small_muchimuchi' equals the unique in-catalog Copyright root 'big_mukimuki_&_small_muchimuchi'; candidate_authority=EXACT_QUALIFIER_EQUALS_COPYRIGHT_TAG.,VALIDATED,GLOBAL_EXACT_COPYRIGHT_SECOND_REVIEW_V1.csv; second-review=GLOBAL_EXACT_COPYRIGHT_SECOND_REVIEW_V1.csv; key=big_mukimuki_&_small_muchimuchi; candidate_root_hint=big_mukimuki_&_small_muchimuchi; state=PASS,SAFE_TO_MIGRATE
Family,bikini_warriors,FAMILY_HOME,bikini_warriors,EXACT_COPYRIGHT_REVIEWED,REVIEWED_QUALIFIER_COPYRIGHT,,Second-reviewed Issue #180 exact qualifier review: family key 'bikini_warriors' equals the unique in-catalog Copyright root 'bikini_warriors'; candidate_authority=EXACT_QUALIFIER_EQUALS_COPYRIGHT_TAG.,VALIDATED,GLOBAL_EXACT_COPYRIGHT_SECOND_REVIEW_V1.csv; second-review=GLOBAL_EXACT_COPYRIGHT_SECOND_REVIEW_V1.csv; key=bikini_warriors; candidate_root_hint=bikini_warriors; state=PASS,SAFE_TO_MIGRATE
Family,binbougami_ga!,FAMILY_HOME,binbougami_ga!,EXACT_COPYRIGHT_REVIEWED,REVIEWED_QUALIFIER_COPYRIGHT,,Second-reviewed Issue #180 exact qualifier review: family key 'binbougami_ga!' equals the unique in-catalog Copyright root 'binbougami_ga!'; candidate_authority=EXACT_QUALIFIER_EQUALS_COPYRIGHT_TAG.,VALIDATED,GLOBAL_EXACT_COPYRIGHT_SECOND_REVIEW_V1.csv; second-review=GLOBAL_EXACT_COPYRIGHT_SECOND_REVIEW_V1.csv; key=binbougami_ga!; candidate_root_hint=binbougami_ga!; state=PASS,SAFE_TO_MIGRATE
Family,bioshock_infinite,FAMILY_HOME,bioshock_infinite,EXACT_COPYRIGHT_REVIEWED,REVIEWED_QUALIFIER_COPYRIGHT,,Second-reviewed Issue #180 exact qualifier review: family key 'bioshock_infinite' equals the unique in-catalog Copyright root 'bioshock_infinite'; candidate_authority=EXACT_QUALIFIER_EQUALS_COPYRIGHT_TAG.,VALIDATED,GLOBAL_EXACT_COPYRIGHT_SECOND_REVIEW_V1.csv; second-review=GLOBAL_EXACT_COPYRIGHT_SECOND_REVIEW_V1.csv; key=bioshock_infinite; candidate_root_hint=bioshock_infinite; state=PASS,SAFE_TO_MIGRATE
Family,bird/binary,FAMILY_HOME,bird/binary,EXACT_COPYRIGHT_REVIEWED,REVIEWED_QUALIFIER_COPYRIGHT,,Second-reviewed Issue #180 exact qualifier review: family key 'bird/binary' equals the unique in-catalog Copyright root 'bird/binary'; candidate_authority=EXACT_QUALIFIER_EQUALS_COPYRIGHT_TAG.,VALIDATED,GLOBAL_EXACT_COPYRIGHT_SECOND_REVIEW_V1.csv; second-review=GLOBAL_EXACT_COPYRIGHT_SECOND_REVIEW_V1.csv; key=bird/binary; candidate_root_hint=bird/binary; state=PASS,SAFE_TO_MIGRATE
Family,black_clover,FAMILY_HOME,black_clover,EXACT_COPYRIGHT_REVIEWED,REVIEWED_QUALIFIER_COPYRIGHT,,Second-reviewed Issue #180 exact qualifier review: family key 'black_clover' equals the unique in-catalog Copyright root 'black_clover'; candidate_authority=EXACT_QUALIFIER_EQUALS_COPYRIGHT_TAG.,VALIDATED,GLOBAL_EXACT_COPYRIGHT_SECOND_REVIEW_V1.csv; second-review=GLOBAL_EXACT_COPYRIGHT_SECOND_REVIEW_V1.csv; key=black_clover; candidate_root_hint=black_clover; state=PASS,SAFE_TO_MIGRATE
Family,black_lagoon,FAMILY_HOME,black_lagoon,EXACT_COPYRIGHT_REVIEWED,REVIEWED_QUALIFIER_COPYRIGHT,,Second-reviewed Issue #180 exact qualifier review: family key 'black_lagoon' equals the unique in-catalog Copyright root 'black_lagoon'; candidate_authority=EXACT_QUALIFIER_EQUALS_COPYRIGHT_TAG.,VALIDATED,GLOBAL_EXACT_COPYRIGHT_SECOND_REVIEW_V1.csv; second-review=GLOBAL_EXACT_COPYRIGHT_SECOND_REVIEW_V1.csv; key=black_lagoon; candidate_root_hint=black_lagoon; state=PASS,SAFE_TO_MIGRATE
Family,black_rock_shooter,FAMILY_HOME,black_rock_shooter,EXACT_COPYRIGHT_REVIEWED,REVIEWED_QUALIFIER_COPYRIGHT,,Second-reviewed Issue #180 exact qualifier review: family key 'black_rock_shooter' equals the unique in-catalog Copyright root 'black_rock_shooter'; candidate_authority=EXACT_QUALIFIER_EQUALS_COPYRIGHT_TAG.,VALIDATED,GLOBAL_EXACT_COPYRIGHT_SECOND_REVIEW_V1.csv; second-review=GLOBAL_EXACT_COPYRIGHT_SECOND_REVIEW_V1.csv; key=black_rock_shooter; candidate_root_hint=black_rock_shooter; state=PASS,SAFE_TO_MIGRATE
Family,black_souls,FAMILY_HOME,black_souls,EXACT_COPYRIGHT_REVIEWED,REVIEWED_QUALIFIER_COPYRIGHT,,Second-reviewed Issue #180 exact qualifier review: family key 'black_souls' equals the unique in-catalog Copyright root 'black_souls'; candidate_authority=EXACT_QUALIFIER_EQUALS_COPYRIGHT_TAG.,VALIDATED,GLOBAL_EXACT_COPYRIGHT_SECOND_REVIEW_V1.csv; second-review=GLOBAL_EXACT_COPYRIGHT_SECOND_REVIEW_V1.csv; key=black_souls; candidate_root_hint=black_souls; state=PASS,SAFE_TO_MIGRATE
Family,black_survival,FAMILY_HOME,black_survival,FIRST_PARTY_REVIEWED,EXTERNAL_AUTHORITY,https://playeternalreturn.com/,Official Nimble Neuron site provides franchise character context; root semantics still require caution.,VALIDATED,P1_P3_AUTHORITY_SECOND_REVIEW_V1.csv; second-review=P1_P3_AUTHORITY_SECOND_REVIEW_V1.csv; key=black_survival; candidate_root=black_survival; state=PASS,SAFE_TO_MIGRATE
Family,blackpink,FAMILY_HOME,blackpink,EXACT_COPYRIGHT_REVIEWED,REVIEWED_QUALIFIER_COPYRIGHT,,Second-reviewed Issue #180 exact qualifier review: family key 'blackpink' equals the unique in-catalog Copyright root 'blackpink'; candidate_authority=EXACT_QUALIFIER_EQUALS_COPYRIGHT_TAG.,VALIDATED,GLOBAL_EXACT_COPYRIGHT_SECOND_REVIEW_V1.csv; second-review=GLOBAL_EXACT_COPYRIGHT_SECOND_REVIEW_V1.csv; key=blackpink; candidate_root_hint=blackpink; state=PASS,SAFE_TO_MIGRATE
Family,blade_&_soul,FAMILY_HOME,blade_&_soul,EXACT_COPYRIGHT_REVIEWED,REVIEWED_QUALIFIER_COPYRIGHT,,Second-reviewed Issue #180 exact qualifier review: family key 'blade_&_soul' equals the unique in-catalog Copyright root 'blade_&_soul'; candidate_authority=EXACT_QUALIFIER_EQUALS_COPYRIGHT_TAG.,VALIDATED,GLOBAL_EXACT_COPYRIGHT_SECOND_REVIEW_V1.csv; second-review=GLOBAL_EXACT_COPYRIGHT_SECOND_REVIEW_V1.csv; key=blade_&_soul; candidate_root_hint=blade_&_soul; state=PASS,SAFE_TO_MIGRATE
Family,blade_runner_2049,FAMILY_HOME,blade_runner_2049,EXACT_COPYRIGHT_REVIEWED,REVIEWED_QUALIFIER_COPYRIGHT,,Second-reviewed Issue #180 exact qualifier review: family key 'blade_runner_2049' equals the unique in-catalog Copyright root 'blade_runner_2049'; candidate_authority=EXACT_QUALIFIER_EQUALS_COPYRIGHT_TAG.,VALIDATED,GLOBAL_EXACT_COPYRIGHT_SECOND_REVIEW_V1.csv; second-review=GLOBAL_EXACT_COPYRIGHT_SECOND_REVIEW_V1.csv; key=blade_runner_2049; candidate_root_hint=blade_runner_2049; state=PASS,SAFE_TO_MIGRATE
Family,blaster_master_zero,FAMILY_HOME,blaster_master_zero,EXACT_COPYRIGHT_REVIEWED,REVIEWED_QUALIFIER_COPYRIGHT,,Second-reviewed Issue #180 exact qualifier review: family key 'blaster_master_zero' equals the unique in-catalog Copyright root 'blaster_master_zero'; candidate_authority=EXACT_QUALIFIER_EQUALS_COPYRIGHT_TAG.,VALIDATED,GLOBAL_EXACT_COPYRIGHT_SECOND_REVIEW_V1.csv; second-review=GLOBAL_EXACT_COPYRIGHT_SECOND_REVIEW_V1.csv; key=blaster_master_zero; candidate_root_hint=blaster_master_zero; state=PASS,SAFE_TO_MIGRATE
Family,blazblue,FAMILY_HOME,blazblue,EXACT_COPYRIGHT_REVIEWED,REVIEWED_QUALIFIER_COPYRIGHT,,Second-reviewed Issue #180 exact qualifier review: family key 'blazblue' equals the unique in-catalog Copyright root 'blazblue'; candidate_authority=EXACT_QUALIFIER_EQUALS_COPYRIGHT_TAG.,VALIDATED,GLOBAL_EXACT_COPYRIGHT_SECOND_REVIEW_V1.csv; second-review=GLOBAL_EXACT_COPYRIGHT_SECOND_REVIEW_V1.csv; key=blazblue; candidate_root_hint=blazblue; state=PASS,SAFE_TO_MIGRATE
Family,bleach,FAMILY_HOME,bleach,EXACT_COPYRIGHT_REVIEWED,REVIEWED_QUALIFIER_COPYRIGHT,,Second-reviewed Issue #180 exact qualifier review: family key 'bleach' equals the unique in-catalog Copyright root 'bleach'; candidate_authority=EXACT_QUALIFIER_EQUALS_COPYRIGHT_TAG.,VALIDATED,GLOBAL_EXACT_COPYRIGHT_SECOND_REVIEW_V1.csv; second-review=GLOBAL_EXACT_COPYRIGHT_SECOND_REVIEW_V1.csv; key=bleach; candidate_root_hint=bleach; state=PASS,SAFE_TO_MIGRATE
Family,blood+,FAMILY_HOME,blood+,EXACT_COPYRIGHT_REVIEWED,REVIEWED_QUALIFIER_COPYRIGHT,,Second-reviewed Issue #180 exact qualifier review: family key 'blood+' equals the unique in-catalog Copyright root 'blood+'; candidate_authority=EXACT_QUALIFIER_EQUALS_COPYRIGHT_TAG.,VALIDATED,GLOBAL_EXACT_COPYRIGHT_SECOND_REVIEW_V1.csv; second-review=GLOBAL_EXACT_COPYRIGHT_SECOND_REVIEW_V1.csv; key=blood+; candidate_root_hint=blood+; state=PASS,SAFE_TO_MIGRATE
Family,bloodborne,FAMILY_HOME,bloodborne,EXACT_COPYRIGHT_REVIEWED,REVIEWED_QUALIFIER_COPYRIGHT,,Second-reviewed Issue #180 exact qualifier review: family key 'bloodborne' equals the unique in-catalog Copyright root 'bloodborne'; candidate_authority=EXACT_QUALIFIER_EQUALS_COPYRIGHT_TAG.,VALIDATED,GLOBAL_EXACT_COPYRIGHT_SECOND_REVIEW_V1.csv; second-review=GLOBAL_EXACT_COPYRIGHT_SECOND_REVIEW_V1.csv; key=bloodborne; candidate_root_hint=bloodborne; state=PASS,SAFE_TO_MIGRATE
Family,blue_archive,FAMILY_HOME,blue_archive,EXACT_COPYRIGHT_REVIEWED,REVIEWED_QUALIFIER_COPYRIGHT,,Second-reviewed Issue #180 exact qualifier review: family key 'blue_archive' equals the unique in-catalog Copyright root 'blue_archive'; candidate_authority=EXACT_QUALIFIER_EQUALS_COPYRIGHT_TAG.,VALIDATED,GLOBAL_EXACT_COPYRIGHT_SECOND_REVIEW_V1.csv; second-review=GLOBAL_EXACT_COPYRIGHT_SECOND_REVIEW_V1.csv; key=blue_archive; candidate_root_hint=blue_archive; state=PASS,SAFE_TO_MIGRATE
Family,blue_archive_the_animation,FAMILY_HOME,blue_archive,POLICY_ROOT_NORMALIZATION,ROOT_POLICY_NORMALIZATION,,Exact Issue #180 policy mapping root_policy_normalization['blue_archive_the_animation']='blue_archive'; no prefix or approximate matching used.,VALIDATED,docs/issue180/autonomous/AUTONOMOUS_POLICY_V2.json#root_policy_normalization:blue_archive_the_animation,SAFE_TO_MIGRATE
Family,bobobo-bo_bo-bobo,FAMILY_HOME,bobobo-bo_bo-bobo,EXACT_COPYRIGHT_REVIEWED,REVIEWED_QUALIFIER_COPYRIGHT,,Second-reviewed Issue #180 exact qualifier review: family key 'bobobo-bo_bo-bobo' equals the unique in-catalog Copyright root 'bobobo-bo_bo-bobo'; candidate_authority=EXACT_QUALIFIER_EQUALS_COPYRIGHT_TAG.,VALIDATED,GLOBAL_EXACT_COPYRIGHT_SECOND_REVIEW_V1.csv; second-review=GLOBAL_EXACT_COPYRIGHT_SECOND_REVIEW_V1.csv; key=bobobo-bo_bo-bobo; candidate_root_hint=bobobo-bo_bo-bobo; state=PASS,SAFE_TO_MIGRATE
Family,boku_no_hero_academia,FAMILY_HOME,boku_no_hero_academia,EXACT_COPYRIGHT_REVIEWED,REVIEWED_QUALIFIER_COPYRIGHT,,Second-reviewed Issue #180 exact qualifier review: family key 'boku_no_hero_academia' equals the unique in-catalog Copyright root 'boku_no_hero_academia'; candidate_authority=EXACT_QUALIFIER_EQUALS_COPYRIGHT_TAG.,VALIDATED,GLOBAL_EXACT_COPYRIGHT_SECOND_REVIEW_V1.csv; second-review=GLOBAL_EXACT_COPYRIGHT_SECOND_REVIEW_V1.csv; key=boku_no_hero_academia; candidate_root_hint=boku_no_hero_academia; state=PASS,SAFE_TO_MIGRATE
Family,boku_no_himitsu_taiken,FAMILY_HOME,boku_no_himitsu_taiken,EXACT_COPYRIGHT_REVIEWED,REVIEWED_QUALIFIER_COPYRIGHT,,Second-reviewed Issue #180 exact qualifier review: family key 'boku_no_himitsu_taiken' equals the unique in-catalog Copyright root 'boku_no_himitsu_taiken'; candidate_authority=EXACT_QUALIFIER_EQUALS_COPYRIGHT_TAG.,VALIDATED,GLOBAL_EXACT_COPYRIGHT_SECOND_REVIEW_V1.csv; second-review=GLOBAL_EXACT_COPYRIGHT_SECOND_REVIEW_V1.csv; key=boku_no_himitsu_taiken; candidate_root_hint=boku_no_himitsu_taiken; state=PASS,SAFE_TO_MIGRATE
Family,boku_no_pico,FAMILY_HOME,boku_no_pico,EXACT_COPYRIGHT_REVIEWED,REVIEWED_QUALIFIER_COPYRIGHT,,Second-reviewed Issue #180 exact qualifier review: family key 'boku_no_pico' equals the unique in-catalog Copyright root 'boku_no_pico'; candidate_authority=EXACT_QUALIFIER_EQUALS_COPYRIGHT_TAG.,VALIDATED,GLOBAL_EXACT_COPYRIGHT_SECOND_REVIEW_V1.csv; second-review=GLOBAL_EXACT_COPYRIGHT_SECOND_REVIEW_V1.csv; key=boku_no_pico; candidate_root_hint=boku_no_pico; state=PASS,SAFE_TO_MIGRATE
Family,bombergirl,FAMILY_HOME,bombergirl,EXACT_COPYRIGHT_REVIEWED,REVIEWED_QUALIFIER_COPYRIGHT,,Second-reviewed Issue #180 exact qualifier review: family key 'bombergirl' equals the unique in-catalog Copyright root 'bombergirl'; candidate_authority=EXACT_QUALIFIER_EQUALS_COPYRIGHT_TAG.,VALIDATED,GLOBAL_EXACT_COPYRIGHT_SECOND_REVIEW_V1.csv; second-review=GLOBAL_EXACT_COPYRIGHT_SECOND_REVIEW_V1.csv; key=bombergirl; candidate_root_hint=bombergirl; state=PASS,SAFE_TO_MIGRATE
Family,boyfriend_to_death,FAMILY_HOME,boyfriend_to_death,EXACT_COPYRIGHT_REVIEWED,REVIEWED_QUALIFIER_COPYRIGHT,,Second-reviewed Issue #180 exact qualifier review: family key 'boyfriend_to_death' equals the unique in-catalog Copyright root 'boyfriend_to_death'; candidate_authority=EXACT_QUALIFIER_EQUALS_COPYRIGHT_TAG.,VALIDATED,GLOBAL_EXACT_COPYRIGHT_SECOND_REVIEW_V1.csv; second-review=GLOBAL_EXACT_COPYRIGHT_SECOND_REVIEW_V1.csv; key=boyfriend_to_death; candidate_root_hint=boyfriend_to_death; state=PASS,SAFE_TO_MIGRATE
Family,breath_of_fire,FAMILY_HOME,breath_of_fire,EXACT_COPYRIGHT_REVIEWED,REVIEWED_QUALIFIER_COPYRIGHT,,Second-reviewed Issue #180 exact qualifier review: family key 'breath_of_fire' equals the unique in-catalog Copyright root 'breath_of_fire'; candidate_authority=EXACT_QUALIFIER_EQUALS_COPYRIGHT_TAG.,VALIDATED,GLOBAL_EXACT_COPYRIGHT_SECOND_REVIEW_V1.csv; second-review=GLOBAL_EXACT_COPYRIGHT_SECOND_REVIEW_V1.csv; key=breath_of_fire; candidate_root_hint=breath_of_fire; state=PASS,SAFE_TO_MIGRATE
Family,breath_of_fire_i,FAMILY_HOME,breath_of_fire_i,EXACT_COPYRIGHT_REVIEWED,REVIEWED_QUALIFIER_COPYRIGHT,,Second-reviewed Issue #180 exact qualifier review: family key 'breath_of_fire_i' equals the unique in-catalog Copyright root 'breath_of_fire_i'; candidate_authority=EXACT_QUALIFIER_EQUALS_COPYRIGHT_TAG.,VALIDATED,GLOBAL_EXACT_COPYRIGHT_SECOND_REVIEW_V1.csv; second-review=GLOBAL_EXACT_COPYRIGHT_SECOND_REVIEW_V1.csv; key=breath_of_fire_i; candidate_root_hint=breath_of_fire_i; state=PASS,SAFE_TO_MIGRATE
Family,breath_of_fire_ii,FAMILY_HOME,breath_of_fire_ii,EXACT_COPYRIGHT_REVIEWED,REVIEWED_QUALIFIER_COPYRIGHT,,Second-reviewed Issue #180 exact qualifier review: family key 'breath_of_fire_ii' equals the unique in-catalog Copyright root 'breath_of_fire_ii'; candidate_authority=EXACT_QUALIFIER_EQUALS_COPYRIGHT_TAG.,VALIDATED,GLOBAL_EXACT_COPYRIGHT_SECOND_REVIEW_V1.csv; second-review=GLOBAL_EXACT_COPYRIGHT_SECOND_REVIEW_V1.csv; key=breath_of_fire_ii; candidate_root_hint=breath_of_fire_ii; state=PASS,SAFE_TO_MIGRATE
Family,breath_of_fire_iii,FAMILY_HOME,breath_of_fire_iii,EXACT_COPYRIGHT_REVIEWED,REVIEWED_QUALIFIER_COPYRIGHT,,Second-reviewed Issue #180 exact qualifier review: family key 'breath_of_fire_iii' equals the unique in-catalog Copyright root 'breath_of_fire_iii'; candidate_authority=EXACT_QUALIFIER_EQUALS_COPYRIGHT_TAG.,VALIDATED,GLOBAL_EXACT_COPYRIGHT_SECOND_REVIEW_V1.csv; second-review=GLOBAL_EXACT_COPYRIGHT_SECOND_REVIEW_V1.csv; key=breath_of_fire_iii; candidate_root_hint=breath_of_fire_iii; state=PASS,SAFE_TO_MIGRATE
Family,breath_of_fire_iv,FAMILY_HOME,breath_of_fire_iv,EXACT_COPYRIGHT_REVIEWED,REVIEWED_QUALIFIER_COPYRIGHT,,Second-reviewed Issue #180 exact qualifier review: family key 'breath_of_fire_iv' equals the unique in-catalog Copyright root 'breath_of_fire_iv'; candidate_authority=EXACT_QUALIFIER_EQUALS_COPYRIGHT_TAG.,VALIDATED,GLOBAL_EXACT_COPYRIGHT_SECOND_REVIEW_V1.csv; second-review=GLOBAL_EXACT_COPYRIGHT_SECOND_REVIEW_V1.csv; key=breath_of_fire_iv; candidate_root_hint=breath_of_fire_iv; state=PASS,SAFE_TO_MIGRATE
Family,breath_of_fire_v,FAMILY_HOME,breath_of_fire_v,EXACT_COPYRIGHT_REVIEWED,REVIEWED_QUALIFIER_COPYRIGHT,,Second-reviewed Issue #180 exact qualifier review: family key 'breath_of_fire_v' equals the unique in-catalog Copyright root 'breath_of_fire_v'; candidate_authority=EXACT_QUALIFIER_EQUALS_COPYRIGHT_TAG.,VALIDATED,GLOBAL_EXACT_COPYRIGHT_SECOND_REVIEW_V1.csv; second-review=GLOBAL_EXACT_COPYRIGHT_SECOND_REVIEW_V1.csv; key=breath_of_fire_v; candidate_root_hint=breath_of_fire_v; state=PASS,SAFE_TO_MIGRATE
Family,brown_dust,FAMILY_HOME,brown_dust,FIRST_PARTY_REVIEWED,EXTERNAL_AUTHORITY,https://www.browndust2.com/,Official Brown Dust 2 site establishes title/character context.,VALIDATED,P1_P3_AUTHORITY_SECOND_REVIEW_V1.csv; second-review=P1_P3_AUTHORITY_SECOND_REVIEW_V1.csv; key=brown_dust; candidate_root=brown_dust; state=PASS,SAFE_TO_MIGRATE
Family,btooom!,FAMILY_HOME,btooom!,EXACT_COPYRIGHT_REVIEWED,REVIEWED_QUALIFIER_COPYRIGHT,,Second-reviewed Issue #180 exact qualifier review: family key 'btooom!' equals the unique in-catalog Copyright root 'btooom!'; candidate_authority=EXACT_QUALIFIER_EQUALS_COPYRIGHT_TAG.,VALIDATED,GLOBAL_EXACT_COPYRIGHT_SECOND_REVIEW_V1.csv; second-review=GLOBAL_EXACT_COPYRIGHT_SECOND_REVIEW_V1.csv; key=btooom!; candidate_root_hint=btooom!; state=PASS,SAFE_TO_MIGRATE
Family,bungou_stray_dogs,FAMILY_HOME,bungou_stray_dogs,EXACT_COPYRIGHT_REVIEWED,REVIEWED_QUALIFIER_COPYRIGHT,,Second-reviewed Issue #180 exact qualifier review: family key 'bungou_stray_dogs' equals the unique in-catalog Copyright root 'bungou_stray_dogs'; candidate_authority=EXACT_QUALIFIER_EQUALS_COPYRIGHT_TAG.,VALIDATED,GLOBAL_EXACT_COPYRIGHT_SECOND_REVIEW_V1.csv; second-review=GLOBAL_EXACT_COPYRIGHT_SECOND_REVIEW_V1.csv; key=bungou_stray_dogs; candidate_root_hint=bungou_stray_dogs; state=PASS,SAFE_TO_MIGRATE
Family,bungou_to_alchemist,FAMILY_HOME,bungou_to_alchemist,EXACT_COPYRIGHT_REVIEWED,REVIEWED_QUALIFIER_COPYRIGHT,,Second-reviewed Issue #180 exact qualifier review: family key 'bungou_to_alchemist' equals the unique in-catalog Copyright root 'bungou_to_alchemist'; candidate_authority=EXACT_QUALIFIER_EQUALS_COPYRIGHT_TAG.,VALIDATED,GLOBAL_EXACT_COPYRIGHT_SECOND_REVIEW_V1.csv; second-review=GLOBAL_EXACT_COPYRIGHT_SECOND_REVIEW_V1.csv; key=bungou_to_alchemist; candidate_root_hint=bungou_to_alchemist; state=PASS,SAFE_TO_MIGRATE
Family,bunny_garden,FAMILY_HOME,bunny_garden,EXACT_COPYRIGHT_REVIEWED,REVIEWED_QUALIFIER_COPYRIGHT,,Second-reviewed Issue #180 exact qualifier review: family key 'bunny_garden' equals the unique in-catalog Copyright root 'bunny_garden'; candidate_authority=EXACT_QUALIFIER_EQUALS_COPYRIGHT_TAG.,VALIDATED,GLOBAL_EXACT_COPYRIGHT_SECOND_REVIEW_V1.csv; second-review=GLOBAL_EXACT_COPYRIGHT_SECOND_REVIEW_V1.csv; key=bunny_garden; candidate_root_hint=bunny_garden; state=PASS,SAFE_TO_MIGRATE
Family,bural_chingu,FAMILY_HOME,bural_chingu,EXACT_COPYRIGHT_REVIEWED,REVIEWED_QUALIFIER_COPYRIGHT,,Second-reviewed Issue #180 exact qualifier review: family key 'bural_chingu' equals the unique in-catalog Copyright root 'bural_chingu'; candidate_authority=EXACT_QUALIFIER_EQUALS_COPYRIGHT_TAG.,VALIDATED,GLOBAL_EXACT_COPYRIGHT_SECOND_REVIEW_V1.csv; second-review=GLOBAL_EXACT_COPYRIGHT_SECOND_REVIEW_V1.csv; key=bural_chingu; candidate_root_hint=bural_chingu; state=PASS,SAFE_TO_MIGRATE
Family,buta_no_liver_wa_kanetsu_shiro,FAMILY_HOME,buta_no_liver_wa_kanetsu_shiro,EXACT_COPYRIGHT_REVIEWED,REVIEWED_QUALIFIER_COPYRIGHT,,Second-reviewed Issue #180 exact qualifier review: family key 'buta_no_liver_wa_kanetsu_shiro' equals the unique in-catalog Copyright root 'buta_no_liver_wa_kanetsu_shiro'; candidate_authority=EXACT_QUALIFIER_EQUALS_COPYRIGHT_TAG.,VALIDATED,GLOBAL_EXACT_COPYRIGHT_SECOND_REVIEW_V1.csv; second-review=GLOBAL_EXACT_COPYRIGHT_SECOND_REVIEW_V1.csv; key=buta_no_liver_wa_kanetsu_shiro; candidate_root_hint=buta_no_liver_wa_kanetsu_shiro; state=PASS,SAFE_TO_MIGRATE
Family,cafe-chan_to_break_time,FAMILY_HOME,cafe-chan_to_break_time,EXACT_COPYRIGHT_REVIEWED,REVIEWED_QUALIFIER_COPYRIGHT,,Second-reviewed Issue #180 exact qualifier review: family key 'cafe-chan_to_break_time' equals the unique in-catalog Copyright root 'cafe-chan_to_break_time'; candidate_authority=EXACT_QUALIFIER_EQUALS_COPYRIGHT_TAG.,VALIDATED,GLOBAL_EXACT_COPYRIGHT_SECOND_REVIEW_V1.csv; second-review=GLOBAL_EXACT_COPYRIGHT_SECOND_REVIEW_V1.csv; key=cafe-chan_to_break_time; candidate_root_hint=cafe-chan_to_break_time; state=PASS,SAFE_TO_MIGRATE
Family,call_of_duty,FAMILY_HOME,call_of_duty,EXACT_COPYRIGHT_REVIEWED,REVIEWED_QUALIFIER_COPYRIGHT,,Second-reviewed Issue #180 exact qualifier review: family key 'call_of_duty' equals the unique in-catalog Copyright root 'call_of_duty'; candidate_authority=EXACT_QUALIFIER_EQUALS_COPYRIGHT_TAG.,VALIDATED,GLOBAL_EXACT_COPYRIGHT_SECOND_REVIEW_V1.csv; second-review=GLOBAL_EXACT_COPYRIGHT_SECOND_REVIEW_V1.csv; key=call_of_duty; candidate_root_hint=call_of_duty; state=PASS,SAFE_TO_MIGRATE
Family,call_of_duty_4,FAMILY_HOME,call_of_duty_4,EXACT_COPYRIGHT_REVIEWED,REVIEWED_QUALIFIER_COPYRIGHT,,Second-reviewed Issue #180 exact qualifier review: family key 'call_of_duty_4' equals the unique in-catalog Copyright root 'call_of_duty_4'; candidate_authority=EXACT_QUALIFIER_EQUALS_COPYRIGHT_TAG.,VALIDATED,GLOBAL_EXACT_COPYRIGHT_SECOND_REVIEW_V1.csv; second-review=GLOBAL_EXACT_COPYRIGHT_SECOND_REVIEW_V1.csv; key=call_of_duty_4; candidate_root_hint=call_of_duty_4; state=PASS,SAFE_TO_MIGRATE
Family,can_can_bunny,FAMILY_HOME,can_can_bunny,EXACT_COPYRIGHT_REVIEWED,REVIEWED_QUALIFIER_COPYRIGHT,,Second-reviewed Issue #180 exact qualifier review: family key 'can_can_bunny' equals the unique in-catalog Copyright root 'can_can_bunny'; candidate_authority=EXACT_QUALIFIER_EQUALS_COPYRIGHT_TAG.,VALIDATED,GLOBAL_EXACT_COPYRIGHT_SECOND_REVIEW_V1.csv; second-review=GLOBAL_EXACT_COPYRIGHT_SECOND_REVIEW_V1.csv; key=can_can_bunny; candidate_root_hint=can_can_bunny; state=PASS,SAFE_TO_MIGRATE
Family,cardcaptor_sakura,FAMILY_HOME,cardcaptor_sakura,EXACT_COPYRIGHT_REVIEWED,REVIEWED_QUALIFIER_COPYRIGHT,,Second-reviewed Issue #180 exact qualifier review: family key 'cardcaptor_sakura' equals the unique in-catalog Copyright root 'cardcaptor_sakura'; candidate_authority=EXACT_QUALIFIER_EQUALS_COPYRIGHT_TAG.,VALIDATED,GLOBAL_EXACT_COPYRIGHT_SECOND_REVIEW_V1.csv; second-review=GLOBAL_EXACT_COPYRIGHT_SECOND_REVIEW_V1.csv; key=cardcaptor_sakura; candidate_root_hint=cardcaptor_sakura; state=PASS,SAFE_TO_MIGRATE
Family,cave_story,FAMILY_HOME,cave_story,EXACT_COPYRIGHT_REVIEWED,REVIEWED_QUALIFIER_COPYRIGHT,,Second-reviewed Issue #180 exact qualifier review: family key 'cave_story' equals the unique in-catalog Copyright root 'cave_story'; candidate_authority=EXACT_QUALIFIER_EQUALS_COPYRIGHT_TAG.,VALIDATED,GLOBAL_EXACT_COPYRIGHT_SECOND_REVIEW_V1.csv; second-review=GLOBAL_EXACT_COPYRIGHT_SECOND_REVIEW_V1.csv; key=cave_story; candidate_root_hint=cave_story; state=PASS,SAFE_TO_MIGRATE
Family,cencoroll,FAMILY_HOME,cencoroll,EXACT_COPYRIGHT_REVIEWED,REVIEWED_QUALIFIER_COPYRIGHT,,Second-reviewed Issue #180 exact qualifier review: family key 'cencoroll' equals the unique in-catalog Copyright root 'cencoroll'; candidate_authority=EXACT_QUALIFIER_EQUALS_COPYRIGHT_TAG.,VALIDATED,GLOBAL_EXACT_COPYRIGHT_SECOND_REVIEW_V1.csv; second-review=GLOBAL_EXACT_COPYRIGHT_SECOND_REVIEW_V1.csv; key=cencoroll; candidate_root_hint=cencoroll; state=PASS,SAFE_TO_MIGRATE
Family,chainsaw_man,FAMILY_HOME,chainsaw_man,FIRST_PARTY_REVIEWED,EXTERNAL_AUTHORITY,https://chainsawman.dog/tvseries/character/,Official Chainsaw Man anime character page identifies the cast.,VALIDATED,P1_P3_AUTHORITY_SECOND_REVIEW_V1.csv; second-review=P1_P3_AUTHORITY_SECOND_REVIEW_V1.csv; key=chainsaw_man; candidate_root=chainsaw_man; state=PASS,SAFE_TO_MIGRATE
Family,chaos;child,FAMILY_HOME,chaos;child,EXACT_COPYRIGHT_REVIEWED,REVIEWED_QUALIFIER_COPYRIGHT,,Second-reviewed Issue #180 exact qualifier review: family key 'chaos;child' equals the unique in-catalog Copyright root 'chaos;child'; candidate_authority=EXACT_QUALIFIER_EQUALS_COPYRIGHT_TAG.,VALIDATED,GLOBAL_EXACT_COPYRIGHT_SECOND_REVIEW_V1.csv; second-review=GLOBAL_EXACT_COPYRIGHT_SECOND_REVIEW_V1.csv; key=chaos;child; candidate_root_hint=chaos;child; state=PASS,SAFE_TO_MIGRATE
Family,chaos;head,FAMILY_HOME,chaos;head,EXACT_COPYRIGHT_REVIEWED,REVIEWED_QUALIFIER_COPYRIGHT,,Second-reviewed Issue #180 exact qualifier review: family key 'chaos;head' equals the unique in-catalog Copyright root 'chaos;head'; candidate_authority=EXACT_QUALIFIER_EQUALS_COPYRIGHT_TAG.,VALIDATED,GLOBAL_EXACT_COPYRIGHT_SECOND_REVIEW_V1.csv; second-review=GLOBAL_EXACT_COPYRIGHT_SECOND_REVIEW_V1.csv; key=chaos;head; candidate_root_hint=chaos;head; state=PASS,SAFE_TO_MIGRATE
Family,chaos_zero_nightmare,FAMILY_HOME,chaos_zero_nightmare,EXACT_COPYRIGHT_REVIEWED,REVIEWED_QUALIFIER_COPYRIGHT,,Second-reviewed Issue #180 exact qualifier review: family key 'chaos_zero_nightmare' equals the unique in-catalog Copyright root 'chaos_zero_nightmare'; candidate_authority=EXACT_QUALIFIER_EQUALS_COPYRIGHT_TAG.,VALIDATED,GLOBAL_EXACT_COPYRIGHT_SECOND_REVIEW_V1.csv; second-review=GLOBAL_EXACT_COPYRIGHT_SECOND_REVIEW_V1.csv; key=chaos_zero_nightmare; candidate_root_hint=chaos_zero_nightmare; state=PASS,SAFE_TO_MIGRATE
Family,charon_universe,FAMILY_HOME,charon_universe,EXACT_COPYRIGHT_REVIEWED,REVIEWED_QUALIFIER_COPYRIGHT,,Second-reviewed Issue #180 exact qualifier review: family key 'charon_universe' equals the unique in-catalog Copyright root 'charon_universe'; candidate_authority=EXACT_QUALIFIER_EQUALS_COPYRIGHT_TAG.,VALIDATED,GLOBAL_EXACT_COPYRIGHT_SECOND_REVIEW_V1.csv; second-review=GLOBAL_EXACT_COPYRIGHT_SECOND_REVIEW_V1.csv; key=charon_universe; candidate_root_hint=charon_universe; state=PASS,SAFE_TO_MIGRATE
Family,chiikawa,FAMILY_HOME,chiikawa,EXACT_COPYRIGHT_REVIEWED,REVIEWED_QUALIFIER_COPYRIGHT,,Second-reviewed Issue #180 exact qualifier review: family key 'chiikawa' equals the unique in-catalog Copyright root 'chiikawa'; candidate_authority=EXACT_QUALIFIER_EQUALS_COPYRIGHT_TAG.,VALIDATED,GLOBAL_EXACT_COPYRIGHT_SECOND_REVIEW_V1.csv; second-review=GLOBAL_EXACT_COPYRIGHT_SECOND_REVIEW_V1.csv; key=chiikawa; candidate_root_hint=chiikawa; state=PASS,SAFE_TO_MIGRATE
Family,child's_play,FAMILY_HOME,child's_play,EXACT_COPYRIGHT_REVIEWED,REVIEWED_QUALIFIER_COPYRIGHT,,"Second-reviewed Issue #180 exact qualifier review: family key ""child's_play"" equals the unique in-catalog Copyright root ""child's_play""; candidate_authority=EXACT_QUALIFIER_EQUALS_COPYRIGHT_TAG.",VALIDATED,GLOBAL_EXACT_COPYRIGHT_SECOND_REVIEW_V1.csv; second-review=GLOBAL_EXACT_COPYRIGHT_SECOND_REVIEW_V1.csv; key=child's_play; candidate_root_hint=child's_play; state=PASS,SAFE_TO_MIGRATE
Family,cho_kaguya-hime!,FAMILY_HOME,cho_kaguya-hime!,EXACT_COPYRIGHT_REVIEWED,REVIEWED_QUALIFIER_COPYRIGHT,,Second-reviewed Issue #180 exact qualifier review: family key 'cho_kaguya-hime!' equals the unique in-catalog Copyright root 'cho_kaguya-hime!'; candidate_authority=EXACT_QUALIFIER_EQUALS_COPYRIGHT_TAG.,VALIDATED,GLOBAL_EXACT_COPYRIGHT_SECOND_REVIEW_V1.csv; second-review=GLOBAL_EXACT_COPYRIGHT_SECOND_REVIEW_V1.csv; key=cho_kaguya-hime!; candidate_root_hint=cho_kaguya-hime!; state=PASS,SAFE_TO_MIGRATE
Family,chobits,FAMILY_HOME,chobits,EXACT_COPYRIGHT_REVIEWED,REVIEWED_QUALIFIER_COPYRIGHT,,Second-reviewed Issue #180 exact qualifier review: family key 'chobits' equals the unique in-catalog Copyright root 'chobits'; candidate_authority=EXACT_QUALIFIER_EQUALS_COPYRIGHT_TAG.,VALIDATED,GLOBAL_EXACT_COPYRIGHT_SECOND_REVIEW_V1.csv; second-review=GLOBAL_EXACT_COPYRIGHT_SECOND_REVIEW_V1.csv; key=chobits; candidate_root_hint=chobits; state=PASS,SAFE_TO_MIGRATE
Family,chokotto_sister,FAMILY_HOME,chokotto_sister,EXACT_COPYRIGHT_REVIEWED,REVIEWED_QUALIFIER_COPYRIGHT,,Second-reviewed Issue #180 exact qualifier review: family key 'chokotto_sister' equals the unique in-catalog Copyright root 'chokotto_sister'; candidate_authority=EXACT_QUALIFIER_EQUALS_COPYRIGHT_TAG.,VALIDATED,GLOBAL_EXACT_COPYRIGHT_SECOND_REVIEW_V1.csv; second-review=GLOBAL_EXACT_COPYRIGHT_SECOND_REVIEW_V1.csv; key=chokotto_sister; candidate_root_hint=chokotto_sister; state=PASS,SAFE_TO_MIGRATE
Family,choujin_x,FAMILY_HOME,choujin_x,EXACT_COPYRIGHT_REVIEWED,REVIEWED_QUALIFIER_COPYRIGHT,,Second-reviewed Issue #180 exact qualifier review: family key 'choujin_x' equals the unique in-catalog Copyright root 'choujin_x'; candidate_authority=EXACT_QUALIFIER_EQUALS_COPYRIGHT_TAG.,VALIDATED,GLOBAL_EXACT_COPYRIGHT_SECOND_REVIEW_V1.csv; second-review=GLOBAL_EXACT_COPYRIGHT_SECOND_REVIEW_V1.csv; key=choujin_x; candidate_root_hint=choujin_x; state=PASS,SAFE_TO_MIGRATE
Family,chrono_ark,FAMILY_HOME,chrono_ark,EXACT_COPYRIGHT_REVIEWED,REVIEWED_QUALIFIER_COPYRIGHT,,Second-reviewed Issue #180 exact qualifier review: family key 'chrono_ark' equals the unique in-catalog Copyright root 'chrono_ark'; candidate_authority=EXACT_QUALIFIER_EQUALS_COPYRIGHT_TAG.,VALIDATED,GLOBAL_EXACT_COPYRIGHT_SECOND_REVIEW_V1.csv; second-review=GLOBAL_EXACT_COPYRIGHT_SECOND_REVIEW_V1.csv; key=chrono_ark; candidate_root_hint=chrono_ark; state=PASS,SAFE_TO_MIGRATE
Family,chrono_cross,FAMILY_HOME,chrono_cross,EXACT_COPYRIGHT_REVIEWED,REVIEWED_QUALIFIER_COPYRIGHT,,Second-reviewed Issue #180 exact qualifier review: family key 'chrono_cross' equals the unique in-catalog Copyright root 'chrono_cross'; candidate_authority=EXACT_QUALIFIER_EQUALS_COPYRIGHT_TAG.,VALIDATED,GLOBAL_EXACT_COPYRIGHT_SECOND_REVIEW_V1.csv; second-review=GLOBAL_EXACT_COPYRIGHT_SECOND_REVIEW_V1.csv; key=chrono_cross; candidate_root_hint=chrono_cross; state=PASS,SAFE_TO_MIGRATE
Family,chrono_crusade,FAMILY_HOME,chrono_crusade,EXACT_COPYRIGHT_REVIEWED,REVIEWED_QUALIFIER_COPYRIGHT,,Second-reviewed Issue #180 exact qualifier review: family key 'chrono_crusade' equals the unique in-catalog Copyright root 'chrono_crusade'; candidate_authority=EXACT_QUALIFIER_EQUALS_COPYRIGHT_TAG.,VALIDATED,GLOBAL_EXACT_COPYRIGHT_SECOND_REVIEW_V1.csv; second-review=GLOBAL_EXACT_COPYRIGHT_SECOND_REVIEW_V1.csv; key=chrono_crusade; candidate_root_hint=chrono_crusade; state=PASS,SAFE_TO_MIGRATE
Family,chrono_trigger,FAMILY_HOME,chrono_trigger,EXACT_COPYRIGHT_REVIEWED,REVIEWED_QUALIFIER_COPYRIGHT,,Second-reviewed Issue #180 exact qualifier review: family key 'chrono_trigger' equals the unique in-catalog Copyright root 'chrono_trigger'; candidate_authority=EXACT_QUALIFIER_EQUALS_COPYRIGHT_TAG.,VALIDATED,GLOBAL_EXACT_COPYRIGHT_SECOND_REVIEW_V1.csv; second-review=GLOBAL_EXACT_COPYRIGHT_SECOND_REVIEW_V1.csv; key=chrono_trigger; candidate_root_hint=chrono_trigger; state=PASS,SAFE_TO_MIGRATE
Family,chunithm,FAMILY_HOME,chunithm,EXACT_COPYRIGHT_REVIEWED,REVIEWED_QUALIFIER_COPYRIGHT,,Second-reviewed Issue #180 exact qualifier review: family key 'chunithm' equals the unique in-catalog Copyright root 'chunithm'; candidate_authority=EXACT_QUALIFIER_EQUALS_COPYRIGHT_TAG.,VALIDATED,GLOBAL_EXACT_COPYRIGHT_SECOND_REVIEW_V1.csv; second-review=GLOBAL_EXACT_COPYRIGHT_SECOND_REVIEW_V1.csv; key=chunithm; candidate_root_hint=chunithm; state=PASS,SAFE_TO_MIGRATE
Family,clannad,FAMILY_HOME,clannad,EXACT_COPYRIGHT_REVIEWED,REVIEWED_QUALIFIER_COPYRIGHT,,Second-reviewed Issue #180 exact qualifier review: family key 'clannad' equals the unique in-catalog Copyright root 'clannad'; candidate_authority=EXACT_QUALIFIER_EQUALS_COPYRIGHT_TAG.,VALIDATED,GLOBAL_EXACT_COPYRIGHT_SECOND_REVIEW_V1.csv; second-review=GLOBAL_EXACT_COPYRIGHT_SECOND_REVIEW_V1.csv; key=clannad; candidate_root_hint=clannad; state=PASS,SAFE_TO_MIGRATE
Family,class_of_09,FAMILY_HOME,class_of_09,EXACT_COPYRIGHT_REVIEWED,REVIEWED_QUALIFIER_COPYRIGHT,,Second-reviewed Issue #180 exact qualifier review: family key 'class_of_09' equals the unique in-catalog Copyright root 'class_of_09'; candidate_authority=EXACT_QUALIFIER_EQUALS_COPYRIGHT_TAG.,VALIDATED,GLOBAL_EXACT_COPYRIGHT_SECOND_REVIEW_V1.csv; second-review=GLOBAL_EXACT_COPYRIGHT_SECOND_REVIEW_V1.csv; key=class_of_09; candidate_root_hint=class_of_09; state=PASS,SAFE_TO_MIGRATE
Family,classicaloid,FAMILY_HOME,classicaloid,EXACT_COPYRIGHT_REVIEWED,REVIEWED_QUALIFIER_COPYRIGHT,,Second-reviewed Issue #180 exact qualifier review: family key 'classicaloid' equals the unique in-catalog Copyright root 'classicaloid'; candidate_authority=EXACT_QUALIFIER_EQUALS_COPYRIGHT_TAG.,VALIDATED,GLOBAL_EXACT_COPYRIGHT_SECOND_REVIEW_V1.csv; second-review=GLOBAL_EXACT_COPYRIGHT_SECOND_REVIEW_V1.csv; key=classicaloid; candidate_root_hint=classicaloid; state=PASS,SAFE_TO_MIGRATE
Family,closers,FAMILY_HOME,closers,EXACT_COPYRIGHT_REVIEWED,REVIEWED_QUALIFIER_COPYRIGHT,,Second-reviewed Issue #180 exact qualifier review: family key 'closers' equals the unique in-catalog Copyright root 'closers'; candidate_authority=EXACT_QUALIFIER_EQUALS_COPYRIGHT_TAG.,VALIDATED,GLOBAL_EXACT_COPYRIGHT_SECOND_REVIEW_V1.csv; second-review=GLOBAL_EXACT_COPYRIGHT_SECOND_REVIEW_V1.csv; key=closers; candidate_root_hint=closers; state=PASS,SAFE_TO_MIGRATE
Family,clover_theater,FAMILY_HOME,clover_theater,EXACT_COPYRIGHT_REVIEWED,REVIEWED_QUALIFIER_COPYRIGHT,,Second-reviewed Issue #180 exact qualifier review: family key 'clover_theater' equals the unique in-catalog Copyright root 'clover_theater'; candidate_authority=EXACT_QUALIFIER_EQUALS_COPYRIGHT_TAG.,VALIDATED,GLOBAL_EXACT_COPYRIGHT_SECOND_REVIEW_V1.csv; second-review=GLOBAL_EXACT_COPYRIGHT_SECOND_REVIEW_V1.csv; key=clover_theater; candidate_root_hint=clover_theater; state=PASS,SAFE_TO_MIGRATE
Family,code:_kite,FAMILY_HOME,code:_kite,EXACT_COPYRIGHT_REVIEWED,REVIEWED_QUALIFIER_COPYRIGHT,,Second-reviewed Issue #180 exact qualifier review: family key 'code:_kite' equals the unique in-catalog Copyright root 'code:_kite'; candidate_authority=EXACT_QUALIFIER_EQUALS_COPYRIGHT_TAG.,VALIDATED,GLOBAL_EXACT_COPYRIGHT_SECOND_REVIEW_V1.csv; second-review=GLOBAL_EXACT_COPYRIGHT_SECOND_REVIEW_V1.csv; key=code:_kite; candidate_root_hint=code:_kite; state=PASS,SAFE_TO_MIGRATE
Family,code_geass,FAMILY_HOME,code_geass,EXACT_COPYRIGHT_REVIEWED,REVIEWED_QUALIFIER_COPYRIGHT,,Second-reviewed Issue #180 exact qualifier review: family key 'code_geass' equals the unique in-catalog Copyright root 'code_geass'; candidate_authority=EXACT_QUALIFIER_EQUALS_COPYRIGHT_TAG.,VALIDATED,GLOBAL_EXACT_COPYRIGHT_SECOND_REVIEW_V1.csv; second-review=GLOBAL_EXACT_COPYRIGHT_SECOND_REVIEW_V1.csv; key=code_geass; candidate_root_hint=code_geass; state=PASS,SAFE_TO_MIGRATE
Family,code_vein,FAMILY_HOME,code_vein,EXACT_COPYRIGHT_REVIEWED,REVIEWED_QUALIFIER_COPYRIGHT,,Second-reviewed Issue #180 exact qualifier review: family key 'code_vein' equals the unique in-catalog Copyright root 'code_vein'; candidate_authority=EXACT_QUALIFIER_EQUALS_COPYRIGHT_TAG.,VALIDATED,GLOBAL_EXACT_COPYRIGHT_SECOND_REVIEW_V1.csv; second-review=GLOBAL_EXACT_COPYRIGHT_SECOND_REVIEW_V1.csv; key=code_vein; candidate_root_hint=code_vein; state=PASS,SAFE_TO_MIGRATE
Family,collar_x_malice,FAMILY_HOME,collar_x_malice,EXACT_COPYRIGHT_REVIEWED,REVIEWED_QUALIFIER_COPYRIGHT,,Second-reviewed Issue #180 exact qualifier review: family key 'collar_x_malice' equals the unique in-catalog Copyright root 'collar_x_malice'; candidate_authority=EXACT_QUALIFIER_EQUALS_COPYRIGHT_TAG.,VALIDATED,GLOBAL_EXACT_COPYRIGHT_SECOND_REVIEW_V1.csv; second-review=GLOBAL_EXACT_COPYRIGHT_SECOND_REVIEW_V1.csv; key=collar_x_malice; candidate_root_hint=collar_x_malice; state=PASS,SAFE_TO_MIGRATE
Family,cookie_clicker,FAMILY_HOME,cookie_clicker,EXACT_COPYRIGHT_REVIEWED,REVIEWED_QUALIFIER_COPYRIGHT,,Second-reviewed Issue #180 exact qualifier review: family key 'cookie_clicker' equals the unique in-catalog Copyright root 'cookie_clicker'; candidate_authority=EXACT_QUALIFIER_EQUALS_COPYRIGHT_TAG.,VALIDATED,GLOBAL_EXACT_COPYRIGHT_SECOND_REVIEW_V1.csv; second-review=GLOBAL_EXACT_COPYRIGHT_SECOND_REVIEW_V1.csv; key=cookie_clicker; candidate_root_hint=cookie_clicker; state=PASS,SAFE_TO_MIGRATE
Family,cooking_mama,FAMILY_HOME,cooking_mama,EXACT_COPYRIGHT_REVIEWED,REVIEWED_QUALIFIER_COPYRIGHT,,Second-reviewed Issue #180 exact qualifier review: family key 'cooking_mama' equals the unique in-catalog Copyright root 'cooking_mama'; candidate_authority=EXACT_QUALIFIER_EQUALS_COPYRIGHT_TAG.,VALIDATED,GLOBAL_EXACT_COPYRIGHT_SECOND_REVIEW_V1.csv; second-review=GLOBAL_EXACT_COPYRIGHT_SECOND_REVIEW_V1.csv; key=cooking_mama; candidate_root_hint=cooking_mama; state=PASS,SAFE_TO_MIGRATE
Family,coral_island,FAMILY_HOME,coral_island,EXACT_COPYRIGHT_REVIEWED,REVIEWED_QUALIFIER_COPYRIGHT,,Second-reviewed Issue #180 exact qualifier review: family key 'coral_island' equals the unique in-catalog Copyright root 'coral_island'; candidate_authority=EXACT_QUALIFIER_EQUALS_COPYRIGHT_TAG.,VALIDATED,GLOBAL_EXACT_COPYRIGHT_SECOND_REVIEW_V1.csv; second-review=GLOBAL_EXACT_COPYRIGHT_SECOND_REVIEW_V1.csv; key=coral_island; candidate_root_hint=coral_island; state=PASS,SAFE_TO_MIGRATE
Family,corrector_yui,FAMILY_HOME,corrector_yui,EXACT_COPYRIGHT_REVIEWED,REVIEWED_QUALIFIER_COPYRIGHT,,Second-reviewed Issue #180 exact qualifier review: family key 'corrector_yui' equals the unique in-catalog Copyright root 'corrector_yui'; candidate_authority=EXACT_QUALIFIER_EQUALS_COPYRIGHT_TAG.,VALIDATED,GLOBAL_EXACT_COPYRIGHT_SECOND_REVIEW_V1.csv; second-review=GLOBAL_EXACT_COPYRIGHT_SECOND_REVIEW_V1.csv; key=corrector_yui; candidate_root_hint=corrector_yui; state=PASS,SAFE_TO_MIGRATE
Family,cosmic_break,FAMILY_HOME,cosmic_break,EXACT_COPYRIGHT_REVIEWED,REVIEWED_QUALIFIER_COPYRIGHT,,Second-reviewed Issue #180 exact qualifier review: family key 'cosmic_break' equals the unique in-catalog Copyright root 'cosmic_break'; candidate_authority=EXACT_QUALIFIER_EQUALS_COPYRIGHT_TAG.,VALIDATED,GLOBAL_EXACT_COPYRIGHT_SECOND_REVIEW_V1.csv; second-review=GLOBAL_EXACT_COPYRIGHT_SECOND_REVIEW_V1.csv; key=cosmic_break; candidate_root_hint=cosmic_break; state=PASS,SAFE_TO_MIGRATE
Family,counter:side,FAMILY_HOME,counter:side,EXACT_COPYRIGHT_REVIEWED,REVIEWED_QUALIFIER_COPYRIGHT,,Second-reviewed Issue #180 exact qualifier review: family key 'counter:side' equals the unique in-catalog Copyright root 'counter:side'; candidate_authority=EXACT_QUALIFIER_EQUALS_COPYRIGHT_TAG.,VALIDATED,GLOBAL_EXACT_COPYRIGHT_SECOND_REVIEW_V1.csv; second-review=GLOBAL_EXACT_COPYRIGHT_SECOND_REVIEW_V1.csv; key=counter:side; candidate_root_hint=counter:side; state=PASS,SAFE_TO_MIGRATE
Family,cowboy_bebop,FAMILY_HOME,cowboy_bebop,EXACT_COPYRIGHT_REVIEWED,REVIEWED_QUALIFIER_COPYRIGHT,,Second-reviewed Issue #180 exact qualifier review: family key 'cowboy_bebop' equals the unique in-catalog Copyright root 'cowboy_bebop'; candidate_authority=EXACT_QUALIFIER_EQUALS_COPYRIGHT_TAG.,VALIDATED,GLOBAL_EXACT_COPYRIGHT_SECOND_REVIEW_V1.csv; second-review=GLOBAL_EXACT_COPYRIGHT_SECOND_REVIEW_V1.csv; key=cowboy_bebop; candidate_root_hint=cowboy_bebop; state=PASS,SAFE_TO_MIGRATE
Family,coyote_ragtime_show,FAMILY_HOME,coyote_ragtime_show,EXACT_COPYRIGHT_REVIEWED,REVIEWED_QUALIFIER_COPYRIGHT,,Second-reviewed Issue #180 exact qualifier review: family key 'coyote_ragtime_show' equals the unique in-catalog Copyright root 'coyote_ragtime_show'; candidate_authority=EXACT_QUALIFIER_EQUALS_COPYRIGHT_TAG.,VALIDATED,GLOBAL_EXACT_COPYRIGHT_SECOND_REVIEW_V1.csv; second-review=GLOBAL_EXACT_COPYRIGHT_SECOND_REVIEW_V1.csv; key=coyote_ragtime_show; candidate_root_hint=coyote_ragtime_show; state=PASS,SAFE_TO_MIGRATE
Family,crave_saga,FAMILY_HOME,crave_saga,EXACT_COPYRIGHT_REVIEWED,REVIEWED_QUALIFIER_COPYRIGHT,,Second-reviewed Issue #180 exact qualifier review: family key 'crave_saga' equals the unique in-catalog Copyright root 'crave_saga'; candidate_authority=EXACT_QUALIFIER_EQUALS_COPYRIGHT_TAG.,VALIDATED,GLOBAL_EXACT_COPYRIGHT_SECOND_REVIEW_V1.csv; second-review=GLOBAL_EXACT_COPYRIGHT_SECOND_REVIEW_V1.csv; key=crave_saga; candidate_root_hint=crave_saga; state=PASS,SAFE_TO_MIGRATE
Family,crayon_shin-chan,FAMILY_HOME,crayon_shin-chan,EXACT_COPYRIGHT_REVIEWED,REVIEWED_QUALIFIER_COPYRIGHT,,Second-reviewed Issue #180 exact qualifier review: family key 'crayon_shin-chan' equals the unique in-catalog Copyright root 'crayon_shin-chan'; candidate_authority=EXACT_QUALIFIER_EQUALS_COPYRIGHT_TAG.,VALIDATED,GLOBAL_EXACT_COPYRIGHT_SECOND_REVIEW_V1.csv; second-review=GLOBAL_EXACT_COPYRIGHT_SECOND_REVIEW_V1.csv; key=crayon_shin-chan; candidate_root_hint=crayon_shin-chan; state=PASS,SAFE_TO_MIGRATE
Family,crazy_raccoon,FAMILY_HOME,crazy_raccoon,EXACT_COPYRIGHT_REVIEWED,REVIEWED_QUALIFIER_COPYRIGHT,,Second-reviewed Issue #180 exact qualifier review: family key 'crazy_raccoon' equals the unique in-catalog Copyright root 'crazy_raccoon'; candidate_authority=EXACT_QUALIFIER_EQUALS_COPYRIGHT_TAG.,VALIDATED,GLOBAL_EXACT_COPYRIGHT_SECOND_REVIEW_V1.csv; second-review=GLOBAL_EXACT_COPYRIGHT_SECOND_REVIEW_V1.csv; key=crazy_raccoon; candidate_root_hint=crazy_raccoon; state=PASS,SAFE_TO_MIGRATE
Family,cross_ange,FAMILY_HOME,cross_ange,EXACT_COPYRIGHT_REVIEWED,REVIEWED_QUALIFIER_COPYRIGHT,,Second-reviewed Issue #180 exact qualifier review: family key 'cross_ange' equals the unique in-catalog Copyright root 'cross_ange'; candidate_authority=EXACT_QUALIFIER_EQUALS_COPYRIGHT_TAG.,VALIDATED,GLOBAL_EXACT_COPYRIGHT_SECOND_REVIEW_V1.csv; second-review=GLOBAL_EXACT_COPYRIGHT_SECOND_REVIEW_V1.csv; key=cross_ange; candidate_root_hint=cross_ange; state=PASS,SAFE_TO_MIGRATE
Family,crosscode,FAMILY_HOME,crosscode,EXACT_COPYRIGHT_REVIEWED,REVIEWED_QUALIFIER_COPYRIGHT,,Second-reviewed Issue #180 exact qualifier review: family key 'crosscode' equals the unique in-catalog Copyright root 'crosscode'; candidate_authority=EXACT_QUALIFIER_EQUALS_COPYRIGHT_TAG.,VALIDATED,GLOBAL_EXACT_COPYRIGHT_SECOND_REVIEW_V1.csv; second-review=GLOBAL_EXACT_COPYRIGHT_SECOND_REVIEW_V1.csv; key=crosscode; candidate_root_hint=crosscode; state=PASS,SAFE_TO_MIGRATE
Family,crusher_joe,FAMILY_HOME,crusher_joe,EXACT_COPYRIGHT_REVIEWED,REVIEWED_QUALIFIER_COPYRIGHT,,Second-reviewed Issue #180 exact qualifier review: family key 'crusher_joe' equals the unique in-catalog Copyright root 'crusher_joe'; candidate_authority=EXACT_QUALIFIER_EQUALS_COPYRIGHT_TAG.,VALIDATED,GLOBAL_EXACT_COPYRIGHT_SECOND_REVIEW_V1.csv; second-review=GLOBAL_EXACT_COPYRIGHT_SECOND_REVIEW_V1.csv; key=crusher_joe; candidate_root_hint=crusher_joe; state=PASS,SAFE_TO_MIGRATE
Family,cry_of_fear,FAMILY_HOME,cry_of_fear,EXACT_COPYRIGHT_REVIEWED,REVIEWED_QUALIFIER_COPYRIGHT,,Second-reviewed Issue #180 exact qualifier review: family key 'cry_of_fear' equals the unique in-catalog Copyright root 'cry_of_fear'; candidate_authority=EXACT_QUALIFIER_EQUALS_COPYRIGHT_TAG.,VALIDATED,GLOBAL_EXACT_COPYRIGHT_SECOND_REVIEW_V1.csv; second-review=GLOBAL_EXACT_COPYRIGHT_SECOND_REVIEW_V1.csv; key=cry_of_fear; candidate_root_hint=cry_of_fear; state=PASS,SAFE_TO_MIGRATE
Family,crymachina,FAMILY_HOME,crymachina,EXACT_COPYRIGHT_REVIEWED,REVIEWED_QUALIFIER_COPYRIGHT,,Second-reviewed Issue #180 exact qualifier review: family key 'crymachina' equals the unique in-catalog Copyright root 'crymachina'; candidate_authority=EXACT_QUALIFIER_EQUALS_COPYRIGHT_TAG.,VALIDATED,GLOBAL_EXACT_COPYRIGHT_SECOND_REVIEW_V1.csv; second-review=GLOBAL_EXACT_COPYRIGHT_SECOND_REVIEW_V1.csv; key=crymachina; candidate_root_hint=crymachina; state=PASS,SAFE_TO_MIGRATE
Family,cthulhu_mythos,FAMILY_HOME,cthulhu_mythos,EXACT_COPYRIGHT_REVIEWED,REVIEWED_QUALIFIER_COPYRIGHT,,Second-reviewed Issue #180 exact qualifier review: family key 'cthulhu_mythos' equals the unique in-catalog Copyright root 'cthulhu_mythos'; candidate_authority=EXACT_QUALIFIER_EQUALS_COPYRIGHT_TAG.,VALIDATED,GLOBAL_EXACT_COPYRIGHT_SECOND_REVIEW_V1.csv; second-review=GLOBAL_EXACT_COPYRIGHT_SECOND_REVIEW_V1.csv; key=cthulhu_mythos; candidate_root_hint=cthulhu_mythos; state=PASS,SAFE_TO_MIGRATE
Family,cult_of_the_lamb,FAMILY_HOME,cult_of_the_lamb,EXACT_COPYRIGHT_REVIEWED,REVIEWED_QUALIFIER_COPYRIGHT,,Second-reviewed Issue #180 exact qualifier review: family key 'cult_of_the_lamb' equals the unique in-catalog Copyright root 'cult_of_the_lamb'; candidate_authority=EXACT_QUALIFIER_EQUALS_COPYRIGHT_TAG.,VALIDATED,GLOBAL_EXACT_COPYRIGHT_SECOND_REVIEW_V1.csv; second-review=GLOBAL_EXACT_COPYRIGHT_SECOND_REVIEW_V1.csv; key=cult_of_the_lamb; candidate_root_hint=cult_of_the_lamb; state=PASS,SAFE_TO_MIGRATE
Family,cyborg_009,FAMILY_HOME,cyborg_009,EXACT_COPYRIGHT_REVIEWED,REVIEWED_QUALIFIER_COPYRIGHT,,Second-reviewed Issue #180 exact qualifier review: family key 'cyborg_009' equals the unique in-catalog Copyright root 'cyborg_009'; candidate_authority=EXACT_QUALIFIER_EQUALS_COPYRIGHT_TAG.,VALIDATED,GLOBAL_EXACT_COPYRIGHT_SECOND_REVIEW_V1.csv; second-review=GLOBAL_EXACT_COPYRIGHT_SECOND_REVIEW_V1.csv; key=cyborg_009; candidate_root_hint=cyborg_009; state=PASS,SAFE_TO_MIGRATE
Family,cyphers,FAMILY_HOME,cyphers,EXACT_COPYRIGHT_REVIEWED,REVIEWED_QUALIFIER_COPYRIGHT,,Second-reviewed Issue #180 exact qualifier review: family key 'cyphers' equals the unique in-catalog Copyright root 'cyphers'; candidate_authority=EXACT_QUALIFIER_EQUALS_COPYRIGHT_TAG.,VALIDATED,GLOBAL_EXACT_COPYRIGHT_SECOND_REVIEW_V1.csv; second-review=GLOBAL_EXACT_COPYRIGHT_SECOND_REVIEW_V1.csv; key=cyphers; candidate_root_hint=cyphers; state=PASS,SAFE_TO_MIGRATE
Family,cytus,FAMILY_HOME,cytus,EXACT_COPYRIGHT_REVIEWED,REVIEWED_QUALIFIER_COPYRIGHT,,Second-reviewed Issue #180 exact qualifier review: family key 'cytus' equals the unique in-catalog Copyright root 'cytus'; candidate_authority=EXACT_QUALIFIER_EQUALS_COPYRIGHT_TAG.,VALIDATED,GLOBAL_EXACT_COPYRIGHT_SECOND_REVIEW_V1.csv; second-review=GLOBAL_EXACT_COPYRIGHT_SECOND_REVIEW_V1.csv; key=cytus; candidate_root_hint=cytus; state=PASS,SAFE_TO_MIGRATE
Family,cytus_ii,FAMILY_HOME,cytus_ii,EXACT_COPYRIGHT_REVIEWED,REVIEWED_QUALIFIER_COPYRIGHT,,Second-reviewed Issue #180 exact qualifier review: family key 'cytus_ii' equals the unique in-catalog Copyright root 'cytus_ii'; candidate_authority=EXACT_QUALIFIER_EQUALS_COPYRIGHT_TAG.,VALIDATED,GLOBAL_EXACT_COPYRIGHT_SECOND_REVIEW_V1.csv; second-review=GLOBAL_EXACT_COPYRIGHT_SECOND_REVIEW_V1.csv; key=cytus_ii; candidate_root_hint=cytus_ii; state=PASS,SAFE_TO_MIGRATE
Family,d-frag!,FAMILY_HOME,d-frag!,EXACT_COPYRIGHT_REVIEWED,REVIEWED_QUALIFIER_COPYRIGHT,,Second-reviewed Issue #180 exact qualifier review: family key 'd-frag!' equals the unique in-catalog Copyright root 'd-frag!'; candidate_authority=EXACT_QUALIFIER_EQUALS_COPYRIGHT_TAG.,VALIDATED,GLOBAL_EXACT_COPYRIGHT_SECOND_REVIEW_V1.csv; second-review=GLOBAL_EXACT_COPYRIGHT_SECOND_REVIEW_V1.csv; key=d-frag!; candidate_root_hint=d-frag!; state=PASS,SAFE_TO_MIGRATE
Family,dandadan,FAMILY_HOME,dandadan,EXACT_COPYRIGHT_REVIEWED,REVIEWED_QUALIFIER_COPYRIGHT,,Second-reviewed Issue #180 exact qualifier review: family key 'dandadan' equals the unique in-catalog Copyright root 'dandadan'; candidate_authority=EXACT_QUALIFIER_EQUALS_COPYRIGHT_TAG.,VALIDATED,GLOBAL_EXACT_COPYRIGHT_SECOND_REVIEW_V1.csv; second-review=GLOBAL_EXACT_COPYRIGHT_SECOND_REVIEW_V1.csv; key=dandadan; candidate_root_hint=dandadan; state=PASS,SAFE_TO_MIGRATE
Family,dantalian_no_shoka,FAMILY_HOME,dantalian_no_shoka,EXACT_COPYRIGHT_REVIEWED,REVIEWED_QUALIFIER_COPYRIGHT,,Second-reviewed Issue #180 exact qualifier review: family key 'dantalian_no_shoka' equals the unique in-catalog Copyright root 'dantalian_no_shoka'; candidate_authority=EXACT_QUALIFIER_EQUALS_COPYRIGHT_TAG.,VALIDATED,GLOBAL_EXACT_COPYRIGHT_SECOND_REVIEW_V1.csv; second-review=GLOBAL_EXACT_COPYRIGHT_SECOND_REVIEW_V1.csv; key=dantalian_no_shoka; candidate_root_hint=dantalian_no_shoka; state=PASS,SAFE_TO_MIGRATE
Family,darker_than_black,FAMILY_HOME,darker_than_black,EXACT_COPYRIGHT_REVIEWED,REVIEWED_QUALIFIER_COPYRIGHT,,Second-reviewed Issue #180 exact qualifier review: family key 'darker_than_black' equals the unique in-catalog Copyright root 'darker_than_black'; candidate_authority=EXACT_QUALIFIER_EQUALS_COPYRIGHT_TAG.,VALIDATED,GLOBAL_EXACT_COPYRIGHT_SECOND_REVIEW_V1.csv; second-review=GLOBAL_EXACT_COPYRIGHT_SECOND_REVIEW_V1.csv; key=darker_than_black; candidate_root_hint=darker_than_black; state=PASS,SAFE_TO_MIGRATE
Family,darkest_dungeon,FAMILY_HOME,darkest_dungeon,EXACT_COPYRIGHT_REVIEWED,REVIEWED_QUALIFIER_COPYRIGHT,,Second-reviewed Issue #180 exact qualifier review: family key 'darkest_dungeon' equals the unique in-catalog Copyright root 'darkest_dungeon'; candidate_authority=EXACT_QUALIFIER_EQUALS_COPYRIGHT_TAG.,VALIDATED,GLOBAL_EXACT_COPYRIGHT_SECOND_REVIEW_V1.csv; second-review=GLOBAL_EXACT_COPYRIGHT_SECOND_REVIEW_V1.csv; key=darkest_dungeon; candidate_root_hint=darkest_dungeon; state=PASS,SAFE_TO_MIGRATE
Family,darkstalkers,FAMILY_HOME,darkstalkers,EXACT_COPYRIGHT_REVIEWED,REVIEWED_QUALIFIER_COPYRIGHT,,Second-reviewed Issue #180 exact qualifier review: family key 'darkstalkers' equals the unique in-catalog Copyright root 'darkstalkers'; candidate_authority=EXACT_QUALIFIER_EQUALS_COPYRIGHT_TAG.,VALIDATED,GLOBAL_EXACT_COPYRIGHT_SECOND_REVIEW_V1.csv; second-review=GLOBAL_EXACT_COPYRIGHT_SECOND_REVIEW_V1.csv; key=darkstalkers; candidate_root_hint=darkstalkers; state=PASS,SAFE_TO_MIGRATE
Family,darling_in_the_franxx,FAMILY_HOME,darling_in_the_franxx,EXACT_COPYRIGHT_REVIEWED,REVIEWED_QUALIFIER_COPYRIGHT,,Second-reviewed Issue #180 exact qualifier review: family key 'darling_in_the_franxx' equals the unique in-catalog Copyright root 'darling_in_the_franxx'; candidate_authority=EXACT_QUALIFIER_EQUALS_COPYRIGHT_TAG.,VALIDATED,GLOBAL_EXACT_COPYRIGHT_SECOND_REVIEW_V1.csv; second-review=GLOBAL_EXACT_COPYRIGHT_SECOND_REVIEW_V1.csv; key=darling_in_the_franxx; candidate_root_hint=darling_in_the_franxx; state=PASS,SAFE_TO_MIGRATE
Family,date_a_live,FAMILY_HOME,date_a_live,EXACT_COPYRIGHT_REVIEWED,REVIEWED_QUALIFIER_COPYRIGHT,,Second-reviewed Issue #180 exact qualifier review: family key 'date_a_live' equals the unique in-catalog Copyright root 'date_a_live'; candidate_authority=EXACT_QUALIFIER_EQUALS_COPYRIGHT_TAG.,VALIDATED,GLOBAL_EXACT_COPYRIGHT_SECOND_REVIEW_V1.csv; second-review=GLOBAL_EXACT_COPYRIGHT_SECOND_REVIEW_V1.csv; key=date_a_live; candidate_root_hint=date_a_live; state=PASS,SAFE_TO_MIGRATE
Family,dead_by_daylight,FAMILY_HOME,dead_by_daylight,EXACT_COPYRIGHT_REVIEWED,REVIEWED_QUALIFIER_COPYRIGHT,,Second-reviewed Issue #180 exact qualifier review: family key 'dead_by_daylight' equals the unique in-catalog Copyright root 'dead_by_daylight'; candidate_authority=EXACT_QUALIFIER_EQUALS_COPYRIGHT_TAG.,VALIDATED,GLOBAL_EXACT_COPYRIGHT_SECOND_REVIEW_V1.csv; second-review=GLOBAL_EXACT_COPYRIGHT_SECOND_REVIEW_V1.csv; key=dead_by_daylight; candidate_root_hint=dead_by_daylight; state=PASS,SAFE_TO_MIGRATE
Family,deadman_wonderland,FAMILY_HOME,deadman_wonderland,EXACT_COPYRIGHT_REVIEWED,REVIEWED_QUALIFIER_COPYRIGHT,,Second-reviewed Issue #180 exact qualifier review: family key 'deadman_wonderland' equals the unique in-catalog Copyright root 'deadman_wonderland'; candidate_authority=EXACT_QUALIFIER_EQUALS_COPYRIGHT_TAG.,VALIDATED,GLOBAL_EXACT_COPYRIGHT_SECOND_REVIEW_V1.csv; second-review=GLOBAL_EXACT_COPYRIGHT_SECOND_REVIEW_V1.csv; key=deadman_wonderland; candidate_root_hint=deadman_wonderland; state=PASS,SAFE_TO_MIGRATE
Family,dear_vocalist,FAMILY_HOME,dear_vocalist,EXACT_COPYRIGHT_REVIEWED,REVIEWED_QUALIFIER_COPYRIGHT,,Second-reviewed Issue #180 exact qualifier review: family key 'dear_vocalist' equals the unique in-catalog Copyright root 'dear_vocalist'; candidate_authority=EXACT_QUALIFIER_EQUALS_COPYRIGHT_TAG.,VALIDATED,GLOBAL_EXACT_COPYRIGHT_SECOND_REVIEW_V1.csv; second-review=GLOBAL_EXACT_COPYRIGHT_SECOND_REVIEW_V1.csv; key=dear_vocalist; candidate_root_hint=dear_vocalist; state=PASS,SAFE_TO_MIGRATE
Family,dears,FAMILY_HOME,dears,EXACT_COPYRIGHT_REVIEWED,REVIEWED_QUALIFIER_COPYRIGHT,,Second-reviewed Issue #180 exact qualifier review: family key 'dears' equals the unique in-catalog Copyright root 'dears'; candidate_authority=EXACT_QUALIFIER_EQUALS_COPYRIGHT_TAG.,VALIDATED,GLOBAL_EXACT_COPYRIGHT_SECOND_REVIEW_V1.csv; second-review=GLOBAL_EXACT_COPYRIGHT_SECOND_REVIEW_V1.csv; key=dears; candidate_root_hint=dears; state=PASS,SAFE_TO_MIGRATE
Family,death_note,FAMILY_HOME,death_note,EXACT_COPYRIGHT_REVIEWED,REVIEWED_QUALIFIER_COPYRIGHT,,Second-reviewed Issue #180 exact qualifier review: family key 'death_note' equals the unique in-catalog Copyright root 'death_note'; candidate_authority=EXACT_QUALIFIER_EQUALS_COPYRIGHT_TAG.,VALIDATED,GLOBAL_EXACT_COPYRIGHT_SECOND_REVIEW_V1.csv; second-review=GLOBAL_EXACT_COPYRIGHT_SECOND_REVIEW_V1.csv; key=death_note; candidate_root_hint=death_note; state=PASS,SAFE_TO_MIGRATE
Family,death_stranding,FAMILY_HOME,death_stranding,EXACT_COPYRIGHT_REVIEWED,REVIEWED_QUALIFIER_COPYRIGHT,,Second-reviewed Issue #180 exact qualifier review: family key 'death_stranding' equals the unique in-catalog Copyright root 'death_stranding'; candidate_authority=EXACT_QUALIFIER_EQUALS_COPYRIGHT_TAG.,VALIDATED,GLOBAL_EXACT_COPYRIGHT_SECOND_REVIEW_V1.csv; second-review=GLOBAL_EXACT_COPYRIGHT_SECOND_REVIEW_V1.csv; key=death_stranding; candidate_root_hint=death_stranding; state=PASS,SAFE_TO_MIGRATE
Family,deathsmiles,FAMILY_HOME,deathsmiles,EXACT_COPYRIGHT_REVIEWED,REVIEWED_QUALIFIER_COPYRIGHT,,Second-reviewed Issue #180 exact qualifier review: family key 'deathsmiles' equals the unique in-catalog Copyright root 'deathsmiles'; candidate_authority=EXACT_QUALIFIER_EQUALS_COPYRIGHT_TAG.,VALIDATED,GLOBAL_EXACT_COPYRIGHT_SECOND_REVIEW_V1.csv; second-review=GLOBAL_EXACT_COPYRIGHT_SECOND_REVIEW_V1.csv; key=deathsmiles; candidate_root_hint=deathsmiles; state=PASS,SAFE_TO_MIGRATE
Family,deemo,FAMILY_HOME,deemo,EXACT_COPYRIGHT_REVIEWED,REVIEWED_QUALIFIER_COPYRIGHT,,Second-reviewed Issue #180 exact qualifier review: family key 'deemo' equals the unique in-catalog Copyright root 'deemo'; candidate_authority=EXACT_QUALIFIER_EQUALS_COPYRIGHT_TAG.,VALIDATED,GLOBAL_EXACT_COPYRIGHT_SECOND_REVIEW_V1.csv; second-review=GLOBAL_EXACT_COPYRIGHT_SECOND_REVIEW_V1.csv; key=deemo; candidate_root_hint=deemo; state=PASS,SAFE_TO_MIGRATE
Family,degrees_of_lewdity,FAMILY_HOME,degrees_of_lewdity,EXACT_COPYRIGHT_REVIEWED,REVIEWED_QUALIFIER_COPYRIGHT,,Second-reviewed Issue #180 exact qualifier review: family key 'degrees_of_lewdity' equals the unique in-catalog Copyright root 'degrees_of_lewdity'; candidate_authority=EXACT_QUALIFIER_EQUALS_COPYRIGHT_TAG.,VALIDATED,GLOBAL_EXACT_COPYRIGHT_SECOND_REVIEW_V1.csv; second-review=GLOBAL_EXACT_COPYRIGHT_SECOND_REVIEW_V1.csv; key=degrees_of_lewdity; candidate_root_hint=degrees_of_lewdity; state=PASS,SAFE_TO_MIGRATE
Family,delightfully_fuckable_and_unrefined!!,FAMILY_HOME,delightfully_fuckable_and_unrefined!!,EXACT_COPYRIGHT_REVIEWED,REVIEWED_QUALIFIER_COPYRIGHT,,Second-reviewed Issue #180 exact qualifier review: family key 'delightfully_fuckable_and_unrefined!!' equals the unique in-catalog Copyright root 'delightfully_fuckable_and_unrefined!!'; candidate_authority=EXACT_QUALIFIER_EQUALS_COPYRIGHT_TAG.,VALIDATED,GLOBAL_EXACT_COPYRIGHT_SECOND_REVIEW_V1.csv; second-review=GLOBAL_EXACT_COPYRIGHT_SECOND_REVIEW_V1.csv; key=delightfully_fuckable_and_unrefined!!; candidate_root_hint=delightfully_fuckable_and_unrefined!!; state=PASS,SAFE_TO_MIGRATE
Family,deltarune,FAMILY_HOME,deltarune,FIRST_PARTY_REVIEWED,EXTERNAL_AUTHORITY,https://deltarune.com/,Official DELTARUNE site describes its main characters and title context.,VALIDATED,P1_P3_AUTHORITY_SECOND_REVIEW_V1.csv; second-review=P1_P3_AUTHORITY_SECOND_REVIEW_V1.csv; key=deltarune; candidate_root=deltarune; state=PASS,SAFE_TO_MIGRATE
Family,demento,FAMILY_HOME,demento,EXACT_COPYRIGHT_REVIEWED,REVIEWED_QUALIFIER_COPYRIGHT,,Second-reviewed Issue #180 exact qualifier review: family key 'demento' equals the unique in-catalog Copyright root 'demento'; candidate_authority=EXACT_QUALIFIER_EQUALS_COPYRIGHT_TAG.,VALIDATED,GLOBAL_EXACT_COPYRIGHT_SECOND_REVIEW_V1.csv; second-review=GLOBAL_EXACT_COPYRIGHT_SECOND_REVIEW_V1.csv; key=demento; candidate_root_hint=demento; state=PASS,SAFE_TO_MIGRATE
Family,demonbane,FAMILY_HOME,demonbane,EXACT_COPYRIGHT_REVIEWED,REVIEWED_QUALIFIER_COPYRIGHT,,Second-reviewed Issue #180 exact qualifier review: family key 'demonbane' equals the unique in-catalog Copyright root 'demonbane'; candidate_authority=EXACT_QUALIFIER_EQUALS_COPYRIGHT_TAG.,VALIDATED,GLOBAL_EXACT_COPYRIGHT_SECOND_REVIEW_V1.csv; second-review=GLOBAL_EXACT_COPYRIGHT_SECOND_REVIEW_V1.csv; key=demonbane; candidate_root_hint=demonbane; state=PASS,SAFE_TO_MIGRATE
Family,dennou_coil,FAMILY_HOME,dennou_coil,EXACT_COPYRIGHT_REVIEWED,REVIEWED_QUALIFIER_COPYRIGHT,,Second-reviewed Issue #180 exact qualifier review: family key 'dennou_coil' equals the unique in-catalog Copyright root 'dennou_coil'; candidate_authority=EXACT_QUALIFIER_EQUALS_COPYRIGHT_TAG.,VALIDATED,GLOBAL_EXACT_COPYRIGHT_SECOND_REVIEW_V1.csv; second-review=GLOBAL_EXACT_COPYRIGHT_SECOND_REVIEW_V1.csv; key=dennou_coil; candidate_root_hint=dennou_coil; state=PASS,SAFE_TO_MIGRATE
Family,denonbu,FAMILY_HOME,denonbu,EXACT_COPYRIGHT_REVIEWED,REVIEWED_QUALIFIER_COPYRIGHT,,Second-reviewed Issue #180 exact qualifier review: family key 'denonbu' equals the unique in-catalog Copyright root 'denonbu'; candidate_authority=EXACT_QUALIFIER_EQUALS_COPYRIGHT_TAG.,VALIDATED,GLOBAL_EXACT_COPYRIGHT_SECOND_REVIEW_V1.csv; second-review=GLOBAL_EXACT_COPYRIGHT_SECOND_REVIEW_V1.csv; key=denonbu; candidate_root_hint=denonbu; state=PASS,SAFE_TO_MIGRATE
Family,despicable_me,FAMILY_HOME,despicable_me,EXACT_COPYRIGHT_REVIEWED,REVIEWED_QUALIFIER_COPYRIGHT,,Second-reviewed Issue #180 exact qualifier review: family key 'despicable_me' equals the unique in-catalog Copyright root 'despicable_me'; candidate_authority=EXACT_QUALIFIER_EQUALS_COPYRIGHT_TAG.,VALIDATED,GLOBAL_EXACT_COPYRIGHT_SECOND_REVIEW_V1.csv; second-review=GLOBAL_EXACT_COPYRIGHT_SECOND_REVIEW_V1.csv; key=despicable_me; candidate_root_hint=despicable_me; state=PASS,SAFE_TO_MIGRATE
Family,devil_may_cry_5,FAMILY_HOME,devil_may_cry_5,EXACT_COPYRIGHT_REVIEWED,REVIEWED_QUALIFIER_COPYRIGHT,,Second-reviewed Issue #180 exact qualifier review: family key 'devil_may_cry_5' equals the unique in-catalog Copyright root 'devil_may_cry_5'; candidate_authority=EXACT_QUALIFIER_EQUALS_COPYRIGHT_TAG.,VALIDATED,GLOBAL_EXACT_COPYRIGHT_SECOND_REVIEW_V1.csv; second-review=GLOBAL_EXACT_COPYRIGHT_SECOND_REVIEW_V1.csv; key=devil_may_cry_5; candidate_root_hint=devil_may_cry_5; state=PASS,SAFE_TO_MIGRATE
Family,devil_survivor_2,FAMILY_HOME,devil_survivor_2,EXACT_COPYRIGHT_REVIEWED,REVIEWED_QUALIFIER_COPYRIGHT,,Second-reviewed Issue #180 exact qualifier review: family key 'devil_survivor_2' equals the unique in-catalog Copyright root 'devil_survivor_2'; candidate_authority=EXACT_QUALIFIER_EQUALS_COPYRIGHT_TAG.,VALIDATED,GLOBAL_EXACT_COPYRIGHT_SECOND_REVIEW_V1.csv; second-review=GLOBAL_EXACT_COPYRIGHT_SECOND_REVIEW_V1.csv; key=devil_survivor_2; candidate_root_hint=devil_survivor_2; state=PASS,SAFE_TO_MIGRATE
Family,devilish_hairdresser,FAMILY_HOME,devilish_hairdresser,EXACT_COPYRIGHT_REVIEWED,REVIEWED_QUALIFIER_COPYRIGHT,,Second-reviewed Issue #180 exact qualifier review: family key 'devilish_hairdresser' equals the unique in-catalog Copyright root 'devilish_hairdresser'; candidate_authority=EXACT_QUALIFIER_EQUALS_COPYRIGHT_TAG.,VALIDATED,GLOBAL_EXACT_COPYRIGHT_SECOND_REVIEW_V1.csv; second-review=GLOBAL_EXACT_COPYRIGHT_SECOND_REVIEW_V1.csv; key=devilish_hairdresser; candidate_root_hint=devilish_hairdresser; state=PASS,SAFE_TO_MIGRATE
Family,devilman,FAMILY_HOME,devilman,EXACT_COPYRIGHT_REVIEWED,REVIEWED_QUALIFIER_COPYRIGHT,,Second-reviewed Issue #180 exact qualifier review: family key 'devilman' equals the unique in-catalog Copyright root 'devilman'; candidate_authority=EXACT_QUALIFIER_EQUALS_COPYRIGHT_TAG.,VALIDATED,GLOBAL_EXACT_COPYRIGHT_SECOND_REVIEW_V1.csv; second-review=GLOBAL_EXACT_COPYRIGHT_SECOND_REVIEW_V1.csv; key=devilman; candidate_root_hint=devilman; state=PASS,SAFE_TO_MIGRATE
Family,dewprism,FAMILY_HOME,dewprism,EXACT_COPYRIGHT_REVIEWED,REVIEWED_QUALIFIER_COPYRIGHT,,Second-reviewed Issue #180 exact qualifier review: family key 'dewprism' equals the unique in-catalog Copyright root 'dewprism'; candidate_authority=EXACT_QUALIFIER_EQUALS_COPYRIGHT_TAG.,VALIDATED,GLOBAL_EXACT_COPYRIGHT_SECOND_REVIEW_V1.csv; second-review=GLOBAL_EXACT_COPYRIGHT_SECOND_REVIEW_V1.csv; key=dewprism; candidate_root_hint=dewprism; state=PASS,SAFE_TO_MIGRATE
Family,dexter's_laboratory,FAMILY_HOME,dexter's_laboratory,EXACT_COPYRIGHT_REVIEWED,REVIEWED_QUALIFIER_COPYRIGHT,,"Second-reviewed Issue #180 exact qualifier review: family key ""dexter's_laboratory"" equals the unique in-catalog Copyright root ""dexter's_laboratory""; candidate_authority=EXACT_QUALIFIER_EQUALS_COPYRIGHT_TAG.",VALIDATED,GLOBAL_EXACT_COPYRIGHT_SECOND_REVIEW_V1.csv; second-review=GLOBAL_EXACT_COPYRIGHT_SECOND_REVIEW_V1.csv; key=dexter's_laboratory; candidate_root_hint=dexter's_laboratory; state=PASS,SAFE_TO_MIGRATE
Family,dies_irae,FAMILY_HOME,dies_irae,EXACT_COPYRIGHT_REVIEWED,REVIEWED_QUALIFIER_COPYRIGHT,,Second-reviewed Issue #180 exact qualifier review: family key 'dies_irae' equals the unique in-catalog Copyright root 'dies_irae'; candidate_authority=EXACT_QUALIFIER_EQUALS_COPYRIGHT_TAG.,VALIDATED,GLOBAL_EXACT_COPYRIGHT_SECOND_REVIEW_V1.csv; second-review=GLOBAL_EXACT_COPYRIGHT_SECOND_REVIEW_V1.csv; key=dies_irae; candidate_root_hint=dies_irae; state=PASS,SAFE_TO_MIGRATE
Family,digimon,FAMILY_HOME,digimon,EXACT_COPYRIGHT_REVIEWED,REVIEWED_QUALIFIER_COPYRIGHT,,Second-reviewed Issue #180 exact qualifier review: family key 'digimon' equals the unique in-catalog Copyright root 'digimon'; candidate_authority=EXACT_QUALIFIER_EQUALS_COPYRIGHT_TAG.,VALIDATED,GLOBAL_EXACT_COPYRIGHT_SECOND_REVIEW_V1.csv; second-review=GLOBAL_EXACT_COPYRIGHT_SECOND_REVIEW_V1.csv; key=digimon; candidate_root_hint=digimon; state=PASS,SAFE_TO_MIGRATE
Family,digimon_savers,FAMILY_HOME,digimon_savers,EXACT_COPYRIGHT_REVIEWED,REVIEWED_QUALIFIER_COPYRIGHT,,Second-reviewed Issue #180 exact qualifier review: family key 'digimon_savers' equals the unique in-catalog Copyright root 'digimon_savers'; candidate_authority=EXACT_QUALIFIER_EQUALS_COPYRIGHT_TAG.,VALIDATED,GLOBAL_EXACT_COPYRIGHT_SECOND_REVIEW_V1.csv; second-review=GLOBAL_EXACT_COPYRIGHT_SECOND_REVIEW_V1.csv; key=digimon_savers; candidate_root_hint=digimon_savers; state=PASS,SAFE_TO_MIGRATE
Family,digimon_xros_wars,FAMILY_HOME,digimon_xros_wars,EXACT_COPYRIGHT_REVIEWED,REVIEWED_QUALIFIER_COPYRIGHT,,Second-reviewed Issue #180 exact qualifier review: family key 'digimon_xros_wars' equals the unique in-catalog Copyright root 'digimon_xros_wars'; candidate_authority=EXACT_QUALIFIER_EQUALS_COPYRIGHT_TAG.,VALIDATED,GLOBAL_EXACT_COPYRIGHT_SECOND_REVIEW_V1.csv; second-review=GLOBAL_EXACT_COPYRIGHT_SECOND_REVIEW_V1.csv; key=digimon_xros_wars; candidate_root_hint=digimon_xros_wars; state=PASS,SAFE_TO_MIGRATE
Family,dino_crisis,FAMILY_HOME,dino_crisis,EXACT_COPYRIGHT_REVIEWED,REVIEWED_QUALIFIER_COPYRIGHT,,Second-reviewed Issue #180 exact qualifier review: family key 'dino_crisis' equals the unique in-catalog Copyright root 'dino_crisis'; candidate_authority=EXACT_QUALIFIER_EQUALS_COPYRIGHT_TAG.,VALIDATED,GLOBAL_EXACT_COPYRIGHT_SECOND_REVIEW_V1.csv; second-review=GLOBAL_EXACT_COPYRIGHT_SECOND_REVIEW_V1.csv; key=dino_crisis; candidate_root_hint=dino_crisis; state=PASS,SAFE_TO_MIGRATE
Family,dirty_pair,FAMILY_HOME,dirty_pair,EXACT_COPYRIGHT_REVIEWED,REVIEWED_QUALIFIER_COPYRIGHT,,Second-reviewed Issue #180 exact qualifier review: family key 'dirty_pair' equals the unique in-catalog Copyright root 'dirty_pair'; candidate_authority=EXACT_QUALIFIER_EQUALS_COPYRIGHT_TAG.,VALIDATED,GLOBAL_EXACT_COPYRIGHT_SECOND_REVIEW_V1.csv; second-review=GLOBAL_EXACT_COPYRIGHT_SECOND_REVIEW_V1.csv; key=dirty_pair; candidate_root_hint=dirty_pair; state=PASS,SAFE_TO_MIGRATE
Family,dirty_pair_flash,FAMILY_HOME,dirty_pair_flash,EXACT_COPYRIGHT_REVIEWED,REVIEWED_QUALIFIER_COPYRIGHT,,Second-reviewed Issue #180 exact qualifier review: family key 'dirty_pair_flash' equals the unique in-catalog Copyright root 'dirty_pair_flash'; candidate_authority=EXACT_QUALIFIER_EQUALS_COPYRIGHT_TAG.,VALIDATED,GLOBAL_EXACT_COPYRIGHT_SECOND_REVIEW_V1.csv; second-review=GLOBAL_EXACT_COPYRIGHT_SECOND_REVIEW_V1.csv; key=dirty_pair_flash; candidate_root_hint=dirty_pair_flash; state=PASS,SAFE_TO_MIGRATE
Family,disgaea,FAMILY_HOME,disgaea,FIRST_PARTY_REVIEWED,EXTERNAL_AUTHORITY,https://disgaea.jp/,Nippon Ichi official Disgaea portal establishes franchise/character context.,VALIDATED,P1_P3_AUTHORITY_SECOND_REVIEW_V1.csv; second-review=P1_P3_AUTHORITY_SECOND_REVIEW_V1.csv; key=disgaea; candidate_root=disgaea; state=PASS,SAFE_TO_MIGRATE
Family,dislyte,FAMILY_HOME,dislyte,EXACT_COPYRIGHT_REVIEWED,REVIEWED_QUALIFIER_COPYRIGHT,,Second-reviewed Issue #180 exact qualifier review: family key 'dislyte' equals the unique in-catalog Copyright root 'dislyte'; candidate_authority=EXACT_QUALIFIER_EQUALS_COPYRIGHT_TAG.,VALIDATED,GLOBAL_EXACT_COPYRIGHT_SECOND_REVIEW_V1.csv; second-review=GLOBAL_EXACT_COPYRIGHT_SECOND_REVIEW_V1.csv; key=dislyte; candidate_root_hint=dislyte; state=PASS,SAFE_TO_MIGRATE
Family,dispatch,FAMILY_HOME,dispatch,EXACT_COPYRIGHT_REVIEWED,REVIEWED_QUALIFIER_COPYRIGHT,,Second-reviewed Issue #180 exact qualifier review: family key 'dispatch' equals the unique in-catalog Copyright root 'dispatch'; candidate_authority=EXACT_QUALIFIER_EQUALS_COPYRIGHT_TAG.,VALIDATED,GLOBAL_EXACT_COPYRIGHT_SECOND_REVIEW_V1.csv; second-review=GLOBAL_EXACT_COPYRIGHT_SECOND_REVIEW_V1.csv; key=dispatch; candidate_root_hint=dispatch; state=PASS,SAFE_TO_MIGRATE
Family,divine_heart_makina,FAMILY_HOME,divine_heart_makina,EXACT_COPYRIGHT_REVIEWED,REVIEWED_QUALIFIER_COPYRIGHT,,Second-reviewed Issue #180 exact qualifier review: family key 'divine_heart_makina' equals the unique in-catalog Copyright root 'divine_heart_makina'; candidate_authority=EXACT_QUALIFIER_EQUALS_COPYRIGHT_TAG.,VALIDATED,GLOBAL_EXACT_COPYRIGHT_SECOND_REVIEW_V1.csv; second-review=GLOBAL_EXACT_COPYRIGHT_SECOND_REVIEW_V1.csv; key=divine_heart_makina; candidate_root_hint=divine_heart_makina; state=PASS,SAFE_TO_MIGRATE
Family,djmax,FAMILY_HOME,djmax,EXACT_COPYRIGHT_REVIEWED,REVIEWED_QUALIFIER_COPYRIGHT,,Second-reviewed Issue #180 exact qualifier review: family key 'djmax' equals the unique in-catalog Copyright root 'djmax'; candidate_authority=EXACT_QUALIFIER_EQUALS_COPYRIGHT_TAG.,VALIDATED,GLOBAL_EXACT_COPYRIGHT_SECOND_REVIEW_V1.csv; second-review=GLOBAL_EXACT_COPYRIGHT_SECOND_REVIEW_V1.csv; key=djmax; candidate_root_hint=djmax; state=PASS,SAFE_TO_MIGRATE
Family,dmc:_devil_may_cry,FAMILY_HOME,dmc:_devil_may_cry,EXACT_COPYRIGHT_REVIEWED,REVIEWED_QUALIFIER_COPYRIGHT,,Second-reviewed Issue #180 exact qualifier review: family key 'dmc:_devil_may_cry' equals the unique in-catalog Copyright root 'dmc:_devil_may_cry'; candidate_authority=EXACT_QUALIFIER_EQUALS_COPYRIGHT_TAG.,VALIDATED,GLOBAL_EXACT_COPYRIGHT_SECOND_REVIEW_V1.csv; second-review=GLOBAL_EXACT_COPYRIGHT_SECOND_REVIEW_V1.csv; key=dmc:_devil_may_cry; candidate_root_hint=dmc:_devil_may_cry; state=PASS,SAFE_TO_MIGRATE
Family,doctor_who,FAMILY_HOME,doctor_who,EXACT_COPYRIGHT_REVIEWED,REVIEWED_QUALIFIER_COPYRIGHT,,Second-reviewed Issue #180 exact qualifier review: family key 'doctor_who' equals the unique in-catalog Copyright root 'doctor_who'; candidate_authority=EXACT_QUALIFIER_EQUALS_COPYRIGHT_TAG.,VALIDATED,GLOBAL_EXACT_COPYRIGHT_SECOND_REVIEW_V1.csv; second-review=GLOBAL_EXACT_COPYRIGHT_SECOND_REVIEW_V1.csv; key=doctor_who; candidate_root_hint=doctor_who; state=PASS,SAFE_TO_MIGRATE
Family,doki_doki_literature_club,FAMILY_HOME,doki_doki_literature_club,EXACT_COPYRIGHT_REVIEWED,REVIEWED_QUALIFIER_COPYRIGHT,,Second-reviewed Issue #180 exact qualifier review: family key 'doki_doki_literature_club' equals the unique in-catalog Copyright root 'doki_doki_literature_club'; candidate_authority=EXACT_QUALIFIER_EQUALS_COPYRIGHT_TAG.,VALIDATED,GLOBAL_EXACT_COPYRIGHT_SECOND_REVIEW_V1.csv; second-review=GLOBAL_EXACT_COPYRIGHT_SECOND_REVIEW_V1.csv; key=doki_doki_literature_club; candidate_root_hint=doki_doki_literature_club; state=PASS,SAFE_TO_MIGRATE
Family,dokidoki_sister_aoi-chan,FAMILY_HOME,dokidoki_sister_aoi-chan,EXACT_COPYRIGHT_REVIEWED,REVIEWED_QUALIFIER_COPYRIGHT,,Second-reviewed Issue #180 exact qualifier review: family key 'dokidoki_sister_aoi-chan' equals the unique in-catalog Copyright root 'dokidoki_sister_aoi-chan'; candidate_authority=EXACT_QUALIFIER_EQUALS_COPYRIGHT_TAG.,VALIDATED,GLOBAL_EXACT_COPYRIGHT_SECOND_REVIEW_V1.csv; second-review=GLOBAL_EXACT_COPYRIGHT_SECOND_REVIEW_V1.csv; key=dokidoki_sister_aoi-chan; candidate_root_hint=dokidoki_sister_aoi-chan; state=PASS,SAFE_TO_MIGRATE
Family,doko_demo_issyo,FAMILY_HOME,doko_demo_issyo,EXACT_COPYRIGHT_REVIEWED,REVIEWED_QUALIFIER_COPYRIGHT,,Second-reviewed Issue #180 exact qualifier review: family key 'doko_demo_issyo' equals the unique in-catalog Copyright root 'doko_demo_issyo'; candidate_authority=EXACT_QUALIFIER_EQUALS_COPYRIGHT_TAG.,VALIDATED,GLOBAL_EXACT_COPYRIGHT_SECOND_REVIEW_V1.csv; second-review=GLOBAL_EXACT_COPYRIGHT_SECOND_REVIEW_V1.csv; key=doko_demo_issyo; candidate_root_hint=doko_demo_issyo; state=PASS,SAFE_TO_MIGRATE
Family,dokusen_yoku_ga_tsuyo_sugiru_yandere_kai_neko-chan,FAMILY_HOME,dokusen_yoku_ga_tsuyo_sugiru_yandere_kai_neko-chan,EXACT_COPYRIGHT_REVIEWED,REVIEWED_QUALIFIER_COPYRIGHT,,Second-reviewed Issue #180 exact qualifier review: family key 'dokusen_yoku_ga_tsuyo_sugiru_yandere_kai_neko-chan' equals the unique in-catalog Copyright root 'dokusen_yoku_ga_tsuyo_sugiru_yandere_kai_neko-chan'; candidate_authority=EXACT_QUALIFIER_EQUALS_COPYRIGHT_TAG.,VALIDATED,GLOBAL_EXACT_COPYRIGHT_SECOND_REVIEW_V1.csv; second-review=GLOBAL_EXACT_COPYRIGHT_SECOND_REVIEW_V1.csv; key=dokusen_yoku_ga_tsuyo_sugiru_yandere_kai_neko-chan; candidate_root_hint=dokusen_yoku_ga_tsuyo_sugiru_yandere_kai_neko-chan; state=PASS,SAFE_TO_MIGRATE
Family,dolphin_wave,FAMILY_HOME,dolphin_wave,EXACT_COPYRIGHT_REVIEWED,REVIEWED_QUALIFIER_COPYRIGHT,,Second-reviewed Issue #180 exact qualifier review: family key 'dolphin_wave' equals the unique in-catalog Copyright root 'dolphin_wave'; candidate_authority=EXACT_QUALIFIER_EQUALS_COPYRIGHT_TAG.,VALIDATED,GLOBAL_EXACT_COPYRIGHT_SECOND_REVIEW_V1.csv; second-review=GLOBAL_EXACT_COPYRIGHT_SECOND_REVIEW_V1.csv; key=dolphin_wave; candidate_root_hint=dolphin_wave; state=PASS,SAFE_TO_MIGRATE
Family,doraemon,FAMILY_HOME,doraemon,EXACT_COPYRIGHT_REVIEWED,REVIEWED_QUALIFIER_COPYRIGHT,,Second-reviewed Issue #180 exact qualifier review: family key 'doraemon' equals the unique in-catalog Copyright root 'doraemon'; candidate_authority=EXACT_QUALIFIER_EQUALS_COPYRIGHT_TAG.,VALIDATED,GLOBAL_EXACT_COPYRIGHT_SECOND_REVIEW_V1.csv; second-review=GLOBAL_EXACT_COPYRIGHT_SECOND_REVIEW_V1.csv; key=doraemon; candidate_root_hint=doraemon; state=PASS,SAFE_TO_MIGRATE
Family,dorohedoro,FAMILY_HOME,dorohedoro,EXACT_COPYRIGHT_REVIEWED,REVIEWED_QUALIFIER_COPYRIGHT,,Second-reviewed Issue #180 exact qualifier review: family key 'dorohedoro' equals the unique in-catalog Copyright root 'dorohedoro'; candidate_authority=EXACT_QUALIFIER_EQUALS_COPYRIGHT_TAG.,VALIDATED,GLOBAL_EXACT_COPYRIGHT_SECOND_REVIEW_V1.csv; second-review=GLOBAL_EXACT_COPYRIGHT_SECOND_REVIEW_V1.csv; key=dorohedoro; candidate_root_hint=dorohedoro; state=PASS,SAFE_TO_MIGRATE
Family,douluo_dalu,FAMILY_HOME,douluo_dalu,EXACT_COPYRIGHT_REVIEWED,REVIEWED_QUALIFIER_COPYRIGHT,,Second-reviewed Issue #180 exact qualifier review: family key 'douluo_dalu' equals the unique in-catalog Copyright root 'douluo_dalu'; candidate_authority=EXACT_QUALIFIER_EQUALS_COPYRIGHT_TAG.,VALIDATED,GLOBAL_EXACT_COPYRIGHT_SECOND_REVIEW_V1.csv; second-review=GLOBAL_EXACT_COPYRIGHT_SECOND_REVIEW_V1.csv; key=douluo_dalu; candidate_root_hint=douluo_dalu; state=PASS,SAFE_TO_MIGRATE
Family,doupo_cangqiong,FAMILY_HOME,doupo_cangqiong,EXACT_COPYRIGHT_REVIEWED,REVIEWED_QUALIFIER_COPYRIGHT,,Second-reviewed Issue #180 exact qualifier review: family key 'doupo_cangqiong' equals the unique in-catalog Copyright root 'doupo_cangqiong'; candidate_authority=EXACT_QUALIFIER_EQUALS_COPYRIGHT_TAG.,VALIDATED,GLOBAL_EXACT_COPYRIGHT_SECOND_REVIEW_V1.csv; second-review=GLOBAL_EXACT_COPYRIGHT_SECOND_REVIEW_V1.csv; key=doupo_cangqiong; candidate_root_hint=doupo_cangqiong; state=PASS,SAFE_TO_MIGRATE
Family,dr._stone,FAMILY_HOME,dr._stone,EXACT_COPYRIGHT_REVIEWED,REVIEWED_QUALIFIER_COPYRIGHT,,Second-reviewed Issue #180 exact qualifier review: family key 'dr._stone' equals the unique in-catalog Copyright root 'dr._stone'; candidate_authority=EXACT_QUALIFIER_EQUALS_COPYRIGHT_TAG.,VALIDATED,GLOBAL_EXACT_COPYRIGHT_SECOND_REVIEW_V1.csv; second-review=GLOBAL_EXACT_COPYRIGHT_SECOND_REVIEW_V1.csv; key=dr._stone; candidate_root_hint=dr._stone; state=PASS,SAFE_TO_MIGRATE
Family,dra+koi,FAMILY_HOME,dra+koi,EXACT_COPYRIGHT_REVIEWED,REVIEWED_QUALIFIER_COPYRIGHT,,Second-reviewed Issue #180 exact qualifier review: family key 'dra+koi' equals the unique in-catalog Copyright root 'dra+koi'; candidate_authority=EXACT_QUALIFIER_EQUALS_COPYRIGHT_TAG.,VALIDATED,GLOBAL_EXACT_COPYRIGHT_SECOND_REVIEW_V1.csv; second-review=GLOBAL_EXACT_COPYRIGHT_SECOND_REVIEW_V1.csv; key=dra+koi; candidate_root_hint=dra+koi; state=PASS,SAFE_TO_MIGRATE
Family,drag-on_dragoon,FAMILY_HOME,drag-on_dragoon,EXACT_COPYRIGHT_REVIEWED,REVIEWED_QUALIFIER_COPYRIGHT,,Second-reviewed Issue #180 exact qualifier review: family key 'drag-on_dragoon' equals the unique in-catalog Copyright root 'drag-on_dragoon'; candidate_authority=EXACT_QUALIFIER_EQUALS_COPYRIGHT_TAG.,VALIDATED,GLOBAL_EXACT_COPYRIGHT_SECOND_REVIEW_V1.csv; second-review=GLOBAL_EXACT_COPYRIGHT_SECOND_REVIEW_V1.csv; key=drag-on_dragoon; candidate_root_hint=drag-on_dragoon; state=PASS,SAFE_TO_MIGRATE
Family,dragalia_lost,FAMILY_HOME,dragalia_lost,EXACT_COPYRIGHT_REVIEWED,REVIEWED_QUALIFIER_COPYRIGHT,,Second-reviewed Issue #180 exact qualifier review: family key 'dragalia_lost' equals the unique in-catalog Copyright root 'dragalia_lost'; candidate_authority=EXACT_QUALIFIER_EQUALS_COPYRIGHT_TAG.,VALIDATED,GLOBAL_EXACT_COPYRIGHT_SECOND_REVIEW_V1.csv; second-review=GLOBAL_EXACT_COPYRIGHT_SECOND_REVIEW_V1.csv; key=dragalia_lost; candidate_root_hint=dragalia_lost; state=PASS,SAFE_TO_MIGRATE
Family,dragon's_crown,FAMILY_HOME,dragon's_crown,EXACT_COPYRIGHT_REVIEWED,REVIEWED_QUALIFIER_COPYRIGHT,,"Second-reviewed Issue #180 exact qualifier review: family key ""dragon's_crown"" equals the unique in-catalog Copyright root ""dragon's_crown""; candidate_authority=EXACT_QUALIFIER_EQUALS_COPYRIGHT_TAG.",VALIDATED,GLOBAL_EXACT_COPYRIGHT_SECOND_REVIEW_V1.csv; second-review=GLOBAL_EXACT_COPYRIGHT_SECOND_REVIEW_V1.csv; key=dragon's_crown; candidate_root_hint=dragon's_crown; state=PASS,SAFE_TO_MIGRATE
Family,dragon's_dogma,FAMILY_HOME,dragon's_dogma,EXACT_COPYRIGHT_REVIEWED,REVIEWED_QUALIFIER_COPYRIGHT,,"Second-reviewed Issue #180 exact qualifier review: family key ""dragon's_dogma"" equals the unique in-catalog Copyright root ""dragon's_dogma""; candidate_authority=EXACT_QUALIFIER_EQUALS_COPYRIGHT_TAG.",VALIDATED,GLOBAL_EXACT_COPYRIGHT_SECOND_REVIEW_V1.csv; second-review=GLOBAL_EXACT_COPYRIGHT_SECOND_REVIEW_V1.csv; key=dragon's_dogma; candidate_root_hint=dragon's_dogma; state=PASS,SAFE_TO_MIGRATE
Family,dragon_age,FAMILY_HOME,dragon_age,EXACT_COPYRIGHT_REVIEWED,REVIEWED_QUALIFIER_COPYRIGHT,,Second-reviewed Issue #180 exact qualifier review: family key 'dragon_age' equals the unique in-catalog Copyright root 'dragon_age'; candidate_authority=EXACT_QUALIFIER_EQUALS_COPYRIGHT_TAG.,VALIDATED,GLOBAL_EXACT_COPYRIGHT_SECOND_REVIEW_V1.csv; second-review=GLOBAL_EXACT_COPYRIGHT_SECOND_REVIEW_V1.csv; key=dragon_age; candidate_root_hint=dragon_age; state=PASS,SAFE_TO_MIGRATE
Family,dragon_ball_daima,FAMILY_HOME,dragon_ball_daima,EXACT_COPYRIGHT_REVIEWED,REVIEWED_QUALIFIER_COPYRIGHT,,Second-reviewed Issue #180 exact qualifier review: family key 'dragon_ball_daima' equals the unique in-catalog Copyright root 'dragon_ball_daima'; candidate_authority=EXACT_QUALIFIER_EQUALS_COPYRIGHT_TAG.,VALIDATED,GLOBAL_EXACT_COPYRIGHT_SECOND_REVIEW_V1.csv; second-review=GLOBAL_EXACT_COPYRIGHT_SECOND_REVIEW_V1.csv; key=dragon_ball_daima; candidate_root_hint=dragon_ball_daima; state=PASS,SAFE_TO_MIGRATE
Family,dragon_ball_super,FAMILY_HOME,dragon_ball_super,EXACT_COPYRIGHT_REVIEWED,REVIEWED_QUALIFIER_COPYRIGHT,,Second-reviewed Issue #180 exact qualifier review: family key 'dragon_ball_super' equals the unique in-catalog Copyright root 'dragon_ball_super'; candidate_authority=EXACT_QUALIFIER_EQUALS_COPYRIGHT_TAG.,VALIDATED,GLOBAL_EXACT_COPYRIGHT_SECOND_REVIEW_V1.csv; second-review=GLOBAL_EXACT_COPYRIGHT_SECOND_REVIEW_V1.csv; key=dragon_ball_super; candidate_root_hint=dragon_ball_super; state=PASS,SAFE_TO_MIGRATE
Family,dragon_ball_z,FAMILY_HOME,dragon_ball_z,EXACT_COPYRIGHT_REVIEWED,REVIEWED_QUALIFIER_COPYRIGHT,,Second-reviewed Issue #180 exact qualifier review: family key 'dragon_ball_z' equals the unique in-catalog Copyright root 'dragon_ball_z'; candidate_authority=EXACT_QUALIFIER_EQUALS_COPYRIGHT_TAG.,VALIDATED,GLOBAL_EXACT_COPYRIGHT_SECOND_REVIEW_V1.csv; second-review=GLOBAL_EXACT_COPYRIGHT_SECOND_REVIEW_V1.csv; key=dragon_ball_z; candidate_root_hint=dragon_ball_z; state=PASS,SAFE_TO_MIGRATE
Family,dragon_half,FAMILY_HOME,dragon_half,EXACT_COPYRIGHT_REVIEWED,REVIEWED_QUALIFIER_COPYRIGHT,,Second-reviewed Issue #180 exact qualifier review: family key 'dragon_half' equals the unique in-catalog Copyright root 'dragon_half'; candidate_authority=EXACT_QUALIFIER_EQUALS_COPYRIGHT_TAG.,VALIDATED,GLOBAL_EXACT_COPYRIGHT_SECOND_REVIEW_V1.csv; second-review=GLOBAL_EXACT_COPYRIGHT_SECOND_REVIEW_V1.csv; key=dragon_half; candidate_root_hint=dragon_half; state=PASS,SAFE_TO_MIGRATE
Family,dragon_quest,FAMILY_HOME,dragon_quest,EXACT_COPYRIGHT_REVIEWED,REVIEWED_QUALIFIER_COPYRIGHT,,Second-reviewed Issue #180 exact qualifier review: family key 'dragon_quest' equals the unique in-catalog Copyright root 'dragon_quest'; candidate_authority=EXACT_QUALIFIER_EQUALS_COPYRIGHT_TAG.,VALIDATED,GLOBAL_EXACT_COPYRIGHT_SECOND_REVIEW_V1.csv; second-review=GLOBAL_EXACT_COPYRIGHT_SECOND_REVIEW_V1.csv; key=dragon_quest; candidate_root_hint=dragon_quest; state=PASS,SAFE_TO_MIGRATE
Family,dragonaut,FAMILY_HOME,dragonaut,EXACT_COPYRIGHT_REVIEWED,REVIEWED_QUALIFIER_COPYRIGHT,,Second-reviewed Issue #180 exact qualifier review: family key 'dragonaut' equals the unique in-catalog Copyright root 'dragonaut'; candidate_authority=EXACT_QUALIFIER_EQUALS_COPYRIGHT_TAG.,VALIDATED,GLOBAL_EXACT_COPYRIGHT_SECOND_REVIEW_V1.csv; second-review=GLOBAL_EXACT_COPYRIGHT_SECOND_REVIEW_V1.csv; key=dragonaut; candidate_root_hint=dragonaut; state=PASS,SAFE_TO_MIGRATE
Family,dramatical_murder,FAMILY_HOME,dramatical_murder,EXACT_COPYRIGHT_REVIEWED,REVIEWED_QUALIFIER_COPYRIGHT,,Second-reviewed Issue #180 exact qualifier review: family key 'dramatical_murder' equals the unique in-catalog Copyright root 'dramatical_murder'; candidate_authority=EXACT_QUALIFIER_EQUALS_COPYRIGHT_TAG.,VALIDATED,GLOBAL_EXACT_COPYRIGHT_SECOND_REVIEW_V1.csv; second-review=GLOBAL_EXACT_COPYRIGHT_SECOND_REVIEW_V1.csv; key=dramatical_murder; candidate_root_hint=dramatical_murder; state=PASS,SAFE_TO_MIGRATE
Family,dream_c_club,FAMILY_HOME,dream_c_club,EXACT_COPYRIGHT_REVIEWED,REVIEWED_QUALIFIER_COPYRIGHT,,Second-reviewed Issue #180 exact qualifier review: family key 'dream_c_club' equals the unique in-catalog Copyright root 'dream_c_club'; candidate_authority=EXACT_QUALIFIER_EQUALS_COPYRIGHT_TAG.,VALIDATED,GLOBAL_EXACT_COPYRIGHT_SECOND_REVIEW_V1.csv; second-review=GLOBAL_EXACT_COPYRIGHT_SECOND_REVIEW_V1.csv; key=dream_c_club; candidate_root_hint=dream_c_club; state=PASS,SAFE_TO_MIGRATE
Family,dream_hunter_rem,FAMILY_HOME,dream_hunter_rem,EXACT_COPYRIGHT_REVIEWED,REVIEWED_QUALIFIER_COPYRIGHT,,Second-reviewed Issue #180 exact qualifier review: family key 'dream_hunter_rem' equals the unique in-catalog Copyright root 'dream_hunter_rem'; candidate_authority=EXACT_QUALIFIER_EQUALS_COPYRIGHT_TAG.,VALIDATED,GLOBAL_EXACT_COPYRIGHT_SECOND_REVIEW_V1.csv; second-review=GLOBAL_EXACT_COPYRIGHT_SECOND_REVIEW_V1.csv; key=dream_hunter_rem; candidate_root_hint=dream_hunter_rem; state=PASS,SAFE_TO_MIGRATE
Family,drifters,FAMILY_HOME,drifters,EXACT_COPYRIGHT_REVIEWED,REVIEWED_QUALIFIER_COPYRIGHT,,Second-reviewed Issue #180 exact qualifier review: family key 'drifters' equals the unique in-catalog Copyright root 'drifters'; candidate_authority=EXACT_QUALIFIER_EQUALS_COPYRIGHT_TAG.,VALIDATED,GLOBAL_EXACT_COPYRIGHT_SECOND_REVIEW_V1.csv; second-review=GLOBAL_EXACT_COPYRIGHT_SECOND_REVIEW_V1.csv; key=drifters; candidate_root_hint=drifters; state=PASS,SAFE_TO_MIGRATE
Family,duck_hunt,FAMILY_HOME,duck_hunt,EXACT_COPYRIGHT_REVIEWED,REVIEWED_QUALIFIER_COPYRIGHT,,Second-reviewed Issue #180 exact qualifier review: family key 'duck_hunt' equals the unique in-catalog Copyright root 'duck_hunt'; candidate_authority=EXACT_QUALIFIER_EQUALS_COPYRIGHT_TAG.,VALIDATED,GLOBAL_EXACT_COPYRIGHT_SECOND_REVIEW_V1.csv; second-review=GLOBAL_EXACT_COPYRIGHT_SECOND_REVIEW_V1.csv; key=duck_hunt; candidate_root_hint=duck_hunt; state=PASS,SAFE_TO_MIGRATE
Family,duel_masters,FAMILY_HOME,duel_masters,EXACT_COPYRIGHT_REVIEWED,REVIEWED_QUALIFIER_COPYRIGHT,,Second-reviewed Issue #180 exact qualifier review: family key 'duel_masters' equals the unique in-catalog Copyright root 'duel_masters'; candidate_authority=EXACT_QUALIFIER_EQUALS_COPYRIGHT_TAG.,VALIDATED,GLOBAL_EXACT_COPYRIGHT_SECOND_REVIEW_V1.csv; second-review=GLOBAL_EXACT_COPYRIGHT_SECOND_REVIEW_V1.csv; key=duel_masters; candidate_root_hint=duel_masters; state=PASS,SAFE_TO_MIGRATE
Family,duet_night_abyss,FAMILY_HOME,duet_night_abyss,EXACT_COPYRIGHT_REVIEWED,REVIEWED_QUALIFIER_COPYRIGHT,,Second-reviewed Issue #180 exact qualifier review: family key 'duet_night_abyss' equals the unique in-catalog Copyright root 'duet_night_abyss'; candidate_authority=EXACT_QUALIFIER_EQUALS_COPYRIGHT_TAG.,VALIDATED,GLOBAL_EXACT_COPYRIGHT_SECOND_REVIEW_V1.csv; second-review=GLOBAL_EXACT_COPYRIGHT_SECOND_REVIEW_V1.csv; key=duet_night_abyss; candidate_root_hint=duet_night_abyss; state=PASS,SAFE_TO_MIGRATE
Family,dungeon_and_fighter,FAMILY_HOME,dungeon_and_fighter,FIRST_PARTY_REVIEWED,EXTERNAL_AUTHORITY,https://www.dfoneople.com/gameinfo/character,Official Dungeon Fighter Online character page identifies game characters.,VALIDATED,P1_P3_AUTHORITY_SECOND_REVIEW_V1.csv; second-review=P1_P3_AUTHORITY_SECOND_REVIEW_V1.csv; key=dungeon_and_fighter; candidate_root=dungeon_and_fighter; state=PASS,SAFE_TO_MIGRATE
Family,dungeon_de_ohanatsumi_nanka_yurushimasen!!,FAMILY_HOME,dungeon_de_ohanatsumi_nanka_yurushimasen!!,EXACT_COPYRIGHT_REVIEWED,REVIEWED_QUALIFIER_COPYRIGHT,,Second-reviewed Issue #180 exact qualifier review: family key 'dungeon_de_ohanatsumi_nanka_yurushimasen!!' equals the unique in-catalog Copyright root 'dungeon_de_ohanatsumi_nanka_yurushimasen!!'; candidate_authority=EXACT_QUALIFIER_EQUALS_COPYRIGHT_TAG.,VALIDATED,GLOBAL_EXACT_COPYRIGHT_SECOND_REVIEW_V1.csv; second-review=GLOBAL_EXACT_COPYRIGHT_SECOND_REVIEW_V1.csv; key=dungeon_de_ohanatsumi_nanka_yurushimasen!!; candidate_root_hint=dungeon_de_ohanatsumi_nanka_yurushimasen!!; state=PASS,SAFE_TO_MIGRATE
Family,dungeon_meshi,FAMILY_HOME,dungeon_meshi,EXACT_COPYRIGHT_REVIEWED,REVIEWED_QUALIFIER_COPYRIGHT,,Second-reviewed Issue #180 exact qualifier review: family key 'dungeon_meshi' equals the unique in-catalog Copyright root 'dungeon_meshi'; candidate_authority=EXACT_QUALIFIER_EQUALS_COPYRIGHT_TAG.,VALIDATED,GLOBAL_EXACT_COPYRIGHT_SECOND_REVIEW_V1.csv; second-review=GLOBAL_EXACT_COPYRIGHT_SECOND_REVIEW_V1.csv; key=dungeon_meshi; candidate_root_hint=dungeon_meshi; state=PASS,SAFE_TO_MIGRATE
Family,duolingo,FAMILY_HOME,duolingo,EXACT_COPYRIGHT_REVIEWED,REVIEWED_QUALIFIER_COPYRIGHT,,Second-reviewed Issue #180 exact qualifier review: family key 'duolingo' equals the unique in-catalog Copyright root 'duolingo'; candidate_authority=EXACT_QUALIFIER_EQUALS_COPYRIGHT_TAG.,VALIDATED,GLOBAL_EXACT_COPYRIGHT_SECOND_REVIEW_V1.csv; second-review=GLOBAL_EXACT_COPYRIGHT_SECOND_REVIEW_V1.csv; key=duolingo; candidate_root_hint=duolingo; state=PASS,SAFE_TO_MIGRATE
Family,eastward,FAMILY_HOME,eastward,EXACT_COPYRIGHT_REVIEWED,REVIEWED_QUALIFIER_COPYRIGHT,,Second-reviewed Issue #180 exact qualifier review: family key 'eastward' equals the unique in-catalog Copyright root 'eastward'; candidate_authority=EXACT_QUALIFIER_EQUALS_COPYRIGHT_TAG.,VALIDATED,GLOBAL_EXACT_COPYRIGHT_SECOND_REVIEW_V1.csv; second-review=GLOBAL_EXACT_COPYRIGHT_SECOND_REVIEW_V1.csv; key=eastward; candidate_root_hint=eastward; state=PASS,SAFE_TO_MIGRATE
Family,eddsworld,FAMILY_HOME,eddsworld,EXACT_COPYRIGHT_REVIEWED,REVIEWED_QUALIFIER_COPYRIGHT,,Second-reviewed Issue #180 exact qualifier review: family key 'eddsworld' equals the unique in-catalog Copyright root 'eddsworld'; candidate_authority=EXACT_QUALIFIER_EQUALS_COPYRIGHT_TAG.,VALIDATED,GLOBAL_EXACT_COPYRIGHT_SECOND_REVIEW_V1.csv; second-review=GLOBAL_EXACT_COPYRIGHT_SECOND_REVIEW_V1.csv; key=eddsworld; candidate_root_hint=eddsworld; state=PASS,SAFE_TO_MIGRATE
Family,ego_trigger,FAMILY_HOME,ego_trigger,EXACT_COPYRIGHT_REVIEWED,REVIEWED_QUALIFIER_COPYRIGHT,,Second-reviewed Issue #180 exact qualifier review: family key 'ego_trigger' equals the unique in-catalog Copyright root 'ego_trigger'; candidate_authority=EXACT_QUALIFIER_EQUALS_COPYRIGHT_TAG.,VALIDATED,GLOBAL_EXACT_COPYRIGHT_SECOND_REVIEW_V1.csv; second-review=GLOBAL_EXACT_COPYRIGHT_SECOND_REVIEW_V1.csv; key=ego_trigger; candidate_root_hint=ego_trigger; state=PASS,SAFE_TO_MIGRATE
Family,eiyuu_densetsu,FAMILY_HOME,eiyuu_densetsu,EXACT_COPYRIGHT_REVIEWED,REVIEWED_QUALIFIER_COPYRIGHT,,Second-reviewed Issue #180 exact qualifier review: family key 'eiyuu_densetsu' equals the unique in-catalog Copyright root 'eiyuu_densetsu'; candidate_authority=EXACT_QUALIFIER_EQUALS_COPYRIGHT_TAG.,VALIDATED,GLOBAL_EXACT_COPYRIGHT_SECOND_REVIEW_V1.csv; second-review=GLOBAL_EXACT_COPYRIGHT_SECOND_REVIEW_V1.csv; key=eiyuu_densetsu; candidate_root_hint=eiyuu_densetsu; state=PASS,SAFE_TO_MIGRATE
Family,el_cazador_de_la_bruja,FAMILY_HOME,el_cazador_de_la_bruja,EXACT_COPYRIGHT_REVIEWED,REVIEWED_QUALIFIER_COPYRIGHT,,Second-reviewed Issue #180 exact qualifier review: family key 'el_cazador_de_la_bruja' equals the unique in-catalog Copyright root 'el_cazador_de_la_bruja'; candidate_authority=EXACT_QUALIFIER_EQUALS_COPYRIGHT_TAG.,VALIDATED,GLOBAL_EXACT_COPYRIGHT_SECOND_REVIEW_V1.csv; second-review=GLOBAL_EXACT_COPYRIGHT_SECOND_REVIEW_V1.csv; key=el_cazador_de_la_bruja; candidate_root_hint=el_cazador_de_la_bruja; state=PASS,SAFE_TO_MIGRATE
Family,el_shaddai,FAMILY_HOME,el_shaddai,EXACT_COPYRIGHT_REVIEWED,REVIEWED_QUALIFIER_COPYRIGHT,,Second-reviewed Issue #180 exact qualifier review: family key 'el_shaddai' equals the unique in-catalog Copyright root 'el_shaddai'; candidate_authority=EXACT_QUALIFIER_EQUALS_COPYRIGHT_TAG.,VALIDATED,GLOBAL_EXACT_COPYRIGHT_SECOND_REVIEW_V1.csv; second-review=GLOBAL_EXACT_COPYRIGHT_SECOND_REVIEW_V1.csv; key=el_shaddai; candidate_root_hint=el_shaddai; state=PASS,SAFE_TO_MIGRATE
Family,elden_ring,FAMILY_HOME,elden_ring,FIRST_PARTY_REVIEWED,EXTERNAL_AUTHORITY,https://www.eldenring.jp/,Official ELDEN RING site provides title/world/character context.,VALIDATED,P1_P3_AUTHORITY_SECOND_REVIEW_V1.csv; second-review=P1_P3_AUTHORITY_SECOND_REVIEW_V1.csv; key=elden_ring; candidate_root=elden_ring; state=PASS,SAFE_TO_MIGRATE
Family,elf-san_wa_yaserarenai.,FAMILY_HOME,elf-san_wa_yaserarenai.,EXACT_COPYRIGHT_REVIEWED,REVIEWED_QUALIFIER_COPYRIGHT,,Second-reviewed Issue #180 exact qualifier review: family key 'elf-san_wa_yaserarenai.' equals the unique in-catalog Copyright root 'elf-san_wa_yaserarenai.'; candidate_authority=EXACT_QUALIFIER_EQUALS_COPYRIGHT_TAG.,VALIDATED,GLOBAL_EXACT_COPYRIGHT_SECOND_REVIEW_V1.csv; second-review=GLOBAL_EXACT_COPYRIGHT_SECOND_REVIEW_V1.csv; key=elf-san_wa_yaserarenai.; candidate_root_hint=elf-san_wa_yaserarenai.; state=PASS,SAFE_TO_MIGRATE
Family,elfen_lied,FAMILY_HOME,elfen_lied,EXACT_COPYRIGHT_REVIEWED,REVIEWED_QUALIFIER_COPYRIGHT,,Second-reviewed Issue #180 exact qualifier review: family key 'elfen_lied' equals the unique in-catalog Copyright root 'elfen_lied'; candidate_authority=EXACT_QUALIFIER_EQUALS_COPYRIGHT_TAG.,VALIDATED,GLOBAL_EXACT_COPYRIGHT_SECOND_REVIEW_V1.csv; second-review=GLOBAL_EXACT_COPYRIGHT_SECOND_REVIEW_V1.csv; key=elfen_lied; candidate_root_hint=elfen_lied; state=PASS,SAFE_TO_MIGRATE
Family,elona,FAMILY_HOME,elona,EXACT_COPYRIGHT_REVIEWED,REVIEWED_QUALIFIER_COPYRIGHT,,Second-reviewed Issue #180 exact qualifier review: family key 'elona' equals the unique in-catalog Copyright root 'elona'; candidate_authority=EXACT_QUALIFIER_EQUALS_COPYRIGHT_TAG.,VALIDATED,GLOBAL_EXACT_COPYRIGHT_SECOND_REVIEW_V1.csv; second-review=GLOBAL_EXACT_COPYRIGHT_SECOND_REVIEW_V1.csv; key=elona; candidate_root_hint=elona; state=PASS,SAFE_TO_MIGRATE
Family,elsword,FAMILY_HOME,elsword,FIRST_PARTY_REVIEWED,EXTERNAL_AUTHORITY,https://elsword.koggames.com/characters/,KOG official Elsword character roster.,VALIDATED,P1_P3_AUTHORITY_SECOND_REVIEW_V1.csv; second-review=P1_P3_AUTHORITY_SECOND_REVIEW_V1.csv; key=elsword; candidate_root=elsword; state=PASS,SAFE_TO_MIGRATE
Family,emina&aki,FAMILY_HOME,emina&aki,EXACT_COPYRIGHT_REVIEWED,REVIEWED_QUALIFIER_COPYRIGHT,,Second-reviewed Issue #180 exact qualifier review: family key 'emina&aki' equals the unique in-catalog Copyright root 'emina&aki'; candidate_authority=EXACT_QUALIFIER_EQUALS_COPYRIGHT_TAG.,VALIDATED,GLOBAL_EXACT_COPYRIGHT_SECOND_REVIEW_V1.csv; second-review=GLOBAL_EXACT_COPYRIGHT_SECOND_REVIEW_V1.csv; key=emina&aki; candidate_root_hint=emina&aki; state=PASS,SAFE_TO_MIGRATE
Family,en'en_no_shouboutai,FAMILY_HOME,en'en_no_shouboutai,EXACT_COPYRIGHT_REVIEWED,REVIEWED_QUALIFIER_COPYRIGHT,,"Second-reviewed Issue #180 exact qualifier review: family key ""en'en_no_shouboutai"" equals the unique in-catalog Copyright root ""en'en_no_shouboutai""; candidate_authority=EXACT_QUALIFIER_EQUALS_COPYRIGHT_TAG.",VALIDATED,GLOBAL_EXACT_COPYRIGHT_SECOND_REVIEW_V1.csv; second-review=GLOBAL_EXACT_COPYRIGHT_SECOND_REVIEW_V1.csv; key=en'en_no_shouboutai; candidate_root_hint=en'en_no_shouboutai; state=PASS,SAFE_TO_MIGRATE
Family,endless_overhaul,FAMILY_HOME,endless_overhaul,EXACT_COPYRIGHT_REVIEWED,REVIEWED_QUALIFIER_COPYRIGHT,,Second-reviewed Issue #180 exact qualifier review: family key 'endless_overhaul' equals the unique in-catalog Copyright root 'endless_overhaul'; candidate_authority=EXACT_QUALIFIER_EQUALS_COPYRIGHT_TAG.,VALIDATED,GLOBAL_EXACT_COPYRIGHT_SECOND_REVIEW_V1.csv; second-review=GLOBAL_EXACT_COPYRIGHT_SECOND_REVIEW_V1.csv; key=endless_overhaul; candidate_root_hint=endless_overhaul; state=PASS,SAFE_TO_MIGRATE
Family,endro!,FAMILY_HOME,endro!,EXACT_COPYRIGHT_REVIEWED,REVIEWED_QUALIFIER_COPYRIGHT,,Second-reviewed Issue #180 exact qualifier review: family key 'endro!' equals the unique in-catalog Copyright root 'endro!'; candidate_authority=EXACT_QUALIFIER_EQUALS_COPYRIGHT_TAG.,VALIDATED,GLOBAL_EXACT_COPYRIGHT_SECOND_REVIEW_V1.csv; second-review=GLOBAL_EXACT_COPYRIGHT_SECOND_REVIEW_V1.csv; key=endro!; candidate_root_hint=endro!; state=PASS,SAFE_TO_MIGRATE
Family,engage_kiss,FAMILY_HOME,engage_kiss,EXACT_COPYRIGHT_REVIEWED,REVIEWED_QUALIFIER_COPYRIGHT,,Second-reviewed Issue #180 exact qualifier review: family key 'engage_kiss' equals the unique in-catalog Copyright root 'engage_kiss'; candidate_authority=EXACT_QUALIFIER_EQUALS_COPYRIGHT_TAG.,VALIDATED,GLOBAL_EXACT_COPYRIGHT_SECOND_REVIEW_V1.csv; second-review=GLOBAL_EXACT_COPYRIGHT_SECOND_REVIEW_V1.csv; key=engage_kiss; candidate_root_hint=engage_kiss; state=PASS,SAFE_TO_MIGRATE
Family,ensemble_stars!,FAMILY_HOME,ensemble_stars!,EXACT_COPYRIGHT_REVIEWED,REVIEWED_QUALIFIER_COPYRIGHT,,Second-reviewed Issue #180 exact qualifier review: family key 'ensemble_stars!' equals the unique in-catalog Copyright root 'ensemble_stars!'; candidate_authority=EXACT_QUALIFIER_EQUALS_COPYRIGHT_TAG.,VALIDATED,GLOBAL_EXACT_COPYRIGHT_SECOND_REVIEW_V1.csv; second-review=GLOBAL_EXACT_COPYRIGHT_SECOND_REVIEW_V1.csv; key=ensemble_stars!; candidate_root_hint=ensemble_stars!; state=PASS,SAFE_TO_MIGRATE
Family,epic_battle_fantasy,FAMILY_HOME,epic_battle_fantasy,EXACT_COPYRIGHT_REVIEWED,REVIEWED_QUALIFIER_COPYRIGHT,,Second-reviewed Issue #180 exact qualifier review: family key 'epic_battle_fantasy' equals the unique in-catalog Copyright root 'epic_battle_fantasy'; candidate_authority=EXACT_QUALIFIER_EQUALS_COPYRIGHT_TAG.,VALIDATED,GLOBAL_EXACT_COPYRIGHT_SECOND_REVIEW_V1.csv; second-review=GLOBAL_EXACT_COPYRIGHT_SECOND_REVIEW_V1.csv; key=epic_battle_fantasy; candidate_root_hint=epic_battle_fantasy; state=PASS,SAFE_TO_MIGRATE
Family,epic_seven,FAMILY_HOME,epic_seven,EXACT_COPYRIGHT_REVIEWED,REVIEWED_QUALIFIER_COPYRIGHT,,Second-reviewed Issue #180 exact qualifier review: family key 'epic_seven' equals the unique in-catalog Copyright root 'epic_seven'; candidate_authority=EXACT_QUALIFIER_EQUALS_COPYRIGHT_TAG.,VALIDATED,GLOBAL_EXACT_COPYRIGHT_SECOND_REVIEW_V1.csv; second-review=GLOBAL_EXACT_COPYRIGHT_SECOND_REVIEW_V1.csv; key=epic_seven; candidate_root_hint=epic_seven; state=PASS,SAFE_TO_MIGRATE
Family,esse_series,FAMILY_HOME,esse_series,EXACT_COPYRIGHT_REVIEWED,REVIEWED_QUALIFIER_COPYRIGHT,,Second-reviewed Issue #180 exact qualifier review: family key 'esse_series' equals the unique in-catalog Copyright root 'esse_series'; candidate_authority=EXACT_QUALIFIER_EQUALS_COPYRIGHT_TAG.,VALIDATED,GLOBAL_EXACT_COPYRIGHT_SECOND_REVIEW_V1.csv; second-review=GLOBAL_EXACT_COPYRIGHT_SECOND_REVIEW_V1.csv; key=esse_series; candidate_root_hint=esse_series; state=PASS,SAFE_TO_MIGRATE
Family,eternal_arcadia,FAMILY_HOME,eternal_arcadia,EXACT_COPYRIGHT_REVIEWED,REVIEWED_QUALIFIER_COPYRIGHT,,Second-reviewed Issue #180 exact qualifier review: family key 'eternal_arcadia' equals the unique in-catalog Copyright root 'eternal_arcadia'; candidate_authority=EXACT_QUALIFIER_EQUALS_COPYRIGHT_TAG.,VALIDATED,GLOBAL_EXACT_COPYRIGHT_SECOND_REVIEW_V1.csv; second-review=GLOBAL_EXACT_COPYRIGHT_SECOND_REVIEW_V1.csv; key=eternal_arcadia; candidate_root_hint=eternal_arcadia; state=PASS,SAFE_TO_MIGRATE
Family,etra-chan_wa_mita!,FAMILY_HOME,etra-chan_wa_mita!,EXACT_COPYRIGHT_REVIEWED,REVIEWED_QUALIFIER_COPYRIGHT,,Second-reviewed Issue #180 exact qualifier review: family key 'etra-chan_wa_mita!' equals the unique in-catalog Copyright root 'etra-chan_wa_mita!'; candidate_authority=EXACT_QUALIFIER_EQUALS_COPYRIGHT_TAG.,VALIDATED,GLOBAL_EXACT_COPYRIGHT_SECOND_REVIEW_V1.csv; second-review=GLOBAL_EXACT_COPYRIGHT_SECOND_REVIEW_V1.csv; key=etra-chan_wa_mita!; candidate_root_hint=etra-chan_wa_mita!; state=PASS,SAFE_TO_MIGRATE
Family,eureka_seven,FAMILY_HOME,eureka_seven,EXACT_COPYRIGHT_REVIEWED,REVIEWED_QUALIFIER_COPYRIGHT,,Second-reviewed Issue #180 exact qualifier review: family key 'eureka_seven' equals the unique in-catalog Copyright root 'eureka_seven'; candidate_authority=EXACT_QUALIFIER_EQUALS_COPYRIGHT_TAG.,VALIDATED,GLOBAL_EXACT_COPYRIGHT_SECOND_REVIEW_V1.csv; second-review=GLOBAL_EXACT_COPYRIGHT_SECOND_REVIEW_V1.csv; key=eureka_seven; candidate_root_hint=eureka_seven; state=PASS,SAFE_TO_MIGRATE
Family,eversoul,FAMILY_HOME,eversoul,EXACT_COPYRIGHT_REVIEWED,REVIEWED_QUALIFIER_COPYRIGHT,,Second-reviewed Issue #180 exact qualifier review: family key 'eversoul' equals the unique in-catalog Copyright root 'eversoul'; candidate_authority=EXACT_QUALIFIER_EQUALS_COPYRIGHT_TAG.,VALIDATED,GLOBAL_EXACT_COPYRIGHT_SECOND_REVIEW_V1.csv; second-review=GLOBAL_EXACT_COPYRIGHT_SECOND_REVIEW_V1.csv; key=eversoul; candidate_root_hint=eversoul; state=PASS,SAFE_TO_MIGRATE
Family,evertale,FAMILY_HOME,evertale,EXACT_COPYRIGHT_REVIEWED,REVIEWED_QUALIFIER_COPYRIGHT,,Second-reviewed Issue #180 exact qualifier review: family key 'evertale' equals the unique in-catalog Copyright root 'evertale'; candidate_authority=EXACT_QUALIFIER_EQUALS_COPYRIGHT_TAG.,VALIDATED,GLOBAL_EXACT_COPYRIGHT_SECOND_REVIEW_V1.csv; second-review=GLOBAL_EXACT_COPYRIGHT_SECOND_REVIEW_V1.csv; key=evertale; candidate_root_hint=evertale; state=PASS,SAFE_TO_MIGRATE
Family,evillious_nendaiki,FAMILY_HOME,evillious_nendaiki,EXACT_COPYRIGHT_REVIEWED,REVIEWED_QUALIFIER_COPYRIGHT,,Second-reviewed Issue #180 exact qualifier review: family key 'evillious_nendaiki' equals the unique in-catalog Copyright root 'evillious_nendaiki'; candidate_authority=EXACT_QUALIFIER_EQUALS_COPYRIGHT_TAG.,VALIDATED,GLOBAL_EXACT_COPYRIGHT_SECOND_REVIEW_V1.csv; second-review=GLOBAL_EXACT_COPYRIGHT_SECOND_REVIEW_V1.csv; key=evillious_nendaiki; candidate_root_hint=evillious_nendaiki; state=PASS,SAFE_TO_MIGRATE
Family,ex_astris,FAMILY_HOME,ex_astris,EXACT_COPYRIGHT_REVIEWED,REVIEWED_QUALIFIER_COPYRIGHT,,Second-reviewed Issue #180 exact qualifier review: family key 'ex_astris' equals the unique in-catalog Copyright root 'ex_astris'; candidate_authority=EXACT_QUALIFIER_EQUALS_COPYRIGHT_TAG.,VALIDATED,GLOBAL_EXACT_COPYRIGHT_SECOND_REVIEW_V1.csv; second-review=GLOBAL_EXACT_COPYRIGHT_SECOND_REVIEW_V1.csv; key=ex_astris; candidate_root_hint=ex_astris; state=PASS,SAFE_TO_MIGRATE
Family,excel_saga,FAMILY_HOME,excel_saga,EXACT_COPYRIGHT_REVIEWED,REVIEWED_QUALIFIER_COPYRIGHT,,Second-reviewed Issue #180 exact qualifier review: family key 'excel_saga' equals the unique in-catalog Copyright root 'excel_saga'; candidate_authority=EXACT_QUALIFIER_EQUALS_COPYRIGHT_TAG.,VALIDATED,GLOBAL_EXACT_COPYRIGHT_SECOND_REVIEW_V1.csv; second-review=GLOBAL_EXACT_COPYRIGHT_SECOND_REVIEW_V1.csv; key=excel_saga; candidate_root_hint=excel_saga; state=PASS,SAFE_TO_MIGRATE
Family,existence,FAMILY_HOME,existence,EXACT_COPYRIGHT_REVIEWED,REVIEWED_QUALIFIER_COPYRIGHT,,Second-reviewed Issue #180 exact qualifier review: family key 'existence' equals the unique in-catalog Copyright root 'existence'; candidate_authority=EXACT_QUALIFIER_EQUALS_COPYRIGHT_TAG.,VALIDATED,GLOBAL_EXACT_COPYRIGHT_SECOND_REVIEW_V1.csv; second-review=GLOBAL_EXACT_COPYRIGHT_SECOND_REVIEW_V1.csv; key=existence; candidate_root_hint=existence; state=PASS,SAFE_TO_MIGRATE
Family,fairy_fencer_f,FAMILY_HOME,fairy_fencer_f,EXACT_COPYRIGHT_REVIEWED,REVIEWED_QUALIFIER_COPYRIGHT,,Second-reviewed Issue #180 exact qualifier review: family key 'fairy_fencer_f' equals the unique in-catalog Copyright root 'fairy_fencer_f'; candidate_authority=EXACT_QUALIFIER_EQUALS_COPYRIGHT_TAG.,VALIDATED,GLOBAL_EXACT_COPYRIGHT_SECOND_REVIEW_V1.csv; second-review=GLOBAL_EXACT_COPYRIGHT_SECOND_REVIEW_V1.csv; key=fairy_fencer_f; candidate_root_hint=fairy_fencer_f; state=PASS,SAFE_TO_MIGRATE
Family,fairy_tail,FAMILY_HOME,fairy_tail,EXACT_COPYRIGHT_REVIEWED,REVIEWED_QUALIFIER_COPYRIGHT,,Second-reviewed Issue #180 exact qualifier review: family key 'fairy_tail' equals the unique in-catalog Copyright root 'fairy_tail'; candidate_authority=EXACT_QUALIFIER_EQUALS_COPYRIGHT_TAG.,VALIDATED,GLOBAL_EXACT_COPYRIGHT_SECOND_REVIEW_V1.csv; second-review=GLOBAL_EXACT_COPYRIGHT_SECOND_REVIEW_V1.csv; key=fairy_tail; candidate_root_hint=fairy_tail; state=PASS,SAFE_TO_MIGRATE
Family,fairytale_police_hoe_department,FAMILY_HOME,fairytale_police_hoe_department,EXACT_COPYRIGHT_REVIEWED,REVIEWED_QUALIFIER_COPYRIGHT,,Second-reviewed Issue #180 exact qualifier review: family key 'fairytale_police_hoe_department' equals the unique in-catalog Copyright root 'fairytale_police_hoe_department'; candidate_authority=EXACT_QUALIFIER_EQUALS_COPYRIGHT_TAG.,VALIDATED,GLOBAL_EXACT_COPYRIGHT_SECOND_REVIEW_V1.csv; second-review=GLOBAL_EXACT_COPYRIGHT_SECOND_REVIEW_V1.csv; key=fairytale_police_hoe_department; candidate_root_hint=fairytale_police_hoe_department; state=PASS,SAFE_TO_MIGRATE
Family,fallout,FAMILY_HOME,fallout,EXACT_COPYRIGHT_REVIEWED,REVIEWED_QUALIFIER_COPYRIGHT,,Second-reviewed Issue #180 exact qualifier review: family key 'fallout' equals the unique in-catalog Copyright root 'fallout'; candidate_authority=EXACT_QUALIFIER_EQUALS_COPYRIGHT_TAG.,VALIDATED,GLOBAL_EXACT_COPYRIGHT_SECOND_REVIEW_V1.csv; second-review=GLOBAL_EXACT_COPYRIGHT_SECOND_REVIEW_V1.csv; key=fallout; candidate_root_hint=fallout; state=PASS,SAFE_TO_MIGRATE
Family,fallout:_new_vegas,FAMILY_HOME,fallout:_new_vegas,EXACT_COPYRIGHT_REVIEWED,REVIEWED_QUALIFIER_COPYRIGHT,,Second-reviewed Issue #180 exact qualifier review: family key 'fallout:_new_vegas' equals the unique in-catalog Copyright root 'fallout:_new_vegas'; candidate_authority=EXACT_QUALIFIER_EQUALS_COPYRIGHT_TAG.,VALIDATED,GLOBAL_EXACT_COPYRIGHT_SECOND_REVIEW_V1.csv; second-review=GLOBAL_EXACT_COPYRIGHT_SECOND_REVIEW_V1.csv; key=fallout:_new_vegas; candidate_root_hint=fallout:_new_vegas; state=PASS,SAFE_TO_MIGRATE
Family,false_memory,FAMILY_HOME,false_memory,EXACT_COPYRIGHT_REVIEWED,REVIEWED_QUALIFIER_COPYRIGHT,,Second-reviewed Issue #180 exact qualifier review: family key 'false_memory' equals the unique in-catalog Copyright root 'false_memory'; candidate_authority=EXACT_QUALIFIER_EQUALS_COPYRIGHT_TAG.,VALIDATED,GLOBAL_EXACT_COPYRIGHT_SECOND_REVIEW_V1.csv; second-review=GLOBAL_EXACT_COPYRIGHT_SECOND_REVIEW_V1.csv; key=false_memory; candidate_root_hint=false_memory; state=PASS,SAFE_TO_MIGRATE
Family,fantasy_earth,FAMILY_HOME,fantasy_earth,EXACT_COPYRIGHT_REVIEWED,REVIEWED_QUALIFIER_COPYRIGHT,,Second-reviewed Issue #180 exact qualifier review: family key 'fantasy_earth' equals the unique in-catalog Copyright root 'fantasy_earth'; candidate_authority=EXACT_QUALIFIER_EQUALS_COPYRIGHT_TAG.,VALIDATED,GLOBAL_EXACT_COPYRIGHT_SECOND_REVIEW_V1.csv; second-review=GLOBAL_EXACT_COPYRIGHT_SECOND_REVIEW_V1.csv; key=fantasy_earth; candidate_root_hint=fantasy_earth; state=PASS,SAFE_TO_MIGRATE
Family,fantasy_earth_zero,FAMILY_HOME,fantasy_earth_zero,EXACT_COPYRIGHT_REVIEWED,REVIEWED_QUALIFIER_COPYRIGHT,,Second-reviewed Issue #180 exact qualifier review: family key 'fantasy_earth_zero' equals the unique in-catalog Copyright root 'fantasy_earth_zero'; candidate_authority=EXACT_QUALIFIER_EQUALS_COPYRIGHT_TAG.,VALIDATED,GLOBAL_EXACT_COPYRIGHT_SECOND_REVIEW_V1.csv; second-review=GLOBAL_EXACT_COPYRIGHT_SECOND_REVIEW_V1.csv; key=fantasy_earth_zero; candidate_root_hint=fantasy_earth_zero; state=PASS,SAFE_TO_MIGRATE
Family,fata_morgana_no_yakata,FAMILY_HOME,fata_morgana_no_yakata,EXACT_COPYRIGHT_REVIEWED,REVIEWED_QUALIFIER_COPYRIGHT,,Second-reviewed Issue #180 exact qualifier review: family key 'fata_morgana_no_yakata' equals the unique in-catalog Copyright root 'fata_morgana_no_yakata'; candidate_authority=EXACT_QUALIFIER_EQUALS_COPYRIGHT_TAG.,VALIDATED,GLOBAL_EXACT_COPYRIGHT_SECOND_REVIEW_V1.csv; second-review=GLOBAL_EXACT_COPYRIGHT_SECOND_REVIEW_V1.csv; key=fata_morgana_no_yakata; candidate_root_hint=fata_morgana_no_yakata; state=PASS,SAFE_TO_MIGRATE
Family,fatal_frame,FAMILY_HOME,fatal_frame,EXACT_COPYRIGHT_REVIEWED,REVIEWED_QUALIFIER_COPYRIGHT,,Second-reviewed Issue #180 exact qualifier review: family key 'fatal_frame' equals the unique in-catalog Copyright root 'fatal_frame'; candidate_authority=EXACT_QUALIFIER_EQUALS_COPYRIGHT_TAG.,VALIDATED,GLOBAL_EXACT_COPYRIGHT_SECOND_REVIEW_V1.csv; second-review=GLOBAL_EXACT_COPYRIGHT_SECOND_REVIEW_V1.csv; key=fatal_frame; candidate_root_hint=fatal_frame; state=PASS,SAFE_TO_MIGRATE
Family,fate/apocrypha,FAMILY_HOME,fate_(series),POLICY_ROOT_NORMALIZATION,ROOT_POLICY_NORMALIZATION,,Exact Issue #180 policy mapping root_policy_normalization['fate/apocrypha']='fate_(series)'; no prefix or approximate matching used.,VALIDATED,docs/issue180/autonomous/AUTONOMOUS_POLICY_V2.json#root_policy_normalization:fate/apocrypha,SAFE_TO_MIGRATE
Family,fate/extra,FAMILY_HOME,fate_(series),POLICY_ROOT_NORMALIZATION,ROOT_POLICY_NORMALIZATION,,Exact Issue #180 policy mapping root_policy_normalization['fate/extra']='fate_(series)'; no prefix or approximate matching used.,VALIDATED,docs/issue180/autonomous/AUTONOMOUS_POLICY_V2.json#root_policy_normalization:fate/extra,SAFE_TO_MIGRATE
Family,fate/grand_order,FAMILY_HOME,fate_(series),POLICY_ROOT_NORMALIZATION,ROOT_POLICY_NORMALIZATION,,Exact Issue #180 policy mapping root_policy_normalization['fate/grand_order']='fate_(series)'; no prefix or approximate matching used.,VALIDATED,docs/issue180/autonomous/AUTONOMOUS_POLICY_V2.json#root_policy_normalization:fate/grand_order,SAFE_TO_MIGRATE
Family,fate/grand_order_arcade,FAMILY_HOME,fate_(series),POLICY_ROOT_NORMALIZATION,ROOT_POLICY_NORMALIZATION,,Exact Issue #180 policy mapping root_policy_normalization['fate/grand_order_arcade']='fate_(series)'; no prefix or approximate matching used.,VALIDATED,docs/issue180/autonomous/AUTONOMOUS_POLICY_V2.json#root_policy_normalization:fate/grand_order_arcade,SAFE_TO_MIGRATE
Family,fate/prototype,FAMILY_HOME,fate_(series),POLICY_ROOT_NORMALIZATION,ROOT_POLICY_NORMALIZATION,,Exact Issue #180 policy mapping root_policy_normalization['fate/prototype']='fate_(series)'; no prefix or approximate matching used.,VALIDATED,docs/issue180/autonomous/AUTONOMOUS_POLICY_V2.json#root_policy_normalization:fate/prototype,SAFE_TO_MIGRATE
Family,fate/samurai_remnant,FAMILY_HOME,fate_(series),POLICY_ROOT_NORMALIZATION,ROOT_POLICY_NORMALIZATION,,Exact Issue #180 policy mapping root_policy_normalization['fate/samurai_remnant']='fate_(series)'; no prefix or approximate matching used.,VALIDATED,docs/issue180/autonomous/AUTONOMOUS_POLICY_V2.json#root_policy_normalization:fate/samurai_remnant,SAFE_TO_MIGRATE
Family,fate/stay_night,FAMILY_HOME,fate_(series),POLICY_ROOT_NORMALIZATION,ROOT_POLICY_NORMALIZATION,,Exact Issue #180 policy mapping root_policy_normalization['fate/stay_night']='fate_(series)'; no prefix or approximate matching used.,VALIDATED,docs/issue180/autonomous/AUTONOMOUS_POLICY_V2.json#root_policy_normalization:fate/stay_night,SAFE_TO_MIGRATE
Family,fate/strange_fake,FAMILY_HOME,fate_(series),POLICY_ROOT_NORMALIZATION,ROOT_POLICY_NORMALIZATION,,Exact Issue #180 policy mapping root_policy_normalization['fate/strange_fake']='fate_(series)'; no prefix or approximate matching used.,VALIDATED,docs/issue180/autonomous/AUTONOMOUS_POLICY_V2.json#root_policy_normalization:fate/strange_fake,SAFE_TO_MIGRATE
Family,fate/zero,FAMILY_HOME,fate_(series),POLICY_ROOT_NORMALIZATION,ROOT_POLICY_NORMALIZATION,,Exact Issue #180 policy mapping root_policy_normalization['fate/zero']='fate_(series)'; no prefix or approximate matching used.,VALIDATED,docs/issue180/autonomous/AUTONOMOUS_POLICY_V2.json#root_policy_normalization:fate/zero,SAFE_TO_MIGRATE
Family,feiren_zai,FAMILY_HOME,feiren_zai,EXACT_COPYRIGHT_REVIEWED,REVIEWED_QUALIFIER_COPYRIGHT,,Second-reviewed Issue #180 exact qualifier review: family key 'feiren_zai' equals the unique in-catalog Copyright root 'feiren_zai'; candidate_authority=EXACT_QUALIFIER_EQUALS_COPYRIGHT_TAG.,VALIDATED,GLOBAL_EXACT_COPYRIGHT_SECOND_REVIEW_V1.csv; second-review=GLOBAL_EXACT_COPYRIGHT_SECOND_REVIEW_V1.csv; key=feiren_zai; candidate_root_hint=feiren_zai; state=PASS,SAFE_TO_MIGRATE
Family,final_fight,FAMILY_HOME,final_fight,EXACT_COPYRIGHT_REVIEWED,REVIEWED_QUALIFIER_COPYRIGHT,,Second-reviewed Issue #180 exact qualifier review: family key 'final_fight' equals the unique in-catalog Copyright root 'final_fight'; candidate_authority=EXACT_QUALIFIER_EQUALS_COPYRIGHT_TAG.,VALIDATED,GLOBAL_EXACT_COPYRIGHT_SECOND_REVIEW_V1.csv; second-review=GLOBAL_EXACT_COPYRIGHT_SECOND_REVIEW_V1.csv; key=final_fight; candidate_root_hint=final_fight; state=PASS,SAFE_TO_MIGRATE
Family,final_sword,FAMILY_HOME,final_sword,EXACT_COPYRIGHT_REVIEWED,REVIEWED_QUALIFIER_COPYRIGHT,,Second-reviewed Issue #180 exact qualifier review: family key 'final_sword' equals the unique in-catalog Copyright root 'final_sword'; candidate_authority=EXACT_QUALIFIER_EQUALS_COPYRIGHT_TAG.,VALIDATED,GLOBAL_EXACT_COPYRIGHT_SECOND_REVIEW_V1.csv; second-review=GLOBAL_EXACT_COPYRIGHT_SECOND_REVIEW_V1.csv; key=final_sword; candidate_root_hint=final_sword; state=PASS,SAFE_TO_MIGRATE
Family,fire_emblem,FAMILY_HOME,fire_emblem,FIRST_PARTY_REVIEWED,EXTERNAL_AUTHORITY,https://www.nintendo.com/us/store/characters/fire-emblem/,Nintendo identifies Fire Emblem as a character/game franchise.,VALIDATED,ROOT_REVIEW_BATCH_A_SECOND_REVIEW_V1.csv; second-review=ROOT_REVIEW_BATCH_A_SECOND_REVIEW_V1.csv; key=fire_emblem; candidate_root=fire_emblem; state=PASS,SAFE_TO_MIGRATE
Family,fire_punch,FAMILY_HOME,fire_punch,EXACT_COPYRIGHT_REVIEWED,REVIEWED_QUALIFIER_COPYRIGHT,,Second-reviewed Issue #180 exact qualifier review: family key 'fire_punch' equals the unique in-catalog Copyright root 'fire_punch'; candidate_authority=EXACT_QUALIFIER_EQUALS_COPYRIGHT_TAG.,VALIDATED,GLOBAL_EXACT_COPYRIGHT_SECOND_REVIEW_V1.csv; second-review=GLOBAL_EXACT_COPYRIGHT_SECOND_REVIEW_V1.csv; key=fire_punch; candidate_root_hint=fire_punch; state=PASS,SAFE_TO_MIGRATE
Family,flcl,FAMILY_HOME,flcl,EXACT_COPYRIGHT_REVIEWED,REVIEWED_QUALIFIER_COPYRIGHT,,Second-reviewed Issue #180 exact qualifier review: family key 'flcl' equals the unique in-catalog Copyright root 'flcl'; candidate_authority=EXACT_QUALIFIER_EQUALS_COPYRIGHT_TAG.,VALIDATED,GLOBAL_EXACT_COPYRIGHT_SECOND_REVIEW_V1.csv; second-review=GLOBAL_EXACT_COPYRIGHT_SECOND_REVIEW_V1.csv; key=flcl; candidate_root_hint=flcl; state=PASS,SAFE_TO_MIGRATE
Family,flesh_blood_&_concrete,FAMILY_HOME,flesh_blood_&_concrete,EXACT_COPYRIGHT_REVIEWED,REVIEWED_QUALIFIER_COPYRIGHT,,Second-reviewed Issue #180 exact qualifier review: family key 'flesh_blood_&_concrete' equals the unique in-catalog Copyright root 'flesh_blood_&_concrete'; candidate_authority=EXACT_QUALIFIER_EQUALS_COPYRIGHT_TAG.,VALIDATED,GLOBAL_EXACT_COPYRIGHT_SECOND_REVIEW_V1.csv; second-review=GLOBAL_EXACT_COPYRIGHT_SECOND_REVIEW_V1.csv; key=flesh_blood_&_concrete; candidate_root_hint=flesh_blood_&_concrete; state=PASS,SAFE_TO_MIGRATE
Family,flip_flappers,FAMILY_HOME,flip_flappers,EXACT_COPYRIGHT_REVIEWED,REVIEWED_QUALIFIER_COPYRIGHT,,Second-reviewed Issue #180 exact qualifier review: family key 'flip_flappers' equals the unique in-catalog Copyright root 'flip_flappers'; candidate_authority=EXACT_QUALIFIER_EQUALS_COPYRIGHT_TAG.,VALIDATED,GLOBAL_EXACT_COPYRIGHT_SECOND_REVIEW_V1.csv; second-review=GLOBAL_EXACT_COPYRIGHT_SECOND_REVIEW_V1.csv; key=flip_flappers; candidate_root_hint=flip_flappers; state=PASS,SAFE_TO_MIGRATE
Family,flower_knight_girl,FAMILY_HOME,flower_knight_girl,EXACT_COPYRIGHT_REVIEWED,REVIEWED_QUALIFIER_COPYRIGHT,,Second-reviewed Issue #180 exact qualifier review: family key 'flower_knight_girl' equals the unique in-catalog Copyright root 'flower_knight_girl'; candidate_authority=EXACT_QUALIFIER_EQUALS_COPYRIGHT_TAG.,VALIDATED,GLOBAL_EXACT_COPYRIGHT_SECOND_REVIEW_V1.csv; second-review=GLOBAL_EXACT_COPYRIGHT_SECOND_REVIEW_V1.csv; key=flower_knight_girl; candidate_root_hint=flower_knight_girl; state=PASS,SAFE_TO_MIGRATE
Family,folkssoul,FAMILY_HOME,folkssoul,EXACT_COPYRIGHT_REVIEWED,REVIEWED_QUALIFIER_COPYRIGHT,,Second-reviewed Issue #180 exact qualifier review: family key 'folkssoul' equals the unique in-catalog Copyright root 'folkssoul'; candidate_authority=EXACT_QUALIFIER_EQUALS_COPYRIGHT_TAG.,VALIDATED,GLOBAL_EXACT_COPYRIGHT_SECOND_REVIEW_V1.csv; second-review=GLOBAL_EXACT_COPYRIGHT_SECOND_REVIEW_V1.csv; key=folkssoul; candidate_root_hint=folkssoul; state=PASS,SAFE_TO_MIGRATE
Family,forever_7th_capital,FAMILY_HOME,forever_7th_capital,EXACT_COPYRIGHT_REVIEWED,REVIEWED_QUALIFIER_COPYRIGHT,,Second-reviewed Issue #180 exact qualifier review: family key 'forever_7th_capital' equals the unique in-catalog Copyright root 'forever_7th_capital'; candidate_authority=EXACT_QUALIFIER_EQUALS_COPYRIGHT_TAG.,VALIDATED,GLOBAL_EXACT_COPYRIGHT_SECOND_REVIEW_V1.csv; second-review=GLOBAL_EXACT_COPYRIGHT_SECOND_REVIEW_V1.csv; key=forever_7th_capital; candidate_root_hint=forever_7th_capital; state=PASS,SAFE_TO_MIGRATE
Family,fortnite,FAMILY_HOME,fortnite,EXACT_COPYRIGHT_REVIEWED,REVIEWED_QUALIFIER_COPYRIGHT,,Second-reviewed Issue #180 exact qualifier review: family key 'fortnite' equals the unique in-catalog Copyright root 'fortnite'; candidate_authority=EXACT_QUALIFIER_EQUALS_COPYRIGHT_TAG.,VALIDATED,GLOBAL_EXACT_COPYRIGHT_SECOND_REVIEW_V1.csv; second-review=GLOBAL_EXACT_COPYRIGHT_SECOND_REVIEW_V1.csv; key=fortnite; candidate_root_hint=fortnite; state=PASS,SAFE_TO_MIGRATE
Family,fractale,FAMILY_HOME,fractale,EXACT_COPYRIGHT_REVIEWED,REVIEWED_QUALIFIER_COPYRIGHT,,Second-reviewed Issue #180 exact qualifier review: family key 'fractale' equals the unique in-catalog Copyright root 'fractale'; candidate_authority=EXACT_QUALIFIER_EQUALS_COPYRIGHT_TAG.,VALIDATED,GLOBAL_EXACT_COPYRIGHT_SECOND_REVIEW_V1.csv; second-review=GLOBAL_EXACT_COPYRIGHT_SECOND_REVIEW_V1.csv; key=fractale; candidate_root_hint=fractale; state=PASS,SAFE_TO_MIGRATE
Family,frame_arms_girl,FAMILY_HOME,frame_arms_girl,EXACT_COPYRIGHT_REVIEWED,REVIEWED_QUALIFIER_COPYRIGHT,,Second-reviewed Issue #180 exact qualifier review: family key 'frame_arms_girl' equals the unique in-catalog Copyright root 'frame_arms_girl'; candidate_authority=EXACT_QUALIFIER_EQUALS_COPYRIGHT_TAG.,VALIDATED,GLOBAL_EXACT_COPYRIGHT_SECOND_REVIEW_V1.csv; second-review=GLOBAL_EXACT_COPYRIGHT_SECOND_REVIEW_V1.csv; key=frame_arms_girl; candidate_root_hint=frame_arms_girl; state=PASS,SAFE_TO_MIGRATE
Family,france_shoujo,FAMILY_HOME,france_shoujo,EXACT_COPYRIGHT_REVIEWED,REVIEWED_QUALIFIER_COPYRIGHT,,Second-reviewed Issue #180 exact qualifier review: family key 'france_shoujo' equals the unique in-catalog Copyright root 'france_shoujo'; candidate_authority=EXACT_QUALIFIER_EQUALS_COPYRIGHT_TAG.,VALIDATED,GLOBAL_EXACT_COPYRIGHT_SECOND_REVIEW_V1.csv; second-review=GLOBAL_EXACT_COPYRIGHT_SECOND_REVIEW_V1.csv; key=france_shoujo; candidate_root_hint=france_shoujo; state=PASS,SAFE_TO_MIGRATE
Family,free!,FAMILY_HOME,free!,EXACT_COPYRIGHT_REVIEWED,REVIEWED_QUALIFIER_COPYRIGHT,,Second-reviewed Issue #180 exact qualifier review: family key 'free!' equals the unique in-catalog Copyright root 'free!'; candidate_authority=EXACT_QUALIFIER_EQUALS_COPYRIGHT_TAG.,VALIDATED,GLOBAL_EXACT_COPYRIGHT_SECOND_REVIEW_V1.csv; second-review=GLOBAL_EXACT_COPYRIGHT_SECOND_REVIEW_V1.csv; key=free!; candidate_root_hint=free!; state=PASS,SAFE_TO_MIGRATE
Family,friday_night_funkin',FAMILY_HOME,friday_night_funkin',EXACT_COPYRIGHT_REVIEWED,REVIEWED_QUALIFIER_COPYRIGHT,,"Second-reviewed Issue #180 exact qualifier review: family key ""friday_night_funkin'"" equals the unique in-catalog Copyright root ""friday_night_funkin'""; candidate_authority=EXACT_QUALIFIER_EQUALS_COPYRIGHT_TAG.",VALIDATED,GLOBAL_EXACT_COPYRIGHT_SECOND_REVIEW_V1.csv; second-review=GLOBAL_EXACT_COPYRIGHT_SECOND_REVIEW_V1.csv; key=friday_night_funkin'; candidate_root_hint=friday_night_funkin'; state=PASS,SAFE_TO_MIGRATE
Family,frozen_soul,FAMILY_HOME,frozen_soul,EXACT_COPYRIGHT_REVIEWED,REVIEWED_QUALIFIER_COPYRIGHT,,Second-reviewed Issue #180 exact qualifier review: family key 'frozen_soul' equals the unique in-catalog Copyright root 'frozen_soul'; candidate_authority=EXACT_QUALIFIER_EQUALS_COPYRIGHT_TAG.,VALIDATED,GLOBAL_EXACT_COPYRIGHT_SECOND_REVIEW_V1.csv; second-review=GLOBAL_EXACT_COPYRIGHT_SECOND_REVIEW_V1.csv; key=frozen_soul; candidate_root_hint=frozen_soul; state=PASS,SAFE_TO_MIGRATE
Family,fumetsu_no_anata_e,FAMILY_HOME,fumetsu_no_anata_e,EXACT_COPYRIGHT_REVIEWED,REVIEWED_QUALIFIER_COPYRIGHT,,Second-reviewed Issue #180 exact qualifier review: family key 'fumetsu_no_anata_e' equals the unique in-catalog Copyright root 'fumetsu_no_anata_e'; candidate_authority=EXACT_QUALIFIER_EQUALS_COPYRIGHT_TAG.,VALIDATED,GLOBAL_EXACT_COPYRIGHT_SECOND_REVIEW_V1.csv; second-review=GLOBAL_EXACT_COPYRIGHT_SECOND_REVIEW_V1.csv; key=fumetsu_no_anata_e; candidate_root_hint=fumetsu_no_anata_e; state=PASS,SAFE_TO_MIGRATE
Family,funamusea,FAMILY_HOME,funamusea,EXACT_COPYRIGHT_REVIEWED,REVIEWED_QUALIFIER_COPYRIGHT,,Second-reviewed Issue #180 exact qualifier review: family key 'funamusea' equals the unique in-catalog Copyright root 'funamusea'; candidate_authority=EXACT_QUALIFIER_EQUALS_COPYRIGHT_TAG.,VALIDATED,GLOBAL_EXACT_COPYRIGHT_SECOND_REVIEW_V1.csv; second-review=GLOBAL_EXACT_COPYRIGHT_SECOND_REVIEW_V1.csv; key=funamusea; candidate_root_hint=funamusea; state=PASS,SAFE_TO_MIGRATE
Family,fushigi_mahou_fun_fun_pharmacy,FAMILY_HOME,fushigi_mahou_fun_fun_pharmacy,EXACT_COPYRIGHT_REVIEWED,REVIEWED_QUALIFIER_COPYRIGHT,,Second-reviewed Issue #180 exact qualifier review: family key 'fushigi_mahou_fun_fun_pharmacy' equals the unique in-catalog Copyright root 'fushigi_mahou_fun_fun_pharmacy'; candidate_authority=EXACT_QUALIFIER_EQUALS_COPYRIGHT_TAG.,VALIDATED,GLOBAL_EXACT_COPYRIGHT_SECOND_REVIEW_V1.csv; second-review=GLOBAL_EXACT_COPYRIGHT_SECOND_REVIEW_V1.csv; key=fushigi_mahou_fun_fun_pharmacy; candidate_root_hint=fushigi_mahou_fun_fun_pharmacy; state=PASS,SAFE_TO_MIGRATE
Family,fushigi_na_neko_no_machi_meltier,FAMILY_HOME,fushigi_na_neko_no_machi_meltier,EXACT_COPYRIGHT_REVIEWED,REVIEWED_QUALIFIER_COPYRIGHT,,Second-reviewed Issue #180 exact qualifier review: family key 'fushigi_na_neko_no_machi_meltier' equals the unique in-catalog Copyright root 'fushigi_na_neko_no_machi_meltier'; candidate_authority=EXACT_QUALIFIER_EQUALS_COPYRIGHT_TAG.,VALIDATED,GLOBAL_EXACT_COPYRIGHT_SECOND_REVIEW_V1.csv; second-review=GLOBAL_EXACT_COPYRIGHT_SECOND_REVIEW_V1.csv; key=fushigi_na_neko_no_machi_meltier; candidate_root_hint=fushigi_na_neko_no_machi_meltier; state=PASS,SAFE_TO_MIGRATE
Family,fuurai_no_shiren,FAMILY_HOME,fuurai_no_shiren,EXACT_COPYRIGHT_REVIEWED,REVIEWED_QUALIFIER_COPYRIGHT,,Second-reviewed Issue #180 exact qualifier review: family key 'fuurai_no_shiren' equals the unique in-catalog Copyright root 'fuurai_no_shiren'; candidate_authority=EXACT_QUALIFIER_EQUALS_COPYRIGHT_TAG.,VALIDATED,GLOBAL_EXACT_COPYRIGHT_SECOND_REVIEW_V1.csv; second-review=GLOBAL_EXACT_COPYRIGHT_SECOND_REVIEW_V1.csv; key=fuurai_no_shiren; candidate_root_hint=fuurai_no_shiren; state=PASS,SAFE_TO_MIGRATE
Family,fuuto_tantei,FAMILY_HOME,fuuto_tantei,EXACT_COPYRIGHT_REVIEWED,REVIEWED_QUALIFIER_COPYRIGHT,,Second-reviewed Issue #180 exact qualifier review: family key 'fuuto_tantei' equals the unique in-catalog Copyright root 'fuuto_tantei'; candidate_authority=EXACT_QUALIFIER_EQUALS_COPYRIGHT_TAG.,VALIDATED,GLOBAL_EXACT_COPYRIGHT_SECOND_REVIEW_V1.csv; second-review=GLOBAL_EXACT_COPYRIGHT_SECOND_REVIEW_V1.csv; key=fuuto_tantei; candidate_root_hint=fuuto_tantei; state=PASS,SAFE_TO_MIGRATE
Family,gachiakuta,FAMILY_HOME,gachiakuta,EXACT_COPYRIGHT_REVIEWED,REVIEWED_QUALIFIER_COPYRIGHT,,Second-reviewed Issue #180 exact qualifier review: family key 'gachiakuta' equals the unique in-catalog Copyright root 'gachiakuta'; candidate_authority=EXACT_QUALIFIER_EQUALS_COPYRIGHT_TAG.,VALIDATED,GLOBAL_EXACT_COPYRIGHT_SECOND_REVIEW_V1.csv; second-review=GLOBAL_EXACT_COPYRIGHT_SECOND_REVIEW_V1.csv; key=gachiakuta; candidate_root_hint=gachiakuta; state=PASS,SAFE_TO_MIGRATE
Family,gakkou_gurashi,FAMILY_HOME,gakkou_gurashi!,EXACT_COPYRIGHT_REVIEWED,REVIEWED_QUALIFIER_COPYRIGHT,,Second-reviewed Issue #180 exact qualifier review: family key 'gakkou_gurashi' equals the unique in-catalog Copyright root 'gakkou_gurashi!'; candidate_authority=EXACT_QUALIFIER_EQUALS_COPYRIGHT_TAG.,VALIDATED,GLOBAL_EXACT_COPYRIGHT_SECOND_REVIEW_V1.csv; second-review=GLOBAL_EXACT_COPYRIGHT_SECOND_REVIEW_V1.csv; key=gakkou_gurashi; candidate_root_hint=gakkou_gurashi!; state=PASS,SAFE_TO_MIGRATE
Family,gameoverse,FAMILY_HOME,gameoverse,EXACT_COPYRIGHT_REVIEWED,REVIEWED_QUALIFIER_COPYRIGHT,,Second-reviewed Issue #180 exact qualifier review: family key 'gameoverse' equals the unique in-catalog Copyright root 'gameoverse'; candidate_authority=EXACT_QUALIFIER_EQUALS_COPYRIGHT_TAG.,VALIDATED,GLOBAL_EXACT_COPYRIGHT_SECOND_REVIEW_V1.csv; second-review=GLOBAL_EXACT_COPYRIGHT_SECOND_REVIEW_V1.csv; key=gameoverse; candidate_root_hint=gameoverse; state=PASS,SAFE_TO_MIGRATE
Family,ganbare_goemon,FAMILY_HOME,ganbare_goemon,EXACT_COPYRIGHT_REVIEWED,REVIEWED_QUALIFIER_COPYRIGHT,,Second-reviewed Issue #180 exact qualifier review: family key 'ganbare_goemon' equals the unique in-catalog Copyright root 'ganbare_goemon'; candidate_authority=EXACT_QUALIFIER_EQUALS_COPYRIGHT_TAG.,VALIDATED,GLOBAL_EXACT_COPYRIGHT_SECOND_REVIEW_V1.csv; second-review=GLOBAL_EXACT_COPYRIGHT_SECOND_REVIEW_V1.csv; key=ganbare_goemon; candidate_root_hint=ganbare_goemon; state=PASS,SAFE_TO_MIGRATE
Family,gankutsuou,FAMILY_HOME,gankutsuou,EXACT_COPYRIGHT_REVIEWED,REVIEWED_QUALIFIER_COPYRIGHT,,Second-reviewed Issue #180 exact qualifier review: family key 'gankutsuou' equals the unique in-catalog Copyright root 'gankutsuou'; candidate_authority=EXACT_QUALIFIER_EQUALS_COPYRIGHT_TAG.,VALIDATED,GLOBAL_EXACT_COPYRIGHT_SECOND_REVIEW_V1.csv; second-review=GLOBAL_EXACT_COPYRIGHT_SECOND_REVIEW_V1.csv; key=gankutsuou; candidate_root_hint=gankutsuou; state=PASS,SAFE_TO_MIGRATE
Family,gegege_no_kitarou,FAMILY_HOME,gegege_no_kitarou,EXACT_COPYRIGHT_REVIEWED,REVIEWED_QUALIFIER_COPYRIGHT,,Second-reviewed Issue #180 exact qualifier review: family key 'gegege_no_kitarou' equals the unique in-catalog Copyright root 'gegege_no_kitarou'; candidate_authority=EXACT_QUALIFIER_EQUALS_COPYRIGHT_TAG.,VALIDATED,GLOBAL_EXACT_COPYRIGHT_SECOND_REVIEW_V1.csv; second-review=GLOBAL_EXACT_COPYRIGHT_SECOND_REVIEW_V1.csv; key=gegege_no_kitarou; candidate_root_hint=gegege_no_kitarou; state=PASS,SAFE_TO_MIGRATE
Family,gekijouban_mononoke,FAMILY_HOME,gekijouban_mononoke,EXACT_COPYRIGHT_REVIEWED,REVIEWED_QUALIFIER_COPYRIGHT,,Second-reviewed Issue #180 exact qualifier review: family key 'gekijouban_mononoke' equals the unique in-catalog Copyright root 'gekijouban_mononoke'; candidate_authority=EXACT_QUALIFIER_EQUALS_COPYRIGHT_TAG.,VALIDATED,GLOBAL_EXACT_COPYRIGHT_SECOND_REVIEW_V1.csv; second-review=GLOBAL_EXACT_COPYRIGHT_SECOND_REVIEW_V1.csv; key=gekijouban_mononoke; candidate_root_hint=gekijouban_mononoke; state=PASS,SAFE_TO_MIGRATE
Family,gekkou_no_carnevale,FAMILY_HOME,gekkou_no_carnevale,EXACT_COPYRIGHT_REVIEWED,REVIEWED_QUALIFIER_COPYRIGHT,,Second-reviewed Issue #180 exact qualifier review: family key 'gekkou_no_carnevale' equals the unique in-catalog Copyright root 'gekkou_no_carnevale'; candidate_authority=EXACT_QUALIFIER_EQUALS_COPYRIGHT_TAG.,VALIDATED,GLOBAL_EXACT_COPYRIGHT_SECOND_REVIEW_V1.csv; second-review=GLOBAL_EXACT_COPYRIGHT_SECOND_REVIEW_V1.csv; key=gekkou_no_carnevale; candidate_root_hint=gekkou_no_carnevale; state=PASS,SAFE_TO_MIGRATE
Family,genjitsu_no_yohane,FAMILY_HOME,genjitsu_no_yohane,EXACT_COPYRIGHT_REVIEWED,REVIEWED_QUALIFIER_COPYRIGHT,,Second-reviewed Issue #180 exact qualifier review: family key 'genjitsu_no_yohane' equals the unique in-catalog Copyright root 'genjitsu_no_yohane'; candidate_authority=EXACT_QUALIFIER_EQUALS_COPYRIGHT_TAG.,VALIDATED,GLOBAL_EXACT_COPYRIGHT_SECOND_REVIEW_V1.csv; second-review=GLOBAL_EXACT_COPYRIGHT_SECOND_REVIEW_V1.csv; key=genjitsu_no_yohane; candidate_root_hint=genjitsu_no_yohane; state=PASS,SAFE_TO_MIGRATE
Family,genshin_impact,FAMILY_HOME,genshin_impact,FIRST_PARTY_REVIEWED,EXTERNAL_AUTHORITY,https://genshin.hoyoverse.com/,HoYoverse official Genshin Impact site.,VALIDATED,BATCH_A_REMAINING_7_SECOND_REVIEW_V2.csv; second-review=BATCH_A_REMAINING_7_SECOND_REVIEW_V2.csv; key=genshin_impact; candidate_root=genshin_impact; state=PASS,SAFE_TO_MIGRATE
Family,gfriend,FAMILY_HOME,gfriend,EXACT_COPYRIGHT_REVIEWED,REVIEWED_QUALIFIER_COPYRIGHT,,Second-reviewed Issue #180 exact qualifier review: family key 'gfriend' equals the unique in-catalog Copyright root 'gfriend'; candidate_authority=EXACT_QUALIFIER_EQUALS_COPYRIGHT_TAG.,VALIDATED,GLOBAL_EXACT_COPYRIGHT_SECOND_REVIEW_V1.csv; second-review=GLOBAL_EXACT_COPYRIGHT_SECOND_REVIEW_V1.csv; key=gfriend; candidate_root_hint=gfriend; state=PASS,SAFE_TO_MIGRATE
Family,ghost_trick,FAMILY_HOME,ghost_trick,EXACT_COPYRIGHT_REVIEWED,REVIEWED_QUALIFIER_COPYRIGHT,,Second-reviewed Issue #180 exact qualifier review: family key 'ghost_trick' equals the unique in-catalog Copyright root 'ghost_trick'; candidate_authority=EXACT_QUALIFIER_EQUALS_COPYRIGHT_TAG.,VALIDATED,GLOBAL_EXACT_COPYRIGHT_SECOND_REVIEW_V1.csv; second-review=GLOBAL_EXACT_COPYRIGHT_SECOND_REVIEW_V1.csv; key=ghost_trick; candidate_root_hint=ghost_trick; state=PASS,SAFE_TO_MIGRATE
Family,giant_robo,FAMILY_HOME,giant_robo,EXACT_COPYRIGHT_REVIEWED,REVIEWED_QUALIFIER_COPYRIGHT,,Second-reviewed Issue #180 exact qualifier review: family key 'giant_robo' equals the unique in-catalog Copyright root 'giant_robo'; candidate_authority=EXACT_QUALIFIER_EQUALS_COPYRIGHT_TAG.,VALIDATED,GLOBAL_EXACT_COPYRIGHT_SECOND_REVIEW_V1.csv; second-review=GLOBAL_EXACT_COPYRIGHT_SECOND_REVIEW_V1.csv; key=giant_robo; candidate_root_hint=giant_robo; state=PASS,SAFE_TO_MIGRATE
Family,gintama,FAMILY_HOME,gintama,EXACT_COPYRIGHT_REVIEWED,REVIEWED_QUALIFIER_COPYRIGHT,,Second-reviewed Issue #180 exact qualifier review: family key 'gintama' equals the unique in-catalog Copyright root 'gintama'; candidate_authority=EXACT_QUALIFIER_EQUALS_COPYRIGHT_TAG.,VALIDATED,GLOBAL_EXACT_COPYRIGHT_SECOND_REVIEW_V1.csv; second-review=GLOBAL_EXACT_COPYRIGHT_SECOND_REVIEW_V1.csv; key=gintama; candidate_root_hint=gintama; state=PASS,SAFE_TO_MIGRATE
Family,girl_cafe_gun,FAMILY_HOME,girl_cafe_gun,EXACT_COPYRIGHT_REVIEWED,REVIEWED_QUALIFIER_COPYRIGHT,,Second-reviewed Issue #180 exact qualifier review: family key 'girl_cafe_gun' equals the unique in-catalog Copyright root 'girl_cafe_gun'; candidate_authority=EXACT_QUALIFIER_EQUALS_COPYRIGHT_TAG.,VALIDATED,GLOBAL_EXACT_COPYRIGHT_SECOND_REVIEW_V1.csv; second-review=GLOBAL_EXACT_COPYRIGHT_SECOND_REVIEW_V1.csv; key=girl_cafe_gun; candidate_root_hint=girl_cafe_gun; state=PASS,SAFE_TO_MIGRATE
Family,girlish_number,FAMILY_HOME,girlish_number,EXACT_COPYRIGHT_REVIEWED,REVIEWED_QUALIFIER_COPYRIGHT,,Second-reviewed Issue #180 exact qualifier review: family key 'girlish_number' equals the unique in-catalog Copyright root 'girlish_number'; candidate_authority=EXACT_QUALIFIER_EQUALS_COPYRIGHT_TAG.,VALIDATED,GLOBAL_EXACT_COPYRIGHT_SECOND_REVIEW_V1.csv; second-review=GLOBAL_EXACT_COPYRIGHT_SECOND_REVIEW_V1.csv; key=girlish_number; candidate_root_hint=girlish_number; state=PASS,SAFE_TO_MIGRATE
Family,girls'_frontline,FAMILY_HOME,girls'_frontline,EXACT_COPYRIGHT_REVIEWED,REVIEWED_QUALIFIER_COPYRIGHT,,"Second-reviewed Issue #180 exact qualifier review: family key ""girls'_frontline"" equals the unique in-catalog Copyright root ""girls'_frontline""; candidate_authority=EXACT_QUALIFIER_EQUALS_COPYRIGHT_TAG.",VALIDATED,GLOBAL_EXACT_COPYRIGHT_SECOND_REVIEW_V1.csv; second-review=GLOBAL_EXACT_COPYRIGHT_SECOND_REVIEW_V1.csv; key=girls'_frontline; candidate_root_hint=girls'_frontline; state=PASS,SAFE_TO_MIGRATE
Family,girls'_frontline_2,FAMILY_HOME,girls'_frontline_2:_exilium,FIRST_PARTY_REVIEWED,EXTERNAL_AUTHORITY,https://gf2.haoplay.com/,Official Girls' Frontline 2: Exilium site supports normalized root.,VALIDATED,P1_P3_AUTHORITY_SECOND_REVIEW_V1.csv; second-review=P1_P3_AUTHORITY_SECOND_REVIEW_V1.csv; key=girls'_frontline_2; candidate_root=girls'_frontline_2:_exilium; state=PASS,SAFE_TO_MIGRATE
Family,girls_band_cry,FAMILY_HOME,girls_band_cry,EXACT_COPYRIGHT_REVIEWED,REVIEWED_QUALIFIER_COPYRIGHT,,Second-reviewed Issue #180 exact qualifier review: family key 'girls_band_cry' equals the unique in-catalog Copyright root 'girls_band_cry'; candidate_authority=EXACT_QUALIFIER_EQUALS_COPYRIGHT_TAG.,VALIDATED,GLOBAL_EXACT_COPYRIGHT_SECOND_REVIEW_V1.csv; second-review=GLOBAL_EXACT_COPYRIGHT_SECOND_REVIEW_V1.csv; key=girls_band_cry; candidate_root_hint=girls_band_cry; state=PASS,SAFE_TO_MIGRATE
Family,girls_und_panzer,FAMILY_HOME,girls_und_panzer,EXACT_COPYRIGHT_REVIEWED,REVIEWED_QUALIFIER_COPYRIGHT,,Second-reviewed Issue #180 exact qualifier review: family key 'girls_und_panzer' equals the unique in-catalog Copyright root 'girls_und_panzer'; candidate_authority=EXACT_QUALIFIER_EQUALS_COPYRIGHT_TAG.,VALIDATED,GLOBAL_EXACT_COPYRIGHT_SECOND_REVIEW_V1.csv; second-review=GLOBAL_EXACT_COPYRIGHT_SECOND_REVIEW_V1.csv; key=girls_und_panzer; candidate_root_hint=girls_und_panzer; state=PASS,SAFE_TO_MIGRATE
Family,given,FAMILY_HOME,given,EXACT_COPYRIGHT_REVIEWED,REVIEWED_QUALIFIER_COPYRIGHT,,Second-reviewed Issue #180 exact qualifier review: family key 'given' equals the unique in-catalog Copyright root 'given'; candidate_authority=EXACT_QUALIFIER_EQUALS_COPYRIGHT_TAG.,VALIDATED,GLOBAL_EXACT_COPYRIGHT_SECOND_REVIEW_V1.csv; second-review=GLOBAL_EXACT_COPYRIGHT_SECOND_REVIEW_V1.csv; key=given; candidate_root_hint=given; state=PASS,SAFE_TO_MIGRATE
Family,gj-bu,FAMILY_HOME,gj-bu,EXACT_COPYRIGHT_REVIEWED,REVIEWED_QUALIFIER_COPYRIGHT,,Second-reviewed Issue #180 exact qualifier review: family key 'gj-bu' equals the unique in-catalog Copyright root 'gj-bu'; candidate_authority=EXACT_QUALIFIER_EQUALS_COPYRIGHT_TAG.,VALIDATED,GLOBAL_EXACT_COPYRIGHT_SECOND_REVIEW_V1.csv; second-review=GLOBAL_EXACT_COPYRIGHT_SECOND_REVIEW_V1.csv; key=gj-bu; candidate_root_hint=gj-bu; state=PASS,SAFE_TO_MIGRATE
Family,gnosia,FAMILY_HOME,gnosia,EXACT_COPYRIGHT_REVIEWED,REVIEWED_QUALIFIER_COPYRIGHT,,Second-reviewed Issue #180 exact qualifier review: family key 'gnosia' equals the unique in-catalog Copyright root 'gnosia'; candidate_authority=EXACT_QUALIFIER_EQUALS_COPYRIGHT_TAG.,VALIDATED,GLOBAL_EXACT_COPYRIGHT_SECOND_REVIEW_V1.csv; second-review=GLOBAL_EXACT_COPYRIGHT_SECOND_REVIEW_V1.csv; key=gnosia; candidate_root_hint=gnosia; state=PASS,SAFE_TO_MIGRATE
Family,go!_go!_gris!,FAMILY_HOME,go!_go!_gris!,EXACT_COPYRIGHT_REVIEWED,REVIEWED_QUALIFIER_COPYRIGHT,,Second-reviewed Issue #180 exact qualifier review: family key 'go!_go!_gris!' equals the unique in-catalog Copyright root 'go!_go!_gris!'; candidate_authority=EXACT_QUALIFIER_EQUALS_COPYRIGHT_TAG.,VALIDATED,GLOBAL_EXACT_COPYRIGHT_SECOND_REVIEW_V1.csv; second-review=GLOBAL_EXACT_COPYRIGHT_SECOND_REVIEW_V1.csv; key=go!_go!_gris!; candidate_root_hint=go!_go!_gris!; state=PASS,SAFE_TO_MIGRATE
Family,goblin_slayer!,FAMILY_HOME,goblin_slayer!,EXACT_COPYRIGHT_REVIEWED,REVIEWED_QUALIFIER_COPYRIGHT,,Second-reviewed Issue #180 exact qualifier review: family key 'goblin_slayer!' equals the unique in-catalog Copyright root 'goblin_slayer!'; candidate_authority=EXACT_QUALIFIER_EQUALS_COPYRIGHT_TAG.,VALIDATED,GLOBAL_EXACT_COPYRIGHT_SECOND_REVIEW_V1.csv; second-review=GLOBAL_EXACT_COPYRIGHT_SECOND_REVIEW_V1.csv; key=goblin_slayer!; candidate_root_hint=goblin_slayer!; state=PASS,SAFE_TO_MIGRATE
Family,god_eater,FAMILY_HOME,god_eater,EXACT_COPYRIGHT_REVIEWED,REVIEWED_QUALIFIER_COPYRIGHT,,Second-reviewed Issue #180 exact qualifier review: family key 'god_eater' equals the unique in-catalog Copyright root 'god_eater'; candidate_authority=EXACT_QUALIFIER_EQUALS_COPYRIGHT_TAG.,VALIDATED,GLOBAL_EXACT_COPYRIGHT_SECOND_REVIEW_V1.csv; second-review=GLOBAL_EXACT_COPYRIGHT_SECOND_REVIEW_V1.csv; key=god_eater; candidate_root_hint=god_eater; state=PASS,SAFE_TO_MIGRATE
Family,god_eater_burst,FAMILY_HOME,god_eater_burst,EXACT_COPYRIGHT_REVIEWED,REVIEWED_QUALIFIER_COPYRIGHT,,Second-reviewed Issue #180 exact qualifier review: family key 'god_eater_burst' equals the unique in-catalog Copyright root 'god_eater_burst'; candidate_authority=EXACT_QUALIFIER_EQUALS_COPYRIGHT_TAG.,VALIDATED,GLOBAL_EXACT_COPYRIGHT_SECOND_REVIEW_V1.csv; second-review=GLOBAL_EXACT_COPYRIGHT_SECOND_REVIEW_V1.csv; key=god_eater_burst; candidate_root_hint=god_eater_burst; state=PASS,SAFE_TO_MIGRATE
Family,gokurakugai,FAMILY_HOME,gokurakugai,EXACT_COPYRIGHT_REVIEWED,REVIEWED_QUALIFIER_COPYRIGHT,,Second-reviewed Issue #180 exact qualifier review: family key 'gokurakugai' equals the unique in-catalog Copyright root 'gokurakugai'; candidate_authority=EXACT_QUALIFIER_EQUALS_COPYRIGHT_TAG.,VALIDATED,GLOBAL_EXACT_COPYRIGHT_SECOND_REVIEW_V1.csv; second-review=GLOBAL_EXACT_COPYRIGHT_SECOND_REVIEW_V1.csv; key=gokurakugai; candidate_root_hint=gokurakugai; state=PASS,SAFE_TO_MIGRATE
Family,gokushufudou,FAMILY_HOME,gokushufudou,EXACT_COPYRIGHT_REVIEWED,REVIEWED_QUALIFIER_COPYRIGHT,,Second-reviewed Issue #180 exact qualifier review: family key 'gokushufudou' equals the unique in-catalog Copyright root 'gokushufudou'; candidate_authority=EXACT_QUALIFIER_EQUALS_COPYRIGHT_TAG.,VALIDATED,GLOBAL_EXACT_COPYRIGHT_SECOND_REVIEW_V1.csv; second-review=GLOBAL_EXACT_COPYRIGHT_SECOND_REVIEW_V1.csv; key=gokushufudou; candidate_root_hint=gokushufudou; state=PASS,SAFE_TO_MIGRATE
Family,golden_kamuy,FAMILY_HOME,golden_kamuy,EXACT_COPYRIGHT_REVIEWED,REVIEWED_QUALIFIER_COPYRIGHT,,Second-reviewed Issue #180 exact qualifier review: family key 'golden_kamuy' equals the unique in-catalog Copyright root 'golden_kamuy'; candidate_authority=EXACT_QUALIFIER_EQUALS_COPYRIGHT_TAG.,VALIDATED,GLOBAL_EXACT_COPYRIGHT_SECOND_REVIEW_V1.csv; second-review=GLOBAL_EXACT_COPYRIGHT_SECOND_REVIEW_V1.csv; key=golden_kamuy; candidate_root_hint=golden_kamuy; state=PASS,SAFE_TO_MIGRATE
Family,golden_sun,FAMILY_HOME,golden_sun,EXACT_COPYRIGHT_REVIEWED,REVIEWED_QUALIFIER_COPYRIGHT,,Second-reviewed Issue #180 exact qualifier review: family key 'golden_sun' equals the unique in-catalog Copyright root 'golden_sun'; candidate_authority=EXACT_QUALIFIER_EQUALS_COPYRIGHT_TAG.,VALIDATED,GLOBAL_EXACT_COPYRIGHT_SECOND_REVIEW_V1.csv; second-review=GLOBAL_EXACT_COPYRIGHT_SECOND_REVIEW_V1.csv; key=golden_sun; candidate_root_hint=golden_sun; state=PASS,SAFE_TO_MIGRATE
Family,good_omens,FAMILY_HOME,good_omens,EXACT_COPYRIGHT_REVIEWED,REVIEWED_QUALIFIER_COPYRIGHT,,Second-reviewed Issue #180 exact qualifier review: family key 'good_omens' equals the unique in-catalog Copyright root 'good_omens'; candidate_authority=EXACT_QUALIFIER_EQUALS_COPYRIGHT_TAG.,VALIDATED,GLOBAL_EXACT_COPYRIGHT_SECOND_REVIEW_V1.csv; second-review=GLOBAL_EXACT_COPYRIGHT_SECOND_REVIEW_V1.csv; key=good_omens; candidate_root_hint=good_omens; state=PASS,SAFE_TO_MIGRATE
Family,gorillaz,FAMILY_HOME,gorillaz,EXACT_COPYRIGHT_REVIEWED,REVIEWED_QUALIFIER_COPYRIGHT,,Second-reviewed Issue #180 exact qualifier review: family key 'gorillaz' equals the unique in-catalog Copyright root 'gorillaz'; candidate_authority=EXACT_QUALIFIER_EQUALS_COPYRIGHT_TAG.,VALIDATED,GLOBAL_EXACT_COPYRIGHT_SECOND_REVIEW_V1.csv; second-review=GLOBAL_EXACT_COPYRIGHT_SECOND_REVIEW_V1.csv; key=gorillaz; candidate_root_hint=gorillaz; state=PASS,SAFE_TO_MIGRATE
Family,gouma_reifuden_izuna,FAMILY_HOME,gouma_reifuden_izuna,EXACT_COPYRIGHT_REVIEWED,REVIEWED_QUALIFIER_COPYRIGHT,,Second-reviewed Issue #180 exact qualifier review: family key 'gouma_reifuden_izuna' equals the unique in-catalog Copyright root 'gouma_reifuden_izuna'; candidate_authority=EXACT_QUALIFIER_EQUALS_COPYRIGHT_TAG.,VALIDATED,GLOBAL_EXACT_COPYRIGHT_SECOND_REVIEW_V1.csv; second-review=GLOBAL_EXACT_COPYRIGHT_SECOND_REVIEW_V1.csv; key=gouma_reifuden_izuna; candidate_root_hint=gouma_reifuden_izuna; state=PASS,SAFE_TO_MIGRATE
Family,granblue_fantasy,FAMILY_HOME,granblue_fantasy,FIRST_PARTY_REVIEWED,EXTERNAL_AUTHORITY,https://anime.granbluefantasy.jp/1st/character/,Official Granblue anime character page lists Gran and other Granblue characters.,VALIDATED,ROOT_REVIEW_BATCH_A_SECOND_REVIEW_V1.csv; second-review=ROOT_REVIEW_BATCH_A_SECOND_REVIEW_V1.csv; key=granblue_fantasy; candidate_root=granblue_fantasy; state=PASS,SAFE_TO_MIGRATE
Family,grandia,FAMILY_HOME,grandia,EXACT_COPYRIGHT_REVIEWED,REVIEWED_QUALIFIER_COPYRIGHT,,Second-reviewed Issue #180 exact qualifier review: family key 'grandia' equals the unique in-catalog Copyright root 'grandia'; candidate_authority=EXACT_QUALIFIER_EQUALS_COPYRIGHT_TAG.,VALIDATED,GLOBAL_EXACT_COPYRIGHT_SECOND_REVIEW_V1.csv; second-review=GLOBAL_EXACT_COPYRIGHT_SECOND_REVIEW_V1.csv; key=grandia; candidate_root_hint=grandia; state=PASS,SAFE_TO_MIGRATE
Family,grappler_baki,FAMILY_HOME,grappler_baki,EXACT_COPYRIGHT_REVIEWED,REVIEWED_QUALIFIER_COPYRIGHT,,Second-reviewed Issue #180 exact qualifier review: family key 'grappler_baki' equals the unique in-catalog Copyright root 'grappler_baki'; candidate_authority=EXACT_QUALIFIER_EQUALS_COPYRIGHT_TAG.,VALIDATED,GLOBAL_EXACT_COPYRIGHT_SECOND_REVIEW_V1.csv; second-review=GLOBAL_EXACT_COPYRIGHT_SECOND_REVIEW_V1.csv; key=grappler_baki; candidate_root_hint=grappler_baki; state=PASS,SAFE_TO_MIGRATE
Family,gravity_daze,FAMILY_HOME,gravity_daze,EXACT_COPYRIGHT_REVIEWED,REVIEWED_QUALIFIER_COPYRIGHT,,Second-reviewed Issue #180 exact qualifier review: family key 'gravity_daze' equals the unique in-catalog Copyright root 'gravity_daze'; candidate_authority=EXACT_QUALIFIER_EQUALS_COPYRIGHT_TAG.,VALIDATED,GLOBAL_EXACT_COPYRIGHT_SECOND_REVIEW_V1.csv; second-review=GLOBAL_EXACT_COPYRIGHT_SECOND_REVIEW_V1.csv; key=gravity_daze; candidate_root_hint=gravity_daze; state=PASS,SAFE_TO_MIGRATE
Family,grimlight,FAMILY_HOME,grimlight,EXACT_COPYRIGHT_REVIEWED,REVIEWED_QUALIFIER_COPYRIGHT,,Second-reviewed Issue #180 exact qualifier review: family key 'grimlight' equals the unique in-catalog Copyright root 'grimlight'; candidate_authority=EXACT_QUALIFIER_EQUALS_COPYRIGHT_TAG.,VALIDATED,GLOBAL_EXACT_COPYRIGHT_SECOND_REVIEW_V1.csv; second-review=GLOBAL_EXACT_COPYRIGHT_SECOND_REVIEW_V1.csv; key=grimlight; candidate_root_hint=grimlight; state=PASS,SAFE_TO_MIGRATE
Family,grimms_notes,FAMILY_HOME,grimms_notes,EXACT_COPYRIGHT_REVIEWED,REVIEWED_QUALIFIER_COPYRIGHT,,Second-reviewed Issue #180 exact qualifier review: family key 'grimms_notes' equals the unique in-catalog Copyright root 'grimms_notes'; candidate_authority=EXACT_QUALIFIER_EQUALS_COPYRIGHT_TAG.,VALIDATED,GLOBAL_EXACT_COPYRIGHT_SECOND_REVIEW_V1.csv; second-review=GLOBAL_EXACT_COPYRIGHT_SECOND_REVIEW_V1.csv; key=grimms_notes; candidate_root_hint=grimms_notes; state=PASS,SAFE_TO_MIGRATE
Family,guardian_tales,FAMILY_HOME,guardian_tales,EXACT_COPYRIGHT_REVIEWED,REVIEWED_QUALIFIER_COPYRIGHT,,Second-reviewed Issue #180 exact qualifier review: family key 'guardian_tales' equals the unique in-catalog Copyright root 'guardian_tales'; candidate_authority=EXACT_QUALIFIER_EQUALS_COPYRIGHT_TAG.,VALIDATED,GLOBAL_EXACT_COPYRIGHT_SECOND_REVIEW_V1.csv; second-review=GLOBAL_EXACT_COPYRIGHT_SECOND_REVIEW_V1.csv; key=guardian_tales; candidate_root_hint=guardian_tales; state=PASS,SAFE_TO_MIGRATE
Family,guilty_crown,FAMILY_HOME,guilty_crown,EXACT_COPYRIGHT_REVIEWED,REVIEWED_QUALIFIER_COPYRIGHT,,Second-reviewed Issue #180 exact qualifier review: family key 'guilty_crown' equals the unique in-catalog Copyright root 'guilty_crown'; candidate_authority=EXACT_QUALIFIER_EQUALS_COPYRIGHT_TAG.,VALIDATED,GLOBAL_EXACT_COPYRIGHT_SECOND_REVIEW_V1.csv; second-review=GLOBAL_EXACT_COPYRIGHT_SECOND_REVIEW_V1.csv; key=guilty_crown; candidate_root_hint=guilty_crown; state=PASS,SAFE_TO_MIGRATE
Family,guilty_gear,FAMILY_HOME,guilty_gear,FIRST_PARTY_REVIEWED,EXTERNAL_AUTHORITY,https://www.guiltygear.com/ggst/sw/jp/,Arc System Works official Guilty Gear site identifies series/game characters and Japanese names.,VALIDATED,P1_P3_AUTHORITY_SECOND_REVIEW_V1.csv; second-review=P1_P3_AUTHORITY_SECOND_REVIEW_V1.csv; key=guilty_gear; candidate_root=guilty_gear; state=PASS,SAFE_TO_MIGRATE
Family,gundam,FAMILY_HOME,gundam,EXACT_COPYRIGHT_REVIEWED,REVIEWED_QUALIFIER_COPYRIGHT,,Second-reviewed Issue #180 exact qualifier review: family key 'gundam' equals the unique in-catalog Copyright root 'gundam'; candidate_authority=EXACT_QUALIFIER_EQUALS_COPYRIGHT_TAG.,VALIDATED,GLOBAL_EXACT_COPYRIGHT_SECOND_REVIEW_V1.csv; second-review=GLOBAL_EXACT_COPYRIGHT_SECOND_REVIEW_V1.csv; key=gundam; candidate_root_hint=gundam; state=PASS,SAFE_TO_MIGRATE
Family,gundam_build_divers,FAMILY_HOME,gundam_build_divers,EXACT_COPYRIGHT_REVIEWED,REVIEWED_QUALIFIER_COPYRIGHT,,Second-reviewed Issue #180 exact qualifier review: family key 'gundam_build_divers' equals the unique in-catalog Copyright root 'gundam_build_divers'; candidate_authority=EXACT_QUALIFIER_EQUALS_COPYRIGHT_TAG.,VALIDATED,GLOBAL_EXACT_COPYRIGHT_SECOND_REVIEW_V1.csv; second-review=GLOBAL_EXACT_COPYRIGHT_SECOND_REVIEW_V1.csv; key=gundam_build_divers; candidate_root_hint=gundam_build_divers; state=PASS,SAFE_TO_MIGRATE
Family,gundam_build_divers_re:rise,FAMILY_HOME,gundam_build_divers_re:rise,EXACT_COPYRIGHT_REVIEWED,REVIEWED_QUALIFIER_COPYRIGHT,,Second-reviewed Issue #180 exact qualifier review: family key 'gundam_build_divers_re:rise' equals the unique in-catalog Copyright root 'gundam_build_divers_re:rise'; candidate_authority=EXACT_QUALIFIER_EQUALS_COPYRIGHT_TAG.,VALIDATED,GLOBAL_EXACT_COPYRIGHT_SECOND_REVIEW_V1.csv; second-review=GLOBAL_EXACT_COPYRIGHT_SECOND_REVIEW_V1.csv; key=gundam_build_divers_re:rise; candidate_root_hint=gundam_build_divers_re:rise; state=PASS,SAFE_TO_MIGRATE
Family,gundam_gquuuuuux,FAMILY_HOME,gundam_gquuuuuux,EXACT_COPYRIGHT_REVIEWED,REVIEWED_QUALIFIER_COPYRIGHT,,Second-reviewed Issue #180 exact qualifier review: family key 'gundam_gquuuuuux' equals the unique in-catalog Copyright root 'gundam_gquuuuuux'; candidate_authority=EXACT_QUALIFIER_EQUALS_COPYRIGHT_TAG.,VALIDATED,GLOBAL_EXACT_COPYRIGHT_SECOND_REVIEW_V1.csv; second-review=GLOBAL_EXACT_COPYRIGHT_SECOND_REVIEW_V1.csv; key=gundam_gquuuuuux; candidate_root_hint=gundam_gquuuuuux; state=PASS,SAFE_TO_MIGRATE
Family,gundam_suisei_no_majo,FAMILY_HOME,gundam_suisei_no_majo,EXACT_COPYRIGHT_REVIEWED,REVIEWED_QUALIFIER_COPYRIGHT,,Second-reviewed Issue #180 exact qualifier review: family key 'gundam_suisei_no_majo' equals the unique in-catalog Copyright root 'gundam_suisei_no_majo'; candidate_authority=EXACT_QUALIFIER_EQUALS_COPYRIGHT_TAG.,VALIDATED,GLOBAL_EXACT_COPYRIGHT_SECOND_REVIEW_V1.csv; second-review=GLOBAL_EXACT_COPYRIGHT_SECOND_REVIEW_V1.csv; key=gundam_suisei_no_majo; candidate_root_hint=gundam_suisei_no_majo; state=PASS,SAFE_TO_MIGRATE
Family,gunslinger_girl,FAMILY_HOME,gunslinger_girl,EXACT_COPYRIGHT_REVIEWED,REVIEWED_QUALIFIER_COPYRIGHT,,Second-reviewed Issue #180 exact qualifier review: family key 'gunslinger_girl' equals the unique in-catalog Copyright root 'gunslinger_girl'; candidate_authority=EXACT_QUALIFIER_EQUALS_COPYRIGHT_TAG.,VALIDATED,GLOBAL_EXACT_COPYRIGHT_SECOND_REVIEW_V1.csv; second-review=GLOBAL_EXACT_COPYRIGHT_SECOND_REVIEW_V1.csv; key=gunslinger_girl; candidate_root_hint=gunslinger_girl; state=PASS,SAFE_TO_MIGRATE
Family,gyee,FAMILY_HOME,gyee,EXACT_COPYRIGHT_REVIEWED,REVIEWED_QUALIFIER_COPYRIGHT,,Second-reviewed Issue #180 exact qualifier review: family key 'gyee' equals the unique in-catalog Copyright root 'gyee'; candidate_authority=EXACT_QUALIFIER_EQUALS_COPYRIGHT_TAG.,VALIDATED,GLOBAL_EXACT_COPYRIGHT_SECOND_REVIEW_V1.csv; second-review=GLOBAL_EXACT_COPYRIGHT_SECOND_REVIEW_V1.csv; key=gyee; candidate_root_hint=gyee; state=PASS,SAFE_TO_MIGRATE
Family,hachigatsu_no_cinderella_nine,FAMILY_HOME,hachigatsu_no_cinderella_nine,EXACT_COPYRIGHT_REVIEWED,REVIEWED_QUALIFIER_COPYRIGHT,,Second-reviewed Issue #180 exact qualifier review: family key 'hachigatsu_no_cinderella_nine' equals the unique in-catalog Copyright root 'hachigatsu_no_cinderella_nine'; candidate_authority=EXACT_QUALIFIER_EQUALS_COPYRIGHT_TAG.,VALIDATED,GLOBAL_EXACT_COPYRIGHT_SECOND_REVIEW_V1.csv; second-review=GLOBAL_EXACT_COPYRIGHT_SECOND_REVIEW_V1.csv; key=hachigatsu_no_cinderella_nine; candidate_root_hint=hachigatsu_no_cinderella_nine; state=PASS,SAFE_TO_MIGRATE
Family,haevest,FAMILY_HOME,haevest,EXACT_COPYRIGHT_REVIEWED,REVIEWED_QUALIFIER_COPYRIGHT,,Second-reviewed Issue #180 exact qualifier review: family key 'haevest' equals the unique in-catalog Copyright root 'haevest'; candidate_authority=EXACT_QUALIFIER_EQUALS_COPYRIGHT_TAG.,VALIDATED,GLOBAL_EXACT_COPYRIGHT_SECOND_REVIEW_V1.csv; second-review=GLOBAL_EXACT_COPYRIGHT_SECOND_REVIEW_V1.csv; key=haevest; candidate_root_hint=haevest; state=PASS,SAFE_TO_MIGRATE
Family,haibane_renmei,FAMILY_HOME,haibane_renmei,EXACT_COPYRIGHT_REVIEWED,REVIEWED_QUALIFIER_COPYRIGHT,,Second-reviewed Issue #180 exact qualifier review: family key 'haibane_renmei' equals the unique in-catalog Copyright root 'haibane_renmei'; candidate_authority=EXACT_QUALIFIER_EQUALS_COPYRIGHT_TAG.,VALIDATED,GLOBAL_EXACT_COPYRIGHT_SECOND_REVIEW_V1.csv; second-review=GLOBAL_EXACT_COPYRIGHT_SECOND_REVIEW_V1.csv; key=haibane_renmei; candidate_root_hint=haibane_renmei; state=PASS,SAFE_TO_MIGRATE
Family,haikyuu!!,FAMILY_HOME,haikyuu!!,EXACT_COPYRIGHT_REVIEWED,REVIEWED_QUALIFIER_COPYRIGHT,,Second-reviewed Issue #180 exact qualifier review: family key 'haikyuu!!' equals the unique in-catalog Copyright root 'haikyuu!!'; candidate_authority=EXACT_QUALIFIER_EQUALS_COPYRIGHT_TAG.,VALIDATED,GLOBAL_EXACT_COPYRIGHT_SECOND_REVIEW_V1.csv; second-review=GLOBAL_EXACT_COPYRIGHT_SECOND_REVIEW_V1.csv; key=haikyuu!!; candidate_root_hint=haikyuu!!; state=PASS,SAFE_TO_MIGRATE
Family,hakuchuumu_no_aojashin,FAMILY_HOME,hakuchuumu_no_aojashin,EXACT_COPYRIGHT_REVIEWED,REVIEWED_QUALIFIER_COPYRIGHT,,Second-reviewed Issue #180 exact qualifier review: family key 'hakuchuumu_no_aojashin' equals the unique in-catalog Copyright root 'hakuchuumu_no_aojashin'; candidate_authority=EXACT_QUALIFIER_EQUALS_COPYRIGHT_TAG.,VALIDATED,GLOBAL_EXACT_COPYRIGHT_SECOND_REVIEW_V1.csv; second-review=GLOBAL_EXACT_COPYRIGHT_SECOND_REVIEW_V1.csv; key=hakuchuumu_no_aojashin; candidate_root_hint=hakuchuumu_no_aojashin; state=PASS,SAFE_TO_MIGRATE
Family,hakumei_to_mikochi,FAMILY_HOME,hakumei_to_mikochi,EXACT_COPYRIGHT_REVIEWED,REVIEWED_QUALIFIER_COPYRIGHT,,Second-reviewed Issue #180 exact qualifier review: family key 'hakumei_to_mikochi' equals the unique in-catalog Copyright root 'hakumei_to_mikochi'; candidate_authority=EXACT_QUALIFIER_EQUALS_COPYRIGHT_TAG.,VALIDATED,GLOBAL_EXACT_COPYRIGHT_SECOND_REVIEW_V1.csv; second-review=GLOBAL_EXACT_COPYRIGHT_SECOND_REVIEW_V1.csv; key=hakumei_to_mikochi; candidate_root_hint=hakumei_to_mikochi; state=PASS,SAFE_TO_MIGRATE
Family,hanayori_jyoshiryou,FAMILY_HOME,hanayori_jyoshiryou,EXACT_COPYRIGHT_REVIEWED,REVIEWED_QUALIFIER_COPYRIGHT,,Second-reviewed Issue #180 exact qualifier review: family key 'hanayori_jyoshiryou' equals the unique in-catalog Copyright root 'hanayori_jyoshiryou'; candidate_authority=EXACT_QUALIFIER_EQUALS_COPYRIGHT_TAG.,VALIDATED,GLOBAL_EXACT_COPYRIGHT_SECOND_REVIEW_V1.csv; second-review=GLOBAL_EXACT_COPYRIGHT_SECOND_REVIEW_V1.csv; key=hanayori_jyoshiryou; candidate_root_hint=hanayori_jyoshiryou; state=PASS,SAFE_TO_MIGRATE
Family,hansel_and_gretel,FAMILY_HOME,hansel_and_gretel,EXACT_COPYRIGHT_REVIEWED,REVIEWED_QUALIFIER_COPYRIGHT,,Second-reviewed Issue #180 exact qualifier review: family key 'hansel_and_gretel' equals the unique in-catalog Copyright root 'hansel_and_gretel'; candidate_authority=EXACT_QUALIFIER_EQUALS_COPYRIGHT_TAG.,VALIDATED,GLOBAL_EXACT_COPYRIGHT_SECOND_REVIEW_V1.csv; second-review=GLOBAL_EXACT_COPYRIGHT_SECOND_REVIEW_V1.csv; key=hansel_and_gretel; candidate_root_hint=hansel_and_gretel; state=PASS,SAFE_TO_MIGRATE
Family,happiness,FAMILY_HOME,happiness!,EXACT_COPYRIGHT_REVIEWED,REVIEWED_QUALIFIER_COPYRIGHT,,Second-reviewed Issue #180 exact qualifier review: family key 'happiness' equals the unique in-catalog Copyright root 'happiness!'; candidate_authority=EXACT_QUALIFIER_EQUALS_COPYRIGHT_TAG.,VALIDATED,GLOBAL_EXACT_COPYRIGHT_SECOND_REVIEW_V1.csv; second-review=GLOBAL_EXACT_COPYRIGHT_SECOND_REVIEW_V1.csv; key=happiness; candidate_root_hint=happiness!; state=PASS,SAFE_TO_MIGRATE
Family,happy_tree_friends,FAMILY_HOME,happy_tree_friends,EXACT_COPYRIGHT_REVIEWED,REVIEWED_QUALIFIER_COPYRIGHT,,Second-reviewed Issue #180 exact qualifier review: family key 'happy_tree_friends' equals the unique in-catalog Copyright root 'happy_tree_friends'; candidate_authority=EXACT_QUALIFIER_EQUALS_COPYRIGHT_TAG.,VALIDATED,GLOBAL_EXACT_COPYRIGHT_SECOND_REVIEW_V1.csv; second-review=GLOBAL_EXACT_COPYRIGHT_SECOND_REVIEW_V1.csv; key=happy_tree_friends; candidate_root_hint=happy_tree_friends; state=PASS,SAFE_TO_MIGRATE
Family,hara_hara!!,FAMILY_HOME,hara_hara!!,EXACT_COPYRIGHT_REVIEWED,REVIEWED_QUALIFIER_COPYRIGHT,,Second-reviewed Issue #180 exact qualifier review: family key 'hara_hara!!' equals the unique in-catalog Copyright root 'hara_hara!!'; candidate_authority=EXACT_QUALIFIER_EQUALS_COPYRIGHT_TAG.,VALIDATED,GLOBAL_EXACT_COPYRIGHT_SECOND_REVIEW_V1.csv; second-review=GLOBAL_EXACT_COPYRIGHT_SECOND_REVIEW_V1.csv; key=hara_hara!!; candidate_root_hint=hara_hara!!; state=PASS,SAFE_TO_MIGRATE
Family,harem_futago_lolita,FAMILY_HOME,harem_futago_lolita,EXACT_COPYRIGHT_REVIEWED,REVIEWED_QUALIFIER_COPYRIGHT,,Second-reviewed Issue #180 exact qualifier review: family key 'harem_futago_lolita' equals the unique in-catalog Copyright root 'harem_futago_lolita'; candidate_authority=EXACT_QUALIFIER_EQUALS_COPYRIGHT_TAG.,VALIDATED,GLOBAL_EXACT_COPYRIGHT_SECOND_REVIEW_V1.csv; second-review=GLOBAL_EXACT_COPYRIGHT_SECOND_REVIEW_V1.csv; key=harem_futago_lolita; candidate_root_hint=harem_futago_lolita; state=PASS,SAFE_TO_MIGRATE
Family,harukana_receive,FAMILY_HOME,harukana_receive,EXACT_COPYRIGHT_REVIEWED,REVIEWED_QUALIFIER_COPYRIGHT,,Second-reviewed Issue #180 exact qualifier review: family key 'harukana_receive' equals the unique in-catalog Copyright root 'harukana_receive'; candidate_authority=EXACT_QUALIFIER_EQUALS_COPYRIGHT_TAG.,VALIDATED,GLOBAL_EXACT_COPYRIGHT_SECOND_REVIEW_V1.csv; second-review=GLOBAL_EXACT_COPYRIGHT_SECOND_REVIEW_V1.csv; key=harukana_receive; candidate_root_hint=harukana_receive; state=PASS,SAFE_TO_MIGRATE
Family,hataraku_saibou,FAMILY_HOME,hataraku_saibou,EXACT_COPYRIGHT_REVIEWED,REVIEWED_QUALIFIER_COPYRIGHT,,Second-reviewed Issue #180 exact qualifier review: family key 'hataraku_saibou' equals the unique in-catalog Copyright root 'hataraku_saibou'; candidate_authority=EXACT_QUALIFIER_EQUALS_COPYRIGHT_TAG.,VALIDATED,GLOBAL_EXACT_COPYRIGHT_SECOND_REVIEW_V1.csv; second-review=GLOBAL_EXACT_COPYRIGHT_SECOND_REVIEW_V1.csv; key=hataraku_saibou; candidate_root_hint=hataraku_saibou; state=PASS,SAFE_TO_MIGRATE
Family,haunted_hotel,FAMILY_HOME,haunted_hotel,EXACT_COPYRIGHT_REVIEWED,REVIEWED_QUALIFIER_COPYRIGHT,,Second-reviewed Issue #180 exact qualifier review: family key 'haunted_hotel' equals the unique in-catalog Copyright root 'haunted_hotel'; candidate_authority=EXACT_QUALIFIER_EQUALS_COPYRIGHT_TAG.,VALIDATED,GLOBAL_EXACT_COPYRIGHT_SECOND_REVIEW_V1.csv; second-review=GLOBAL_EXACT_COPYRIGHT_SECOND_REVIEW_V1.csv; key=haunted_hotel; candidate_root_hint=haunted_hotel; state=PASS,SAFE_TO_MIGRATE
Family,hayate_no_gotoku!,FAMILY_HOME,hayate_no_gotoku!,EXACT_COPYRIGHT_REVIEWED,REVIEWED_QUALIFIER_COPYRIGHT,,Second-reviewed Issue #180 exact qualifier review: family key 'hayate_no_gotoku!' equals the unique in-catalog Copyright root 'hayate_no_gotoku!'; candidate_authority=EXACT_QUALIFIER_EQUALS_COPYRIGHT_TAG.,VALIDATED,GLOBAL_EXACT_COPYRIGHT_SECOND_REVIEW_V1.csv; second-review=GLOBAL_EXACT_COPYRIGHT_SECOND_REVIEW_V1.csv; key=hayate_no_gotoku!; candidate_root_hint=hayate_no_gotoku!; state=PASS,SAFE_TO_MIGRATE
Family,hazbin_hotel,FAMILY_HOME,hazbin_hotel,EXACT_COPYRIGHT_REVIEWED,REVIEWED_QUALIFIER_COPYRIGHT,,Second-reviewed Issue #180 exact qualifier review: family key 'hazbin_hotel' equals the unique in-catalog Copyright root 'hazbin_hotel'; candidate_authority=EXACT_QUALIFIER_EQUALS_COPYRIGHT_TAG.,VALIDATED,GLOBAL_EXACT_COPYRIGHT_SECOND_REVIEW_V1.csv; second-review=GLOBAL_EXACT_COPYRIGHT_SECOND_REVIEW_V1.csv; key=hazbin_hotel; candidate_root_hint=hazbin_hotel; state=PASS,SAFE_TO_MIGRATE
Family,heart_no_kuni_no_alice,FAMILY_HOME,heart_no_kuni_no_alice,EXACT_COPYRIGHT_REVIEWED,REVIEWED_QUALIFIER_COPYRIGHT,,Second-reviewed Issue #180 exact qualifier review: family key 'heart_no_kuni_no_alice' equals the unique in-catalog Copyright root 'heart_no_kuni_no_alice'; candidate_authority=EXACT_QUALIFIER_EQUALS_COPYRIGHT_TAG.,VALIDATED,GLOBAL_EXACT_COPYRIGHT_SECOND_REVIEW_V1.csv; second-review=GLOBAL_EXACT_COPYRIGHT_SECOND_REVIEW_V1.csv; key=heart_no_kuni_no_alice; candidate_root_hint=heart_no_kuni_no_alice; state=PASS,SAFE_TO_MIGRATE
Family,heaven_burns_red,FAMILY_HOME,heaven_burns_red,EXACT_COPYRIGHT_REVIEWED,REVIEWED_QUALIFIER_COPYRIGHT,,Second-reviewed Issue #180 exact qualifier review: family key 'heaven_burns_red' equals the unique in-catalog Copyright root 'heaven_burns_red'; candidate_authority=EXACT_QUALIFIER_EQUALS_COPYRIGHT_TAG.,VALIDATED,GLOBAL_EXACT_COPYRIGHT_SECOND_REVIEW_V1.csv; second-review=GLOBAL_EXACT_COPYRIGHT_SECOND_REVIEW_V1.csv; key=heaven_burns_red; candidate_root_hint=heaven_burns_red; state=PASS,SAFE_TO_MIGRATE
Family,helck,FAMILY_HOME,helck,EXACT_COPYRIGHT_REVIEWED,REVIEWED_QUALIFIER_COPYRIGHT,,Second-reviewed Issue #180 exact qualifier review: family key 'helck' equals the unique in-catalog Copyright root 'helck'; candidate_authority=EXACT_QUALIFIER_EQUALS_COPYRIGHT_TAG.,VALIDATED,GLOBAL_EXACT_COPYRIGHT_SECOND_REVIEW_V1.csv; second-review=GLOBAL_EXACT_COPYRIGHT_SECOND_REVIEW_V1.csv; key=helck; candidate_root_hint=helck; state=PASS,SAFE_TO_MIGRATE
Family,hellsing,FAMILY_HOME,hellsing,EXACT_COPYRIGHT_REVIEWED,REVIEWED_QUALIFIER_COPYRIGHT,,Second-reviewed Issue #180 exact qualifier review: family key 'hellsing' equals the unique in-catalog Copyright root 'hellsing'; candidate_authority=EXACT_QUALIFIER_EQUALS_COPYRIGHT_TAG.,VALIDATED,GLOBAL_EXACT_COPYRIGHT_SECOND_REVIEW_V1.csv; second-review=GLOBAL_EXACT_COPYRIGHT_SECOND_REVIEW_V1.csv; key=hellsing; candidate_root_hint=hellsing; state=PASS,SAFE_TO_MIGRATE
Family,helltaker,FAMILY_HOME,helltaker,EXACT_COPYRIGHT_REVIEWED,REVIEWED_QUALIFIER_COPYRIGHT,,Second-reviewed Issue #180 exact qualifier review: family key 'helltaker' equals the unique in-catalog Copyright root 'helltaker'; candidate_authority=EXACT_QUALIFIER_EQUALS_COPYRIGHT_TAG.,VALIDATED,GLOBAL_EXACT_COPYRIGHT_SECOND_REVIEW_V1.csv; second-review=GLOBAL_EXACT_COPYRIGHT_SECOND_REVIEW_V1.csv; key=helltaker; candidate_root_hint=helltaker; state=PASS,SAFE_TO_MIGRATE
Family,helluva_boss,FAMILY_HOME,helluva_boss,EXACT_COPYRIGHT_REVIEWED,REVIEWED_QUALIFIER_COPYRIGHT,,Second-reviewed Issue #180 exact qualifier review: family key 'helluva_boss' equals the unique in-catalog Copyright root 'helluva_boss'; candidate_authority=EXACT_QUALIFIER_EQUALS_COPYRIGHT_TAG.,VALIDATED,GLOBAL_EXACT_COPYRIGHT_SECOND_REVIEW_V1.csv; second-review=GLOBAL_EXACT_COPYRIGHT_SECOND_REVIEW_V1.csv; key=helluva_boss; candidate_root_hint=helluva_boss; state=PASS,SAFE_TO_MIGRATE
Family,hentai_elf_to_majime_orc,FAMILY_HOME,hentai_elf_to_majime_orc,EXACT_COPYRIGHT_REVIEWED,REVIEWED_QUALIFIER_COPYRIGHT,,Second-reviewed Issue #180 exact qualifier review: family key 'hentai_elf_to_majime_orc' equals the unique in-catalog Copyright root 'hentai_elf_to_majime_orc'; candidate_authority=EXACT_QUALIFIER_EQUALS_COPYRIGHT_TAG.,VALIDATED,GLOBAL_EXACT_COPYRIGHT_SECOND_REVIEW_V1.csv; second-review=GLOBAL_EXACT_COPYRIGHT_SECOND_REVIEW_V1.csv; key=hentai_elf_to_majime_orc; candidate_root_hint=hentai_elf_to_majime_orc; state=PASS,SAFE_TO_MIGRATE
Family,hentaiukr,FAMILY_HOME,hentaiukr,EXACT_COPYRIGHT_REVIEWED,REVIEWED_QUALIFIER_COPYRIGHT,,Second-reviewed Issue #180 exact qualifier review: family key 'hentaiukr' equals the unique in-catalog Copyright root 'hentaiukr'; candidate_authority=EXACT_QUALIFIER_EQUALS_COPYRIGHT_TAG.,VALIDATED,GLOBAL_EXACT_COPYRIGHT_SECOND_REVIEW_V1.csv; second-review=GLOBAL_EXACT_COPYRIGHT_SECOND_REVIEW_V1.csv; key=hentaiukr; candidate_root_hint=hentaiukr; state=PASS,SAFE_TO_MIGRATE
Family,hermitcraft,FAMILY_HOME,hermitcraft,EXACT_COPYRIGHT_REVIEWED,REVIEWED_QUALIFIER_COPYRIGHT,,Second-reviewed Issue #180 exact qualifier review: family key 'hermitcraft' equals the unique in-catalog Copyright root 'hermitcraft'; candidate_authority=EXACT_QUALIFIER_EQUALS_COPYRIGHT_TAG.,VALIDATED,GLOBAL_EXACT_COPYRIGHT_SECOND_REVIEW_V1.csv; second-review=GLOBAL_EXACT_COPYRIGHT_SECOND_REVIEW_V1.csv; key=hermitcraft; candidate_root_hint=hermitcraft; state=PASS,SAFE_TO_MIGRATE
Family,hi-fi_rush,FAMILY_HOME,hi-fi_rush,EXACT_COPYRIGHT_REVIEWED,REVIEWED_QUALIFIER_COPYRIGHT,,Second-reviewed Issue #180 exact qualifier review: family key 'hi-fi_rush' equals the unique in-catalog Copyright root 'hi-fi_rush'; candidate_authority=EXACT_QUALIFIER_EQUALS_COPYRIGHT_TAG.,VALIDATED,GLOBAL_EXACT_COPYRIGHT_SECOND_REVIEW_V1.csv; second-review=GLOBAL_EXACT_COPYRIGHT_SECOND_REVIEW_V1.csv; key=hi-fi_rush; candidate_root_hint=hi-fi_rush; state=PASS,SAFE_TO_MIGRATE
Family,hidamari_sketch,FAMILY_HOME,hidamari_sketch,EXACT_COPYRIGHT_REVIEWED,REVIEWED_QUALIFIER_COPYRIGHT,,Second-reviewed Issue #180 exact qualifier review: family key 'hidamari_sketch' equals the unique in-catalog Copyright root 'hidamari_sketch'; candidate_authority=EXACT_QUALIFIER_EQUALS_COPYRIGHT_TAG.,VALIDATED,GLOBAL_EXACT_COPYRIGHT_SECOND_REVIEW_V1.csv; second-review=GLOBAL_EXACT_COPYRIGHT_SECOND_REVIEW_V1.csv; key=hidamari_sketch; candidate_root_hint=hidamari_sketch; state=PASS,SAFE_TO_MIGRATE
Family,hidan_no_aria,FAMILY_HOME,hidan_no_aria,EXACT_COPYRIGHT_REVIEWED,REVIEWED_QUALIFIER_COPYRIGHT,,Second-reviewed Issue #180 exact qualifier review: family key 'hidan_no_aria' equals the unique in-catalog Copyright root 'hidan_no_aria'; candidate_authority=EXACT_QUALIFIER_EQUALS_COPYRIGHT_TAG.,VALIDATED,GLOBAL_EXACT_COPYRIGHT_SECOND_REVIEW_V1.csv; second-review=GLOBAL_EXACT_COPYRIGHT_SECOND_REVIEW_V1.csv; key=hidan_no_aria; candidate_root_hint=hidan_no_aria; state=PASS,SAFE_TO_MIGRATE
Family,higanbana_no_saku_yoru_ni,FAMILY_HOME,higanbana_no_saku_yoru_ni,EXACT_COPYRIGHT_REVIEWED,REVIEWED_QUALIFIER_COPYRIGHT,,Second-reviewed Issue #180 exact qualifier review: family key 'higanbana_no_saku_yoru_ni' equals the unique in-catalog Copyright root 'higanbana_no_saku_yoru_ni'; candidate_authority=EXACT_QUALIFIER_EQUALS_COPYRIGHT_TAG.,VALIDATED,GLOBAL_EXACT_COPYRIGHT_SECOND_REVIEW_V1.csv; second-review=GLOBAL_EXACT_COPYRIGHT_SECOND_REVIEW_V1.csv; key=higanbana_no_saku_yoru_ni; candidate_root_hint=higanbana_no_saku_yoru_ni; state=PASS,SAFE_TO_MIGRATE
Family,high_school_dxd,FAMILY_HOME,high_school_dxd,EXACT_COPYRIGHT_REVIEWED,REVIEWED_QUALIFIER_COPYRIGHT,,Second-reviewed Issue #180 exact qualifier review: family key 'high_school_dxd' equals the unique in-catalog Copyright root 'high_school_dxd'; candidate_authority=EXACT_QUALIFIER_EQUALS_COPYRIGHT_TAG.,VALIDATED,GLOBAL_EXACT_COPYRIGHT_SECOND_REVIEW_V1.csv; second-review=GLOBAL_EXACT_COPYRIGHT_SECOND_REVIEW_V1.csv; key=high_school_dxd; candidate_root_hint=high_school_dxd; state=PASS,SAFE_TO_MIGRATE
Family,higyaku_no_noel,FAMILY_HOME,higyaku_no_noel,EXACT_COPYRIGHT_REVIEWED,REVIEWED_QUALIFIER_COPYRIGHT,,Second-reviewed Issue #180 exact qualifier review: family key 'higyaku_no_noel' equals the unique in-catalog Copyright root 'higyaku_no_noel'; candidate_authority=EXACT_QUALIFIER_EQUALS_COPYRIGHT_TAG.,VALIDATED,GLOBAL_EXACT_COPYRIGHT_SECOND_REVIEW_V1.csv; second-review=GLOBAL_EXACT_COPYRIGHT_SECOND_REVIEW_V1.csv; key=higyaku_no_noel; candidate_root_hint=higyaku_no_noel; state=PASS,SAFE_TO_MIGRATE
Family,himegami_emaki,FAMILY_HOME,himegami_emaki,EXACT_COPYRIGHT_REVIEWED,REVIEWED_QUALIFIER_COPYRIGHT,,Second-reviewed Issue #180 exact qualifier review: family key 'himegami_emaki' equals the unique in-catalog Copyright root 'himegami_emaki'; candidate_authority=EXACT_QUALIFIER_EQUALS_COPYRIGHT_TAG.,VALIDATED,GLOBAL_EXACT_COPYRIGHT_SECOND_REVIEW_V1.csv; second-review=GLOBAL_EXACT_COPYRIGHT_SECOND_REVIEW_V1.csv; key=himegami_emaki; candidate_root_hint=himegami_emaki; state=PASS,SAFE_TO_MIGRATE
Family,himouto!_umaru-chan,FAMILY_HOME,himouto!_umaru-chan,EXACT_COPYRIGHT_REVIEWED,REVIEWED_QUALIFIER_COPYRIGHT,,Second-reviewed Issue #180 exact qualifier review: family key 'himouto!_umaru-chan' equals the unique in-catalog Copyright root 'himouto!_umaru-chan'; candidate_authority=EXACT_QUALIFIER_EQUALS_COPYRIGHT_TAG.,VALIDATED,GLOBAL_EXACT_COPYRIGHT_SECOND_REVIEW_V1.csv; second-review=GLOBAL_EXACT_COPYRIGHT_SECOND_REVIEW_V1.csv; key=himouto!_umaru-chan; candidate_root_hint=himouto!_umaru-chan; state=PASS,SAFE_TO_MIGRATE
Family,hissatsu_chikannin_2,FAMILY_HOME,hissatsu_chikannin_2,EXACT_COPYRIGHT_REVIEWED,REVIEWED_QUALIFIER_COPYRIGHT,,Second-reviewed Issue #180 exact qualifier review: family key 'hissatsu_chikannin_2' equals the unique in-catalog Copyright root 'hissatsu_chikannin_2'; candidate_authority=EXACT_QUALIFIER_EQUALS_COPYRIGHT_TAG.,VALIDATED,GLOBAL_EXACT_COPYRIGHT_SECOND_REVIEW_V1.csv; second-review=GLOBAL_EXACT_COPYRIGHT_SECOND_REVIEW_V1.csv; key=hissatsu_chikannin_2; candidate_root_hint=hissatsu_chikannin_2; state=PASS,SAFE_TO_MIGRATE
Family,hitozuma_fuumashi_leilan,FAMILY_HOME,hitozuma_fuumashi_leilan,EXACT_COPYRIGHT_REVIEWED,REVIEWED_QUALIFIER_COPYRIGHT,,Second-reviewed Issue #180 exact qualifier review: family key 'hitozuma_fuumashi_leilan' equals the unique in-catalog Copyright root 'hitozuma_fuumashi_leilan'; candidate_authority=EXACT_QUALIFIER_EQUALS_COPYRIGHT_TAG.,VALIDATED,GLOBAL_EXACT_COPYRIGHT_SECOND_REVIEW_V1.csv; second-review=GLOBAL_EXACT_COPYRIGHT_SECOND_REVIEW_V1.csv; key=hitozuma_fuumashi_leilan; candidate_root_hint=hitozuma_fuumashi_leilan; state=PASS,SAFE_TO_MIGRATE
Family,hitsugi_katsugi_no_kuro,FAMILY_HOME,hitsugi_katsugi_no_kuro,EXACT_COPYRIGHT_REVIEWED,REVIEWED_QUALIFIER_COPYRIGHT,,Second-reviewed Issue #180 exact qualifier review: family key 'hitsugi_katsugi_no_kuro' equals the unique in-catalog Copyright root 'hitsugi_katsugi_no_kuro'; candidate_authority=EXACT_QUALIFIER_EQUALS_COPYRIGHT_TAG.,VALIDATED,GLOBAL_EXACT_COPYRIGHT_SECOND_REVIEW_V1.csv; second-review=GLOBAL_EXACT_COPYRIGHT_SECOND_REVIEW_V1.csv; key=hitsugi_katsugi_no_kuro; candidate_root_hint=hitsugi_katsugi_no_kuro; state=PASS,SAFE_TO_MIGRATE
Family,hitsugi_no_chaika,FAMILY_HOME,hitsugi_no_chaika,EXACT_COPYRIGHT_REVIEWED,REVIEWED_QUALIFIER_COPYRIGHT,,Second-reviewed Issue #180 exact qualifier review: family key 'hitsugi_no_chaika' equals the unique in-catalog Copyright root 'hitsugi_no_chaika'; candidate_authority=EXACT_QUALIFIER_EQUALS_COPYRIGHT_TAG.,VALIDATED,GLOBAL_EXACT_COPYRIGHT_SECOND_REVIEW_V1.csv; second-review=GLOBAL_EXACT_COPYRIGHT_SECOND_REVIEW_V1.csv; key=hitsugi_no_chaika; candidate_root_hint=hitsugi_no_chaika; state=PASS,SAFE_TO_MIGRATE
Family,hogwarts_legacy,FAMILY_HOME,hogwarts_legacy,EXACT_COPYRIGHT_REVIEWED,REVIEWED_QUALIFIER_COPYRIGHT,,Second-reviewed Issue #180 exact qualifier review: family key 'hogwarts_legacy' equals the unique in-catalog Copyright root 'hogwarts_legacy'; candidate_authority=EXACT_QUALIFIER_EQUALS_COPYRIGHT_TAG.,VALIDATED,GLOBAL_EXACT_COPYRIGHT_SECOND_REVIEW_V1.csv; second-review=GLOBAL_EXACT_COPYRIGHT_SECOND_REVIEW_V1.csv; key=hogwarts_legacy; candidate_root_hint=hogwarts_legacy; state=PASS,SAFE_TO_MIGRATE
Family,hokuto_no_ken,FAMILY_HOME,hokuto_no_ken,EXACT_COPYRIGHT_REVIEWED,REVIEWED_QUALIFIER_COPYRIGHT,,Second-reviewed Issue #180 exact qualifier review: family key 'hokuto_no_ken' equals the unique in-catalog Copyright root 'hokuto_no_ken'; candidate_authority=EXACT_QUALIFIER_EQUALS_COPYRIGHT_TAG.,VALIDATED,GLOBAL_EXACT_COPYRIGHT_SECOND_REVIEW_V1.csv; second-review=GLOBAL_EXACT_COPYRIGHT_SECOND_REVIEW_V1.csv; key=hokuto_no_ken; candidate_root_hint=hokuto_no_ken; state=PASS,SAFE_TO_MIGRATE
Family,hollow_knight,FAMILY_HOME,hollow_knight,EXACT_COPYRIGHT_REVIEWED,REVIEWED_QUALIFIER_COPYRIGHT,,Second-reviewed Issue #180 exact qualifier review: family key 'hollow_knight' equals the unique in-catalog Copyright root 'hollow_knight'; candidate_authority=EXACT_QUALIFIER_EQUALS_COPYRIGHT_TAG.,VALIDATED,GLOBAL_EXACT_COPYRIGHT_SECOND_REVIEW_V1.csv; second-review=GLOBAL_EXACT_COPYRIGHT_SECOND_REVIEW_V1.csv; key=hollow_knight; candidate_root_hint=hollow_knight; state=PASS,SAFE_TO_MIGRATE
Family,hololive,FAMILY_HOME,hololive,EXACT_COPYRIGHT_REVIEWED,REVIEWED_QUALIFIER_COPYRIGHT,,Second-reviewed Issue #180 exact qualifier review: family key 'hololive' equals the unique in-catalog Copyright root 'hololive'; candidate_authority=EXACT_QUALIFIER_EQUALS_COPYRIGHT_TAG.,VALIDATED,GLOBAL_EXACT_COPYRIGHT_SECOND_REVIEW_V1.csv; second-review=GLOBAL_EXACT_COPYRIGHT_SECOND_REVIEW_V1.csv; key=hololive; candidate_root_hint=hololive; state=PASS,SAFE_TO_MIGRATE
Family,holostars,FAMILY_HOME,holostars,EXACT_COPYRIGHT_REVIEWED,REVIEWED_QUALIFIER_COPYRIGHT,,Second-reviewed Issue #180 exact qualifier review: family key 'holostars' equals the unique in-catalog Copyright root 'holostars'; candidate_authority=EXACT_QUALIFIER_EQUALS_COPYRIGHT_TAG.,VALIDATED,GLOBAL_EXACT_COPYRIGHT_SECOND_REVIEW_V1.csv; second-review=GLOBAL_EXACT_COPYRIGHT_SECOND_REVIEW_V1.csv; key=holostars; candidate_root_hint=holostars; state=PASS,SAFE_TO_MIGRATE
Family,honey_come_chatka!!,FAMILY_HOME,honey_come_chatka!!,EXACT_COPYRIGHT_REVIEWED,REVIEWED_QUALIFIER_COPYRIGHT,,Second-reviewed Issue #180 exact qualifier review: family key 'honey_come_chatka!!' equals the unique in-catalog Copyright root 'honey_come_chatka!!'; candidate_authority=EXACT_QUALIFIER_EQUALS_COPYRIGHT_TAG.,VALIDATED,GLOBAL_EXACT_COPYRIGHT_SECOND_REVIEW_V1.csv; second-review=GLOBAL_EXACT_COPYRIGHT_SECOND_REVIEW_V1.csv; key=honey_come_chatka!!; candidate_root_hint=honey_come_chatka!!; state=PASS,SAFE_TO_MIGRATE
Family,honkai:_nexus_anima,FAMILY_HOME,honkai:_nexus_anima,EXACT_COPYRIGHT_REVIEWED,REVIEWED_QUALIFIER_COPYRIGHT,,Second-reviewed Issue #180 exact qualifier review: family key 'honkai:_nexus_anima' equals the unique in-catalog Copyright root 'honkai:_nexus_anima'; candidate_authority=EXACT_QUALIFIER_EQUALS_COPYRIGHT_TAG.,VALIDATED,GLOBAL_EXACT_COPYRIGHT_SECOND_REVIEW_V1.csv; second-review=GLOBAL_EXACT_COPYRIGHT_SECOND_REVIEW_V1.csv; key=honkai:_nexus_anima; candidate_root_hint=honkai:_nexus_anima; state=PASS,SAFE_TO_MIGRATE
Family,honkai:_star_rail,FAMILY_HOME,honkai:_star_rail,EXACT_COPYRIGHT_REVIEWED,REVIEWED_QUALIFIER_COPYRIGHT,,Second-reviewed Issue #180 exact qualifier review: family key 'honkai:_star_rail' equals the unique in-catalog Copyright root 'honkai:_star_rail'; candidate_authority=EXACT_QUALIFIER_EQUALS_COPYRIGHT_TAG.,VALIDATED,GLOBAL_EXACT_COPYRIGHT_SECOND_REVIEW_V1.csv; second-review=GLOBAL_EXACT_COPYRIGHT_SECOND_REVIEW_V1.csv; key=honkai:_star_rail; candidate_root_hint=honkai:_star_rail; state=PASS,SAFE_TO_MIGRATE
Family,honkai_gakuen,FAMILY_HOME,honkai_gakuen,EXACT_COPYRIGHT_REVIEWED,REVIEWED_QUALIFIER_COPYRIGHT,,Second-reviewed Issue #180 exact qualifier review: family key 'honkai_gakuen' equals the unique in-catalog Copyright root 'honkai_gakuen'; candidate_authority=EXACT_QUALIFIER_EQUALS_COPYRIGHT_TAG.,VALIDATED,GLOBAL_EXACT_COPYRIGHT_SECOND_REVIEW_V1.csv; second-review=GLOBAL_EXACT_COPYRIGHT_SECOND_REVIEW_V1.csv; key=honkai_gakuen; candidate_root_hint=honkai_gakuen; state=PASS,SAFE_TO_MIGRATE
Family,honkai_impact,FAMILY_HOME,honkai_impact_3rd,FIRST_PARTY_REVIEWED,EXTERNAL_AUTHORITY,https://honkaiimpact3.hoyoverse.com/,HoYoverse official Honkai Impact 3rd site.,VALIDATED,BATCH_A_REMAINING_7_SECOND_REVIEW_V2.csv; second-review=BATCH_A_REMAINING_7_SECOND_REVIEW_V2.csv; key=honkai_impact; candidate_root=honkai_impact_3rd; state=PASS,SAFE_TO_MIGRATE
Family,honzuki_no_gekokujou,FAMILY_HOME,honzuki_no_gekokujou,EXACT_COPYRIGHT_REVIEWED,REVIEWED_QUALIFIER_COPYRIGHT,,Second-reviewed Issue #180 exact qualifier review: family key 'honzuki_no_gekokujou' equals the unique in-catalog Copyright root 'honzuki_no_gekokujou'; candidate_authority=EXACT_QUALIFIER_EQUALS_COPYRIGHT_TAG.,VALIDATED,GLOBAL_EXACT_COPYRIGHT_SECOND_REVIEW_V1.csv; second-review=GLOBAL_EXACT_COPYRIGHT_SECOND_REVIEW_V1.csv; key=honzuki_no_gekokujou; candidate_root_hint=honzuki_no_gekokujou; state=PASS,SAFE_TO_MIGRATE
Family,hooters,FAMILY_HOME,hooters,EXACT_COPYRIGHT_REVIEWED,REVIEWED_QUALIFIER_COPYRIGHT,,Second-reviewed Issue #180 exact qualifier review: family key 'hooters' equals the unique in-catalog Copyright root 'hooters'; candidate_authority=EXACT_QUALIFIER_EQUALS_COPYRIGHT_TAG.,VALIDATED,GLOBAL_EXACT_COPYRIGHT_SECOND_REVIEW_V1.csv; second-review=GLOBAL_EXACT_COPYRIGHT_SECOND_REVIEW_V1.csv; key=hooters; candidate_root_hint=hooters; state=PASS,SAFE_TO_MIGRATE
Family,hoozuki_no_reitetsu,FAMILY_HOME,hoozuki_no_reitetsu,EXACT_COPYRIGHT_REVIEWED,REVIEWED_QUALIFIER_COPYRIGHT,,Second-reviewed Issue #180 exact qualifier review: family key 'hoozuki_no_reitetsu' equals the unique in-catalog Copyright root 'hoozuki_no_reitetsu'; candidate_authority=EXACT_QUALIFIER_EQUALS_COPYRIGHT_TAG.,VALIDATED,GLOBAL_EXACT_COPYRIGHT_SECOND_REVIEW_V1.csv; second-review=GLOBAL_EXACT_COPYRIGHT_SECOND_REVIEW_V1.csv; key=hoozuki_no_reitetsu; candidate_root_hint=hoozuki_no_reitetsu; state=PASS,SAFE_TO_MIGRATE
Family,hori-san_to_miyamura-kun,FAMILY_HOME,hori-san_to_miyamura-kun,EXACT_COPYRIGHT_REVIEWED,REVIEWED_QUALIFIER_COPYRIGHT,,Second-reviewed Issue #180 exact qualifier review: family key 'hori-san_to_miyamura-kun' equals the unique in-catalog Copyright root 'hori-san_to_miyamura-kun'; candidate_authority=EXACT_QUALIFIER_EQUALS_COPYRIGHT_TAG.,VALIDATED,GLOBAL_EXACT_COPYRIGHT_SECOND_REVIEW_V1.csv; second-review=GLOBAL_EXACT_COPYRIGHT_SECOND_REVIEW_V1.csv; key=hori-san_to_miyamura-kun; candidate_root_hint=hori-san_to_miyamura-kun; state=PASS,SAFE_TO_MIGRATE
Family,horse_race_tests,FAMILY_HOME,horse_race_tests,EXACT_COPYRIGHT_REVIEWED,REVIEWED_QUALIFIER_COPYRIGHT,,Second-reviewed Issue #180 exact qualifier review: family key 'horse_race_tests' equals the unique in-catalog Copyright root 'horse_race_tests'; candidate_authority=EXACT_QUALIFIER_EQUALS_COPYRIGHT_TAG.,VALIDATED,GLOBAL_EXACT_COPYRIGHT_SECOND_REVIEW_V1.csv; second-review=GLOBAL_EXACT_COPYRIGHT_SECOND_REVIEW_V1.csv; key=horse_race_tests; candidate_root_hint=horse_race_tests; state=PASS,SAFE_TO_MIGRATE
Family,hoshi_wo_miru_hito,FAMILY_HOME,hoshi_wo_miru_hito,EXACT_COPYRIGHT_REVIEWED,REVIEWED_QUALIFIER_COPYRIGHT,,Second-reviewed Issue #180 exact qualifier review: family key 'hoshi_wo_miru_hito' equals the unique in-catalog Copyright root 'hoshi_wo_miru_hito'; candidate_authority=EXACT_QUALIFIER_EQUALS_COPYRIGHT_TAG.,VALIDATED,GLOBAL_EXACT_COPYRIGHT_SECOND_REVIEW_V1.csv; second-review=GLOBAL_EXACT_COPYRIGHT_SECOND_REVIEW_V1.csv; key=hoshi_wo_miru_hito; candidate_root_hint=hoshi_wo_miru_hito; state=PASS,SAFE_TO_MIGRATE
Family,hotline_miami,FAMILY_HOME,hotline_miami,EXACT_COPYRIGHT_REVIEWED,REVIEWED_QUALIFIER_COPYRIGHT,,Second-reviewed Issue #180 exact qualifier review: family key 'hotline_miami' equals the unique in-catalog Copyright root 'hotline_miami'; candidate_authority=EXACT_QUALIFIER_EQUALS_COPYRIGHT_TAG.,VALIDATED,GLOBAL_EXACT_COPYRIGHT_SECOND_REVIEW_V1.csv; second-review=GLOBAL_EXACT_COPYRIGHT_SECOND_REVIEW_V1.csv; key=hotline_miami; candidate_root_hint=hotline_miami; state=PASS,SAFE_TO_MIGRATE
Family,houkago_no_pleiades,FAMILY_HOME,houkago_no_pleiades,EXACT_COPYRIGHT_REVIEWED,REVIEWED_QUALIFIER_COPYRIGHT,,Second-reviewed Issue #180 exact qualifier review: family key 'houkago_no_pleiades' equals the unique in-catalog Copyright root 'houkago_no_pleiades'; candidate_authority=EXACT_QUALIFIER_EQUALS_COPYRIGHT_TAG.,VALIDATED,GLOBAL_EXACT_COPYRIGHT_SECOND_REVIEW_V1.csv; second-review=GLOBAL_EXACT_COPYRIGHT_SECOND_REVIEW_V1.csv; key=houkago_no_pleiades; candidate_root_hint=houkago_no_pleiades; state=PASS,SAFE_TO_MIGRATE
Family,houkago_play,FAMILY_HOME,houkago_play,EXACT_COPYRIGHT_REVIEWED,REVIEWED_QUALIFIER_COPYRIGHT,,Second-reviewed Issue #180 exact qualifier review: family key 'houkago_play' equals the unique in-catalog Copyright root 'houkago_play'; candidate_authority=EXACT_QUALIFIER_EQUALS_COPYRIGHT_TAG.,VALIDATED,GLOBAL_EXACT_COPYRIGHT_SECOND_REVIEW_V1.csv; second-review=GLOBAL_EXACT_COPYRIGHT_SECOND_REVIEW_V1.csv; key=houkago_play; candidate_root_hint=houkago_play; state=PASS,SAFE_TO_MIGRATE
Family,housamo,FAMILY_HOME,tokyo_afterschool_summoners,FIRST_PARTY_REVIEWED,EXTERNAL_AUTHORITY,https://housamo.jp/,Official Tokyo Afterschool Summoners site supports housamo normalization.,VALIDATED,P1_P3_AUTHORITY_SECOND_REVIEW_V1.csv; second-review=P1_P3_AUTHORITY_SECOND_REVIEW_V1.csv; key=housamo; candidate_root=tokyo_afterschool_summoners; state=PASS,SAFE_TO_MIGRATE
Family,houseki_no_kuni,FAMILY_HOME,houseki_no_kuni,EXACT_COPYRIGHT_REVIEWED,REVIEWED_QUALIFIER_COPYRIGHT,,Second-reviewed Issue #180 exact qualifier review: family key 'houseki_no_kuni' equals the unique in-catalog Copyright root 'houseki_no_kuni'; candidate_authority=EXACT_QUALIFIER_EQUALS_COPYRIGHT_TAG.,VALIDATED,GLOBAL_EXACT_COPYRIGHT_SECOND_REVIEW_V1.csv; second-review=GLOBAL_EXACT_COPYRIGHT_SECOND_REVIEW_V1.csv; key=houseki_no_kuni; candidate_root_hint=houseki_no_kuni; state=PASS,SAFE_TO_MIGRATE
Family,how_to_draw_manga,FAMILY_HOME,how_to_draw_manga,EXACT_COPYRIGHT_REVIEWED,REVIEWED_QUALIFIER_COPYRIGHT,,Second-reviewed Issue #180 exact qualifier review: family key 'how_to_draw_manga' equals the unique in-catalog Copyright root 'how_to_draw_manga'; candidate_authority=EXACT_QUALIFIER_EQUALS_COPYRIGHT_TAG.,VALIDATED,GLOBAL_EXACT_COPYRIGHT_SECOND_REVIEW_V1.csv; second-review=GLOBAL_EXACT_COPYRIGHT_SECOND_REVIEW_V1.csv; key=how_to_draw_manga; candidate_root_hint=how_to_draw_manga; state=PASS,SAFE_TO_MIGRATE
Family,howl_no_ugoku_shiro,FAMILY_HOME,howl_no_ugoku_shiro,EXACT_COPYRIGHT_REVIEWED,REVIEWED_QUALIFIER_COPYRIGHT,,Second-reviewed Issue #180 exact qualifier review: family key 'howl_no_ugoku_shiro' equals the unique in-catalog Copyright root 'howl_no_ugoku_shiro'; candidate_authority=EXACT_QUALIFIER_EQUALS_COPYRIGHT_TAG.,VALIDATED,GLOBAL_EXACT_COPYRIGHT_SECOND_REVIEW_V1.csv; second-review=GLOBAL_EXACT_COPYRIGHT_SECOND_REVIEW_V1.csv; key=howl_no_ugoku_shiro; candidate_root_hint=howl_no_ugoku_shiro; state=PASS,SAFE_TO_MIGRATE
Family,hunter_x_hunter,FAMILY_HOME,hunter_x_hunter,EXACT_COPYRIGHT_REVIEWED,REVIEWED_QUALIFIER_COPYRIGHT,,Second-reviewed Issue #180 exact qualifier review: family key 'hunter_x_hunter' equals the unique in-catalog Copyright root 'hunter_x_hunter'; candidate_authority=EXACT_QUALIFIER_EQUALS_COPYRIGHT_TAG.,VALIDATED,GLOBAL_EXACT_COPYRIGHT_SECOND_REVIEW_V1.csv; second-review=GLOBAL_EXACT_COPYRIGHT_SECOND_REVIEW_V1.csv; key=hunter_x_hunter; candidate_root_hint=hunter_x_hunter; state=PASS,SAFE_TO_MIGRATE
Family,hyakuemu,FAMILY_HOME,hyakuemu,EXACT_COPYRIGHT_REVIEWED,REVIEWED_QUALIFIER_COPYRIGHT,,Second-reviewed Issue #180 exact qualifier review: family key 'hyakuemu' equals the unique in-catalog Copyright root 'hyakuemu'; candidate_authority=EXACT_QUALIFIER_EQUALS_COPYRIGHT_TAG.,VALIDATED,GLOBAL_EXACT_COPYRIGHT_SECOND_REVIEW_V1.csv; second-review=GLOBAL_EXACT_COPYRIGHT_SECOND_REVIEW_V1.csv; key=hyakuemu; candidate_root_hint=hyakuemu; state=PASS,SAFE_TO_MIGRATE
Family,hyrule_warriors,FAMILY_HOME,hyrule_warriors,EXACT_COPYRIGHT_REVIEWED,REVIEWED_QUALIFIER_COPYRIGHT,,Second-reviewed Issue #180 exact qualifier review: family key 'hyrule_warriors' equals the unique in-catalog Copyright root 'hyrule_warriors'; candidate_authority=EXACT_QUALIFIER_EQUALS_COPYRIGHT_TAG.,VALIDATED,GLOBAL_EXACT_COPYRIGHT_SECOND_REVIEW_V1.csv; second-review=GLOBAL_EXACT_COPYRIGHT_SECOND_REVIEW_V1.csv; key=hyrule_warriors; candidate_root_hint=hyrule_warriors; state=PASS,SAFE_TO_MIGRATE
Family,i_can_friday_by_day!,FAMILY_HOME,i_can_friday_by_day!,EXACT_COPYRIGHT_REVIEWED,REVIEWED_QUALIFIER_COPYRIGHT,,Second-reviewed Issue #180 exact qualifier review: family key 'i_can_friday_by_day!' equals the unique in-catalog Copyright root 'i_can_friday_by_day!'; candidate_authority=EXACT_QUALIFIER_EQUALS_COPYRIGHT_TAG.,VALIDATED,GLOBAL_EXACT_COPYRIGHT_SECOND_REVIEW_V1.csv; second-review=GLOBAL_EXACT_COPYRIGHT_SECOND_REVIEW_V1.csv; key=i_can_friday_by_day!; candidate_root_hint=i_can_friday_by_day!; state=PASS,SAFE_TO_MIGRATE
Family,ice_climber,FAMILY_HOME,ice_climber,EXACT_COPYRIGHT_REVIEWED,REVIEWED_QUALIFIER_COPYRIGHT,,Second-reviewed Issue #180 exact qualifier review: family key 'ice_climber' equals the unique in-catalog Copyright root 'ice_climber'; candidate_authority=EXACT_QUALIFIER_EQUALS_COPYRIGHT_TAG.,VALIDATED,GLOBAL_EXACT_COPYRIGHT_SECOND_REVIEW_V1.csv; second-review=GLOBAL_EXACT_COPYRIGHT_SECOND_REVIEW_V1.csv; key=ice_climber; candidate_root_hint=ice_climber; state=PASS,SAFE_TO_MIGRATE
Family,icetea,FAMILY_HOME,icetea,EXACT_COPYRIGHT_REVIEWED,REVIEWED_QUALIFIER_COPYRIGHT,,Second-reviewed Issue #180 exact qualifier review: family key 'icetea' equals the unique in-catalog Copyright root 'icetea'; candidate_authority=EXACT_QUALIFIER_EQUALS_COPYRIGHT_TAG.,VALIDATED,GLOBAL_EXACT_COPYRIGHT_SECOND_REVIEW_V1.csv; second-review=GLOBAL_EXACT_COPYRIGHT_SECOND_REVIEW_V1.csv; key=icetea; candidate_root_hint=icetea; state=PASS,SAFE_TO_MIGRATE
Family,ichigo_mashimaro,FAMILY_HOME,ichigo_mashimaro,EXACT_COPYRIGHT_REVIEWED,REVIEWED_QUALIFIER_COPYRIGHT,,Second-reviewed Issue #180 exact qualifier review: family key 'ichigo_mashimaro' equals the unique in-catalog Copyright root 'ichigo_mashimaro'; candidate_authority=EXACT_QUALIFIER_EQUALS_COPYRIGHT_TAG.,VALIDATED,GLOBAL_EXACT_COPYRIGHT_SECOND_REVIEW_V1.csv; second-review=GLOBAL_EXACT_COPYRIGHT_SECOND_REVIEW_V1.csv; key=ichigo_mashimaro; candidate_root_hint=ichigo_mashimaro; state=PASS,SAFE_TO_MIGRATE
Family,ico,FAMILY_HOME,ico,EXACT_COPYRIGHT_REVIEWED,REVIEWED_QUALIFIER_COPYRIGHT,,Second-reviewed Issue #180 exact qualifier review: family key 'ico' equals the unique in-catalog Copyright root 'ico'; candidate_authority=EXACT_QUALIFIER_EQUALS_COPYRIGHT_TAG.,VALIDATED,GLOBAL_EXACT_COPYRIGHT_SECOND_REVIEW_V1.csv; second-review=GLOBAL_EXACT_COPYRIGHT_SECOND_REVIEW_V1.csv; key=ico; candidate_root_hint=ico; state=PASS,SAFE_TO_MIGRATE
Family,identity_v,FAMILY_HOME,identity_v,EXACT_COPYRIGHT_REVIEWED,REVIEWED_QUALIFIER_COPYRIGHT,,Second-reviewed Issue #180 exact qualifier review: family key 'identity_v' equals the unique in-catalog Copyright root 'identity_v'; candidate_authority=EXACT_QUALIFIER_EQUALS_COPYRIGHT_TAG.,VALIDATED,GLOBAL_EXACT_COPYRIGHT_SECOND_REVIEW_V1.csv; second-review=GLOBAL_EXACT_COPYRIGHT_SECOND_REVIEW_V1.csv; key=identity_v; candidate_root_hint=identity_v; state=PASS,SAFE_TO_MIGRATE
Family,idol_wars,FAMILY_HOME,idol_wars,EXACT_COPYRIGHT_REVIEWED,REVIEWED_QUALIFIER_COPYRIGHT,,Second-reviewed Issue #180 exact qualifier review: family key 'idol_wars' equals the unique in-catalog Copyright root 'idol_wars'; candidate_authority=EXACT_QUALIFIER_EQUALS_COPYRIGHT_TAG.,VALIDATED,GLOBAL_EXACT_COPYRIGHT_SECOND_REVIEW_V1.csv; second-review=GLOBAL_EXACT_COPYRIGHT_SECOND_REVIEW_V1.csv; key=idol_wars; candidate_root_hint=idol_wars; state=PASS,SAFE_TO_MIGRATE
Family,idolish7,FAMILY_HOME,idolish7,EXACT_COPYRIGHT_REVIEWED,REVIEWED_QUALIFIER_COPYRIGHT,,Second-reviewed Issue #180 exact qualifier review: family key 'idolish7' equals the unique in-catalog Copyright root 'idolish7'; candidate_authority=EXACT_QUALIFIER_EQUALS_COPYRIGHT_TAG.,VALIDATED,GLOBAL_EXACT_COPYRIGHT_SECOND_REVIEW_V1.csv; second-review=GLOBAL_EXACT_COPYRIGHT_SECOND_REVIEW_V1.csv; key=idolish7; candidate_root_hint=idolish7; state=PASS,SAFE_TO_MIGRATE
Family,idolmaster_cinderella_girls,FAMILY_HOME,idolmaster_cinderella_girls,EXACT_COPYRIGHT_REVIEWED,REVIEWED_QUALIFIER_COPYRIGHT,,Second-reviewed Issue #180 exact qualifier review: family key 'idolmaster_cinderella_girls' equals the unique in-catalog Copyright root 'idolmaster_cinderella_girls'; candidate_authority=EXACT_QUALIFIER_EQUALS_COPYRIGHT_TAG.,VALIDATED,GLOBAL_EXACT_COPYRIGHT_SECOND_REVIEW_V1.csv; second-review=GLOBAL_EXACT_COPYRIGHT_SECOND_REVIEW_V1.csv; key=idolmaster_cinderella_girls; candidate_root_hint=idolmaster_cinderella_girls; state=PASS,SAFE_TO_MIGRATE
Family,idolmaster_cinderella_girls_u149,FAMILY_HOME,idolmaster_cinderella_girls_u149,EXACT_COPYRIGHT_REVIEWED,REVIEWED_QUALIFIER_COPYRIGHT,,Second-reviewed Issue #180 exact qualifier review: family key 'idolmaster_cinderella_girls_u149' equals the unique in-catalog Copyright root 'idolmaster_cinderella_girls_u149'; candidate_authority=EXACT_QUALIFIER_EQUALS_COPYRIGHT_TAG.,VALIDATED,GLOBAL_EXACT_COPYRIGHT_SECOND_REVIEW_V1.csv; second-review=GLOBAL_EXACT_COPYRIGHT_SECOND_REVIEW_V1.csv; key=idolmaster_cinderella_girls_u149; candidate_root_hint=idolmaster_cinderella_girls_u149; state=PASS,SAFE_TO_MIGRATE
Family,idolmaster_xenoglossia,FAMILY_HOME,idolmaster_xenoglossia,EXACT_COPYRIGHT_REVIEWED,REVIEWED_QUALIFIER_COPYRIGHT,,Second-reviewed Issue #180 exact qualifier review: family key 'idolmaster_xenoglossia' equals the unique in-catalog Copyright root 'idolmaster_xenoglossia'; candidate_authority=EXACT_QUALIFIER_EQUALS_COPYRIGHT_TAG.,VALIDATED,GLOBAL_EXACT_COPYRIGHT_SECOND_REVIEW_V1.csv; second-review=GLOBAL_EXACT_COPYRIGHT_SECOND_REVIEW_V1.csv; key=idolmaster_xenoglossia; candidate_root_hint=idolmaster_xenoglossia; state=PASS,SAFE_TO_MIGRATE
Family,idoly_pride,FAMILY_HOME,idoly_pride,EXACT_COPYRIGHT_REVIEWED,REVIEWED_QUALIFIER_COPYRIGHT,,Second-reviewed Issue #180 exact qualifier review: family key 'idoly_pride' equals the unique in-catalog Copyright root 'idoly_pride'; candidate_authority=EXACT_QUALIFIER_EQUALS_COPYRIGHT_TAG.,VALIDATED,GLOBAL_EXACT_COPYRIGHT_SECOND_REVIEW_V1.csv; second-review=GLOBAL_EXACT_COPYRIGHT_SECOND_REVIEW_V1.csv; key=idoly_pride; candidate_root_hint=idoly_pride; state=PASS,SAFE_TO_MIGRATE
Family,ii_orc_no_hi,FAMILY_HOME,ii_orc_no_hi,EXACT_COPYRIGHT_REVIEWED,REVIEWED_QUALIFIER_COPYRIGHT,,Second-reviewed Issue #180 exact qualifier review: family key 'ii_orc_no_hi' equals the unique in-catalog Copyright root 'ii_orc_no_hi'; candidate_authority=EXACT_QUALIFIER_EQUALS_COPYRIGHT_TAG.,VALIDATED,GLOBAL_EXACT_COPYRIGHT_SECOND_REVIEW_V1.csv; second-review=GLOBAL_EXACT_COPYRIGHT_SECOND_REVIEW_V1.csv; key=ii_orc_no_hi; candidate_root_hint=ii_orc_no_hi; state=PASS,SAFE_TO_MIGRATE
Family,ikkitousen,FAMILY_HOME,ikkitousen,EXACT_COPYRIGHT_REVIEWED,REVIEWED_QUALIFIER_COPYRIGHT,,Second-reviewed Issue #180 exact qualifier review: family key 'ikkitousen' equals the unique in-catalog Copyright root 'ikkitousen'; candidate_authority=EXACT_QUALIFIER_EQUALS_COPYRIGHT_TAG.,VALIDATED,GLOBAL_EXACT_COPYRIGHT_SECOND_REVIEW_V1.csv; second-review=GLOBAL_EXACT_COPYRIGHT_SECOND_REVIEW_V1.csv; key=ikkitousen; candidate_root_hint=ikkitousen; state=PASS,SAFE_TO_MIGRATE
Family,ikoku_meiro_no_croisee,FAMILY_HOME,ikoku_meiro_no_croisee,EXACT_COPYRIGHT_REVIEWED,REVIEWED_QUALIFIER_COPYRIGHT,,Second-reviewed Issue #180 exact qualifier review: family key 'ikoku_meiro_no_croisee' equals the unique in-catalog Copyright root 'ikoku_meiro_no_croisee'; candidate_authority=EXACT_QUALIFIER_EQUALS_COPYRIGHT_TAG.,VALIDATED,GLOBAL_EXACT_COPYRIGHT_SECOND_REVIEW_V1.csv; second-review=GLOBAL_EXACT_COPYRIGHT_SECOND_REVIEW_V1.csv; key=ikoku_meiro_no_croisee; candidate_root_hint=ikoku_meiro_no_croisee; state=PASS,SAFE_TO_MIGRATE
Family,inazuma_eleven,FAMILY_HOME,inazuma_eleven,EXACT_COPYRIGHT_REVIEWED,REVIEWED_QUALIFIER_COPYRIGHT,,Second-reviewed Issue #180 exact qualifier review: family key 'inazuma_eleven' equals the unique in-catalog Copyright root 'inazuma_eleven'; candidate_authority=EXACT_QUALIFIER_EQUALS_COPYRIGHT_TAG.,VALIDATED,GLOBAL_EXACT_COPYRIGHT_SECOND_REVIEW_V1.csv; second-review=GLOBAL_EXACT_COPYRIGHT_SECOND_REVIEW_V1.csv; key=inazuma_eleven; candidate_root_hint=inazuma_eleven; state=PASS,SAFE_TO_MIGRATE
Family,indivisible,FAMILY_HOME,indivisible,EXACT_COPYRIGHT_REVIEWED,REVIEWED_QUALIFIER_COPYRIGHT,,Second-reviewed Issue #180 exact qualifier review: family key 'indivisible' equals the unique in-catalog Copyright root 'indivisible'; candidate_authority=EXACT_QUALIFIER_EQUALS_COPYRIGHT_TAG.,VALIDATED,GLOBAL_EXACT_COPYRIGHT_SECOND_REVIEW_V1.csv; second-review=GLOBAL_EXACT_COPYRIGHT_SECOND_REVIEW_V1.csv; key=indivisible; candidate_root_hint=indivisible; state=PASS,SAFE_TO_MIGRATE
Family,infinite_stratos,FAMILY_HOME,infinite_stratos,EXACT_COPYRIGHT_REVIEWED,REVIEWED_QUALIFIER_COPYRIGHT,,Second-reviewed Issue #180 exact qualifier review: family key 'infinite_stratos' equals the unique in-catalog Copyright root 'infinite_stratos'; candidate_authority=EXACT_QUALIFIER_EQUALS_COPYRIGHT_TAG.,VALIDATED,GLOBAL_EXACT_COPYRIGHT_SECOND_REVIEW_V1.csv; second-review=GLOBAL_EXACT_COPYRIGHT_SECOND_REVIEW_V1.csv; key=infinite_stratos; candidate_root_hint=infinite_stratos; state=PASS,SAFE_TO_MIGRATE
Family,infinity_nikki,FAMILY_HOME,infinity_nikki,FIRST_PARTY_REVIEWED,EXTERNAL_AUTHORITY,https://infinitynikki.infoldgames.com/,Official Infinity Nikki site identifies the title and its character context.,VALIDATED,P1_P3_AUTHORITY_SECOND_REVIEW_V1.csv; second-review=P1_P3_AUTHORITY_SECOND_REVIEW_V1.csv; key=infinity_nikki; candidate_root=infinity_nikki; state=PASS,SAFE_TO_MIGRATE
Family,inside_out,FAMILY_HOME,inside_out,EXACT_COPYRIGHT_REVIEWED,REVIEWED_QUALIFIER_COPYRIGHT,,Second-reviewed Issue #180 exact qualifier review: family key 'inside_out' equals the unique in-catalog Copyright root 'inside_out'; candidate_authority=EXACT_QUALIFIER_EQUALS_COPYRIGHT_TAG.,VALIDATED,GLOBAL_EXACT_COPYRIGHT_SECOND_REVIEW_V1.csv; second-review=GLOBAL_EXACT_COPYRIGHT_SECOND_REVIEW_V1.csv; key=inside_out; candidate_root_hint=inside_out; state=PASS,SAFE_TO_MIGRATE
Family,inukami,FAMILY_HOME,inukami!,EXACT_COPYRIGHT_REVIEWED,REVIEWED_QUALIFIER_COPYRIGHT,,Second-reviewed Issue #180 exact qualifier review: family key 'inukami' equals the unique in-catalog Copyright root 'inukami!'; candidate_authority=EXACT_QUALIFIER_EQUALS_COPYRIGHT_TAG.,VALIDATED,GLOBAL_EXACT_COPYRIGHT_SECOND_REVIEW_V1.csv; second-review=GLOBAL_EXACT_COPYRIGHT_SECOND_REVIEW_V1.csv; key=inukami; candidate_root_hint=inukami!; state=PASS,SAFE_TO_MIGRATE
Family,inuyasha,FAMILY_HOME,inuyasha,EXACT_COPYRIGHT_REVIEWED,REVIEWED_QUALIFIER_COPYRIGHT,,Second-reviewed Issue #180 exact qualifier review: family key 'inuyasha' equals the unique in-catalog Copyright root 'inuyasha'; candidate_authority=EXACT_QUALIFIER_EQUALS_COPYRIGHT_TAG.,VALIDATED,GLOBAL_EXACT_COPYRIGHT_SECOND_REVIEW_V1.csv; second-review=GLOBAL_EXACT_COPYRIGHT_SECOND_REVIEW_V1.csv; key=inuyasha; candidate_root_hint=inuyasha; state=PASS,SAFE_TO_MIGRATE
Family,invader_zim,FAMILY_HOME,invader_zim,EXACT_COPYRIGHT_REVIEWED,REVIEWED_QUALIFIER_COPYRIGHT,,Second-reviewed Issue #180 exact qualifier review: family key 'invader_zim' equals the unique in-catalog Copyright root 'invader_zim'; candidate_authority=EXACT_QUALIFIER_EQUALS_COPYRIGHT_TAG.,VALIDATED,GLOBAL_EXACT_COPYRIGHT_SECOND_REVIEW_V1.csv; second-review=GLOBAL_EXACT_COPYRIGHT_SECOND_REVIEW_V1.csv; key=invader_zim; candidate_root_hint=invader_zim; state=PASS,SAFE_TO_MIGRATE
Family,iriam,FAMILY_HOME,iriam,EXACT_COPYRIGHT_REVIEWED,REVIEWED_QUALIFIER_COPYRIGHT,,Second-reviewed Issue #180 exact qualifier review: family key 'iriam' equals the unique in-catalog Copyright root 'iriam'; candidate_authority=EXACT_QUALIFIER_EQUALS_COPYRIGHT_TAG.,VALIDATED,GLOBAL_EXACT_COPYRIGHT_SECOND_REVIEW_V1.csv; second-review=GLOBAL_EXACT_COPYRIGHT_SECOND_REVIEW_V1.csv; key=iriam; candidate_root_hint=iriam; state=PASS,SAFE_TO_MIGRATE
Family,iron_saga,FAMILY_HOME,iron_saga,EXACT_COPYRIGHT_REVIEWED,REVIEWED_QUALIFIER_COPYRIGHT,,Second-reviewed Issue #180 exact qualifier review: family key 'iron_saga' equals the unique in-catalog Copyright root 'iron_saga'; candidate_authority=EXACT_QUALIFIER_EQUALS_COPYRIGHT_TAG.,VALIDATED,GLOBAL_EXACT_COPYRIGHT_SECOND_REVIEW_V1.csv; second-review=GLOBAL_EXACT_COPYRIGHT_SECOND_REVIEW_V1.csv; key=iron_saga; candidate_root_hint=iron_saga; state=PASS,SAFE_TO_MIGRATE
Family,isekai_meikyuu_de_harem_wo,FAMILY_HOME,isekai_meikyuu_de_harem_wo,EXACT_COPYRIGHT_REVIEWED,REVIEWED_QUALIFIER_COPYRIGHT,,Second-reviewed Issue #180 exact qualifier review: family key 'isekai_meikyuu_de_harem_wo' equals the unique in-catalog Copyright root 'isekai_meikyuu_de_harem_wo'; candidate_authority=EXACT_QUALIFIER_EQUALS_COPYRIGHT_TAG.,VALIDATED,GLOBAL_EXACT_COPYRIGHT_SECOND_REVIEW_V1.csv; second-review=GLOBAL_EXACT_COPYRIGHT_SECOND_REVIEW_V1.csv; key=isekai_meikyuu_de_harem_wo; candidate_root_hint=isekai_meikyuu_de_harem_wo; state=PASS,SAFE_TO_MIGRATE
Family,isekai_ojisan,FAMILY_HOME,isekai_ojisan,EXACT_COPYRIGHT_REVIEWED,REVIEWED_QUALIFIER_COPYRIGHT,,Second-reviewed Issue #180 exact qualifier review: family key 'isekai_ojisan' equals the unique in-catalog Copyright root 'isekai_ojisan'; candidate_authority=EXACT_QUALIFIER_EQUALS_COPYRIGHT_TAG.,VALIDATED,GLOBAL_EXACT_COPYRIGHT_SECOND_REVIEW_V1.csv; second-review=GLOBAL_EXACT_COPYRIGHT_SECOND_REVIEW_V1.csv; key=isekai_ojisan; candidate_root_hint=isekai_ojisan; state=PASS,SAFE_TO_MIGRATE
Family,ishida_to_asakura,FAMILY_HOME,ishida_to_asakura,EXACT_COPYRIGHT_REVIEWED,REVIEWED_QUALIFIER_COPYRIGHT,,Second-reviewed Issue #180 exact qualifier review: family key 'ishida_to_asakura' equals the unique in-catalog Copyright root 'ishida_to_asakura'; candidate_authority=EXACT_QUALIFIER_EQUALS_COPYRIGHT_TAG.,VALIDATED,GLOBAL_EXACT_COPYRIGHT_SECOND_REVIEW_V1.csv; second-review=GLOBAL_EXACT_COPYRIGHT_SECOND_REVIEW_V1.csv; key=ishida_to_asakura; candidate_root_hint=ishida_to_asakura; state=PASS,SAFE_TO_MIGRATE
Family,ishuzoku_reviewers,FAMILY_HOME,ishuzoku_reviewers,EXACT_COPYRIGHT_REVIEWED,REVIEWED_QUALIFIER_COPYRIGHT,,Second-reviewed Issue #180 exact qualifier review: family key 'ishuzoku_reviewers' equals the unique in-catalog Copyright root 'ishuzoku_reviewers'; candidate_authority=EXACT_QUALIFIER_EQUALS_COPYRIGHT_TAG.,VALIDATED,GLOBAL_EXACT_COPYRIGHT_SECOND_REVIEW_V1.csv; second-review=GLOBAL_EXACT_COPYRIGHT_SECOND_REVIEW_V1.csv; key=ishuzoku_reviewers; candidate_root_hint=ishuzoku_reviewers; state=PASS,SAFE_TO_MIGRATE
Family,issho_ni_training,FAMILY_HOME,issho_ni_training,EXACT_COPYRIGHT_REVIEWED,REVIEWED_QUALIFIER_COPYRIGHT,,Second-reviewed Issue #180 exact qualifier review: family key 'issho_ni_training' equals the unique in-catalog Copyright root 'issho_ni_training'; candidate_authority=EXACT_QUALIFIER_EQUALS_COPYRIGHT_TAG.,VALIDATED,GLOBAL_EXACT_COPYRIGHT_SECOND_REVIEW_V1.csv; second-review=GLOBAL_EXACT_COPYRIGHT_SECOND_REVIEW_V1.csv; key=issho_ni_training; candidate_root_hint=issho_ni_training; state=PASS,SAFE_TO_MIGRATE
Family,jain_no_ikenie,FAMILY_HOME,jain_no_ikenie,EXACT_COPYRIGHT_REVIEWED,REVIEWED_QUALIFIER_COPYRIGHT,,Second-reviewed Issue #180 exact qualifier review: family key 'jain_no_ikenie' equals the unique in-catalog Copyright root 'jain_no_ikenie'; candidate_authority=EXACT_QUALIFIER_EQUALS_COPYRIGHT_TAG.,VALIDATED,GLOBAL_EXACT_COPYRIGHT_SECOND_REVIEW_V1.csv; second-review=GLOBAL_EXACT_COPYRIGHT_SECOND_REVIEW_V1.csv; key=jain_no_ikenie; candidate_root_hint=jain_no_ikenie; state=PASS,SAFE_TO_MIGRATE
Family,jashin-chan_dropkick,FAMILY_HOME,jashin-chan_dropkick,EXACT_COPYRIGHT_REVIEWED,REVIEWED_QUALIFIER_COPYRIGHT,,Second-reviewed Issue #180 exact qualifier review: family key 'jashin-chan_dropkick' equals the unique in-catalog Copyright root 'jashin-chan_dropkick'; candidate_authority=EXACT_QUALIFIER_EQUALS_COPYRIGHT_TAG.,VALIDATED,GLOBAL_EXACT_COPYRIGHT_SECOND_REVIEW_V1.csv; second-review=GLOBAL_EXACT_COPYRIGHT_SECOND_REVIEW_V1.csv; key=jashin-chan_dropkick; candidate_root_hint=jashin-chan_dropkick; state=PASS,SAFE_TO_MIGRATE
Family,jewelpet_twinkle,FAMILY_HOME,jewelpet_twinkle,EXACT_COPYRIGHT_REVIEWED,REVIEWED_QUALIFIER_COPYRIGHT,,Second-reviewed Issue #180 exact qualifier review: family key 'jewelpet_twinkle' equals the unique in-catalog Copyright root 'jewelpet_twinkle'; candidate_authority=EXACT_QUALIFIER_EQUALS_COPYRIGHT_TAG.,VALIDATED,GLOBAL_EXACT_COPYRIGHT_SECOND_REVIEW_V1.csv; second-review=GLOBAL_EXACT_COPYRIGHT_SECOND_REVIEW_V1.csv; key=jewelpet_twinkle; candidate_root_hint=jewelpet_twinkle; state=PASS,SAFE_TO_MIGRATE
Family,jibaku_shounen_hanako-kun,FAMILY_HOME,jibaku_shounen_hanako-kun,EXACT_COPYRIGHT_REVIEWED,REVIEWED_QUALIFIER_COPYRIGHT,,Second-reviewed Issue #180 exact qualifier review: family key 'jibaku_shounen_hanako-kun' equals the unique in-catalog Copyright root 'jibaku_shounen_hanako-kun'; candidate_authority=EXACT_QUALIFIER_EQUALS_COPYRIGHT_TAG.,VALIDATED,GLOBAL_EXACT_COPYRIGHT_SECOND_REVIEW_V1.csv; second-review=GLOBAL_EXACT_COPYRIGHT_SECOND_REVIEW_V1.csv; key=jibaku_shounen_hanako-kun; candidate_root_hint=jibaku_shounen_hanako-kun; state=PASS,SAFE_TO_MIGRATE
Family,jigoku_sensei_nube,FAMILY_HOME,jigoku_sensei_nube,EXACT_COPYRIGHT_REVIEWED,REVIEWED_QUALIFIER_COPYRIGHT,,Second-reviewed Issue #180 exact qualifier review: family key 'jigoku_sensei_nube' equals the unique in-catalog Copyright root 'jigoku_sensei_nube'; candidate_authority=EXACT_QUALIFIER_EQUALS_COPYRIGHT_TAG.,VALIDATED,GLOBAL_EXACT_COPYRIGHT_SECOND_REVIEW_V1.csv; second-review=GLOBAL_EXACT_COPYRIGHT_SECOND_REVIEW_V1.csv; key=jigoku_sensei_nube; candidate_root_hint=jigoku_sensei_nube; state=PASS,SAFE_TO_MIGRATE
Family,jigokuraku,FAMILY_HOME,jigokuraku,EXACT_COPYRIGHT_REVIEWED,REVIEWED_QUALIFIER_COPYRIGHT,,Second-reviewed Issue #180 exact qualifier review: family key 'jigokuraku' equals the unique in-catalog Copyright root 'jigokuraku'; candidate_authority=EXACT_QUALIFIER_EQUALS_COPYRIGHT_TAG.,VALIDATED,GLOBAL_EXACT_COPYRIGHT_SECOND_REVIEW_V1.csv; second-review=GLOBAL_EXACT_COPYRIGHT_SECOND_REVIEW_V1.csv; key=jigokuraku; candidate_root_hint=jigokuraku; state=PASS,SAFE_TO_MIGRATE
Family,jingai_makyou,FAMILY_HOME,jingai_makyou,EXACT_COPYRIGHT_REVIEWED,REVIEWED_QUALIFIER_COPYRIGHT,,Second-reviewed Issue #180 exact qualifier review: family key 'jingai_makyou' equals the unique in-catalog Copyright root 'jingai_makyou'; candidate_authority=EXACT_QUALIFIER_EQUALS_COPYRIGHT_TAG.,VALIDATED,GLOBAL_EXACT_COPYRIGHT_SECOND_REVIEW_V1.csv; second-review=GLOBAL_EXACT_COPYRIGHT_SECOND_REVIEW_V1.csv; key=jingai_makyou; candidate_root_hint=jingai_makyou; state=PASS,SAFE_TO_MIGRATE
Family,jishenkong_jihua,FAMILY_HOME,jishenkong_jihua,EXACT_COPYRIGHT_REVIEWED,REVIEWED_QUALIFIER_COPYRIGHT,,Second-reviewed Issue #180 exact qualifier review: family key 'jishenkong_jihua' equals the unique in-catalog Copyright root 'jishenkong_jihua'; candidate_authority=EXACT_QUALIFIER_EQUALS_COPYRIGHT_TAG.,VALIDATED,GLOBAL_EXACT_COPYRIGHT_SECOND_REVIEW_V1.csv; second-review=GLOBAL_EXACT_COPYRIGHT_SECOND_REVIEW_V1.csv; key=jishenkong_jihua; candidate_root_hint=jishenkong_jihua; state=PASS,SAFE_TO_MIGRATE
Family,jissai_no_tokoro,FAMILY_HOME,jissai_no_tokoro,EXACT_COPYRIGHT_REVIEWED,REVIEWED_QUALIFIER_COPYRIGHT,,Second-reviewed Issue #180 exact qualifier review: family key 'jissai_no_tokoro' equals the unique in-catalog Copyright root 'jissai_no_tokoro'; candidate_authority=EXACT_QUALIFIER_EQUALS_COPYRIGHT_TAG.,VALIDATED,GLOBAL_EXACT_COPYRIGHT_SECOND_REVIEW_V1.csv; second-review=GLOBAL_EXACT_COPYRIGHT_SECOND_REVIEW_V1.csv; key=jissai_no_tokoro; candidate_root_hint=jissai_no_tokoro; state=PASS,SAFE_TO_MIGRATE
Family,joker_game,FAMILY_HOME,joker_game,EXACT_COPYRIGHT_REVIEWED,REVIEWED_QUALIFIER_COPYRIGHT,,Second-reviewed Issue #180 exact qualifier review: family key 'joker_game' equals the unique in-catalog Copyright root 'joker_game'; candidate_authority=EXACT_QUALIFIER_EQUALS_COPYRIGHT_TAG.,VALIDATED,GLOBAL_EXACT_COPYRIGHT_SECOND_REVIEW_V1.csv; second-review=GLOBAL_EXACT_COPYRIGHT_SECOND_REVIEW_V1.csv; key=joker_game; candidate_root_hint=joker_game; state=PASS,SAFE_TO_MIGRATE
Family,joshi_kousei_rich_thots,FAMILY_HOME,joshi_kousei_rich_thots,EXACT_COPYRIGHT_REVIEWED,REVIEWED_QUALIFIER_COPYRIGHT,,Second-reviewed Issue #180 exact qualifier review: family key 'joshi_kousei_rich_thots' equals the unique in-catalog Copyright root 'joshi_kousei_rich_thots'; candidate_authority=EXACT_QUALIFIER_EQUALS_COPYRIGHT_TAG.,VALIDATED,GLOBAL_EXACT_COPYRIGHT_SECOND_REVIEW_V1.csv; second-review=GLOBAL_EXACT_COPYRIGHT_SECOND_REVIEW_V1.csv; key=joshi_kousei_rich_thots; candidate_root_hint=joshi_kousei_rich_thots; state=PASS,SAFE_TO_MIGRATE
Family,journey,FAMILY_HOME,journey,EXACT_COPYRIGHT_REVIEWED,REVIEWED_QUALIFIER_COPYRIGHT,,Second-reviewed Issue #180 exact qualifier review: family key 'journey' equals the unique in-catalog Copyright root 'journey'; candidate_authority=EXACT_QUALIFIER_EQUALS_COPYRIGHT_TAG.,VALIDATED,GLOBAL_EXACT_COPYRIGHT_SECOND_REVIEW_V1.csv; second-review=GLOBAL_EXACT_COPYRIGHT_SECOND_REVIEW_V1.csv; key=journey; candidate_root_hint=journey; state=PASS,SAFE_TO_MIGRATE
Family,journey_to_the_west,FAMILY_HOME,journey_to_the_west,EXACT_COPYRIGHT_REVIEWED,REVIEWED_QUALIFIER_COPYRIGHT,,Second-reviewed Issue #180 exact qualifier review: family key 'journey_to_the_west' equals the unique in-catalog Copyright root 'journey_to_the_west'; candidate_authority=EXACT_QUALIFIER_EQUALS_COPYRIGHT_TAG.,VALIDATED,GLOBAL_EXACT_COPYRIGHT_SECOND_REVIEW_V1.csv; second-review=GLOBAL_EXACT_COPYRIGHT_SECOND_REVIEW_V1.csv; key=journey_to_the_west; candidate_root_hint=journey_to_the_west; state=PASS,SAFE_TO_MIGRATE
Family,jubilee_2025,FAMILY_HOME,jubilee_2025,EXACT_COPYRIGHT_REVIEWED,REVIEWED_QUALIFIER_COPYRIGHT,,Second-reviewed Issue #180 exact qualifier review: family key 'jubilee_2025' equals the unique in-catalog Copyright root 'jubilee_2025'; candidate_authority=EXACT_QUALIFIER_EQUALS_COPYRIGHT_TAG.,VALIDATED,GLOBAL_EXACT_COPYRIGHT_SECOND_REVIEW_V1.csv; second-review=GLOBAL_EXACT_COPYRIGHT_SECOND_REVIEW_V1.csv; key=jubilee_2025; candidate_root_hint=jubilee_2025; state=PASS,SAFE_TO_MIGRATE
Family,jujutsu_kaisen,FAMILY_HOME,jujutsu_kaisen,EXACT_COPYRIGHT_REVIEWED,REVIEWED_QUALIFIER_COPYRIGHT,,Second-reviewed Issue #180 exact qualifier review: family key 'jujutsu_kaisen' equals the unique in-catalog Copyright root 'jujutsu_kaisen'; candidate_authority=EXACT_QUALIFIER_EQUALS_COPYRIGHT_TAG.,VALIDATED,GLOBAL_EXACT_COPYRIGHT_SECOND_REVIEW_V1.csv; second-review=GLOBAL_EXACT_COPYRIGHT_SECOND_REVIEW_V1.csv; key=jujutsu_kaisen; candidate_root_hint=jujutsu_kaisen; state=PASS,SAFE_TO_MIGRATE
Family,jungle_de_ikou,FAMILY_HOME,jungle_de_ikou,EXACT_COPYRIGHT_REVIEWED,REVIEWED_QUALIFIER_COPYRIGHT,,Second-reviewed Issue #180 exact qualifier review: family key 'jungle_de_ikou' equals the unique in-catalog Copyright root 'jungle_de_ikou'; candidate_authority=EXACT_QUALIFIER_EQUALS_COPYRIGHT_TAG.,VALIDATED,GLOBAL_EXACT_COPYRIGHT_SECOND_REVIEW_V1.csv; second-review=GLOBAL_EXACT_COPYRIGHT_SECOND_REVIEW_V1.csv; key=jungle_de_ikou; candidate_root_hint=jungle_de_ikou; state=PASS,SAFE_TO_MIGRATE
Family,junketsu_no_maria,FAMILY_HOME,junketsu_no_maria,EXACT_COPYRIGHT_REVIEWED,REVIEWED_QUALIFIER_COPYRIGHT,,Second-reviewed Issue #180 exact qualifier review: family key 'junketsu_no_maria' equals the unique in-catalog Copyright root 'junketsu_no_maria'; candidate_authority=EXACT_QUALIFIER_EQUALS_COPYRIGHT_TAG.,VALIDATED,GLOBAL_EXACT_COPYRIGHT_SECOND_REVIEW_V1.csv; second-review=GLOBAL_EXACT_COPYRIGHT_SECOND_REVIEW_V1.csv; key=junketsu_no_maria; candidate_root_hint=junketsu_no_maria; state=PASS,SAFE_TO_MIGRATE
Family,juuni_kokuki,FAMILY_HOME,juuni_kokuki,EXACT_COPYRIGHT_REVIEWED,REVIEWED_QUALIFIER_COPYRIGHT,,Second-reviewed Issue #180 exact qualifier review: family key 'juuni_kokuki' equals the unique in-catalog Copyright root 'juuni_kokuki'; candidate_authority=EXACT_QUALIFIER_EQUALS_COPYRIGHT_TAG.,VALIDATED,GLOBAL_EXACT_COPYRIGHT_SECOND_REVIEW_V1.csv; second-review=GLOBAL_EXACT_COPYRIGHT_SECOND_REVIEW_V1.csv; key=juuni_kokuki; candidate_root_hint=juuni_kokuki; state=PASS,SAFE_TO_MIGRATE
Family,juusan_kihei_bouei_ken,FAMILY_HOME,juusan_kihei_bouei_ken,EXACT_COPYRIGHT_REVIEWED,REVIEWED_QUALIFIER_COPYRIGHT,,Second-reviewed Issue #180 exact qualifier review: family key 'juusan_kihei_bouei_ken' equals the unique in-catalog Copyright root 'juusan_kihei_bouei_ken'; candidate_authority=EXACT_QUALIFIER_EQUALS_COPYRIGHT_TAG.,VALIDATED,GLOBAL_EXACT_COPYRIGHT_SECOND_REVIEW_V1.csv; second-review=GLOBAL_EXACT_COPYRIGHT_SECOND_REVIEW_V1.csv; key=juusan_kihei_bouei_ken; candidate_root_hint=juusan_kihei_bouei_ken; state=PASS,SAFE_TO_MIGRATE
Family,juusha-chan_to_yaya_zannen_na_yuusha_no_hanashi,FAMILY_HOME,juusha-chan_to_yaya_zannen_na_yuusha_no_hanashi,EXACT_COPYRIGHT_REVIEWED,REVIEWED_QUALIFIER_COPYRIGHT,,Second-reviewed Issue #180 exact qualifier review: family key 'juusha-chan_to_yaya_zannen_na_yuusha_no_hanashi' equals the unique in-catalog Copyright root 'juusha-chan_to_yaya_zannen_na_yuusha_no_hanashi'; candidate_authority=EXACT_QUALIFIER_EQUALS_COPYRIGHT_TAG.,VALIDATED,GLOBAL_EXACT_COPYRIGHT_SECOND_REVIEW_V1.csv; second-review=GLOBAL_EXACT_COPYRIGHT_SECOND_REVIEW_V1.csv; key=juusha-chan_to_yaya_zannen_na_yuusha_no_hanashi; candidate_root_hint=juusha-chan_to_yaya_zannen_na_yuusha_no_hanashi; state=PASS,SAFE_TO_MIGRATE
Family,k-project,FAMILY_HOME,k-project,EXACT_COPYRIGHT_REVIEWED,REVIEWED_QUALIFIER_COPYRIGHT,,Second-reviewed Issue #180 exact qualifier review: family key 'k-project' equals the unique in-catalog Copyright root 'k-project'; candidate_authority=EXACT_QUALIFIER_EQUALS_COPYRIGHT_TAG.,VALIDATED,GLOBAL_EXACT_COPYRIGHT_SECOND_REVIEW_V1.csv; second-review=GLOBAL_EXACT_COPYRIGHT_SECOND_REVIEW_V1.csv; key=k-project; candidate_root_hint=k-project; state=PASS,SAFE_TO_MIGRATE
Family,kagaminomachi_no_kaguya,FAMILY_HOME,kagaminomachi_no_kaguya,EXACT_COPYRIGHT_REVIEWED,REVIEWED_QUALIFIER_COPYRIGHT,,Second-reviewed Issue #180 exact qualifier review: family key 'kagaminomachi_no_kaguya' equals the unique in-catalog Copyright root 'kagaminomachi_no_kaguya'; candidate_authority=EXACT_QUALIFIER_EQUALS_COPYRIGHT_TAG.,VALIDATED,GLOBAL_EXACT_COPYRIGHT_SECOND_REVIEW_V1.csv; second-review=GLOBAL_EXACT_COPYRIGHT_SECOND_REVIEW_V1.csv; key=kagaminomachi_no_kaguya; candidate_root_hint=kagaminomachi_no_kaguya; state=PASS,SAFE_TO_MIGRATE
Family,kagerou_project,FAMILY_HOME,kagerou_project,EXACT_COPYRIGHT_REVIEWED,REVIEWED_QUALIFIER_COPYRIGHT,,Second-reviewed Issue #180 exact qualifier review: family key 'kagerou_project' equals the unique in-catalog Copyright root 'kagerou_project'; candidate_authority=EXACT_QUALIFIER_EQUALS_COPYRIGHT_TAG.,VALIDATED,GLOBAL_EXACT_COPYRIGHT_SECOND_REVIEW_V1.csv; second-review=GLOBAL_EXACT_COPYRIGHT_SECOND_REVIEW_V1.csv; key=kagerou_project; candidate_root_hint=kagerou_project; state=PASS,SAFE_TO_MIGRATE
Family,kaibutsu_oujo,FAMILY_HOME,kaibutsu_oujo,EXACT_COPYRIGHT_REVIEWED,REVIEWED_QUALIFIER_COPYRIGHT,,Second-reviewed Issue #180 exact qualifier review: family key 'kaibutsu_oujo' equals the unique in-catalog Copyright root 'kaibutsu_oujo'; candidate_authority=EXACT_QUALIFIER_EQUALS_COPYRIGHT_TAG.,VALIDATED,GLOBAL_EXACT_COPYRIGHT_SECOND_REVIEW_V1.csv; second-review=GLOBAL_EXACT_COPYRIGHT_SECOND_REVIEW_V1.csv; key=kaibutsu_oujo; candidate_root_hint=kaibutsu_oujo; state=PASS,SAFE_TO_MIGRATE
Family,kaikan_change,FAMILY_HOME,kaikan_change,EXACT_COPYRIGHT_REVIEWED,REVIEWED_QUALIFIER_COPYRIGHT,,Second-reviewed Issue #180 exact qualifier review: family key 'kaikan_change' equals the unique in-catalog Copyright root 'kaikan_change'; candidate_authority=EXACT_QUALIFIER_EQUALS_COPYRIGHT_TAG.,VALIDATED,GLOBAL_EXACT_COPYRIGHT_SECOND_REVIEW_V1.csv; second-review=GLOBAL_EXACT_COPYRIGHT_SECOND_REVIEW_V1.csv; key=kaikan_change; candidate_root_hint=kaikan_change; state=PASS,SAFE_TO_MIGRATE
Family,kakkou_no_iinazuke,FAMILY_HOME,kakkou_no_iinazuke,EXACT_COPYRIGHT_REVIEWED,REVIEWED_QUALIFIER_COPYRIGHT,,Second-reviewed Issue #180 exact qualifier review: family key 'kakkou_no_iinazuke' equals the unique in-catalog Copyright root 'kakkou_no_iinazuke'; candidate_authority=EXACT_QUALIFIER_EQUALS_COPYRIGHT_TAG.,VALIDATED,GLOBAL_EXACT_COPYRIGHT_SECOND_REVIEW_V1.csv; second-review=GLOBAL_EXACT_COPYRIGHT_SECOND_REVIEW_V1.csv; key=kakkou_no_iinazuke; candidate_root_hint=kakkou_no_iinazuke; state=PASS,SAFE_TO_MIGRATE
Family,kaku-san-sei_million_arthur,FAMILY_HOME,kaku-san-sei_million_arthur,EXACT_COPYRIGHT_REVIEWED,REVIEWED_QUALIFIER_COPYRIGHT,,Second-reviewed Issue #180 exact qualifier review: family key 'kaku-san-sei_million_arthur' equals the unique in-catalog Copyright root 'kaku-san-sei_million_arthur'; candidate_authority=EXACT_QUALIFIER_EQUALS_COPYRIGHT_TAG.,VALIDATED,GLOBAL_EXACT_COPYRIGHT_SECOND_REVIEW_V1.csv; second-review=GLOBAL_EXACT_COPYRIGHT_SECOND_REVIEW_V1.csv; key=kaku-san-sei_million_arthur; candidate_root_hint=kaku-san-sei_million_arthur; state=PASS,SAFE_TO_MIGRATE
Family,kamen_rider,FAMILY_HOME,kamen_rider,EXACT_COPYRIGHT_REVIEWED,REVIEWED_QUALIFIER_COPYRIGHT,,Second-reviewed Issue #180 exact qualifier review: family key 'kamen_rider' equals the unique in-catalog Copyright root 'kamen_rider'; candidate_authority=EXACT_QUALIFIER_EQUALS_COPYRIGHT_TAG.,VALIDATED,GLOBAL_EXACT_COPYRIGHT_SECOND_REVIEW_V1.csv; second-review=GLOBAL_EXACT_COPYRIGHT_SECOND_REVIEW_V1.csv; key=kamen_rider; candidate_root_hint=kamen_rider; state=PASS,SAFE_TO_MIGRATE
Family,kamisama_hajimemashita,FAMILY_HOME,kamisama_hajimemashita,EXACT_COPYRIGHT_REVIEWED,REVIEWED_QUALIFIER_COPYRIGHT,,Second-reviewed Issue #180 exact qualifier review: family key 'kamisama_hajimemashita' equals the unique in-catalog Copyright root 'kamisama_hajimemashita'; candidate_authority=EXACT_QUALIFIER_EQUALS_COPYRIGHT_TAG.,VALIDATED,GLOBAL_EXACT_COPYRIGHT_SECOND_REVIEW_V1.csv; second-review=GLOBAL_EXACT_COPYRIGHT_SECOND_REVIEW_V1.csv; key=kamisama_hajimemashita; candidate_root_hint=kamisama_hajimemashita; state=PASS,SAFE_TO_MIGRATE
Family,kamisama_ni_natta_hi,FAMILY_HOME,kamisama_ni_natta_hi,EXACT_COPYRIGHT_REVIEWED,REVIEWED_QUALIFIER_COPYRIGHT,,Second-reviewed Issue #180 exact qualifier review: family key 'kamisama_ni_natta_hi' equals the unique in-catalog Copyright root 'kamisama_ni_natta_hi'; candidate_authority=EXACT_QUALIFIER_EQUALS_COPYRIGHT_TAG.,VALIDATED,GLOBAL_EXACT_COPYRIGHT_SECOND_REVIEW_V1.csv; second-review=GLOBAL_EXACT_COPYRIGHT_SECOND_REVIEW_V1.csv; key=kamisama_ni_natta_hi; candidate_root_hint=kamisama_ni_natta_hi; state=PASS,SAFE_TO_MIGRATE
Family,kamitsubaki_studio,FAMILY_HOME,kamitsubaki_studio,EXACT_COPYRIGHT_REVIEWED,REVIEWED_QUALIFIER_COPYRIGHT,,Second-reviewed Issue #180 exact qualifier review: family key 'kamitsubaki_studio' equals the unique in-catalog Copyright root 'kamitsubaki_studio'; candidate_authority=EXACT_QUALIFIER_EQUALS_COPYRIGHT_TAG.,VALIDATED,GLOBAL_EXACT_COPYRIGHT_SECOND_REVIEW_V1.csv; second-review=GLOBAL_EXACT_COPYRIGHT_SECOND_REVIEW_V1.csv; key=kamitsubaki_studio; candidate_root_hint=kamitsubaki_studio; state=PASS,SAFE_TO_MIGRATE
Family,kannagi,FAMILY_HOME,kannagi,EXACT_COPYRIGHT_REVIEWED,REVIEWED_QUALIFIER_COPYRIGHT,,Second-reviewed Issue #180 exact qualifier review: family key 'kannagi' equals the unique in-catalog Copyright root 'kannagi'; candidate_authority=EXACT_QUALIFIER_EQUALS_COPYRIGHT_TAG.,VALIDATED,GLOBAL_EXACT_COPYRIGHT_SECOND_REVIEW_V1.csv; second-review=GLOBAL_EXACT_COPYRIGHT_SECOND_REVIEW_V1.csv; key=kannagi; candidate_root_hint=kannagi; state=PASS,SAFE_TO_MIGRATE
Family,kanojo_mo_kanojo,FAMILY_HOME,kanojo_mo_kanojo,EXACT_COPYRIGHT_REVIEWED,REVIEWED_QUALIFIER_COPYRIGHT,,Second-reviewed Issue #180 exact qualifier review: family key 'kanojo_mo_kanojo' equals the unique in-catalog Copyright root 'kanojo_mo_kanojo'; candidate_authority=EXACT_QUALIFIER_EQUALS_COPYRIGHT_TAG.,VALIDATED,GLOBAL_EXACT_COPYRIGHT_SECOND_REVIEW_V1.csv; second-review=GLOBAL_EXACT_COPYRIGHT_SECOND_REVIEW_V1.csv; key=kanojo_mo_kanojo; candidate_root_hint=kanojo_mo_kanojo; state=PASS,SAFE_TO_MIGRATE
Family,katamari_damacy,FAMILY_HOME,katamari_damacy,EXACT_COPYRIGHT_REVIEWED,REVIEWED_QUALIFIER_COPYRIGHT,,Second-reviewed Issue #180 exact qualifier review: family key 'katamari_damacy' equals the unique in-catalog Copyright root 'katamari_damacy'; candidate_authority=EXACT_QUALIFIER_EQUALS_COPYRIGHT_TAG.,VALIDATED,GLOBAL_EXACT_COPYRIGHT_SECOND_REVIEW_V1.csv; second-review=GLOBAL_EXACT_COPYRIGHT_SECOND_REVIEW_V1.csv; key=katamari_damacy; candidate_root_hint=katamari_damacy; state=PASS,SAFE_TO_MIGRATE
Family,katana_zero,FAMILY_HOME,katana_zero,EXACT_COPYRIGHT_REVIEWED,REVIEWED_QUALIFIER_COPYRIGHT,,Second-reviewed Issue #180 exact qualifier review: family key 'katana_zero' equals the unique in-catalog Copyright root 'katana_zero'; candidate_authority=EXACT_QUALIFIER_EQUALS_COPYRIGHT_TAG.,VALIDATED,GLOBAL_EXACT_COPYRIGHT_SECOND_REVIEW_V1.csv; second-review=GLOBAL_EXACT_COPYRIGHT_SECOND_REVIEW_V1.csv; key=katana_zero; candidate_root_hint=katana_zero; state=PASS,SAFE_TO_MIGRATE
Family,katsugeki/touken_ranbu,FAMILY_HOME,katsugeki/touken_ranbu,EXACT_COPYRIGHT_REVIEWED,REVIEWED_QUALIFIER_COPYRIGHT,,Second-reviewed Issue #180 exact qualifier review: family key 'katsugeki/touken_ranbu' equals the unique in-catalog Copyright root 'katsugeki/touken_ranbu'; candidate_authority=EXACT_QUALIFIER_EQUALS_COPYRIGHT_TAG.,VALIDATED,GLOBAL_EXACT_COPYRIGHT_SECOND_REVIEW_V1.csv; second-review=GLOBAL_EXACT_COPYRIGHT_SECOND_REVIEW_V1.csv; key=katsugeki/touken_ranbu; candidate_root_hint=katsugeki/touken_ranbu; state=PASS,SAFE_TO_MIGRATE
Family,kekkai_sensen,FAMILY_HOME,kekkai_sensen,EXACT_COPYRIGHT_REVIEWED,REVIEWED_QUALIFIER_COPYRIGHT,,Second-reviewed Issue #180 exact qualifier review: family key 'kekkai_sensen' equals the unique in-catalog Copyright root 'kekkai_sensen'; candidate_authority=EXACT_QUALIFIER_EQUALS_COPYRIGHT_TAG.,VALIDATED,GLOBAL_EXACT_COPYRIGHT_SECOND_REVIEW_V1.csv; second-review=GLOBAL_EXACT_COPYRIGHT_SECOND_REVIEW_V1.csv; key=kekkai_sensen; candidate_root_hint=kekkai_sensen; state=PASS,SAFE_TO_MIGRATE
Family,kemeko_deluxe,FAMILY_HOME,kemeko_deluxe,EXACT_COPYRIGHT_REVIEWED,REVIEWED_QUALIFIER_COPYRIGHT,,Second-reviewed Issue #180 exact qualifier review: family key 'kemeko_deluxe' equals the unique in-catalog Copyright root 'kemeko_deluxe'; candidate_authority=EXACT_QUALIFIER_EQUALS_COPYRIGHT_TAG.,VALIDATED,GLOBAL_EXACT_COPYRIGHT_SECOND_REVIEW_V1.csv; second-review=GLOBAL_EXACT_COPYRIGHT_SECOND_REVIEW_V1.csv; key=kemeko_deluxe; candidate_root_hint=kemeko_deluxe; state=PASS,SAFE_TO_MIGRATE
Family,kemomimi_oukoku_kokuei_housou,FAMILY_HOME,kemomimi_oukoku_kokuei_housou,EXACT_COPYRIGHT_REVIEWED,REVIEWED_QUALIFIER_COPYRIGHT,,Second-reviewed Issue #180 exact qualifier review: family key 'kemomimi_oukoku_kokuei_housou' equals the unique in-catalog Copyright root 'kemomimi_oukoku_kokuei_housou'; candidate_authority=EXACT_QUALIFIER_EQUALS_COPYRIGHT_TAG.,VALIDATED,GLOBAL_EXACT_COPYRIGHT_SECOND_REVIEW_V1.csv; second-review=GLOBAL_EXACT_COPYRIGHT_SECOND_REVIEW_V1.csv; key=kemomimi_oukoku_kokuei_housou; candidate_root_hint=kemomimi_oukoku_kokuei_housou; state=PASS,SAFE_TO_MIGRATE
Family,kemono_friends,FAMILY_HOME,kemono_friends,FIRST_PARTY_REVIEWED,EXTERNAL_AUTHORITY,https://kemono-friends.jp/,Official Kemono Friends project site has a Friends character directory.,VALIDATED,ROOT_REVIEW_BATCH_A_SECOND_REVIEW_V1.csv; second-review=ROOT_REVIEW_BATCH_A_SECOND_REVIEW_V1.csv; key=kemono_friends; candidate_root=kemono_friends; state=PASS,SAFE_TO_MIGRATE
Family,kemono_jihen,FAMILY_HOME,kemono_jihen,EXACT_COPYRIGHT_REVIEWED,REVIEWED_QUALIFIER_COPYRIGHT,,Second-reviewed Issue #180 exact qualifier review: family key 'kemono_jihen' equals the unique in-catalog Copyright root 'kemono_jihen'; candidate_authority=EXACT_QUALIFIER_EQUALS_COPYRIGHT_TAG.,VALIDATED,GLOBAL_EXACT_COPYRIGHT_SECOND_REVIEW_V1.csv; second-review=GLOBAL_EXACT_COPYRIGHT_SECOND_REVIEW_V1.csv; key=kemono_jihen; candidate_root_hint=kemono_jihen; state=PASS,SAFE_TO_MIGRATE
Family,kemono_no_souja_erin,FAMILY_HOME,kemono_no_souja_erin,EXACT_COPYRIGHT_REVIEWED,REVIEWED_QUALIFIER_COPYRIGHT,,Second-reviewed Issue #180 exact qualifier review: family key 'kemono_no_souja_erin' equals the unique in-catalog Copyright root 'kemono_no_souja_erin'; candidate_authority=EXACT_QUALIFIER_EQUALS_COPYRIGHT_TAG.,VALIDATED,GLOBAL_EXACT_COPYRIGHT_SECOND_REVIEW_V1.csv; second-review=GLOBAL_EXACT_COPYRIGHT_SECOND_REVIEW_V1.csv; key=kemono_no_souja_erin; candidate_root_hint=kemono_no_souja_erin; state=PASS,SAFE_TO_MIGRATE
Family,kemurikusa,FAMILY_HOME,kemurikusa,EXACT_COPYRIGHT_REVIEWED,REVIEWED_QUALIFIER_COPYRIGHT,,Second-reviewed Issue #180 exact qualifier review: family key 'kemurikusa' equals the unique in-catalog Copyright root 'kemurikusa'; candidate_authority=EXACT_QUALIFIER_EQUALS_COPYRIGHT_TAG.,VALIDATED,GLOBAL_EXACT_COPYRIGHT_SECOND_REVIEW_V1.csv; second-review=GLOBAL_EXACT_COPYRIGHT_SECOND_REVIEW_V1.csv; key=kemurikusa; candidate_root_hint=kemurikusa; state=PASS,SAFE_TO_MIGRATE
Family,kenkon_no_washi,FAMILY_HOME,kenkon_no_washi,EXACT_COPYRIGHT_REVIEWED,REVIEWED_QUALIFIER_COPYRIGHT,,Second-reviewed Issue #180 exact qualifier review: family key 'kenkon_no_washi' equals the unique in-catalog Copyright root 'kenkon_no_washi'; candidate_authority=EXACT_QUALIFIER_EQUALS_COPYRIGHT_TAG.,VALIDATED,GLOBAL_EXACT_COPYRIGHT_SECOND_REVIEW_V1.csv; second-review=GLOBAL_EXACT_COPYRIGHT_SECOND_REVIEW_V1.csv; key=kenkon_no_washi; candidate_root_hint=kenkon_no_washi; state=PASS,SAFE_TO_MIGRATE
Family,keroro_gunsou,FAMILY_HOME,keroro_gunsou,EXACT_COPYRIGHT_REVIEWED,REVIEWED_QUALIFIER_COPYRIGHT,,Second-reviewed Issue #180 exact qualifier review: family key 'keroro_gunsou' equals the unique in-catalog Copyright root 'keroro_gunsou'; candidate_authority=EXACT_QUALIFIER_EQUALS_COPYRIGHT_TAG.,VALIDATED,GLOBAL_EXACT_COPYRIGHT_SECOND_REVIEW_V1.csv; second-review=GLOBAL_EXACT_COPYRIGHT_SECOND_REVIEW_V1.csv; key=keroro_gunsou; candidate_root_hint=keroro_gunsou; state=PASS,SAFE_TO_MIGRATE
Family,kid_icarus,FAMILY_HOME,kid_icarus,EXACT_COPYRIGHT_REVIEWED,REVIEWED_QUALIFIER_COPYRIGHT,,Second-reviewed Issue #180 exact qualifier review: family key 'kid_icarus' equals the unique in-catalog Copyright root 'kid_icarus'; candidate_authority=EXACT_QUALIFIER_EQUALS_COPYRIGHT_TAG.,VALIDATED,GLOBAL_EXACT_COPYRIGHT_SECOND_REVIEW_V1.csv; second-review=GLOBAL_EXACT_COPYRIGHT_SECOND_REVIEW_V1.csv; key=kid_icarus; candidate_root_hint=kid_icarus; state=PASS,SAFE_TO_MIGRATE
Family,kiddy_grade,FAMILY_HOME,kiddy_grade,EXACT_COPYRIGHT_REVIEWED,REVIEWED_QUALIFIER_COPYRIGHT,,Second-reviewed Issue #180 exact qualifier review: family key 'kiddy_grade' equals the unique in-catalog Copyright root 'kiddy_grade'; candidate_authority=EXACT_QUALIFIER_EQUALS_COPYRIGHT_TAG.,VALIDATED,GLOBAL_EXACT_COPYRIGHT_SECOND_REVIEW_V1.csv; second-review=GLOBAL_EXACT_COPYRIGHT_SECOND_REVIEW_V1.csv; key=kiddy_grade; candidate_root_hint=kiddy_grade; state=PASS,SAFE_TO_MIGRATE
Family,kiki_kaikai,FAMILY_HOME,kiki_kaikai,EXACT_COPYRIGHT_REVIEWED,REVIEWED_QUALIFIER_COPYRIGHT,,Second-reviewed Issue #180 exact qualifier review: family key 'kiki_kaikai' equals the unique in-catalog Copyright root 'kiki_kaikai'; candidate_authority=EXACT_QUALIFIER_EQUALS_COPYRIGHT_TAG.,VALIDATED,GLOBAL_EXACT_COPYRIGHT_SECOND_REVIEW_V1.csv; second-review=GLOBAL_EXACT_COPYRIGHT_SECOND_REVIEW_V1.csv; key=kiki_kaikai; candidate_root_hint=kiki_kaikai; state=PASS,SAFE_TO_MIGRATE
Family,kill_la_kill,FAMILY_HOME,kill_la_kill,EXACT_COPYRIGHT_REVIEWED,REVIEWED_QUALIFIER_COPYRIGHT,,Second-reviewed Issue #180 exact qualifier review: family key 'kill_la_kill' equals the unique in-catalog Copyright root 'kill_la_kill'; candidate_authority=EXACT_QUALIFIER_EQUALS_COPYRIGHT_TAG.,VALIDATED,GLOBAL_EXACT_COPYRIGHT_SECOND_REVIEW_V1.csv; second-review=GLOBAL_EXACT_COPYRIGHT_SECOND_REVIEW_V1.csv; key=kill_la_kill; candidate_root_hint=kill_la_kill; state=PASS,SAFE_TO_MIGRATE
Family,kill_me_baby,FAMILY_HOME,kill_me_baby,EXACT_COPYRIGHT_REVIEWED,REVIEWED_QUALIFIER_COPYRIGHT,,Second-reviewed Issue #180 exact qualifier review: family key 'kill_me_baby' equals the unique in-catalog Copyright root 'kill_me_baby'; candidate_authority=EXACT_QUALIFIER_EQUALS_COPYRIGHT_TAG.,VALIDATED,GLOBAL_EXACT_COPYRIGHT_SECOND_REVIEW_V1.csv; second-review=GLOBAL_EXACT_COPYRIGHT_SECOND_REVIEW_V1.csv; key=kill_me_baby; candidate_root_hint=kill_me_baby; state=PASS,SAFE_TO_MIGRATE
Family,killer_chat,FAMILY_HOME,killer_chat!,EXACT_COPYRIGHT_REVIEWED,REVIEWED_QUALIFIER_COPYRIGHT,,Second-reviewed Issue #180 exact qualifier review: family key 'killer_chat' equals the unique in-catalog Copyright root 'killer_chat!'; candidate_authority=EXACT_QUALIFIER_EQUALS_COPYRIGHT_TAG.,VALIDATED,GLOBAL_EXACT_COPYRIGHT_SECOND_REVIEW_V1.csv; second-review=GLOBAL_EXACT_COPYRIGHT_SECOND_REVIEW_V1.csv; key=killer_chat; candidate_root_hint=killer_chat!; state=PASS,SAFE_TO_MIGRATE
Family,killing_magician,FAMILY_HOME,killing_magician,EXACT_COPYRIGHT_REVIEWED,REVIEWED_QUALIFIER_COPYRIGHT,,Second-reviewed Issue #180 exact qualifier review: family key 'killing_magician' equals the unique in-catalog Copyright root 'killing_magician'; candidate_authority=EXACT_QUALIFIER_EQUALS_COPYRIGHT_TAG.,VALIDATED,GLOBAL_EXACT_COPYRIGHT_SECOND_REVIEW_V1.csv; second-review=GLOBAL_EXACT_COPYRIGHT_SECOND_REVIEW_V1.csv; key=killing_magician; candidate_root_hint=killing_magician; state=PASS,SAFE_TO_MIGRATE
Family,kimetsu_no_yaiba,FAMILY_HOME,kimetsu_no_yaiba,EXACT_COPYRIGHT_REVIEWED,REVIEWED_QUALIFIER_COPYRIGHT,,Second-reviewed Issue #180 exact qualifier review: family key 'kimetsu_no_yaiba' equals the unique in-catalog Copyright root 'kimetsu_no_yaiba'; candidate_authority=EXACT_QUALIFIER_EQUALS_COPYRIGHT_TAG.,VALIDATED,GLOBAL_EXACT_COPYRIGHT_SECOND_REVIEW_V1.csv; second-review=GLOBAL_EXACT_COPYRIGHT_SECOND_REVIEW_V1.csv; key=kimetsu_no_yaiba; candidate_root_hint=kimetsu_no_yaiba; state=PASS,SAFE_TO_MIGRATE
Family,kimi_ga_shine,FAMILY_HOME,kimi_ga_shine,EXACT_COPYRIGHT_REVIEWED,REVIEWED_QUALIFIER_COPYRIGHT,,Second-reviewed Issue #180 exact qualifier review: family key 'kimi_ga_shine' equals the unique in-catalog Copyright root 'kimi_ga_shine'; candidate_authority=EXACT_QUALIFIER_EQUALS_COPYRIGHT_TAG.,VALIDATED,GLOBAL_EXACT_COPYRIGHT_SECOND_REVIEW_V1.csv; second-review=GLOBAL_EXACT_COPYRIGHT_SECOND_REVIEW_V1.csv; key=kimi_ga_shine; candidate_root_hint=kimi_ga_shine; state=PASS,SAFE_TO_MIGRATE
Family,kimi_omou_koi,FAMILY_HOME,kimi_omou_koi,EXACT_COPYRIGHT_REVIEWED,REVIEWED_QUALIFIER_COPYRIGHT,,Second-reviewed Issue #180 exact qualifier review: family key 'kimi_omou_koi' equals the unique in-catalog Copyright root 'kimi_omou_koi'; candidate_authority=EXACT_QUALIFIER_EQUALS_COPYRIGHT_TAG.,VALIDATED,GLOBAL_EXACT_COPYRIGHT_SECOND_REVIEW_V1.csv; second-review=GLOBAL_EXACT_COPYRIGHT_SECOND_REVIEW_V1.csv; key=kimi_omou_koi; candidate_root_hint=kimi_omou_koi; state=PASS,SAFE_TO_MIGRATE
Family,kimi_wa_008,FAMILY_HOME,kimi_wa_008,EXACT_COPYRIGHT_REVIEWED,REVIEWED_QUALIFIER_COPYRIGHT,,Second-reviewed Issue #180 exact qualifier review: family key 'kimi_wa_008' equals the unique in-catalog Copyright root 'kimi_wa_008'; candidate_authority=EXACT_QUALIFIER_EQUALS_COPYRIGHT_TAG.,VALIDATED,GLOBAL_EXACT_COPYRIGHT_SECOND_REVIEW_V1.csv; second-review=GLOBAL_EXACT_COPYRIGHT_SECOND_REVIEW_V1.csv; key=kimi_wa_008; candidate_root_hint=kimi_wa_008; state=PASS,SAFE_TO_MIGRATE
Family,kimi_wa_meido-sama,FAMILY_HOME,kimi_wa_meido-sama,EXACT_COPYRIGHT_REVIEWED,REVIEWED_QUALIFIER_COPYRIGHT,,Second-reviewed Issue #180 exact qualifier review: family key 'kimi_wa_meido-sama' equals the unique in-catalog Copyright root 'kimi_wa_meido-sama'; candidate_authority=EXACT_QUALIFIER_EQUALS_COPYRIGHT_TAG.,VALIDATED,GLOBAL_EXACT_COPYRIGHT_SECOND_REVIEW_V1.csv; second-review=GLOBAL_EXACT_COPYRIGHT_SECOND_REVIEW_V1.csv; key=kimi_wa_meido-sama; candidate_root_hint=kimi_wa_meido-sama; state=PASS,SAFE_TO_MIGRATE
Family,king's_raid,FAMILY_HOME,king's_raid,EXACT_COPYRIGHT_REVIEWED,REVIEWED_QUALIFIER_COPYRIGHT,,"Second-reviewed Issue #180 exact qualifier review: family key ""king's_raid"" equals the unique in-catalog Copyright root ""king's_raid""; candidate_authority=EXACT_QUALIFIER_EQUALS_COPYRIGHT_TAG.",VALIDATED,GLOBAL_EXACT_COPYRIGHT_SECOND_REVIEW_V1.csv; second-review=GLOBAL_EXACT_COPYRIGHT_SECOND_REVIEW_V1.csv; key=king's_raid; candidate_root_hint=king's_raid; state=PASS,SAFE_TO_MIGRATE
Family,kingdom_hearts,FAMILY_HOME,kingdom_hearts,EXACT_COPYRIGHT_REVIEWED,REVIEWED_QUALIFIER_COPYRIGHT,,Second-reviewed Issue #180 exact qualifier review: family key 'kingdom_hearts' equals the unique in-catalog Copyright root 'kingdom_hearts'; candidate_authority=EXACT_QUALIFIER_EQUALS_COPYRIGHT_TAG.,VALIDATED,GLOBAL_EXACT_COPYRIGHT_SECOND_REVIEW_V1.csv; second-review=GLOBAL_EXACT_COPYRIGHT_SECOND_REVIEW_V1.csv; key=kingdom_hearts; candidate_root_hint=kingdom_hearts; state=PASS,SAFE_TO_MIGRATE
Family,kinjo_no_hito_no_nakimushi,FAMILY_HOME,kinjo_no_hito_no_nakimushi,EXACT_COPYRIGHT_REVIEWED,REVIEWED_QUALIFIER_COPYRIGHT,,Second-reviewed Issue #180 exact qualifier review: family key 'kinjo_no_hito_no_nakimushi' equals the unique in-catalog Copyright root 'kinjo_no_hito_no_nakimushi'; candidate_authority=EXACT_QUALIFIER_EQUALS_COPYRIGHT_TAG.,VALIDATED,GLOBAL_EXACT_COPYRIGHT_SECOND_REVIEW_V1.csv; second-review=GLOBAL_EXACT_COPYRIGHT_SECOND_REVIEW_V1.csv; key=kinjo_no_hito_no_nakimushi; candidate_root_hint=kinjo_no_hito_no_nakimushi; state=PASS,SAFE_TO_MIGRATE
Family,kino_no_tabi,FAMILY_HOME,kino_no_tabi,EXACT_COPYRIGHT_REVIEWED,REVIEWED_QUALIFIER_COPYRIGHT,,Second-reviewed Issue #180 exact qualifier review: family key 'kino_no_tabi' equals the unique in-catalog Copyright root 'kino_no_tabi'; candidate_authority=EXACT_QUALIFIER_EQUALS_COPYRIGHT_TAG.,VALIDATED,GLOBAL_EXACT_COPYRIGHT_SECOND_REVIEW_V1.csv; second-review=GLOBAL_EXACT_COPYRIGHT_SECOND_REVIEW_V1.csv; key=kino_no_tabi; candidate_root_hint=kino_no_tabi; state=PASS,SAFE_TO_MIGRATE
Family,kinsou_no_vermeil,FAMILY_HOME,kinsou_no_vermeil,EXACT_COPYRIGHT_REVIEWED,REVIEWED_QUALIFIER_COPYRIGHT,,Second-reviewed Issue #180 exact qualifier review: family key 'kinsou_no_vermeil' equals the unique in-catalog Copyright root 'kinsou_no_vermeil'; candidate_authority=EXACT_QUALIFIER_EQUALS_COPYRIGHT_TAG.,VALIDATED,GLOBAL_EXACT_COPYRIGHT_SECOND_REVIEW_V1.csv; second-review=GLOBAL_EXACT_COPYRIGHT_SECOND_REVIEW_V1.csv; key=kinsou_no_vermeil; candidate_root_hint=kinsou_no_vermeil; state=PASS,SAFE_TO_MIGRATE
Family,kiseijuu,FAMILY_HOME,kiseijuu,EXACT_COPYRIGHT_REVIEWED,REVIEWED_QUALIFIER_COPYRIGHT,,Second-reviewed Issue #180 exact qualifier review: family key 'kiseijuu' equals the unique in-catalog Copyright root 'kiseijuu'; candidate_authority=EXACT_QUALIFIER_EQUALS_COPYRIGHT_TAG.,VALIDATED,GLOBAL_EXACT_COPYRIGHT_SECOND_REVIEW_V1.csv; second-review=GLOBAL_EXACT_COPYRIGHT_SECOND_REVIEW_V1.csv; key=kiseijuu; candidate_root_hint=kiseijuu; state=PASS,SAFE_TO_MIGRATE
Family,kmnz,FAMILY_HOME,kmnz,EXACT_COPYRIGHT_REVIEWED,REVIEWED_QUALIFIER_COPYRIGHT,,Second-reviewed Issue #180 exact qualifier review: family key 'kmnz' equals the unique in-catalog Copyright root 'kmnz'; candidate_authority=EXACT_QUALIFIER_EQUALS_COPYRIGHT_TAG.,VALIDATED,GLOBAL_EXACT_COPYRIGHT_SECOND_REVIEW_V1.csv; second-review=GLOBAL_EXACT_COPYRIGHT_SECOND_REVIEW_V1.csv; key=kmnz; candidate_root_hint=kmnz; state=PASS,SAFE_TO_MIGRATE
Family,knight_of_erin,FAMILY_HOME,knight_of_erin,EXACT_COPYRIGHT_REVIEWED,REVIEWED_QUALIFIER_COPYRIGHT,,Second-reviewed Issue #180 exact qualifier review: family key 'knight_of_erin' equals the unique in-catalog Copyright root 'knight_of_erin'; candidate_authority=EXACT_QUALIFIER_EQUALS_COPYRIGHT_TAG.,VALIDATED,GLOBAL_EXACT_COPYRIGHT_SECOND_REVIEW_V1.csv; second-review=GLOBAL_EXACT_COPYRIGHT_SECOND_REVIEW_V1.csv; key=knight_of_erin; candidate_root_hint=knight_of_erin; state=PASS,SAFE_TO_MIGRATE
Family,koha-ace,FAMILY_HOME,koha-ace,EXACT_COPYRIGHT_REVIEWED,REVIEWED_QUALIFIER_COPYRIGHT,,Second-reviewed Issue #180 exact qualifier review: family key 'koha-ace' equals the unique in-catalog Copyright root 'koha-ace'; candidate_authority=EXACT_QUALIFIER_EQUALS_COPYRIGHT_TAG.,VALIDATED,GLOBAL_EXACT_COPYRIGHT_SECOND_REVIEW_V1.csv; second-review=GLOBAL_EXACT_COPYRIGHT_SECOND_REVIEW_V1.csv; key=koha-ace; candidate_root_hint=koha-ace; state=PASS,SAFE_TO_MIGRATE
Family,koi_to_senrigan_to_aonisai,FAMILY_HOME,koi_to_senrigan_to_aonisai,EXACT_COPYRIGHT_REVIEWED,REVIEWED_QUALIFIER_COPYRIGHT,,Second-reviewed Issue #180 exact qualifier review: family key 'koi_to_senrigan_to_aonisai' equals the unique in-catalog Copyright root 'koi_to_senrigan_to_aonisai'; candidate_authority=EXACT_QUALIFIER_EQUALS_COPYRIGHT_TAG.,VALIDATED,GLOBAL_EXACT_COPYRIGHT_SECOND_REVIEW_V1.csv; second-review=GLOBAL_EXACT_COPYRIGHT_SECOND_REVIEW_V1.csv; key=koi_to_senrigan_to_aonisai; candidate_root_hint=koi_to_senrigan_to_aonisai; state=PASS,SAFE_TO_MIGRATE
Family,koi_to_uso,FAMILY_HOME,koi_to_uso,EXACT_COPYRIGHT_REVIEWED,REVIEWED_QUALIFIER_COPYRIGHT,,Second-reviewed Issue #180 exact qualifier review: family key 'koi_to_uso' equals the unique in-catalog Copyright root 'koi_to_uso'; candidate_authority=EXACT_QUALIFIER_EQUALS_COPYRIGHT_TAG.,VALIDATED,GLOBAL_EXACT_COPYRIGHT_SECOND_REVIEW_V1.csv; second-review=GLOBAL_EXACT_COPYRIGHT_SECOND_REVIEW_V1.csv; key=koi_to_uso; candidate_root_hint=koi_to_uso; state=PASS,SAFE_TO_MIGRATE
Family,koihime_musou,FAMILY_HOME,koihime_musou,EXACT_COPYRIGHT_REVIEWED,REVIEWED_QUALIFIER_COPYRIGHT,,Second-reviewed Issue #180 exact qualifier review: family key 'koihime_musou' equals the unique in-catalog Copyright root 'koihime_musou'; candidate_authority=EXACT_QUALIFIER_EQUALS_COPYRIGHT_TAG.,VALIDATED,GLOBAL_EXACT_COPYRIGHT_SECOND_REVIEW_V1.csv; second-review=GLOBAL_EXACT_COPYRIGHT_SECOND_REVIEW_V1.csv; key=koihime_musou; candidate_root_hint=koihime_musou; state=PASS,SAFE_TO_MIGRATE
Family,kokkimusume,FAMILY_HOME,kokkimusume,EXACT_COPYRIGHT_REVIEWED,REVIEWED_QUALIFIER_COPYRIGHT,,Second-reviewed Issue #180 exact qualifier review: family key 'kokkimusume' equals the unique in-catalog Copyright root 'kokkimusume'; candidate_authority=EXACT_QUALIFIER_EQUALS_COPYRIGHT_TAG.,VALIDATED,GLOBAL_EXACT_COPYRIGHT_SECOND_REVIEW_V1.csv; second-review=GLOBAL_EXACT_COPYRIGHT_SECOND_REVIEW_V1.csv; key=kokkimusume; candidate_root_hint=kokkimusume; state=PASS,SAFE_TO_MIGRATE
Family,komi-san_wa_komyushou_desu,FAMILY_HOME,komi-san_wa_komyushou_desu,EXACT_COPYRIGHT_REVIEWED,REVIEWED_QUALIFIER_COPYRIGHT,,Second-reviewed Issue #180 exact qualifier review: family key 'komi-san_wa_komyushou_desu' equals the unique in-catalog Copyright root 'komi-san_wa_komyushou_desu'; candidate_authority=EXACT_QUALIFIER_EQUALS_COPYRIGHT_TAG.,VALIDATED,GLOBAL_EXACT_COPYRIGHT_SECOND_REVIEW_V1.csv; second-review=GLOBAL_EXACT_COPYRIGHT_SECOND_REVIEW_V1.csv; key=komi-san_wa_komyushou_desu; candidate_root_hint=komi-san_wa_komyushou_desu; state=PASS,SAFE_TO_MIGRATE
Family,konjiki_no_gash!!,FAMILY_HOME,konjiki_no_gash!!,EXACT_COPYRIGHT_REVIEWED,REVIEWED_QUALIFIER_COPYRIGHT,,Second-reviewed Issue #180 exact qualifier review: family key 'konjiki_no_gash!!' equals the unique in-catalog Copyright root 'konjiki_no_gash!!'; candidate_authority=EXACT_QUALIFIER_EQUALS_COPYRIGHT_TAG.,VALIDATED,GLOBAL_EXACT_COPYRIGHT_SECOND_REVIEW_V1.csv; second-review=GLOBAL_EXACT_COPYRIGHT_SECOND_REVIEW_V1.csv; key=konjiki_no_gash!!; candidate_root_hint=konjiki_no_gash!!; state=PASS,SAFE_TO_MIGRATE
Family,kono_bijutsubu_niwa_mondai_ga_aru!,FAMILY_HOME,kono_bijutsubu_niwa_mondai_ga_aru!,EXACT_COPYRIGHT_REVIEWED,REVIEWED_QUALIFIER_COPYRIGHT,,Second-reviewed Issue #180 exact qualifier review: family key 'kono_bijutsubu_niwa_mondai_ga_aru!' equals the unique in-catalog Copyright root 'kono_bijutsubu_niwa_mondai_ga_aru!'; candidate_authority=EXACT_QUALIFIER_EQUALS_COPYRIGHT_TAG.,VALIDATED,GLOBAL_EXACT_COPYRIGHT_SECOND_REVIEW_V1.csv; second-review=GLOBAL_EXACT_COPYRIGHT_SECOND_REVIEW_V1.csv; key=kono_bijutsubu_niwa_mondai_ga_aru!; candidate_root_hint=kono_bijutsubu_niwa_mondai_ga_aru!; state=PASS,SAFE_TO_MIGRATE
Family,kono_healer_mendokusai,FAMILY_HOME,kono_healer_mendokusai,EXACT_COPYRIGHT_REVIEWED,REVIEWED_QUALIFIER_COPYRIGHT,,Second-reviewed Issue #180 exact qualifier review: family key 'kono_healer_mendokusai' equals the unique in-catalog Copyright root 'kono_healer_mendokusai'; candidate_authority=EXACT_QUALIFIER_EQUALS_COPYRIGHT_TAG.,VALIDATED,GLOBAL_EXACT_COPYRIGHT_SECOND_REVIEW_V1.csv; second-review=GLOBAL_EXACT_COPYRIGHT_SECOND_REVIEW_V1.csv; key=kono_healer_mendokusai; candidate_root_hint=kono_healer_mendokusai; state=PASS,SAFE_TO_MIGRATE
Family,kono_yuusha_ga_ore_tueee_kuse_ni_shinchou_sugiru,FAMILY_HOME,kono_yuusha_ga_ore_tueee_kuse_ni_shinchou_sugiru,EXACT_COPYRIGHT_REVIEWED,REVIEWED_QUALIFIER_COPYRIGHT,,Second-reviewed Issue #180 exact qualifier review: family key 'kono_yuusha_ga_ore_tueee_kuse_ni_shinchou_sugiru' equals the unique in-catalog Copyright root 'kono_yuusha_ga_ore_tueee_kuse_ni_shinchou_sugiru'; candidate_authority=EXACT_QUALIFIER_EQUALS_COPYRIGHT_TAG.,VALIDATED,GLOBAL_EXACT_COPYRIGHT_SECOND_REVIEW_V1.csv; second-review=GLOBAL_EXACT_COPYRIGHT_SECOND_REVIEW_V1.csv; key=kono_yuusha_ga_ore_tueee_kuse_ni_shinchou_sugiru; candidate_root_hint=kono_yuusha_ga_ore_tueee_kuse_ni_shinchou_sugiru; state=PASS,SAFE_TO_MIGRATE
Family,konohana_kitan,FAMILY_HOME,konohana_kitan,EXACT_COPYRIGHT_REVIEWED,REVIEWED_QUALIFIER_COPYRIGHT,,Second-reviewed Issue #180 exact qualifier review: family key 'konohana_kitan' equals the unique in-catalog Copyright root 'konohana_kitan'; candidate_authority=EXACT_QUALIFIER_EQUALS_COPYRIGHT_TAG.,VALIDATED,GLOBAL_EXACT_COPYRIGHT_SECOND_REVIEW_V1.csv; second-review=GLOBAL_EXACT_COPYRIGHT_SECOND_REVIEW_V1.csv; key=konohana_kitan; candidate_root_hint=konohana_kitan; state=PASS,SAFE_TO_MIGRATE
Family,koshotengai_no_hashihime,FAMILY_HOME,koshotengai_no_hashihime,EXACT_COPYRIGHT_REVIEWED,REVIEWED_QUALIFIER_COPYRIGHT,,Second-reviewed Issue #180 exact qualifier review: family key 'koshotengai_no_hashihime' equals the unique in-catalog Copyright root 'koshotengai_no_hashihime'; candidate_authority=EXACT_QUALIFIER_EQUALS_COPYRIGHT_TAG.,VALIDATED,GLOBAL_EXACT_COPYRIGHT_SECOND_REVIEW_V1.csv; second-review=GLOBAL_EXACT_COPYRIGHT_SECOND_REVIEW_V1.csv; key=koshotengai_no_hashihime; candidate_root_hint=koshotengai_no_hashihime; state=PASS,SAFE_TO_MIGRATE
Family,kotobukiya_bishoujo,FAMILY_HOME,kotobukiya_bishoujo,EXACT_COPYRIGHT_REVIEWED,REVIEWED_QUALIFIER_COPYRIGHT,,Second-reviewed Issue #180 exact qualifier review: family key 'kotobukiya_bishoujo' equals the unique in-catalog Copyright root 'kotobukiya_bishoujo'; candidate_authority=EXACT_QUALIFIER_EQUALS_COPYRIGHT_TAG.,VALIDATED,GLOBAL_EXACT_COPYRIGHT_SECOND_REVIEW_V1.csv; second-review=GLOBAL_EXACT_COPYRIGHT_SECOND_REVIEW_V1.csv; key=kotobukiya_bishoujo; candidate_root_hint=kotobukiya_bishoujo; state=PASS,SAFE_TO_MIGRATE
Family,koufuku_graffiti,FAMILY_HOME,koufuku_graffiti,EXACT_COPYRIGHT_REVIEWED,REVIEWED_QUALIFIER_COPYRIGHT,,Second-reviewed Issue #180 exact qualifier review: family key 'koufuku_graffiti' equals the unique in-catalog Copyright root 'koufuku_graffiti'; candidate_authority=EXACT_QUALIFIER_EQUALS_COPYRIGHT_TAG.,VALIDATED,GLOBAL_EXACT_COPYRIGHT_SECOND_REVIEW_V1.csv; second-review=GLOBAL_EXACT_COPYRIGHT_SECOND_REVIEW_V1.csv; key=koufuku_graffiti; candidate_root_hint=koufuku_graffiti; state=PASS,SAFE_TO_MIGRATE
Family,koushinchou_no_kouhai_to_teishinchou_no_senpai_ga_renai_ni_hatten_suru_made,FAMILY_HOME,koushinchou_no_kouhai_to_teishinchou_no_senpai_ga_renai_ni_hatten_suru_made,EXACT_COPYRIGHT_REVIEWED,REVIEWED_QUALIFIER_COPYRIGHT,,Second-reviewed Issue #180 exact qualifier review: family key 'koushinchou_no_kouhai_to_teishinchou_no_senpai_ga_renai_ni_hatten_suru_made' equals the unique in-catalog Copyright root 'koushinchou_no_kouhai_to_teishinchou_no_senpai_ga_renai_ni_hatten_suru_made'; candidate_authority=EXACT_QUALIFIER_EQUALS_COPYRIGHT_TAG.,VALIDATED,GLOBAL_EXACT_COPYRIGHT_SECOND_REVIEW_V1.csv; second-review=GLOBAL_EXACT_COPYRIGHT_SECOND_REVIEW_V1.csv; key=koushinchou_no_kouhai_to_teishinchou_no_senpai_ga_renai_ni_hatten_suru_made; candidate_root_hint=koushinchou_no_kouhai_to_teishinchou_no_senpai_ga_renai_ni_hatten_suru_made; state=PASS,SAFE_TO_MIGRATE
Family,koutetsu_tenshi_kurumi,FAMILY_HOME,koutetsu_tenshi_kurumi,EXACT_COPYRIGHT_REVIEWED,REVIEWED_QUALIFIER_COPYRIGHT,,Second-reviewed Issue #180 exact qualifier review: family key 'koutetsu_tenshi_kurumi' equals the unique in-catalog Copyright root 'koutetsu_tenshi_kurumi'; candidate_authority=EXACT_QUALIFIER_EQUALS_COPYRIGHT_TAG.,VALIDATED,GLOBAL_EXACT_COPYRIGHT_SECOND_REVIEW_V1.csv; second-review=GLOBAL_EXACT_COPYRIGHT_SECOND_REVIEW_V1.csv; key=koutetsu_tenshi_kurumi; candidate_root_hint=koutetsu_tenshi_kurumi; state=PASS,SAFE_TO_MIGRATE
Family,kouya_no_kotobuki_hikoutai,FAMILY_HOME,kouya_no_kotobuki_hikoutai,EXACT_COPYRIGHT_REVIEWED,REVIEWED_QUALIFIER_COPYRIGHT,,Second-reviewed Issue #180 exact qualifier review: family key 'kouya_no_kotobuki_hikoutai' equals the unique in-catalog Copyright root 'kouya_no_kotobuki_hikoutai'; candidate_authority=EXACT_QUALIFIER_EQUALS_COPYRIGHT_TAG.,VALIDATED,GLOBAL_EXACT_COPYRIGHT_SECOND_REVIEW_V1.csv; second-review=GLOBAL_EXACT_COPYRIGHT_SECOND_REVIEW_V1.csv; key=kouya_no_kotobuki_hikoutai; candidate_root_hint=kouya_no_kotobuki_hikoutai; state=PASS,SAFE_TO_MIGRATE
Family,kpop_demon_hunters,FAMILY_HOME,kpop_demon_hunters,EXACT_COPYRIGHT_REVIEWED,REVIEWED_QUALIFIER_COPYRIGHT,,Second-reviewed Issue #180 exact qualifier review: family key 'kpop_demon_hunters' equals the unique in-catalog Copyright root 'kpop_demon_hunters'; candidate_authority=EXACT_QUALIFIER_EQUALS_COPYRIGHT_TAG.,VALIDATED,GLOBAL_EXACT_COPYRIGHT_SECOND_REVIEW_V1.csv; second-review=GLOBAL_EXACT_COPYRIGHT_SECOND_REVIEW_V1.csv; key=kpop_demon_hunters; candidate_root_hint=kpop_demon_hunters; state=PASS,SAFE_TO_MIGRATE
Family,krt_girls,FAMILY_HOME,krt_girls,EXACT_COPYRIGHT_REVIEWED,REVIEWED_QUALIFIER_COPYRIGHT,,Second-reviewed Issue #180 exact qualifier review: family key 'krt_girls' equals the unique in-catalog Copyright root 'krt_girls'; candidate_authority=EXACT_QUALIFIER_EQUALS_COPYRIGHT_TAG.,VALIDATED,GLOBAL_EXACT_COPYRIGHT_SECOND_REVIEW_V1.csv; second-review=GLOBAL_EXACT_COPYRIGHT_SECOND_REVIEW_V1.csv; key=krt_girls; candidate_root_hint=krt_girls; state=PASS,SAFE_TO_MIGRATE
Family,kukkorodays,FAMILY_HOME,kukkorodays,EXACT_COPYRIGHT_REVIEWED,REVIEWED_QUALIFIER_COPYRIGHT,,Second-reviewed Issue #180 exact qualifier review: family key 'kukkorodays' equals the unique in-catalog Copyright root 'kukkorodays'; candidate_authority=EXACT_QUALIFIER_EQUALS_COPYRIGHT_TAG.,VALIDATED,GLOBAL_EXACT_COPYRIGHT_SECOND_REVIEW_V1.csv; second-review=GLOBAL_EXACT_COPYRIGHT_SECOND_REVIEW_V1.csv; key=kukkorodays; candidate_root_hint=kukkorodays; state=PASS,SAFE_TO_MIGRATE
Family,kuma_kuma_kuma_bear,FAMILY_HOME,kuma_kuma_kuma_bear,EXACT_COPYRIGHT_REVIEWED,REVIEWED_QUALIFIER_COPYRIGHT,,Second-reviewed Issue #180 exact qualifier review: family key 'kuma_kuma_kuma_bear' equals the unique in-catalog Copyright root 'kuma_kuma_kuma_bear'; candidate_authority=EXACT_QUALIFIER_EQUALS_COPYRIGHT_TAG.,VALIDATED,GLOBAL_EXACT_COPYRIGHT_SECOND_REVIEW_V1.csv; second-review=GLOBAL_EXACT_COPYRIGHT_SECOND_REVIEW_V1.csv; key=kuma_kuma_kuma_bear; candidate_root_hint=kuma_kuma_kuma_bear; state=PASS,SAFE_TO_MIGRATE
Family,kumo_desu_ga_nani_ka?,FAMILY_HOME,kumo_desu_ga_nani_ka?,EXACT_COPYRIGHT_REVIEWED,REVIEWED_QUALIFIER_COPYRIGHT,,Second-reviewed Issue #180 exact qualifier review: family key 'kumo_desu_ga_nani_ka?' equals the unique in-catalog Copyright root 'kumo_desu_ga_nani_ka?'; candidate_authority=EXACT_QUALIFIER_EQUALS_COPYRIGHT_TAG.,VALIDATED,GLOBAL_EXACT_COPYRIGHT_SECOND_REVIEW_V1.csv; second-review=GLOBAL_EXACT_COPYRIGHT_SECOND_REVIEW_V1.csv; key=kumo_desu_ga_nani_ka?; candidate_root_hint=kumo_desu_ga_nani_ka?; state=PASS,SAFE_TO_MIGRATE
Family,kung-fu-piggy,FAMILY_HOME,kung-fu-piggy,EXACT_COPYRIGHT_REVIEWED,REVIEWED_QUALIFIER_COPYRIGHT,,Second-reviewed Issue #180 exact qualifier review: family key 'kung-fu-piggy' equals the unique in-catalog Copyright root 'kung-fu-piggy'; candidate_authority=EXACT_QUALIFIER_EQUALS_COPYRIGHT_TAG.,VALIDATED,GLOBAL_EXACT_COPYRIGHT_SECOND_REVIEW_V1.csv; second-review=GLOBAL_EXACT_COPYRIGHT_SECOND_REVIEW_V1.csv; key=kung-fu-piggy; candidate_root_hint=kung-fu-piggy; state=PASS,SAFE_TO_MIGRATE
Family,kung_fu_panda,FAMILY_HOME,kung_fu_panda,EXACT_COPYRIGHT_REVIEWED,REVIEWED_QUALIFIER_COPYRIGHT,,Second-reviewed Issue #180 exact qualifier review: family key 'kung_fu_panda' equals the unique in-catalog Copyright root 'kung_fu_panda'; candidate_authority=EXACT_QUALIFIER_EQUALS_COPYRIGHT_TAG.,VALIDATED,GLOBAL_EXACT_COPYRIGHT_SECOND_REVIEW_V1.csv; second-review=GLOBAL_EXACT_COPYRIGHT_SECOND_REVIEW_V1.csv; key=kung_fu_panda; candidate_root_hint=kung_fu_panda; state=PASS,SAFE_TO_MIGRATE
Family,kunoichi_tsubaki_no_mune_no_uchi,FAMILY_HOME,kunoichi_tsubaki_no_mune_no_uchi,EXACT_COPYRIGHT_REVIEWED,REVIEWED_QUALIFIER_COPYRIGHT,,Second-reviewed Issue #180 exact qualifier review: family key 'kunoichi_tsubaki_no_mune_no_uchi' equals the unique in-catalog Copyright root 'kunoichi_tsubaki_no_mune_no_uchi'; candidate_authority=EXACT_QUALIFIER_EQUALS_COPYRIGHT_TAG.,VALIDATED,GLOBAL_EXACT_COPYRIGHT_SECOND_REVIEW_V1.csv; second-review=GLOBAL_EXACT_COPYRIGHT_SECOND_REVIEW_V1.csv; key=kunoichi_tsubaki_no_mune_no_uchi; candidate_root_hint=kunoichi_tsubaki_no_mune_no_uchi; state=PASS,SAFE_TO_MIGRATE
Family,kurone_no_kimochi,FAMILY_HOME,kurone_no_kimochi,EXACT_COPYRIGHT_REVIEWED,REVIEWED_QUALIFIER_COPYRIGHT,,Second-reviewed Issue #180 exact qualifier review: family key 'kurone_no_kimochi' equals the unique in-catalog Copyright root 'kurone_no_kimochi'; candidate_authority=EXACT_QUALIFIER_EQUALS_COPYRIGHT_TAG.,VALIDATED,GLOBAL_EXACT_COPYRIGHT_SECOND_REVIEW_V1.csv; second-review=GLOBAL_EXACT_COPYRIGHT_SECOND_REVIEW_V1.csv; key=kurone_no_kimochi; candidate_root_hint=kurone_no_kimochi; state=PASS,SAFE_TO_MIGRATE
Family,kusuriya_no_hitorigoto,FAMILY_HOME,kusuriya_no_hitorigoto,EXACT_COPYRIGHT_REVIEWED,REVIEWED_QUALIFIER_COPYRIGHT,,Second-reviewed Issue #180 exact qualifier review: family key 'kusuriya_no_hitorigoto' equals the unique in-catalog Copyright root 'kusuriya_no_hitorigoto'; candidate_authority=EXACT_QUALIFIER_EQUALS_COPYRIGHT_TAG.,VALIDATED,GLOBAL_EXACT_COPYRIGHT_SECOND_REVIEW_V1.csv; second-review=GLOBAL_EXACT_COPYRIGHT_SECOND_REVIEW_V1.csv; key=kusuriya_no_hitorigoto; candidate_root_hint=kusuriya_no_hitorigoto; state=PASS,SAFE_TO_MIGRATE
Family,kyatto_ninden_teyandee,FAMILY_HOME,kyatto_ninden_teyandee,EXACT_COPYRIGHT_REVIEWED,REVIEWED_QUALIFIER_COPYRIGHT,,Second-reviewed Issue #180 exact qualifier review: family key 'kyatto_ninden_teyandee' equals the unique in-catalog Copyright root 'kyatto_ninden_teyandee'; candidate_authority=EXACT_QUALIFIER_EQUALS_COPYRIGHT_TAG.,VALIDATED,GLOBAL_EXACT_COPYRIGHT_SECOND_REVIEW_V1.csv; second-review=GLOBAL_EXACT_COPYRIGHT_SECOND_REVIEW_V1.csv; key=kyatto_ninden_teyandee; candidate_root_hint=kyatto_ninden_teyandee; state=PASS,SAFE_TO_MIGRATE
Family,kyokugen_dasshutsu,FAMILY_HOME,kyokugen_dasshutsu,EXACT_COPYRIGHT_REVIEWED,REVIEWED_QUALIFIER_COPYRIGHT,,Second-reviewed Issue #180 exact qualifier review: family key 'kyokugen_dasshutsu' equals the unique in-catalog Copyright root 'kyokugen_dasshutsu'; candidate_authority=EXACT_QUALIFIER_EQUALS_COPYRIGHT_TAG.,VALIDATED,GLOBAL_EXACT_COPYRIGHT_SECOND_REVIEW_V1.csv; second-review=GLOBAL_EXACT_COPYRIGHT_SECOND_REVIEW_V1.csv; key=kyokugen_dasshutsu; candidate_root_hint=kyokugen_dasshutsu; state=PASS,SAFE_TO_MIGRATE
Family,kyouka_jinrui_amunero,FAMILY_HOME,kyouka_jinrui_amunero,EXACT_COPYRIGHT_REVIEWED,REVIEWED_QUALIFIER_COPYRIGHT,,Second-reviewed Issue #180 exact qualifier review: family key 'kyouka_jinrui_amunero' equals the unique in-catalog Copyright root 'kyouka_jinrui_amunero'; candidate_authority=EXACT_QUALIFIER_EQUALS_COPYRIGHT_TAG.,VALIDATED,GLOBAL_EXACT_COPYRIGHT_SECOND_REVIEW_V1.csv; second-review=GLOBAL_EXACT_COPYRIGHT_SECOND_REVIEW_V1.csv; key=kyouka_jinrui_amunero; candidate_root_hint=kyouka_jinrui_amunero; state=PASS,SAFE_TO_MIGRATE
Family,kyoukaisenjou_no_horizon,FAMILY_HOME,kyoukaisenjou_no_horizon,EXACT_COPYRIGHT_REVIEWED,REVIEWED_QUALIFIER_COPYRIGHT,,Second-reviewed Issue #180 exact qualifier review: family key 'kyoukaisenjou_no_horizon' equals the unique in-catalog Copyright root 'kyoukaisenjou_no_horizon'; candidate_authority=EXACT_QUALIFIER_EQUALS_COPYRIGHT_TAG.,VALIDATED,GLOBAL_EXACT_COPYRIGHT_SECOND_REVIEW_V1.csv; second-review=GLOBAL_EXACT_COPYRIGHT_SECOND_REVIEW_V1.csv; key=kyoukaisenjou_no_horizon; candidate_root_hint=kyoukaisenjou_no_horizon; state=PASS,SAFE_TO_MIGRATE
Family,kyousougiga,FAMILY_HOME,kyousougiga,EXACT_COPYRIGHT_REVIEWED,REVIEWED_QUALIFIER_COPYRIGHT,,Second-reviewed Issue #180 exact qualifier review: family key 'kyousougiga' equals the unique in-catalog Copyright root 'kyousougiga'; candidate_authority=EXACT_QUALIFIER_EQUALS_COPYRIGHT_TAG.,VALIDATED,GLOBAL_EXACT_COPYRIGHT_SECOND_REVIEW_V1.csv; second-review=GLOBAL_EXACT_COPYRIGHT_SECOND_REVIEW_V1.csv; key=kyousougiga; candidate_root_hint=kyousougiga; state=PASS,SAFE_TO_MIGRATE
Family,kyuuketsuki_sugu_shinu,FAMILY_HOME,kyuuketsuki_sugu_shinu,EXACT_COPYRIGHT_REVIEWED,REVIEWED_QUALIFIER_COPYRIGHT,,Second-reviewed Issue #180 exact qualifier review: family key 'kyuuketsuki_sugu_shinu' equals the unique in-catalog Copyright root 'kyuuketsuki_sugu_shinu'; candidate_authority=EXACT_QUALIFIER_EQUALS_COPYRIGHT_TAG.,VALIDATED,GLOBAL_EXACT_COPYRIGHT_SECOND_REVIEW_V1.csv; second-review=GLOBAL_EXACT_COPYRIGHT_SECOND_REVIEW_V1.csv; key=kyuuketsuki_sugu_shinu; candidate_root_hint=kyuuketsuki_sugu_shinu; state=PASS,SAFE_TO_MIGRATE
Family,lake_of_voices,FAMILY_HOME,lake_of_voices,EXACT_COPYRIGHT_REVIEWED,REVIEWED_QUALIFIER_COPYRIGHT,,Second-reviewed Issue #180 exact qualifier review: family key 'lake_of_voices' equals the unique in-catalog Copyright root 'lake_of_voices'; candidate_authority=EXACT_QUALIFIER_EQUALS_COPYRIGHT_TAG.,VALIDATED,GLOBAL_EXACT_COPYRIGHT_SECOND_REVIEW_V1.csv; second-review=GLOBAL_EXACT_COPYRIGHT_SECOND_REVIEW_V1.csv; key=lake_of_voices; candidate_root_hint=lake_of_voices; state=PASS,SAFE_TO_MIGRATE
Family,lamento,FAMILY_HOME,lamento,EXACT_COPYRIGHT_REVIEWED,REVIEWED_QUALIFIER_COPYRIGHT,,Second-reviewed Issue #180 exact qualifier review: family key 'lamento' equals the unique in-catalog Copyright root 'lamento'; candidate_authority=EXACT_QUALIFIER_EQUALS_COPYRIGHT_TAG.,VALIDATED,GLOBAL_EXACT_COPYRIGHT_SECOND_REVIEW_V1.csv; second-review=GLOBAL_EXACT_COPYRIGHT_SECOND_REVIEW_V1.csv; key=lamento; candidate_root_hint=lamento; state=PASS,SAFE_TO_MIGRATE
Family,lamune,FAMILY_HOME,lamune,EXACT_COPYRIGHT_REVIEWED,REVIEWED_QUALIFIER_COPYRIGHT,,Second-reviewed Issue #180 exact qualifier review: family key 'lamune' equals the unique in-catalog Copyright root 'lamune'; candidate_authority=EXACT_QUALIFIER_EQUALS_COPYRIGHT_TAG.,VALIDATED,GLOBAL_EXACT_COPYRIGHT_SECOND_REVIEW_V1.csv; second-review=GLOBAL_EXACT_COPYRIGHT_SECOND_REVIEW_V1.csv; key=lamune; candidate_root_hint=lamune; state=PASS,SAFE_TO_MIGRATE
Family,langrisser,FAMILY_HOME,langrisser,EXACT_COPYRIGHT_REVIEWED,REVIEWED_QUALIFIER_COPYRIGHT,,Second-reviewed Issue #180 exact qualifier review: family key 'langrisser' equals the unique in-catalog Copyright root 'langrisser'; candidate_authority=EXACT_QUALIFIER_EQUALS_COPYRIGHT_TAG.,VALIDATED,GLOBAL_EXACT_COPYRIGHT_SECOND_REVIEW_V1.csv; second-review=GLOBAL_EXACT_COPYRIGHT_SECOND_REVIEW_V1.csv; key=langrisser; candidate_root_hint=langrisser; state=PASS,SAFE_TO_MIGRATE
Family,last_origin,FAMILY_HOME,last_origin,FIRST_PARTY_REVIEWED,EXTERNAL_AUTHORITY,https://www.last-origin.com/bio.html,Official LAST ORIGIN site exposes its Bioroid/character roster.,VALIDATED,P1_P3_AUTHORITY_SECOND_REVIEW_V1.csv; second-review=P1_P3_AUTHORITY_SECOND_REVIEW_V1.csv; key=last_origin; candidate_root=last_origin; state=PASS,SAFE_TO_MIGRATE
Family,league,FAMILY_HOME,league_of_legends,FIRST_PARTY_REVIEWED,EXTERNAL_AUTHORITY,https://www.leagueoflegends.com/ja-jp/champions/,Riot official League of Legends champion roster supports league -> league_of_legends normalization.,VALIDATED,P1_P3_AUTHORITY_SECOND_REVIEW_V1.csv; second-review=P1_P3_AUTHORITY_SECOND_REVIEW_V1.csv; key=league; candidate_root=league_of_legends; state=PASS,SAFE_TO_MIGRATE
Family,learning_with_manga!_fgo,FAMILY_HOME,learning_with_manga!_fgo,EXACT_COPYRIGHT_REVIEWED,REVIEWED_QUALIFIER_COPYRIGHT,,Second-reviewed Issue #180 exact qualifier review: family key 'learning_with_manga!_fgo' equals the unique in-catalog Copyright root 'learning_with_manga!_fgo'; candidate_authority=EXACT_QUALIFIER_EQUALS_COPYRIGHT_TAG.,VALIDATED,GLOBAL_EXACT_COPYRIGHT_SECOND_REVIEW_V1.csv; second-review=GLOBAL_EXACT_COPYRIGHT_SECOND_REVIEW_V1.csv; key=learning_with_manga!_fgo; candidate_root_hint=learning_with_manga!_fgo; state=PASS,SAFE_TO_MIGRATE
Family,left_4_dead,FAMILY_HOME,left_4_dead,EXACT_COPYRIGHT_REVIEWED,REVIEWED_QUALIFIER_COPYRIGHT,,Second-reviewed Issue #180 exact qualifier review: family key 'left_4_dead' equals the unique in-catalog Copyright root 'left_4_dead'; candidate_authority=EXACT_QUALIFIER_EQUALS_COPYRIGHT_TAG.,VALIDATED,GLOBAL_EXACT_COPYRIGHT_SECOND_REVIEW_V1.csv; second-review=GLOBAL_EXACT_COPYRIGHT_SECOND_REVIEW_V1.csv; key=left_4_dead; candidate_root_hint=left_4_dead; state=PASS,SAFE_TO_MIGRATE
Family,legend_of_queen_opala,FAMILY_HOME,legend_of_queen_opala,EXACT_COPYRIGHT_REVIEWED,REVIEWED_QUALIFIER_COPYRIGHT,,Second-reviewed Issue #180 exact qualifier review: family key 'legend_of_queen_opala' equals the unique in-catalog Copyright root 'legend_of_queen_opala'; candidate_authority=EXACT_QUALIFIER_EQUALS_COPYRIGHT_TAG.,VALIDATED,GLOBAL_EXACT_COPYRIGHT_SECOND_REVIEW_V1.csv; second-review=GLOBAL_EXACT_COPYRIGHT_SECOND_REVIEW_V1.csv; key=legend_of_queen_opala; candidate_root_hint=legend_of_queen_opala; state=PASS,SAFE_TO_MIGRATE
Family,lelie_navigation,FAMILY_HOME,lelie_navigation,EXACT_COPYRIGHT_REVIEWED,REVIEWED_QUALIFIER_COPYRIGHT,,Second-reviewed Issue #180 exact qualifier review: family key 'lelie_navigation' equals the unique in-catalog Copyright root 'lelie_navigation'; candidate_authority=EXACT_QUALIFIER_EQUALS_COPYRIGHT_TAG.,VALIDATED,GLOBAL_EXACT_COPYRIGHT_SECOND_REVIEW_V1.csv; second-review=GLOBAL_EXACT_COPYRIGHT_SECOND_REVIEW_V1.csv; key=lelie_navigation; candidate_root_hint=lelie_navigation; state=PASS,SAFE_TO_MIGRATE
Family,len'en,FAMILY_HOME,len'en,EXACT_COPYRIGHT_REVIEWED,REVIEWED_QUALIFIER_COPYRIGHT,,"Second-reviewed Issue #180 exact qualifier review: family key ""len'en"" equals the unique in-catalog Copyright root ""len'en""; candidate_authority=EXACT_QUALIFIER_EQUALS_COPYRIGHT_TAG.",VALIDATED,GLOBAL_EXACT_COPYRIGHT_SECOND_REVIEW_V1.csv; second-review=GLOBAL_EXACT_COPYRIGHT_SECOND_REVIEW_V1.csv; key=len'en; candidate_root_hint=len'en; state=PASS,SAFE_TO_MIGRATE
Family,leon_the_professional,FAMILY_HOME,leon_the_professional,EXACT_COPYRIGHT_REVIEWED,REVIEWED_QUALIFIER_COPYRIGHT,,Second-reviewed Issue #180 exact qualifier review: family key 'leon_the_professional' equals the unique in-catalog Copyright root 'leon_the_professional'; candidate_authority=EXACT_QUALIFIER_EQUALS_COPYRIGHT_TAG.,VALIDATED,GLOBAL_EXACT_COPYRIGHT_SECOND_REVIEW_V1.csv; second-review=GLOBAL_EXACT_COPYRIGHT_SECOND_REVIEW_V1.csv; key=leon_the_professional; candidate_root_hint=leon_the_professional; state=PASS,SAFE_TO_MIGRATE
Family,let's_go_kaikigumi,FAMILY_HOME,let's_go_kaikigumi,EXACT_COPYRIGHT_REVIEWED,REVIEWED_QUALIFIER_COPYRIGHT,,"Second-reviewed Issue #180 exact qualifier review: family key ""let's_go_kaikigumi"" equals the unique in-catalog Copyright root ""let's_go_kaikigumi""; candidate_authority=EXACT_QUALIFIER_EQUALS_COPYRIGHT_TAG.",VALIDATED,GLOBAL_EXACT_COPYRIGHT_SECOND_REVIEW_V1.csv; second-review=GLOBAL_EXACT_COPYRIGHT_SECOND_REVIEW_V1.csv; key=let's_go_kaikigumi; candidate_root_hint=let's_go_kaikigumi; state=PASS,SAFE_TO_MIGRATE
Family,lethal_company,FAMILY_HOME,lethal_company,EXACT_COPYRIGHT_REVIEWED,REVIEWED_QUALIFIER_COPYRIGHT,,Second-reviewed Issue #180 exact qualifier review: family key 'lethal_company' equals the unique in-catalog Copyright root 'lethal_company'; candidate_authority=EXACT_QUALIFIER_EQUALS_COPYRIGHT_TAG.,VALIDATED,GLOBAL_EXACT_COPYRIGHT_SECOND_REVIEW_V1.csv; second-review=GLOBAL_EXACT_COPYRIGHT_SECOND_REVIEW_V1.csv; key=lethal_company; candidate_root_hint=lethal_company; state=PASS,SAFE_TO_MIGRATE
Family,lies_of_p,FAMILY_HOME,lies_of_p,EXACT_COPYRIGHT_REVIEWED,REVIEWED_QUALIFIER_COPYRIGHT,,Second-reviewed Issue #180 exact qualifier review: family key 'lies_of_p' equals the unique in-catalog Copyright root 'lies_of_p'; candidate_authority=EXACT_QUALIFIER_EQUALS_COPYRIGHT_TAG.,VALIDATED,GLOBAL_EXACT_COPYRIGHT_SECOND_REVIEW_V1.csv; second-review=GLOBAL_EXACT_COPYRIGHT_SECOND_REVIEW_V1.csv; key=lies_of_p; candidate_root_hint=lies_of_p; state=PASS,SAFE_TO_MIGRATE
Family,light_and_night_love,FAMILY_HOME,light_and_night_love,EXACT_COPYRIGHT_REVIEWED,REVIEWED_QUALIFIER_COPYRIGHT,,Second-reviewed Issue #180 exact qualifier review: family key 'light_and_night_love' equals the unique in-catalog Copyright root 'light_and_night_love'; candidate_authority=EXACT_QUALIFIER_EQUALS_COPYRIGHT_TAG.,VALIDATED,GLOBAL_EXACT_COPYRIGHT_SECOND_REVIEW_V1.csv; second-review=GLOBAL_EXACT_COPYRIGHT_SECOND_REVIEW_V1.csv; key=light_and_night_love; candidate_root_hint=light_and_night_love; state=PASS,SAFE_TO_MIGRATE
Family,like_mother_like_daughter,FAMILY_HOME,like_mother_like_daughter,EXACT_COPYRIGHT_REVIEWED,REVIEWED_QUALIFIER_COPYRIGHT,,Second-reviewed Issue #180 exact qualifier review: family key 'like_mother_like_daughter' equals the unique in-catalog Copyright root 'like_mother_like_daughter'; candidate_authority=EXACT_QUALIFIER_EQUALS_COPYRIGHT_TAG.,VALIDATED,GLOBAL_EXACT_COPYRIGHT_SECOND_REVIEW_V1.csv; second-review=GLOBAL_EXACT_COPYRIGHT_SECOND_REVIEW_V1.csv; key=like_mother_like_daughter; candidate_root_hint=like_mother_like_daughter; state=PASS,SAFE_TO_MIGRATE
Family,lilo_&_stitch,FAMILY_HOME,lilo_&_stitch,EXACT_COPYRIGHT_REVIEWED,REVIEWED_QUALIFIER_COPYRIGHT,,Second-reviewed Issue #180 exact qualifier review: family key 'lilo_&_stitch' equals the unique in-catalog Copyright root 'lilo_&_stitch'; candidate_authority=EXACT_QUALIFIER_EQUALS_COPYRIGHT_TAG.,VALIDATED,GLOBAL_EXACT_COPYRIGHT_SECOND_REVIEW_V1.csv; second-review=GLOBAL_EXACT_COPYRIGHT_SECOND_REVIEW_V1.csv; key=lilo_&_stitch; candidate_root_hint=lilo_&_stitch; state=PASS,SAFE_TO_MIGRATE
Family,limbus_company,FAMILY_HOME,limbus_company,EXACT_COPYRIGHT_REVIEWED,REVIEWED_QUALIFIER_COPYRIGHT,,Second-reviewed Issue #180 exact qualifier review: family key 'limbus_company' equals the unique in-catalog Copyright root 'limbus_company'; candidate_authority=EXACT_QUALIFIER_EQUALS_COPYRIGHT_TAG.,VALIDATED,GLOBAL_EXACT_COPYRIGHT_SECOND_REVIEW_V1.csv; second-review=GLOBAL_EXACT_COPYRIGHT_SECOND_REVIEW_V1.csv; key=limbus_company; candidate_root_hint=limbus_company; state=PASS,SAFE_TO_MIGRATE
Family,lineage,FAMILY_HOME,lineage,EXACT_COPYRIGHT_REVIEWED,REVIEWED_QUALIFIER_COPYRIGHT,,Second-reviewed Issue #180 exact qualifier review: family key 'lineage' equals the unique in-catalog Copyright root 'lineage'; candidate_authority=EXACT_QUALIFIER_EQUALS_COPYRIGHT_TAG.,VALIDATED,GLOBAL_EXACT_COPYRIGHT_SECOND_REVIEW_V1.csv; second-review=GLOBAL_EXACT_COPYRIGHT_SECOND_REVIEW_V1.csv; key=lineage; candidate_root_hint=lineage; state=PASS,SAFE_TO_MIGRATE
Family,lineage_2,FAMILY_HOME,lineage_2,EXACT_COPYRIGHT_REVIEWED,REVIEWED_QUALIFIER_COPYRIGHT,,Second-reviewed Issue #180 exact qualifier review: family key 'lineage_2' equals the unique in-catalog Copyright root 'lineage_2'; candidate_authority=EXACT_QUALIFIER_EQUALS_COPYRIGHT_TAG.,VALIDATED,GLOBAL_EXACT_COPYRIGHT_SECOND_REVIEW_V1.csv; second-review=GLOBAL_EXACT_COPYRIGHT_SECOND_REVIEW_V1.csv; key=lineage_2; candidate_root_hint=lineage_2; state=PASS,SAFE_TO_MIGRATE
Family,little_busters!,FAMILY_HOME,little_busters!,EXACT_COPYRIGHT_REVIEWED,REVIEWED_QUALIFIER_COPYRIGHT,,Second-reviewed Issue #180 exact qualifier review: family key 'little_busters!' equals the unique in-catalog Copyright root 'little_busters!'; candidate_authority=EXACT_QUALIFIER_EQUALS_COPYRIGHT_TAG.,VALIDATED,GLOBAL_EXACT_COPYRIGHT_SECOND_REVIEW_V1.csv; second-review=GLOBAL_EXACT_COPYRIGHT_SECOND_REVIEW_V1.csv; key=little_busters!; candidate_root_hint=little_busters!; state=PASS,SAFE_TO_MIGRATE
Family,little_goody_two_shoes,FAMILY_HOME,little_goody_two_shoes,EXACT_COPYRIGHT_REVIEWED,REVIEWED_QUALIFIER_COPYRIGHT,,Second-reviewed Issue #180 exact qualifier review: family key 'little_goody_two_shoes' equals the unique in-catalog Copyright root 'little_goody_two_shoes'; candidate_authority=EXACT_QUALIFIER_EQUALS_COPYRIGHT_TAG.,VALIDATED,GLOBAL_EXACT_COPYRIGHT_SECOND_REVIEW_V1.csv; second-review=GLOBAL_EXACT_COPYRIGHT_SECOND_REVIEW_V1.csv; key=little_goody_two_shoes; candidate_root_hint=little_goody_two_shoes; state=PASS,SAFE_TO_MIGRATE
Family,little_nightmares,FAMILY_HOME,little_nightmares,EXACT_COPYRIGHT_REVIEWED,REVIEWED_QUALIFIER_COPYRIGHT,,Second-reviewed Issue #180 exact qualifier review: family key 'little_nightmares' equals the unique in-catalog Copyright root 'little_nightmares'; candidate_authority=EXACT_QUALIFIER_EQUALS_COPYRIGHT_TAG.,VALIDATED,GLOBAL_EXACT_COPYRIGHT_SECOND_REVIEW_V1.csv; second-review=GLOBAL_EXACT_COPYRIGHT_SECOND_REVIEW_V1.csv; key=little_nightmares; candidate_root_hint=little_nightmares; state=PASS,SAFE_TO_MIGRATE
Family,little_noah,FAMILY_HOME,little_noah,EXACT_COPYRIGHT_REVIEWED,REVIEWED_QUALIFIER_COPYRIGHT,,Second-reviewed Issue #180 exact qualifier review: family key 'little_noah' equals the unique in-catalog Copyright root 'little_noah'; candidate_authority=EXACT_QUALIFIER_EQUALS_COPYRIGHT_TAG.,VALIDATED,GLOBAL_EXACT_COPYRIGHT_SECOND_REVIEW_V1.csv; second-review=GLOBAL_EXACT_COPYRIGHT_SECOND_REVIEW_V1.csv; key=little_noah; candidate_root_hint=little_noah; state=PASS,SAFE_TO_MIGRATE
Family,little_princess,FAMILY_HOME,little_princess,EXACT_COPYRIGHT_REVIEWED,REVIEWED_QUALIFIER_COPYRIGHT,,Second-reviewed Issue #180 exact qualifier review: family key 'little_princess' equals the unique in-catalog Copyright root 'little_princess'; candidate_authority=EXACT_QUALIFIER_EQUALS_COPYRIGHT_TAG.,VALIDATED,GLOBAL_EXACT_COPYRIGHT_SECOND_REVIEW_V1.csv; second-review=GLOBAL_EXACT_COPYRIGHT_SECOND_REVIEW_V1.csv; key=little_princess; candidate_root_hint=little_princess; state=PASS,SAFE_TO_MIGRATE
Family,little_twin_stars,FAMILY_HOME,little_twin_stars,EXACT_COPYRIGHT_REVIEWED,REVIEWED_QUALIFIER_COPYRIGHT,,Second-reviewed Issue #180 exact qualifier review: family key 'little_twin_stars' equals the unique in-catalog Copyright root 'little_twin_stars'; candidate_authority=EXACT_QUALIFIER_EQUALS_COPYRIGHT_TAG.,VALIDATED,GLOBAL_EXACT_COPYRIGHT_SECOND_REVIEW_V1.csv; second-review=GLOBAL_EXACT_COPYRIGHT_SECOND_REVIEW_V1.csv; key=little_twin_stars; candidate_root_hint=little_twin_stars; state=PASS,SAFE_TO_MIGRATE
Family,little_witch_nobeta,FAMILY_HOME,little_witch_nobeta,EXACT_COPYRIGHT_REVIEWED,REVIEWED_QUALIFIER_COPYRIGHT,,Second-reviewed Issue #180 exact qualifier review: family key 'little_witch_nobeta' equals the unique in-catalog Copyright root 'little_witch_nobeta'; candidate_authority=EXACT_QUALIFIER_EQUALS_COPYRIGHT_TAG.,VALIDATED,GLOBAL_EXACT_COPYRIGHT_SECOND_REVIEW_V1.csv; second-review=GLOBAL_EXACT_COPYRIGHT_SECOND_REVIEW_V1.csv; key=little_witch_nobeta; candidate_root_hint=little_witch_nobeta; state=PASS,SAFE_TO_MIGRATE
Family,live_a_hero,FAMILY_HOME,live_a_hero,EXACT_COPYRIGHT_REVIEWED,REVIEWED_QUALIFIER_COPYRIGHT,,Second-reviewed Issue #180 exact qualifier review: family key 'live_a_hero' equals the unique in-catalog Copyright root 'live_a_hero'; candidate_authority=EXACT_QUALIFIER_EQUALS_COPYRIGHT_TAG.,VALIDATED,GLOBAL_EXACT_COPYRIGHT_SECOND_REVIEW_V1.csv; second-review=GLOBAL_EXACT_COPYRIGHT_SECOND_REVIEW_V1.csv; key=live_a_hero; candidate_root_hint=live_a_hero; state=PASS,SAFE_TO_MIGRATE
Family,live_union,FAMILY_HOME,live_union,EXACT_COPYRIGHT_REVIEWED,REVIEWED_QUALIFIER_COPYRIGHT,,Second-reviewed Issue #180 exact qualifier review: family key 'live_union' equals the unique in-catalog Copyright root 'live_union'; candidate_authority=EXACT_QUALIFIER_EQUALS_COPYRIGHT_TAG.,VALIDATED,GLOBAL_EXACT_COPYRIGHT_SECOND_REVIEW_V1.csv; second-review=GLOBAL_EXACT_COPYRIGHT_SECOND_REVIEW_V1.csv; key=live_union; candidate_root_hint=live_union; state=PASS,SAFE_TO_MIGRATE
Family,log_horizon,FAMILY_HOME,log_horizon,EXACT_COPYRIGHT_REVIEWED,REVIEWED_QUALIFIER_COPYRIGHT,,Second-reviewed Issue #180 exact qualifier review: family key 'log_horizon' equals the unique in-catalog Copyright root 'log_horizon'; candidate_authority=EXACT_QUALIFIER_EQUALS_COPYRIGHT_TAG.,VALIDATED,GLOBAL_EXACT_COPYRIGHT_SECOND_REVIEW_V1.csv; second-review=GLOBAL_EXACT_COPYRIGHT_SECOND_REVIEW_V1.csv; key=log_horizon; candidate_root_hint=log_horizon; state=PASS,SAFE_TO_MIGRATE
Family,lonely_girl_ni_sakaraenai,FAMILY_HOME,lonely_girl_ni_sakaraenai,EXACT_COPYRIGHT_REVIEWED,REVIEWED_QUALIFIER_COPYRIGHT,,Second-reviewed Issue #180 exact qualifier review: family key 'lonely_girl_ni_sakaraenai' equals the unique in-catalog Copyright root 'lonely_girl_ni_sakaraenai'; candidate_authority=EXACT_QUALIFIER_EQUALS_COPYRIGHT_TAG.,VALIDATED,GLOBAL_EXACT_COPYRIGHT_SECOND_REVIEW_V1.csv; second-review=GLOBAL_EXACT_COPYRIGHT_SECOND_REVIEW_V1.csv; key=lonely_girl_ni_sakaraenai; candidate_root_hint=lonely_girl_ni_sakaraenai; state=PASS,SAFE_TO_MIGRATE
Family,look_back,FAMILY_HOME,look_back,EXACT_COPYRIGHT_REVIEWED,REVIEWED_QUALIFIER_COPYRIGHT,,Second-reviewed Issue #180 exact qualifier review: family key 'look_back' equals the unique in-catalog Copyright root 'look_back'; candidate_authority=EXACT_QUALIFIER_EQUALS_COPYRIGHT_TAG.,VALIDATED,GLOBAL_EXACT_COPYRIGHT_SECOND_REVIEW_V1.csv; second-review=GLOBAL_EXACT_COPYRIGHT_SECOND_REVIEW_V1.csv; key=look_back; candidate_root_hint=look_back; state=PASS,SAFE_TO_MIGRATE
Family,lord_of_heroes,FAMILY_HOME,lord_of_heroes,EXACT_COPYRIGHT_REVIEWED,REVIEWED_QUALIFIER_COPYRIGHT,,Second-reviewed Issue #180 exact qualifier review: family key 'lord_of_heroes' equals the unique in-catalog Copyright root 'lord_of_heroes'; candidate_authority=EXACT_QUALIFIER_EQUALS_COPYRIGHT_TAG.,VALIDATED,GLOBAL_EXACT_COPYRIGHT_SECOND_REVIEW_V1.csv; second-review=GLOBAL_EXACT_COPYRIGHT_SECOND_REVIEW_V1.csv; key=lord_of_heroes; candidate_root_hint=lord_of_heroes; state=PASS,SAFE_TO_MIGRATE
Family,lord_of_the_mysteries,FAMILY_HOME,lord_of_the_mysteries,EXACT_COPYRIGHT_REVIEWED,REVIEWED_QUALIFIER_COPYRIGHT,,Second-reviewed Issue #180 exact qualifier review: family key 'lord_of_the_mysteries' equals the unique in-catalog Copyright root 'lord_of_the_mysteries'; candidate_authority=EXACT_QUALIFIER_EQUALS_COPYRIGHT_TAG.,VALIDATED,GLOBAL_EXACT_COPYRIGHT_SECOND_REVIEW_V1.csv; second-review=GLOBAL_EXACT_COPYRIGHT_SECOND_REVIEW_V1.csv; key=lord_of_the_mysteries; candidate_root_hint=lord_of_the_mysteries; state=PASS,SAFE_TO_MIGRATE
Family,love-bullet,FAMILY_HOME,love-bullet,EXACT_COPYRIGHT_REVIEWED,REVIEWED_QUALIFIER_COPYRIGHT,,Second-reviewed Issue #180 exact qualifier review: family key 'love-bullet' equals the unique in-catalog Copyright root 'love-bullet'; candidate_authority=EXACT_QUALIFIER_EQUALS_COPYRIGHT_TAG.,VALIDATED,GLOBAL_EXACT_COPYRIGHT_SECOND_REVIEW_V1.csv; second-review=GLOBAL_EXACT_COPYRIGHT_SECOND_REVIEW_V1.csv; key=love-bullet; candidate_root_hint=love-bullet; state=PASS,SAFE_TO_MIGRATE
Family,love_and_deepspace,FAMILY_HOME,love_and_deepspace,EXACT_COPYRIGHT_REVIEWED,REVIEWED_QUALIFIER_COPYRIGHT,,Second-reviewed Issue #180 exact qualifier review: family key 'love_and_deepspace' equals the unique in-catalog Copyright root 'love_and_deepspace'; candidate_authority=EXACT_QUALIFIER_EQUALS_COPYRIGHT_TAG.,VALIDATED,GLOBAL_EXACT_COPYRIGHT_SECOND_REVIEW_V1.csv; second-review=GLOBAL_EXACT_COPYRIGHT_SECOND_REVIEW_V1.csv; key=love_and_deepspace; candidate_root_hint=love_and_deepspace; state=PASS,SAFE_TO_MIGRATE
Family,love_and_producer,FAMILY_HOME,love_and_producer,EXACT_COPYRIGHT_REVIEWED,REVIEWED_QUALIFIER_COPYRIGHT,,Second-reviewed Issue #180 exact qualifier review: family key 'love_and_producer' equals the unique in-catalog Copyright root 'love_and_producer'; candidate_authority=EXACT_QUALIFIER_EQUALS_COPYRIGHT_TAG.,VALIDATED,GLOBAL_EXACT_COPYRIGHT_SECOND_REVIEW_V1.csv; second-review=GLOBAL_EXACT_COPYRIGHT_SECOND_REVIEW_V1.csv; key=love_and_producer; candidate_root_hint=love_and_producer; state=PASS,SAFE_TO_MIGRATE
Family,love_angel_syndrome,FAMILY_HOME,love_angel_syndrome,EXACT_COPYRIGHT_REVIEWED,REVIEWED_QUALIFIER_COPYRIGHT,,Second-reviewed Issue #180 exact qualifier review: family key 'love_angel_syndrome' equals the unique in-catalog Copyright root 'love_angel_syndrome'; candidate_authority=EXACT_QUALIFIER_EQUALS_COPYRIGHT_TAG.,VALIDATED,GLOBAL_EXACT_COPYRIGHT_SECOND_REVIEW_V1.csv; second-review=GLOBAL_EXACT_COPYRIGHT_SECOND_REVIEW_V1.csv; key=love_angel_syndrome; candidate_root_hint=love_angel_syndrome; state=PASS,SAFE_TO_MIGRATE
Family,love_hina,FAMILY_HOME,love_hina,EXACT_COPYRIGHT_REVIEWED,REVIEWED_QUALIFIER_COPYRIGHT,,Second-reviewed Issue #180 exact qualifier review: family key 'love_hina' equals the unique in-catalog Copyright root 'love_hina'; candidate_authority=EXACT_QUALIFIER_EQUALS_COPYRIGHT_TAG.,VALIDATED,GLOBAL_EXACT_COPYRIGHT_SECOND_REVIEW_V1.csv; second-review=GLOBAL_EXACT_COPYRIGHT_SECOND_REVIEW_V1.csv; key=love_hina; candidate_root_hint=love_hina; state=PASS,SAFE_TO_MIGRATE
Family,love_live!,FAMILY_HOME,love_live!,EXACT_COPYRIGHT_REVIEWED,REVIEWED_QUALIFIER_COPYRIGHT,,Second-reviewed Issue #180 exact qualifier review: family key 'love_live!' equals the unique in-catalog Copyright root 'love_live!'; candidate_authority=EXACT_QUALIFIER_EQUALS_COPYRIGHT_TAG.,VALIDATED,GLOBAL_EXACT_COPYRIGHT_SECOND_REVIEW_V1.csv; second-review=GLOBAL_EXACT_COPYRIGHT_SECOND_REVIEW_V1.csv; key=love_live!; candidate_root_hint=love_live!; state=PASS,SAFE_TO_MIGRATE
Family,lovebrush_chronicles,FAMILY_HOME,lovebrush_chronicles,EXACT_COPYRIGHT_REVIEWED,REVIEWED_QUALIFIER_COPYRIGHT,,Second-reviewed Issue #180 exact qualifier review: family key 'lovebrush_chronicles' equals the unique in-catalog Copyright root 'lovebrush_chronicles'; candidate_authority=EXACT_QUALIFIER_EQUALS_COPYRIGHT_TAG.,VALIDATED,GLOBAL_EXACT_COPYRIGHT_SECOND_REVIEW_V1.csv; second-review=GLOBAL_EXACT_COPYRIGHT_SECOND_REVIEW_V1.csv; key=lovebrush_chronicles; candidate_root_hint=lovebrush_chronicles; state=PASS,SAFE_TO_MIGRATE
Family,lucky_star,FAMILY_HOME,lucky_star,EXACT_COPYRIGHT_REVIEWED,REVIEWED_QUALIFIER_COPYRIGHT,,Second-reviewed Issue #180 exact qualifier review: family key 'lucky_star' equals the unique in-catalog Copyright root 'lucky_star'; candidate_authority=EXACT_QUALIFIER_EQUALS_COPYRIGHT_TAG.,VALIDATED,GLOBAL_EXACT_COPYRIGHT_SECOND_REVIEW_V1.csv; second-review=GLOBAL_EXACT_COPYRIGHT_SECOND_REVIEW_V1.csv; key=lucky_star; candidate_root_hint=lucky_star; state=PASS,SAFE_TO_MIGRATE
Family,luminous_arc_2,FAMILY_HOME,luminous_arc_2,EXACT_COPYRIGHT_REVIEWED,REVIEWED_QUALIFIER_COPYRIGHT,,Second-reviewed Issue #180 exact qualifier review: family key 'luminous_arc_2' equals the unique in-catalog Copyright root 'luminous_arc_2'; candidate_authority=EXACT_QUALIFIER_EQUALS_COPYRIGHT_TAG.,VALIDATED,GLOBAL_EXACT_COPYRIGHT_SECOND_REVIEW_V1.csv; second-review=GLOBAL_EXACT_COPYRIGHT_SECOND_REVIEW_V1.csv; key=luminous_arc_2; candidate_root_hint=luminous_arc_2; state=PASS,SAFE_TO_MIGRATE
Family,lycoris_recoil,FAMILY_HOME,lycoris_recoil,EXACT_COPYRIGHT_REVIEWED,REVIEWED_QUALIFIER_COPYRIGHT,,Second-reviewed Issue #180 exact qualifier review: family key 'lycoris_recoil' equals the unique in-catalog Copyright root 'lycoris_recoil'; candidate_authority=EXACT_QUALIFIER_EQUALS_COPYRIGHT_TAG.,VALIDATED,GLOBAL_EXACT_COPYRIGHT_SECOND_REVIEW_V1.csv; second-review=GLOBAL_EXACT_COPYRIGHT_SECOND_REVIEW_V1.csv; key=lycoris_recoil; candidate_root_hint=lycoris_recoil; state=PASS,SAFE_TO_MIGRATE
Family,m.m,FAMILY_HOME,mm!,EXACT_COPYRIGHT_REVIEWED,REVIEWED_QUALIFIER_COPYRIGHT,,Second-reviewed Issue #180 exact qualifier review: family key 'm.m' equals the unique in-catalog Copyright root 'mm!'; candidate_authority=EXACT_QUALIFIER_EQUALS_COPYRIGHT_TAG.,VALIDATED,GLOBAL_EXACT_COPYRIGHT_SECOND_REVIEW_V1.csv; second-review=GLOBAL_EXACT_COPYRIGHT_SECOND_REVIEW_V1.csv; key=m.m; candidate_root_hint=mm!; state=PASS,SAFE_TO_MIGRATE
Family,m.u.g.e.n,FAMILY_HOME,m.u.g.e.n,EXACT_COPYRIGHT_REVIEWED,REVIEWED_QUALIFIER_COPYRIGHT,,Second-reviewed Issue #180 exact qualifier review: family key 'm.u.g.e.n' equals the unique in-catalog Copyright root 'm.u.g.e.n'; candidate_authority=EXACT_QUALIFIER_EQUALS_COPYRIGHT_TAG.,VALIDATED,GLOBAL_EXACT_COPYRIGHT_SECOND_REVIEW_V1.csv; second-review=GLOBAL_EXACT_COPYRIGHT_SECOND_REVIEW_V1.csv; key=m.u.g.e.n; candidate_root_hint=m.u.g.e.n; state=PASS,SAFE_TO_MIGRATE
Family,mabinogi,FAMILY_HOME,mabinogi,EXACT_COPYRIGHT_REVIEWED,REVIEWED_QUALIFIER_COPYRIGHT,,Second-reviewed Issue #180 exact qualifier review: family key 'mabinogi' equals the unique in-catalog Copyright root 'mabinogi'; candidate_authority=EXACT_QUALIFIER_EQUALS_COPYRIGHT_TAG.,VALIDATED,GLOBAL_EXACT_COPYRIGHT_SECOND_REVIEW_V1.csv; second-review=GLOBAL_EXACT_COPYRIGHT_SECOND_REVIEW_V1.csv; key=mabinogi; candidate_root_hint=mabinogi; state=PASS,SAFE_TO_MIGRATE
Family,mabinogi_heroes,FAMILY_HOME,mabinogi_heroes,EXACT_COPYRIGHT_REVIEWED,REVIEWED_QUALIFIER_COPYRIGHT,,Second-reviewed Issue #180 exact qualifier review: family key 'mabinogi_heroes' equals the unique in-catalog Copyright root 'mabinogi_heroes'; candidate_authority=EXACT_QUALIFIER_EQUALS_COPYRIGHT_TAG.,VALIDATED,GLOBAL_EXACT_COPYRIGHT_SECOND_REVIEW_V1.csv; second-review=GLOBAL_EXACT_COPYRIGHT_SECOND_REVIEW_V1.csv; key=mabinogi_heroes; candidate_root_hint=mabinogi_heroes; state=PASS,SAFE_TO_MIGRATE
Family,machikado_mazoku,FAMILY_HOME,machikado_mazoku,EXACT_COPYRIGHT_REVIEWED,REVIEWED_QUALIFIER_COPYRIGHT,,Second-reviewed Issue #180 exact qualifier review: family key 'machikado_mazoku' equals the unique in-catalog Copyright root 'machikado_mazoku'; candidate_authority=EXACT_QUALIFIER_EQUALS_COPYRIGHT_TAG.,VALIDATED,GLOBAL_EXACT_COPYRIGHT_SECOND_REVIEW_V1.csv; second-review=GLOBAL_EXACT_COPYRIGHT_SECOND_REVIEW_V1.csv; key=machikado_mazoku; candidate_root_hint=machikado_mazoku; state=PASS,SAFE_TO_MIGRATE
Family,macross,FAMILY_HOME,macross,EXACT_COPYRIGHT_REVIEWED,REVIEWED_QUALIFIER_COPYRIGHT,,Second-reviewed Issue #180 exact qualifier review: family key 'macross' equals the unique in-catalog Copyright root 'macross'; candidate_authority=EXACT_QUALIFIER_EQUALS_COPYRIGHT_TAG.,VALIDATED,GLOBAL_EXACT_COPYRIGHT_SECOND_REVIEW_V1.csv; second-review=GLOBAL_EXACT_COPYRIGHT_SECOND_REVIEW_V1.csv; key=macross; candidate_root_hint=macross; state=PASS,SAFE_TO_MIGRATE
Family,mad_rat_dead,FAMILY_HOME,mad_rat_dead,EXACT_COPYRIGHT_REVIEWED,REVIEWED_QUALIFIER_COPYRIGHT,,Second-reviewed Issue #180 exact qualifier review: family key 'mad_rat_dead' equals the unique in-catalog Copyright root 'mad_rat_dead'; candidate_authority=EXACT_QUALIFIER_EQUALS_COPYRIGHT_TAG.,VALIDATED,GLOBAL_EXACT_COPYRIGHT_SECOND_REVIEW_V1.csv; second-review=GLOBAL_EXACT_COPYRIGHT_SECOND_REVIEW_V1.csv; key=mad_rat_dead; candidate_root_hint=mad_rat_dead; state=PASS,SAFE_TO_MIGRATE
Family,madan_no_ichi,FAMILY_HOME,madan_no_ichi,EXACT_COPYRIGHT_REVIEWED,REVIEWED_QUALIFIER_COPYRIGHT,,Second-reviewed Issue #180 exact qualifier review: family key 'madan_no_ichi' equals the unique in-catalog Copyright root 'madan_no_ichi'; candidate_authority=EXACT_QUALIFIER_EQUALS_COPYRIGHT_TAG.,VALIDATED,GLOBAL_EXACT_COPYRIGHT_SECOND_REVIEW_V1.csv; second-review=GLOBAL_EXACT_COPYRIGHT_SECOND_REVIEW_V1.csv; key=madan_no_ichi; candidate_root_hint=madan_no_ichi; state=PASS,SAFE_TO_MIGRATE
Family,made_in_abyss,FAMILY_HOME,made_in_abyss,EXACT_COPYRIGHT_REVIEWED,REVIEWED_QUALIFIER_COPYRIGHT,,Second-reviewed Issue #180 exact qualifier review: family key 'made_in_abyss' equals the unique in-catalog Copyright root 'made_in_abyss'; candidate_authority=EXACT_QUALIFIER_EQUALS_COPYRIGHT_TAG.,VALIDATED,GLOBAL_EXACT_COPYRIGHT_SECOND_REVIEW_V1.csv; second-review=GLOBAL_EXACT_COPYRIGHT_SECOND_REVIEW_V1.csv; key=made_in_abyss; candidate_root_hint=made_in_abyss; state=PASS,SAFE_TO_MIGRATE
Family,mahjong_soul,FAMILY_HOME,mahjong_soul,EXACT_COPYRIGHT_REVIEWED,REVIEWED_QUALIFIER_COPYRIGHT,,Second-reviewed Issue #180 exact qualifier review: family key 'mahjong_soul' equals the unique in-catalog Copyright root 'mahjong_soul'; candidate_authority=EXACT_QUALIFIER_EQUALS_COPYRIGHT_TAG.,VALIDATED,GLOBAL_EXACT_COPYRIGHT_SECOND_REVIEW_V1.csv; second-review=GLOBAL_EXACT_COPYRIGHT_SECOND_REVIEW_V1.csv; key=mahjong_soul; candidate_root_hint=mahjong_soul; state=PASS,SAFE_TO_MIGRATE
Family,mahotama,FAMILY_HOME,mahotama,EXACT_COPYRIGHT_REVIEWED,REVIEWED_QUALIFIER_COPYRIGHT,,Second-reviewed Issue #180 exact qualifier review: family key 'mahotama' equals the unique in-catalog Copyright root 'mahotama'; candidate_authority=EXACT_QUALIFIER_EQUALS_COPYRIGHT_TAG.,VALIDATED,GLOBAL_EXACT_COPYRIGHT_SECOND_REVIEW_V1.csv; second-review=GLOBAL_EXACT_COPYRIGHT_SECOND_REVIEW_V1.csv; key=mahotama; candidate_root_hint=mahotama; state=PASS,SAFE_TO_MIGRATE
Family,mahou_no_yousei_persia,FAMILY_HOME,mahou_no_yousei_persia,EXACT_COPYRIGHT_REVIEWED,REVIEWED_QUALIFIER_COPYRIGHT,,Second-reviewed Issue #180 exact qualifier review: family key 'mahou_no_yousei_persia' equals the unique in-catalog Copyright root 'mahou_no_yousei_persia'; candidate_authority=EXACT_QUALIFIER_EQUALS_COPYRIGHT_TAG.,VALIDATED,GLOBAL_EXACT_COPYRIGHT_SECOND_REVIEW_V1.csv; second-review=GLOBAL_EXACT_COPYRIGHT_SECOND_REVIEW_V1.csv; key=mahou_no_yousei_persia; candidate_root_hint=mahou_no_yousei_persia; state=PASS,SAFE_TO_MIGRATE
Family,mahou_shoujo_ni_akogarete,FAMILY_HOME,mahou_shoujo_ni_akogarete,EXACT_COPYRIGHT_REVIEWED,REVIEWED_QUALIFIER_COPYRIGHT,,Second-reviewed Issue #180 exact qualifier review: family key 'mahou_shoujo_ni_akogarete' equals the unique in-catalog Copyright root 'mahou_shoujo_ni_akogarete'; candidate_authority=EXACT_QUALIFIER_EQUALS_COPYRIGHT_TAG.,VALIDATED,GLOBAL_EXACT_COPYRIGHT_SECOND_REVIEW_V1.csv; second-review=GLOBAL_EXACT_COPYRIGHT_SECOND_REVIEW_V1.csv; key=mahou_shoujo_ni_akogarete; candidate_root_hint=mahou_shoujo_ni_akogarete; state=PASS,SAFE_TO_MIGRATE
Family,mahou_shoujo_no_majo_saiban,FAMILY_HOME,mahou_shoujo_no_majo_saiban,EXACT_COPYRIGHT_REVIEWED,REVIEWED_QUALIFIER_COPYRIGHT,,Second-reviewed Issue #180 exact qualifier review: family key 'mahou_shoujo_no_majo_saiban' equals the unique in-catalog Copyright root 'mahou_shoujo_no_majo_saiban'; candidate_authority=EXACT_QUALIFIER_EQUALS_COPYRIGHT_TAG.,VALIDATED,GLOBAL_EXACT_COPYRIGHT_SECOND_REVIEW_V1.csv; second-review=GLOBAL_EXACT_COPYRIGHT_SECOND_REVIEW_V1.csv; key=mahou_shoujo_no_majo_saiban; candidate_root_hint=mahou_shoujo_no_majo_saiban; state=PASS,SAFE_TO_MIGRATE
Family,mahou_shoujo_sae,FAMILY_HOME,mahou_shoujo_sae,EXACT_COPYRIGHT_REVIEWED,REVIEWED_QUALIFIER_COPYRIGHT,,Second-reviewed Issue #180 exact qualifier review: family key 'mahou_shoujo_sae' equals the unique in-catalog Copyright root 'mahou_shoujo_sae'; candidate_authority=EXACT_QUALIFIER_EQUALS_COPYRIGHT_TAG.,VALIDATED,GLOBAL_EXACT_COPYRIGHT_SECOND_REVIEW_V1.csv; second-review=GLOBAL_EXACT_COPYRIGHT_SECOND_REVIEW_V1.csv; key=mahou_shoujo_sae; candidate_root_hint=mahou_shoujo_sae; state=PASS,SAFE_TO_MIGRATE
Family,mahou_tsukai_no_yoru,FAMILY_HOME,mahou_tsukai_no_yoru,EXACT_COPYRIGHT_REVIEWED,REVIEWED_QUALIFIER_COPYRIGHT,,Second-reviewed Issue #180 exact qualifier review: family key 'mahou_tsukai_no_yoru' equals the unique in-catalog Copyright root 'mahou_tsukai_no_yoru'; candidate_authority=EXACT_QUALIFIER_EQUALS_COPYRIGHT_TAG.,VALIDATED,GLOBAL_EXACT_COPYRIGHT_SECOND_REVIEW_V1.csv; second-review=GLOBAL_EXACT_COPYRIGHT_SECOND_REVIEW_V1.csv; key=mahou_tsukai_no_yoru; candidate_root_hint=mahou_tsukai_no_yoru; state=PASS,SAFE_TO_MIGRATE
Family,mahoujin_guruguru,FAMILY_HOME,mahoujin_guruguru,EXACT_COPYRIGHT_REVIEWED,REVIEWED_QUALIFIER_COPYRIGHT,,Second-reviewed Issue #180 exact qualifier review: family key 'mahoujin_guruguru' equals the unique in-catalog Copyright root 'mahoujin_guruguru'; candidate_authority=EXACT_QUALIFIER_EQUALS_COPYRIGHT_TAG.,VALIDATED,GLOBAL_EXACT_COPYRIGHT_SECOND_REVIEW_V1.csv; second-review=GLOBAL_EXACT_COPYRIGHT_SECOND_REVIEW_V1.csv; key=mahoujin_guruguru; candidate_root_hint=mahoujin_guruguru; state=PASS,SAFE_TO_MIGRATE
Family,mahoutsukai_linn_no_shiawase_na_kekkon,FAMILY_HOME,mahoutsukai_linn_no_shiawase_na_kekkon,EXACT_COPYRIGHT_REVIEWED,REVIEWED_QUALIFIER_COPYRIGHT,,Second-reviewed Issue #180 exact qualifier review: family key 'mahoutsukai_linn_no_shiawase_na_kekkon' equals the unique in-catalog Copyright root 'mahoutsukai_linn_no_shiawase_na_kekkon'; candidate_authority=EXACT_QUALIFIER_EQUALS_COPYRIGHT_TAG.,VALIDATED,GLOBAL_EXACT_COPYRIGHT_SECOND_REVIEW_V1.csv; second-review=GLOBAL_EXACT_COPYRIGHT_SECOND_REVIEW_V1.csv; key=mahoutsukai_linn_no_shiawase_na_kekkon; candidate_root_hint=mahoutsukai_linn_no_shiawase_na_kekkon; state=PASS,SAFE_TO_MIGRATE
Family,mahoutsukai_no_yakusoku,FAMILY_HOME,mahoutsukai_no_yakusoku,EXACT_COPYRIGHT_REVIEWED,REVIEWED_QUALIFIER_COPYRIGHT,,Second-reviewed Issue #180 exact qualifier review: family key 'mahoutsukai_no_yakusoku' equals the unique in-catalog Copyright root 'mahoutsukai_no_yakusoku'; candidate_authority=EXACT_QUALIFIER_EQUALS_COPYRIGHT_TAG.,VALIDATED,GLOBAL_EXACT_COPYRIGHT_SECOND_REVIEW_V1.csv; second-review=GLOBAL_EXACT_COPYRIGHT_SECOND_REVIEW_V1.csv; key=mahoutsukai_no_yakusoku; candidate_root_hint=mahoutsukai_no_yakusoku; state=PASS,SAFE_TO_MIGRATE
Family,mahoutsukai_rose_no_sado_life,FAMILY_HOME,mahoutsukai_rose_no_sado_life,EXACT_COPYRIGHT_REVIEWED,REVIEWED_QUALIFIER_COPYRIGHT,,Second-reviewed Issue #180 exact qualifier review: family key 'mahoutsukai_rose_no_sado_life' equals the unique in-catalog Copyright root 'mahoutsukai_rose_no_sado_life'; candidate_authority=EXACT_QUALIFIER_EQUALS_COPYRIGHT_TAG.,VALIDATED,GLOBAL_EXACT_COPYRIGHT_SECOND_REVIEW_V1.csv; second-review=GLOBAL_EXACT_COPYRIGHT_SECOND_REVIEW_V1.csv; key=mahoutsukai_rose_no_sado_life; candidate_root_hint=mahoutsukai_rose_no_sado_life; state=PASS,SAFE_TO_MIGRATE
Family,maid-san_wa_taberu_dake,FAMILY_HOME,maid-san_wa_taberu_dake,EXACT_COPYRIGHT_REVIEWED,REVIEWED_QUALIFIER_COPYRIGHT,,Second-reviewed Issue #180 exact qualifier review: family key 'maid-san_wa_taberu_dake' equals the unique in-catalog Copyright root 'maid-san_wa_taberu_dake'; candidate_authority=EXACT_QUALIFIER_EQUALS_COPYRIGHT_TAG.,VALIDATED,GLOBAL_EXACT_COPYRIGHT_SECOND_REVIEW_V1.csv; second-review=GLOBAL_EXACT_COPYRIGHT_SECOND_REVIEW_V1.csv; key=maid-san_wa_taberu_dake; candidate_root_hint=maid-san_wa_taberu_dake; state=PASS,SAFE_TO_MIGRATE
Family,mainichi_kiss_shite_lolita,FAMILY_HOME,mainichi_kiss_shite_lolita,EXACT_COPYRIGHT_REVIEWED,REVIEWED_QUALIFIER_COPYRIGHT,,Second-reviewed Issue #180 exact qualifier review: family key 'mainichi_kiss_shite_lolita' equals the unique in-catalog Copyright root 'mainichi_kiss_shite_lolita'; candidate_authority=EXACT_QUALIFIER_EQUALS_COPYRIGHT_TAG.,VALIDATED,GLOBAL_EXACT_COPYRIGHT_SECOND_REVIEW_V1.csv; second-review=GLOBAL_EXACT_COPYRIGHT_SECOND_REVIEW_V1.csv; key=mainichi_kiss_shite_lolita; candidate_root_hint=mainichi_kiss_shite_lolita; state=PASS,SAFE_TO_MIGRATE
Family,maitetsu,FAMILY_HOME,maitetsu,EXACT_COPYRIGHT_REVIEWED,REVIEWED_QUALIFIER_COPYRIGHT,,Second-reviewed Issue #180 exact qualifier review: family key 'maitetsu' equals the unique in-catalog Copyright root 'maitetsu'; candidate_authority=EXACT_QUALIFIER_EQUALS_COPYRIGHT_TAG.,VALIDATED,GLOBAL_EXACT_COPYRIGHT_SECOND_REVIEW_V1.csv; second-review=GLOBAL_EXACT_COPYRIGHT_SECOND_REVIEW_V1.csv; key=maitetsu; candidate_root_hint=maitetsu; state=PASS,SAFE_TO_MIGRATE
Family,majisuka_gakuen,FAMILY_HOME,majisuka_gakuen,EXACT_COPYRIGHT_REVIEWED,REVIEWED_QUALIFIER_COPYRIGHT,,Second-reviewed Issue #180 exact qualifier review: family key 'majisuka_gakuen' equals the unique in-catalog Copyright root 'majisuka_gakuen'; candidate_authority=EXACT_QUALIFIER_EQUALS_COPYRIGHT_TAG.,VALIDATED,GLOBAL_EXACT_COPYRIGHT_SECOND_REVIEW_V1.csv; second-review=GLOBAL_EXACT_COPYRIGHT_SECOND_REVIEW_V1.csv; key=majisuka_gakuen; candidate_root_hint=majisuka_gakuen; state=PASS,SAFE_TO_MIGRATE
Family,majo_no_ie,FAMILY_HOME,majo_no_ie,EXACT_COPYRIGHT_REVIEWED,REVIEWED_QUALIFIER_COPYRIGHT,,Second-reviewed Issue #180 exact qualifier review: family key 'majo_no_ie' equals the unique in-catalog Copyright root 'majo_no_ie'; candidate_authority=EXACT_QUALIFIER_EQUALS_COPYRIGHT_TAG.,VALIDATED,GLOBAL_EXACT_COPYRIGHT_SECOND_REVIEW_V1.csv; second-review=GLOBAL_EXACT_COPYRIGHT_SECOND_REVIEW_V1.csv; key=majo_no_ie; candidate_root_hint=majo_no_ie; state=PASS,SAFE_TO_MIGRATE
Family,majo_no_ochakai,FAMILY_HOME,majo_no_ochakai,EXACT_COPYRIGHT_REVIEWED,REVIEWED_QUALIFIER_COPYRIGHT,,Second-reviewed Issue #180 exact qualifier review: family key 'majo_no_ochakai' equals the unique in-catalog Copyright root 'majo_no_ochakai'; candidate_authority=EXACT_QUALIFIER_EQUALS_COPYRIGHT_TAG.,VALIDATED,GLOBAL_EXACT_COPYRIGHT_SECOND_REVIEW_V1.csv; second-review=GLOBAL_EXACT_COPYRIGHT_SECOND_REVIEW_V1.csv; key=majo_no_ochakai; candidate_root_hint=majo_no_ochakai; state=PASS,SAFE_TO_MIGRATE
Family,majo_no_tabitabi,FAMILY_HOME,majo_no_tabitabi,EXACT_COPYRIGHT_REVIEWED,REVIEWED_QUALIFIER_COPYRIGHT,,Second-reviewed Issue #180 exact qualifier review: family key 'majo_no_tabitabi' equals the unique in-catalog Copyright root 'majo_no_tabitabi'; candidate_authority=EXACT_QUALIFIER_EQUALS_COPYRIGHT_TAG.,VALIDATED,GLOBAL_EXACT_COPYRIGHT_SECOND_REVIEW_V1.csv; second-review=GLOBAL_EXACT_COPYRIGHT_SECOND_REVIEW_V1.csv; key=majo_no_tabitabi; candidate_root_hint=majo_no_tabitabi; state=PASS,SAFE_TO_MIGRATE
Family,majo_no_takkyuubin,FAMILY_HOME,majo_no_takkyuubin,EXACT_COPYRIGHT_REVIEWED,REVIEWED_QUALIFIER_COPYRIGHT,,Second-reviewed Issue #180 exact qualifier review: family key 'majo_no_takkyuubin' equals the unique in-catalog Copyright root 'majo_no_takkyuubin'; candidate_authority=EXACT_QUALIFIER_EQUALS_COPYRIGHT_TAG.,VALIDATED,GLOBAL_EXACT_COPYRIGHT_SECOND_REVIEW_V1.csv; second-review=GLOBAL_EXACT_COPYRIGHT_SECOND_REVIEW_V1.csv; key=majo_no_takkyuubin; candidate_root_hint=majo_no_takkyuubin; state=PASS,SAFE_TO_MIGRATE
Family,majo_to_hyakkihei,FAMILY_HOME,majo_to_hyakkihei,EXACT_COPYRIGHT_REVIEWED,REVIEWED_QUALIFIER_COPYRIGHT,,Second-reviewed Issue #180 exact qualifier review: family key 'majo_to_hyakkihei' equals the unique in-catalog Copyright root 'majo_to_hyakkihei'; candidate_authority=EXACT_QUALIFIER_EQUALS_COPYRIGHT_TAG.,VALIDATED,GLOBAL_EXACT_COPYRIGHT_SECOND_REVIEW_V1.csv; second-review=GLOBAL_EXACT_COPYRIGHT_SECOND_REVIEW_V1.csv; key=majo_to_hyakkihei; candidate_root_hint=majo_to_hyakkihei; state=PASS,SAFE_TO_MIGRATE
Family,makai_tenshi_djibril,FAMILY_HOME,makai_tenshi_djibril,EXACT_COPYRIGHT_REVIEWED,REVIEWED_QUALIFIER_COPYRIGHT,,Second-reviewed Issue #180 exact qualifier review: family key 'makai_tenshi_djibril' equals the unique in-catalog Copyright root 'makai_tenshi_djibril'; candidate_authority=EXACT_QUALIFIER_EQUALS_COPYRIGHT_TAG.,VALIDATED,GLOBAL_EXACT_COPYRIGHT_SECOND_REVIEW_V1.csv; second-review=GLOBAL_EXACT_COPYRIGHT_SECOND_REVIEW_V1.csv; key=makai_tenshi_djibril; candidate_root_hint=makai_tenshi_djibril; state=PASS,SAFE_TO_MIGRATE
Family,makaimura,FAMILY_HOME,makaimura,EXACT_COPYRIGHT_REVIEWED,REVIEWED_QUALIFIER_COPYRIGHT,,Second-reviewed Issue #180 exact qualifier review: family key 'makaimura' equals the unique in-catalog Copyright root 'makaimura'; candidate_authority=EXACT_QUALIFIER_EQUALS_COPYRIGHT_TAG.,VALIDATED,GLOBAL_EXACT_COPYRIGHT_SECOND_REVIEW_V1.csv; second-review=GLOBAL_EXACT_COPYRIGHT_SECOND_REVIEW_V1.csv; key=makaimura; candidate_root_hint=makaimura; state=PASS,SAFE_TO_MIGRATE
Family,mang-jong,FAMILY_HOME,mang-jong,EXACT_COPYRIGHT_REVIEWED,REVIEWED_QUALIFIER_COPYRIGHT,,Second-reviewed Issue #180 exact qualifier review: family key 'mang-jong' equals the unique in-catalog Copyright root 'mang-jong'; candidate_authority=EXACT_QUALIFIER_EQUALS_COPYRIGHT_TAG.,VALIDATED,GLOBAL_EXACT_COPYRIGHT_SECOND_REVIEW_V1.csv; second-review=GLOBAL_EXACT_COPYRIGHT_SECOND_REVIEW_V1.csv; key=mang-jong; candidate_root_hint=mang-jong; state=PASS,SAFE_TO_MIGRATE
Family,maou-sama_to_kekkonshitai,FAMILY_HOME,maou-sama_to_kekkonshitai,EXACT_COPYRIGHT_REVIEWED,REVIEWED_QUALIFIER_COPYRIGHT,,Second-reviewed Issue #180 exact qualifier review: family key 'maou-sama_to_kekkonshitai' equals the unique in-catalog Copyright root 'maou-sama_to_kekkonshitai'; candidate_authority=EXACT_QUALIFIER_EQUALS_COPYRIGHT_TAG.,VALIDATED,GLOBAL_EXACT_COPYRIGHT_SECOND_REVIEW_V1.csv; second-review=GLOBAL_EXACT_COPYRIGHT_SECOND_REVIEW_V1.csv; key=maou-sama_to_kekkonshitai; candidate_root_hint=maou-sama_to_kekkonshitai; state=PASS,SAFE_TO_MIGRATE
Family,maplestory,FAMILY_HOME,maplestory,EXACT_COPYRIGHT_REVIEWED,REVIEWED_QUALIFIER_COPYRIGHT,,Second-reviewed Issue #180 exact qualifier review: family key 'maplestory' equals the unique in-catalog Copyright root 'maplestory'; candidate_authority=EXACT_QUALIFIER_EQUALS_COPYRIGHT_TAG.,VALIDATED,GLOBAL_EXACT_COPYRIGHT_SECOND_REVIEW_V1.csv; second-review=GLOBAL_EXACT_COPYRIGHT_SECOND_REVIEW_V1.csv; key=maplestory; candidate_root_hint=maplestory; state=PASS,SAFE_TO_MIGRATE
Family,marchen_awakens_romance,FAMILY_HOME,marchen_awakens_romance,EXACT_COPYRIGHT_REVIEWED,REVIEWED_QUALIFIER_COPYRIGHT,,Second-reviewed Issue #180 exact qualifier review: family key 'marchen_awakens_romance' equals the unique in-catalog Copyright root 'marchen_awakens_romance'; candidate_authority=EXACT_QUALIFIER_EQUALS_COPYRIGHT_TAG.,VALIDATED,GLOBAL_EXACT_COPYRIGHT_SECOND_REVIEW_V1.csv; second-review=GLOBAL_EXACT_COPYRIGHT_SECOND_REVIEW_V1.csv; key=marchen_awakens_romance; candidate_root_hint=marchen_awakens_romance; state=PASS,SAFE_TO_MIGRATE
Family,marie_&_gali,FAMILY_HOME,marie_&_gali,EXACT_COPYRIGHT_REVIEWED,REVIEWED_QUALIFIER_COPYRIGHT,,Second-reviewed Issue #180 exact qualifier review: family key 'marie_&_gali' equals the unique in-catalog Copyright root 'marie_&_gali'; candidate_authority=EXACT_QUALIFIER_EQUALS_COPYRIGHT_TAG.,VALIDATED,GLOBAL_EXACT_COPYRIGHT_SECOND_REVIEW_V1.csv; second-review=GLOBAL_EXACT_COPYRIGHT_SECOND_REVIEW_V1.csv; key=marie_&_gali; candidate_root_hint=marie_&_gali; state=PASS,SAFE_TO_MIGRATE
Family,master_of_eternity,FAMILY_HOME,master_of_eternity,EXACT_COPYRIGHT_REVIEWED,REVIEWED_QUALIFIER_COPYRIGHT,,Second-reviewed Issue #180 exact qualifier review: family key 'master_of_eternity' equals the unique in-catalog Copyright root 'master_of_eternity'; candidate_authority=EXACT_QUALIFIER_EQUALS_COPYRIGHT_TAG.,VALIDATED,GLOBAL_EXACT_COPYRIGHT_SECOND_REVIEW_V1.csv; second-review=GLOBAL_EXACT_COPYRIGHT_SECOND_REVIEW_V1.csv; key=master_of_eternity; candidate_root_hint=master_of_eternity; state=PASS,SAFE_TO_MIGRATE
Family,material_sniper,FAMILY_HOME,material_sniper,EXACT_COPYRIGHT_REVIEWED,REVIEWED_QUALIFIER_COPYRIGHT,,Second-reviewed Issue #180 exact qualifier review: family key 'material_sniper' equals the unique in-catalog Copyright root 'material_sniper'; candidate_authority=EXACT_QUALIFIER_EQUALS_COPYRIGHT_TAG.,VALIDATED,GLOBAL_EXACT_COPYRIGHT_SECOND_REVIEW_V1.csv; second-review=GLOBAL_EXACT_COPYRIGHT_SECOND_REVIEW_V1.csv; key=material_sniper; candidate_root_hint=material_sniper; state=PASS,SAFE_TO_MIGRATE
Family,mayoineko_o_tomeyou,FAMILY_HOME,mayoineko_o_tomeyou,EXACT_COPYRIGHT_REVIEWED,REVIEWED_QUALIFIER_COPYRIGHT,,Second-reviewed Issue #180 exact qualifier review: family key 'mayoineko_o_tomeyou' equals the unique in-catalog Copyright root 'mayoineko_o_tomeyou'; candidate_authority=EXACT_QUALIFIER_EQUALS_COPYRIGHT_TAG.,VALIDATED,GLOBAL_EXACT_COPYRIGHT_SECOND_REVIEW_V1.csv; second-review=GLOBAL_EXACT_COPYRIGHT_SECOND_REVIEW_V1.csv; key=mayoineko_o_tomeyou; candidate_root_hint=mayoineko_o_tomeyou; state=PASS,SAFE_TO_MIGRATE
Family,mcdonald's,FAMILY_HOME,mcdonald's,EXACT_COPYRIGHT_REVIEWED,REVIEWED_QUALIFIER_COPYRIGHT,,"Second-reviewed Issue #180 exact qualifier review: family key ""mcdonald's"" equals the unique in-catalog Copyright root ""mcdonald's""; candidate_authority=EXACT_QUALIFIER_EQUALS_COPYRIGHT_TAG.",VALIDATED,GLOBAL_EXACT_COPYRIGHT_SECOND_REVIEW_V1.csv; second-review=GLOBAL_EXACT_COPYRIGHT_SECOND_REVIEW_V1.csv; key=mcdonald's; candidate_root_hint=mcdonald's; state=PASS,SAFE_TO_MIGRATE
Family,me!me!me!,FAMILY_HOME,me!me!me!,EXACT_COPYRIGHT_REVIEWED,REVIEWED_QUALIFIER_COPYRIGHT,,Second-reviewed Issue #180 exact qualifier review: family key 'me!me!me!' equals the unique in-catalog Copyright root 'me!me!me!'; candidate_authority=EXACT_QUALIFIER_EQUALS_COPYRIGHT_TAG.,VALIDATED,GLOBAL_EXACT_COPYRIGHT_SECOND_REVIEW_V1.csv; second-review=GLOBAL_EXACT_COPYRIGHT_SECOND_REVIEW_V1.csv; key=me!me!me!; candidate_root_hint=me!me!me!; state=PASS,SAFE_TO_MIGRATE
Family,meccha_chameleon,FAMILY_HOME,meccha_chameleon,EXACT_COPYRIGHT_REVIEWED,REVIEWED_QUALIFIER_COPYRIGHT,,Second-reviewed Issue #180 exact qualifier review: family key 'meccha_chameleon' equals the unique in-catalog Copyright root 'meccha_chameleon'; candidate_authority=EXACT_QUALIFIER_EQUALS_COPYRIGHT_TAG.,VALIDATED,GLOBAL_EXACT_COPYRIGHT_SECOND_REVIEW_V1.csv; second-review=GLOBAL_EXACT_COPYRIGHT_SECOND_REVIEW_V1.csv; key=meccha_chameleon; candidate_root_hint=meccha_chameleon; state=PASS,SAFE_TO_MIGRATE
Family,mechanical_buddy_universe,FAMILY_HOME,mechanical_buddy_universe,EXACT_COPYRIGHT_REVIEWED,REVIEWED_QUALIFIER_COPYRIGHT,,Second-reviewed Issue #180 exact qualifier review: family key 'mechanical_buddy_universe' equals the unique in-catalog Copyright root 'mechanical_buddy_universe'; candidate_authority=EXACT_QUALIFIER_EQUALS_COPYRIGHT_TAG.,VALIDATED,GLOBAL_EXACT_COPYRIGHT_SECOND_REVIEW_V1.csv; second-review=GLOBAL_EXACT_COPYRIGHT_SECOND_REVIEW_V1.csv; key=mechanical_buddy_universe; candidate_root_hint=mechanical_buddy_universe; state=PASS,SAFE_TO_MIGRATE
Family,medarot,FAMILY_HOME,medarot,EXACT_COPYRIGHT_REVIEWED,REVIEWED_QUALIFIER_COPYRIGHT,,Second-reviewed Issue #180 exact qualifier review: family key 'medarot' equals the unique in-catalog Copyright root 'medarot'; candidate_authority=EXACT_QUALIFIER_EQUALS_COPYRIGHT_TAG.,VALIDATED,GLOBAL_EXACT_COPYRIGHT_SECOND_REVIEW_V1.csv; second-review=GLOBAL_EXACT_COPYRIGHT_SECOND_REVIEW_V1.csv; key=medarot; candidate_root_hint=medarot; state=PASS,SAFE_TO_MIGRATE
Family,megaman_x_dive,FAMILY_HOME,mega_man_x_dive,EXACT_COPYRIGHT_REVIEWED,REVIEWED_QUALIFIER_COPYRIGHT,,Second-reviewed Issue #180 exact qualifier review: family key 'megaman_x_dive' equals the unique in-catalog Copyright root 'mega_man_x_dive'; candidate_authority=EXACT_QUALIFIER_EQUALS_COPYRIGHT_TAG.,VALIDATED,GLOBAL_EXACT_COPYRIGHT_SECOND_REVIEW_V1.csv; second-review=GLOBAL_EXACT_COPYRIGHT_SECOND_REVIEW_V1.csv; key=megaman_x_dive; candidate_root_hint=mega_man_x_dive; state=PASS,SAFE_TO_MIGRATE
Family,megido72,FAMILY_HOME,megido72,EXACT_COPYRIGHT_REVIEWED,REVIEWED_QUALIFIER_COPYRIGHT,,Second-reviewed Issue #180 exact qualifier review: family key 'megido72' equals the unique in-catalog Copyright root 'megido72'; candidate_authority=EXACT_QUALIFIER_EQUALS_COPYRIGHT_TAG.,VALIDATED,GLOBAL_EXACT_COPYRIGHT_SECOND_REVIEW_V1.csv; second-review=GLOBAL_EXACT_COPYRIGHT_SECOND_REVIEW_V1.csv; key=megido72; candidate_root_hint=megido72; state=PASS,SAFE_TO_MIGRATE
Family,meitantei_conan,FAMILY_HOME,meitantei_conan,EXACT_COPYRIGHT_REVIEWED,REVIEWED_QUALIFIER_COPYRIGHT,,Second-reviewed Issue #180 exact qualifier review: family key 'meitantei_conan' equals the unique in-catalog Copyright root 'meitantei_conan'; candidate_authority=EXACT_QUALIFIER_EQUALS_COPYRIGHT_TAG.,VALIDATED,GLOBAL_EXACT_COPYRIGHT_SECOND_REVIEW_V1.csv; second-review=GLOBAL_EXACT_COPYRIGHT_SECOND_REVIEW_V1.csv; key=meitantei_conan; candidate_root_hint=meitantei_conan; state=PASS,SAFE_TO_MIGRATE
Family,meitantei_marnie,FAMILY_HOME,meitantei_marnie,EXACT_COPYRIGHT_REVIEWED,REVIEWED_QUALIFIER_COPYRIGHT,,Second-reviewed Issue #180 exact qualifier review: family key 'meitantei_marnie' equals the unique in-catalog Copyright root 'meitantei_marnie'; candidate_authority=EXACT_QUALIFIER_EQUALS_COPYRIGHT_TAG.,VALIDATED,GLOBAL_EXACT_COPYRIGHT_SECOND_REVIEW_V1.csv; second-review=GLOBAL_EXACT_COPYRIGHT_SECOND_REVIEW_V1.csv; key=meitantei_marnie; candidate_root_hint=meitantei_marnie; state=PASS,SAFE_TO_MIGRATE
Family,merc_storia,FAMILY_HOME,merc_storia,EXACT_COPYRIGHT_REVIEWED,REVIEWED_QUALIFIER_COPYRIGHT,,Second-reviewed Issue #180 exact qualifier review: family key 'merc_storia' equals the unique in-catalog Copyright root 'merc_storia'; candidate_authority=EXACT_QUALIFIER_EQUALS_COPYRIGHT_TAG.,VALIDATED,GLOBAL_EXACT_COPYRIGHT_SECOND_REVIEW_V1.csv; second-review=GLOBAL_EXACT_COPYRIGHT_SECOND_REVIEW_V1.csv; key=merc_storia; candidate_root_hint=merc_storia; state=PASS,SAFE_TO_MIGRATE
Family,mermaid_melody_pichi_pichi_pitch,FAMILY_HOME,mermaid_melody_pichi_pichi_pitch,EXACT_COPYRIGHT_REVIEWED,REVIEWED_QUALIFIER_COPYRIGHT,,Second-reviewed Issue #180 exact qualifier review: family key 'mermaid_melody_pichi_pichi_pitch' equals the unique in-catalog Copyright root 'mermaid_melody_pichi_pichi_pitch'; candidate_authority=EXACT_QUALIFIER_EQUALS_COPYRIGHT_TAG.,VALIDATED,GLOBAL_EXACT_COPYRIGHT_SECOND_REVIEW_V1.csv; second-review=GLOBAL_EXACT_COPYRIGHT_SECOND_REVIEW_V1.csv; key=mermaid_melody_pichi_pichi_pitch; candidate_root_hint=mermaid_melody_pichi_pichi_pitch; state=PASS,SAFE_TO_MIGRATE
Family,meshi_mase!_nekomimi_nyan_dafuru,FAMILY_HOME,meshi_mase!_nekomimi_nyan_dafuru,EXACT_COPYRIGHT_REVIEWED,REVIEWED_QUALIFIER_COPYRIGHT,,Second-reviewed Issue #180 exact qualifier review: family key 'meshi_mase!_nekomimi_nyan_dafuru' equals the unique in-catalog Copyright root 'meshi_mase!_nekomimi_nyan_dafuru'; candidate_authority=EXACT_QUALIFIER_EQUALS_COPYRIGHT_TAG.,VALIDATED,GLOBAL_EXACT_COPYRIGHT_SECOND_REVIEW_V1.csv; second-review=GLOBAL_EXACT_COPYRIGHT_SECOND_REVIEW_V1.csv; key=meshi_mase!_nekomimi_nyan_dafuru; candidate_root_hint=meshi_mase!_nekomimi_nyan_dafuru; state=PASS,SAFE_TO_MIGRATE
Family,metaphor:_refantazio,FAMILY_HOME,metaphor:_refantazio,EXACT_COPYRIGHT_REVIEWED,REVIEWED_QUALIFIER_COPYRIGHT,,Second-reviewed Issue #180 exact qualifier review: family key 'metaphor:_refantazio' equals the unique in-catalog Copyright root 'metaphor:_refantazio'; candidate_authority=EXACT_QUALIFIER_EQUALS_COPYRIGHT_TAG.,VALIDATED,GLOBAL_EXACT_COPYRIGHT_SECOND_REVIEW_V1.csv; second-review=GLOBAL_EXACT_COPYRIGHT_SECOND_REVIEW_V1.csv; key=metaphor:_refantazio; candidate_root_hint=metaphor:_refantazio; state=PASS,SAFE_TO_MIGRATE
Family,metroid,FAMILY_HOME,metroid,EXACT_COPYRIGHT_REVIEWED,REVIEWED_QUALIFIER_COPYRIGHT,,Second-reviewed Issue #180 exact qualifier review: family key 'metroid' equals the unique in-catalog Copyright root 'metroid'; candidate_authority=EXACT_QUALIFIER_EQUALS_COPYRIGHT_TAG.,VALIDATED,GLOBAL_EXACT_COPYRIGHT_SECOND_REVIEW_V1.csv; second-review=GLOBAL_EXACT_COPYRIGHT_SECOND_REVIEW_V1.csv; key=metroid; candidate_root_hint=metroid; state=PASS,SAFE_TO_MIGRATE
Family,mid-fight_masses,FAMILY_HOME,mid-fight_masses,EXACT_COPYRIGHT_REVIEWED,REVIEWED_QUALIFIER_COPYRIGHT,,Second-reviewed Issue #180 exact qualifier review: family key 'mid-fight_masses' equals the unique in-catalog Copyright root 'mid-fight_masses'; candidate_authority=EXACT_QUALIFIER_EQUALS_COPYRIGHT_TAG.,VALIDATED,GLOBAL_EXACT_COPYRIGHT_SECOND_REVIEW_V1.csv; second-review=GLOBAL_EXACT_COPYRIGHT_SECOND_REVIEW_V1.csv; key=mid-fight_masses; candidate_root_hint=mid-fight_masses; state=PASS,SAFE_TO_MIGRATE
Family,mighty_no._9,FAMILY_HOME,mighty_no._9,EXACT_COPYRIGHT_REVIEWED,REVIEWED_QUALIFIER_COPYRIGHT,,Second-reviewed Issue #180 exact qualifier review: family key 'mighty_no._9' equals the unique in-catalog Copyright root 'mighty_no._9'; candidate_authority=EXACT_QUALIFIER_EQUALS_COPYRIGHT_TAG.,VALIDATED,GLOBAL_EXACT_COPYRIGHT_SECOND_REVIEW_V1.csv; second-review=GLOBAL_EXACT_COPYRIGHT_SECOND_REVIEW_V1.csv; key=mighty_no._9; candidate_root_hint=mighty_no._9; state=PASS,SAFE_TO_MIGRATE
Family,milgram,FAMILY_HOME,milgram,EXACT_COPYRIGHT_REVIEWED,REVIEWED_QUALIFIER_COPYRIGHT,,Second-reviewed Issue #180 exact qualifier review: family key 'milgram' equals the unique in-catalog Copyright root 'milgram'; candidate_authority=EXACT_QUALIFIER_EQUALS_COPYRIGHT_TAG.,VALIDATED,GLOBAL_EXACT_COPYRIGHT_SECOND_REVIEW_V1.csv; second-review=GLOBAL_EXACT_COPYRIGHT_SECOND_REVIEW_V1.csv; key=milgram; candidate_root_hint=milgram; state=PASS,SAFE_TO_MIGRATE
Family,milky_subway,FAMILY_HOME,milky_subway,EXACT_COPYRIGHT_REVIEWED,REVIEWED_QUALIFIER_COPYRIGHT,,Second-reviewed Issue #180 exact qualifier review: family key 'milky_subway' equals the unique in-catalog Copyright root 'milky_subway'; candidate_authority=EXACT_QUALIFIER_EQUALS_COPYRIGHT_TAG.,VALIDATED,GLOBAL_EXACT_COPYRIGHT_SECOND_REVIEW_V1.csv; second-review=GLOBAL_EXACT_COPYRIGHT_SECOND_REVIEW_V1.csv; key=milky_subway; candidate_root_hint=milky_subway; state=PASS,SAFE_TO_MIGRATE
Family,mimi_wo_sumaseba,FAMILY_HOME,mimi_wo_sumaseba,EXACT_COPYRIGHT_REVIEWED,REVIEWED_QUALIFIER_COPYRIGHT,,Second-reviewed Issue #180 exact qualifier review: family key 'mimi_wo_sumaseba' equals the unique in-catalog Copyright root 'mimi_wo_sumaseba'; candidate_authority=EXACT_QUALIFIER_EQUALS_COPYRIGHT_TAG.,VALIDATED,GLOBAL_EXACT_COPYRIGHT_SECOND_REVIEW_V1.csv; second-review=GLOBAL_EXACT_COPYRIGHT_SECOND_REVIEW_V1.csv; key=mimi_wo_sumaseba; candidate_root_hint=mimi_wo_sumaseba; state=PASS,SAFE_TO_MIGRATE
Family,minami-ke,FAMILY_HOME,minami-ke,EXACT_COPYRIGHT_REVIEWED,REVIEWED_QUALIFIER_COPYRIGHT,,Second-reviewed Issue #180 exact qualifier review: family key 'minami-ke' equals the unique in-catalog Copyright root 'minami-ke'; candidate_authority=EXACT_QUALIFIER_EQUALS_COPYRIGHT_TAG.,VALIDATED,GLOBAL_EXACT_COPYRIGHT_SECOND_REVIEW_V1.csv; second-review=GLOBAL_EXACT_COPYRIGHT_SECOND_REVIEW_V1.csv; key=minami-ke; candidate_root_hint=minami-ke; state=PASS,SAFE_TO_MIGRATE
Family,minecraft,FAMILY_HOME,minecraft,EXACT_COPYRIGHT_REVIEWED,REVIEWED_QUALIFIER_COPYRIGHT,,Second-reviewed Issue #180 exact qualifier review: family key 'minecraft' equals the unique in-catalog Copyright root 'minecraft'; candidate_authority=EXACT_QUALIFIER_EQUALS_COPYRIGHT_TAG.,VALIDATED,GLOBAL_EXACT_COPYRIGHT_SECOND_REVIEW_V1.csv; second-review=GLOBAL_EXACT_COPYRIGHT_SECOND_REVIEW_V1.csv; key=minecraft; candidate_root_hint=minecraft; state=PASS,SAFE_TO_MIGRATE
Family,miracle_nikki,FAMILY_HOME,miracle_nikki,EXACT_COPYRIGHT_REVIEWED,REVIEWED_QUALIFIER_COPYRIGHT,,Second-reviewed Issue #180 exact qualifier review: family key 'miracle_nikki' equals the unique in-catalog Copyright root 'miracle_nikki'; candidate_authority=EXACT_QUALIFIER_EQUALS_COPYRIGHT_TAG.,VALIDATED,GLOBAL_EXACT_COPYRIGHT_SECOND_REVIEW_V1.csv; second-review=GLOBAL_EXACT_COPYRIGHT_SECOND_REVIEW_V1.csv; key=miracle_nikki; candidate_root_hint=miracle_nikki; state=PASS,SAFE_TO_MIGRATE
Family,miraculous_ladybug,FAMILY_HOME,miraculous_ladybug,EXACT_COPYRIGHT_REVIEWED,REVIEWED_QUALIFIER_COPYRIGHT,,Second-reviewed Issue #180 exact qualifier review: family key 'miraculous_ladybug' equals the unique in-catalog Copyright root 'miraculous_ladybug'; candidate_authority=EXACT_QUALIFIER_EQUALS_COPYRIGHT_TAG.,VALIDATED,GLOBAL_EXACT_COPYRIGHT_SECOND_REVIEW_V1.csv; second-review=GLOBAL_EXACT_COPYRIGHT_SECOND_REVIEW_V1.csv; key=miraculous_ladybug; candidate_root_hint=miraculous_ladybug; state=PASS,SAFE_TO_MIGRATE
Family,miside,FAMILY_HOME,miside,EXACT_COPYRIGHT_REVIEWED,REVIEWED_QUALIFIER_COPYRIGHT,,Second-reviewed Issue #180 exact qualifier review: family key 'miside' equals the unique in-catalog Copyright root 'miside'; candidate_authority=EXACT_QUALIFIER_EQUALS_COPYRIGHT_TAG.,VALIDATED,GLOBAL_EXACT_COPYRIGHT_SECOND_REVIEW_V1.csv; second-review=GLOBAL_EXACT_COPYRIGHT_SECOND_REVIEW_V1.csv; key=miside; candidate_root_hint=miside; state=PASS,SAFE_TO_MIGRATE
Family,misskey.io,FAMILY_HOME,misskey.io,EXACT_COPYRIGHT_REVIEWED,REVIEWED_QUALIFIER_COPYRIGHT,,Second-reviewed Issue #180 exact qualifier review: family key 'misskey.io' equals the unique in-catalog Copyright root 'misskey.io'; candidate_authority=EXACT_QUALIFIER_EQUALS_COPYRIGHT_TAG.,VALIDATED,GLOBAL_EXACT_COPYRIGHT_SECOND_REVIEW_V1.csv; second-review=GLOBAL_EXACT_COPYRIGHT_SECOND_REVIEW_V1.csv; key=misskey.io; candidate_root_hint=misskey.io; state=PASS,SAFE_TO_MIGRATE
Family,mitsuboshi_colors,FAMILY_HOME,mitsuboshi_colors,EXACT_COPYRIGHT_REVIEWED,REVIEWED_QUALIFIER_COPYRIGHT,,Second-reviewed Issue #180 exact qualifier review: family key 'mitsuboshi_colors' equals the unique in-catalog Copyright root 'mitsuboshi_colors'; candidate_authority=EXACT_QUALIFIER_EQUALS_COPYRIGHT_TAG.,VALIDATED,GLOBAL_EXACT_COPYRIGHT_SECOND_REVIEW_V1.csv; second-review=GLOBAL_EXACT_COPYRIGHT_SECOND_REVIEW_V1.csv; key=mitsuboshi_colors; candidate_root_hint=mitsuboshi_colors; state=PASS,SAFE_TO_MIGRATE
Family,mob_psycho_100,FAMILY_HOME,mob_psycho_100,EXACT_COPYRIGHT_REVIEWED,REVIEWED_QUALIFIER_COPYRIGHT,,Second-reviewed Issue #180 exact qualifier review: family key 'mob_psycho_100' equals the unique in-catalog Copyright root 'mob_psycho_100'; candidate_authority=EXACT_QUALIFIER_EQUALS_COPYRIGHT_TAG.,VALIDATED,GLOBAL_EXACT_COPYRIGHT_SECOND_REVIEW_V1.csv; second-review=GLOBAL_EXACT_COPYRIGHT_SECOND_REVIEW_V1.csv; key=mob_psycho_100; candidate_root_hint=mob_psycho_100; state=PASS,SAFE_TO_MIGRATE
Family,modern_mogal,FAMILY_HOME,modern_mogal,EXACT_COPYRIGHT_REVIEWED,REVIEWED_QUALIFIER_COPYRIGHT,,Second-reviewed Issue #180 exact qualifier review: family key 'modern_mogal' equals the unique in-catalog Copyright root 'modern_mogal'; candidate_authority=EXACT_QUALIFIER_EQUALS_COPYRIGHT_TAG.,VALIDATED,GLOBAL_EXACT_COPYRIGHT_SECOND_REVIEW_V1.csv; second-review=GLOBAL_EXACT_COPYRIGHT_SECOND_REVIEW_V1.csv; key=modern_mogal; candidate_root_hint=modern_mogal; state=PASS,SAFE_TO_MIGRATE
Family,momotarou_densetsu,FAMILY_HOME,momotarou_densetsu,EXACT_COPYRIGHT_REVIEWED,REVIEWED_QUALIFIER_COPYRIGHT,,Second-reviewed Issue #180 exact qualifier review: family key 'momotarou_densetsu' equals the unique in-catalog Copyright root 'momotarou_densetsu'; candidate_authority=EXACT_QUALIFIER_EQUALS_COPYRIGHT_TAG.,VALIDATED,GLOBAL_EXACT_COPYRIGHT_SECOND_REVIEW_V1.csv; second-review=GLOBAL_EXACT_COPYRIGHT_SECOND_REVIEW_V1.csv; key=momotarou_densetsu; candidate_root_hint=momotarou_densetsu; state=PASS,SAFE_TO_MIGRATE
Family,mon-musu_quest!,FAMILY_HOME,mon-musu_quest!,EXACT_COPYRIGHT_REVIEWED,REVIEWED_QUALIFIER_COPYRIGHT,,Second-reviewed Issue #180 exact qualifier review: family key 'mon-musu_quest!' equals the unique in-catalog Copyright root 'mon-musu_quest!'; candidate_authority=EXACT_QUALIFIER_EQUALS_COPYRIGHT_TAG.,VALIDATED,GLOBAL_EXACT_COPYRIGHT_SECOND_REVIEW_V1.csv; second-review=GLOBAL_EXACT_COPYRIGHT_SECOND_REVIEW_V1.csv; key=mon-musu_quest!; candidate_root_hint=mon-musu_quest!; state=PASS,SAFE_TO_MIGRATE
Family,monobeno,FAMILY_HOME,monobeno,EXACT_COPYRIGHT_REVIEWED,REVIEWED_QUALIFIER_COPYRIGHT,,Second-reviewed Issue #180 exact qualifier review: family key 'monobeno' equals the unique in-catalog Copyright root 'monobeno'; candidate_authority=EXACT_QUALIFIER_EQUALS_COPYRIGHT_TAG.,VALIDATED,GLOBAL_EXACT_COPYRIGHT_SECOND_REVIEW_V1.csv; second-review=GLOBAL_EXACT_COPYRIGHT_SECOND_REVIEW_V1.csv; key=monobeno; candidate_root_hint=monobeno; state=PASS,SAFE_TO_MIGRATE
Family,mononoke,FAMILY_HOME,mononoke,EXACT_COPYRIGHT_REVIEWED,REVIEWED_QUALIFIER_COPYRIGHT,,Second-reviewed Issue #180 exact qualifier review: family key 'mononoke' equals the unique in-catalog Copyright root 'mononoke'; candidate_authority=EXACT_QUALIFIER_EQUALS_COPYRIGHT_TAG.,VALIDATED,GLOBAL_EXACT_COPYRIGHT_SECOND_REVIEW_V1.csv; second-review=GLOBAL_EXACT_COPYRIGHT_SECOND_REVIEW_V1.csv; key=mononoke; candidate_root_hint=mononoke; state=PASS,SAFE_TO_MIGRATE
Family,mononoke_hime,FAMILY_HOME,mononoke_hime,EXACT_COPYRIGHT_REVIEWED,REVIEWED_QUALIFIER_COPYRIGHT,,Second-reviewed Issue #180 exact qualifier review: family key 'mononoke_hime' equals the unique in-catalog Copyright root 'mononoke_hime'; candidate_authority=EXACT_QUALIFIER_EQUALS_COPYRIGHT_TAG.,VALIDATED,GLOBAL_EXACT_COPYRIGHT_SECOND_REVIEW_V1.csv; second-review=GLOBAL_EXACT_COPYRIGHT_SECOND_REVIEW_V1.csv; key=mononoke_hime; candidate_root_hint=mononoke_hime; state=PASS,SAFE_TO_MIGRATE
Family,monster_farm,FAMILY_HOME,monster_farm,EXACT_COPYRIGHT_REVIEWED,REVIEWED_QUALIFIER_COPYRIGHT,,Second-reviewed Issue #180 exact qualifier review: family key 'monster_farm' equals the unique in-catalog Copyright root 'monster_farm'; candidate_authority=EXACT_QUALIFIER_EQUALS_COPYRIGHT_TAG.,VALIDATED,GLOBAL_EXACT_COPYRIGHT_SECOND_REVIEW_V1.csv; second-review=GLOBAL_EXACT_COPYRIGHT_SECOND_REVIEW_V1.csv; key=monster_farm; candidate_root_hint=monster_farm; state=PASS,SAFE_TO_MIGRATE
Family,monster_girl_encyclopedia,FAMILY_HOME,monster_girl_encyclopedia,EXACT_COPYRIGHT_REVIEWED,REVIEWED_QUALIFIER_COPYRIGHT,,Second-reviewed Issue #180 exact qualifier review: family key 'monster_girl_encyclopedia' equals the unique in-catalog Copyright root 'monster_girl_encyclopedia'; candidate_authority=EXACT_QUALIFIER_EQUALS_COPYRIGHT_TAG.,VALIDATED,GLOBAL_EXACT_COPYRIGHT_SECOND_REVIEW_V1.csv; second-review=GLOBAL_EXACT_COPYRIGHT_SECOND_REVIEW_V1.csv; key=monster_girl_encyclopedia; candidate_root_hint=monster_girl_encyclopedia; state=PASS,SAFE_TO_MIGRATE
Family,monster_hunter_wilds,FAMILY_HOME,monster_hunter_wilds,EXACT_COPYRIGHT_REVIEWED,REVIEWED_QUALIFIER_COPYRIGHT,,Second-reviewed Issue #180 exact qualifier review: family key 'monster_hunter_wilds' equals the unique in-catalog Copyright root 'monster_hunter_wilds'; candidate_authority=EXACT_QUALIFIER_EQUALS_COPYRIGHT_TAG.,VALIDATED,GLOBAL_EXACT_COPYRIGHT_SECOND_REVIEW_V1.csv; second-review=GLOBAL_EXACT_COPYRIGHT_SECOND_REVIEW_V1.csv; key=monster_hunter_wilds; candidate_root_hint=monster_hunter_wilds; state=PASS,SAFE_TO_MIGRATE
Family,monster_hunter_world,FAMILY_HOME,monster_hunter:_world,EXACT_COPYRIGHT_REVIEWED,REVIEWED_QUALIFIER_COPYRIGHT,,Second-reviewed Issue #180 exact qualifier review: family key 'monster_hunter_world' equals the unique in-catalog Copyright root 'monster_hunter:_world'; candidate_authority=EXACT_QUALIFIER_EQUALS_COPYRIGHT_TAG.,VALIDATED,GLOBAL_EXACT_COPYRIGHT_SECOND_REVIEW_V1.csv; second-review=GLOBAL_EXACT_COPYRIGHT_SECOND_REVIEW_V1.csv; key=monster_hunter_world; candidate_root_hint=monster_hunter:_world; state=PASS,SAFE_TO_MIGRATE
Family,monster_strike,FAMILY_HOME,monster_strike,EXACT_COPYRIGHT_REVIEWED,REVIEWED_QUALIFIER_COPYRIGHT,,Second-reviewed Issue #180 exact qualifier review: family key 'monster_strike' equals the unique in-catalog Copyright root 'monster_strike'; candidate_authority=EXACT_QUALIFIER_EQUALS_COPYRIGHT_TAG.,VALIDATED,GLOBAL_EXACT_COPYRIGHT_SECOND_REVIEW_V1.csv; second-review=GLOBAL_EXACT_COPYRIGHT_SECOND_REVIEW_V1.csv; key=monster_strike; candidate_root_hint=monster_strike; state=PASS,SAFE_TO_MIGRATE
Family,monster_world,FAMILY_HOME,monster_world,EXACT_COPYRIGHT_REVIEWED,REVIEWED_QUALIFIER_COPYRIGHT,,Second-reviewed Issue #180 exact qualifier review: family key 'monster_world' equals the unique in-catalog Copyright root 'monster_world'; candidate_authority=EXACT_QUALIFIER_EQUALS_COPYRIGHT_TAG.,VALIDATED,GLOBAL_EXACT_COPYRIGHT_SECOND_REVIEW_V1.csv; second-review=GLOBAL_EXACT_COPYRIGHT_SECOND_REVIEW_V1.csv; key=monster_world; candidate_root_hint=monster_world; state=PASS,SAFE_TO_MIGRATE
Family,monsters_inc.,FAMILY_HOME,monsters_inc.,EXACT_COPYRIGHT_REVIEWED,REVIEWED_QUALIFIER_COPYRIGHT,,Second-reviewed Issue #180 exact qualifier review: family key 'monsters_inc.' equals the unique in-catalog Copyright root 'monsters_inc.'; candidate_authority=EXACT_QUALIFIER_EQUALS_COPYRIGHT_TAG.,VALIDATED,GLOBAL_EXACT_COPYRIGHT_SECOND_REVIEW_V1.csv; second-review=GLOBAL_EXACT_COPYRIGHT_SECOND_REVIEW_V1.csv; key=monsters_inc.; candidate_root_hint=monsters_inc.; state=PASS,SAFE_TO_MIGRATE
Family,monsterverse,FAMILY_HOME,monsterverse,EXACT_COPYRIGHT_REVIEWED,REVIEWED_QUALIFIER_COPYRIGHT,,Second-reviewed Issue #180 exact qualifier review: family key 'monsterverse' equals the unique in-catalog Copyright root 'monsterverse'; candidate_authority=EXACT_QUALIFIER_EQUALS_COPYRIGHT_TAG.,VALIDATED,GLOBAL_EXACT_COPYRIGHT_SECOND_REVIEW_V1.csv; second-review=GLOBAL_EXACT_COPYRIGHT_SECOND_REVIEW_V1.csv; key=monsterverse; candidate_root_hint=monsterverse; state=PASS,SAFE_TO_MIGRATE
Family,morenatsu,FAMILY_HOME,morenatsu,EXACT_COPYRIGHT_REVIEWED,REVIEWED_QUALIFIER_COPYRIGHT,,Second-reviewed Issue #180 exact qualifier review: family key 'morenatsu' equals the unique in-catalog Copyright root 'morenatsu'; candidate_authority=EXACT_QUALIFIER_EQUALS_COPYRIGHT_TAG.,VALIDATED,GLOBAL_EXACT_COPYRIGHT_SECOND_REVIEW_V1.csv; second-review=GLOBAL_EXACT_COPYRIGHT_SECOND_REVIEW_V1.csv; key=morenatsu; candidate_root_hint=morenatsu; state=PASS,SAFE_TO_MIGRATE
Family,mother_2,FAMILY_HOME,mother_2,EXACT_COPYRIGHT_REVIEWED,REVIEWED_QUALIFIER_COPYRIGHT,,Second-reviewed Issue #180 exact qualifier review: family key 'mother_2' equals the unique in-catalog Copyright root 'mother_2'; candidate_authority=EXACT_QUALIFIER_EQUALS_COPYRIGHT_TAG.,VALIDATED,GLOBAL_EXACT_COPYRIGHT_SECOND_REVIEW_V1.csv; second-review=GLOBAL_EXACT_COPYRIGHT_SECOND_REVIEW_V1.csv; key=mother_2; candidate_root_hint=mother_2; state=PASS,SAFE_TO_MIGRATE
Family,mother_3,FAMILY_HOME,mother_3,EXACT_COPYRIGHT_REVIEWED,REVIEWED_QUALIFIER_COPYRIGHT,,Second-reviewed Issue #180 exact qualifier review: family key 'mother_3' equals the unique in-catalog Copyright root 'mother_3'; candidate_authority=EXACT_QUALIFIER_EQUALS_COPYRIGHT_TAG.,VALIDATED,GLOBAL_EXACT_COPYRIGHT_SECOND_REVIEW_V1.csv; second-review=GLOBAL_EXACT_COPYRIGHT_SECOND_REVIEW_V1.csv; key=mother_3; candidate_root_hint=mother_3; state=PASS,SAFE_TO_MIGRATE
Family,mouthwashing,FAMILY_HOME,mouthwashing,EXACT_COPYRIGHT_REVIEWED,REVIEWED_QUALIFIER_COPYRIGHT,,Second-reviewed Issue #180 exact qualifier review: family key 'mouthwashing' equals the unique in-catalog Copyright root 'mouthwashing'; candidate_authority=EXACT_QUALIFIER_EQUALS_COPYRIGHT_TAG.,VALIDATED,GLOBAL_EXACT_COPYRIGHT_SECOND_REVIEW_V1.csv; second-review=GLOBAL_EXACT_COPYRIGHT_SECOND_REVIEW_V1.csv; key=mouthwashing; candidate_root_hint=mouthwashing; state=PASS,SAFE_TO_MIGRATE
Family,mugen,FAMILY_HOME,m.u.g.e.n,EXACT_COPYRIGHT_REVIEWED,REVIEWED_QUALIFIER_COPYRIGHT,,Second-reviewed Issue #180 exact qualifier review: family key 'mugen' equals the unique in-catalog Copyright root 'm.u.g.e.n'; candidate_authority=EXACT_QUALIFIER_EQUALS_COPYRIGHT_TAG.,VALIDATED,GLOBAL_EXACT_COPYRIGHT_SECOND_REVIEW_V1.csv; second-review=GLOBAL_EXACT_COPYRIGHT_SECOND_REVIEW_V1.csv; key=mugen; candidate_root_hint=m.u.g.e.n; state=PASS,SAFE_TO_MIGRATE
Family,mujin_wakusei_survive,FAMILY_HOME,mujin_wakusei_survive,EXACT_COPYRIGHT_REVIEWED,REVIEWED_QUALIFIER_COPYRIGHT,,Second-reviewed Issue #180 exact qualifier review: family key 'mujin_wakusei_survive' equals the unique in-catalog Copyright root 'mujin_wakusei_survive'; candidate_authority=EXACT_QUALIFIER_EQUALS_COPYRIGHT_TAG.,VALIDATED,GLOBAL_EXACT_COPYRIGHT_SECOND_REVIEW_V1.csv; second-review=GLOBAL_EXACT_COPYRIGHT_SECOND_REVIEW_V1.csv; key=mujin_wakusei_survive; candidate_root_hint=mujin_wakusei_survive; state=PASS,SAFE_TO_MIGRATE
Family,murder_drones,FAMILY_HOME,murder_drones,EXACT_COPYRIGHT_REVIEWED,REVIEWED_QUALIFIER_COPYRIGHT,,Second-reviewed Issue #180 exact qualifier review: family key 'murder_drones' equals the unique in-catalog Copyright root 'murder_drones'; candidate_authority=EXACT_QUALIFIER_EQUALS_COPYRIGHT_TAG.,VALIDATED,GLOBAL_EXACT_COPYRIGHT_SECOND_REVIEW_V1.csv; second-review=GLOBAL_EXACT_COPYRIGHT_SECOND_REVIEW_V1.csv; key=murder_drones; candidate_root_hint=murder_drones; state=PASS,SAFE_TO_MIGRATE
Family,muse_dash,FAMILY_HOME,muse_dash,EXACT_COPYRIGHT_REVIEWED,REVIEWED_QUALIFIER_COPYRIGHT,,Second-reviewed Issue #180 exact qualifier review: family key 'muse_dash' equals the unique in-catalog Copyright root 'muse_dash'; candidate_authority=EXACT_QUALIFIER_EQUALS_COPYRIGHT_TAG.,VALIDATED,GLOBAL_EXACT_COPYRIGHT_SECOND_REVIEW_V1.csv; second-review=GLOBAL_EXACT_COPYRIGHT_SECOND_REVIEW_V1.csv; key=muse_dash; candidate_root_hint=muse_dash; state=PASS,SAFE_TO_MIGRATE
Family,mushishi,FAMILY_HOME,mushishi,EXACT_COPYRIGHT_REVIEWED,REVIEWED_QUALIFIER_COPYRIGHT,,Second-reviewed Issue #180 exact qualifier review: family key 'mushishi' equals the unique in-catalog Copyright root 'mushishi'; candidate_authority=EXACT_QUALIFIER_EQUALS_COPYRIGHT_TAG.,VALIDATED,GLOBAL_EXACT_COPYRIGHT_SECOND_REVIEW_V1.csv; second-review=GLOBAL_EXACT_COPYRIGHT_SECOND_REVIEW_V1.csv; key=mushishi; candidate_root_hint=mushishi; state=PASS,SAFE_TO_MIGRATE
Family,mushoku_tensei,FAMILY_HOME,mushoku_tensei,EXACT_COPYRIGHT_REVIEWED,REVIEWED_QUALIFIER_COPYRIGHT,,Second-reviewed Issue #180 exact qualifier review: family key 'mushoku_tensei' equals the unique in-catalog Copyright root 'mushoku_tensei'; candidate_authority=EXACT_QUALIFIER_EQUALS_COPYRIGHT_TAG.,VALIDATED,GLOBAL_EXACT_COPYRIGHT_SECOND_REVIEW_V1.csv; second-review=GLOBAL_EXACT_COPYRIGHT_SECOND_REVIEW_V1.csv; key=mushoku_tensei; candidate_root_hint=mushoku_tensei; state=PASS,SAFE_TO_MIGRATE
Family,muv-luv,FAMILY_HOME,muv-luv,EXACT_COPYRIGHT_REVIEWED,REVIEWED_QUALIFIER_COPYRIGHT,,Second-reviewed Issue #180 exact qualifier review: family key 'muv-luv' equals the unique in-catalog Copyright root 'muv-luv'; candidate_authority=EXACT_QUALIFIER_EQUALS_COPYRIGHT_TAG.,VALIDATED,GLOBAL_EXACT_COPYRIGHT_SECOND_REVIEW_V1.csv; second-review=GLOBAL_EXACT_COPYRIGHT_SECOND_REVIEW_V1.csv; key=muv-luv; candidate_root_hint=muv-luv; state=PASS,SAFE_TO_MIGRATE
Family,my_adventures_with_superman,FAMILY_HOME,my_adventures_with_superman,EXACT_COPYRIGHT_REVIEWED,REVIEWED_QUALIFIER_COPYRIGHT,,Second-reviewed Issue #180 exact qualifier review: family key 'my_adventures_with_superman' equals the unique in-catalog Copyright root 'my_adventures_with_superman'; candidate_authority=EXACT_QUALIFIER_EQUALS_COPYRIGHT_TAG.,VALIDATED,GLOBAL_EXACT_COPYRIGHT_SECOND_REVIEW_V1.csv; second-review=GLOBAL_EXACT_COPYRIGHT_SECOND_REVIEW_V1.csv; key=my_adventures_with_superman; candidate_root_hint=my_adventures_with_superman; state=PASS,SAFE_TO_MIGRATE
Family,my_little_pony,FAMILY_HOME,my_little_pony,EXACT_COPYRIGHT_REVIEWED,REVIEWED_QUALIFIER_COPYRIGHT,,Second-reviewed Issue #180 exact qualifier review: family key 'my_little_pony' equals the unique in-catalog Copyright root 'my_little_pony'; candidate_authority=EXACT_QUALIFIER_EQUALS_COPYRIGHT_TAG.,VALIDATED,GLOBAL_EXACT_COPYRIGHT_SECOND_REVIEW_V1.csv; second-review=GLOBAL_EXACT_COPYRIGHT_SECOND_REVIEW_V1.csv; key=my_little_pony; candidate_root_hint=my_little_pony; state=PASS,SAFE_TO_MIGRATE
Family,myslot,FAMILY_HOME,myslot,EXACT_COPYRIGHT_REVIEWED,REVIEWED_QUALIFIER_COPYRIGHT,,Second-reviewed Issue #180 exact qualifier review: family key 'myslot' equals the unique in-catalog Copyright root 'myslot'; candidate_authority=EXACT_QUALIFIER_EQUALS_COPYRIGHT_TAG.,VALIDATED,GLOBAL_EXACT_COPYRIGHT_SECOND_REVIEW_V1.csv; second-review=GLOBAL_EXACT_COPYRIGHT_SECOND_REVIEW_V1.csv; key=myslot; candidate_root_hint=myslot; state=PASS,SAFE_TO_MIGRATE
Family,nadeshiko-san_just_can't_say_no!,FAMILY_HOME,nadeshiko-san_just_can't_say_no!,EXACT_COPYRIGHT_REVIEWED,REVIEWED_QUALIFIER_COPYRIGHT,,"Second-reviewed Issue #180 exact qualifier review: family key ""nadeshiko-san_just_can't_say_no!"" equals the unique in-catalog Copyright root ""nadeshiko-san_just_can't_say_no!""; candidate_authority=EXACT_QUALIFIER_EQUALS_COPYRIGHT_TAG.",VALIDATED,GLOBAL_EXACT_COPYRIGHT_SECOND_REVIEW_V1.csv; second-review=GLOBAL_EXACT_COPYRIGHT_SECOND_REVIEW_V1.csv; key=nadeshiko-san_just_can't_say_no!; candidate_root_hint=nadeshiko-san_just_can't_say_no!; state=PASS,SAFE_TO_MIGRATE
Family,nagasarete_airantou,FAMILY_HOME,nagasarete_airantou,EXACT_COPYRIGHT_REVIEWED,REVIEWED_QUALIFIER_COPYRIGHT,,Second-reviewed Issue #180 exact qualifier review: family key 'nagasarete_airantou' equals the unique in-catalog Copyright root 'nagasarete_airantou'; candidate_authority=EXACT_QUALIFIER_EQUALS_COPYRIGHT_TAG.,VALIDATED,GLOBAL_EXACT_COPYRIGHT_SECOND_REVIEW_V1.csv; second-review=GLOBAL_EXACT_COPYRIGHT_SECOND_REVIEW_V1.csv; key=nagasarete_airantou; candidate_root_hint=nagasarete_airantou; state=PASS,SAFE_TO_MIGRATE
Family,nanatsu_no_taizai,FAMILY_HOME,nanatsu_no_taizai,EXACT_COPYRIGHT_REVIEWED,REVIEWED_QUALIFIER_COPYRIGHT,,Second-reviewed Issue #180 exact qualifier review: family key 'nanatsu_no_taizai' equals the unique in-catalog Copyright root 'nanatsu_no_taizai'; candidate_authority=EXACT_QUALIFIER_EQUALS_COPYRIGHT_TAG.,VALIDATED,GLOBAL_EXACT_COPYRIGHT_SECOND_REVIEW_V1.csv; second-review=GLOBAL_EXACT_COPYRIGHT_SECOND_REVIEW_V1.csv; key=nanatsu_no_taizai; candidate_root_hint=nanatsu_no_taizai; state=PASS,SAFE_TO_MIGRATE
Family,napoli_no_otokotachi,FAMILY_HOME,napoli_no_otokotachi,EXACT_COPYRIGHT_REVIEWED,REVIEWED_QUALIFIER_COPYRIGHT,,Second-reviewed Issue #180 exact qualifier review: family key 'napoli_no_otokotachi' equals the unique in-catalog Copyright root 'napoli_no_otokotachi'; candidate_authority=EXACT_QUALIFIER_EQUALS_COPYRIGHT_TAG.,VALIDATED,GLOBAL_EXACT_COPYRIGHT_SECOND_REVIEW_V1.csv; second-review=GLOBAL_EXACT_COPYRIGHT_SECOND_REVIEW_V1.csv; key=napoli_no_otokotachi; candidate_root_hint=napoli_no_otokotachi; state=PASS,SAFE_TO_MIGRATE
Family,natsume_yuujinchou,FAMILY_HOME,natsume_yuujinchou,EXACT_COPYRIGHT_REVIEWED,REVIEWED_QUALIFIER_COPYRIGHT,,Second-reviewed Issue #180 exact qualifier review: family key 'natsume_yuujinchou' equals the unique in-catalog Copyright root 'natsume_yuujinchou'; candidate_authority=EXACT_QUALIFIER_EQUALS_COPYRIGHT_TAG.,VALIDATED,GLOBAL_EXACT_COPYRIGHT_SECOND_REVIEW_V1.csv; second-review=GLOBAL_EXACT_COPYRIGHT_SECOND_REVIEW_V1.csv; key=natsume_yuujinchou; candidate_root_hint=natsume_yuujinchou; state=PASS,SAFE_TO_MIGRATE
Family,needy_girl_overdose,FAMILY_HOME,needy_girl_overdose,EXACT_COPYRIGHT_REVIEWED,REVIEWED_QUALIFIER_COPYRIGHT,,Second-reviewed Issue #180 exact qualifier review: family key 'needy_girl_overdose' equals the unique in-catalog Copyright root 'needy_girl_overdose'; candidate_authority=EXACT_QUALIFIER_EQUALS_COPYRIGHT_TAG.,VALIDATED,GLOBAL_EXACT_COPYRIGHT_SECOND_REVIEW_V1.csv; second-review=GLOBAL_EXACT_COPYRIGHT_SECOND_REVIEW_V1.csv; key=needy_girl_overdose; candidate_root_hint=needy_girl_overdose; state=PASS,SAFE_TO_MIGRATE
Family,neko_musume_michikusa_nikki,FAMILY_HOME,neko_musume_michikusa_nikki,EXACT_COPYRIGHT_REVIEWED,REVIEWED_QUALIFIER_COPYRIGHT,,Second-reviewed Issue #180 exact qualifier review: family key 'neko_musume_michikusa_nikki' equals the unique in-catalog Copyright root 'neko_musume_michikusa_nikki'; candidate_authority=EXACT_QUALIFIER_EQUALS_COPYRIGHT_TAG.,VALIDATED,GLOBAL_EXACT_COPYRIGHT_SECOND_REVIEW_V1.csv; second-review=GLOBAL_EXACT_COPYRIGHT_SECOND_REVIEW_V1.csv; key=neko_musume_michikusa_nikki; candidate_root_hint=neko_musume_michikusa_nikki; state=PASS,SAFE_TO_MIGRATE
Family,neko_to_chiyo,FAMILY_HOME,neko_to_chiyo,EXACT_COPYRIGHT_REVIEWED,REVIEWED_QUALIFIER_COPYRIGHT,,Second-reviewed Issue #180 exact qualifier review: family key 'neko_to_chiyo' equals the unique in-catalog Copyright root 'neko_to_chiyo'; candidate_authority=EXACT_QUALIFIER_EQUALS_COPYRIGHT_TAG.,VALIDATED,GLOBAL_EXACT_COPYRIGHT_SECOND_REVIEW_V1.csv; second-review=GLOBAL_EXACT_COPYRIGHT_SECOND_REVIEW_V1.csv; key=neko_to_chiyo; candidate_root_hint=neko_to_chiyo; state=PASS,SAFE_TO_MIGRATE
Family,nekojishi,FAMILY_HOME,nekojishi,EXACT_COPYRIGHT_REVIEWED,REVIEWED_QUALIFIER_COPYRIGHT,,Second-reviewed Issue #180 exact qualifier review: family key 'nekojishi' equals the unique in-catalog Copyright root 'nekojishi'; candidate_authority=EXACT_QUALIFIER_EQUALS_COPYRIGHT_TAG.,VALIDATED,GLOBAL_EXACT_COPYRIGHT_SECOND_REVIEW_V1.csv; second-review=GLOBAL_EXACT_COPYRIGHT_SECOND_REVIEW_V1.csv; key=nekojishi; candidate_root_hint=nekojishi; state=PASS,SAFE_TO_MIGRATE
Family,nekopara,FAMILY_HOME,nekopara,EXACT_COPYRIGHT_REVIEWED,REVIEWED_QUALIFIER_COPYRIGHT,,Second-reviewed Issue #180 exact qualifier review: family key 'nekopara' equals the unique in-catalog Copyright root 'nekopara'; candidate_authority=EXACT_QUALIFIER_EQUALS_COPYRIGHT_TAG.,VALIDATED,GLOBAL_EXACT_COPYRIGHT_SECOND_REVIEW_V1.csv; second-review=GLOBAL_EXACT_COPYRIGHT_SECOND_REVIEW_V1.csv; key=nekopara; candidate_root_hint=nekopara; state=PASS,SAFE_TO_MIGRATE
Family,new_game!,FAMILY_HOME,new_game!,EXACT_COPYRIGHT_REVIEWED,REVIEWED_QUALIFIER_COPYRIGHT,,Second-reviewed Issue #180 exact qualifier review: family key 'new_game!' equals the unique in-catalog Copyright root 'new_game!'; candidate_authority=EXACT_QUALIFIER_EQUALS_COPYRIGHT_TAG.,VALIDATED,GLOBAL_EXACT_COPYRIGHT_SECOND_REVIEW_V1.csv; second-review=GLOBAL_EXACT_COPYRIGHT_SECOND_REVIEW_V1.csv; key=new_game!; candidate_root_hint=new_game!; state=PASS,SAFE_TO_MIGRATE
Family,newjeans,FAMILY_HOME,newjeans,EXACT_COPYRIGHT_REVIEWED,REVIEWED_QUALIFIER_COPYRIGHT,,Second-reviewed Issue #180 exact qualifier review: family key 'newjeans' equals the unique in-catalog Copyright root 'newjeans'; candidate_authority=EXACT_QUALIFIER_EQUALS_COPYRIGHT_TAG.,VALIDATED,GLOBAL_EXACT_COPYRIGHT_SECOND_REVIEW_V1.csv; second-review=GLOBAL_EXACT_COPYRIGHT_SECOND_REVIEW_V1.csv; key=newjeans; candidate_root_hint=newjeans; state=PASS,SAFE_TO_MIGRATE
Family,nezha_zhi_motong_jiangshi,FAMILY_HOME,nezha_zhi_motong_jiangshi,EXACT_COPYRIGHT_REVIEWED,REVIEWED_QUALIFIER_COPYRIGHT,,Second-reviewed Issue #180 exact qualifier review: family key 'nezha_zhi_motong_jiangshi' equals the unique in-catalog Copyright root 'nezha_zhi_motong_jiangshi'; candidate_authority=EXACT_QUALIFIER_EQUALS_COPYRIGHT_TAG.,VALIDATED,GLOBAL_EXACT_COPYRIGHT_SECOND_REVIEW_V1.csv; second-review=GLOBAL_EXACT_COPYRIGHT_SECOND_REVIEW_V1.csv; key=nezha_zhi_motong_jiangshi; candidate_root_hint=nezha_zhi_motong_jiangshi; state=PASS,SAFE_TO_MIGRATE
Family,nichijou,FAMILY_HOME,nichijou,EXACT_COPYRIGHT_REVIEWED,REVIEWED_QUALIFIER_COPYRIGHT,,Second-reviewed Issue #180 exact qualifier review: family key 'nichijou' equals the unique in-catalog Copyright root 'nichijou'; candidate_authority=EXACT_QUALIFIER_EQUALS_COPYRIGHT_TAG.,VALIDATED,GLOBAL_EXACT_COPYRIGHT_SECOND_REVIEW_V1.csv; second-review=GLOBAL_EXACT_COPYRIGHT_SECOND_REVIEW_V1.csv; key=nichijou; candidate_root_hint=nichijou; state=PASS,SAFE_TO_MIGRATE
Family,nier,FAMILY_HOME,nier,EXACT_COPYRIGHT_REVIEWED,REVIEWED_QUALIFIER_COPYRIGHT,,Second-reviewed Issue #180 exact qualifier review: family key 'nier' equals the unique in-catalog Copyright root 'nier'; candidate_authority=EXACT_QUALIFIER_EQUALS_COPYRIGHT_TAG.,VALIDATED,GLOBAL_EXACT_COPYRIGHT_SECOND_REVIEW_V1.csv; second-review=GLOBAL_EXACT_COPYRIGHT_SECOND_REVIEW_V1.csv; key=nier; candidate_root_hint=nier; state=PASS,SAFE_TO_MIGRATE
Family,nier:automata,FAMILY_HOME,nier:automata,EXACT_COPYRIGHT_REVIEWED,REVIEWED_QUALIFIER_COPYRIGHT,,Second-reviewed Issue #180 exact qualifier review: family key 'nier:automata' equals the unique in-catalog Copyright root 'nier:automata'; candidate_authority=EXACT_QUALIFIER_EQUALS_COPYRIGHT_TAG.,VALIDATED,GLOBAL_EXACT_COPYRIGHT_SECOND_REVIEW_V1.csv; second-review=GLOBAL_EXACT_COPYRIGHT_SECOND_REVIEW_V1.csv; key=nier:automata; candidate_root_hint=nier:automata; state=PASS,SAFE_TO_MIGRATE
Family,nier_reincarnation,FAMILY_HOME,nier_reincarnation,EXACT_COPYRIGHT_REVIEWED,REVIEWED_QUALIFIER_COPYRIGHT,,Second-reviewed Issue #180 exact qualifier review: family key 'nier_reincarnation' equals the unique in-catalog Copyright root 'nier_reincarnation'; candidate_authority=EXACT_QUALIFIER_EQUALS_COPYRIGHT_TAG.,VALIDATED,GLOBAL_EXACT_COPYRIGHT_SECOND_REVIEW_V1.csv; second-review=GLOBAL_EXACT_COPYRIGHT_SECOND_REVIEW_V1.csv; key=nier_reincarnation; candidate_root_hint=nier_reincarnation; state=PASS,SAFE_TO_MIGRATE
Family,nige_jouzu_no_wakagimi,FAMILY_HOME,nige_jouzu_no_wakagimi,EXACT_COPYRIGHT_REVIEWED,REVIEWED_QUALIFIER_COPYRIGHT,,Second-reviewed Issue #180 exact qualifier review: family key 'nige_jouzu_no_wakagimi' equals the unique in-catalog Copyright root 'nige_jouzu_no_wakagimi'; candidate_authority=EXACT_QUALIFIER_EQUALS_COPYRIGHT_TAG.,VALIDATED,GLOBAL_EXACT_COPYRIGHT_SECOND_REVIEW_V1.csv; second-review=GLOBAL_EXACT_COPYRIGHT_SECOND_REVIEW_V1.csv; key=nige_jouzu_no_wakagimi; candidate_root_hint=nige_jouzu_no_wakagimi; state=PASS,SAFE_TO_MIGRATE
Family,nijiura_maids,FAMILY_HOME,nijiura_maids,EXACT_COPYRIGHT_REVIEWED,REVIEWED_QUALIFIER_COPYRIGHT,,Second-reviewed Issue #180 exact qualifier review: family key 'nijiura_maids' equals the unique in-catalog Copyright root 'nijiura_maids'; candidate_authority=EXACT_QUALIFIER_EQUALS_COPYRIGHT_TAG.,VALIDATED,GLOBAL_EXACT_COPYRIGHT_SECOND_REVIEW_V1.csv; second-review=GLOBAL_EXACT_COPYRIGHT_SECOND_REVIEW_V1.csv; key=nijiura_maids; candidate_root_hint=nijiura_maids; state=PASS,SAFE_TO_MIGRATE
Family,nikke,FAMILY_HOME,goddess_of_victory:_nikke,FIRST_PARTY_REVIEWED,EXTERNAL_AUTHORITY,https://nikke-en.com/,Official GODDESS OF VICTORY: NIKKE site.,VALIDATED,BATCH_A_REMAINING_7_SECOND_REVIEW_V2.csv; second-review=BATCH_A_REMAINING_7_SECOND_REVIEW_V2.csv; key=nikke; candidate_root=goddess_of_victory:_nikke; state=PASS,SAFE_TO_MIGRATE
Family,nine_sols,FAMILY_HOME,nine_sols,EXACT_COPYRIGHT_REVIEWED,REVIEWED_QUALIFIER_COPYRIGHT,,Second-reviewed Issue #180 exact qualifier review: family key 'nine_sols' equals the unique in-catalog Copyright root 'nine_sols'; candidate_authority=EXACT_QUALIFIER_EQUALS_COPYRIGHT_TAG.,VALIDATED,GLOBAL_EXACT_COPYRIGHT_SECOND_REVIEW_V1.csv; second-review=GLOBAL_EXACT_COPYRIGHT_SECOND_REVIEW_V1.csv; key=nine_sols; candidate_root_hint=nine_sols; state=PASS,SAFE_TO_MIGRATE
Family,ninin_ga_shinobuden,FAMILY_HOME,ninin_ga_shinobuden,EXACT_COPYRIGHT_REVIEWED,REVIEWED_QUALIFIER_COPYRIGHT,,Second-reviewed Issue #180 exact qualifier review: family key 'ninin_ga_shinobuden' equals the unique in-catalog Copyright root 'ninin_ga_shinobuden'; candidate_authority=EXACT_QUALIFIER_EQUALS_COPYRIGHT_TAG.,VALIDATED,GLOBAL_EXACT_COPYRIGHT_SECOND_REVIEW_V1.csv; second-review=GLOBAL_EXACT_COPYRIGHT_SECOND_REVIEW_V1.csv; key=ninin_ga_shinobuden; candidate_root_hint=ninin_ga_shinobuden; state=PASS,SAFE_TO_MIGRATE
Family,ninja_gaiden,FAMILY_HOME,ninja_gaiden,EXACT_COPYRIGHT_REVIEWED,REVIEWED_QUALIFIER_COPYRIGHT,,Second-reviewed Issue #180 exact qualifier review: family key 'ninja_gaiden' equals the unique in-catalog Copyright root 'ninja_gaiden'; candidate_authority=EXACT_QUALIFIER_EQUALS_COPYRIGHT_TAG.,VALIDATED,GLOBAL_EXACT_COPYRIGHT_SECOND_REVIEW_V1.csv; second-review=GLOBAL_EXACT_COPYRIGHT_SECOND_REVIEW_V1.csv; key=ninja_gaiden; candidate_root_hint=ninja_gaiden; state=PASS,SAFE_TO_MIGRATE
Family,ninjago,FAMILY_HOME,ninjago,EXACT_COPYRIGHT_REVIEWED,REVIEWED_QUALIFIER_COPYRIGHT,,Second-reviewed Issue #180 exact qualifier review: family key 'ninjago' equals the unique in-catalog Copyright root 'ninjago'; candidate_authority=EXACT_QUALIFIER_EQUALS_COPYRIGHT_TAG.,VALIDATED,GLOBAL_EXACT_COPYRIGHT_SECOND_REVIEW_V1.csv; second-review=GLOBAL_EXACT_COPYRIGHT_SECOND_REVIEW_V1.csv; key=ninjago; candidate_root_hint=ninjago; state=PASS,SAFE_TO_MIGRATE
Family,ninjala,FAMILY_HOME,ninjala,EXACT_COPYRIGHT_REVIEWED,REVIEWED_QUALIFIER_COPYRIGHT,,Second-reviewed Issue #180 exact qualifier review: family key 'ninjala' equals the unique in-catalog Copyright root 'ninjala'; candidate_authority=EXACT_QUALIFIER_EQUALS_COPYRIGHT_TAG.,VALIDATED,GLOBAL_EXACT_COPYRIGHT_SECOND_REVIEW_V1.csv; second-review=GLOBAL_EXACT_COPYRIGHT_SECOND_REVIEW_V1.csv; key=ninjala; candidate_root_hint=ninjala; state=PASS,SAFE_TO_MIGRATE
Family,no-rin,FAMILY_HOME,no-rin,EXACT_COPYRIGHT_REVIEWED,REVIEWED_QUALIFIER_COPYRIGHT,,Second-reviewed Issue #180 exact qualifier review: family key 'no-rin' equals the unique in-catalog Copyright root 'no-rin'; candidate_authority=EXACT_QUALIFIER_EQUALS_COPYRIGHT_TAG.,VALIDATED,GLOBAL_EXACT_COPYRIGHT_SECOND_REVIEW_V1.csv; second-review=GLOBAL_EXACT_COPYRIGHT_SECOND_REVIEW_V1.csv; key=no-rin; candidate_root_hint=no-rin; state=PASS,SAFE_TO_MIGRATE
Family,no.6,FAMILY_HOME,no.6,EXACT_COPYRIGHT_REVIEWED,REVIEWED_QUALIFIER_COPYRIGHT,,Second-reviewed Issue #180 exact qualifier review: family key 'no.6' equals the unique in-catalog Copyright root 'no.6'; candidate_authority=EXACT_QUALIFIER_EQUALS_COPYRIGHT_TAG.,VALIDATED,GLOBAL_EXACT_COPYRIGHT_SECOND_REVIEW_V1.csv; second-review=GLOBAL_EXACT_COPYRIGHT_SECOND_REVIEW_V1.csv; key=no.6; candidate_root_hint=no.6; state=PASS,SAFE_TO_MIGRATE
Family,no_game_no_life,FAMILY_HOME,no_game_no_life,EXACT_COPYRIGHT_REVIEWED,REVIEWED_QUALIFIER_COPYRIGHT,,Second-reviewed Issue #180 exact qualifier review: family key 'no_game_no_life' equals the unique in-catalog Copyright root 'no_game_no_life'; candidate_authority=EXACT_QUALIFIER_EQUALS_COPYRIGHT_TAG.,VALIDATED,GLOBAL_EXACT_COPYRIGHT_SECOND_REVIEW_V1.csv; second-review=GLOBAL_EXACT_COPYRIGHT_SECOND_REVIEW_V1.csv; key=no_game_no_life; candidate_root_hint=no_game_no_life; state=PASS,SAFE_TO_MIGRATE
Family,no_i'm_not_a_human,FAMILY_HOME,no_i'm_not_a_human,EXACT_COPYRIGHT_REVIEWED,REVIEWED_QUALIFIER_COPYRIGHT,,"Second-reviewed Issue #180 exact qualifier review: family key ""no_i'm_not_a_human"" equals the unique in-catalog Copyright root ""no_i'm_not_a_human""; candidate_authority=EXACT_QUALIFIER_EQUALS_COPYRIGHT_TAG.",VALIDATED,GLOBAL_EXACT_COPYRIGHT_SECOND_REVIEW_V1.csv; second-review=GLOBAL_EXACT_COPYRIGHT_SECOND_REVIEW_V1.csv; key=no_i'm_not_a_human; candidate_root_hint=no_i'm_not_a_human; state=PASS,SAFE_TO_MIGRATE
Family,noragami,FAMILY_HOME,noragami,EXACT_COPYRIGHT_REVIEWED,REVIEWED_QUALIFIER_COPYRIGHT,,Second-reviewed Issue #180 exact qualifier review: family key 'noragami' equals the unique in-catalog Copyright root 'noragami'; candidate_authority=EXACT_QUALIFIER_EQUALS_COPYRIGHT_TAG.,VALIDATED,GLOBAL_EXACT_COPYRIGHT_SECOND_REVIEW_V1.csv; second-review=GLOBAL_EXACT_COPYRIGHT_SECOND_REVIEW_V1.csv; key=noragami; candidate_root_hint=noragami; state=PASS,SAFE_TO_MIGRATE
Family,noworld,FAMILY_HOME,noworld,EXACT_COPYRIGHT_REVIEWED,REVIEWED_QUALIFIER_COPYRIGHT,,Second-reviewed Issue #180 exact qualifier review: family key 'noworld' equals the unique in-catalog Copyright root 'noworld'; candidate_authority=EXACT_QUALIFIER_EQUALS_COPYRIGHT_TAG.,VALIDATED,GLOBAL_EXACT_COPYRIGHT_SECOND_REVIEW_V1.csv; second-review=GLOBAL_EXACT_COPYRIGHT_SECOND_REVIEW_V1.csv; key=noworld; candidate_root_hint=noworld; state=PASS,SAFE_TO_MIGRATE
Family,nu_carnival,FAMILY_HOME,nu_carnival,EXACT_COPYRIGHT_REVIEWED,REVIEWED_QUALIFIER_COPYRIGHT,,Second-reviewed Issue #180 exact qualifier review: family key 'nu_carnival' equals the unique in-catalog Copyright root 'nu_carnival'; candidate_authority=EXACT_QUALIFIER_EQUALS_COPYRIGHT_TAG.,VALIDATED,GLOBAL_EXACT_COPYRIGHT_SECOND_REVIEW_V1.csv; second-review=GLOBAL_EXACT_COPYRIGHT_SECOND_REVIEW_V1.csv; key=nu_carnival; candidate_root_hint=nu_carnival; state=PASS,SAFE_TO_MIGRATE
Family,nue_no_onmyouji,FAMILY_HOME,nue_no_onmyouji,EXACT_COPYRIGHT_REVIEWED,REVIEWED_QUALIFIER_COPYRIGHT,,Second-reviewed Issue #180 exact qualifier review: family key 'nue_no_onmyouji' equals the unique in-catalog Copyright root 'nue_no_onmyouji'; candidate_authority=EXACT_QUALIFIER_EQUALS_COPYRIGHT_TAG.,VALIDATED,GLOBAL_EXACT_COPYRIGHT_SECOND_REVIEW_V1.csv; second-review=GLOBAL_EXACT_COPYRIGHT_SECOND_REVIEW_V1.csv; key=nue_no_onmyouji; candidate_root_hint=nue_no_onmyouji; state=PASS,SAFE_TO_MIGRATE
Family,nurarihyon_no_mago,FAMILY_HOME,nurarihyon_no_mago,EXACT_COPYRIGHT_REVIEWED,REVIEWED_QUALIFIER_COPYRIGHT,,Second-reviewed Issue #180 exact qualifier review: family key 'nurarihyon_no_mago' equals the unique in-catalog Copyright root 'nurarihyon_no_mago'; candidate_authority=EXACT_QUALIFIER_EQUALS_COPYRIGHT_TAG.,VALIDATED,GLOBAL_EXACT_COPYRIGHT_SECOND_REVIEW_V1.csv; second-review=GLOBAL_EXACT_COPYRIGHT_SECOND_REVIEW_V1.csv; key=nurarihyon_no_mago; candidate_root_hint=nurarihyon_no_mago; state=PASS,SAFE_TO_MIGRATE
Family,nyanko_daisensou,FAMILY_HOME,nyanko_daisensou,EXACT_COPYRIGHT_REVIEWED,REVIEWED_QUALIFIER_COPYRIGHT,,Second-reviewed Issue #180 exact qualifier review: family key 'nyanko_daisensou' equals the unique in-catalog Copyright root 'nyanko_daisensou'; candidate_authority=EXACT_QUALIFIER_EQUALS_COPYRIGHT_TAG.,VALIDATED,GLOBAL_EXACT_COPYRIGHT_SECOND_REVIEW_V1.csv; second-review=GLOBAL_EXACT_COPYRIGHT_SECOND_REVIEW_V1.csv; key=nyanko_daisensou; candidate_root_hint=nyanko_daisensou; state=PASS,SAFE_TO_MIGRATE
Family,oboro_muramasa,FAMILY_HOME,oboro_muramasa,EXACT_COPYRIGHT_REVIEWED,REVIEWED_QUALIFIER_COPYRIGHT,,Second-reviewed Issue #180 exact qualifier review: family key 'oboro_muramasa' equals the unique in-catalog Copyright root 'oboro_muramasa'; candidate_authority=EXACT_QUALIFIER_EQUALS_COPYRIGHT_TAG.,VALIDATED,GLOBAL_EXACT_COPYRIGHT_SECOND_REVIEW_V1.csv; second-review=GLOBAL_EXACT_COPYRIGHT_SECOND_REVIEW_V1.csv; key=oboro_muramasa; candidate_root_hint=oboro_muramasa; state=PASS,SAFE_TO_MIGRATE
Family,octopath_traveler,FAMILY_HOME,octopath_traveler,EXACT_COPYRIGHT_REVIEWED,REVIEWED_QUALIFIER_COPYRIGHT,,Second-reviewed Issue #180 exact qualifier review: family key 'octopath_traveler' equals the unique in-catalog Copyright root 'octopath_traveler'; candidate_authority=EXACT_QUALIFIER_EQUALS_COPYRIGHT_TAG.,VALIDATED,GLOBAL_EXACT_COPYRIGHT_SECOND_REVIEW_V1.csv; second-review=GLOBAL_EXACT_COPYRIGHT_SECOND_REVIEW_V1.csv; key=octopath_traveler; candidate_root_hint=octopath_traveler; state=PASS,SAFE_TO_MIGRATE
Family,oda_nobuna_no_yabou,FAMILY_HOME,oda_nobuna_no_yabou,EXACT_COPYRIGHT_REVIEWED,REVIEWED_QUALIFIER_COPYRIGHT,,Second-reviewed Issue #180 exact qualifier review: family key 'oda_nobuna_no_yabou' equals the unique in-catalog Copyright root 'oda_nobuna_no_yabou'; candidate_authority=EXACT_QUALIFIER_EQUALS_COPYRIGHT_TAG.,VALIDATED,GLOBAL_EXACT_COPYRIGHT_SECOND_REVIEW_V1.csv; second-review=GLOBAL_EXACT_COPYRIGHT_SECOND_REVIEW_V1.csv; key=oda_nobuna_no_yabou; candidate_root_hint=oda_nobuna_no_yabou; state=PASS,SAFE_TO_MIGRATE
Family,odd_taxi,FAMILY_HOME,odd_taxi,EXACT_COPYRIGHT_REVIEWED,REVIEWED_QUALIFIER_COPYRIGHT,,Second-reviewed Issue #180 exact qualifier review: family key 'odd_taxi' equals the unique in-catalog Copyright root 'odd_taxi'; candidate_authority=EXACT_QUALIFIER_EQUALS_COPYRIGHT_TAG.,VALIDATED,GLOBAL_EXACT_COPYRIGHT_SECOND_REVIEW_V1.csv; second-review=GLOBAL_EXACT_COPYRIGHT_SECOND_REVIEW_V1.csv; key=odd_taxi; candidate_root_hint=odd_taxi; state=PASS,SAFE_TO_MIGRATE
Family,odin_sphere,FAMILY_HOME,odin_sphere,EXACT_COPYRIGHT_REVIEWED,REVIEWED_QUALIFIER_COPYRIGHT,,Second-reviewed Issue #180 exact qualifier review: family key 'odin_sphere' equals the unique in-catalog Copyright root 'odin_sphere'; candidate_authority=EXACT_QUALIFIER_EQUALS_COPYRIGHT_TAG.,VALIDATED,GLOBAL_EXACT_COPYRIGHT_SECOND_REVIEW_V1.csv; second-review=GLOBAL_EXACT_COPYRIGHT_SECOND_REVIEW_V1.csv; key=odin_sphere; candidate_root_hint=odin_sphere; state=PASS,SAFE_TO_MIGRATE
Family,omniscient_reader's_viewpoint,FAMILY_HOME,omniscient_reader's_viewpoint,EXACT_COPYRIGHT_REVIEWED,REVIEWED_QUALIFIER_COPYRIGHT,,"Second-reviewed Issue #180 exact qualifier review: family key ""omniscient_reader's_viewpoint"" equals the unique in-catalog Copyright root ""omniscient_reader's_viewpoint""; candidate_authority=EXACT_QUALIFIER_EQUALS_COPYRIGHT_TAG.",VALIDATED,GLOBAL_EXACT_COPYRIGHT_SECOND_REVIEW_V1.csv; second-review=GLOBAL_EXACT_COPYRIGHT_SECOND_REVIEW_V1.csv; key=omniscient_reader's_viewpoint; candidate_root_hint=omniscient_reader's_viewpoint; state=PASS,SAFE_TO_MIGRATE
Family,omoide_no_marnie,FAMILY_HOME,omoide_no_marnie,EXACT_COPYRIGHT_REVIEWED,REVIEWED_QUALIFIER_COPYRIGHT,,Second-reviewed Issue #180 exact qualifier review: family key 'omoide_no_marnie' equals the unique in-catalog Copyright root 'omoide_no_marnie'; candidate_authority=EXACT_QUALIFIER_EQUALS_COPYRIGHT_TAG.,VALIDATED,GLOBAL_EXACT_COPYRIGHT_SECOND_REVIEW_V1.csv; second-review=GLOBAL_EXACT_COPYRIGHT_SECOND_REVIEW_V1.csv; key=omoide_no_marnie; candidate_root_hint=omoide_no_marnie; state=PASS,SAFE_TO_MIGRATE
Family,omori,FAMILY_HOME,omori,FIRST_PARTY_REVIEWED,EXTERNAL_AUTHORITY,https://www.omori-game.com/,Official OMORI game site establishes the title/character context.,VALIDATED,P1_P3_AUTHORITY_SECOND_REVIEW_V1.csv; second-review=P1_P3_AUTHORITY_SECOND_REVIEW_V1.csv; key=omori; candidate_root=omori; state=PASS,SAFE_TO_MIGRATE
Family,one-punch_man,FAMILY_HOME,one-punch_man,EXACT_COPYRIGHT_REVIEWED,REVIEWED_QUALIFIER_COPYRIGHT,,Second-reviewed Issue #180 exact qualifier review: family key 'one-punch_man' equals the unique in-catalog Copyright root 'one-punch_man'; candidate_authority=EXACT_QUALIFIER_EQUALS_COPYRIGHT_TAG.,VALIDATED,GLOBAL_EXACT_COPYRIGHT_SECOND_REVIEW_V1.csv; second-review=GLOBAL_EXACT_COPYRIGHT_SECOND_REVIEW_V1.csv; key=one-punch_man; candidate_root_hint=one-punch_man; state=PASS,SAFE_TO_MIGRATE
Family,one_piece,FAMILY_HOME,one_piece,FIRST_PARTY_REVIEWED,EXTERNAL_AUTHORITY,https://one-piece.com/character/index.html,Official ONE PIECE site provides a character directory.,VALIDATED,ROOT_REVIEW_BATCH_A_SECOND_REVIEW_V1.csv; second-review=ROOT_REVIEW_BATCH_A_SECOND_REVIEW_V1.csv; key=one_piece; candidate_root=one_piece; state=PASS,SAFE_TO_MIGRATE
Family,oneechanbara,FAMILY_HOME,oneechanbara,EXACT_COPYRIGHT_REVIEWED,REVIEWED_QUALIFIER_COPYRIGHT,,Second-reviewed Issue #180 exact qualifier review: family key 'oneechanbara' equals the unique in-catalog Copyright root 'oneechanbara'; candidate_authority=EXACT_QUALIFIER_EQUALS_COPYRIGHT_TAG.,VALIDATED,GLOBAL_EXACT_COPYRIGHT_SECOND_REVIEW_V1.csv; second-review=GLOBAL_EXACT_COPYRIGHT_SECOND_REVIEW_V1.csv; key=oneechanbara; candidate_root_hint=oneechanbara; state=PASS,SAFE_TO_MIGRATE
Family,ongeki,FAMILY_HOME,ongeki,EXACT_COPYRIGHT_REVIEWED,REVIEWED_QUALIFIER_COPYRIGHT,,Second-reviewed Issue #180 exact qualifier review: family key 'ongeki' equals the unique in-catalog Copyright root 'ongeki'; candidate_authority=EXACT_QUALIFIER_EQUALS_COPYRIGHT_TAG.,VALIDATED,GLOBAL_EXACT_COPYRIGHT_SECOND_REVIEW_V1.csv; second-review=GLOBAL_EXACT_COPYRIGHT_SECOND_REVIEW_V1.csv; key=ongeki; candidate_root_hint=ongeki; state=PASS,SAFE_TO_MIGRATE
Family,onmyoji,FAMILY_HOME,onmyoji,EXACT_COPYRIGHT_REVIEWED,REVIEWED_QUALIFIER_COPYRIGHT,,Second-reviewed Issue #180 exact qualifier review: family key 'onmyoji' equals the unique in-catalog Copyright root 'onmyoji'; candidate_authority=EXACT_QUALIFIER_EQUALS_COPYRIGHT_TAG.,VALIDATED,GLOBAL_EXACT_COPYRIGHT_SECOND_REVIEW_V1.csv; second-review=GLOBAL_EXACT_COPYRIGHT_SECOND_REVIEW_V1.csv; key=onmyoji; candidate_root_hint=onmyoji; state=PASS,SAFE_TO_MIGRATE
Family,ookami-san,FAMILY_HOME,ookami-san,EXACT_COPYRIGHT_REVIEWED,REVIEWED_QUALIFIER_COPYRIGHT,,Second-reviewed Issue #180 exact qualifier review: family key 'ookami-san' equals the unique in-catalog Copyright root 'ookami-san'; candidate_authority=EXACT_QUALIFIER_EQUALS_COPYRIGHT_TAG.,VALIDATED,GLOBAL_EXACT_COPYRIGHT_SECOND_REVIEW_V1.csv; second-review=GLOBAL_EXACT_COPYRIGHT_SECOND_REVIEW_V1.csv; key=ookami-san; candidate_root_hint=ookami-san; state=PASS,SAFE_TO_MIGRATE
Family,ooya-san_wa_shishunki,FAMILY_HOME,ooya-san_wa_shishunki,EXACT_COPYRIGHT_REVIEWED,REVIEWED_QUALIFIER_COPYRIGHT,,Second-reviewed Issue #180 exact qualifier review: family key 'ooya-san_wa_shishunki' equals the unique in-catalog Copyright root 'ooya-san_wa_shishunki'; candidate_authority=EXACT_QUALIFIER_EQUALS_COPYRIGHT_TAG.,VALIDATED,GLOBAL_EXACT_COPYRIGHT_SECOND_REVIEW_V1.csv; second-review=GLOBAL_EXACT_COPYRIGHT_SECOND_REVIEW_V1.csv; key=ooya-san_wa_shishunki; candidate_root_hint=ooya-san_wa_shishunki; state=PASS,SAFE_TO_MIGRATE
Family,orc_eiyuu_monogatari,FAMILY_HOME,orc_eiyuu_monogatari,EXACT_COPYRIGHT_REVIEWED,REVIEWED_QUALIFIER_COPYRIGHT,,Second-reviewed Issue #180 exact qualifier review: family key 'orc_eiyuu_monogatari' equals the unique in-catalog Copyright root 'orc_eiyuu_monogatari'; candidate_authority=EXACT_QUALIFIER_EQUALS_COPYRIGHT_TAG.,VALIDATED,GLOBAL_EXACT_COPYRIGHT_SECOND_REVIEW_V1.csv; second-review=GLOBAL_EXACT_COPYRIGHT_SECOND_REVIEW_V1.csv; key=orc_eiyuu_monogatari; candidate_root_hint=orc_eiyuu_monogatari; state=PASS,SAFE_TO_MIGRATE
Family,orc_wa_nozomanai,FAMILY_HOME,orc_wa_nozomanai,EXACT_COPYRIGHT_REVIEWED,REVIEWED_QUALIFIER_COPYRIGHT,,Second-reviewed Issue #180 exact qualifier review: family key 'orc_wa_nozomanai' equals the unique in-catalog Copyright root 'orc_wa_nozomanai'; candidate_authority=EXACT_QUALIFIER_EQUALS_COPYRIGHT_TAG.,VALIDATED,GLOBAL_EXACT_COPYRIGHT_SECOND_REVIEW_V1.csv; second-review=GLOBAL_EXACT_COPYRIGHT_SECOND_REVIEW_V1.csv; key=orc_wa_nozomanai; candidate_root_hint=orc_wa_nozomanai; state=PASS,SAFE_TO_MIGRATE
Family,osana_reimu,FAMILY_HOME,osana_reimu,EXACT_COPYRIGHT_REVIEWED,REVIEWED_QUALIFIER_COPYRIGHT,,Second-reviewed Issue #180 exact qualifier review: family key 'osana_reimu' equals the unique in-catalog Copyright root 'osana_reimu'; candidate_authority=EXACT_QUALIFIER_EQUALS_COPYRIGHT_TAG.,VALIDATED,GLOBAL_EXACT_COPYRIGHT_SECOND_REVIEW_V1.csv; second-review=GLOBAL_EXACT_COPYRIGHT_SECOND_REVIEW_V1.csv; key=osana_reimu; candidate_root_hint=osana_reimu; state=PASS,SAFE_TO_MIGRATE
Family,osananajimi_ni_najimitai,FAMILY_HOME,osananajimi_ni_najimitai,EXACT_COPYRIGHT_REVIEWED,REVIEWED_QUALIFIER_COPYRIGHT,,Second-reviewed Issue #180 exact qualifier review: family key 'osananajimi_ni_najimitai' equals the unique in-catalog Copyright root 'osananajimi_ni_najimitai'; candidate_authority=EXACT_QUALIFIER_EQUALS_COPYRIGHT_TAG.,VALIDATED,GLOBAL_EXACT_COPYRIGHT_SECOND_REVIEW_V1.csv; second-review=GLOBAL_EXACT_COPYRIGHT_SECOND_REVIEW_V1.csv; key=osananajimi_ni_najimitai; candidate_root_hint=osananajimi_ni_najimitai; state=PASS,SAFE_TO_MIGRATE
Family,osawari_tantei,FAMILY_HOME,osawari_tantei,EXACT_COPYRIGHT_REVIEWED,REVIEWED_QUALIFIER_COPYRIGHT,,Second-reviewed Issue #180 exact qualifier review: family key 'osawari_tantei' equals the unique in-catalog Copyright root 'osawari_tantei'; candidate_authority=EXACT_QUALIFIER_EQUALS_COPYRIGHT_TAG.,VALIDATED,GLOBAL_EXACT_COPYRIGHT_SECOND_REVIEW_V1.csv; second-review=GLOBAL_EXACT_COPYRIGHT_SECOND_REVIEW_V1.csv; key=osawari_tantei; candidate_root_hint=osawari_tantei; state=PASS,SAFE_TO_MIGRATE
Family,osomatsu-kun,FAMILY_HOME,osomatsu-kun,EXACT_COPYRIGHT_REVIEWED,REVIEWED_QUALIFIER_COPYRIGHT,,Second-reviewed Issue #180 exact qualifier review: family key 'osomatsu-kun' equals the unique in-catalog Copyright root 'osomatsu-kun'; candidate_authority=EXACT_QUALIFIER_EQUALS_COPYRIGHT_TAG.,VALIDATED,GLOBAL_EXACT_COPYRIGHT_SECOND_REVIEW_V1.csv; second-review=GLOBAL_EXACT_COPYRIGHT_SECOND_REVIEW_V1.csv; key=osomatsu-kun; candidate_root_hint=osomatsu-kun; state=PASS,SAFE_TO_MIGRATE
Family,osomatsu-san,FAMILY_HOME,osomatsu-san,EXACT_COPYRIGHT_REVIEWED,REVIEWED_QUALIFIER_COPYRIGHT,,Second-reviewed Issue #180 exact qualifier review: family key 'osomatsu-san' equals the unique in-catalog Copyright root 'osomatsu-san'; candidate_authority=EXACT_QUALIFIER_EQUALS_COPYRIGHT_TAG.,VALIDATED,GLOBAL_EXACT_COPYRIGHT_SECOND_REVIEW_V1.csv; second-review=GLOBAL_EXACT_COPYRIGHT_SECOND_REVIEW_V1.csv; key=osomatsu-san; candidate_root_hint=osomatsu-san; state=PASS,SAFE_TO_MIGRATE
Family,osu!,FAMILY_HOME,osu!,EXACT_COPYRIGHT_REVIEWED,REVIEWED_QUALIFIER_COPYRIGHT,,Second-reviewed Issue #180 exact qualifier review: family key 'osu!' equals the unique in-catalog Copyright root 'osu!'; candidate_authority=EXACT_QUALIFIER_EQUALS_COPYRIGHT_TAG.,VALIDATED,GLOBAL_EXACT_COPYRIGHT_SECOND_REVIEW_V1.csv; second-review=GLOBAL_EXACT_COPYRIGHT_SECOND_REVIEW_V1.csv; key=osu!; candidate_root_hint=osu!; state=PASS,SAFE_TO_MIGRATE
Family,otogi-juushi_akazukin,FAMILY_HOME,otogi-juushi_akazukin,EXACT_COPYRIGHT_REVIEWED,REVIEWED_QUALIFIER_COPYRIGHT,,Second-reviewed Issue #180 exact qualifier review: family key 'otogi-juushi_akazukin' equals the unique in-catalog Copyright root 'otogi-juushi_akazukin'; candidate_authority=EXACT_QUALIFIER_EQUALS_COPYRIGHT_TAG.,VALIDATED,GLOBAL_EXACT_COPYRIGHT_SECOND_REVIEW_V1.csv; second-review=GLOBAL_EXACT_COPYRIGHT_SECOND_REVIEW_V1.csv; key=otogi-juushi_akazukin; candidate_root_hint=otogi-juushi_akazukin; state=PASS,SAFE_TO_MIGRATE
Family,otomari_koibito_lolita,FAMILY_HOME,otomari_koibito_lolita,EXACT_COPYRIGHT_REVIEWED,REVIEWED_QUALIFIER_COPYRIGHT,,Second-reviewed Issue #180 exact qualifier review: family key 'otomari_koibito_lolita' equals the unique in-catalog Copyright root 'otomari_koibito_lolita'; candidate_authority=EXACT_QUALIFIER_EQUALS_COPYRIGHT_TAG.,VALIDATED,GLOBAL_EXACT_COPYRIGHT_SECOND_REVIEW_V1.csv; second-review=GLOBAL_EXACT_COPYRIGHT_SECOND_REVIEW_V1.csv; key=otomari_koibito_lolita; candidate_root_hint=otomari_koibito_lolita; state=PASS,SAFE_TO_MIGRATE
Family,otome_youkai_zakuro,FAMILY_HOME,otome_youkai_zakuro,EXACT_COPYRIGHT_REVIEWED,REVIEWED_QUALIFIER_COPYRIGHT,,Second-reviewed Issue #180 exact qualifier review: family key 'otome_youkai_zakuro' equals the unique in-catalog Copyright root 'otome_youkai_zakuro'; candidate_authority=EXACT_QUALIFIER_EQUALS_COPYRIGHT_TAG.,VALIDATED,GLOBAL_EXACT_COPYRIGHT_SECOND_REVIEW_V1.csv; second-review=GLOBAL_EXACT_COPYRIGHT_SECOND_REVIEW_V1.csv; key=otome_youkai_zakuro; candidate_root_hint=otome_youkai_zakuro; state=PASS,SAFE_TO_MIGRATE
Family,oukoku_no_shugo_tenshi,FAMILY_HOME,oukoku_no_shugo_tenshi,EXACT_COPYRIGHT_REVIEWED,REVIEWED_QUALIFIER_COPYRIGHT,,Second-reviewed Issue #180 exact qualifier review: family key 'oukoku_no_shugo_tenshi' equals the unique in-catalog Copyright root 'oukoku_no_shugo_tenshi'; candidate_authority=EXACT_QUALIFIER_EQUALS_COPYRIGHT_TAG.,VALIDATED,GLOBAL_EXACT_COPYRIGHT_SECOND_REVIEW_V1.csv; second-review=GLOBAL_EXACT_COPYRIGHT_SECOND_REVIEW_V1.csv; key=oukoku_no_shugo_tenshi; candidate_root_hint=oukoku_no_shugo_tenshi; state=PASS,SAFE_TO_MIGRATE
Family,our_battle_has_just_begun!,FAMILY_HOME,our_battle_has_just_begun!,EXACT_COPYRIGHT_REVIEWED,REVIEWED_QUALIFIER_COPYRIGHT,,Second-reviewed Issue #180 exact qualifier review: family key 'our_battle_has_just_begun!' equals the unique in-catalog Copyright root 'our_battle_has_just_begun!'; candidate_authority=EXACT_QUALIFIER_EQUALS_COPYRIGHT_TAG.,VALIDATED,GLOBAL_EXACT_COPYRIGHT_SECOND_REVIEW_V1.csv; second-review=GLOBAL_EXACT_COPYRIGHT_SECOND_REVIEW_V1.csv; key=our_battle_has_just_begun!; candidate_root_hint=our_battle_has_just_begun!; state=PASS,SAFE_TO_MIGRATE
Family,our_life,FAMILY_HOME,our_life,EXACT_COPYRIGHT_REVIEWED,REVIEWED_QUALIFIER_COPYRIGHT,,Second-reviewed Issue #180 exact qualifier review: family key 'our_life' equals the unique in-catalog Copyright root 'our_life'; candidate_authority=EXACT_QUALIFIER_EQUALS_COPYRIGHT_TAG.,VALIDATED,GLOBAL_EXACT_COPYRIGHT_SECOND_REVIEW_V1.csv; second-review=GLOBAL_EXACT_COPYRIGHT_SECOND_REVIEW_V1.csv; key=our_life; candidate_root_hint=our_life; state=PASS,SAFE_TO_MIGRATE
Family,ousama_ranking,FAMILY_HOME,ousama_ranking,EXACT_COPYRIGHT_REVIEWED,REVIEWED_QUALIFIER_COPYRIGHT,,Second-reviewed Issue #180 exact qualifier review: family key 'ousama_ranking' equals the unique in-catalog Copyright root 'ousama_ranking'; candidate_authority=EXACT_QUALIFIER_EQUALS_COPYRIGHT_TAG.,VALIDATED,GLOBAL_EXACT_COPYRIGHT_SECOND_REVIEW_V1.csv; second-review=GLOBAL_EXACT_COPYRIGHT_SECOND_REVIEW_V1.csv; key=ousama_ranking; candidate_root_hint=ousama_ranking; state=PASS,SAFE_TO_MIGRATE
Family,outer_wilds,FAMILY_HOME,outer_wilds,EXACT_COPYRIGHT_REVIEWED,REVIEWED_QUALIFIER_COPYRIGHT,,Second-reviewed Issue #180 exact qualifier review: family key 'outer_wilds' equals the unique in-catalog Copyright root 'outer_wilds'; candidate_authority=EXACT_QUALIFIER_EQUALS_COPYRIGHT_TAG.,VALIDATED,GLOBAL_EXACT_COPYRIGHT_SECOND_REVIEW_V1.csv; second-review=GLOBAL_EXACT_COPYRIGHT_SECOND_REVIEW_V1.csv; key=outer_wilds; candidate_root_hint=outer_wilds; state=PASS,SAFE_TO_MIGRATE
Family,outlaw_star,FAMILY_HOME,outlaw_star,EXACT_COPYRIGHT_REVIEWED,REVIEWED_QUALIFIER_COPYRIGHT,,Second-reviewed Issue #180 exact qualifier review: family key 'outlaw_star' equals the unique in-catalog Copyright root 'outlaw_star'; candidate_authority=EXACT_QUALIFIER_EQUALS_COPYRIGHT_TAG.,VALIDATED,GLOBAL_EXACT_COPYRIGHT_SECOND_REVIEW_V1.csv; second-review=GLOBAL_EXACT_COPYRIGHT_SECOND_REVIEW_V1.csv; key=outlaw_star; candidate_root_hint=outlaw_star; state=PASS,SAFE_TO_MIGRATE
Family,over_the_garden_wall,FAMILY_HOME,over_the_garden_wall,EXACT_COPYRIGHT_REVIEWED,REVIEWED_QUALIFIER_COPYRIGHT,,Second-reviewed Issue #180 exact qualifier review: family key 'over_the_garden_wall' equals the unique in-catalog Copyright root 'over_the_garden_wall'; candidate_authority=EXACT_QUALIFIER_EQUALS_COPYRIGHT_TAG.,VALIDATED,GLOBAL_EXACT_COPYRIGHT_SECOND_REVIEW_V1.csv; second-review=GLOBAL_EXACT_COPYRIGHT_SECOND_REVIEW_V1.csv; key=over_the_garden_wall; candidate_root_hint=over_the_garden_wall; state=PASS,SAFE_TO_MIGRATE
Family,over_zenith,FAMILY_HOME,over_zenith,EXACT_COPYRIGHT_REVIEWED,REVIEWED_QUALIFIER_COPYRIGHT,,Second-reviewed Issue #180 exact qualifier review: family key 'over_zenith' equals the unique in-catalog Copyright root 'over_zenith'; candidate_authority=EXACT_QUALIFIER_EQUALS_COPYRIGHT_TAG.,VALIDATED,GLOBAL_EXACT_COPYRIGHT_SECOND_REVIEW_V1.csv; second-review=GLOBAL_EXACT_COPYRIGHT_SECOND_REVIEW_V1.csv; key=over_zenith; candidate_root_hint=over_zenith; state=PASS,SAFE_TO_MIGRATE
Family,overwatch,FAMILY_HOME,overwatch,FIRST_PARTY_REVIEWED,EXTERNAL_AUTHORITY,https://overwatch.blizzard.com/ja-jp/heroes/,Blizzard official Heroes roster identifies Overwatch heroes.,VALIDATED,P1_P3_AUTHORITY_SECOND_REVIEW_V1.csv; second-review=P1_P3_AUTHORITY_SECOND_REVIEW_V1.csv; key=overwatch; candidate_root=overwatch; state=PASS,SAFE_TO_MIGRATE
Family,oyasumi_sex,FAMILY_HOME,oyasumi_sex,EXACT_COPYRIGHT_REVIEWED,REVIEWED_QUALIFIER_COPYRIGHT,,Second-reviewed Issue #180 exact qualifier review: family key 'oyasumi_sex' equals the unique in-catalog Copyright root 'oyasumi_sex'; candidate_authority=EXACT_QUALIFIER_EQUALS_COPYRIGHT_TAG.,VALIDATED,GLOBAL_EXACT_COPYRIGHT_SECOND_REVIEW_V1.csv; second-review=GLOBAL_EXACT_COPYRIGHT_SECOND_REVIEW_V1.csv; key=oyasumi_sex; candidate_root_hint=oyasumi_sex; state=PASS,SAFE_TO_MIGRATE
Family,p&d,FAMILY_HOME,puzzle_&_dragons,FIRST_PARTY_REVIEWED,EXTERNAL_AUTHORITY,https://pad.gungho.jp/member/,GungHo official Puzzle & Dragons site supports p&d normalization.,VALIDATED,P1_P3_AUTHORITY_SECOND_REVIEW_V1.csv; second-review=P1_P3_AUTHORITY_SECOND_REVIEW_V1.csv; key=p&d; candidate_root=puzzle_&_dragons; state=PASS,SAFE_TO_MIGRATE
Family,pair_tabi_skinship,FAMILY_HOME,pair_tabi_skinship,EXACT_COPYRIGHT_REVIEWED,REVIEWED_QUALIFIER_COPYRIGHT,,Second-reviewed Issue #180 exact qualifier review: family key 'pair_tabi_skinship' equals the unique in-catalog Copyright root 'pair_tabi_skinship'; candidate_authority=EXACT_QUALIFIER_EQUALS_COPYRIGHT_TAG.,VALIDATED,GLOBAL_EXACT_COPYRIGHT_SECOND_REVIEW_V1.csv; second-review=GLOBAL_EXACT_COPYRIGHT_SECOND_REVIEW_V1.csv; key=pair_tabi_skinship; candidate_root_hint=pair_tabi_skinship; state=PASS,SAFE_TO_MIGRATE
Family,palworld,FAMILY_HOME,palworld,EXACT_COPYRIGHT_REVIEWED,REVIEWED_QUALIFIER_COPYRIGHT,,Second-reviewed Issue #180 exact qualifier review: family key 'palworld' equals the unique in-catalog Copyright root 'palworld'; candidate_authority=EXACT_QUALIFIER_EQUALS_COPYRIGHT_TAG.,VALIDATED,GLOBAL_EXACT_COPYRIGHT_SECOND_REVIEW_V1.csv; second-review=GLOBAL_EXACT_COPYRIGHT_SECOND_REVIEW_V1.csv; key=palworld; candidate_root_hint=palworld; state=PASS,SAFE_TO_MIGRATE
Family,pandora_hearts,FAMILY_HOME,pandora_hearts,EXACT_COPYRIGHT_REVIEWED,REVIEWED_QUALIFIER_COPYRIGHT,,Second-reviewed Issue #180 exact qualifier review: family key 'pandora_hearts' equals the unique in-catalog Copyright root 'pandora_hearts'; candidate_authority=EXACT_QUALIFIER_EQUALS_COPYRIGHT_TAG.,VALIDATED,GLOBAL_EXACT_COPYRIGHT_SECOND_REVIEW_V1.csv; second-review=GLOBAL_EXACT_COPYRIGHT_SECOND_REVIEW_V1.csv; key=pandora_hearts; candidate_root_hint=pandora_hearts; state=PASS,SAFE_TO_MIGRATE
Family,panel_de_pon,FAMILY_HOME,panel_de_pon,EXACT_COPYRIGHT_REVIEWED,REVIEWED_QUALIFIER_COPYRIGHT,,Second-reviewed Issue #180 exact qualifier review: family key 'panel_de_pon' equals the unique in-catalog Copyright root 'panel_de_pon'; candidate_authority=EXACT_QUALIFIER_EQUALS_COPYRIGHT_TAG.,VALIDATED,GLOBAL_EXACT_COPYRIGHT_SECOND_REVIEW_V1.csv; second-review=GLOBAL_EXACT_COPYRIGHT_SECOND_REVIEW_V1.csv; key=panel_de_pon; candidate_root_hint=panel_de_pon; state=PASS,SAFE_TO_MIGRATE
Family,pangya,FAMILY_HOME,pangya,EXACT_COPYRIGHT_REVIEWED,REVIEWED_QUALIFIER_COPYRIGHT,,Second-reviewed Issue #180 exact qualifier review: family key 'pangya' equals the unique in-catalog Copyright root 'pangya'; candidate_authority=EXACT_QUALIFIER_EQUALS_COPYRIGHT_TAG.,VALIDATED,GLOBAL_EXACT_COPYRIGHT_SECOND_REVIEW_V1.csv; second-review=GLOBAL_EXACT_COPYRIGHT_SECOND_REVIEW_V1.csv; key=pangya; candidate_root_hint=pangya; state=PASS,SAFE_TO_MIGRATE
Family,paradox_live,FAMILY_HOME,paradox_live,EXACT_COPYRIGHT_REVIEWED,REVIEWED_QUALIFIER_COPYRIGHT,,Second-reviewed Issue #180 exact qualifier review: family key 'paradox_live' equals the unique in-catalog Copyright root 'paradox_live'; candidate_authority=EXACT_QUALIFIER_EQUALS_COPYRIGHT_TAG.,VALIDATED,GLOBAL_EXACT_COPYRIGHT_SECOND_REVIEW_V1.csv; second-review=GLOBAL_EXACT_COPYRIGHT_SECOND_REVIEW_V1.csv; key=paradox_live; candidate_root_hint=paradox_live; state=PASS,SAFE_TO_MIGRATE
Family,path_to_nowhere,FAMILY_HOME,path_to_nowhere,FIRST_PARTY_REVIEWED,EXTERNAL_AUTHORITY,https://ptn.aisnogames.com/,Official Path to Nowhere site establishes title/character context.,VALIDATED,P1_P3_AUTHORITY_SECOND_REVIEW_V1.csv; second-review=P1_P3_AUTHORITY_SECOND_REVIEW_V1.csv; key=path_to_nowhere; candidate_root=path_to_nowhere; state=PASS,SAFE_TO_MIGRATE
Family,pepper&carrot,FAMILY_HOME,pepper&carrot,EXACT_COPYRIGHT_REVIEWED,REVIEWED_QUALIFIER_COPYRIGHT,,Second-reviewed Issue #180 exact qualifier review: family key 'pepper&carrot' equals the unique in-catalog Copyright root 'pepper&carrot'; candidate_authority=EXACT_QUALIFIER_EQUALS_COPYRIGHT_TAG.,VALIDATED,GLOBAL_EXACT_COPYRIGHT_SECOND_REVIEW_V1.csv; second-review=GLOBAL_EXACT_COPYRIGHT_SECOND_REVIEW_V1.csv; key=pepper&carrot; candidate_root_hint=pepper&carrot; state=PASS,SAFE_TO_MIGRATE
Family,peripeteia,FAMILY_HOME,peripeteia,EXACT_COPYRIGHT_REVIEWED,REVIEWED_QUALIFIER_COPYRIGHT,,Second-reviewed Issue #180 exact qualifier review: family key 'peripeteia' equals the unique in-catalog Copyright root 'peripeteia'; candidate_authority=EXACT_QUALIFIER_EQUALS_COPYRIGHT_TAG.,VALIDATED,GLOBAL_EXACT_COPYRIGHT_SECOND_REVIEW_V1.csv; second-review=GLOBAL_EXACT_COPYRIGHT_SECOND_REVIEW_V1.csv; key=peripeteia; candidate_root_hint=peripeteia; state=PASS,SAFE_TO_MIGRATE
Family,persona_3,FAMILY_HOME,persona_3,EXACT_COPYRIGHT_REVIEWED,REVIEWED_QUALIFIER_COPYRIGHT,,Second-reviewed Issue #180 exact qualifier review: family key 'persona_3' equals the unique in-catalog Copyright root 'persona_3'; candidate_authority=EXACT_QUALIFIER_EQUALS_COPYRIGHT_TAG.,VALIDATED,GLOBAL_EXACT_COPYRIGHT_SECOND_REVIEW_V1.csv; second-review=GLOBAL_EXACT_COPYRIGHT_SECOND_REVIEW_V1.csv; key=persona_3; candidate_root_hint=persona_3; state=PASS,SAFE_TO_MIGRATE
Family,persona_4,FAMILY_HOME,persona_4,EXACT_COPYRIGHT_REVIEWED,REVIEWED_QUALIFIER_COPYRIGHT,,Second-reviewed Issue #180 exact qualifier review: family key 'persona_4' equals the unique in-catalog Copyright root 'persona_4'; candidate_authority=EXACT_QUALIFIER_EQUALS_COPYRIGHT_TAG.,VALIDATED,GLOBAL_EXACT_COPYRIGHT_SECOND_REVIEW_V1.csv; second-review=GLOBAL_EXACT_COPYRIGHT_SECOND_REVIEW_V1.csv; key=persona_4; candidate_root_hint=persona_4; state=PASS,SAFE_TO_MIGRATE
Family,persona_5,FAMILY_HOME,persona_5,EXACT_COPYRIGHT_REVIEWED,REVIEWED_QUALIFIER_COPYRIGHT,,Second-reviewed Issue #180 exact qualifier review: family key 'persona_5' equals the unique in-catalog Copyright root 'persona_5'; candidate_authority=EXACT_QUALIFIER_EQUALS_COPYRIGHT_TAG.,VALIDATED,GLOBAL_EXACT_COPYRIGHT_SECOND_REVIEW_V1.csv; second-review=GLOBAL_EXACT_COPYRIGHT_SECOND_REVIEW_V1.csv; key=persona_5; candidate_root_hint=persona_5; state=PASS,SAFE_TO_MIGRATE
Family,pgr,FAMILY_HOME,punishing:_gray_raven,FIRST_PARTY_REVIEWED,EXTERNAL_AUTHORITY,https://pgr.kurogame.net/,Kuro Games official Punishing: Gray Raven site.,VALIDATED,BATCH_A_REMAINING_7_SECOND_REVIEW_V2.csv; second-review=BATCH_A_REMAINING_7_SECOND_REVIEW_V2.csv; key=pgr; candidate_root=punishing:_gray_raven; state=PASS,SAFE_TO_MIGRATE
Family,phantasy_star,FAMILY_HOME,phantasy_star,EXACT_COPYRIGHT_REVIEWED,REVIEWED_QUALIFIER_COPYRIGHT,,Second-reviewed Issue #180 exact qualifier review: family key 'phantasy_star' equals the unique in-catalog Copyright root 'phantasy_star'; candidate_authority=EXACT_QUALIFIER_EQUALS_COPYRIGHT_TAG.,VALIDATED,GLOBAL_EXACT_COPYRIGHT_SECOND_REVIEW_V1.csv; second-review=GLOBAL_EXACT_COPYRIGHT_SECOND_REVIEW_V1.csv; key=phantasy_star; candidate_root_hint=phantasy_star; state=PASS,SAFE_TO_MIGRATE
Family,phantasy_star_ii,FAMILY_HOME,phantasy_star_ii,EXACT_COPYRIGHT_REVIEWED,REVIEWED_QUALIFIER_COPYRIGHT,,Second-reviewed Issue #180 exact qualifier review: family key 'phantasy_star_ii' equals the unique in-catalog Copyright root 'phantasy_star_ii'; candidate_authority=EXACT_QUALIFIER_EQUALS_COPYRIGHT_TAG.,VALIDATED,GLOBAL_EXACT_COPYRIGHT_SECOND_REVIEW_V1.csv; second-review=GLOBAL_EXACT_COPYRIGHT_SECOND_REVIEW_V1.csv; key=phantasy_star_ii; candidate_root_hint=phantasy_star_ii; state=PASS,SAFE_TO_MIGRATE
Family,phantom_brave,FAMILY_HOME,phantom_brave,EXACT_COPYRIGHT_REVIEWED,REVIEWED_QUALIFIER_COPYRIGHT,,Second-reviewed Issue #180 exact qualifier review: family key 'phantom_brave' equals the unique in-catalog Copyright root 'phantom_brave'; candidate_authority=EXACT_QUALIFIER_EQUALS_COPYRIGHT_TAG.,VALIDATED,GLOBAL_EXACT_COPYRIGHT_SECOND_REVIEW_V1.csv; second-review=GLOBAL_EXACT_COPYRIGHT_SECOND_REVIEW_V1.csv; key=phantom_brave; candidate_root_hint=phantom_brave; state=PASS,SAFE_TO_MIGRATE
Family,phantom_kingdom,FAMILY_HOME,phantom_kingdom,EXACT_COPYRIGHT_REVIEWED,REVIEWED_QUALIFIER_COPYRIGHT,,Second-reviewed Issue #180 exact qualifier review: family key 'phantom_kingdom' equals the unique in-catalog Copyright root 'phantom_kingdom'; candidate_authority=EXACT_QUALIFIER_EQUALS_COPYRIGHT_TAG.,VALIDATED,GLOBAL_EXACT_COPYRIGHT_SECOND_REVIEW_V1.csv; second-review=GLOBAL_EXACT_COPYRIGHT_SECOND_REVIEW_V1.csv; key=phantom_kingdom; candidate_root_hint=phantom_kingdom; state=PASS,SAFE_TO_MIGRATE
Family,phantom_of_inferno,FAMILY_HOME,phantom_of_inferno,EXACT_COPYRIGHT_REVIEWED,REVIEWED_QUALIFIER_COPYRIGHT,,Second-reviewed Issue #180 exact qualifier review: family key 'phantom_of_inferno' equals the unique in-catalog Copyright root 'phantom_of_inferno'; candidate_authority=EXACT_QUALIFIER_EQUALS_COPYRIGHT_TAG.,VALIDATED,GLOBAL_EXACT_COPYRIGHT_SECOND_REVIEW_V1.csv; second-review=GLOBAL_EXACT_COPYRIGHT_SECOND_REVIEW_V1.csv; key=phantom_of_inferno; candidate_root_hint=phantom_of_inferno; state=PASS,SAFE_TO_MIGRATE
Family,phantom_of_the_kill,FAMILY_HOME,phantom_of_the_kill,EXACT_COPYRIGHT_REVIEWED,REVIEWED_QUALIFIER_COPYRIGHT,,Second-reviewed Issue #180 exact qualifier review: family key 'phantom_of_the_kill' equals the unique in-catalog Copyright root 'phantom_of_the_kill'; candidate_authority=EXACT_QUALIFIER_EQUALS_COPYRIGHT_TAG.,VALIDATED,GLOBAL_EXACT_COPYRIGHT_SECOND_REVIEW_V1.csv; second-review=GLOBAL_EXACT_COPYRIGHT_SECOND_REVIEW_V1.csv; key=phantom_of_the_kill; candidate_root_hint=phantom_of_the_kill; state=PASS,SAFE_TO_MIGRATE
Family,phantom_rose,FAMILY_HOME,phantom_rose,EXACT_COPYRIGHT_REVIEWED,REVIEWED_QUALIFIER_COPYRIGHT,,Second-reviewed Issue #180 exact qualifier review: family key 'phantom_rose' equals the unique in-catalog Copyright root 'phantom_rose'; candidate_authority=EXACT_QUALIFIER_EQUALS_COPYRIGHT_TAG.,VALIDATED,GLOBAL_EXACT_COPYRIGHT_SECOND_REVIEW_V1.csv; second-review=GLOBAL_EXACT_COPYRIGHT_SECOND_REVIEW_V1.csv; key=phantom_rose; candidate_root_hint=phantom_rose; state=PASS,SAFE_TO_MIGRATE
Family,photokano,FAMILY_HOME,photokano,EXACT_COPYRIGHT_REVIEWED,REVIEWED_QUALIFIER_COPYRIGHT,,Second-reviewed Issue #180 exact qualifier review: family key 'photokano' equals the unique in-catalog Copyright root 'photokano'; candidate_authority=EXACT_QUALIFIER_EQUALS_COPYRIGHT_TAG.,VALIDATED,GLOBAL_EXACT_COPYRIGHT_SECOND_REVIEW_V1.csv; second-review=GLOBAL_EXACT_COPYRIGHT_SECOND_REVIEW_V1.csv; key=photokano; candidate_root_hint=photokano; state=PASS,SAFE_TO_MIGRATE
Family,pita_ten,FAMILY_HOME,pita_ten,EXACT_COPYRIGHT_REVIEWED,REVIEWED_QUALIFIER_COPYRIGHT,,Second-reviewed Issue #180 exact qualifier review: family key 'pita_ten' equals the unique in-catalog Copyright root 'pita_ten'; candidate_authority=EXACT_QUALIFIER_EQUALS_COPYRIGHT_TAG.,VALIDATED,GLOBAL_EXACT_COPYRIGHT_SECOND_REVIEW_V1.csv; second-review=GLOBAL_EXACT_COPYRIGHT_SECOND_REVIEW_V1.csv; key=pita_ten; candidate_root_hint=pita_ten; state=PASS,SAFE_TO_MIGRATE
Family,plants_vs._zombies,FAMILY_HOME,plants_vs._zombies,EXACT_COPYRIGHT_REVIEWED,REVIEWED_QUALIFIER_COPYRIGHT,,Second-reviewed Issue #180 exact qualifier review: family key 'plants_vs._zombies' equals the unique in-catalog Copyright root 'plants_vs._zombies'; candidate_authority=EXACT_QUALIFIER_EQUALS_COPYRIGHT_TAG.,VALIDATED,GLOBAL_EXACT_COPYRIGHT_SECOND_REVIEW_V1.csv; second-review=GLOBAL_EXACT_COPYRIGHT_SECOND_REVIEW_V1.csv; key=plants_vs._zombies; candidate_root_hint=plants_vs._zombies; state=PASS,SAFE_TO_MIGRATE
Family,plastic_memories,FAMILY_HOME,plastic_memories,EXACT_COPYRIGHT_REVIEWED,REVIEWED_QUALIFIER_COPYRIGHT,,Second-reviewed Issue #180 exact qualifier review: family key 'plastic_memories' equals the unique in-catalog Copyright root 'plastic_memories'; candidate_authority=EXACT_QUALIFIER_EQUALS_COPYRIGHT_TAG.,VALIDATED,GLOBAL_EXACT_COPYRIGHT_SECOND_REVIEW_V1.csv; second-review=GLOBAL_EXACT_COPYRIGHT_SECOND_REVIEW_V1.csv; key=plastic_memories; candidate_root_hint=plastic_memories; state=PASS,SAFE_TO_MIGRATE
Family,plave,FAMILY_HOME,plave,EXACT_COPYRIGHT_REVIEWED,REVIEWED_QUALIFIER_COPYRIGHT,,Second-reviewed Issue #180 exact qualifier review: family key 'plave' equals the unique in-catalog Copyright root 'plave'; candidate_authority=EXACT_QUALIFIER_EQUALS_COPYRIGHT_TAG.,VALIDATED,GLOBAL_EXACT_COPYRIGHT_SECOND_REVIEW_V1.csv; second-review=GLOBAL_EXACT_COPYRIGHT_SECOND_REVIEW_V1.csv; key=plave; candidate_root_hint=plave; state=PASS,SAFE_TO_MIGRATE
Family,pokemon,FAMILY_HOME,pokemon,EXACT_COPYRIGHT_REVIEWED,REVIEWED_QUALIFIER_COPYRIGHT,,Second-reviewed Issue #180 exact qualifier review: family key 'pokemon' equals the unique in-catalog Copyright root 'pokemon'; candidate_authority=EXACT_QUALIFIER_EQUALS_COPYRIGHT_TAG.,VALIDATED,GLOBAL_EXACT_COPYRIGHT_SECOND_REVIEW_V1.csv; second-review=GLOBAL_EXACT_COPYRIGHT_SECOND_REVIEW_V1.csv; key=pokemon; candidate_root_hint=pokemon; state=PASS,SAFE_TO_MIGRATE
Family,pokemon_adventures,FAMILY_HOME,pokemon,POLICY_ROOT_NORMALIZATION,ROOT_POLICY_NORMALIZATION,,Exact Issue #180 policy mapping root_policy_normalization['pokemon_adventures']='pokemon'; no prefix or approximate matching used.,VALIDATED,docs/issue180/autonomous/AUTONOMOUS_POLICY_V2.json#root_policy_normalization:pokemon_adventures,SAFE_TO_MIGRATE
Family,pokemon_go,FAMILY_HOME,pokemon,POLICY_ROOT_NORMALIZATION,ROOT_POLICY_NORMALIZATION,,Exact Issue #180 policy mapping root_policy_normalization['pokemon_go']='pokemon'; no prefix or approximate matching used.,VALIDATED,docs/issue180/autonomous/AUTONOMOUS_POLICY_V2.json#root_policy_normalization:pokemon_go,SAFE_TO_MIGRATE
Family,pokemon_legends:_z-a,FAMILY_HOME,pokemon,POLICY_ROOT_NORMALIZATION,ROOT_POLICY_NORMALIZATION,,Exact Issue #180 policy mapping root_policy_normalization['pokemon_legends:_z-a']='pokemon'; no prefix or approximate matching used.,VALIDATED,docs/issue180/autonomous/AUTONOMOUS_POLICY_V2.json#root_policy_normalization:pokemon_legends:_z-a,SAFE_TO_MIGRATE
Family,pokemon_masters_ex,FAMILY_HOME,pokemon,POLICY_ROOT_NORMALIZATION,ROOT_POLICY_NORMALIZATION,,Exact Issue #180 policy mapping root_policy_normalization['pokemon_masters_ex']='pokemon'; no prefix or approximate matching used.,VALIDATED,docs/issue180/autonomous/AUTONOMOUS_POLICY_V2.json#root_policy_normalization:pokemon_masters_ex,SAFE_TO_MIGRATE
Family,pokemon_pokopia,FAMILY_HOME,pokemon,POLICY_ROOT_NORMALIZATION,ROOT_POLICY_NORMALIZATION,,Exact Issue #180 policy mapping root_policy_normalization['pokemon_pokopia']='pokemon'; no prefix or approximate matching used.,VALIDATED,docs/issue180/autonomous/AUTONOMOUS_POLICY_V2.json#root_policy_normalization:pokemon_pokopia,SAFE_TO_MIGRATE
Family,pop'n_music,FAMILY_HOME,pop'n_music,EXACT_COPYRIGHT_REVIEWED,REVIEWED_QUALIFIER_COPYRIGHT,,"Second-reviewed Issue #180 exact qualifier review: family key ""pop'n_music"" equals the unique in-catalog Copyright root ""pop'n_music""; candidate_authority=EXACT_QUALIFIER_EQUALS_COPYRIGHT_TAG.",VALIDATED,GLOBAL_EXACT_COPYRIGHT_SECOND_REVIEW_V1.csv; second-review=GLOBAL_EXACT_COPYRIGHT_SECOND_REVIEW_V1.csv; key=pop'n_music; candidate_root_hint=pop'n_music; state=PASS,SAFE_TO_MIGRATE
Family,popful_mail,FAMILY_HOME,popful_mail,EXACT_COPYRIGHT_REVIEWED,REVIEWED_QUALIFIER_COPYRIGHT,,Second-reviewed Issue #180 exact qualifier review: family key 'popful_mail' equals the unique in-catalog Copyright root 'popful_mail'; candidate_authority=EXACT_QUALIFIER_EQUALS_COPYRIGHT_TAG.,VALIDATED,GLOBAL_EXACT_COPYRIGHT_SECOND_REVIEW_V1.csv; second-review=GLOBAL_EXACT_COPYRIGHT_SECOND_REVIEW_V1.csv; key=popful_mail; candidate_root_hint=popful_mail; state=PASS,SAFE_TO_MIGRATE
Family,popotan,FAMILY_HOME,popotan,EXACT_COPYRIGHT_REVIEWED,REVIEWED_QUALIFIER_COPYRIGHT,,Second-reviewed Issue #180 exact qualifier review: family key 'popotan' equals the unique in-catalog Copyright root 'popotan'; candidate_authority=EXACT_QUALIFIER_EQUALS_COPYRIGHT_TAG.,VALIDATED,GLOBAL_EXACT_COPYRIGHT_SECOND_REVIEW_V1.csv; second-review=GLOBAL_EXACT_COPYRIGHT_SECOND_REVIEW_V1.csv; key=popotan; candidate_root_hint=popotan; state=PASS,SAFE_TO_MIGRATE
Family,poptepipic,FAMILY_HOME,poptepipic,EXACT_COPYRIGHT_REVIEWED,REVIEWED_QUALIFIER_COPYRIGHT,,Second-reviewed Issue #180 exact qualifier review: family key 'poptepipic' equals the unique in-catalog Copyright root 'poptepipic'; candidate_authority=EXACT_QUALIFIER_EQUALS_COPYRIGHT_TAG.,VALIDATED,GLOBAL_EXACT_COPYRIGHT_SECOND_REVIEW_V1.csv; second-review=GLOBAL_EXACT_COPYRIGHT_SECOND_REVIEW_V1.csv; key=poptepipic; candidate_root_hint=poptepipic; state=PASS,SAFE_TO_MIGRATE
Family,power_stone,FAMILY_HOME,power_stone,EXACT_COPYRIGHT_REVIEWED,REVIEWED_QUALIFIER_COPYRIGHT,,Second-reviewed Issue #180 exact qualifier review: family key 'power_stone' equals the unique in-catalog Copyright root 'power_stone'; candidate_authority=EXACT_QUALIFIER_EQUALS_COPYRIGHT_TAG.,VALIDATED,GLOBAL_EXACT_COPYRIGHT_SECOND_REVIEW_V1.csv; second-review=GLOBAL_EXACT_COPYRIGHT_SECOND_REVIEW_V1.csv; key=power_stone; candidate_root_hint=power_stone; state=PASS,SAFE_TO_MIGRATE
Family,pragmata,FAMILY_HOME,pragmata,EXACT_COPYRIGHT_REVIEWED,REVIEWED_QUALIFIER_COPYRIGHT,,Second-reviewed Issue #180 exact qualifier review: family key 'pragmata' equals the unique in-catalog Copyright root 'pragmata'; candidate_authority=EXACT_QUALIFIER_EQUALS_COPYRIGHT_TAG.,VALIDATED,GLOBAL_EXACT_COPYRIGHT_SECOND_REVIEW_V1.csv; second-review=GLOBAL_EXACT_COPYRIGHT_SECOND_REVIEW_V1.csv; key=pragmata; candidate_root_hint=pragmata; state=PASS,SAFE_TO_MIGRATE
Family,pretty_rhythm,FAMILY_HOME,pretty_rhythm,EXACT_COPYRIGHT_REVIEWED,REVIEWED_QUALIFIER_COPYRIGHT,,Second-reviewed Issue #180 exact qualifier review: family key 'pretty_rhythm' equals the unique in-catalog Copyright root 'pretty_rhythm'; candidate_authority=EXACT_QUALIFIER_EQUALS_COPYRIGHT_TAG.,VALIDATED,GLOBAL_EXACT_COPYRIGHT_SECOND_REVIEW_V1.csv; second-review=GLOBAL_EXACT_COPYRIGHT_SECOND_REVIEW_V1.csv; key=pretty_rhythm; candidate_root_hint=pretty_rhythm; state=PASS,SAFE_TO_MIGRATE
Family,pretty_series,FAMILY_HOME,pretty_series,EXACT_COPYRIGHT_REVIEWED,REVIEWED_QUALIFIER_COPYRIGHT,,Second-reviewed Issue #180 exact qualifier review: family key 'pretty_series' equals the unique in-catalog Copyright root 'pretty_series'; candidate_authority=EXACT_QUALIFIER_EQUALS_COPYRIGHT_TAG.,VALIDATED,GLOBAL_EXACT_COPYRIGHT_SECOND_REVIEW_V1.csv; second-review=GLOBAL_EXACT_COPYRIGHT_SECOND_REVIEW_V1.csv; key=pretty_series; candidate_root_hint=pretty_series; state=PASS,SAFE_TO_MIGRATE
Family,princess_connect!,FAMILY_HOME,princess_connect!,EXACT_COPYRIGHT_REVIEWED,REVIEWED_QUALIFIER_COPYRIGHT,,Second-reviewed Issue #180 exact qualifier review: family key 'princess_connect!' equals the unique in-catalog Copyright root 'princess_connect!'; candidate_authority=EXACT_QUALIFIER_EQUALS_COPYRIGHT_TAG.,VALIDATED,GLOBAL_EXACT_COPYRIGHT_SECOND_REVIEW_V1.csv; second-review=GLOBAL_EXACT_COPYRIGHT_SECOND_REVIEW_V1.csv; key=princess_connect!; candidate_root_hint=princess_connect!; state=PASS,SAFE_TO_MIGRATE
Family,princess_principal,FAMILY_HOME,princess_principal,EXACT_COPYRIGHT_REVIEWED,REVIEWED_QUALIFIER_COPYRIGHT,,Second-reviewed Issue #180 exact qualifier review: family key 'princess_principal' equals the unique in-catalog Copyright root 'princess_principal'; candidate_authority=EXACT_QUALIFIER_EQUALS_COPYRIGHT_TAG.,VALIDATED,GLOBAL_EXACT_COPYRIGHT_SECOND_REVIEW_V1.csv; second-review=GLOBAL_EXACT_COPYRIGHT_SECOND_REVIEW_V1.csv; key=princess_principal; candidate_root_hint=princess_principal; state=PASS,SAFE_TO_MIGRATE
Family,princess_tutu,FAMILY_HOME,princess_tutu,EXACT_COPYRIGHT_REVIEWED,REVIEWED_QUALIFIER_COPYRIGHT,,Second-reviewed Issue #180 exact qualifier review: family key 'princess_tutu' equals the unique in-catalog Copyright root 'princess_tutu'; candidate_authority=EXACT_QUALIFIER_EQUALS_COPYRIGHT_TAG.,VALIDATED,GLOBAL_EXACT_COPYRIGHT_SECOND_REVIEW_V1.csv; second-review=GLOBAL_EXACT_COPYRIGHT_SECOND_REVIEW_V1.csv; key=princess_tutu; candidate_root_hint=princess_tutu; state=PASS,SAFE_TO_MIGRATE
Family,pripara,FAMILY_HOME,pripara,EXACT_COPYRIGHT_REVIEWED,REVIEWED_QUALIFIER_COPYRIGHT,,Second-reviewed Issue #180 exact qualifier review: family key 'pripara' equals the unique in-catalog Copyright root 'pripara'; candidate_authority=EXACT_QUALIFIER_EQUALS_COPYRIGHT_TAG.,VALIDATED,GLOBAL_EXACT_COPYRIGHT_SECOND_REVIEW_V1.csv; second-review=GLOBAL_EXACT_COPYRIGHT_SECOND_REVIEW_V1.csv; key=pripara; candidate_root_hint=pripara; state=PASS,SAFE_TO_MIGRATE
Family,prison_school,FAMILY_HOME,prison_school,EXACT_COPYRIGHT_REVIEWED,REVIEWED_QUALIFIER_COPYRIGHT,,Second-reviewed Issue #180 exact qualifier review: family key 'prison_school' equals the unique in-catalog Copyright root 'prison_school'; candidate_authority=EXACT_QUALIFIER_EQUALS_COPYRIGHT_TAG.,VALIDATED,GLOBAL_EXACT_COPYRIGHT_SECOND_REVIEW_V1.csv; second-review=GLOBAL_EXACT_COPYRIGHT_SECOND_REVIEW_V1.csv; key=prison_school; candidate_root_hint=prison_school; state=PASS,SAFE_TO_MIGRATE
Family,private_room_2,FAMILY_HOME,private_room_2,EXACT_COPYRIGHT_REVIEWED,REVIEWED_QUALIFIER_COPYRIGHT,,Second-reviewed Issue #180 exact qualifier review: family key 'private_room_2' equals the unique in-catalog Copyright root 'private_room_2'; candidate_authority=EXACT_QUALIFIER_EQUALS_COPYRIGHT_TAG.,VALIDATED,GLOBAL_EXACT_COPYRIGHT_SECOND_REVIEW_V1.csv; second-review=GLOBAL_EXACT_COPYRIGHT_SECOND_REVIEW_V1.csv; key=private_room_2; candidate_root_hint=private_room_2; state=PASS,SAFE_TO_MIGRATE
Family,project_hail_mary,FAMILY_HOME,project_hail_mary,EXACT_COPYRIGHT_REVIEWED,REVIEWED_QUALIFIER_COPYRIGHT,,Second-reviewed Issue #180 exact qualifier review: family key 'project_hail_mary' equals the unique in-catalog Copyright root 'project_hail_mary'; candidate_authority=EXACT_QUALIFIER_EQUALS_COPYRIGHT_TAG.,VALIDATED,GLOBAL_EXACT_COPYRIGHT_SECOND_REVIEW_V1.csv; second-review=GLOBAL_EXACT_COPYRIGHT_SECOND_REVIEW_V1.csv; key=project_hail_mary; candidate_root_hint=project_hail_mary; state=PASS,SAFE_TO_MIGRATE
Family,project_sekai,FAMILY_HOME,project_sekai,EXACT_COPYRIGHT_REVIEWED,REVIEWED_QUALIFIER_COPYRIGHT,,Second-reviewed Issue #180 exact qualifier review: family key 'project_sekai' equals the unique in-catalog Copyright root 'project_sekai'; candidate_authority=EXACT_QUALIFIER_EQUALS_COPYRIGHT_TAG.,VALIDATED,GLOBAL_EXACT_COPYRIGHT_SECOND_REVIEW_V1.csv; second-review=GLOBAL_EXACT_COPYRIGHT_SECOND_REVIEW_V1.csv; key=project_sekai; candidate_root_hint=project_sekai; state=PASS,SAFE_TO_MIGRATE
Family,project_tokyo_dolls,FAMILY_HOME,project_tokyo_dolls,EXACT_COPYRIGHT_REVIEWED,REVIEWED_QUALIFIER_COPYRIGHT,,Second-reviewed Issue #180 exact qualifier review: family key 'project_tokyo_dolls' equals the unique in-catalog Copyright root 'project_tokyo_dolls'; candidate_authority=EXACT_QUALIFIER_EQUALS_COPYRIGHT_TAG.,VALIDATED,GLOBAL_EXACT_COPYRIGHT_SECOND_REVIEW_V1.csv; second-review=GLOBAL_EXACT_COPYRIGHT_SECOND_REVIEW_V1.csv; key=project_tokyo_dolls; candidate_root_hint=project_tokyo_dolls; state=PASS,SAFE_TO_MIGRATE
Family,promare,FAMILY_HOME,promare,EXACT_COPYRIGHT_REVIEWED,REVIEWED_QUALIFIER_COPYRIGHT,,Second-reviewed Issue #180 exact qualifier review: family key 'promare' equals the unique in-catalog Copyright root 'promare'; candidate_authority=EXACT_QUALIFIER_EQUALS_COPYRIGHT_TAG.,VALIDATED,GLOBAL_EXACT_COPYRIGHT_SECOND_REVIEW_V1.csv; second-review=GLOBAL_EXACT_COPYRIGHT_SECOND_REVIEW_V1.csv; key=promare; candidate_root_hint=promare; state=PASS,SAFE_TO_MIGRATE
Family,pronant_symphony,FAMILY_HOME,pronant_symphony,EXACT_COPYRIGHT_REVIEWED,REVIEWED_QUALIFIER_COPYRIGHT,,Second-reviewed Issue #180 exact qualifier review: family key 'pronant_symphony' equals the unique in-catalog Copyright root 'pronant_symphony'; candidate_authority=EXACT_QUALIFIER_EQUALS_COPYRIGHT_TAG.,VALIDATED,GLOBAL_EXACT_COPYRIGHT_SECOND_REVIEW_V1.csv; second-review=GLOBAL_EXACT_COPYRIGHT_SECOND_REVIEW_V1.csv; key=pronant_symphony; candidate_root_hint=pronant_symphony; state=PASS,SAFE_TO_MIGRATE
Family,pseudoregalia,FAMILY_HOME,pseudoregalia,EXACT_COPYRIGHT_REVIEWED,REVIEWED_QUALIFIER_COPYRIGHT,,Second-reviewed Issue #180 exact qualifier review: family key 'pseudoregalia' equals the unique in-catalog Copyright root 'pseudoregalia'; candidate_authority=EXACT_QUALIFIER_EQUALS_COPYRIGHT_TAG.,VALIDATED,GLOBAL_EXACT_COPYRIGHT_SECOND_REVIEW_V1.csv; second-review=GLOBAL_EXACT_COPYRIGHT_SECOND_REVIEW_V1.csv; key=pseudoregalia; candidate_root_hint=pseudoregalia; state=PASS,SAFE_TO_MIGRATE
Family,pui_pui_molcar,FAMILY_HOME,pui_pui_molcar,EXACT_COPYRIGHT_REVIEWED,REVIEWED_QUALIFIER_COPYRIGHT,,Second-reviewed Issue #180 exact qualifier review: family key 'pui_pui_molcar' equals the unique in-catalog Copyright root 'pui_pui_molcar'; candidate_authority=EXACT_QUALIFIER_EQUALS_COPYRIGHT_TAG.,VALIDATED,GLOBAL_EXACT_COPYRIGHT_SECOND_REVIEW_V1.csv; second-review=GLOBAL_EXACT_COPYRIGHT_SECOND_REVIEW_V1.csv; key=pui_pui_molcar; candidate_root_hint=pui_pui_molcar; state=PASS,SAFE_TO_MIGRATE
Family,puniru_wa_kawaii_slime,FAMILY_HOME,puniru_wa_kawaii_slime,EXACT_COPYRIGHT_REVIEWED,REVIEWED_QUALIFIER_COPYRIGHT,,Second-reviewed Issue #180 exact qualifier review: family key 'puniru_wa_kawaii_slime' equals the unique in-catalog Copyright root 'puniru_wa_kawaii_slime'; candidate_authority=EXACT_QUALIFIER_EQUALS_COPYRIGHT_TAG.,VALIDATED,GLOBAL_EXACT_COPYRIGHT_SECOND_REVIEW_V1.csv; second-review=GLOBAL_EXACT_COPYRIGHT_SECOND_REVIEW_V1.csv; key=puniru_wa_kawaii_slime; candidate_root_hint=puniru_wa_kawaii_slime; state=PASS,SAFE_TO_MIGRATE
Family,pure_pure,FAMILY_HOME,pure_pure,EXACT_COPYRIGHT_REVIEWED,REVIEWED_QUALIFIER_COPYRIGHT,,Second-reviewed Issue #180 exact qualifier review: family key 'pure_pure' equals the unique in-catalog Copyright root 'pure_pure'; candidate_authority=EXACT_QUALIFIER_EQUALS_COPYRIGHT_TAG.,VALIDATED,GLOBAL_EXACT_COPYRIGHT_SECOND_REVIEW_V1.csv; second-review=GLOBAL_EXACT_COPYRIGHT_SECOND_REVIEW_V1.csv; key=pure_pure; candidate_root_hint=pure_pure; state=PASS,SAFE_TO_MIGRATE
Family,puyopuyo,FAMILY_HOME,puyopuyo,EXACT_COPYRIGHT_REVIEWED,REVIEWED_QUALIFIER_COPYRIGHT,,Second-reviewed Issue #180 exact qualifier review: family key 'puyopuyo' equals the unique in-catalog Copyright root 'puyopuyo'; candidate_authority=EXACT_QUALIFIER_EQUALS_COPYRIGHT_TAG.,VALIDATED,GLOBAL_EXACT_COPYRIGHT_SECOND_REVIEW_V1.csv; second-review=GLOBAL_EXACT_COPYRIGHT_SECOND_REVIEW_V1.csv; key=puyopuyo; candidate_root_hint=puyopuyo; state=PASS,SAFE_TO_MIGRATE
Family,qinshi_mingyue,FAMILY_HOME,qinshi_mingyue,EXACT_COPYRIGHT_REVIEWED,REVIEWED_QUALIFIER_COPYRIGHT,,Second-reviewed Issue #180 exact qualifier review: family key 'qinshi_mingyue' equals the unique in-catalog Copyright root 'qinshi_mingyue'; candidate_authority=EXACT_QUALIFIER_EQUALS_COPYRIGHT_TAG.,VALIDATED,GLOBAL_EXACT_COPYRIGHT_SECOND_REVIEW_V1.csv; second-review=GLOBAL_EXACT_COPYRIGHT_SECOND_REVIEW_V1.csv; key=qinshi_mingyue; candidate_root_hint=qinshi_mingyue; state=PASS,SAFE_TO_MIGRATE
Family,queen's_blade,FAMILY_HOME,queen's_blade,FIRST_PARTY_REVIEWED,EXTERNAL_AUTHORITY,https://queensblade.net/,Official Queen's Blade portal establishes franchise character context.,VALIDATED,P1_P3_AUTHORITY_SECOND_REVIEW_V1.csv; second-review=P1_P3_AUTHORITY_SECOND_REVIEW_V1.csv; key=queen's_blade; candidate_root=queen's_blade; state=PASS,SAFE_TO_MIGRATE
Family,queen's_blade_grimoire,FAMILY_HOME,queen's_blade_grimoire,EXACT_COPYRIGHT_REVIEWED,REVIEWED_QUALIFIER_COPYRIGHT,,"Second-reviewed Issue #180 exact qualifier review: family key ""queen's_blade_grimoire"" equals the unique in-catalog Copyright root ""queen's_blade_grimoire""; candidate_authority=EXACT_QUALIFIER_EQUALS_COPYRIGHT_TAG.",VALIDATED,GLOBAL_EXACT_COPYRIGHT_SECOND_REVIEW_V1.csv; second-review=GLOBAL_EXACT_COPYRIGHT_SECOND_REVIEW_V1.csv; key=queen's_blade_grimoire; candidate_root_hint=queen's_blade_grimoire; state=PASS,SAFE_TO_MIGRATE
Family,queen's_gate,FAMILY_HOME,queen's_gate,EXACT_COPYRIGHT_REVIEWED,REVIEWED_QUALIFIER_COPYRIGHT,,"Second-reviewed Issue #180 exact qualifier review: family key ""queen's_gate"" equals the unique in-catalog Copyright root ""queen's_gate""; candidate_authority=EXACT_QUALIFIER_EQUALS_COPYRIGHT_TAG.",VALIDATED,GLOBAL_EXACT_COPYRIGHT_SECOND_REVIEW_V1.csv; second-review=GLOBAL_EXACT_COPYRIGHT_SECOND_REVIEW_V1.csv; key=queen's_gate; candidate_root_hint=queen's_gate; state=PASS,SAFE_TO_MIGRATE
Family,quiz_magic_academy,FAMILY_HOME,quiz_magic_academy,EXACT_COPYRIGHT_REVIEWED,REVIEWED_QUALIFIER_COPYRIGHT,,Second-reviewed Issue #180 exact qualifier review: family key 'quiz_magic_academy' equals the unique in-catalog Copyright root 'quiz_magic_academy'; candidate_authority=EXACT_QUALIFIER_EQUALS_COPYRIGHT_TAG.,VALIDATED,GLOBAL_EXACT_COPYRIGHT_SECOND_REVIEW_V1.csv; second-review=GLOBAL_EXACT_COPYRIGHT_SECOND_REVIEW_V1.csv; key=quiz_magic_academy; candidate_root_hint=quiz_magic_academy; state=PASS,SAFE_TO_MIGRATE
Family,rabi-ribi,FAMILY_HOME,rabi-ribi,EXACT_COPYRIGHT_REVIEWED,REVIEWED_QUALIFIER_COPYRIGHT,,Second-reviewed Issue #180 exact qualifier review: family key 'rabi-ribi' equals the unique in-catalog Copyright root 'rabi-ribi'; candidate_authority=EXACT_QUALIFIER_EQUALS_COPYRIGHT_TAG.,VALIDATED,GLOBAL_EXACT_COPYRIGHT_SECOND_REVIEW_V1.csv; second-review=GLOBAL_EXACT_COPYRIGHT_SECOND_REVIEW_V1.csv; key=rabi-ribi; candidate_root_hint=rabi-ribi; state=PASS,SAFE_TO_MIGRATE
Family,ragnarock_city,FAMILY_HOME,ragnarock_city,EXACT_COPYRIGHT_REVIEWED,REVIEWED_QUALIFIER_COPYRIGHT,,Second-reviewed Issue #180 exact qualifier review: family key 'ragnarock_city' equals the unique in-catalog Copyright root 'ragnarock_city'; candidate_authority=EXACT_QUALIFIER_EQUALS_COPYRIGHT_TAG.,VALIDATED,GLOBAL_EXACT_COPYRIGHT_SECOND_REVIEW_V1.csv; second-review=GLOBAL_EXACT_COPYRIGHT_SECOND_REVIEW_V1.csv; key=ragnarock_city; candidate_root_hint=ragnarock_city; state=PASS,SAFE_TO_MIGRATE
Family,ragnarok_online,FAMILY_HOME,ragnarok_online,FIRST_PARTY_REVIEWED,EXTERNAL_AUTHORITY,https://ragnarokonline.gungho.jp/,Official Ragnarok Online site establishes the title and game character context.,VALIDATED,P1_P3_AUTHORITY_SECOND_REVIEW_V1.csv; second-review=P1_P3_AUTHORITY_SECOND_REVIEW_V1.csv; key=ragnarok_online; candidate_root=ragnarok_online; state=PASS,SAFE_TO_MIGRATE
Family,rain_world,FAMILY_HOME,rain_world,EXACT_COPYRIGHT_REVIEWED,REVIEWED_QUALIFIER_COPYRIGHT,,Second-reviewed Issue #180 exact qualifier review: family key 'rain_world' equals the unique in-catalog Copyright root 'rain_world'; candidate_authority=EXACT_QUALIFIER_EQUALS_COPYRIGHT_TAG.,VALIDATED,GLOBAL_EXACT_COPYRIGHT_SECOND_REVIEW_V1.csv; second-review=GLOBAL_EXACT_COPYRIGHT_SECOND_REVIEW_V1.csv; key=rain_world; candidate_root_hint=rain_world; state=PASS,SAFE_TO_MIGRATE
Family,rainbow_six_siege,FAMILY_HOME,rainbow_six_siege,EXACT_COPYRIGHT_REVIEWED,REVIEWED_QUALIFIER_COPYRIGHT,,Second-reviewed Issue #180 exact qualifier review: family key 'rainbow_six_siege' equals the unique in-catalog Copyright root 'rainbow_six_siege'; candidate_authority=EXACT_QUALIFIER_EQUALS_COPYRIGHT_TAG.,VALIDATED,GLOBAL_EXACT_COPYRIGHT_SECOND_REVIEW_V1.csv; second-review=GLOBAL_EXACT_COPYRIGHT_SECOND_REVIEW_V1.csv; key=rainbow_six_siege; candidate_root_hint=rainbow_six_siege; state=PASS,SAFE_TO_MIGRATE
Family,randal's_friends,FAMILY_HOME,randal's_friends,EXACT_COPYRIGHT_REVIEWED,REVIEWED_QUALIFIER_COPYRIGHT,,"Second-reviewed Issue #180 exact qualifier review: family key ""randal's_friends"" equals the unique in-catalog Copyright root ""randal's_friends""; candidate_authority=EXACT_QUALIFIER_EQUALS_COPYRIGHT_TAG.",VALIDATED,GLOBAL_EXACT_COPYRIGHT_SECOND_REVIEW_V1.csv; second-review=GLOBAL_EXACT_COPYRIGHT_SECOND_REVIEW_V1.csv; key=randal's_friends; candidate_root_hint=randal's_friends; state=PASS,SAFE_TO_MIGRATE
Family,ranma_1/2,FAMILY_HOME,ranma_1/2,EXACT_COPYRIGHT_REVIEWED,REVIEWED_QUALIFIER_COPYRIGHT,,Second-reviewed Issue #180 exact qualifier review: family key 'ranma_1/2' equals the unique in-catalog Copyright root 'ranma_1/2'; candidate_authority=EXACT_QUALIFIER_EQUALS_COPYRIGHT_TAG.,VALIDATED,GLOBAL_EXACT_COPYRIGHT_SECOND_REVIEW_V1.csv; second-review=GLOBAL_EXACT_COPYRIGHT_SECOND_REVIEW_V1.csv; key=ranma_1/2; candidate_root_hint=ranma_1/2; state=PASS,SAFE_TO_MIGRATE
Family,ratchet_&_clank,FAMILY_HOME,ratchet_&_clank,EXACT_COPYRIGHT_REVIEWED,REVIEWED_QUALIFIER_COPYRIGHT,,Second-reviewed Issue #180 exact qualifier review: family key 'ratchet_&_clank' equals the unique in-catalog Copyright root 'ratchet_&_clank'; candidate_authority=EXACT_QUALIFIER_EQUALS_COPYRIGHT_TAG.,VALIDATED,GLOBAL_EXACT_COPYRIGHT_SECOND_REVIEW_V1.csv; second-review=GLOBAL_EXACT_COPYRIGHT_SECOND_REVIEW_V1.csv; key=ratchet_&_clank; candidate_root_hint=ratchet_&_clank; state=PASS,SAFE_TO_MIGRATE
Family,re:creators,FAMILY_HOME,re:creators,EXACT_COPYRIGHT_REVIEWED,REVIEWED_QUALIFIER_COPYRIGHT,,Second-reviewed Issue #180 exact qualifier review: family key 're:creators' equals the unique in-catalog Copyright root 're:creators'; candidate_authority=EXACT_QUALIFIER_EQUALS_COPYRIGHT_TAG.,VALIDATED,GLOBAL_EXACT_COPYRIGHT_SECOND_REVIEW_V1.csv; second-review=GLOBAL_EXACT_COPYRIGHT_SECOND_REVIEW_V1.csv; key=re:creators; candidate_root_hint=re:creators; state=PASS,SAFE_TO_MIGRATE
Family,re:stage!,FAMILY_HOME,re:stage!,EXACT_COPYRIGHT_REVIEWED,REVIEWED_QUALIFIER_COPYRIGHT,,Second-reviewed Issue #180 exact qualifier review: family key 're:stage!' equals the unique in-catalog Copyright root 're:stage!'; candidate_authority=EXACT_QUALIFIER_EQUALS_COPYRIGHT_TAG.,VALIDATED,GLOBAL_EXACT_COPYRIGHT_SECOND_REVIEW_V1.csv; second-review=GLOBAL_EXACT_COPYRIGHT_SECOND_REVIEW_V1.csv; key=re:stage!; candidate_root_hint=re:stage!; state=PASS,SAFE_TO_MIGRATE
Family,real_life,FAMILY_HOME,real_life,EXACT_COPYRIGHT_REVIEWED,REVIEWED_QUALIFIER_COPYRIGHT,,Second-reviewed Issue #180 exact qualifier review: family key 'real_life' equals the unique in-catalog Copyright root 'real_life'; candidate_authority=EXACT_QUALIFIER_EQUALS_COPYRIGHT_TAG.,VALIDATED,GLOBAL_EXACT_COPYRIGHT_SECOND_REVIEW_V1.csv; second-review=GLOBAL_EXACT_COPYRIGHT_SECOND_REVIEW_V1.csv; key=real_life; candidate_root_hint=real_life; state=PASS,SAFE_TO_MIGRATE
Family,red_ninja,FAMILY_HOME,red_ninja,EXACT_COPYRIGHT_REVIEWED,REVIEWED_QUALIFIER_COPYRIGHT,,Second-reviewed Issue #180 exact qualifier review: family key 'red_ninja' equals the unique in-catalog Copyright root 'red_ninja'; candidate_authority=EXACT_QUALIFIER_EQUALS_COPYRIGHT_TAG.,VALIDATED,GLOBAL_EXACT_COPYRIGHT_SECOND_REVIEW_V1.csv; second-review=GLOBAL_EXACT_COPYRIGHT_SECOND_REVIEW_V1.csv; key=red_ninja; candidate_root_hint=red_ninja; state=PASS,SAFE_TO_MIGRATE
Family,resident_evil,FAMILY_HOME,resident_evil,EXACT_COPYRIGHT_REVIEWED,REVIEWED_QUALIFIER_COPYRIGHT,,Second-reviewed Issue #180 exact qualifier review: family key 'resident_evil' equals the unique in-catalog Copyright root 'resident_evil'; candidate_authority=EXACT_QUALIFIER_EQUALS_COPYRIGHT_TAG.,VALIDATED,GLOBAL_EXACT_COPYRIGHT_SECOND_REVIEW_V1.csv; second-review=GLOBAL_EXACT_COPYRIGHT_SECOND_REVIEW_V1.csv; key=resident_evil; candidate_root_hint=resident_evil; state=PASS,SAFE_TO_MIGRATE
Family,return_of_the_mount_hua_sect,FAMILY_HOME,return_of_the_mount_hua_sect,EXACT_COPYRIGHT_REVIEWED,REVIEWED_QUALIFIER_COPYRIGHT,,Second-reviewed Issue #180 exact qualifier review: family key 'return_of_the_mount_hua_sect' equals the unique in-catalog Copyright root 'return_of_the_mount_hua_sect'; candidate_authority=EXACT_QUALIFIER_EQUALS_COPYRIGHT_TAG.,VALIDATED,GLOBAL_EXACT_COPYRIGHT_SECOND_REVIEW_V1.csv; second-review=GLOBAL_EXACT_COPYRIGHT_SECOND_REVIEW_V1.csv; key=return_of_the_mount_hua_sect; candidate_root_hint=return_of_the_mount_hua_sect; state=PASS,SAFE_TO_MIGRATE
Family,reverse:1999,FAMILY_HOME,reverse:1999,FIRST_PARTY_REVIEWED,EXTERNAL_AUTHORITY,https://re1999.bluepoch.com/,Bluepoch official Reverse: 1999 site.,VALIDATED,BATCH_A_REMAINING_7_SECOND_REVIEW_V2.csv; second-review=BATCH_A_REMAINING_7_SECOND_REVIEW_V2.csv; key=reverse:1999; candidate_root=reverse:1999; state=PASS,SAFE_TO_MIGRATE
Family,rewrite,FAMILY_HOME,rewrite,EXACT_COPYRIGHT_REVIEWED,REVIEWED_QUALIFIER_COPYRIGHT,,Second-reviewed Issue #180 exact qualifier review: family key 'rewrite' equals the unique in-catalog Copyright root 'rewrite'; candidate_authority=EXACT_QUALIFIER_EQUALS_COPYRIGHT_TAG.,VALIDATED,GLOBAL_EXACT_COPYRIGHT_SECOND_REVIEW_V1.csv; second-review=GLOBAL_EXACT_COPYRIGHT_SECOND_REVIEW_V1.csv; key=rewrite; candidate_root_hint=rewrite; state=PASS,SAFE_TO_MIGRATE
Family,rhapsody,FAMILY_HOME,rhapsody,EXACT_COPYRIGHT_REVIEWED,REVIEWED_QUALIFIER_COPYRIGHT,,Second-reviewed Issue #180 exact qualifier review: family key 'rhapsody' equals the unique in-catalog Copyright root 'rhapsody'; candidate_authority=EXACT_QUALIFIER_EQUALS_COPYRIGHT_TAG.,VALIDATED,GLOBAL_EXACT_COPYRIGHT_SECOND_REVIEW_V1.csv; second-review=GLOBAL_EXACT_COPYRIGHT_SECOND_REVIEW_V1.csv; key=rhapsody; candidate_root_hint=rhapsody; state=PASS,SAFE_TO_MIGRATE
Family,rimworld,FAMILY_HOME,rimworld,EXACT_COPYRIGHT_REVIEWED,REVIEWED_QUALIFIER_COPYRIGHT,,Second-reviewed Issue #180 exact qualifier review: family key 'rimworld' equals the unique in-catalog Copyright root 'rimworld'; candidate_authority=EXACT_QUALIFIER_EQUALS_COPYRIGHT_TAG.,VALIDATED,GLOBAL_EXACT_COPYRIGHT_SECOND_REVIEW_V1.csv; second-review=GLOBAL_EXACT_COPYRIGHT_SECOND_REVIEW_V1.csv; key=rimworld; candidate_root_hint=rimworld; state=PASS,SAFE_TO_MIGRATE
Family,ring_dream,FAMILY_HOME,ring_dream,EXACT_COPYRIGHT_REVIEWED,REVIEWED_QUALIFIER_COPYRIGHT,,Second-reviewed Issue #180 exact qualifier review: family key 'ring_dream' equals the unique in-catalog Copyright root 'ring_dream'; candidate_authority=EXACT_QUALIFIER_EQUALS_COPYRIGHT_TAG.,VALIDATED,GLOBAL_EXACT_COPYRIGHT_SECOND_REVIEW_V1.csv; second-review=GLOBAL_EXACT_COPYRIGHT_SECOND_REVIEW_V1.csv; key=ring_dream; candidate_root_hint=ring_dream; state=PASS,SAFE_TO_MIGRATE
Family,ring_fit_adventure,FAMILY_HOME,ring_fit_adventure,EXACT_COPYRIGHT_REVIEWED,REVIEWED_QUALIFIER_COPYRIGHT,,Second-reviewed Issue #180 exact qualifier review: family key 'ring_fit_adventure' equals the unique in-catalog Copyright root 'ring_fit_adventure'; candidate_authority=EXACT_QUALIFIER_EQUALS_COPYRIGHT_TAG.,VALIDATED,GLOBAL_EXACT_COPYRIGHT_SECOND_REVIEW_V1.csv; second-review=GLOBAL_EXACT_COPYRIGHT_SECOND_REVIEW_V1.csv; key=ring_fit_adventure; candidate_root_hint=ring_fit_adventure; state=PASS,SAFE_TO_MIGRATE
Family,rinrinne,FAMILY_HOME,rinrinne,EXACT_COPYRIGHT_REVIEWED,REVIEWED_QUALIFIER_COPYRIGHT,,Second-reviewed Issue #180 exact qualifier review: family key 'rinrinne' equals the unique in-catalog Copyright root 'rinrinne'; candidate_authority=EXACT_QUALIFIER_EQUALS_COPYRIGHT_TAG.,VALIDATED,GLOBAL_EXACT_COPYRIGHT_SECOND_REVIEW_V1.csv; second-review=GLOBAL_EXACT_COPYRIGHT_SECOND_REVIEW_V1.csv; key=rinrinne; candidate_root_hint=rinrinne; state=PASS,SAFE_TO_MIGRATE
Family,rise_of_the_guardians,FAMILY_HOME,rise_of_the_guardians,EXACT_COPYRIGHT_REVIEWED,REVIEWED_QUALIFIER_COPYRIGHT,,Second-reviewed Issue #180 exact qualifier review: family key 'rise_of_the_guardians' equals the unique in-catalog Copyright root 'rise_of_the_guardians'; candidate_authority=EXACT_QUALIFIER_EQUALS_COPYRIGHT_TAG.,VALIDATED,GLOBAL_EXACT_COPYRIGHT_SECOND_REVIEW_V1.csv; second-review=GLOBAL_EXACT_COPYRIGHT_SECOND_REVIEW_V1.csv; key=rise_of_the_guardians; candidate_root_hint=rise_of_the_guardians; state=PASS,SAFE_TO_MIGRATE
Family,riviera,FAMILY_HOME,riviera,EXACT_COPYRIGHT_REVIEWED,REVIEWED_QUALIFIER_COPYRIGHT,,Second-reviewed Issue #180 exact qualifier review: family key 'riviera' equals the unique in-catalog Copyright root 'riviera'; candidate_authority=EXACT_QUALIFIER_EQUALS_COPYRIGHT_TAG.,VALIDATED,GLOBAL_EXACT_COPYRIGHT_SECOND_REVIEW_V1.csv; second-review=GLOBAL_EXACT_COPYRIGHT_SECOND_REVIEW_V1.csv; key=riviera; candidate_root_hint=riviera; state=PASS,SAFE_TO_MIGRATE
Family,roblox,FAMILY_HOME,roblox,EXACT_COPYRIGHT_REVIEWED,REVIEWED_QUALIFIER_COPYRIGHT,,Second-reviewed Issue #180 exact qualifier review: family key 'roblox' equals the unique in-catalog Copyright root 'roblox'; candidate_authority=EXACT_QUALIFIER_EQUALS_COPYRIGHT_TAG.,VALIDATED,GLOBAL_EXACT_COPYRIGHT_SECOND_REVIEW_V1.csv; second-review=GLOBAL_EXACT_COPYRIGHT_SECOND_REVIEW_V1.csv; key=roblox; candidate_root_hint=roblox; state=PASS,SAFE_TO_MIGRATE
Family,robotics;notes,FAMILY_HOME,robotics;notes,EXACT_COPYRIGHT_REVIEWED,REVIEWED_QUALIFIER_COPYRIGHT,,Second-reviewed Issue #180 exact qualifier review: family key 'robotics;notes' equals the unique in-catalog Copyright root 'robotics;notes'; candidate_authority=EXACT_QUALIFIER_EQUALS_COPYRIGHT_TAG.,VALIDATED,GLOBAL_EXACT_COPYRIGHT_SECOND_REVIEW_V1.csv; second-review=GLOBAL_EXACT_COPYRIGHT_SECOND_REVIEW_V1.csv; key=robotics;notes; candidate_root_hint=robotics;notes; state=PASS,SAFE_TO_MIGRATE
Family,roco_kingdom:_world,FAMILY_HOME,roco_kingdom:_world,EXACT_COPYRIGHT_REVIEWED,REVIEWED_QUALIFIER_COPYRIGHT,,Second-reviewed Issue #180 exact qualifier review: family key 'roco_kingdom:_world' equals the unique in-catalog Copyright root 'roco_kingdom:_world'; candidate_authority=EXACT_QUALIFIER_EQUALS_COPYRIGHT_TAG.,VALIDATED,GLOBAL_EXACT_COPYRIGHT_SECOND_REVIEW_V1.csv; second-review=GLOBAL_EXACT_COPYRIGHT_SECOND_REVIEW_V1.csv; key=roco_kingdom:_world; candidate_root_hint=roco_kingdom:_world; state=PASS,SAFE_TO_MIGRATE
Family,romancing_saga,FAMILY_HOME,romancing_saga,EXACT_COPYRIGHT_REVIEWED,REVIEWED_QUALIFIER_COPYRIGHT,,Second-reviewed Issue #180 exact qualifier review: family key 'romancing_saga' equals the unique in-catalog Copyright root 'romancing_saga'; candidate_authority=EXACT_QUALIFIER_EQUALS_COPYRIGHT_TAG.,VALIDATED,GLOBAL_EXACT_COPYRIGHT_SECOND_REVIEW_V1.csv; second-review=GLOBAL_EXACT_COPYRIGHT_SECOND_REVIEW_V1.csv; key=romancing_saga; candidate_root_hint=romancing_saga; state=PASS,SAFE_TO_MIGRATE
Family,romancing_saga_2,FAMILY_HOME,romancing_saga_2,EXACT_COPYRIGHT_REVIEWED,REVIEWED_QUALIFIER_COPYRIGHT,,Second-reviewed Issue #180 exact qualifier review: family key 'romancing_saga_2' equals the unique in-catalog Copyright root 'romancing_saga_2'; candidate_authority=EXACT_QUALIFIER_EQUALS_COPYRIGHT_TAG.,VALIDATED,GLOBAL_EXACT_COPYRIGHT_SECOND_REVIEW_V1.csv; second-review=GLOBAL_EXACT_COPYRIGHT_SECOND_REVIEW_V1.csv; key=romancing_saga_2; candidate_root_hint=romancing_saga_2; state=PASS,SAFE_TO_MIGRATE
Family,rose_to_tasogare_no_kojou,FAMILY_HOME,rose_to_tasogare_no_kojou,EXACT_COPYRIGHT_REVIEWED,REVIEWED_QUALIFIER_COPYRIGHT,,Second-reviewed Issue #180 exact qualifier review: family key 'rose_to_tasogare_no_kojou' equals the unique in-catalog Copyright root 'rose_to_tasogare_no_kojou'; candidate_authority=EXACT_QUALIFIER_EQUALS_COPYRIGHT_TAG.,VALIDATED,GLOBAL_EXACT_COPYRIGHT_SECOND_REVIEW_V1.csv; second-review=GLOBAL_EXACT_COPYRIGHT_SECOND_REVIEW_V1.csv; key=rose_to_tasogare_no_kojou; candidate_root_hint=rose_to_tasogare_no_kojou; state=PASS,SAFE_TO_MIGRATE
Family,rumble_roses,FAMILY_HOME,rumble_roses,EXACT_COPYRIGHT_REVIEWED,REVIEWED_QUALIFIER_COPYRIGHT,,Second-reviewed Issue #180 exact qualifier review: family key 'rumble_roses' equals the unique in-catalog Copyright root 'rumble_roses'; candidate_authority=EXACT_QUALIFIER_EQUALS_COPYRIGHT_TAG.,VALIDATED,GLOBAL_EXACT_COPYRIGHT_SECOND_REVIEW_V1.csv; second-review=GLOBAL_EXACT_COPYRIGHT_SECOND_REVIEW_V1.csv; key=rumble_roses; candidate_root_hint=rumble_roses; state=PASS,SAFE_TO_MIGRATE
Family,rune_factory,FAMILY_HOME,rune_factory,EXACT_COPYRIGHT_REVIEWED,REVIEWED_QUALIFIER_COPYRIGHT,,Second-reviewed Issue #180 exact qualifier review: family key 'rune_factory' equals the unique in-catalog Copyright root 'rune_factory'; candidate_authority=EXACT_QUALIFIER_EQUALS_COPYRIGHT_TAG.,VALIDATED,GLOBAL_EXACT_COPYRIGHT_SECOND_REVIEW_V1.csv; second-review=GLOBAL_EXACT_COPYRIGHT_SECOND_REVIEW_V1.csv; key=rune_factory; candidate_root_hint=rune_factory; state=PASS,SAFE_TO_MIGRATE
Family,runescape,FAMILY_HOME,runescape,EXACT_COPYRIGHT_REVIEWED,REVIEWED_QUALIFIER_COPYRIGHT,,Second-reviewed Issue #180 exact qualifier review: family key 'runescape' equals the unique in-catalog Copyright root 'runescape'; candidate_authority=EXACT_QUALIFIER_EQUALS_COPYRIGHT_TAG.,VALIDATED,GLOBAL_EXACT_COPYRIGHT_SECOND_REVIEW_V1.csv; second-review=GLOBAL_EXACT_COPYRIGHT_SECOND_REVIEW_V1.csv; key=runescape; candidate_root_hint=runescape; state=PASS,SAFE_TO_MIGRATE
Family,rwby,FAMILY_HOME,rwby,EXACT_COPYRIGHT_REVIEWED,REVIEWED_QUALIFIER_COPYRIGHT,,Second-reviewed Issue #180 exact qualifier review: family key 'rwby' equals the unique in-catalog Copyright root 'rwby'; candidate_authority=EXACT_QUALIFIER_EQUALS_COPYRIGHT_TAG.,VALIDATED,GLOBAL_EXACT_COPYRIGHT_SECOND_REVIEW_V1.csv; second-review=GLOBAL_EXACT_COPYRIGHT_SECOND_REVIEW_V1.csv; key=rwby; candidate_root_hint=rwby; state=PASS,SAFE_TO_MIGRATE
Family,ryoujoku_gakuen,FAMILY_HOME,ryoujoku_gakuen,EXACT_COPYRIGHT_REVIEWED,REVIEWED_QUALIFIER_COPYRIGHT,,Second-reviewed Issue #180 exact qualifier review: family key 'ryoujoku_gakuen' equals the unique in-catalog Copyright root 'ryoujoku_gakuen'; candidate_authority=EXACT_QUALIFIER_EQUALS_COPYRIGHT_TAG.,VALIDATED,GLOBAL_EXACT_COPYRIGHT_SECOND_REVIEW_V1.csv; second-review=GLOBAL_EXACT_COPYRIGHT_SECOND_REVIEW_V1.csv; key=ryoujoku_gakuen; candidate_root_hint=ryoujoku_gakuen; state=PASS,SAFE_TO_MIGRATE
Family,saga,FAMILY_HOME,saga,EXACT_COPYRIGHT_REVIEWED,REVIEWED_QUALIFIER_COPYRIGHT,,Second-reviewed Issue #180 exact qualifier review: family key 'saga' equals the unique in-catalog Copyright root 'saga'; candidate_authority=EXACT_QUALIFIER_EQUALS_COPYRIGHT_TAG.,VALIDATED,GLOBAL_EXACT_COPYRIGHT_SECOND_REVIEW_V1.csv; second-review=GLOBAL_EXACT_COPYRIGHT_SECOND_REVIEW_V1.csv; key=saga; candidate_root_hint=saga; state=PASS,SAFE_TO_MIGRATE
Family,saga_2,FAMILY_HOME,saga_2,EXACT_COPYRIGHT_REVIEWED,REVIEWED_QUALIFIER_COPYRIGHT,,Second-reviewed Issue #180 exact qualifier review: family key 'saga_2' equals the unique in-catalog Copyright root 'saga_2'; candidate_authority=EXACT_QUALIFIER_EQUALS_COPYRIGHT_TAG.,VALIDATED,GLOBAL_EXACT_COPYRIGHT_SECOND_REVIEW_V1.csv; second-review=GLOBAL_EXACT_COPYRIGHT_SECOND_REVIEW_V1.csv; key=saga_2; candidate_root_hint=saga_2; state=PASS,SAFE_TO_MIGRATE
Family,saga_frontier,FAMILY_HOME,saga_frontier,EXACT_COPYRIGHT_REVIEWED,REVIEWED_QUALIFIER_COPYRIGHT,,Second-reviewed Issue #180 exact qualifier review: family key 'saga_frontier' equals the unique in-catalog Copyright root 'saga_frontier'; candidate_authority=EXACT_QUALIFIER_EQUALS_COPYRIGHT_TAG.,VALIDATED,GLOBAL_EXACT_COPYRIGHT_SECOND_REVIEW_V1.csv; second-review=GLOBAL_EXACT_COPYRIGHT_SECOND_REVIEW_V1.csv; key=saga_frontier; candidate_root_hint=saga_frontier; state=PASS,SAFE_TO_MIGRATE
Family,saibou_shinkyoku,FAMILY_HOME,saibou_shinkyoku,EXACT_COPYRIGHT_REVIEWED,REVIEWED_QUALIFIER_COPYRIGHT,,Second-reviewed Issue #180 exact qualifier review: family key 'saibou_shinkyoku' equals the unique in-catalog Copyright root 'saibou_shinkyoku'; candidate_authority=EXACT_QUALIFIER_EQUALS_COPYRIGHT_TAG.,VALIDATED,GLOBAL_EXACT_COPYRIGHT_SECOND_REVIEW_V1.csv; second-review=GLOBAL_EXACT_COPYRIGHT_SECOND_REVIEW_V1.csv; key=saibou_shinkyoku; candidate_root_hint=saibou_shinkyoku; state=PASS,SAFE_TO_MIGRATE
Family,saikin_yatotta_maid_ga_ayashii,FAMILY_HOME,saikin_yatotta_maid_ga_ayashii,EXACT_COPYRIGHT_REVIEWED,REVIEWED_QUALIFIER_COPYRIGHT,,Second-reviewed Issue #180 exact qualifier review: family key 'saikin_yatotta_maid_ga_ayashii' equals the unique in-catalog Copyright root 'saikin_yatotta_maid_ga_ayashii'; candidate_authority=EXACT_QUALIFIER_EQUALS_COPYRIGHT_TAG.,VALIDATED,GLOBAL_EXACT_COPYRIGHT_SECOND_REVIEW_V1.csv; second-review=GLOBAL_EXACT_COPYRIGHT_SECOND_REVIEW_V1.csv; key=saikin_yatotta_maid_ga_ayashii; candidate_root_hint=saikin_yatotta_maid_ga_ayashii; state=PASS,SAFE_TO_MIGRATE
Family,sailor_element,FAMILY_HOME,sailor_element,EXACT_COPYRIGHT_REVIEWED,REVIEWED_QUALIFIER_COPYRIGHT,,Second-reviewed Issue #180 exact qualifier review: family key 'sailor_element' equals the unique in-catalog Copyright root 'sailor_element'; candidate_authority=EXACT_QUALIFIER_EQUALS_COPYRIGHT_TAG.,VALIDATED,GLOBAL_EXACT_COPYRIGHT_SECOND_REVIEW_V1.csv; second-review=GLOBAL_EXACT_COPYRIGHT_SECOND_REVIEW_V1.csv; key=sailor_element; candidate_root_hint=sailor_element; state=PASS,SAFE_TO_MIGRATE
Family,saint_onii-san,FAMILY_HOME,saint_onii-san,EXACT_COPYRIGHT_REVIEWED,REVIEWED_QUALIFIER_COPYRIGHT,,Second-reviewed Issue #180 exact qualifier review: family key 'saint_onii-san' equals the unique in-catalog Copyright root 'saint_onii-san'; candidate_authority=EXACT_QUALIFIER_EQUALS_COPYRIGHT_TAG.,VALIDATED,GLOBAL_EXACT_COPYRIGHT_SECOND_REVIEW_V1.csv; second-review=GLOBAL_EXACT_COPYRIGHT_SECOND_REVIEW_V1.csv; key=saint_onii-san; candidate_root_hint=saint_onii-san; state=PASS,SAFE_TO_MIGRATE
Family,saint_seiya,FAMILY_HOME,saint_seiya,EXACT_COPYRIGHT_REVIEWED,REVIEWED_QUALIFIER_COPYRIGHT,,Second-reviewed Issue #180 exact qualifier review: family key 'saint_seiya' equals the unique in-catalog Copyright root 'saint_seiya'; candidate_authority=EXACT_QUALIFIER_EQUALS_COPYRIGHT_TAG.,VALIDATED,GLOBAL_EXACT_COPYRIGHT_SECOND_REVIEW_V1.csv; second-review=GLOBAL_EXACT_COPYRIGHT_SECOND_REVIEW_V1.csv; key=saint_seiya; candidate_root_hint=saint_seiya; state=PASS,SAFE_TO_MIGRATE
Family,saint_seiya:_rising_cosmo,FAMILY_HOME,saint_seiya:_rising_cosmo,EXACT_COPYRIGHT_REVIEWED,REVIEWED_QUALIFIER_COPYRIGHT,,Second-reviewed Issue #180 exact qualifier review: family key 'saint_seiya:_rising_cosmo' equals the unique in-catalog Copyright root 'saint_seiya:_rising_cosmo'; candidate_authority=EXACT_QUALIFIER_EQUALS_COPYRIGHT_TAG.,VALIDATED,GLOBAL_EXACT_COPYRIGHT_SECOND_REVIEW_V1.csv; second-review=GLOBAL_EXACT_COPYRIGHT_SECOND_REVIEW_V1.csv; key=saint_seiya:_rising_cosmo; candidate_root_hint=saint_seiya:_rising_cosmo; state=PASS,SAFE_TO_MIGRATE
Family,saishuu_chikan_densha,FAMILY_HOME,saishuu_chikan_densha,EXACT_COPYRIGHT_REVIEWED,REVIEWED_QUALIFIER_COPYRIGHT,,Second-reviewed Issue #180 exact qualifier review: family key 'saishuu_chikan_densha' equals the unique in-catalog Copyright root 'saishuu_chikan_densha'; candidate_authority=EXACT_QUALIFIER_EQUALS_COPYRIGHT_TAG.,VALIDATED,GLOBAL_EXACT_COPYRIGHT_SECOND_REVIEW_V1.csv; second-review=GLOBAL_EXACT_COPYRIGHT_SECOND_REVIEW_V1.csv; key=saishuu_chikan_densha; candidate_root_hint=saishuu_chikan_densha; state=PASS,SAFE_TO_MIGRATE
Family,saishuu_heiki_kanojo,FAMILY_HOME,saishuu_heiki_kanojo,EXACT_COPYRIGHT_REVIEWED,REVIEWED_QUALIFIER_COPYRIGHT,,Second-reviewed Issue #180 exact qualifier review: family key 'saishuu_heiki_kanojo' equals the unique in-catalog Copyright root 'saishuu_heiki_kanojo'; candidate_authority=EXACT_QUALIFIER_EQUALS_COPYRIGHT_TAG.,VALIDATED,GLOBAL_EXACT_COPYRIGHT_SECOND_REVIEW_V1.csv; second-review=GLOBAL_EXACT_COPYRIGHT_SECOND_REVIEW_V1.csv; key=saishuu_heiki_kanojo; candidate_root_hint=saishuu_heiki_kanojo; state=PASS,SAFE_TO_MIGRATE
Family,saiyuki,FAMILY_HOME,saiyuki,EXACT_COPYRIGHT_REVIEWED,REVIEWED_QUALIFIER_COPYRIGHT,,Second-reviewed Issue #180 exact qualifier review: family key 'saiyuki' equals the unique in-catalog Copyright root 'saiyuki'; candidate_authority=EXACT_QUALIFIER_EQUALS_COPYRIGHT_TAG.,VALIDATED,GLOBAL_EXACT_COPYRIGHT_SECOND_REVIEW_V1.csv; second-review=GLOBAL_EXACT_COPYRIGHT_SECOND_REVIEW_V1.csv; key=saiyuki; candidate_root_hint=saiyuki; state=PASS,SAFE_TO_MIGRATE
Family,sakamoto_days,FAMILY_HOME,sakamoto_days,EXACT_COPYRIGHT_REVIEWED,REVIEWED_QUALIFIER_COPYRIGHT,,Second-reviewed Issue #180 exact qualifier review: family key 'sakamoto_days' equals the unique in-catalog Copyright root 'sakamoto_days'; candidate_authority=EXACT_QUALIFIER_EQUALS_COPYRIGHT_TAG.,VALIDATED,GLOBAL_EXACT_COPYRIGHT_SECOND_REVIEW_V1.csv; second-review=GLOBAL_EXACT_COPYRIGHT_SECOND_REVIEW_V1.csv; key=sakamoto_days; candidate_root_hint=sakamoto_days; state=PASS,SAFE_TO_MIGRATE
Family,sakura_dungeon,FAMILY_HOME,sakura_dungeon,EXACT_COPYRIGHT_REVIEWED,REVIEWED_QUALIFIER_COPYRIGHT,,Second-reviewed Issue #180 exact qualifier review: family key 'sakura_dungeon' equals the unique in-catalog Copyright root 'sakura_dungeon'; candidate_authority=EXACT_QUALIFIER_EQUALS_COPYRIGHT_TAG.,VALIDATED,GLOBAL_EXACT_COPYRIGHT_SECOND_REVIEW_V1.csv; second-review=GLOBAL_EXACT_COPYRIGHT_SECOND_REVIEW_V1.csv; key=sakura_dungeon; candidate_root_hint=sakura_dungeon; state=PASS,SAFE_TO_MIGRATE
Family,sakura_no_sekai,FAMILY_HOME,sakura_no_sekai,EXACT_COPYRIGHT_REVIEWED,REVIEWED_QUALIFIER_COPYRIGHT,,Second-reviewed Issue #180 exact qualifier review: family key 'sakura_no_sekai' equals the unique in-catalog Copyright root 'sakura_no_sekai'; candidate_authority=EXACT_QUALIFIER_EQUALS_COPYRIGHT_TAG.,VALIDATED,GLOBAL_EXACT_COPYRIGHT_SECOND_REVIEW_V1.csv; second-review=GLOBAL_EXACT_COPYRIGHT_SECOND_REVIEW_V1.csv; key=sakura_no_sekai; candidate_root_hint=sakura_no_sekai; state=PASS,SAFE_TO_MIGRATE
Family,sakura_no_uta,FAMILY_HOME,sakura_no_uta,EXACT_COPYRIGHT_REVIEWED,REVIEWED_QUALIFIER_COPYRIGHT,,Second-reviewed Issue #180 exact qualifier review: family key 'sakura_no_uta' equals the unique in-catalog Copyright root 'sakura_no_uta'; candidate_authority=EXACT_QUALIFIER_EQUALS_COPYRIGHT_TAG.,VALIDATED,GLOBAL_EXACT_COPYRIGHT_SECOND_REVIEW_V1.csv; second-review=GLOBAL_EXACT_COPYRIGHT_SECOND_REVIEW_V1.csv; key=sakura_no_uta; candidate_root_hint=sakura_no_uta; state=PASS,SAFE_TO_MIGRATE
Family,sakura_taisen,FAMILY_HOME,sakura_taisen,EXACT_COPYRIGHT_REVIEWED,REVIEWED_QUALIFIER_COPYRIGHT,,Second-reviewed Issue #180 exact qualifier review: family key 'sakura_taisen' equals the unique in-catalog Copyright root 'sakura_taisen'; candidate_authority=EXACT_QUALIFIER_EQUALS_COPYRIGHT_TAG.,VALIDATED,GLOBAL_EXACT_COPYRIGHT_SECOND_REVIEW_V1.csv; second-review=GLOBAL_EXACT_COPYRIGHT_SECOND_REVIEW_V1.csv; key=sakura_taisen; candidate_root_hint=sakura_taisen; state=PASS,SAFE_TO_MIGRATE
Family,salvika,FAMILY_HOME,salvika,EXACT_COPYRIGHT_REVIEWED,REVIEWED_QUALIFIER_COPYRIGHT,,Second-reviewed Issue #180 exact qualifier review: family key 'salvika' equals the unique in-catalog Copyright root 'salvika'; candidate_authority=EXACT_QUALIFIER_EQUALS_COPYRIGHT_TAG.,VALIDATED,GLOBAL_EXACT_COPYRIGHT_SECOND_REVIEW_V1.csv; second-review=GLOBAL_EXACT_COPYRIGHT_SECOND_REVIEW_V1.csv; key=salvika; candidate_root_hint=salvika; state=PASS,SAFE_TO_MIGRATE
Family,samurai_champloo,FAMILY_HOME,samurai_champloo,EXACT_COPYRIGHT_REVIEWED,REVIEWED_QUALIFIER_COPYRIGHT,,Second-reviewed Issue #180 exact qualifier review: family key 'samurai_champloo' equals the unique in-catalog Copyright root 'samurai_champloo'; candidate_authority=EXACT_QUALIFIER_EQUALS_COPYRIGHT_TAG.,VALIDATED,GLOBAL_EXACT_COPYRIGHT_SECOND_REVIEW_V1.csv; second-review=GLOBAL_EXACT_COPYRIGHT_SECOND_REVIEW_V1.csv; key=samurai_champloo; candidate_root_hint=samurai_champloo; state=PASS,SAFE_TO_MIGRATE
Family,samurai_spirits,FAMILY_HOME,samurai_spirits,EXACT_COPYRIGHT_REVIEWED,REVIEWED_QUALIFIER_COPYRIGHT,,Second-reviewed Issue #180 exact qualifier review: family key 'samurai_spirits' equals the unique in-catalog Copyright root 'samurai_spirits'; candidate_authority=EXACT_QUALIFIER_EQUALS_COPYRIGHT_TAG.,VALIDATED,GLOBAL_EXACT_COPYRIGHT_SECOND_REVIEW_V1.csv; second-review=GLOBAL_EXACT_COPYRIGHT_SECOND_REVIEW_V1.csv; key=samurai_spirits; candidate_root_hint=samurai_spirits; state=PASS,SAFE_TO_MIGRATE
Family,sand_land,FAMILY_HOME,sand_land,EXACT_COPYRIGHT_REVIEWED,REVIEWED_QUALIFIER_COPYRIGHT,,Second-reviewed Issue #180 exact qualifier review: family key 'sand_land' equals the unique in-catalog Copyright root 'sand_land'; candidate_authority=EXACT_QUALIFIER_EQUALS_COPYRIGHT_TAG.,VALIDATED,GLOBAL_EXACT_COPYRIGHT_SECOND_REVIEW_V1.csv; second-review=GLOBAL_EXACT_COPYRIGHT_SECOND_REVIEW_V1.csv; key=sand_land; candidate_root_hint=sand_land; state=PASS,SAFE_TO_MIGRATE
Family,sangokushi_taisen,FAMILY_HOME,sangokushi_taisen,EXACT_COPYRIGHT_REVIEWED,REVIEWED_QUALIFIER_COPYRIGHT,,Second-reviewed Issue #180 exact qualifier review: family key 'sangokushi_taisen' equals the unique in-catalog Copyright root 'sangokushi_taisen'; candidate_authority=EXACT_QUALIFIER_EQUALS_COPYRIGHT_TAG.,VALIDATED,GLOBAL_EXACT_COPYRIGHT_SECOND_REVIEW_V1.csv; second-review=GLOBAL_EXACT_COPYRIGHT_SECOND_REVIEW_V1.csv; key=sangokushi_taisen; candidate_root_hint=sangokushi_taisen; state=PASS,SAFE_TO_MIGRATE
Family,sanrio,FAMILY_HOME,sanrio,EXACT_COPYRIGHT_REVIEWED,REVIEWED_QUALIFIER_COPYRIGHT,,Second-reviewed Issue #180 exact qualifier review: family key 'sanrio' equals the unique in-catalog Copyright root 'sanrio'; candidate_authority=EXACT_QUALIFIER_EQUALS_COPYRIGHT_TAG.,VALIDATED,GLOBAL_EXACT_COPYRIGHT_SECOND_REVIEW_V1.csv; second-review=GLOBAL_EXACT_COPYRIGHT_SECOND_REVIEW_V1.csv; key=sanrio; candidate_root_hint=sanrio; state=PASS,SAFE_TO_MIGRATE
Family,sao,FAMILY_HOME,sword_art_online,FIRST_PARTY_REVIEWED,EXTERNAL_AUTHORITY,https://sao-game.jp/,Official Sword Art Online game portal supports sao -> sword_art_online normalization.,VALIDATED,P1_P3_AUTHORITY_SECOND_REVIEW_V1.csv; second-review=P1_P3_AUTHORITY_SECOND_REVIEW_V1.csv; key=sao; candidate_root=sword_art_online; state=PASS,SAFE_TO_MIGRATE
Family,saru_getchu,FAMILY_HOME,saru_getchu,EXACT_COPYRIGHT_REVIEWED,REVIEWED_QUALIFIER_COPYRIGHT,,Second-reviewed Issue #180 exact qualifier review: family key 'saru_getchu' equals the unique in-catalog Copyright root 'saru_getchu'; candidate_authority=EXACT_QUALIFIER_EQUALS_COPYRIGHT_TAG.,VALIDATED,GLOBAL_EXACT_COPYRIGHT_SECOND_REVIEW_V1.csv; second-review=GLOBAL_EXACT_COPYRIGHT_SECOND_REVIEW_V1.csv; key=saru_getchu; candidate_root_hint=saru_getchu; state=PASS,SAFE_TO_MIGRATE
Family,sasaki_to_p-chan,FAMILY_HOME,sasaki_to_p-chan,EXACT_COPYRIGHT_REVIEWED,REVIEWED_QUALIFIER_COPYRIGHT,,Second-reviewed Issue #180 exact qualifier review: family key 'sasaki_to_p-chan' equals the unique in-catalog Copyright root 'sasaki_to_p-chan'; candidate_authority=EXACT_QUALIFIER_EQUALS_COPYRIGHT_TAG.,VALIDATED,GLOBAL_EXACT_COPYRIGHT_SECOND_REVIEW_V1.csv; second-review=GLOBAL_EXACT_COPYRIGHT_SECOND_REVIEW_V1.csv; key=sasaki_to_p-chan; candidate_root_hint=sasaki_to_p-chan; state=PASS,SAFE_TO_MIGRATE
Family,saya_no_uta,FAMILY_HOME,saya_no_uta,EXACT_COPYRIGHT_REVIEWED,REVIEWED_QUALIFIER_COPYRIGHT,,Second-reviewed Issue #180 exact qualifier review: family key 'saya_no_uta' equals the unique in-catalog Copyright root 'saya_no_uta'; candidate_authority=EXACT_QUALIFIER_EQUALS_COPYRIGHT_TAG.,VALIDATED,GLOBAL_EXACT_COPYRIGHT_SECOND_REVIEW_V1.csv; second-review=GLOBAL_EXACT_COPYRIGHT_SECOND_REVIEW_V1.csv; key=saya_no_uta; candidate_root_hint=saya_no_uta; state=PASS,SAFE_TO_MIGRATE
Family,sayonara_lara,FAMILY_HOME,sayonara_lara,EXACT_COPYRIGHT_REVIEWED,REVIEWED_QUALIFIER_COPYRIGHT,,Second-reviewed Issue #180 exact qualifier review: family key 'sayonara_lara' equals the unique in-catalog Copyright root 'sayonara_lara'; candidate_authority=EXACT_QUALIFIER_EQUALS_COPYRIGHT_TAG.,VALIDATED,GLOBAL_EXACT_COPYRIGHT_SECOND_REVIEW_V1.csv; second-review=GLOBAL_EXACT_COPYRIGHT_SECOND_REVIEW_V1.csv; key=sayonara_lara; candidate_root_hint=sayonara_lara; state=PASS,SAFE_TO_MIGRATE
Family,sayonara_wo_oshiete,FAMILY_HOME,sayonara_wo_oshiete,EXACT_COPYRIGHT_REVIEWED,REVIEWED_QUALIFIER_COPYRIGHT,,Second-reviewed Issue #180 exact qualifier review: family key 'sayonara_wo_oshiete' equals the unique in-catalog Copyright root 'sayonara_wo_oshiete'; candidate_authority=EXACT_QUALIFIER_EQUALS_COPYRIGHT_TAG.,VALIDATED,GLOBAL_EXACT_COPYRIGHT_SECOND_REVIEW_V1.csv; second-review=GLOBAL_EXACT_COPYRIGHT_SECOND_REVIEW_V1.csv; key=sayonara_wo_oshiete; candidate_root_hint=sayonara_wo_oshiete; state=PASS,SAFE_TO_MIGRATE
Family,school_days,FAMILY_HOME,school_days,EXACT_COPYRIGHT_REVIEWED,REVIEWED_QUALIFIER_COPYRIGHT,,Second-reviewed Issue #180 exact qualifier review: family key 'school_days' equals the unique in-catalog Copyright root 'school_days'; candidate_authority=EXACT_QUALIFIER_EQUALS_COPYRIGHT_TAG.,VALIDATED,GLOBAL_EXACT_COPYRIGHT_SECOND_REVIEW_V1.csv; second-review=GLOBAL_EXACT_COPYRIGHT_SECOND_REVIEW_V1.csv; key=school_days; candidate_root_hint=school_days; state=PASS,SAFE_TO_MIGRATE
Family,school_rumble,FAMILY_HOME,school_rumble,EXACT_COPYRIGHT_REVIEWED,REVIEWED_QUALIFIER_COPYRIGHT,,Second-reviewed Issue #180 exact qualifier review: family key 'school_rumble' equals the unique in-catalog Copyright root 'school_rumble'; candidate_authority=EXACT_QUALIFIER_EQUALS_COPYRIGHT_TAG.,VALIDATED,GLOBAL_EXACT_COPYRIGHT_SECOND_REVIEW_V1.csv; second-review=GLOBAL_EXACT_COPYRIGHT_SECOND_REVIEW_V1.csv; key=school_rumble; candidate_root_hint=school_rumble; state=PASS,SAFE_TO_MIGRATE
Family,scryed,FAMILY_HOME,scryed,EXACT_COPYRIGHT_REVIEWED,REVIEWED_QUALIFIER_COPYRIGHT,,Second-reviewed Issue #180 exact qualifier review: family key 'scryed' equals the unique in-catalog Copyright root 'scryed'; candidate_authority=EXACT_QUALIFIER_EQUALS_COPYRIGHT_TAG.,VALIDATED,GLOBAL_EXACT_COPYRIGHT_SECOND_REVIEW_V1.csv; second-review=GLOBAL_EXACT_COPYRIGHT_SECOND_REVIEW_V1.csv; key=scryed; candidate_root_hint=scryed; state=PASS,SAFE_TO_MIGRATE
Family,sdorica,FAMILY_HOME,sdorica,EXACT_COPYRIGHT_REVIEWED,REVIEWED_QUALIFIER_COPYRIGHT,,Second-reviewed Issue #180 exact qualifier review: family key 'sdorica' equals the unique in-catalog Copyright root 'sdorica'; candidate_authority=EXACT_QUALIFIER_EQUALS_COPYRIGHT_TAG.,VALIDATED,GLOBAL_EXACT_COPYRIGHT_SECOND_REVIEW_V1.csv; second-review=GLOBAL_EXACT_COPYRIGHT_SECOND_REVIEW_V1.csv; key=sdorica; candidate_root_hint=sdorica; state=PASS,SAFE_TO_MIGRATE
Family,searching_for_a_world_that_doesn't_exist,FAMILY_HOME,searching_for_a_world_that_doesn't_exist,EXACT_COPYRIGHT_REVIEWED,REVIEWED_QUALIFIER_COPYRIGHT,,"Second-reviewed Issue #180 exact qualifier review: family key ""searching_for_a_world_that_doesn't_exist"" equals the unique in-catalog Copyright root ""searching_for_a_world_that_doesn't_exist""; candidate_authority=EXACT_QUALIFIER_EQUALS_COPYRIGHT_TAG.",VALIDATED,GLOBAL_EXACT_COPYRIGHT_SECOND_REVIEW_V1.csv; second-review=GLOBAL_EXACT_COPYRIGHT_SECOND_REVIEW_V1.csv; key=searching_for_a_world_that_doesn't_exist; candidate_root_hint=searching_for_a_world_that_doesn't_exist; state=PASS,SAFE_TO_MIGRATE
Family,seihantai_na_kimi_to_boku,FAMILY_HOME,seihantai_na_kimi_to_boku,EXACT_COPYRIGHT_REVIEWED,REVIEWED_QUALIFIER_COPYRIGHT,,Second-reviewed Issue #180 exact qualifier review: family key 'seihantai_na_kimi_to_boku' equals the unique in-catalog Copyright root 'seihantai_na_kimi_to_boku'; candidate_authority=EXACT_QUALIFIER_EQUALS_COPYRIGHT_TAG.,VALIDATED,GLOBAL_EXACT_COPYRIGHT_SECOND_REVIEW_V1.csv; second-review=GLOBAL_EXACT_COPYRIGHT_SECOND_REVIEW_V1.csv; key=seihantai_na_kimi_to_boku; candidate_root_hint=seihantai_na_kimi_to_boku; state=PASS,SAFE_TO_MIGRATE
Family,seihou,FAMILY_HOME,seihou,EXACT_COPYRIGHT_REVIEWED,REVIEWED_QUALIFIER_COPYRIGHT,,Second-reviewed Issue #180 exact qualifier review: family key 'seihou' equals the unique in-catalog Copyright root 'seihou'; candidate_authority=EXACT_QUALIFIER_EQUALS_COPYRIGHT_TAG.,VALIDATED,GLOBAL_EXACT_COPYRIGHT_SECOND_REVIEW_V1.csv; second-review=GLOBAL_EXACT_COPYRIGHT_SECOND_REVIEW_V1.csv; key=seihou; candidate_root_hint=seihou; state=PASS,SAFE_TO_MIGRATE
Family,seiken_densetsu,FAMILY_HOME,seiken_densetsu,EXACT_COPYRIGHT_REVIEWED,REVIEWED_QUALIFIER_COPYRIGHT,,Second-reviewed Issue #180 exact qualifier review: family key 'seiken_densetsu' equals the unique in-catalog Copyright root 'seiken_densetsu'; candidate_authority=EXACT_QUALIFIER_EQUALS_COPYRIGHT_TAG.,VALIDATED,GLOBAL_EXACT_COPYRIGHT_SECOND_REVIEW_V1.csv; second-review=GLOBAL_EXACT_COPYRIGHT_SECOND_REVIEW_V1.csv; key=seiken_densetsu; candidate_root_hint=seiken_densetsu; state=PASS,SAFE_TO_MIGRATE
Family,seiken_densetsu_2,FAMILY_HOME,seiken_densetsu_2,EXACT_COPYRIGHT_REVIEWED,REVIEWED_QUALIFIER_COPYRIGHT,,Second-reviewed Issue #180 exact qualifier review: family key 'seiken_densetsu_2' equals the unique in-catalog Copyright root 'seiken_densetsu_2'; candidate_authority=EXACT_QUALIFIER_EQUALS_COPYRIGHT_TAG.,VALIDATED,GLOBAL_EXACT_COPYRIGHT_SECOND_REVIEW_V1.csv; second-review=GLOBAL_EXACT_COPYRIGHT_SECOND_REVIEW_V1.csv; key=seiken_densetsu_2; candidate_root_hint=seiken_densetsu_2; state=PASS,SAFE_TO_MIGRATE
Family,seiken_densetsu_3,FAMILY_HOME,seiken_densetsu_3,EXACT_COPYRIGHT_REVIEWED,REVIEWED_QUALIFIER_COPYRIGHT,,Second-reviewed Issue #180 exact qualifier review: family key 'seiken_densetsu_3' equals the unique in-catalog Copyright root 'seiken_densetsu_3'; candidate_authority=EXACT_QUALIFIER_EQUALS_COPYRIGHT_TAG.,VALIDATED,GLOBAL_EXACT_COPYRIGHT_SECOND_REVIEW_V1.csv; second-review=GLOBAL_EXACT_COPYRIGHT_SECOND_REVIEW_V1.csv; key=seiken_densetsu_3; candidate_root_hint=seiken_densetsu_3; state=PASS,SAFE_TO_MIGRATE
Family,seiken_no_blacksmith,FAMILY_HOME,seiken_no_blacksmith,EXACT_COPYRIGHT_REVIEWED,REVIEWED_QUALIFIER_COPYRIGHT,,Second-reviewed Issue #180 exact qualifier review: family key 'seiken_no_blacksmith' equals the unique in-catalog Copyright root 'seiken_no_blacksmith'; candidate_authority=EXACT_QUALIFIER_EQUALS_COPYRIGHT_TAG.,VALIDATED,GLOBAL_EXACT_COPYRIGHT_SECOND_REVIEW_V1.csv; second-review=GLOBAL_EXACT_COPYRIGHT_SECOND_REVIEW_V1.csv; key=seiken_no_blacksmith; candidate_root_hint=seiken_no_blacksmith; state=PASS,SAFE_TO_MIGRATE
Family,seikyouiku_series,FAMILY_HOME,seikyouiku_series,EXACT_COPYRIGHT_REVIEWED,REVIEWED_QUALIFIER_COPYRIGHT,,Second-reviewed Issue #180 exact qualifier review: family key 'seikyouiku_series' equals the unique in-catalog Copyright root 'seikyouiku_series'; candidate_authority=EXACT_QUALIFIER_EQUALS_COPYRIGHT_TAG.,VALIDATED,GLOBAL_EXACT_COPYRIGHT_SECOND_REVIEW_V1.csv; second-review=GLOBAL_EXACT_COPYRIGHT_SECOND_REVIEW_V1.csv; key=seikyouiku_series; candidate_root_hint=seikyouiku_series; state=PASS,SAFE_TO_MIGRATE
Family,seimetsu_reiki_etherea,FAMILY_HOME,seimetsu_reiki_etherea,EXACT_COPYRIGHT_REVIEWED,REVIEWED_QUALIFIER_COPYRIGHT,,Second-reviewed Issue #180 exact qualifier review: family key 'seimetsu_reiki_etherea' equals the unique in-catalog Copyright root 'seimetsu_reiki_etherea'; candidate_authority=EXACT_QUALIFIER_EQUALS_COPYRIGHT_TAG.,VALIDATED,GLOBAL_EXACT_COPYRIGHT_SECOND_REVIEW_V1.csv; second-review=GLOBAL_EXACT_COPYRIGHT_SECOND_REVIEW_V1.csv; key=seimetsu_reiki_etherea; candidate_root_hint=seimetsu_reiki_etherea; state=PASS,SAFE_TO_MIGRATE
Family,seirei_no_moribito,FAMILY_HOME,seirei_no_moribito,EXACT_COPYRIGHT_REVIEWED,REVIEWED_QUALIFIER_COPYRIGHT,,Second-reviewed Issue #180 exact qualifier review: family key 'seirei_no_moribito' equals the unique in-catalog Copyright root 'seirei_no_moribito'; candidate_authority=EXACT_QUALIFIER_EQUALS_COPYRIGHT_TAG.,VALIDATED,GLOBAL_EXACT_COPYRIGHT_SECOND_REVIEW_V1.csv; second-review=GLOBAL_EXACT_COPYRIGHT_SECOND_REVIEW_V1.csv; key=seirei_no_moribito; candidate_root_hint=seirei_no_moribito; state=PASS,SAFE_TO_MIGRATE
Family,seisenki_iris,FAMILY_HOME,seisenki_iris,EXACT_COPYRIGHT_REVIEWED,REVIEWED_QUALIFIER_COPYRIGHT,,Second-reviewed Issue #180 exact qualifier review: family key 'seisenki_iris' equals the unique in-catalog Copyright root 'seisenki_iris'; candidate_authority=EXACT_QUALIFIER_EQUALS_COPYRIGHT_TAG.,VALIDATED,GLOBAL_EXACT_COPYRIGHT_SECOND_REVIEW_V1.csv; second-review=GLOBAL_EXACT_COPYRIGHT_SECOND_REVIEW_V1.csv; key=seisenki_iris; candidate_root_hint=seisenki_iris; state=PASS,SAFE_TO_MIGRATE
Family,seisenki_valkyrie_sisters,FAMILY_HOME,seisenki_valkyrie_sisters,EXACT_COPYRIGHT_REVIEWED,REVIEWED_QUALIFIER_COPYRIGHT,,Second-reviewed Issue #180 exact qualifier review: family key 'seisenki_valkyrie_sisters' equals the unique in-catalog Copyright root 'seisenki_valkyrie_sisters'; candidate_authority=EXACT_QUALIFIER_EQUALS_COPYRIGHT_TAG.,VALIDATED,GLOBAL_EXACT_COPYRIGHT_SECOND_REVIEW_V1.csv; second-review=GLOBAL_EXACT_COPYRIGHT_SECOND_REVIEW_V1.csv; key=seisenki_valkyrie_sisters; candidate_root_hint=seisenki_valkyrie_sisters; state=PASS,SAFE_TO_MIGRATE
Family,sekirei,FAMILY_HOME,sekirei,EXACT_COPYRIGHT_REVIEWED,REVIEWED_QUALIFIER_COPYRIGHT,,Second-reviewed Issue #180 exact qualifier review: family key 'sekirei' equals the unique in-catalog Copyright root 'sekirei'; candidate_authority=EXACT_QUALIFIER_EQUALS_COPYRIGHT_TAG.,VALIDATED,GLOBAL_EXACT_COPYRIGHT_SECOND_REVIEW_V1.csv; second-review=GLOBAL_EXACT_COPYRIGHT_SECOND_REVIEW_V1.csv; key=sekirei; candidate_root_hint=sekirei; state=PASS,SAFE_TO_MIGRATE
Family,sen'yuu,FAMILY_HOME,sen'yuu.,EXACT_COPYRIGHT_REVIEWED,REVIEWED_QUALIFIER_COPYRIGHT,,"Second-reviewed Issue #180 exact qualifier review: family key ""sen'yuu"" equals the unique in-catalog Copyright root ""sen'yuu.""; candidate_authority=EXACT_QUALIFIER_EQUALS_COPYRIGHT_TAG.",VALIDATED,GLOBAL_EXACT_COPYRIGHT_SECOND_REVIEW_V1.csv; second-review=GLOBAL_EXACT_COPYRIGHT_SECOND_REVIEW_V1.csv; key=sen'yuu; candidate_root_hint=sen'yuu.; state=PASS,SAFE_TO_MIGRATE
Family,sen_to_chihiro_no_kamikakushi,FAMILY_HOME,sen_to_chihiro_no_kamikakushi,EXACT_COPYRIGHT_REVIEWED,REVIEWED_QUALIFIER_COPYRIGHT,,Second-reviewed Issue #180 exact qualifier review: family key 'sen_to_chihiro_no_kamikakushi' equals the unique in-catalog Copyright root 'sen_to_chihiro_no_kamikakushi'; candidate_authority=EXACT_QUALIFIER_EQUALS_COPYRIGHT_TAG.,VALIDATED,GLOBAL_EXACT_COPYRIGHT_SECOND_REVIEW_V1.csv; second-review=GLOBAL_EXACT_COPYRIGHT_SECOND_REVIEW_V1.csv; key=sen_to_chihiro_no_kamikakushi; candidate_root_hint=sen_to_chihiro_no_kamikakushi; state=PASS,SAFE_TO_MIGRATE
Family,sengoku_basara,FAMILY_HOME,sengoku_basara,EXACT_COPYRIGHT_REVIEWED,REVIEWED_QUALIFIER_COPYRIGHT,,Second-reviewed Issue #180 exact qualifier review: family key 'sengoku_basara' equals the unique in-catalog Copyright root 'sengoku_basara'; candidate_authority=EXACT_QUALIFIER_EQUALS_COPYRIGHT_TAG.,VALIDATED,GLOBAL_EXACT_COPYRIGHT_SECOND_REVIEW_V1.csv; second-review=GLOBAL_EXACT_COPYRIGHT_SECOND_REVIEW_V1.csv; key=sengoku_basara; candidate_root_hint=sengoku_basara; state=PASS,SAFE_TO_MIGRATE
Family,sengoku_bushouki_muramasa,FAMILY_HOME,sengoku_bushouki_muramasa,EXACT_COPYRIGHT_REVIEWED,REVIEWED_QUALIFIER_COPYRIGHT,,Second-reviewed Issue #180 exact qualifier review: family key 'sengoku_bushouki_muramasa' equals the unique in-catalog Copyright root 'sengoku_bushouki_muramasa'; candidate_authority=EXACT_QUALIFIER_EQUALS_COPYRIGHT_TAG.,VALIDATED,GLOBAL_EXACT_COPYRIGHT_SECOND_REVIEW_V1.csv; second-review=GLOBAL_EXACT_COPYRIGHT_SECOND_REVIEW_V1.csv; key=sengoku_bushouki_muramasa; candidate_root_hint=sengoku_bushouki_muramasa; state=PASS,SAFE_TO_MIGRATE
Family,sengoku_collection,FAMILY_HOME,sengoku_collection,EXACT_COPYRIGHT_REVIEWED,REVIEWED_QUALIFIER_COPYRIGHT,,Second-reviewed Issue #180 exact qualifier review: family key 'sengoku_collection' equals the unique in-catalog Copyright root 'sengoku_collection'; candidate_authority=EXACT_QUALIFIER_EQUALS_COPYRIGHT_TAG.,VALIDATED,GLOBAL_EXACT_COPYRIGHT_SECOND_REVIEW_V1.csv; second-review=GLOBAL_EXACT_COPYRIGHT_SECOND_REVIEW_V1.csv; key=sengoku_collection; candidate_root_hint=sengoku_collection; state=PASS,SAFE_TO_MIGRATE
Family,sengoku_musou,FAMILY_HOME,sengoku_musou,EXACT_COPYRIGHT_REVIEWED,REVIEWED_QUALIFIER_COPYRIGHT,,Second-reviewed Issue #180 exact qualifier review: family key 'sengoku_musou' equals the unique in-catalog Copyright root 'sengoku_musou'; candidate_authority=EXACT_QUALIFIER_EQUALS_COPYRIGHT_TAG.,VALIDATED,GLOBAL_EXACT_COPYRIGHT_SECOND_REVIEW_V1.csv; second-review=GLOBAL_EXACT_COPYRIGHT_SECOND_REVIEW_V1.csv; key=sengoku_musou; candidate_root_hint=sengoku_musou; state=PASS,SAFE_TO_MIGRATE
Family,sengoku_otome,FAMILY_HOME,sengoku_otome,EXACT_COPYRIGHT_REVIEWED,REVIEWED_QUALIFIER_COPYRIGHT,,Second-reviewed Issue #180 exact qualifier review: family key 'sengoku_otome' equals the unique in-catalog Copyright root 'sengoku_otome'; candidate_authority=EXACT_QUALIFIER_EQUALS_COPYRIGHT_TAG.,VALIDATED,GLOBAL_EXACT_COPYRIGHT_SECOND_REVIEW_V1.csv; second-review=GLOBAL_EXACT_COPYRIGHT_SECOND_REVIEW_V1.csv; key=sengoku_otome; candidate_root_hint=sengoku_otome; state=PASS,SAFE_TO_MIGRATE
Family,sennen_sensou_aigis,FAMILY_HOME,sennen_sensou_aigis,EXACT_COPYRIGHT_REVIEWED,REVIEWED_QUALIFIER_COPYRIGHT,,Second-reviewed Issue #180 exact qualifier review: family key 'sennen_sensou_aigis' equals the unique in-catalog Copyright root 'sennen_sensou_aigis'; candidate_authority=EXACT_QUALIFIER_EQUALS_COPYRIGHT_TAG.,VALIDATED,GLOBAL_EXACT_COPYRIGHT_SECOND_REVIEW_V1.csv; second-review=GLOBAL_EXACT_COPYRIGHT_SECOND_REVIEW_V1.csv; key=sennen_sensou_aigis; candidate_root_hint=sennen_sensou_aigis; state=PASS,SAFE_TO_MIGRATE
Family,senpai_wa_otokonoko,FAMILY_HOME,senpai_wa_otokonoko,EXACT_COPYRIGHT_REVIEWED,REVIEWED_QUALIFIER_COPYRIGHT,,Second-reviewed Issue #180 exact qualifier review: family key 'senpai_wa_otokonoko' equals the unique in-catalog Copyright root 'senpai_wa_otokonoko'; candidate_authority=EXACT_QUALIFIER_EQUALS_COPYRIGHT_TAG.,VALIDATED,GLOBAL_EXACT_COPYRIGHT_SECOND_REVIEW_V1.csv; second-review=GLOBAL_EXACT_COPYRIGHT_SECOND_REVIEW_V1.csv; key=senpai_wa_otokonoko; candidate_root_hint=senpai_wa_otokonoko; state=PASS,SAFE_TO_MIGRATE
Family,senran_kagura,FAMILY_HOME,senran_kagura,FIRST_PARTY_REVIEWED,EXTERNAL_AUTHORITY,https://senrankagura.marv.jp/series/kaguraPBS/character/,Marvelous official Senran Kagura character page identifies franchise characters.,VALIDATED,P1_P3_AUTHORITY_SECOND_REVIEW_V1.csv; second-review=P1_P3_AUTHORITY_SECOND_REVIEW_V1.csv; key=senran_kagura; candidate_root=senran_kagura; state=PASS,SAFE_TO_MIGRATE
Family,sensha_otoko,FAMILY_HOME,sensha_otoko,EXACT_COPYRIGHT_REVIEWED,REVIEWED_QUALIFIER_COPYRIGHT,,Second-reviewed Issue #180 exact qualifier review: family key 'sensha_otoko' equals the unique in-catalog Copyright root 'sensha_otoko'; candidate_authority=EXACT_QUALIFIER_EQUALS_COPYRIGHT_TAG.,VALIDATED,GLOBAL_EXACT_COPYRIGHT_SECOND_REVIEW_V1.csv; second-review=GLOBAL_EXACT_COPYRIGHT_SECOND_REVIEW_V1.csv; key=sensha_otoko; candidate_root_hint=sensha_otoko; state=PASS,SAFE_TO_MIGRATE
Family,sentinel_girls,FAMILY_HOME,sentinel_girls,EXACT_COPYRIGHT_REVIEWED,REVIEWED_QUALIFIER_COPYRIGHT,,Second-reviewed Issue #180 exact qualifier review: family key 'sentinel_girls' equals the unique in-catalog Copyright root 'sentinel_girls'; candidate_authority=EXACT_QUALIFIER_EQUALS_COPYRIGHT_TAG.,VALIDATED,GLOBAL_EXACT_COPYRIGHT_SECOND_REVIEW_V1.csv; second-review=GLOBAL_EXACT_COPYRIGHT_SECOND_REVIEW_V1.csv; key=sentinel_girls; candidate_root_hint=sentinel_girls; state=PASS,SAFE_TO_MIGRATE
Family,sergestid_shrimp_in_tungkang,FAMILY_HOME,sergestid_shrimp_in_tungkang,EXACT_COPYRIGHT_REVIEWED,REVIEWED_QUALIFIER_COPYRIGHT,,Second-reviewed Issue #180 exact qualifier review: family key 'sergestid_shrimp_in_tungkang' equals the unique in-catalog Copyright root 'sergestid_shrimp_in_tungkang'; candidate_authority=EXACT_QUALIFIER_EQUALS_COPYRIGHT_TAG.,VALIDATED,GLOBAL_EXACT_COPYRIGHT_SECOND_REVIEW_V1.csv; second-review=GLOBAL_EXACT_COPYRIGHT_SECOND_REVIEW_V1.csv; key=sergestid_shrimp_in_tungkang; candidate_root_hint=sergestid_shrimp_in_tungkang; state=PASS,SAFE_TO_MIGRATE
Family,sewayaki_kitsune_no_senko-san,FAMILY_HOME,sewayaki_kitsune_no_senko-san,EXACT_COPYRIGHT_REVIEWED,REVIEWED_QUALIFIER_COPYRIGHT,,Second-reviewed Issue #180 exact qualifier review: family key 'sewayaki_kitsune_no_senko-san' equals the unique in-catalog Copyright root 'sewayaki_kitsune_no_senko-san'; candidate_authority=EXACT_QUALIFIER_EQUALS_COPYRIGHT_TAG.,VALIDATED,GLOBAL_EXACT_COPYRIGHT_SECOND_REVIEW_V1.csv; second-review=GLOBAL_EXACT_COPYRIGHT_SECOND_REVIEW_V1.csv; key=sewayaki_kitsune_no_senko-san; candidate_root_hint=sewayaki_kitsune_no_senko-san; state=PASS,SAFE_TO_MIGRATE
Family,shadow_of_the_colossus,FAMILY_HOME,shadow_of_the_colossus,EXACT_COPYRIGHT_REVIEWED,REVIEWED_QUALIFIER_COPYRIGHT,,Second-reviewed Issue #180 exact qualifier review: family key 'shadow_of_the_colossus' equals the unique in-catalog Copyright root 'shadow_of_the_colossus'; candidate_authority=EXACT_QUALIFIER_EQUALS_COPYRIGHT_TAG.,VALIDATED,GLOBAL_EXACT_COPYRIGHT_SECOND_REVIEW_V1.csv; second-review=GLOBAL_EXACT_COPYRIGHT_SECOND_REVIEW_V1.csv; key=shadow_of_the_colossus; candidate_root_hint=shadow_of_the_colossus; state=PASS,SAFE_TO_MIGRATE
Family,shadow_slave,FAMILY_HOME,shadow_slave,EXACT_COPYRIGHT_REVIEWED,REVIEWED_QUALIFIER_COPYRIGHT,,Second-reviewed Issue #180 exact qualifier review: family key 'shadow_slave' equals the unique in-catalog Copyright root 'shadow_slave'; candidate_authority=EXACT_QUALIFIER_EQUALS_COPYRIGHT_TAG.,VALIDATED,GLOBAL_EXACT_COPYRIGHT_SECOND_REVIEW_V1.csv; second-review=GLOBAL_EXACT_COPYRIGHT_SECOND_REVIEW_V1.csv; key=shadow_slave; candidate_root_hint=shadow_slave; state=PASS,SAFE_TO_MIGRATE
Family,shadows_house,FAMILY_HOME,shadows_house,EXACT_COPYRIGHT_REVIEWED,REVIEWED_QUALIFIER_COPYRIGHT,,Second-reviewed Issue #180 exact qualifier review: family key 'shadows_house' equals the unique in-catalog Copyright root 'shadows_house'; candidate_authority=EXACT_QUALIFIER_EQUALS_COPYRIGHT_TAG.,VALIDATED,GLOBAL_EXACT_COPYRIGHT_SECOND_REVIEW_V1.csv; second-review=GLOBAL_EXACT_COPYRIGHT_SECOND_REVIEW_V1.csv; key=shadows_house; candidate_root_hint=shadows_house; state=PASS,SAFE_TO_MIGRATE
Family,shadowverse,FAMILY_HOME,shadowverse,EXACT_COPYRIGHT_REVIEWED,REVIEWED_QUALIFIER_COPYRIGHT,,Second-reviewed Issue #180 exact qualifier review: family key 'shadowverse' equals the unique in-catalog Copyright root 'shadowverse'; candidate_authority=EXACT_QUALIFIER_EQUALS_COPYRIGHT_TAG.,VALIDATED,GLOBAL_EXACT_COPYRIGHT_SECOND_REVIEW_V1.csv; second-review=GLOBAL_EXACT_COPYRIGHT_SECOND_REVIEW_V1.csv; key=shadowverse; candidate_root_hint=shadowverse; state=PASS,SAFE_TO_MIGRATE
Family,shadowverse_flame,FAMILY_HOME,shadowverse_flame,EXACT_COPYRIGHT_REVIEWED,REVIEWED_QUALIFIER_COPYRIGHT,,Second-reviewed Issue #180 exact qualifier review: family key 'shadowverse_flame' equals the unique in-catalog Copyright root 'shadowverse_flame'; candidate_authority=EXACT_QUALIFIER_EQUALS_COPYRIGHT_TAG.,VALIDATED,GLOBAL_EXACT_COPYRIGHT_SECOND_REVIEW_V1.csv; second-review=GLOBAL_EXACT_COPYRIGHT_SECOND_REVIEW_V1.csv; key=shadowverse_flame; candidate_root_hint=shadowverse_flame; state=PASS,SAFE_TO_MIGRATE
Family,shakugan_no_shana,FAMILY_HOME,shakugan_no_shana,EXACT_COPYRIGHT_REVIEWED,REVIEWED_QUALIFIER_COPYRIGHT,,Second-reviewed Issue #180 exact qualifier review: family key 'shakugan_no_shana' equals the unique in-catalog Copyright root 'shakugan_no_shana'; candidate_authority=EXACT_QUALIFIER_EQUALS_COPYRIGHT_TAG.,VALIDATED,GLOBAL_EXACT_COPYRIGHT_SECOND_REVIEW_V1.csv; second-review=GLOBAL_EXACT_COPYRIGHT_SECOND_REVIEW_V1.csv; key=shakugan_no_shana; candidate_root_hint=shakugan_no_shana; state=PASS,SAFE_TO_MIGRATE
Family,shenmue,FAMILY_HOME,shenmue,EXACT_COPYRIGHT_REVIEWED,REVIEWED_QUALIFIER_COPYRIGHT,,Second-reviewed Issue #180 exact qualifier review: family key 'shenmue' equals the unique in-catalog Copyright root 'shenmue'; candidate_authority=EXACT_QUALIFIER_EQUALS_COPYRIGHT_TAG.,VALIDATED,GLOBAL_EXACT_COPYRIGHT_SECOND_REVIEW_V1.csv; second-review=GLOBAL_EXACT_COPYRIGHT_SECOND_REVIEW_V1.csv; key=shenmue; candidate_root_hint=shenmue; state=PASS,SAFE_TO_MIGRATE
Family,shiei_no_sona-nyl,FAMILY_HOME,shiei_no_sona-nyl,EXACT_COPYRIGHT_REVIEWED,REVIEWED_QUALIFIER_COPYRIGHT,,Second-reviewed Issue #180 exact qualifier review: family key 'shiei_no_sona-nyl' equals the unique in-catalog Copyright root 'shiei_no_sona-nyl'; candidate_authority=EXACT_QUALIFIER_EQUALS_COPYRIGHT_TAG.,VALIDATED,GLOBAL_EXACT_COPYRIGHT_SECOND_REVIEW_V1.csv; second-review=GLOBAL_EXACT_COPYRIGHT_SECOND_REVIEW_V1.csv; key=shiei_no_sona-nyl; candidate_root_hint=shiei_no_sona-nyl; state=PASS,SAFE_TO_MIGRATE
Family,shigofumi,FAMILY_HOME,shigofumi,EXACT_COPYRIGHT_REVIEWED,REVIEWED_QUALIFIER_COPYRIGHT,,Second-reviewed Issue #180 exact qualifier review: family key 'shigofumi' equals the unique in-catalog Copyright root 'shigofumi'; candidate_authority=EXACT_QUALIFIER_EQUALS_COPYRIGHT_TAG.,VALIDATED,GLOBAL_EXACT_COPYRIGHT_SECOND_REVIEW_V1.csv; second-review=GLOBAL_EXACT_COPYRIGHT_SECOND_REVIEW_V1.csv; key=shigofumi; candidate_root_hint=shigofumi; state=PASS,SAFE_TO_MIGRATE
Family,shin_sangoku_musou,FAMILY_HOME,shin_sangoku_musou,EXACT_COPYRIGHT_REVIEWED,REVIEWED_QUALIFIER_COPYRIGHT,,Second-reviewed Issue #180 exact qualifier review: family key 'shin_sangoku_musou' equals the unique in-catalog Copyright root 'shin_sangoku_musou'; candidate_authority=EXACT_QUALIFIER_EQUALS_COPYRIGHT_TAG.,VALIDATED,GLOBAL_EXACT_COPYRIGHT_SECOND_REVIEW_V1.csv; second-review=GLOBAL_EXACT_COPYRIGHT_SECOND_REVIEW_V1.csv; key=shin_sangoku_musou; candidate_root_hint=shin_sangoku_musou; state=PASS,SAFE_TO_MIGRATE
Family,shingeki_no_bahamut,FAMILY_HOME,shingeki_no_bahamut,EXACT_COPYRIGHT_REVIEWED,REVIEWED_QUALIFIER_COPYRIGHT,,Second-reviewed Issue #180 exact qualifier review: family key 'shingeki_no_bahamut' equals the unique in-catalog Copyright root 'shingeki_no_bahamut'; candidate_authority=EXACT_QUALIFIER_EQUALS_COPYRIGHT_TAG.,VALIDATED,GLOBAL_EXACT_COPYRIGHT_SECOND_REVIEW_V1.csv; second-review=GLOBAL_EXACT_COPYRIGHT_SECOND_REVIEW_V1.csv; key=shingeki_no_bahamut; candidate_root_hint=shingeki_no_bahamut; state=PASS,SAFE_TO_MIGRATE
Family,shingeki_no_bahamut:_genesis,FAMILY_HOME,shingeki_no_bahamut:_genesis,EXACT_COPYRIGHT_REVIEWED,REVIEWED_QUALIFIER_COPYRIGHT,,Second-reviewed Issue #180 exact qualifier review: family key 'shingeki_no_bahamut:_genesis' equals the unique in-catalog Copyright root 'shingeki_no_bahamut:_genesis'; candidate_authority=EXACT_QUALIFIER_EQUALS_COPYRIGHT_TAG.,VALIDATED,GLOBAL_EXACT_COPYRIGHT_SECOND_REVIEW_V1.csv; second-review=GLOBAL_EXACT_COPYRIGHT_SECOND_REVIEW_V1.csv; key=shingeki_no_bahamut:_genesis; candidate_root_hint=shingeki_no_bahamut:_genesis; state=PASS,SAFE_TO_MIGRATE
Family,shingeki_no_kyojin,FAMILY_HOME,shingeki_no_kyojin,EXACT_COPYRIGHT_REVIEWED,REVIEWED_QUALIFIER_COPYRIGHT,,Second-reviewed Issue #180 exact qualifier review: family key 'shingeki_no_kyojin' equals the unique in-catalog Copyright root 'shingeki_no_kyojin'; candidate_authority=EXACT_QUALIFIER_EQUALS_COPYRIGHT_TAG.,VALIDATED,GLOBAL_EXACT_COPYRIGHT_SECOND_REVIEW_V1.csv; second-review=GLOBAL_EXACT_COPYRIGHT_SECOND_REVIEW_V1.csv; key=shingeki_no_kyojin; candidate_root_hint=shingeki_no_kyojin; state=PASS,SAFE_TO_MIGRATE
Family,shinigami_bocchan_to_kuro_maid,FAMILY_HOME,shinigami_bocchan_to_kuro_maid,EXACT_COPYRIGHT_REVIEWED,REVIEWED_QUALIFIER_COPYRIGHT,,Second-reviewed Issue #180 exact qualifier review: family key 'shinigami_bocchan_to_kuro_maid' equals the unique in-catalog Copyright root 'shinigami_bocchan_to_kuro_maid'; candidate_authority=EXACT_QUALIFIER_EQUALS_COPYRIGHT_TAG.,VALIDATED,GLOBAL_EXACT_COPYRIGHT_SECOND_REVIEW_V1.csv; second-review=GLOBAL_EXACT_COPYRIGHT_SECOND_REVIEW_V1.csv; key=shinigami_bocchan_to_kuro_maid; candidate_root_hint=shinigami_bocchan_to_kuro_maid; state=PASS,SAFE_TO_MIGRATE
Family,shinigami_no_ballad,FAMILY_HOME,shinigami_no_ballad,EXACT_COPYRIGHT_REVIEWED,REVIEWED_QUALIFIER_COPYRIGHT,,Second-reviewed Issue #180 exact qualifier review: family key 'shinigami_no_ballad' equals the unique in-catalog Copyright root 'shinigami_no_ballad'; candidate_authority=EXACT_QUALIFIER_EQUALS_COPYRIGHT_TAG.,VALIDATED,GLOBAL_EXACT_COPYRIGHT_SECOND_REVIEW_V1.csv; second-review=GLOBAL_EXACT_COPYRIGHT_SECOND_REVIEW_V1.csv; key=shinigami_no_ballad; candidate_root_hint=shinigami_no_ballad; state=PASS,SAFE_TO_MIGRATE
Family,shining_force_exa,FAMILY_HOME,shining_force_exa,EXACT_COPYRIGHT_REVIEWED,REVIEWED_QUALIFIER_COPYRIGHT,,Second-reviewed Issue #180 exact qualifier review: family key 'shining_force_exa' equals the unique in-catalog Copyright root 'shining_force_exa'; candidate_authority=EXACT_QUALIFIER_EQUALS_COPYRIGHT_TAG.,VALIDATED,GLOBAL_EXACT_COPYRIGHT_SECOND_REVIEW_V1.csv; second-review=GLOBAL_EXACT_COPYRIGHT_SECOND_REVIEW_V1.csv; key=shining_force_exa; candidate_root_hint=shining_force_exa; state=PASS,SAFE_TO_MIGRATE
Family,shining_nikki,FAMILY_HOME,shining_nikki,EXACT_COPYRIGHT_REVIEWED,REVIEWED_QUALIFIER_COPYRIGHT,,Second-reviewed Issue #180 exact qualifier review: family key 'shining_nikki' equals the unique in-catalog Copyright root 'shining_nikki'; candidate_authority=EXACT_QUALIFIER_EQUALS_COPYRIGHT_TAG.,VALIDATED,GLOBAL_EXACT_COPYRIGHT_SECOND_REVIEW_V1.csv; second-review=GLOBAL_EXACT_COPYRIGHT_SECOND_REVIEW_V1.csv; key=shining_nikki; candidate_root_hint=shining_nikki; state=PASS,SAFE_TO_MIGRATE
Family,shining_star,FAMILY_HOME,shining_star,EXACT_COPYRIGHT_REVIEWED,REVIEWED_QUALIFIER_COPYRIGHT,,Second-reviewed Issue #180 exact qualifier review: family key 'shining_star' equals the unique in-catalog Copyright root 'shining_star'; candidate_authority=EXACT_QUALIFIER_EQUALS_COPYRIGHT_TAG.,VALIDATED,GLOBAL_EXACT_COPYRIGHT_SECOND_REVIEW_V1.csv; second-review=GLOBAL_EXACT_COPYRIGHT_SECOND_REVIEW_V1.csv; key=shining_star; candidate_root_hint=shining_star; state=PASS,SAFE_TO_MIGRATE
Family,shinkai_no_valkyrie,FAMILY_HOME,shinkai_no_valkyrie,EXACT_COPYRIGHT_REVIEWED,REVIEWED_QUALIFIER_COPYRIGHT,,Second-reviewed Issue #180 exact qualifier review: family key 'shinkai_no_valkyrie' equals the unique in-catalog Copyright root 'shinkai_no_valkyrie'; candidate_authority=EXACT_QUALIFIER_EQUALS_COPYRIGHT_TAG.,VALIDATED,GLOBAL_EXACT_COPYRIGHT_SECOND_REVIEW_V1.csv; second-review=GLOBAL_EXACT_COPYRIGHT_SECOND_REVIEW_V1.csv; key=shinkai_no_valkyrie; candidate_root_hint=shinkai_no_valkyrie; state=PASS,SAFE_TO_MIGRATE
Family,shino_to_ren,FAMILY_HOME,shino_to_ren,EXACT_COPYRIGHT_REVIEWED,REVIEWED_QUALIFIER_COPYRIGHT,,Second-reviewed Issue #180 exact qualifier review: family key 'shino_to_ren' equals the unique in-catalog Copyright root 'shino_to_ren'; candidate_authority=EXACT_QUALIFIER_EQUALS_COPYRIGHT_TAG.,VALIDATED,GLOBAL_EXACT_COPYRIGHT_SECOND_REVIEW_V1.csv; second-review=GLOBAL_EXACT_COPYRIGHT_SECOND_REVIEW_V1.csv; key=shino_to_ren; candidate_root_hint=shino_to_ren; state=PASS,SAFE_TO_MIGRATE
Family,shinrabanshou,FAMILY_HOME,shinrabanshou,EXACT_COPYRIGHT_REVIEWED,REVIEWED_QUALIFIER_COPYRIGHT,,Second-reviewed Issue #180 exact qualifier review: family key 'shinrabanshou' equals the unique in-catalog Copyright root 'shinrabanshou'; candidate_authority=EXACT_QUALIFIER_EQUALS_COPYRIGHT_TAG.,VALIDATED,GLOBAL_EXACT_COPYRIGHT_SECOND_REVIEW_V1.csv; second-review=GLOBAL_EXACT_COPYRIGHT_SECOND_REVIEW_V1.csv; key=shinrabanshou; candidate_root_hint=shinrabanshou; state=PASS,SAFE_TO_MIGRATE
Family,shinsei_kamattechan,FAMILY_HOME,shinsei_kamattechan,EXACT_COPYRIGHT_REVIEWED,REVIEWED_QUALIFIER_COPYRIGHT,,Second-reviewed Issue #180 exact qualifier review: family key 'shinsei_kamattechan' equals the unique in-catalog Copyright root 'shinsei_kamattechan'; candidate_authority=EXACT_QUALIFIER_EQUALS_COPYRIGHT_TAG.,VALIDATED,GLOBAL_EXACT_COPYRIGHT_SECOND_REVIEW_V1.csv; second-review=GLOBAL_EXACT_COPYRIGHT_SECOND_REVIEW_V1.csv; key=shinsei_kamattechan; candidate_root_hint=shinsei_kamattechan; state=PASS,SAFE_TO_MIGRATE
Family,shiro_seijo_to_kuro_bokushi,FAMILY_HOME,shiro_seijo_to_kuro_bokushi,EXACT_COPYRIGHT_REVIEWED,REVIEWED_QUALIFIER_COPYRIGHT,,Second-reviewed Issue #180 exact qualifier review: family key 'shiro_seijo_to_kuro_bokushi' equals the unique in-catalog Copyright root 'shiro_seijo_to_kuro_bokushi'; candidate_authority=EXACT_QUALIFIER_EQUALS_COPYRIGHT_TAG.,VALIDATED,GLOBAL_EXACT_COPYRIGHT_SECOND_REVIEW_V1.csv; second-review=GLOBAL_EXACT_COPYRIGHT_SECOND_REVIEW_V1.csv; key=shiro_seijo_to_kuro_bokushi; candidate_root_hint=shiro_seijo_to_kuro_bokushi; state=PASS,SAFE_TO_MIGRATE
Family,shironeko_project,FAMILY_HOME,shironeko_project,EXACT_COPYRIGHT_REVIEWED,REVIEWED_QUALIFIER_COPYRIGHT,,Second-reviewed Issue #180 exact qualifier review: family key 'shironeko_project' equals the unique in-catalog Copyright root 'shironeko_project'; candidate_authority=EXACT_QUALIFIER_EQUALS_COPYRIGHT_TAG.,VALIDATED,GLOBAL_EXACT_COPYRIGHT_SECOND_REVIEW_V1.csv; second-review=GLOBAL_EXACT_COPYRIGHT_SECOND_REVIEW_V1.csv; key=shironeko_project; candidate_root_hint=shironeko_project; state=PASS,SAFE_TO_MIGRATE
Family,shoujo_kakumei_utena,FAMILY_HOME,shoujo_kakumei_utena,EXACT_COPYRIGHT_REVIEWED,REVIEWED_QUALIFIER_COPYRIGHT,,Second-reviewed Issue #180 exact qualifier review: family key 'shoujo_kakumei_utena' equals the unique in-catalog Copyright root 'shoujo_kakumei_utena'; candidate_authority=EXACT_QUALIFIER_EQUALS_COPYRIGHT_TAG.,VALIDATED,GLOBAL_EXACT_COPYRIGHT_SECOND_REVIEW_V1.csv; second-review=GLOBAL_EXACT_COPYRIGHT_SECOND_REVIEW_V1.csv; key=shoujo_kakumei_utena; candidate_root_hint=shoujo_kakumei_utena; state=PASS,SAFE_TO_MIGRATE
Family,shoujo_shuumatsu_ryokou,FAMILY_HOME,shoujo_shuumatsu_ryokou,EXACT_COPYRIGHT_REVIEWED,REVIEWED_QUALIFIER_COPYRIGHT,,Second-reviewed Issue #180 exact qualifier review: family key 'shoujo_shuumatsu_ryokou' equals the unique in-catalog Copyright root 'shoujo_shuumatsu_ryokou'; candidate_authority=EXACT_QUALIFIER_EQUALS_COPYRIGHT_TAG.,VALIDATED,GLOBAL_EXACT_COPYRIGHT_SECOND_REVIEW_V1.csv; second-review=GLOBAL_EXACT_COPYRIGHT_SECOND_REVIEW_V1.csv; key=shoujo_shuumatsu_ryokou; candidate_root_hint=shoujo_shuumatsu_ryokou; state=PASS,SAFE_TO_MIGRATE
Family,shoujo_tsubaki,FAMILY_HOME,shoujo_tsubaki,EXACT_COPYRIGHT_REVIEWED,REVIEWED_QUALIFIER_COPYRIGHT,,Second-reviewed Issue #180 exact qualifier review: family key 'shoujo_tsubaki' equals the unique in-catalog Copyright root 'shoujo_tsubaki'; candidate_authority=EXACT_QUALIFIER_EQUALS_COPYRIGHT_TAG.,VALIDATED,GLOBAL_EXACT_COPYRIGHT_SECOND_REVIEW_V1.csv; second-review=GLOBAL_EXACT_COPYRIGHT_SECOND_REVIEW_V1.csv; key=shoujo_tsubaki; candidate_root_hint=shoujo_tsubaki; state=PASS,SAFE_TO_MIGRATE
Family,show_by_rock!!,FAMILY_HOME,show_by_rock!!,EXACT_COPYRIGHT_REVIEWED,REVIEWED_QUALIFIER_COPYRIGHT,,Second-reviewed Issue #180 exact qualifier review: family key 'show_by_rock!!' equals the unique in-catalog Copyright root 'show_by_rock!!'; candidate_authority=EXACT_QUALIFIER_EQUALS_COPYRIGHT_TAG.,VALIDATED,GLOBAL_EXACT_COPYRIGHT_SECOND_REVIEW_V1.csv; second-review=GLOBAL_EXACT_COPYRIGHT_SECOND_REVIEW_V1.csv; key=show_by_rock!!; candidate_root_hint=show_by_rock!!; state=PASS,SAFE_TO_MIGRATE
Family,shugo_chara!,FAMILY_HOME,shugo_chara!,EXACT_COPYRIGHT_REVIEWED,REVIEWED_QUALIFIER_COPYRIGHT,,Second-reviewed Issue #180 exact qualifier review: family key 'shugo_chara!' equals the unique in-catalog Copyright root 'shugo_chara!'; candidate_authority=EXACT_QUALIFIER_EQUALS_COPYRIGHT_TAG.,VALIDATED,GLOBAL_EXACT_COPYRIGHT_SECOND_REVIEW_V1.csv; second-review=GLOBAL_EXACT_COPYRIGHT_SECOND_REVIEW_V1.csv; key=shugo_chara!; candidate_root_hint=shugo_chara!; state=PASS,SAFE_TO_MIGRATE
Family,shuuen_no_virche,FAMILY_HOME,shuuen_no_virche,EXACT_COPYRIGHT_REVIEWED,REVIEWED_QUALIFIER_COPYRIGHT,,Second-reviewed Issue #180 exact qualifier review: family key 'shuuen_no_virche' equals the unique in-catalog Copyright root 'shuuen_no_virche'; candidate_authority=EXACT_QUALIFIER_EQUALS_COPYRIGHT_TAG.,VALIDATED,GLOBAL_EXACT_COPYRIGHT_SECOND_REVIEW_V1.csv; second-review=GLOBAL_EXACT_COPYRIGHT_SECOND_REVIEW_V1.csv; key=shuuen_no_virche; candidate_root_hint=shuuen_no_virche; state=PASS,SAFE_TO_MIGRATE
Family,shuumatsu_no_valkyrie,FAMILY_HOME,shuumatsu_no_valkyrie,EXACT_COPYRIGHT_REVIEWED,REVIEWED_QUALIFIER_COPYRIGHT,,Second-reviewed Issue #180 exact qualifier review: family key 'shuumatsu_no_valkyrie' equals the unique in-catalog Copyright root 'shuumatsu_no_valkyrie'; candidate_authority=EXACT_QUALIFIER_EQUALS_COPYRIGHT_TAG.,VALIDATED,GLOBAL_EXACT_COPYRIGHT_SECOND_REVIEW_V1.csv; second-review=GLOBAL_EXACT_COPYRIGHT_SECOND_REVIEW_V1.csv; key=shuumatsu_no_valkyrie; candidate_root_hint=shuumatsu_no_valkyrie; state=PASS,SAFE_TO_MIGRATE
Family,si_land,FAMILY_HOME,si_land,EXACT_COPYRIGHT_REVIEWED,REVIEWED_QUALIFIER_COPYRIGHT,,Second-reviewed Issue #180 exact qualifier review: family key 'si_land' equals the unique in-catalog Copyright root 'si_land'; candidate_authority=EXACT_QUALIFIER_EQUALS_COPYRIGHT_TAG.,VALIDATED,GLOBAL_EXACT_COPYRIGHT_SECOND_REVIEW_V1.csv; second-review=GLOBAL_EXACT_COPYRIGHT_SECOND_REVIEW_V1.csv; key=si_land; candidate_root_hint=si_land; state=PASS,SAFE_TO_MIGRATE
Family,signalis,FAMILY_HOME,signalis,EXACT_COPYRIGHT_REVIEWED,REVIEWED_QUALIFIER_COPYRIGHT,,Second-reviewed Issue #180 exact qualifier review: family key 'signalis' equals the unique in-catalog Copyright root 'signalis'; candidate_authority=EXACT_QUALIFIER_EQUALS_COPYRIGHT_TAG.,VALIDATED,GLOBAL_EXACT_COPYRIGHT_SECOND_REVIEW_V1.csv; second-review=GLOBAL_EXACT_COPYRIGHT_SECOND_REVIEW_V1.csv; key=signalis; candidate_root_hint=signalis; state=PASS,SAFE_TO_MIGRATE
Family,silent_witch,FAMILY_HOME,silent_witch,EXACT_COPYRIGHT_REVIEWED,REVIEWED_QUALIFIER_COPYRIGHT,,Second-reviewed Issue #180 exact qualifier review: family key 'silent_witch' equals the unique in-catalog Copyright root 'silent_witch'; candidate_authority=EXACT_QUALIFIER_EQUALS_COPYRIGHT_TAG.,VALIDATED,GLOBAL_EXACT_COPYRIGHT_SECOND_REVIEW_V1.csv; second-review=GLOBAL_EXACT_COPYRIGHT_SECOND_REVIEW_V1.csv; key=silent_witch; candidate_root_hint=silent_witch; state=PASS,SAFE_TO_MIGRATE
Family,silver_palace,FAMILY_HOME,silver_palace,EXACT_COPYRIGHT_REVIEWED,REVIEWED_QUALIFIER_COPYRIGHT,,Second-reviewed Issue #180 exact qualifier review: family key 'silver_palace' equals the unique in-catalog Copyright root 'silver_palace'; candidate_authority=EXACT_QUALIFIER_EQUALS_COPYRIGHT_TAG.,VALIDATED,GLOBAL_EXACT_COPYRIGHT_SECOND_REVIEW_V1.csv; second-review=GLOBAL_EXACT_COPYRIGHT_SECOND_REVIEW_V1.csv; key=silver_palace; candidate_root_hint=silver_palace; state=PASS,SAFE_TO_MIGRATE
Family,simoun,FAMILY_HOME,simoun,EXACT_COPYRIGHT_REVIEWED,REVIEWED_QUALIFIER_COPYRIGHT,,Second-reviewed Issue #180 exact qualifier review: family key 'simoun' equals the unique in-catalog Copyright root 'simoun'; candidate_authority=EXACT_QUALIFIER_EQUALS_COPYRIGHT_TAG.,VALIDATED,GLOBAL_EXACT_COPYRIGHT_SECOND_REVIEW_V1.csv; second-review=GLOBAL_EXACT_COPYRIGHT_SECOND_REVIEW_V1.csv; key=simoun; candidate_root_hint=simoun; state=PASS,SAFE_TO_MIGRATE
Family,sinoalice,FAMILY_HOME,sinoalice,EXACT_COPYRIGHT_REVIEWED,REVIEWED_QUALIFIER_COPYRIGHT,,Second-reviewed Issue #180 exact qualifier review: family key 'sinoalice' equals the unique in-catalog Copyright root 'sinoalice'; candidate_authority=EXACT_QUALIFIER_EQUALS_COPYRIGHT_TAG.,VALIDATED,GLOBAL_EXACT_COPYRIGHT_SECOND_REVIEW_V1.csv; second-review=GLOBAL_EXACT_COPYRIGHT_SECOND_REVIEW_V1.csv; key=sinoalice; candidate_root_hint=sinoalice; state=PASS,SAFE_TO_MIGRATE
Family,sister_princess,FAMILY_HOME,sister_princess,EXACT_COPYRIGHT_REVIEWED,REVIEWED_QUALIFIER_COPYRIGHT,,Second-reviewed Issue #180 exact qualifier review: family key 'sister_princess' equals the unique in-catalog Copyright root 'sister_princess'; candidate_authority=EXACT_QUALIFIER_EQUALS_COPYRIGHT_TAG.,VALIDATED,GLOBAL_EXACT_COPYRIGHT_SECOND_REVIEW_V1.csv; second-review=GLOBAL_EXACT_COPYRIGHT_SECOND_REVIEW_V1.csv; key=sister_princess; candidate_root_hint=sister_princess; state=PASS,SAFE_TO_MIGRATE
Family,skullgirls,FAMILY_HOME,skullgirls,FIRST_PARTY_REVIEWED,EXTERNAL_AUTHORITY,https://skullgirls.com/characters/,Official Skullgirls character roster identifies franchise characters.,VALIDATED,P1_P3_AUTHORITY_SECOND_REVIEW_V1.csv; second-review=P1_P3_AUTHORITY_SECOND_REVIEW_V1.csv; key=skullgirls; candidate_root=skullgirls; state=PASS,SAFE_TO_MIGRATE
Family,sky:_children_of_the_light,FAMILY_HOME,sky:_children_of_the_light,EXACT_COPYRIGHT_REVIEWED,REVIEWED_QUALIFIER_COPYRIGHT,,Second-reviewed Issue #180 exact qualifier review: family key 'sky:_children_of_the_light' equals the unique in-catalog Copyright root 'sky:_children_of_the_light'; candidate_authority=EXACT_QUALIFIER_EQUALS_COPYRIGHT_TAG.,VALIDATED,GLOBAL_EXACT_COPYRIGHT_SECOND_REVIEW_V1.csv; second-review=GLOBAL_EXACT_COPYRIGHT_SECOND_REVIEW_V1.csv; key=sky:_children_of_the_light; candidate_root_hint=sky:_children_of_the_light; state=PASS,SAFE_TO_MIGRATE
Family,slay_the_princess,FAMILY_HOME,slay_the_princess,EXACT_COPYRIGHT_REVIEWED,REVIEWED_QUALIFIER_COPYRIGHT,,Second-reviewed Issue #180 exact qualifier review: family key 'slay_the_princess' equals the unique in-catalog Copyright root 'slay_the_princess'; candidate_authority=EXACT_QUALIFIER_EQUALS_COPYRIGHT_TAG.,VALIDATED,GLOBAL_EXACT_COPYRIGHT_SECOND_REVIEW_V1.csv; second-review=GLOBAL_EXACT_COPYRIGHT_SECOND_REVIEW_V1.csv; key=slay_the_princess; candidate_root_hint=slay_the_princess; state=PASS,SAFE_TO_MIGRATE
Family,slay_the_spire,FAMILY_HOME,slay_the_spire,EXACT_COPYRIGHT_REVIEWED,REVIEWED_QUALIFIER_COPYRIGHT,,Second-reviewed Issue #180 exact qualifier review: family key 'slay_the_spire' equals the unique in-catalog Copyright root 'slay_the_spire'; candidate_authority=EXACT_QUALIFIER_EQUALS_COPYRIGHT_TAG.,VALIDATED,GLOBAL_EXACT_COPYRIGHT_SECOND_REVIEW_V1.csv; second-review=GLOBAL_EXACT_COPYRIGHT_SECOND_REVIEW_V1.csv; key=slay_the_spire; candidate_root_hint=slay_the_spire; state=PASS,SAFE_TO_MIGRATE
Family,slow_damage,FAMILY_HOME,slow_damage,EXACT_COPYRIGHT_REVIEWED,REVIEWED_QUALIFIER_COPYRIGHT,,Second-reviewed Issue #180 exact qualifier review: family key 'slow_damage' equals the unique in-catalog Copyright root 'slow_damage'; candidate_authority=EXACT_QUALIFIER_EQUALS_COPYRIGHT_TAG.,VALIDATED,GLOBAL_EXACT_COPYRIGHT_SECOND_REVIEW_V1.csv; second-review=GLOBAL_EXACT_COPYRIGHT_SECOND_REVIEW_V1.csv; key=slow_damage; candidate_root_hint=slow_damage; state=PASS,SAFE_TO_MIGRATE
Family,solo_leveling,FAMILY_HOME,solo_leveling,EXACT_COPYRIGHT_REVIEWED,REVIEWED_QUALIFIER_COPYRIGHT,,Second-reviewed Issue #180 exact qualifier review: family key 'solo_leveling' equals the unique in-catalog Copyright root 'solo_leveling'; candidate_authority=EXACT_QUALIFIER_EQUALS_COPYRIGHT_TAG.,VALIDATED,GLOBAL_EXACT_COPYRIGHT_SECOND_REVIEW_V1.csv; second-review=GLOBAL_EXACT_COPYRIGHT_SECOND_REVIEW_V1.csv; key=solo_leveling; candidate_root_hint=solo_leveling; state=PASS,SAFE_TO_MIGRATE
Family,sora_no_method,FAMILY_HOME,sora_no_method,EXACT_COPYRIGHT_REVIEWED,REVIEWED_QUALIFIER_COPYRIGHT,,Second-reviewed Issue #180 exact qualifier review: family key 'sora_no_method' equals the unique in-catalog Copyright root 'sora_no_method'; candidate_authority=EXACT_QUALIFIER_EQUALS_COPYRIGHT_TAG.,VALIDATED,GLOBAL_EXACT_COPYRIGHT_SECOND_REVIEW_V1.csv; second-review=GLOBAL_EXACT_COPYRIGHT_SECOND_REVIEW_V1.csv; key=sora_no_method; candidate_root_hint=sora_no_method; state=PASS,SAFE_TO_MIGRATE
Family,sora_no_otoshimono,FAMILY_HOME,sora_no_otoshimono,EXACT_COPYRIGHT_REVIEWED,REVIEWED_QUALIFIER_COPYRIGHT,,Second-reviewed Issue #180 exact qualifier review: family key 'sora_no_otoshimono' equals the unique in-catalog Copyright root 'sora_no_otoshimono'; candidate_authority=EXACT_QUALIFIER_EQUALS_COPYRIGHT_TAG.,VALIDATED,GLOBAL_EXACT_COPYRIGHT_SECOND_REVIEW_V1.csv; second-review=GLOBAL_EXACT_COPYRIGHT_SECOND_REVIEW_V1.csv; key=sora_no_otoshimono; candidate_root_hint=sora_no_otoshimono; state=PASS,SAFE_TO_MIGRATE
Family,soukou_akki_muramasa,FAMILY_HOME,soukou_akki_muramasa,EXACT_COPYRIGHT_REVIEWED,REVIEWED_QUALIFIER_COPYRIGHT,,Second-reviewed Issue #180 exact qualifier review: family key 'soukou_akki_muramasa' equals the unique in-catalog Copyright root 'soukou_akki_muramasa'; candidate_authority=EXACT_QUALIFIER_EQUALS_COPYRIGHT_TAG.,VALIDATED,GLOBAL_EXACT_COPYRIGHT_SECOND_REVIEW_V1.csv; second-review=GLOBAL_EXACT_COPYRIGHT_SECOND_REVIEW_V1.csv; key=soukou_akki_muramasa; candidate_root_hint=soukou_akki_muramasa; state=PASS,SAFE_TO_MIGRATE
Family,soul_eater,FAMILY_HOME,soul_eater,EXACT_COPYRIGHT_REVIEWED,REVIEWED_QUALIFIER_COPYRIGHT,,Second-reviewed Issue #180 exact qualifier review: family key 'soul_eater' equals the unique in-catalog Copyright root 'soul_eater'; candidate_authority=EXACT_QUALIFIER_EQUALS_COPYRIGHT_TAG.,VALIDATED,GLOBAL_EXACT_COPYRIGHT_SECOND_REVIEW_V1.csv; second-review=GLOBAL_EXACT_COPYRIGHT_SECOND_REVIEW_V1.csv; key=soul_eater; candidate_root_hint=soul_eater; state=PASS,SAFE_TO_MIGRATE
Family,soul_hackers_2,FAMILY_HOME,soul_hackers_2,EXACT_COPYRIGHT_REVIEWED,REVIEWED_QUALIFIER_COPYRIGHT,,Second-reviewed Issue #180 exact qualifier review: family key 'soul_hackers_2' equals the unique in-catalog Copyright root 'soul_hackers_2'; candidate_authority=EXACT_QUALIFIER_EQUALS_COPYRIGHT_TAG.,VALIDATED,GLOBAL_EXACT_COPYRIGHT_SECOND_REVIEW_V1.csv; second-review=GLOBAL_EXACT_COPYRIGHT_SECOND_REVIEW_V1.csv; key=soul_hackers_2; candidate_root_hint=soul_hackers_2; state=PASS,SAFE_TO_MIGRATE
Family,soulcalibur,FAMILY_HOME,soulcalibur,EXACT_COPYRIGHT_REVIEWED,REVIEWED_QUALIFIER_COPYRIGHT,,Second-reviewed Issue #180 exact qualifier review: family key 'soulcalibur' equals the unique in-catalog Copyright root 'soulcalibur'; candidate_authority=EXACT_QUALIFIER_EQUALS_COPYRIGHT_TAG.,VALIDATED,GLOBAL_EXACT_COPYRIGHT_SECOND_REVIEW_V1.csv; second-review=GLOBAL_EXACT_COPYRIGHT_SECOND_REVIEW_V1.csv; key=soulcalibur; candidate_root_hint=soulcalibur; state=PASS,SAFE_TO_MIGRATE
Family,sound_horizon,FAMILY_HOME,sound_horizon,EXACT_COPYRIGHT_REVIEWED,REVIEWED_QUALIFIER_COPYRIGHT,,Second-reviewed Issue #180 exact qualifier review: family key 'sound_horizon' equals the unique in-catalog Copyright root 'sound_horizon'; candidate_authority=EXACT_QUALIFIER_EQUALS_COPYRIGHT_TAG.,VALIDATED,GLOBAL_EXACT_COPYRIGHT_SECOND_REVIEW_V1.csv; second-review=GLOBAL_EXACT_COPYRIGHT_SECOND_REVIEW_V1.csv; key=sound_horizon; candidate_root_hint=sound_horizon; state=PASS,SAFE_TO_MIGRATE
Family,sound_voltex,FAMILY_HOME,sound_voltex,EXACT_COPYRIGHT_REVIEWED,REVIEWED_QUALIFIER_COPYRIGHT,,Second-reviewed Issue #180 exact qualifier review: family key 'sound_voltex' equals the unique in-catalog Copyright root 'sound_voltex'; candidate_authority=EXACT_QUALIFIER_EQUALS_COPYRIGHT_TAG.,VALIDATED,GLOBAL_EXACT_COPYRIGHT_SECOND_REVIEW_V1.csv; second-review=GLOBAL_EXACT_COPYRIGHT_SECOND_REVIEW_V1.csv; key=sound_voltex; candidate_root_hint=sound_voltex; state=PASS,SAFE_TO_MIGRATE
Family,sousou_no_frieren,FAMILY_HOME,sousou_no_frieren,FIRST_PARTY_REVIEWED,EXTERNAL_AUTHORITY,https://frieren-anime.jp/character/,Official Frieren anime character page identifies the cast.,VALIDATED,P1_P3_AUTHORITY_SECOND_REVIEW_V1.csv; second-review=P1_P3_AUTHORITY_SECOND_REVIEW_V1.csv; key=sousou_no_frieren; candidate_root=sousou_no_frieren; state=PASS,SAFE_TO_MIGRATE
Family,space_adventure_cobra,FAMILY_HOME,space_adventure_cobra,EXACT_COPYRIGHT_REVIEWED,REVIEWED_QUALIFIER_COPYRIGHT,,Second-reviewed Issue #180 exact qualifier review: family key 'space_adventure_cobra' equals the unique in-catalog Copyright root 'space_adventure_cobra'; candidate_authority=EXACT_QUALIFIER_EQUALS_COPYRIGHT_TAG.,VALIDATED,GLOBAL_EXACT_COPYRIGHT_SECOND_REVIEW_V1.csv; second-review=GLOBAL_EXACT_COPYRIGHT_SECOND_REVIEW_V1.csv; key=space_adventure_cobra; candidate_root_hint=space_adventure_cobra; state=PASS,SAFE_TO_MIGRATE
Family,space_dandy,FAMILY_HOME,space_dandy,EXACT_COPYRIGHT_REVIEWED,REVIEWED_QUALIFIER_COPYRIGHT,,Second-reviewed Issue #180 exact qualifier review: family key 'space_dandy' equals the unique in-catalog Copyright root 'space_dandy'; candidate_authority=EXACT_QUALIFIER_EQUALS_COPYRIGHT_TAG.,VALIDATED,GLOBAL_EXACT_COPYRIGHT_SECOND_REVIEW_V1.csv; second-review=GLOBAL_EXACT_COPYRIGHT_SECOND_REVIEW_V1.csv; key=space_dandy; candidate_root_hint=space_dandy; state=PASS,SAFE_TO_MIGRATE
Family,space_maria,FAMILY_HOME,space_maria,EXACT_COPYRIGHT_REVIEWED,REVIEWED_QUALIFIER_COPYRIGHT,,Second-reviewed Issue #180 exact qualifier review: family key 'space_maria' equals the unique in-catalog Copyright root 'space_maria'; candidate_authority=EXACT_QUALIFIER_EQUALS_COPYRIGHT_TAG.,VALIDATED,GLOBAL_EXACT_COPYRIGHT_SECOND_REVIEW_V1.csv; second-review=GLOBAL_EXACT_COPYRIGHT_SECOND_REVIEW_V1.csv; key=space_maria; candidate_root_hint=space_maria; state=PASS,SAFE_TO_MIGRATE
Family,spice_and_wolf,FAMILY_HOME,spice_and_wolf,EXACT_COPYRIGHT_REVIEWED,REVIEWED_QUALIFIER_COPYRIGHT,,Second-reviewed Issue #180 exact qualifier review: family key 'spice_and_wolf' equals the unique in-catalog Copyright root 'spice_and_wolf'; candidate_authority=EXACT_QUALIFIER_EQUALS_COPYRIGHT_TAG.,VALIDATED,GLOBAL_EXACT_COPYRIGHT_SECOND_REVIEW_V1.csv; second-review=GLOBAL_EXACT_COPYRIGHT_SECOND_REVIEW_V1.csv; key=spice_and_wolf; candidate_root_hint=spice_and_wolf; state=PASS,SAFE_TO_MIGRATE
Family,splatoon_3,FAMILY_HOME,splatoon_(series),POLICY_ROOT_NORMALIZATION,ROOT_POLICY_NORMALIZATION,,Exact Issue #180 policy mapping root_policy_normalization['splatoon_3']='splatoon_(series)'; no prefix or approximate matching used.,VALIDATED,docs/issue180/autonomous/AUTONOMOUS_POLICY_V2.json#root_policy_normalization:splatoon_3,SAFE_TO_MIGRATE
Family,splatoon_raiders,FAMILY_HOME,splatoon_(series),POLICY_ROOT_NORMALIZATION,ROOT_POLICY_NORMALIZATION,,Exact Issue #180 policy mapping root_policy_normalization['splatoon_raiders']='splatoon_(series)'; no prefix or approximate matching used.,VALIDATED,docs/issue180/autonomous/AUTONOMOUS_POLICY_V2.json#root_policy_normalization:splatoon_raiders,SAFE_TO_MIGRATE
Family,spy_kyoushitsu,FAMILY_HOME,spy_kyoushitsu,EXACT_COPYRIGHT_REVIEWED,REVIEWED_QUALIFIER_COPYRIGHT,,Second-reviewed Issue #180 exact qualifier review: family key 'spy_kyoushitsu' equals the unique in-catalog Copyright root 'spy_kyoushitsu'; candidate_authority=EXACT_QUALIFIER_EQUALS_COPYRIGHT_TAG.,VALIDATED,GLOBAL_EXACT_COPYRIGHT_SECOND_REVIEW_V1.csv; second-review=GLOBAL_EXACT_COPYRIGHT_SECOND_REVIEW_V1.csv; key=spy_kyoushitsu; candidate_root_hint=spy_kyoushitsu; state=PASS,SAFE_TO_MIGRATE
Family,spy_x_family,FAMILY_HOME,spy_x_family,EXACT_COPYRIGHT_REVIEWED,REVIEWED_QUALIFIER_COPYRIGHT,,Second-reviewed Issue #180 exact qualifier review: family key 'spy_x_family' equals the unique in-catalog Copyright root 'spy_x_family'; candidate_authority=EXACT_QUALIFIER_EQUALS_COPYRIGHT_TAG.,VALIDATED,GLOBAL_EXACT_COPYRIGHT_SECOND_REVIEW_V1.csv; second-review=GLOBAL_EXACT_COPYRIGHT_SECOND_REVIEW_V1.csv; key=spy_x_family; candidate_root_hint=spy_x_family; state=PASS,SAFE_TO_MIGRATE
Family,squid_game,FAMILY_HOME,squid_game,EXACT_COPYRIGHT_REVIEWED,REVIEWED_QUALIFIER_COPYRIGHT,,Second-reviewed Issue #180 exact qualifier review: family key 'squid_game' equals the unique in-catalog Copyright root 'squid_game'; candidate_authority=EXACT_QUALIFIER_EQUALS_COPYRIGHT_TAG.,VALIDATED,GLOBAL_EXACT_COPYRIGHT_SECOND_REVIEW_V1.csv; second-review=GLOBAL_EXACT_COPYRIGHT_SECOND_REVIEW_V1.csv; key=squid_game; candidate_root_hint=squid_game; state=PASS,SAFE_TO_MIGRATE
Family,ssss.gridman,FAMILY_HOME,ssss.gridman,EXACT_COPYRIGHT_REVIEWED,REVIEWED_QUALIFIER_COPYRIGHT,,Second-reviewed Issue #180 exact qualifier review: family key 'ssss.gridman' equals the unique in-catalog Copyright root 'ssss.gridman'; candidate_authority=EXACT_QUALIFIER_EQUALS_COPYRIGHT_TAG.,VALIDATED,GLOBAL_EXACT_COPYRIGHT_SECOND_REVIEW_V1.csv; second-review=GLOBAL_EXACT_COPYRIGHT_SECOND_REVIEW_V1.csv; key=ssss.gridman; candidate_root_hint=ssss.gridman; state=PASS,SAFE_TO_MIGRATE
Family,star_ocean,FAMILY_HOME,star_ocean,EXACT_COPYRIGHT_REVIEWED,REVIEWED_QUALIFIER_COPYRIGHT,,Second-reviewed Issue #180 exact qualifier review: family key 'star_ocean' equals the unique in-catalog Copyright root 'star_ocean'; candidate_authority=EXACT_QUALIFIER_EQUALS_COPYRIGHT_TAG.,VALIDATED,GLOBAL_EXACT_COPYRIGHT_SECOND_REVIEW_V1.csv; second-review=GLOBAL_EXACT_COPYRIGHT_SECOND_REVIEW_V1.csv; key=star_ocean; candidate_root_hint=star_ocean; state=PASS,SAFE_TO_MIGRATE
Family,star_wars,FAMILY_HOME,star_wars,EXACT_COPYRIGHT_REVIEWED,REVIEWED_QUALIFIER_COPYRIGHT,,Second-reviewed Issue #180 exact qualifier review: family key 'star_wars' equals the unique in-catalog Copyright root 'star_wars'; candidate_authority=EXACT_QUALIFIER_EQUALS_COPYRIGHT_TAG.,VALIDATED,GLOBAL_EXACT_COPYRIGHT_SECOND_REVIEW_V1.csv; second-review=GLOBAL_EXACT_COPYRIGHT_SECOND_REVIEW_V1.csv; key=star_wars; candidate_root_hint=star_wars; state=PASS,SAFE_TO_MIGRATE
Family,starcraft,FAMILY_HOME,starcraft,EXACT_COPYRIGHT_REVIEWED,REVIEWED_QUALIFIER_COPYRIGHT,,Second-reviewed Issue #180 exact qualifier review: family key 'starcraft' equals the unique in-catalog Copyright root 'starcraft'; candidate_authority=EXACT_QUALIFIER_EQUALS_COPYRIGHT_TAG.,VALIDATED,GLOBAL_EXACT_COPYRIGHT_SECOND_REVIEW_V1.csv; second-review=GLOBAL_EXACT_COPYRIGHT_SECOND_REVIEW_V1.csv; key=starcraft; candidate_root_hint=starcraft; state=PASS,SAFE_TO_MIGRATE
Family,stardew_valley,FAMILY_HOME,stardew_valley,EXACT_COPYRIGHT_REVIEWED,REVIEWED_QUALIFIER_COPYRIGHT,,Second-reviewed Issue #180 exact qualifier review: family key 'stardew_valley' equals the unique in-catalog Copyright root 'stardew_valley'; candidate_authority=EXACT_QUALIFIER_EQUALS_COPYRIGHT_TAG.,VALIDATED,GLOBAL_EXACT_COPYRIGHT_SECOND_REVIEW_V1.csv; second-review=GLOBAL_EXACT_COPYRIGHT_SECOND_REVIEW_V1.csv; key=stardew_valley; candidate_root_hint=stardew_valley; state=PASS,SAFE_TO_MIGRATE
Family,starward,FAMILY_HOME,starward,EXACT_COPYRIGHT_REVIEWED,REVIEWED_QUALIFIER_COPYRIGHT,,Second-reviewed Issue #180 exact qualifier review: family key 'starward' equals the unique in-catalog Copyright root 'starward'; candidate_authority=EXACT_QUALIFIER_EQUALS_COPYRIGHT_TAG.,VALIDATED,GLOBAL_EXACT_COPYRIGHT_SECOND_REVIEW_V1.csv; second-review=GLOBAL_EXACT_COPYRIGHT_SECOND_REVIEW_V1.csv; key=starward; candidate_root_hint=starward; state=PASS,SAFE_TO_MIGRATE
Family,steins;gate,FAMILY_HOME,steins;gate,EXACT_COPYRIGHT_REVIEWED,REVIEWED_QUALIFIER_COPYRIGHT,,Second-reviewed Issue #180 exact qualifier review: family key 'steins;gate' equals the unique in-catalog Copyright root 'steins;gate'; candidate_authority=EXACT_QUALIFIER_EQUALS_COPYRIGHT_TAG.,VALIDATED,GLOBAL_EXACT_COPYRIGHT_SECOND_REVIEW_V1.csv; second-review=GLOBAL_EXACT_COPYRIGHT_SECOND_REVIEW_V1.csv; key=steins;gate; candidate_root_hint=steins;gate; state=PASS,SAFE_TO_MIGRATE
Family,stella_glow,FAMILY_HOME,stella_glow,EXACT_COPYRIGHT_REVIEWED,REVIEWED_QUALIFIER_COPYRIGHT,,Second-reviewed Issue #180 exact qualifier review: family key 'stella_glow' equals the unique in-catalog Copyright root 'stella_glow'; candidate_authority=EXACT_QUALIFIER_EQUALS_COPYRIGHT_TAG.,VALIDATED,GLOBAL_EXACT_COPYRIGHT_SECOND_REVIEW_V1.csv; second-review=GLOBAL_EXACT_COPYRIGHT_SECOND_REVIEW_V1.csv; key=stella_glow; candidate_root_hint=stella_glow; state=PASS,SAFE_TO_MIGRATE
Family,stella_sora,FAMILY_HOME,stella_sora,FIRST_PARTY_REVIEWED,EXTERNAL_AUTHORITY,https://stellasora.global/,Official Stella Sora site exposes its character roster.,VALIDATED,P1_P3_AUTHORITY_SECOND_REVIEW_V1.csv; second-review=P1_P3_AUTHORITY_SECOND_REVIEW_V1.csv; key=stella_sora; candidate_root=stella_sora; state=PASS,SAFE_TO_MIGRATE
Family,stellar_blade,FAMILY_HOME,stellar_blade,EXACT_COPYRIGHT_REVIEWED,REVIEWED_QUALIFIER_COPYRIGHT,,Second-reviewed Issue #180 exact qualifier review: family key 'stellar_blade' equals the unique in-catalog Copyright root 'stellar_blade'; candidate_authority=EXACT_QUALIFIER_EQUALS_COPYRIGHT_TAG.,VALIDATED,GLOBAL_EXACT_COPYRIGHT_SECOND_REVIEW_V1.csv; second-review=GLOBAL_EXACT_COPYRIGHT_SECOND_REVIEW_V1.csv; key=stellar_blade; candidate_root_hint=stellar_blade; state=PASS,SAFE_TO_MIGRATE
Family,steven_universe,FAMILY_HOME,steven_universe,EXACT_COPYRIGHT_REVIEWED,REVIEWED_QUALIFIER_COPYRIGHT,,Second-reviewed Issue #180 exact qualifier review: family key 'steven_universe' equals the unique in-catalog Copyright root 'steven_universe'; candidate_authority=EXACT_QUALIFIER_EQUALS_COPYRIGHT_TAG.,VALIDATED,GLOBAL_EXACT_COPYRIGHT_SECOND_REVIEW_V1.csv; second-review=GLOBAL_EXACT_COPYRIGHT_SECOND_REVIEW_V1.csv; key=steven_universe; candidate_root_hint=steven_universe; state=PASS,SAFE_TO_MIGRATE
Family,street_fighter,FAMILY_HOME,street_fighter,FIRST_PARTY_REVIEWED,EXTERNAL_AUTHORITY,https://www.streetfighter.com/6/ja-jp/character,Capcom official Street Fighter 6 character page identifies franchise characters.,VALIDATED,P1_P3_AUTHORITY_SECOND_REVIEW_V1.csv; second-review=P1_P3_AUTHORITY_SECOND_REVIEW_V1.csv; key=street_fighter; candidate_root=street_fighter; state=PASS,SAFE_TO_MIGRATE
Family,street_fighter_6,FAMILY_HOME,street_fighter_6,EXACT_COPYRIGHT_REVIEWED,REVIEWED_QUALIFIER_COPYRIGHT,,Second-reviewed Issue #180 exact qualifier review: family key 'street_fighter_6' equals the unique in-catalog Copyright root 'street_fighter_6'; candidate_authority=EXACT_QUALIFIER_EQUALS_COPYRIGHT_TAG.,VALIDATED,GLOBAL_EXACT_COPYRIGHT_SECOND_REVIEW_V1.csv; second-review=GLOBAL_EXACT_COPYRIGHT_SECOND_REVIEW_V1.csv; key=street_fighter_6; candidate_root_hint=street_fighter_6; state=PASS,SAFE_TO_MIGRATE
Family,strinova,FAMILY_HOME,strinova,EXACT_COPYRIGHT_REVIEWED,REVIEWED_QUALIFIER_COPYRIGHT,,Second-reviewed Issue #180 exact qualifier review: family key 'strinova' equals the unique in-catalog Copyright root 'strinova'; candidate_authority=EXACT_QUALIFIER_EQUALS_COPYRIGHT_TAG.,VALIDATED,GLOBAL_EXACT_COPYRIGHT_SECOND_REVIEW_V1.csv; second-review=GLOBAL_EXACT_COPYRIGHT_SECOND_REVIEW_V1.csv; key=strinova; candidate_root_hint=strinova; state=PASS,SAFE_TO_MIGRATE
Family,subarashiki_hibi,FAMILY_HOME,subarashiki_hibi,EXACT_COPYRIGHT_REVIEWED,REVIEWED_QUALIFIER_COPYRIGHT,,Second-reviewed Issue #180 exact qualifier review: family key 'subarashiki_hibi' equals the unique in-catalog Copyright root 'subarashiki_hibi'; candidate_authority=EXACT_QUALIFIER_EQUALS_COPYRIGHT_TAG.,VALIDATED,GLOBAL_EXACT_COPYRIGHT_SECOND_REVIEW_V1.csv; second-review=GLOBAL_EXACT_COPYRIGHT_SECOND_REVIEW_V1.csv; key=subarashiki_hibi; candidate_root_hint=subarashiki_hibi; state=PASS,SAFE_TO_MIGRATE
Family,suisei_no_gargantia,FAMILY_HOME,suisei_no_gargantia,EXACT_COPYRIGHT_REVIEWED,REVIEWED_QUALIFIER_COPYRIGHT,,Second-reviewed Issue #180 exact qualifier review: family key 'suisei_no_gargantia' equals the unique in-catalog Copyright root 'suisei_no_gargantia'; candidate_authority=EXACT_QUALIFIER_EQUALS_COPYRIGHT_TAG.,VALIDATED,GLOBAL_EXACT_COPYRIGHT_SECOND_REVIEW_V1.csv; second-review=GLOBAL_EXACT_COPYRIGHT_SECOND_REVIEW_V1.csv; key=suisei_no_gargantia; candidate_root_hint=suisei_no_gargantia; state=PASS,SAFE_TO_MIGRATE
Family,sumaga,FAMILY_HOME,sumaga,EXACT_COPYRIGHT_REVIEWED,REVIEWED_QUALIFIER_COPYRIGHT,,Second-reviewed Issue #180 exact qualifier review: family key 'sumaga' equals the unique in-catalog Copyright root 'sumaga'; candidate_authority=EXACT_QUALIFIER_EQUALS_COPYRIGHT_TAG.,VALIDATED,GLOBAL_EXACT_COPYRIGHT_SECOND_REVIEW_V1.csv; second-review=GLOBAL_EXACT_COPYRIGHT_SECOND_REVIEW_V1.csv; key=sumaga; candidate_root_hint=sumaga; state=PASS,SAFE_TO_MIGRATE
Family,summer_memories,FAMILY_HOME,summer_memories,EXACT_COPYRIGHT_REVIEWED,REVIEWED_QUALIFIER_COPYRIGHT,,Second-reviewed Issue #180 exact qualifier review: family key 'summer_memories' equals the unique in-catalog Copyright root 'summer_memories'; candidate_authority=EXACT_QUALIFIER_EQUALS_COPYRIGHT_TAG.,VALIDATED,GLOBAL_EXACT_COPYRIGHT_SECOND_REVIEW_V1.csv; second-review=GLOBAL_EXACT_COPYRIGHT_SECOND_REVIEW_V1.csv; key=summer_memories; candidate_root_hint=summer_memories; state=PASS,SAFE_TO_MIGRATE
Family,summer_pockets,FAMILY_HOME,summer_pockets,EXACT_COPYRIGHT_REVIEWED,REVIEWED_QUALIFIER_COPYRIGHT,,Second-reviewed Issue #180 exact qualifier review: family key 'summer_pockets' equals the unique in-catalog Copyright root 'summer_pockets'; candidate_authority=EXACT_QUALIFIER_EQUALS_COPYRIGHT_TAG.,VALIDATED,GLOBAL_EXACT_COPYRIGHT_SECOND_REVIEW_V1.csv; second-review=GLOBAL_EXACT_COPYRIGHT_SECOND_REVIEW_V1.csv; key=summer_pockets; candidate_root_hint=summer_pockets; state=PASS,SAFE_TO_MIGRATE
Family,summon_night,FAMILY_HOME,summon_night,EXACT_COPYRIGHT_REVIEWED,REVIEWED_QUALIFIER_COPYRIGHT,,Second-reviewed Issue #180 exact qualifier review: family key 'summon_night' equals the unique in-catalog Copyright root 'summon_night'; candidate_authority=EXACT_QUALIFIER_EQUALS_COPYRIGHT_TAG.,VALIDATED,GLOBAL_EXACT_COPYRIGHT_SECOND_REVIEW_V1.csv; second-review=GLOBAL_EXACT_COPYRIGHT_SECOND_REVIEW_V1.csv; key=summon_night; candidate_root_hint=summon_night; state=PASS,SAFE_TO_MIGRATE
Family,super_cub,FAMILY_HOME,super_cub,EXACT_COPYRIGHT_REVIEWED,REVIEWED_QUALIFIER_COPYRIGHT,,Second-reviewed Issue #180 exact qualifier review: family key 'super_cub' equals the unique in-catalog Copyright root 'super_cub'; candidate_authority=EXACT_QUALIFIER_EQUALS_COPYRIGHT_TAG.,VALIDATED,GLOBAL_EXACT_COPYRIGHT_SECOND_REVIEW_V1.csv; second-review=GLOBAL_EXACT_COPYRIGHT_SECOND_REVIEW_V1.csv; key=super_cub; candidate_root_hint=super_cub; state=PASS,SAFE_TO_MIGRATE
Family,super_danganronpa_another_2,FAMILY_HOME,super_danganronpa_another_2,EXACT_COPYRIGHT_REVIEWED,REVIEWED_QUALIFIER_COPYRIGHT,,Second-reviewed Issue #180 exact qualifier review: family key 'super_danganronpa_another_2' equals the unique in-catalog Copyright root 'super_danganronpa_another_2'; candidate_authority=EXACT_QUALIFIER_EQUALS_COPYRIGHT_TAG.,VALIDATED,GLOBAL_EXACT_COPYRIGHT_SECOND_REVIEW_V1.csv; second-review=GLOBAL_EXACT_COPYRIGHT_SECOND_REVIEW_V1.csv; key=super_danganronpa_another_2; candidate_root_hint=super_danganronpa_another_2; state=PASS,SAFE_TO_MIGRATE
Family,super_no_ura_de_yani_suu_futari,FAMILY_HOME,super_no_ura_de_yani_suu_futari,EXACT_COPYRIGHT_REVIEWED,REVIEWED_QUALIFIER_COPYRIGHT,,Second-reviewed Issue #180 exact qualifier review: family key 'super_no_ura_de_yani_suu_futari' equals the unique in-catalog Copyright root 'super_no_ura_de_yani_suu_futari'; candidate_authority=EXACT_QUALIFIER_EQUALS_COPYRIGHT_TAG.,VALIDATED,GLOBAL_EXACT_COPYRIGHT_SECOND_REVIEW_V1.csv; second-review=GLOBAL_EXACT_COPYRIGHT_SECOND_REVIEW_V1.csv; key=super_no_ura_de_yani_suu_futari; candidate_root_hint=super_no_ura_de_yani_suu_futari; state=PASS,SAFE_TO_MIGRATE
Family,super_real_mahjong,FAMILY_HOME,super_real_mahjong,EXACT_COPYRIGHT_REVIEWED,REVIEWED_QUALIFIER_COPYRIGHT,,Second-reviewed Issue #180 exact qualifier review: family key 'super_real_mahjong' equals the unique in-catalog Copyright root 'super_real_mahjong'; candidate_authority=EXACT_QUALIFIER_EQUALS_COPYRIGHT_TAG.,VALIDATED,GLOBAL_EXACT_COPYRIGHT_SECOND_REVIEW_V1.csv; second-review=GLOBAL_EXACT_COPYRIGHT_SECOND_REVIEW_V1.csv; key=super_real_mahjong; candidate_root_hint=super_real_mahjong; state=PASS,SAFE_TO_MIGRATE
Family,susanghan_messenger,FAMILY_HOME,susanghan_messenger,EXACT_COPYRIGHT_REVIEWED,REVIEWED_QUALIFIER_COPYRIGHT,,Second-reviewed Issue #180 exact qualifier review: family key 'susanghan_messenger' equals the unique in-catalog Copyright root 'susanghan_messenger'; candidate_authority=EXACT_QUALIFIER_EQUALS_COPYRIGHT_TAG.,VALIDATED,GLOBAL_EXACT_COPYRIGHT_SECOND_REVIEW_V1.csv; second-review=GLOBAL_EXACT_COPYRIGHT_SECOND_REVIEW_V1.csv; key=susanghan_messenger; candidate_root_hint=susanghan_messenger; state=PASS,SAFE_TO_MIGRATE
Family,swan_lake,FAMILY_HOME,swan_lake,EXACT_COPYRIGHT_REVIEWED,REVIEWED_QUALIFIER_COPYRIGHT,,Second-reviewed Issue #180 exact qualifier review: family key 'swan_lake' equals the unique in-catalog Copyright root 'swan_lake'; candidate_authority=EXACT_QUALIFIER_EQUALS_COPYRIGHT_TAG.,VALIDATED,GLOBAL_EXACT_COPYRIGHT_SECOND_REVIEW_V1.csv; second-review=GLOBAL_EXACT_COPYRIGHT_SECOND_REVIEW_V1.csv; key=swan_lake; candidate_root_hint=swan_lake; state=PASS,SAFE_TO_MIGRATE
Family,swapnote,FAMILY_HOME,swapnote,EXACT_COPYRIGHT_REVIEWED,REVIEWED_QUALIFIER_COPYRIGHT,,Second-reviewed Issue #180 exact qualifier review: family key 'swapnote' equals the unique in-catalog Copyright root 'swapnote'; candidate_authority=EXACT_QUALIFIER_EQUALS_COPYRIGHT_TAG.,VALIDATED,GLOBAL_EXACT_COPYRIGHT_SECOND_REVIEW_V1.csv; second-review=GLOBAL_EXACT_COPYRIGHT_SECOND_REVIEW_V1.csv; key=swapnote; candidate_root_hint=swapnote; state=PASS,SAFE_TO_MIGRATE
Family,sweethex,FAMILY_HOME,sweethex,EXACT_COPYRIGHT_REVIEWED,REVIEWED_QUALIFIER_COPYRIGHT,,Second-reviewed Issue #180 exact qualifier review: family key 'sweethex' equals the unique in-catalog Copyright root 'sweethex'; candidate_authority=EXACT_QUALIFIER_EQUALS_COPYRIGHT_TAG.,VALIDATED,GLOBAL_EXACT_COPYRIGHT_SECOND_REVIEW_V1.csv; second-review=GLOBAL_EXACT_COPYRIGHT_SECOND_REVIEW_V1.csv; key=sweethex; candidate_root_hint=sweethex; state=PASS,SAFE_TO_MIGRATE
Family,swing!!,FAMILY_HOME,swing!!,EXACT_COPYRIGHT_REVIEWED,REVIEWED_QUALIFIER_COPYRIGHT,,Second-reviewed Issue #180 exact qualifier review: family key 'swing!!' equals the unique in-catalog Copyright root 'swing!!'; candidate_authority=EXACT_QUALIFIER_EQUALS_COPYRIGHT_TAG.,VALIDATED,GLOBAL_EXACT_COPYRIGHT_SECOND_REVIEW_V1.csv; second-review=GLOBAL_EXACT_COPYRIGHT_SECOND_REVIEW_V1.csv; key=swing!!; candidate_root_hint=swing!!; state=PASS,SAFE_TO_MIGRATE
Family,sword_girls,FAMILY_HOME,sword_girls,EXACT_COPYRIGHT_REVIEWED,REVIEWED_QUALIFIER_COPYRIGHT,,Second-reviewed Issue #180 exact qualifier review: family key 'sword_girls' equals the unique in-catalog Copyright root 'sword_girls'; candidate_authority=EXACT_QUALIFIER_EQUALS_COPYRIGHT_TAG.,VALIDATED,GLOBAL_EXACT_COPYRIGHT_SECOND_REVIEW_V1.csv; second-review=GLOBAL_EXACT_COPYRIGHT_SECOND_REVIEW_V1.csv; key=sword_girls; candidate_root_hint=sword_girls; state=PASS,SAFE_TO_MIGRATE
Family,tactics,FAMILY_HOME,tactics,EXACT_COPYRIGHT_REVIEWED,REVIEWED_QUALIFIER_COPYRIGHT,,Second-reviewed Issue #180 exact qualifier review: family key 'tactics' equals the unique in-catalog Copyright root 'tactics'; candidate_authority=EXACT_QUALIFIER_EQUALS_COPYRIGHT_TAG.,VALIDATED,GLOBAL_EXACT_COPYRIGHT_SECOND_REVIEW_V1.csv; second-review=GLOBAL_EXACT_COPYRIGHT_SECOND_REVIEW_V1.csv; key=tactics; candidate_root_hint=tactics; state=PASS,SAFE_TO_MIGRATE
Family,taimanin_asagi,FAMILY_HOME,taimanin_asagi,EXACT_COPYRIGHT_REVIEWED,REVIEWED_QUALIFIER_COPYRIGHT,,Second-reviewed Issue #180 exact qualifier review: family key 'taimanin_asagi' equals the unique in-catalog Copyright root 'taimanin_asagi'; candidate_authority=EXACT_QUALIFIER_EQUALS_COPYRIGHT_TAG.,VALIDATED,GLOBAL_EXACT_COPYRIGHT_SECOND_REVIEW_V1.csv; second-review=GLOBAL_EXACT_COPYRIGHT_SECOND_REVIEW_V1.csv; key=taimanin_asagi; candidate_root_hint=taimanin_asagi; state=PASS,SAFE_TO_MIGRATE
Family,taimanin_murasaki,FAMILY_HOME,taimanin_murasaki,EXACT_COPYRIGHT_REVIEWED,REVIEWED_QUALIFIER_COPYRIGHT,,Second-reviewed Issue #180 exact qualifier review: family key 'taimanin_murasaki' equals the unique in-catalog Copyright root 'taimanin_murasaki'; candidate_authority=EXACT_QUALIFIER_EQUALS_COPYRIGHT_TAG.,VALIDATED,GLOBAL_EXACT_COPYRIGHT_SECOND_REVIEW_V1.csv; second-review=GLOBAL_EXACT_COPYRIGHT_SECOND_REVIEW_V1.csv; key=taimanin_murasaki; candidate_root_hint=taimanin_murasaki; state=PASS,SAFE_TO_MIGRATE
Family,takt_op.,FAMILY_HOME,takt_op.,EXACT_COPYRIGHT_REVIEWED,REVIEWED_QUALIFIER_COPYRIGHT,,Second-reviewed Issue #180 exact qualifier review: family key 'takt_op.' equals the unique in-catalog Copyright root 'takt_op.'; candidate_authority=EXACT_QUALIFIER_EQUALS_COPYRIGHT_TAG.,VALIDATED,GLOBAL_EXACT_COPYRIGHT_SECOND_REVIEW_V1.csv; second-review=GLOBAL_EXACT_COPYRIGHT_SECOND_REVIEW_V1.csv; key=takt_op.; candidate_root_hint=takt_op.; state=PASS,SAFE_TO_MIGRATE
Family,tamacolle,FAMILY_HOME,tamacolle,EXACT_COPYRIGHT_REVIEWED,REVIEWED_QUALIFIER_COPYRIGHT,,Second-reviewed Issue #180 exact qualifier review: family key 'tamacolle' equals the unique in-catalog Copyright root 'tamacolle'; candidate_authority=EXACT_QUALIFIER_EQUALS_COPYRIGHT_TAG.,VALIDATED,GLOBAL_EXACT_COPYRIGHT_SECOND_REVIEW_V1.csv; second-review=GLOBAL_EXACT_COPYRIGHT_SECOND_REVIEW_V1.csv; key=tamacolle; candidate_root_hint=tamacolle; state=PASS,SAFE_TO_MIGRATE
Family,tangled,FAMILY_HOME,tangled,EXACT_COPYRIGHT_REVIEWED,REVIEWED_QUALIFIER_COPYRIGHT,,Second-reviewed Issue #180 exact qualifier review: family key 'tangled' equals the unique in-catalog Copyright root 'tangled'; candidate_authority=EXACT_QUALIFIER_EQUALS_COPYRIGHT_TAG.,VALIDATED,GLOBAL_EXACT_COPYRIGHT_SECOND_REVIEW_V1.csv; second-review=GLOBAL_EXACT_COPYRIGHT_SECOND_REVIEW_V1.csv; key=tangled; candidate_root_hint=tangled; state=PASS,SAFE_TO_MIGRATE
Family,tantei_wa_mou_shindeiru,FAMILY_HOME,tantei_wa_mou_shindeiru,EXACT_COPYRIGHT_REVIEWED,REVIEWED_QUALIFIER_COPYRIGHT,,Second-reviewed Issue #180 exact qualifier review: family key 'tantei_wa_mou_shindeiru' equals the unique in-catalog Copyright root 'tantei_wa_mou_shindeiru'; candidate_authority=EXACT_QUALIFIER_EQUALS_COPYRIGHT_TAG.,VALIDATED,GLOBAL_EXACT_COPYRIGHT_SECOND_REVIEW_V1.csv; second-review=GLOBAL_EXACT_COPYRIGHT_SECOND_REVIEW_V1.csv; key=tantei_wa_mou_shindeiru; candidate_root_hint=tantei_wa_mou_shindeiru; state=PASS,SAFE_TO_MIGRATE
Family,taratabong,FAMILY_HOME,taratabong,EXACT_COPYRIGHT_REVIEWED,REVIEWED_QUALIFIER_COPYRIGHT,,Second-reviewed Issue #180 exact qualifier review: family key 'taratabong' equals the unique in-catalog Copyright root 'taratabong'; candidate_authority=EXACT_QUALIFIER_EQUALS_COPYRIGHT_TAG.,VALIDATED,GLOBAL_EXACT_COPYRIGHT_SECOND_REVIEW_V1.csv; second-review=GLOBAL_EXACT_COPYRIGHT_SECOND_REVIEW_V1.csv; key=taratabong; candidate_root_hint=taratabong; state=PASS,SAFE_TO_MIGRATE
Family,tate_no_yuusha_no_nariagari,FAMILY_HOME,tate_no_yuusha_no_nariagari,EXACT_COPYRIGHT_REVIEWED,REVIEWED_QUALIFIER_COPYRIGHT,,Second-reviewed Issue #180 exact qualifier review: family key 'tate_no_yuusha_no_nariagari' equals the unique in-catalog Copyright root 'tate_no_yuusha_no_nariagari'; candidate_authority=EXACT_QUALIFIER_EQUALS_COPYRIGHT_TAG.,VALIDATED,GLOBAL_EXACT_COPYRIGHT_SECOND_REVIEW_V1.csv; second-review=GLOBAL_EXACT_COPYRIGHT_SECOND_REVIEW_V1.csv; key=tate_no_yuusha_no_nariagari; candidate_root_hint=tate_no_yuusha_no_nariagari; state=PASS,SAFE_TO_MIGRATE
Family,tears_of_themis,FAMILY_HOME,tears_of_themis,EXACT_COPYRIGHT_REVIEWED,REVIEWED_QUALIFIER_COPYRIGHT,,Second-reviewed Issue #180 exact qualifier review: family key 'tears_of_themis' equals the unique in-catalog Copyright root 'tears_of_themis'; candidate_authority=EXACT_QUALIFIER_EQUALS_COPYRIGHT_TAG.,VALIDATED,GLOBAL_EXACT_COPYRIGHT_SECOND_REVIEW_V1.csv; second-review=GLOBAL_EXACT_COPYRIGHT_SECOND_REVIEW_V1.csv; key=tears_of_themis; candidate_root_hint=tears_of_themis; state=PASS,SAFE_TO_MIGRATE
Family,teekyuu,FAMILY_HOME,teekyuu,EXACT_COPYRIGHT_REVIEWED,REVIEWED_QUALIFIER_COPYRIGHT,,Second-reviewed Issue #180 exact qualifier review: family key 'teekyuu' equals the unique in-catalog Copyright root 'teekyuu'; candidate_authority=EXACT_QUALIFIER_EQUALS_COPYRIGHT_TAG.,VALIDATED,GLOBAL_EXACT_COPYRIGHT_SECOND_REVIEW_V1.csv; second-review=GLOBAL_EXACT_COPYRIGHT_SECOND_REVIEW_V1.csv; key=teekyuu; candidate_root_hint=teekyuu; state=PASS,SAFE_TO_MIGRATE
Family,tekken,FAMILY_HOME,tekken,EXACT_COPYRIGHT_REVIEWED,REVIEWED_QUALIFIER_COPYRIGHT,,Second-reviewed Issue #180 exact qualifier review: family key 'tekken' equals the unique in-catalog Copyright root 'tekken'; candidate_authority=EXACT_QUALIFIER_EQUALS_COPYRIGHT_TAG.,VALIDATED,GLOBAL_EXACT_COPYRIGHT_SECOND_REVIEW_V1.csv; second-review=GLOBAL_EXACT_COPYRIGHT_SECOND_REVIEW_V1.csv; key=tekken; candidate_root_hint=tekken; state=PASS,SAFE_TO_MIGRATE
Family,tenchi_muyou!,FAMILY_HOME,tenchi_muyou!,EXACT_COPYRIGHT_REVIEWED,REVIEWED_QUALIFIER_COPYRIGHT,,Second-reviewed Issue #180 exact qualifier review: family key 'tenchi_muyou!' equals the unique in-catalog Copyright root 'tenchi_muyou!'; candidate_authority=EXACT_QUALIFIER_EQUALS_COPYRIGHT_TAG.,VALIDATED,GLOBAL_EXACT_COPYRIGHT_SECOND_REVIEW_V1.csv; second-review=GLOBAL_EXACT_COPYRIGHT_SECOND_REVIEW_V1.csv; key=tenchi_muyou!; candidate_root_hint=tenchi_muyou!; state=PASS,SAFE_TO_MIGRATE
Family,tenchi_souzou,FAMILY_HOME,tenchi_souzou,EXACT_COPYRIGHT_REVIEWED,REVIEWED_QUALIFIER_COPYRIGHT,,Second-reviewed Issue #180 exact qualifier review: family key 'tenchi_souzou' equals the unique in-catalog Copyright root 'tenchi_souzou'; candidate_authority=EXACT_QUALIFIER_EQUALS_COPYRIGHT_TAG.,VALIDATED,GLOBAL_EXACT_COPYRIGHT_SECOND_REVIEW_V1.csv; second-review=GLOBAL_EXACT_COPYRIGHT_SECOND_REVIEW_V1.csv; key=tenchi_souzou; candidate_root_hint=tenchi_souzou; state=PASS,SAFE_TO_MIGRATE
Family,tenchuu,FAMILY_HOME,tenchuu,EXACT_COPYRIGHT_REVIEWED,REVIEWED_QUALIFIER_COPYRIGHT,,Second-reviewed Issue #180 exact qualifier review: family key 'tenchuu' equals the unique in-catalog Copyright root 'tenchuu'; candidate_authority=EXACT_QUALIFIER_EQUALS_COPYRIGHT_TAG.,VALIDATED,GLOBAL_EXACT_COPYRIGHT_SECOND_REVIEW_V1.csv; second-review=GLOBAL_EXACT_COPYRIGHT_SECOND_REVIEW_V1.csv; key=tenchuu; candidate_root_hint=tenchuu; state=PASS,SAFE_TO_MIGRATE
Family,tengoku_daimakyou,FAMILY_HOME,tengoku_daimakyou,EXACT_COPYRIGHT_REVIEWED,REVIEWED_QUALIFIER_COPYRIGHT,,Second-reviewed Issue #180 exact qualifier review: family key 'tengoku_daimakyou' equals the unique in-catalog Copyright root 'tengoku_daimakyou'; candidate_authority=EXACT_QUALIFIER_EQUALS_COPYRIGHT_TAG.,VALIDATED,GLOBAL_EXACT_COPYRIGHT_SECOND_REVIEW_V1.csv; second-review=GLOBAL_EXACT_COPYRIGHT_SECOND_REVIEW_V1.csv; key=tengoku_daimakyou; candidate_root_hint=tengoku_daimakyou; state=PASS,SAFE_TO_MIGRATE
Family,tenka_hyakken,FAMILY_HOME,tenka_hyakken,EXACT_COPYRIGHT_REVIEWED,REVIEWED_QUALIFIER_COPYRIGHT,,Second-reviewed Issue #180 exact qualifier review: family key 'tenka_hyakken' equals the unique in-catalog Copyright root 'tenka_hyakken'; candidate_authority=EXACT_QUALIFIER_EQUALS_COPYRIGHT_TAG.,VALIDATED,GLOBAL_EXACT_COPYRIGHT_SECOND_REVIEW_V1.csv; second-review=GLOBAL_EXACT_COPYRIGHT_SECOND_REVIEW_V1.csv; key=tenka_hyakken; candidate_root_hint=tenka_hyakken; state=PASS,SAFE_TO_MIGRATE
Family,tenki_no_ko,FAMILY_HOME,tenki_no_ko,EXACT_COPYRIGHT_REVIEWED,REVIEWED_QUALIFIER_COPYRIGHT,,Second-reviewed Issue #180 exact qualifier review: family key 'tenki_no_ko' equals the unique in-catalog Copyright root 'tenki_no_ko'; candidate_authority=EXACT_QUALIFIER_EQUALS_COPYRIGHT_TAG.,VALIDATED,GLOBAL_EXACT_COPYRIGHT_SECOND_REVIEW_V1.csv; second-review=GLOBAL_EXACT_COPYRIGHT_SECOND_REVIEW_V1.csv; key=tenki_no_ko; candidate_root_hint=tenki_no_ko; state=PASS,SAFE_TO_MIGRATE
Family,tenmaku_no_jaadugar,FAMILY_HOME,tenmaku_no_jaadugar,EXACT_COPYRIGHT_REVIEWED,REVIEWED_QUALIFIER_COPYRIGHT,,Second-reviewed Issue #180 exact qualifier review: family key 'tenmaku_no_jaadugar' equals the unique in-catalog Copyright root 'tenmaku_no_jaadugar'; candidate_authority=EXACT_QUALIFIER_EQUALS_COPYRIGHT_TAG.,VALIDATED,GLOBAL_EXACT_COPYRIGHT_SECOND_REVIEW_V1.csv; second-review=GLOBAL_EXACT_COPYRIGHT_SECOND_REVIEW_V1.csv; key=tenmaku_no_jaadugar; candidate_root_hint=tenmaku_no_jaadugar; state=PASS,SAFE_TO_MIGRATE
Family,tensei_shitara_ken_deshita,FAMILY_HOME,tensei_shitara_ken_deshita,EXACT_COPYRIGHT_REVIEWED,REVIEWED_QUALIFIER_COPYRIGHT,,Second-reviewed Issue #180 exact qualifier review: family key 'tensei_shitara_ken_deshita' equals the unique in-catalog Copyright root 'tensei_shitara_ken_deshita'; candidate_authority=EXACT_QUALIFIER_EQUALS_COPYRIGHT_TAG.,VALIDATED,GLOBAL_EXACT_COPYRIGHT_SECOND_REVIEW_V1.csv; second-review=GLOBAL_EXACT_COPYRIGHT_SECOND_REVIEW_V1.csv; key=tensei_shitara_ken_deshita; candidate_root_hint=tensei_shitara_ken_deshita; state=PASS,SAFE_TO_MIGRATE
Family,tera_online,FAMILY_HOME,tera_online,EXACT_COPYRIGHT_REVIEWED,REVIEWED_QUALIFIER_COPYRIGHT,,Second-reviewed Issue #180 exact qualifier review: family key 'tera_online' equals the unique in-catalog Copyright root 'tera_online'; candidate_authority=EXACT_QUALIFIER_EQUALS_COPYRIGHT_TAG.,VALIDATED,GLOBAL_EXACT_COPYRIGHT_SECOND_REVIEW_V1.csv; second-review=GLOBAL_EXACT_COPYRIGHT_SECOND_REVIEW_V1.csv; key=tera_online; candidate_root_hint=tera_online; state=PASS,SAFE_TO_MIGRATE
Family,terraria,FAMILY_HOME,terraria,EXACT_COPYRIGHT_REVIEWED,REVIEWED_QUALIFIER_COPYRIGHT,,Second-reviewed Issue #180 exact qualifier review: family key 'terraria' equals the unique in-catalog Copyright root 'terraria'; candidate_authority=EXACT_QUALIFIER_EQUALS_COPYRIGHT_TAG.,VALIDATED,GLOBAL_EXACT_COPYRIGHT_SECOND_REVIEW_V1.csv; second-review=GLOBAL_EXACT_COPYRIGHT_SECOND_REVIEW_V1.csv; key=terraria; candidate_root_hint=terraria; state=PASS,SAFE_TO_MIGRATE
Family,tetsuwan_atom,FAMILY_HOME,tetsuwan_atom,EXACT_COPYRIGHT_REVIEWED,REVIEWED_QUALIFIER_COPYRIGHT,,Second-reviewed Issue #180 exact qualifier review: family key 'tetsuwan_atom' equals the unique in-catalog Copyright root 'tetsuwan_atom'; candidate_authority=EXACT_QUALIFIER_EQUALS_COPYRIGHT_TAG.,VALIDATED,GLOBAL_EXACT_COPYRIGHT_SECOND_REVIEW_V1.csv; second-review=GLOBAL_EXACT_COPYRIGHT_SECOND_REVIEW_V1.csv; key=tetsuwan_atom; candidate_root_hint=tetsuwan_atom; state=PASS,SAFE_TO_MIGRATE
Family,tf2,FAMILY_HOME,team_fortress_2,FIRST_PARTY_REVIEWED,EXTERNAL_AUTHORITY,https://www.teamfortress.com/,Valve official Team Fortress site supports tf2 -> team_fortress_2 normalization.,VALIDATED,P1_P3_AUTHORITY_SECOND_REVIEW_V1.csv; second-review=P1_P3_AUTHORITY_SECOND_REVIEW_V1.csv; key=tf2; candidate_root=team_fortress_2; state=PASS,SAFE_TO_MIGRATE
Family,the_addams_family,FAMILY_HOME,the_addams_family,EXACT_COPYRIGHT_REVIEWED,REVIEWED_QUALIFIER_COPYRIGHT,,Second-reviewed Issue #180 exact qualifier review: family key 'the_addams_family' equals the unique in-catalog Copyright root 'the_addams_family'; candidate_authority=EXACT_QUALIFIER_EQUALS_COPYRIGHT_TAG.,VALIDATED,GLOBAL_EXACT_COPYRIGHT_SECOND_REVIEW_V1.csv; second-review=GLOBAL_EXACT_COPYRIGHT_SECOND_REVIEW_V1.csv; key=the_addams_family; candidate_root_hint=the_addams_family; state=PASS,SAFE_TO_MIGRATE
Family,the_amazing_digital_circus,FAMILY_HOME,the_amazing_digital_circus,EXACT_COPYRIGHT_REVIEWED,REVIEWED_QUALIFIER_COPYRIGHT,,Second-reviewed Issue #180 exact qualifier review: family key 'the_amazing_digital_circus' equals the unique in-catalog Copyright root 'the_amazing_digital_circus'; candidate_authority=EXACT_QUALIFIER_EQUALS_COPYRIGHT_TAG.,VALIDATED,GLOBAL_EXACT_COPYRIGHT_SECOND_REVIEW_V1.csv; second-review=GLOBAL_EXACT_COPYRIGHT_SECOND_REVIEW_V1.csv; key=the_amazing_digital_circus; candidate_root_hint=the_amazing_digital_circus; state=PASS,SAFE_TO_MIGRATE
Family,the_binding_of_isaac,FAMILY_HOME,the_binding_of_isaac,EXACT_COPYRIGHT_REVIEWED,REVIEWED_QUALIFIER_COPYRIGHT,,Second-reviewed Issue #180 exact qualifier review: family key 'the_binding_of_isaac' equals the unique in-catalog Copyright root 'the_binding_of_isaac'; candidate_authority=EXACT_QUALIFIER_EQUALS_COPYRIGHT_TAG.,VALIDATED,GLOBAL_EXACT_COPYRIGHT_SECOND_REVIEW_V1.csv; second-review=GLOBAL_EXACT_COPYRIGHT_SECOND_REVIEW_V1.csv; key=the_binding_of_isaac; candidate_root_hint=the_binding_of_isaac; state=PASS,SAFE_TO_MIGRATE
Family,the_boy_who_fell,FAMILY_HOME,the_boy_who_fell,EXACT_COPYRIGHT_REVIEWED,REVIEWED_QUALIFIER_COPYRIGHT,,Second-reviewed Issue #180 exact qualifier review: family key 'the_boy_who_fell' equals the unique in-catalog Copyright root 'the_boy_who_fell'; candidate_authority=EXACT_QUALIFIER_EQUALS_COPYRIGHT_TAG.,VALIDATED,GLOBAL_EXACT_COPYRIGHT_SECOND_REVIEW_V1.csv; second-review=GLOBAL_EXACT_COPYRIGHT_SECOND_REVIEW_V1.csv; key=the_boy_who_fell; candidate_root_hint=the_boy_who_fell; state=PASS,SAFE_TO_MIGRATE
Family,the_citadel,FAMILY_HOME,the_citadel,EXACT_COPYRIGHT_REVIEWED,REVIEWED_QUALIFIER_COPYRIGHT,,Second-reviewed Issue #180 exact qualifier review: family key 'the_citadel' equals the unique in-catalog Copyright root 'the_citadel'; candidate_authority=EXACT_QUALIFIER_EQUALS_COPYRIGHT_TAG.,VALIDATED,GLOBAL_EXACT_COPYRIGHT_SECOND_REVIEW_V1.csv; second-review=GLOBAL_EXACT_COPYRIGHT_SECOND_REVIEW_V1.csv; key=the_citadel; candidate_root_hint=the_citadel; state=PASS,SAFE_TO_MIGRATE
Family,the_coffin_of_andy_and_leyley,FAMILY_HOME,the_coffin_of_andy_and_leyley,EXACT_COPYRIGHT_REVIEWED,REVIEWED_QUALIFIER_COPYRIGHT,,Second-reviewed Issue #180 exact qualifier review: family key 'the_coffin_of_andy_and_leyley' equals the unique in-catalog Copyright root 'the_coffin_of_andy_and_leyley'; candidate_authority=EXACT_QUALIFIER_EQUALS_COPYRIGHT_TAG.,VALIDATED,GLOBAL_EXACT_COPYRIGHT_SECOND_REVIEW_V1.csv; second-review=GLOBAL_EXACT_COPYRIGHT_SECOND_REVIEW_V1.csv; key=the_coffin_of_andy_and_leyley; candidate_root_hint=the_coffin_of_andy_and_leyley; state=PASS,SAFE_TO_MIGRATE
Family,the_devil_and_s-13,FAMILY_HOME,the_devil_and_s-13,EXACT_COPYRIGHT_REVIEWED,REVIEWED_QUALIFIER_COPYRIGHT,,Second-reviewed Issue #180 exact qualifier review: family key 'the_devil_and_s-13' equals the unique in-catalog Copyright root 'the_devil_and_s-13'; candidate_authority=EXACT_QUALIFIER_EQUALS_COPYRIGHT_TAG.,VALIDATED,GLOBAL_EXACT_COPYRIGHT_SECOND_REVIEW_V1.csv; second-review=GLOBAL_EXACT_COPYRIGHT_SECOND_REVIEW_V1.csv; key=the_devil_and_s-13; candidate_root_hint=the_devil_and_s-13; state=PASS,SAFE_TO_MIGRATE
Family,the_last_of_us,FAMILY_HOME,the_last_of_us,EXACT_COPYRIGHT_REVIEWED,REVIEWED_QUALIFIER_COPYRIGHT,,Second-reviewed Issue #180 exact qualifier review: family key 'the_last_of_us' equals the unique in-catalog Copyright root 'the_last_of_us'; candidate_authority=EXACT_QUALIFIER_EQUALS_COPYRIGHT_TAG.,VALIDATED,GLOBAL_EXACT_COPYRIGHT_SECOND_REVIEW_V1.csv; second-review=GLOBAL_EXACT_COPYRIGHT_SECOND_REVIEW_V1.csv; key=the_last_of_us; candidate_root_hint=the_last_of_us; state=PASS,SAFE_TO_MIGRATE
Family,the_legend_of_luo_xiaohei,FAMILY_HOME,the_legend_of_luo_xiaohei,EXACT_COPYRIGHT_REVIEWED,REVIEWED_QUALIFIER_COPYRIGHT,,Second-reviewed Issue #180 exact qualifier review: family key 'the_legend_of_luo_xiaohei' equals the unique in-catalog Copyright root 'the_legend_of_luo_xiaohei'; candidate_authority=EXACT_QUALIFIER_EQUALS_COPYRIGHT_TAG.,VALIDATED,GLOBAL_EXACT_COPYRIGHT_SECOND_REVIEW_V1.csv; second-review=GLOBAL_EXACT_COPYRIGHT_SECOND_REVIEW_V1.csv; key=the_legend_of_luo_xiaohei; candidate_root_hint=the_legend_of_luo_xiaohei; state=PASS,SAFE_TO_MIGRATE
Family,the_legend_of_luoxiaohei,FAMILY_HOME,the_legend_of_luo_xiaohei,EXACT_COPYRIGHT_REVIEWED,REVIEWED_QUALIFIER_COPYRIGHT,,Second-reviewed Issue #180 exact qualifier review: family key 'the_legend_of_luoxiaohei' equals the unique in-catalog Copyright root 'the_legend_of_luo_xiaohei'; candidate_authority=EXACT_QUALIFIER_EQUALS_COPYRIGHT_TAG.,VALIDATED,GLOBAL_EXACT_COPYRIGHT_SECOND_REVIEW_V1.csv; second-review=GLOBAL_EXACT_COPYRIGHT_SECOND_REVIEW_V1.csv; key=the_legend_of_luoxiaohei; candidate_root_hint=the_legend_of_luo_xiaohei; state=PASS,SAFE_TO_MIGRATE
Family,the_noexistencen_of_you_and_me,FAMILY_HOME,the_noexistencen_of_you_and_me,EXACT_COPYRIGHT_REVIEWED,REVIEWED_QUALIFIER_COPYRIGHT,,Second-reviewed Issue #180 exact qualifier review: family key 'the_noexistencen_of_you_and_me' equals the unique in-catalog Copyright root 'the_noexistencen_of_you_and_me'; candidate_authority=EXACT_QUALIFIER_EQUALS_COPYRIGHT_TAG.,VALIDATED,GLOBAL_EXACT_COPYRIGHT_SECOND_REVIEW_V1.csv; second-review=GLOBAL_EXACT_COPYRIGHT_SECOND_REVIEW_V1.csv; key=the_noexistencen_of_you_and_me; candidate_root_hint=the_noexistencen_of_you_and_me; state=PASS,SAFE_TO_MIGRATE
Family,the_owl_house,FAMILY_HOME,the_owl_house,EXACT_COPYRIGHT_REVIEWED,REVIEWED_QUALIFIER_COPYRIGHT,,Second-reviewed Issue #180 exact qualifier review: family key 'the_owl_house' equals the unique in-catalog Copyright root 'the_owl_house'; candidate_authority=EXACT_QUALIFIER_EQUALS_COPYRIGHT_TAG.,VALIDATED,GLOBAL_EXACT_COPYRIGHT_SECOND_REVIEW_V1.csv; second-review=GLOBAL_EXACT_COPYRIGHT_SECOND_REVIEW_V1.csv; key=the_owl_house; candidate_root_hint=the_owl_house; state=PASS,SAFE_TO_MIGRATE
Family,the_shining,FAMILY_HOME,the_shining,EXACT_COPYRIGHT_REVIEWED,REVIEWED_QUALIFIER_COPYRIGHT,,Second-reviewed Issue #180 exact qualifier review: family key 'the_shining' equals the unique in-catalog Copyright root 'the_shining'; candidate_authority=EXACT_QUALIFIER_EQUALS_COPYRIGHT_TAG.,VALIDATED,GLOBAL_EXACT_COPYRIGHT_SECOND_REVIEW_V1.csv; second-review=GLOBAL_EXACT_COPYRIGHT_SECOND_REVIEW_V1.csv; key=the_shining; candidate_root_hint=the_shining; state=PASS,SAFE_TO_MIGRATE
Family,the_smoke_room,FAMILY_HOME,the_smoke_room,EXACT_COPYRIGHT_REVIEWED,REVIEWED_QUALIFIER_COPYRIGHT,,Second-reviewed Issue #180 exact qualifier review: family key 'the_smoke_room' equals the unique in-catalog Copyright root 'the_smoke_room'; candidate_authority=EXACT_QUALIFIER_EQUALS_COPYRIGHT_TAG.,VALIDATED,GLOBAL_EXACT_COPYRIGHT_SECOND_REVIEW_V1.csv; second-review=GLOBAL_EXACT_COPYRIGHT_SECOND_REVIEW_V1.csv; key=the_smoke_room; candidate_root_hint=the_smoke_room; state=PASS,SAFE_TO_MIGRATE
Family,the_tale_of_food,FAMILY_HOME,the_tale_of_food,EXACT_COPYRIGHT_REVIEWED,REVIEWED_QUALIFIER_COPYRIGHT,,Second-reviewed Issue #180 exact qualifier review: family key 'the_tale_of_food' equals the unique in-catalog Copyright root 'the_tale_of_food'; candidate_authority=EXACT_QUALIFIER_EQUALS_COPYRIGHT_TAG.,VALIDATED,GLOBAL_EXACT_COPYRIGHT_SECOND_REVIEW_V1.csv; second-review=GLOBAL_EXACT_COPYRIGHT_SECOND_REVIEW_V1.csv; key=the_tale_of_food; candidate_root_hint=the_tale_of_food; state=PASS,SAFE_TO_MIGRATE
Family,the_wizard_of_oz,FAMILY_HOME,the_wizard_of_oz,EXACT_COPYRIGHT_REVIEWED,REVIEWED_QUALIFIER_COPYRIGHT,,Second-reviewed Issue #180 exact qualifier review: family key 'the_wizard_of_oz' equals the unique in-catalog Copyright root 'the_wizard_of_oz'; candidate_authority=EXACT_QUALIFIER_EQUALS_COPYRIGHT_TAG.,VALIDATED,GLOBAL_EXACT_COPYRIGHT_SECOND_REVIEW_V1.csv; second-review=GLOBAL_EXACT_COPYRIGHT_SECOND_REVIEW_V1.csv; key=the_wizard_of_oz; candidate_root_hint=the_wizard_of_oz; state=PASS,SAFE_TO_MIGRATE
Family,this_communication,FAMILY_HOME,this_communication,EXACT_COPYRIGHT_REVIEWED,REVIEWED_QUALIFIER_COPYRIGHT,,Second-reviewed Issue #180 exact qualifier review: family key 'this_communication' equals the unique in-catalog Copyright root 'this_communication'; candidate_authority=EXACT_QUALIFIER_EQUALS_COPYRIGHT_TAG.,VALIDATED,GLOBAL_EXACT_COPYRIGHT_SECOND_REVIEW_V1.csv; second-review=GLOBAL_EXACT_COPYRIGHT_SECOND_REVIEW_V1.csv; key=this_communication; candidate_root_hint=this_communication; state=PASS,SAFE_TO_MIGRATE
Family,tiger_&_bunny,FAMILY_HOME,tiger_&_bunny,EXACT_COPYRIGHT_REVIEWED,REVIEWED_QUALIFIER_COPYRIGHT,,Second-reviewed Issue #180 exact qualifier review: family key 'tiger_&_bunny' equals the unique in-catalog Copyright root 'tiger_&_bunny'; candidate_authority=EXACT_QUALIFIER_EQUALS_COPYRIGHT_TAG.,VALIDATED,GLOBAL_EXACT_COPYRIGHT_SECOND_REVIEW_V1.csv; second-review=GLOBAL_EXACT_COPYRIGHT_SECOND_REVIEW_V1.csv; key=tiger_&_bunny; candidate_root_hint=tiger_&_bunny; state=PASS,SAFE_TO_MIGRATE
Family,time_gal,FAMILY_HOME,time_gal,EXACT_COPYRIGHT_REVIEWED,REVIEWED_QUALIFIER_COPYRIGHT,,Second-reviewed Issue #180 exact qualifier review: family key 'time_gal' equals the unique in-catalog Copyright root 'time_gal'; candidate_authority=EXACT_QUALIFIER_EQUALS_COPYRIGHT_TAG.,VALIDATED,GLOBAL_EXACT_COPYRIGHT_SECOND_REVIEW_V1.csv; second-review=GLOBAL_EXACT_COPYRIGHT_SECOND_REVIEW_V1.csv; key=time_gal; candidate_root_hint=time_gal; state=PASS,SAFE_TO_MIGRATE
Family,tiny_evil,FAMILY_HOME,tiny_evil,EXACT_COPYRIGHT_REVIEWED,REVIEWED_QUALIFIER_COPYRIGHT,,Second-reviewed Issue #180 exact qualifier review: family key 'tiny_evil' equals the unique in-catalog Copyright root 'tiny_evil'; candidate_authority=EXACT_QUALIFIER_EQUALS_COPYRIGHT_TAG.,VALIDATED,GLOBAL_EXACT_COPYRIGHT_SECOND_REVIEW_V1.csv; second-review=GLOBAL_EXACT_COPYRIGHT_SECOND_REVIEW_V1.csv; key=tiny_evil; candidate_root_hint=tiny_evil; state=PASS,SAFE_TO_MIGRATE
Family,titanfall_2,FAMILY_HOME,titanfall_2,EXACT_COPYRIGHT_REVIEWED,REVIEWED_QUALIFIER_COPYRIGHT,,Second-reviewed Issue #180 exact qualifier review: family key 'titanfall_2' equals the unique in-catalog Copyright root 'titanfall_2'; candidate_authority=EXACT_QUALIFIER_EQUALS_COPYRIGHT_TAG.,VALIDATED,GLOBAL_EXACT_COPYRIGHT_SECOND_REVIEW_V1.csv; second-review=GLOBAL_EXACT_COPYRIGHT_SECOND_REVIEW_V1.csv; key=titanfall_2; candidate_root_hint=titanfall_2; state=PASS,SAFE_TO_MIGRATE
Family,to_be_hero_x,FAMILY_HOME,to_be_hero_x,EXACT_COPYRIGHT_REVIEWED,REVIEWED_QUALIFIER_COPYRIGHT,,Second-reviewed Issue #180 exact qualifier review: family key 'to_be_hero_x' equals the unique in-catalog Copyright root 'to_be_hero_x'; candidate_authority=EXACT_QUALIFIER_EQUALS_COPYRIGHT_TAG.,VALIDATED,GLOBAL_EXACT_COPYRIGHT_SECOND_REVIEW_V1.csv; second-review=GLOBAL_EXACT_COPYRIGHT_SECOND_REVIEW_V1.csv; key=to_be_hero_x; candidate_root_hint=to_be_hero_x; state=PASS,SAFE_TO_MIGRATE
Family,to_heart,FAMILY_HOME,to_heart,EXACT_COPYRIGHT_REVIEWED,REVIEWED_QUALIFIER_COPYRIGHT,,Second-reviewed Issue #180 exact qualifier review: family key 'to_heart' equals the unique in-catalog Copyright root 'to_heart'; candidate_authority=EXACT_QUALIFIER_EQUALS_COPYRIGHT_TAG.,VALIDATED,GLOBAL_EXACT_COPYRIGHT_SECOND_REVIEW_V1.csv; second-review=GLOBAL_EXACT_COPYRIGHT_SECOND_REVIEW_V1.csv; key=to_heart; candidate_root_hint=to_heart; state=PASS,SAFE_TO_MIGRATE
Family,to_heart_2,FAMILY_HOME,to_heart_2,EXACT_COPYRIGHT_REVIEWED,REVIEWED_QUALIFIER_COPYRIGHT,,Second-reviewed Issue #180 exact qualifier review: family key 'to_heart_2' equals the unique in-catalog Copyright root 'to_heart_2'; candidate_authority=EXACT_QUALIFIER_EQUALS_COPYRIGHT_TAG.,VALIDATED,GLOBAL_EXACT_COPYRIGHT_SECOND_REVIEW_V1.csv; second-review=GLOBAL_EXACT_COPYRIGHT_SECOND_REVIEW_V1.csv; key=to_heart_2; candidate_root_hint=to_heart_2; state=PASS,SAFE_TO_MIGRATE
Family,to_love-ru,FAMILY_HOME,to_love-ru,EXACT_COPYRIGHT_REVIEWED,REVIEWED_QUALIFIER_COPYRIGHT,,Second-reviewed Issue #180 exact qualifier review: family key 'to_love-ru' equals the unique in-catalog Copyright root 'to_love-ru'; candidate_authority=EXACT_QUALIFIER_EQUALS_COPYRIGHT_TAG.,VALIDATED,GLOBAL_EXACT_COPYRIGHT_SECOND_REVIEW_V1.csv; second-review=GLOBAL_EXACT_COPYRIGHT_SECOND_REVIEW_V1.csv; key=to_love-ru; candidate_root_hint=to_love-ru; state=PASS,SAFE_TO_MIGRATE
Family,toaru_kagaku_no_railgun,FAMILY_HOME,toaru_kagaku_no_railgun,EXACT_COPYRIGHT_REVIEWED,REVIEWED_QUALIFIER_COPYRIGHT,,Second-reviewed Issue #180 exact qualifier review: family key 'toaru_kagaku_no_railgun' equals the unique in-catalog Copyright root 'toaru_kagaku_no_railgun'; candidate_authority=EXACT_QUALIFIER_EQUALS_COPYRIGHT_TAG.,VALIDATED,GLOBAL_EXACT_COPYRIGHT_SECOND_REVIEW_V1.csv; second-review=GLOBAL_EXACT_COPYRIGHT_SECOND_REVIEW_V1.csv; key=toaru_kagaku_no_railgun; candidate_root_hint=toaru_kagaku_no_railgun; state=PASS,SAFE_TO_MIGRATE
Family,toaru_majutsu_no_index,FAMILY_HOME,toaru_majutsu_no_index,EXACT_COPYRIGHT_REVIEWED,REVIEWED_QUALIFIER_COPYRIGHT,,Second-reviewed Issue #180 exact qualifier review: family key 'toaru_majutsu_no_index' equals the unique in-catalog Copyright root 'toaru_majutsu_no_index'; candidate_authority=EXACT_QUALIFIER_EQUALS_COPYRIGHT_TAG.,VALIDATED,GLOBAL_EXACT_COPYRIGHT_SECOND_REVIEW_V1.csv; second-review=GLOBAL_EXACT_COPYRIGHT_SECOND_REVIEW_V1.csv; key=toaru_majutsu_no_index; candidate_root_hint=toaru_majutsu_no_index; state=PASS,SAFE_TO_MIGRATE
Family,togainu_no_chi,FAMILY_HOME,togainu_no_chi,EXACT_COPYRIGHT_REVIEWED,REVIEWED_QUALIFIER_COPYRIGHT,,Second-reviewed Issue #180 exact qualifier review: family key 'togainu_no_chi' equals the unique in-catalog Copyright root 'togainu_no_chi'; candidate_authority=EXACT_QUALIFIER_EQUALS_COPYRIGHT_TAG.,VALIDATED,GLOBAL_EXACT_COPYRIGHT_SECOND_REVIEW_V1.csv; second-review=GLOBAL_EXACT_COPYRIGHT_SECOND_REVIEW_V1.csv; key=togainu_no_chi; candidate_root_hint=togainu_no_chi; state=PASS,SAFE_TO_MIGRATE
Family,toji_no_miko,FAMILY_HOME,toji_no_miko,EXACT_COPYRIGHT_REVIEWED,REVIEWED_QUALIFIER_COPYRIGHT,,Second-reviewed Issue #180 exact qualifier review: family key 'toji_no_miko' equals the unique in-catalog Copyright root 'toji_no_miko'; candidate_authority=EXACT_QUALIFIER_EQUALS_COPYRIGHT_TAG.,VALIDATED,GLOBAL_EXACT_COPYRIGHT_SECOND_REVIEW_V1.csv; second-review=GLOBAL_EXACT_COPYRIGHT_SECOND_REVIEW_V1.csv; key=toji_no_miko; candidate_root_hint=toji_no_miko; state=PASS,SAFE_TO_MIGRATE
Family,tokyo_ghoul,FAMILY_HOME,tokyo_ghoul,EXACT_COPYRIGHT_REVIEWED,REVIEWED_QUALIFIER_COPYRIGHT,,Second-reviewed Issue #180 exact qualifier review: family key 'tokyo_ghoul' equals the unique in-catalog Copyright root 'tokyo_ghoul'; candidate_authority=EXACT_QUALIFIER_EQUALS_COPYRIGHT_TAG.,VALIDATED,GLOBAL_EXACT_COPYRIGHT_SECOND_REVIEW_V1.csv; second-review=GLOBAL_EXACT_COPYRIGHT_SECOND_REVIEW_V1.csv; key=tokyo_ghoul; candidate_root_hint=tokyo_ghoul; state=PASS,SAFE_TO_MIGRATE
Family,tokyo_revengers,FAMILY_HOME,tokyo_revengers,EXACT_COPYRIGHT_REVIEWED,REVIEWED_QUALIFIER_COPYRIGHT,,Second-reviewed Issue #180 exact qualifier review: family key 'tokyo_revengers' equals the unique in-catalog Copyright root 'tokyo_revengers'; candidate_authority=EXACT_QUALIFIER_EQUALS_COPYRIGHT_TAG.,VALIDATED,GLOBAL_EXACT_COPYRIGHT_SECOND_REVIEW_V1.csv; second-review=GLOBAL_EXACT_COPYRIGHT_SECOND_REVIEW_V1.csv; key=tokyo_revengers; candidate_root_hint=tokyo_revengers; state=PASS,SAFE_TO_MIGRATE
Family,tokyo_xanadu,FAMILY_HOME,tokyo_xanadu,EXACT_COPYRIGHT_REVIEWED,REVIEWED_QUALIFIER_COPYRIGHT,,Second-reviewed Issue #180 exact qualifier review: family key 'tokyo_xanadu' equals the unique in-catalog Copyright root 'tokyo_xanadu'; candidate_authority=EXACT_QUALIFIER_EQUALS_COPYRIGHT_TAG.,VALIDATED,GLOBAL_EXACT_COPYRIGHT_SECOND_REVIEW_V1.csv; second-review=GLOBAL_EXACT_COPYRIGHT_SECOND_REVIEW_V1.csv; key=tokyo_xanadu; candidate_root_hint=tokyo_xanadu; state=PASS,SAFE_TO_MIGRATE
Family,toloveru,FAMILY_HOME,to_love-ru,EXACT_COPYRIGHT_REVIEWED,REVIEWED_QUALIFIER_COPYRIGHT,,Second-reviewed Issue #180 exact qualifier review: family key 'toloveru' equals the unique in-catalog Copyright root 'to_love-ru'; candidate_authority=EXACT_QUALIFIER_EQUALS_COPYRIGHT_TAG.,VALIDATED,GLOBAL_EXACT_COPYRIGHT_SECOND_REVIEW_V1.csv; second-review=GLOBAL_EXACT_COPYRIGHT_SECOND_REVIEW_V1.csv; key=toloveru; candidate_root_hint=to_love-ru; state=PASS,SAFE_TO_MIGRATE
Family,tom_and_jerry,FAMILY_HOME,tom_and_jerry,EXACT_COPYRIGHT_REVIEWED,REVIEWED_QUALIFIER_COPYRIGHT,,Second-reviewed Issue #180 exact qualifier review: family key 'tom_and_jerry' equals the unique in-catalog Copyright root 'tom_and_jerry'; candidate_authority=EXACT_QUALIFIER_EQUALS_COPYRIGHT_TAG.,VALIDATED,GLOBAL_EXACT_COPYRIGHT_SECOND_REVIEW_V1.csv; second-review=GLOBAL_EXACT_COPYRIGHT_SECOND_REVIEW_V1.csv; key=tom_and_jerry; candidate_root_hint=tom_and_jerry; state=PASS,SAFE_TO_MIGRATE
Family,tonari_no_kyuuketsuki-san,FAMILY_HOME,tonari_no_kyuuketsuki-san,EXACT_COPYRIGHT_REVIEWED,REVIEWED_QUALIFIER_COPYRIGHT,,Second-reviewed Issue #180 exact qualifier review: family key 'tonari_no_kyuuketsuki-san' equals the unique in-catalog Copyright root 'tonari_no_kyuuketsuki-san'; candidate_authority=EXACT_QUALIFIER_EQUALS_COPYRIGHT_TAG.,VALIDATED,GLOBAL_EXACT_COPYRIGHT_SECOND_REVIEW_V1.csv; second-review=GLOBAL_EXACT_COPYRIGHT_SECOND_REVIEW_V1.csv; key=tonari_no_kyuuketsuki-san; candidate_root_hint=tonari_no_kyuuketsuki-san; state=PASS,SAFE_TO_MIGRATE
Family,tone_sphere,FAMILY_HOME,tone_sphere,EXACT_COPYRIGHT_REVIEWED,REVIEWED_QUALIFIER_COPYRIGHT,,Second-reviewed Issue #180 exact qualifier review: family key 'tone_sphere' equals the unique in-catalog Copyright root 'tone_sphere'; candidate_authority=EXACT_QUALIFIER_EQUALS_COPYRIGHT_TAG.,VALIDATED,GLOBAL_EXACT_COPYRIGHT_SECOND_REVIEW_V1.csv; second-review=GLOBAL_EXACT_COPYRIGHT_SECOND_REVIEW_V1.csv; key=tone_sphere; candidate_root_hint=tone_sphere; state=PASS,SAFE_TO_MIGRATE
Family,tongari_boushi_no_atelier,FAMILY_HOME,tongari_boushi_no_atelier,EXACT_COPYRIGHT_REVIEWED,REVIEWED_QUALIFIER_COPYRIGHT,,Second-reviewed Issue #180 exact qualifier review: family key 'tongari_boushi_no_atelier' equals the unique in-catalog Copyright root 'tongari_boushi_no_atelier'; candidate_authority=EXACT_QUALIFIER_EQUALS_COPYRIGHT_TAG.,VALIDATED,GLOBAL_EXACT_COPYRIGHT_SECOND_REVIEW_V1.csv; second-review=GLOBAL_EXACT_COPYRIGHT_SECOND_REVIEW_V1.csv; key=tongari_boushi_no_atelier; candidate_root_hint=tongari_boushi_no_atelier; state=PASS,SAFE_TO_MIGRATE
Family,top_wo_nerae_2!,FAMILY_HOME,top_wo_nerae_2!,EXACT_COPYRIGHT_REVIEWED,REVIEWED_QUALIFIER_COPYRIGHT,,Second-reviewed Issue #180 exact qualifier review: family key 'top_wo_nerae_2!' equals the unique in-catalog Copyright root 'top_wo_nerae_2!'; candidate_authority=EXACT_QUALIFIER_EQUALS_COPYRIGHT_TAG.,VALIDATED,GLOBAL_EXACT_COPYRIGHT_SECOND_REVIEW_V1.csv; second-review=GLOBAL_EXACT_COPYRIGHT_SECOND_REVIEW_V1.csv; key=top_wo_nerae_2!; candidate_root_hint=top_wo_nerae_2!; state=PASS,SAFE_TO_MIGRATE
Family,toradora,FAMILY_HOME,toradora!,EXACT_COPYRIGHT_REVIEWED,REVIEWED_QUALIFIER_COPYRIGHT,,Second-reviewed Issue #180 exact qualifier review: family key 'toradora' equals the unique in-catalog Copyright root 'toradora!'; candidate_authority=EXACT_QUALIFIER_EQUALS_COPYRIGHT_TAG.,VALIDATED,GLOBAL_EXACT_COPYRIGHT_SECOND_REVIEW_V1.csv; second-review=GLOBAL_EXACT_COPYRIGHT_SECOND_REVIEW_V1.csv; key=toradora; candidate_root_hint=toradora!; state=PASS,SAFE_TO_MIGRATE
Family,toranoana,FAMILY_HOME,toranoana,EXACT_COPYRIGHT_REVIEWED,REVIEWED_QUALIFIER_COPYRIGHT,,Second-reviewed Issue #180 exact qualifier review: family key 'toranoana' equals the unique in-catalog Copyright root 'toranoana'; candidate_authority=EXACT_QUALIFIER_EQUALS_COPYRIGHT_TAG.,VALIDATED,GLOBAL_EXACT_COPYRIGHT_SECOND_REVIEW_V1.csv; second-review=GLOBAL_EXACT_COPYRIGHT_SECOND_REVIEW_V1.csv; key=toranoana; candidate_root_hint=toranoana; state=PASS,SAFE_TO_MIGRATE
Family,torikissa!,FAMILY_HOME,torikissa!,EXACT_COPYRIGHT_REVIEWED,REVIEWED_QUALIFIER_COPYRIGHT,,Second-reviewed Issue #180 exact qualifier review: family key 'torikissa!' equals the unique in-catalog Copyright root 'torikissa!'; candidate_authority=EXACT_QUALIFIER_EQUALS_COPYRIGHT_TAG.,VALIDATED,GLOBAL_EXACT_COPYRIGHT_SECOND_REVIEW_V1.csv; second-review=GLOBAL_EXACT_COPYRIGHT_SECOND_REVIEW_V1.csv; key=torikissa!; candidate_root_hint=torikissa!; state=PASS,SAFE_TO_MIGRATE
Family,toshi_densetsu_kaitai_center,FAMILY_HOME,toshi_densetsu_kaitai_center,EXACT_COPYRIGHT_REVIEWED,REVIEWED_QUALIFIER_COPYRIGHT,,Second-reviewed Issue #180 exact qualifier review: family key 'toshi_densetsu_kaitai_center' equals the unique in-catalog Copyright root 'toshi_densetsu_kaitai_center'; candidate_authority=EXACT_QUALIFIER_EQUALS_COPYRIGHT_TAG.,VALIDATED,GLOBAL_EXACT_COPYRIGHT_SECOND_REVIEW_V1.csv; second-review=GLOBAL_EXACT_COPYRIGHT_SECOND_REVIEW_V1.csv; key=toshi_densetsu_kaitai_center; candidate_root_hint=toshi_densetsu_kaitai_center; state=PASS,SAFE_TO_MIGRATE
Family,total_drama,FAMILY_HOME,total_drama,EXACT_COPYRIGHT_REVIEWED,REVIEWED_QUALIFIER_COPYRIGHT,,Second-reviewed Issue #180 exact qualifier review: family key 'total_drama' equals the unique in-catalog Copyright root 'total_drama'; candidate_authority=EXACT_QUALIFIER_EQUALS_COPYRIGHT_TAG.,VALIDATED,GLOBAL_EXACT_COPYRIGHT_SECOND_REVIEW_V1.csv; second-review=GLOBAL_EXACT_COPYRIGHT_SECOND_REVIEW_V1.csv; key=total_drama; candidate_root_hint=total_drama; state=PASS,SAFE_TO_MIGRATE
Family,totally_spies!,FAMILY_HOME,totally_spies!,EXACT_COPYRIGHT_REVIEWED,REVIEWED_QUALIFIER_COPYRIGHT,,Second-reviewed Issue #180 exact qualifier review: family key 'totally_spies!' equals the unique in-catalog Copyright root 'totally_spies!'; candidate_authority=EXACT_QUALIFIER_EQUALS_COPYRIGHT_TAG.,VALIDATED,GLOBAL_EXACT_COPYRIGHT_SECOND_REVIEW_V1.csv; second-review=GLOBAL_EXACT_COPYRIGHT_SECOND_REVIEW_V1.csv; key=totally_spies!; candidate_root_hint=totally_spies!; state=PASS,SAFE_TO_MIGRATE
Family,totsukuni_no_shoujo,FAMILY_HOME,totsukuni_no_shoujo,EXACT_COPYRIGHT_REVIEWED,REVIEWED_QUALIFIER_COPYRIGHT,,Second-reviewed Issue #180 exact qualifier review: family key 'totsukuni_no_shoujo' equals the unique in-catalog Copyright root 'totsukuni_no_shoujo'; candidate_authority=EXACT_QUALIFIER_EQUALS_COPYRIGHT_TAG.,VALIDATED,GLOBAL_EXACT_COPYRIGHT_SECOND_REVIEW_V1.csv; second-review=GLOBAL_EXACT_COPYRIGHT_SECOND_REVIEW_V1.csv; key=totsukuni_no_shoujo; candidate_root_hint=totsukuni_no_shoujo; state=PASS,SAFE_TO_MIGRATE
Family,touhou,FAMILY_HOME,touhou,EXACT_COPYRIGHT_REVIEWED,REVIEWED_QUALIFIER_COPYRIGHT,,Second-reviewed Issue #180 exact qualifier review: family key 'touhou' equals the unique in-catalog Copyright root 'touhou'; candidate_authority=EXACT_QUALIFIER_EQUALS_COPYRIGHT_TAG.,VALIDATED,GLOBAL_EXACT_COPYRIGHT_SECOND_REVIEW_V1.csv; second-review=GLOBAL_EXACT_COPYRIGHT_SECOND_REVIEW_V1.csv; key=touhou; candidate_root_hint=touhou; state=PASS,SAFE_TO_MIGRATE
Family,touhou_bougetsushou,FAMILY_HOME,touhou_bougetsushou,EXACT_COPYRIGHT_REVIEWED,REVIEWED_QUALIFIER_COPYRIGHT,,Second-reviewed Issue #180 exact qualifier review: family key 'touhou_bougetsushou' equals the unique in-catalog Copyright root 'touhou_bougetsushou'; candidate_authority=EXACT_QUALIFIER_EQUALS_COPYRIGHT_TAG.,VALIDATED,GLOBAL_EXACT_COPYRIGHT_SECOND_REVIEW_V1.csv; second-review=GLOBAL_EXACT_COPYRIGHT_SECOND_REVIEW_V1.csv; key=touhou_bougetsushou; candidate_root_hint=touhou_bougetsushou; state=PASS,SAFE_TO_MIGRATE
Family,touken_ranbu,FAMILY_HOME,touken_ranbu,EXACT_COPYRIGHT_REVIEWED,REVIEWED_QUALIFIER_COPYRIGHT,,Second-reviewed Issue #180 exact qualifier review: family key 'touken_ranbu' equals the unique in-catalog Copyright root 'touken_ranbu'; candidate_authority=EXACT_QUALIFIER_EQUALS_COPYRIGHT_TAG.,VALIDATED,GLOBAL_EXACT_COPYRIGHT_SECOND_REVIEW_V1.csv; second-review=GLOBAL_EXACT_COPYRIGHT_SECOND_REVIEW_V1.csv; key=touken_ranbu; candidate_root_hint=touken_ranbu; state=PASS,SAFE_TO_MIGRATE
Family,touqi_guaitan,FAMILY_HOME,touqi_guaitan,EXACT_COPYRIGHT_REVIEWED,REVIEWED_QUALIFIER_COPYRIGHT,,Second-reviewed Issue #180 exact qualifier review: family key 'touqi_guaitan' equals the unique in-catalog Copyright root 'touqi_guaitan'; candidate_authority=EXACT_QUALIFIER_EQUALS_COPYRIGHT_TAG.,VALIDATED,GLOBAL_EXACT_COPYRIGHT_SECOND_REVIEW_V1.csv; second-review=GLOBAL_EXACT_COPYRIGHT_SECOND_REVIEW_V1.csv; key=touqi_guaitan; candidate_root_hint=touqi_guaitan; state=PASS,SAFE_TO_MIGRATE
Family,toushinden,FAMILY_HOME,toushinden,EXACT_COPYRIGHT_REVIEWED,REVIEWED_QUALIFIER_COPYRIGHT,,Second-reviewed Issue #180 exact qualifier review: family key 'toushinden' equals the unique in-catalog Copyright root 'toushinden'; candidate_authority=EXACT_QUALIFIER_EQUALS_COPYRIGHT_TAG.,VALIDATED,GLOBAL_EXACT_COPYRIGHT_SECOND_REVIEW_V1.csv; second-review=GLOBAL_EXACT_COPYRIGHT_SECOND_REVIEW_V1.csv; key=toushinden; candidate_root_hint=toushinden; state=PASS,SAFE_TO_MIGRATE
Family,tower_of_fantasy,FAMILY_HOME,tower_of_fantasy,EXACT_COPYRIGHT_REVIEWED,REVIEWED_QUALIFIER_COPYRIGHT,,Second-reviewed Issue #180 exact qualifier review: family key 'tower_of_fantasy' equals the unique in-catalog Copyright root 'tower_of_fantasy'; candidate_authority=EXACT_QUALIFIER_EQUALS_COPYRIGHT_TAG.,VALIDATED,GLOBAL_EXACT_COPYRIGHT_SECOND_REVIEW_V1.csv; second-review=GLOBAL_EXACT_COPYRIGHT_SECOND_REVIEW_V1.csv; key=tower_of_fantasy; candidate_root_hint=tower_of_fantasy; state=PASS,SAFE_TO_MIGRATE
Family,toy_story,FAMILY_HOME,toy_story,EXACT_COPYRIGHT_REVIEWED,REVIEWED_QUALIFIER_COPYRIGHT,,Second-reviewed Issue #180 exact qualifier review: family key 'toy_story' equals the unique in-catalog Copyright root 'toy_story'; candidate_authority=EXACT_QUALIFIER_EQUALS_COPYRIGHT_TAG.,VALIDATED,GLOBAL_EXACT_COPYRIGHT_SECOND_REVIEW_V1.csv; second-review=GLOBAL_EXACT_COPYRIGHT_SECOND_REVIEW_V1.csv; key=toy_story; candidate_root_hint=toy_story; state=PASS,SAFE_TO_MIGRATE
Family,transformers_one,FAMILY_HOME,transformers_one,EXACT_COPYRIGHT_REVIEWED,REVIEWED_QUALIFIER_COPYRIGHT,,Second-reviewed Issue #180 exact qualifier review: family key 'transformers_one' equals the unique in-catalog Copyright root 'transformers_one'; candidate_authority=EXACT_QUALIFIER_EQUALS_COPYRIGHT_TAG.,VALIDATED,GLOBAL_EXACT_COPYRIGHT_SECOND_REVIEW_V1.csv; second-review=GLOBAL_EXACT_COPYRIGHT_SECOND_REVIEW_V1.csv; key=transformers_one; candidate_root_hint=transformers_one; state=PASS,SAFE_TO_MIGRATE
Family,trickcal,FAMILY_HOME,trickcal,FIRST_PARTY_REVIEWED,EXTERNAL_AUTHORITY,https://trickcal.com/,Official Trickcal site identifies the title/character context.,VALIDATED,P1_P3_AUTHORITY_SECOND_REVIEW_V1.csv; second-review=P1_P3_AUTHORITY_SECOND_REVIEW_V1.csv; key=trickcal; candidate_root=trickcal; state=PASS,SAFE_TO_MIGRATE
Family,trigun,FAMILY_HOME,trigun,EXACT_COPYRIGHT_REVIEWED,REVIEWED_QUALIFIER_COPYRIGHT,,Second-reviewed Issue #180 exact qualifier review: family key 'trigun' equals the unique in-catalog Copyright root 'trigun'; candidate_authority=EXACT_QUALIFIER_EQUALS_COPYRIGHT_TAG.,VALIDATED,GLOBAL_EXACT_COPYRIGHT_SECOND_REVIEW_V1.csv; second-review=GLOBAL_EXACT_COPYRIGHT_SECOND_REVIEW_V1.csv; key=trigun; candidate_root_hint=trigun; state=PASS,SAFE_TO_MIGRATE
Family,trouble_spirit,FAMILY_HOME,trouble_spirit!,EXACT_COPYRIGHT_REVIEWED,REVIEWED_QUALIFIER_COPYRIGHT,,Second-reviewed Issue #180 exact qualifier review: family key 'trouble_spirit' equals the unique in-catalog Copyright root 'trouble_spirit!'; candidate_authority=EXACT_QUALIFIER_EQUALS_COPYRIGHT_TAG.,VALIDATED,GLOBAL_EXACT_COPYRIGHT_SECOND_REVIEW_V1.csv; second-review=GLOBAL_EXACT_COPYRIGHT_SECOND_REVIEW_V1.csv; key=trouble_spirit; candidate_root_hint=trouble_spirit!; state=PASS,SAFE_TO_MIGRATE
Family,trusty_bell,FAMILY_HOME,trusty_bell,EXACT_COPYRIGHT_REVIEWED,REVIEWED_QUALIFIER_COPYRIGHT,,Second-reviewed Issue #180 exact qualifier review: family key 'trusty_bell' equals the unique in-catalog Copyright root 'trusty_bell'; candidate_authority=EXACT_QUALIFIER_EQUALS_COPYRIGHT_TAG.,VALIDATED,GLOBAL_EXACT_COPYRIGHT_SECOND_REVIEW_V1.csv; second-review=GLOBAL_EXACT_COPYRIGHT_SECOND_REVIEW_V1.csv; key=trusty_bell; candidate_root_hint=trusty_bell; state=PASS,SAFE_TO_MIGRATE
Family,tsubasa_chronicle,FAMILY_HOME,tsubasa_chronicle,EXACT_COPYRIGHT_REVIEWED,REVIEWED_QUALIFIER_COPYRIGHT,,Second-reviewed Issue #180 exact qualifier review: family key 'tsubasa_chronicle' equals the unique in-catalog Copyright root 'tsubasa_chronicle'; candidate_authority=EXACT_QUALIFIER_EQUALS_COPYRIGHT_TAG.,VALIDATED,GLOBAL_EXACT_COPYRIGHT_SECOND_REVIEW_V1.csv; second-review=GLOBAL_EXACT_COPYRIGHT_SECOND_REVIEW_V1.csv; key=tsubasa_chronicle; candidate_root_hint=tsubasa_chronicle; state=PASS,SAFE_TO_MIGRATE
Family,tsugumomo,FAMILY_HOME,tsugumomo,EXACT_COPYRIGHT_REVIEWED,REVIEWED_QUALIFIER_COPYRIGHT,,Second-reviewed Issue #180 exact qualifier review: family key 'tsugumomo' equals the unique in-catalog Copyright root 'tsugumomo'; candidate_authority=EXACT_QUALIFIER_EQUALS_COPYRIGHT_TAG.,VALIDATED,GLOBAL_EXACT_COPYRIGHT_SECOND_REVIEW_V1.csv; second-review=GLOBAL_EXACT_COPYRIGHT_SECOND_REVIEW_V1.csv; key=tsugumomo; candidate_root_hint=tsugumomo; state=PASS,SAFE_TO_MIGRATE
Family,tsuki_ga_michibiku_isekai_douchuu,FAMILY_HOME,tsuki_ga_michibiku_isekai_douchuu,EXACT_COPYRIGHT_REVIEWED,REVIEWED_QUALIFIER_COPYRIGHT,,Second-reviewed Issue #180 exact qualifier review: family key 'tsuki_ga_michibiku_isekai_douchuu' equals the unique in-catalog Copyright root 'tsuki_ga_michibiku_isekai_douchuu'; candidate_authority=EXACT_QUALIFIER_EQUALS_COPYRIGHT_TAG.,VALIDATED,GLOBAL_EXACT_COPYRIGHT_SECOND_REVIEW_V1.csv; second-review=GLOBAL_EXACT_COPYRIGHT_SECOND_REVIEW_V1.csv; key=tsuki_ga_michibiku_isekai_douchuu; candidate_root_hint=tsuki_ga_michibiku_isekai_douchuu; state=PASS,SAFE_TO_MIGRATE
Family,tsukihime,FAMILY_HOME,tsukihime,EXACT_COPYRIGHT_REVIEWED,REVIEWED_QUALIFIER_COPYRIGHT,,Second-reviewed Issue #180 exact qualifier review: family key 'tsukihime' equals the unique in-catalog Copyright root 'tsukihime'; candidate_authority=EXACT_QUALIFIER_EQUALS_COPYRIGHT_TAG.,VALIDATED,GLOBAL_EXACT_COPYRIGHT_SECOND_REVIEW_V1.csv; second-review=GLOBAL_EXACT_COPYRIGHT_SECOND_REVIEW_V1.csv; key=tsukihime; candidate_root_hint=tsukihime; state=PASS,SAFE_TO_MIGRATE
Family,tsuma_shibori,FAMILY_HOME,tsuma_shibori,EXACT_COPYRIGHT_REVIEWED,REVIEWED_QUALIFIER_COPYRIGHT,,Second-reviewed Issue #180 exact qualifier review: family key 'tsuma_shibori' equals the unique in-catalog Copyright root 'tsuma_shibori'; candidate_authority=EXACT_QUALIFIER_EQUALS_COPYRIGHT_TAG.,VALIDATED,GLOBAL_EXACT_COPYRIGHT_SECOND_REVIEW_V1.csv; second-review=GLOBAL_EXACT_COPYRIGHT_SECOND_REVIEW_V1.csv; key=tsuma_shibori; candidate_root_hint=tsuma_shibori; state=PASS,SAFE_TO_MIGRATE
Family,tsuritama,FAMILY_HOME,tsuritama,EXACT_COPYRIGHT_REVIEWED,REVIEWED_QUALIFIER_COPYRIGHT,,Second-reviewed Issue #180 exact qualifier review: family key 'tsuritama' equals the unique in-catalog Copyright root 'tsuritama'; candidate_authority=EXACT_QUALIFIER_EQUALS_COPYRIGHT_TAG.,VALIDATED,GLOBAL_EXACT_COPYRIGHT_SECOND_REVIEW_V1.csv; second-review=GLOBAL_EXACT_COPYRIGHT_SECOND_REVIEW_V1.csv; key=tsuritama; candidate_root_hint=tsuritama; state=PASS,SAFE_TO_MIGRATE
Family,twin_angel,FAMILY_HOME,twin_angel,EXACT_COPYRIGHT_REVIEWED,REVIEWED_QUALIFIER_COPYRIGHT,,Second-reviewed Issue #180 exact qualifier review: family key 'twin_angel' equals the unique in-catalog Copyright root 'twin_angel'; candidate_authority=EXACT_QUALIFIER_EQUALS_COPYRIGHT_TAG.,VALIDATED,GLOBAL_EXACT_COPYRIGHT_SECOND_REVIEW_V1.csv; second-review=GLOBAL_EXACT_COPYRIGHT_SECOND_REVIEW_V1.csv; key=twin_angel; candidate_root_hint=twin_angel; state=PASS,SAFE_TO_MIGRATE
Family,twinbee,FAMILY_HOME,twinbee,EXACT_COPYRIGHT_REVIEWED,REVIEWED_QUALIFIER_COPYRIGHT,,Second-reviewed Issue #180 exact qualifier review: family key 'twinbee' equals the unique in-catalog Copyright root 'twinbee'; candidate_authority=EXACT_QUALIFIER_EQUALS_COPYRIGHT_TAG.,VALIDATED,GLOBAL_EXACT_COPYRIGHT_SECOND_REVIEW_V1.csv; second-review=GLOBAL_EXACT_COPYRIGHT_SECOND_REVIEW_V1.csv; key=twinbee; candidate_root_hint=twinbee; state=PASS,SAFE_TO_MIGRATE
Family,twisted_wonderland,FAMILY_HOME,twisted_wonderland,EXACT_COPYRIGHT_REVIEWED,REVIEWED_QUALIFIER_COPYRIGHT,,Second-reviewed Issue #180 exact qualifier review: family key 'twisted_wonderland' equals the unique in-catalog Copyright root 'twisted_wonderland'; candidate_authority=EXACT_QUALIFIER_EQUALS_COPYRIGHT_TAG.,VALIDATED,GLOBAL_EXACT_COPYRIGHT_SECOND_REVIEW_V1.csv; second-review=GLOBAL_EXACT_COPYRIGHT_SECOND_REVIEW_V1.csv; key=twisted_wonderland; candidate_root_hint=twisted_wonderland; state=PASS,SAFE_TO_MIGRATE
Family,uchi_no_kuroneko_onnanoko,FAMILY_HOME,uchi_no_kuroneko_onnanoko,EXACT_COPYRIGHT_REVIEWED,REVIEWED_QUALIFIER_COPYRIGHT,,Second-reviewed Issue #180 exact qualifier review: family key 'uchi_no_kuroneko_onnanoko' equals the unique in-catalog Copyright root 'uchi_no_kuroneko_onnanoko'; candidate_authority=EXACT_QUALIFIER_EQUALS_COPYRIGHT_TAG.,VALIDATED,GLOBAL_EXACT_COPYRIGHT_SECOND_REVIEW_V1.csv; second-review=GLOBAL_EXACT_COPYRIGHT_SECOND_REVIEW_V1.csv; key=uchi_no_kuroneko_onnanoko; candidate_root_hint=uchi_no_kuroneko_onnanoko; state=PASS,SAFE_TO_MIGRATE
Family,uchuu_no_stellvia,FAMILY_HOME,uchuu_no_stellvia,EXACT_COPYRIGHT_REVIEWED,REVIEWED_QUALIFIER_COPYRIGHT,,Second-reviewed Issue #180 exact qualifier review: family key 'uchuu_no_stellvia' equals the unique in-catalog Copyright root 'uchuu_no_stellvia'; candidate_authority=EXACT_QUALIFIER_EQUALS_COPYRIGHT_TAG.,VALIDATED,GLOBAL_EXACT_COPYRIGHT_SECOND_REVIEW_V1.csv; second-review=GLOBAL_EXACT_COPYRIGHT_SECOND_REVIEW_V1.csv; key=uchuu_no_stellvia; candidate_root_hint=uchuu_no_stellvia; state=PASS,SAFE_TO_MIGRATE
Family,uchuu_patrol_luluco,FAMILY_HOME,uchuu_patrol_luluco,EXACT_COPYRIGHT_REVIEWED,REVIEWED_QUALIFIER_COPYRIGHT,,Second-reviewed Issue #180 exact qualifier review: family key 'uchuu_patrol_luluco' equals the unique in-catalog Copyright root 'uchuu_patrol_luluco'; candidate_authority=EXACT_QUALIFIER_EQUALS_COPYRIGHT_TAG.,VALIDATED,GLOBAL_EXACT_COPYRIGHT_SECOND_REVIEW_V1.csv; second-review=GLOBAL_EXACT_COPYRIGHT_SECOND_REVIEW_V1.csv; key=uchuu_patrol_luluco; candidate_root_hint=uchuu_patrol_luluco; state=PASS,SAFE_TO_MIGRATE
Family,ueno-san_wa_bukiyou,FAMILY_HOME,ueno-san_wa_bukiyou,EXACT_COPYRIGHT_REVIEWED,REVIEWED_QUALIFIER_COPYRIGHT,,Second-reviewed Issue #180 exact qualifier review: family key 'ueno-san_wa_bukiyou' equals the unique in-catalog Copyright root 'ueno-san_wa_bukiyou'; candidate_authority=EXACT_QUALIFIER_EQUALS_COPYRIGHT_TAG.,VALIDATED,GLOBAL_EXACT_COPYRIGHT_SECOND_REVIEW_V1.csv; second-review=GLOBAL_EXACT_COPYRIGHT_SECOND_REVIEW_V1.csv; key=ueno-san_wa_bukiyou; candidate_root_hint=ueno-san_wa_bukiyou; state=PASS,SAFE_TO_MIGRATE
Family,ukagaka,FAMILY_HOME,ukagaka,EXACT_COPYRIGHT_REVIEWED,REVIEWED_QUALIFIER_COPYRIGHT,,Second-reviewed Issue #180 exact qualifier review: family key 'ukagaka' equals the unique in-catalog Copyright root 'ukagaka'; candidate_authority=EXACT_QUALIFIER_EQUALS_COPYRIGHT_TAG.,VALIDATED,GLOBAL_EXACT_COPYRIGHT_SECOND_REVIEW_V1.csv; second-review=GLOBAL_EXACT_COPYRIGHT_SECOND_REVIEW_V1.csv; key=ukagaka; candidate_root_hint=ukagaka; state=PASS,SAFE_TO_MIGRATE
Family,ultra_series,FAMILY_HOME,ultra_series,EXACT_COPYRIGHT_REVIEWED,REVIEWED_QUALIFIER_COPYRIGHT,,Second-reviewed Issue #180 exact qualifier review: family key 'ultra_series' equals the unique in-catalog Copyright root 'ultra_series'; candidate_authority=EXACT_QUALIFIER_EQUALS_COPYRIGHT_TAG.,VALIDATED,GLOBAL_EXACT_COPYRIGHT_SECOND_REVIEW_V1.csv; second-review=GLOBAL_EXACT_COPYRIGHT_SECOND_REVIEW_V1.csv; key=ultra_series; candidate_root_hint=ultra_series; state=PASS,SAFE_TO_MIGRATE
Family,ultrakill,FAMILY_HOME,ultrakill,EXACT_COPYRIGHT_REVIEWED,REVIEWED_QUALIFIER_COPYRIGHT,,Second-reviewed Issue #180 exact qualifier review: family key 'ultrakill' equals the unique in-catalog Copyright root 'ultrakill'; candidate_authority=EXACT_QUALIFIER_EQUALS_COPYRIGHT_TAG.,VALIDATED,GLOBAL_EXACT_COPYRIGHT_SECOND_REVIEW_V1.csv; second-review=GLOBAL_EXACT_COPYRIGHT_SECOND_REVIEW_V1.csv; key=ultrakill; candidate_root_hint=ultrakill; state=PASS,SAFE_TO_MIGRATE
Family,um_jammer_lammy,FAMILY_HOME,um_jammer_lammy,EXACT_COPYRIGHT_REVIEWED,REVIEWED_QUALIFIER_COPYRIGHT,,Second-reviewed Issue #180 exact qualifier review: family key 'um_jammer_lammy' equals the unique in-catalog Copyright root 'um_jammer_lammy'; candidate_authority=EXACT_QUALIFIER_EQUALS_COPYRIGHT_TAG.,VALIDATED,GLOBAL_EXACT_COPYRIGHT_SECOND_REVIEW_V1.csv; second-review=GLOBAL_EXACT_COPYRIGHT_SECOND_REVIEW_V1.csv; key=um_jammer_lammy; candidate_root_hint=um_jammer_lammy; state=PASS,SAFE_TO_MIGRATE
Family,umamusume,FAMILY_HOME,umamusume,EXACT_COPYRIGHT_REVIEWED,REVIEWED_QUALIFIER_COPYRIGHT,,Second-reviewed Issue #180 exact qualifier review: family key 'umamusume' equals the unique in-catalog Copyright root 'umamusume'; candidate_authority=EXACT_QUALIFIER_EQUALS_COPYRIGHT_TAG.,VALIDATED,GLOBAL_EXACT_COPYRIGHT_SECOND_REVIEW_V1.csv; second-review=GLOBAL_EXACT_COPYRIGHT_SECOND_REVIEW_V1.csv; key=umamusume; candidate_root_hint=umamusume; state=PASS,SAFE_TO_MIGRATE
Family,umi_monogatari,FAMILY_HOME,umi_monogatari,EXACT_COPYRIGHT_REVIEWED,REVIEWED_QUALIFIER_COPYRIGHT,,Second-reviewed Issue #180 exact qualifier review: family key 'umi_monogatari' equals the unique in-catalog Copyright root 'umi_monogatari'; candidate_authority=EXACT_QUALIFIER_EQUALS_COPYRIGHT_TAG.,VALIDATED,GLOBAL_EXACT_COPYRIGHT_SECOND_REVIEW_V1.csv; second-review=GLOBAL_EXACT_COPYRIGHT_SECOND_REVIEW_V1.csv; key=umi_monogatari; candidate_root_hint=umi_monogatari; state=PASS,SAFE_TO_MIGRATE
Family,undead_unluck,FAMILY_HOME,undead_unluck,EXACT_COPYRIGHT_REVIEWED,REVIEWED_QUALIFIER_COPYRIGHT,,Second-reviewed Issue #180 exact qualifier review: family key 'undead_unluck' equals the unique in-catalog Copyright root 'undead_unluck'; candidate_authority=EXACT_QUALIFIER_EQUALS_COPYRIGHT_TAG.,VALIDATED,GLOBAL_EXACT_COPYRIGHT_SECOND_REVIEW_V1.csv; second-review=GLOBAL_EXACT_COPYRIGHT_SECOND_REVIEW_V1.csv; key=undead_unluck; candidate_root_hint=undead_unluck; state=PASS,SAFE_TO_MIGRATE
Family,under_night_in-birth,FAMILY_HOME,under_night_in-birth,EXACT_COPYRIGHT_REVIEWED,REVIEWED_QUALIFIER_COPYRIGHT,,Second-reviewed Issue #180 exact qualifier review: family key 'under_night_in-birth' equals the unique in-catalog Copyright root 'under_night_in-birth'; candidate_authority=EXACT_QUALIFIER_EQUALS_COPYRIGHT_TAG.,VALIDATED,GLOBAL_EXACT_COPYRIGHT_SECOND_REVIEW_V1.csv; second-review=GLOBAL_EXACT_COPYRIGHT_SECOND_REVIEW_V1.csv; key=under_night_in-birth; candidate_root_hint=under_night_in-birth; state=PASS,SAFE_TO_MIGRATE
Family,under_the_moon,FAMILY_HOME,under_the_moon,EXACT_COPYRIGHT_REVIEWED,REVIEWED_QUALIFIER_COPYRIGHT,,Second-reviewed Issue #180 exact qualifier review: family key 'under_the_moon' equals the unique in-catalog Copyright root 'under_the_moon'; candidate_authority=EXACT_QUALIFIER_EQUALS_COPYRIGHT_TAG.,VALIDATED,GLOBAL_EXACT_COPYRIGHT_SECOND_REVIEW_V1.csv; second-review=GLOBAL_EXACT_COPYRIGHT_SECOND_REVIEW_V1.csv; key=under_the_moon; candidate_root_hint=under_the_moon; state=PASS,SAFE_TO_MIGRATE
Family,undertale,FAMILY_HOME,undertale,EXACT_COPYRIGHT_REVIEWED,REVIEWED_QUALIFIER_COPYRIGHT,,Second-reviewed Issue #180 exact qualifier review: family key 'undertale' equals the unique in-catalog Copyright root 'undertale'; candidate_authority=EXACT_QUALIFIER_EQUALS_COPYRIGHT_TAG.,VALIDATED,GLOBAL_EXACT_COPYRIGHT_SECOND_REVIEW_V1.csv; second-review=GLOBAL_EXACT_COPYRIGHT_SECOND_REVIEW_V1.csv; key=undertale; candidate_root_hint=undertale; state=PASS,SAFE_TO_MIGRATE
Family,unicorn_overlord,FAMILY_HOME,unicorn_overlord,EXACT_COPYRIGHT_REVIEWED,REVIEWED_QUALIFIER_COPYRIGHT,,Second-reviewed Issue #180 exact qualifier review: family key 'unicorn_overlord' equals the unique in-catalog Copyright root 'unicorn_overlord'; candidate_authority=EXACT_QUALIFIER_EQUALS_COPYRIGHT_TAG.,VALIDATED,GLOBAL_EXACT_COPYRIGHT_SECOND_REVIEW_V1.csv; second-review=GLOBAL_EXACT_COPYRIGHT_SECOND_REVIEW_V1.csv; key=unicorn_overlord; candidate_root_hint=unicorn_overlord; state=PASS,SAFE_TO_MIGRATE
Family,untitled_goose_game,FAMILY_HOME,untitled_goose_game,EXACT_COPYRIGHT_REVIEWED,REVIEWED_QUALIFIER_COPYRIGHT,,Second-reviewed Issue #180 exact qualifier review: family key 'untitled_goose_game' equals the unique in-catalog Copyright root 'untitled_goose_game'; candidate_authority=EXACT_QUALIFIER_EQUALS_COPYRIGHT_TAG.,VALIDATED,GLOBAL_EXACT_COPYRIGHT_SECOND_REVIEW_V1.csv; second-review=GLOBAL_EXACT_COPYRIGHT_SECOND_REVIEW_V1.csv; key=untitled_goose_game; candidate_root_hint=untitled_goose_game; state=PASS,SAFE_TO_MIGRATE
Family,upotte!!,FAMILY_HOME,upotte!!,EXACT_COPYRIGHT_REVIEWED,REVIEWED_QUALIFIER_COPYRIGHT,,Second-reviewed Issue #180 exact qualifier review: family key 'upotte!!' equals the unique in-catalog Copyright root 'upotte!!'; candidate_authority=EXACT_QUALIFIER_EQUALS_COPYRIGHT_TAG.,VALIDATED,GLOBAL_EXACT_COPYRIGHT_SECOND_REVIEW_V1.csv; second-review=GLOBAL_EXACT_COPYRIGHT_SECOND_REVIEW_V1.csv; key=upotte!!; candidate_root_hint=upotte!!; state=PASS,SAFE_TO_MIGRATE
Family,urara_meirochou,FAMILY_HOME,urara_meirochou,EXACT_COPYRIGHT_REVIEWED,REVIEWED_QUALIFIER_COPYRIGHT,,Second-reviewed Issue #180 exact qualifier review: family key 'urara_meirochou' equals the unique in-catalog Copyright root 'urara_meirochou'; candidate_authority=EXACT_QUALIFIER_EQUALS_COPYRIGHT_TAG.,VALIDATED,GLOBAL_EXACT_COPYRIGHT_SECOND_REVIEW_V1.csv; second-review=GLOBAL_EXACT_COPYRIGHT_SECOND_REVIEW_V1.csv; key=urara_meirochou; candidate_root_hint=urara_meirochou; state=PASS,SAFE_TO_MIGRATE
Family,urusei_yatsura,FAMILY_HOME,urusei_yatsura,EXACT_COPYRIGHT_REVIEWED,REVIEWED_QUALIFIER_COPYRIGHT,,Second-reviewed Issue #180 exact qualifier review: family key 'urusei_yatsura' equals the unique in-catalog Copyright root 'urusei_yatsura'; candidate_authority=EXACT_QUALIFIER_EQUALS_COPYRIGHT_TAG.,VALIDATED,GLOBAL_EXACT_COPYRIGHT_SECOND_REVIEW_V1.csv; second-review=GLOBAL_EXACT_COPYRIGHT_SECOND_REVIEW_V1.csv; key=urusei_yatsura; candidate_root_hint=urusei_yatsura; state=PASS,SAFE_TO_MIGRATE
Family,usavich,FAMILY_HOME,usavich,EXACT_COPYRIGHT_REVIEWED,REVIEWED_QUALIFIER_COPYRIGHT,,Second-reviewed Issue #180 exact qualifier review: family key 'usavich' equals the unique in-catalog Copyright root 'usavich'; candidate_authority=EXACT_QUALIFIER_EQUALS_COPYRIGHT_TAG.,VALIDATED,GLOBAL_EXACT_COPYRIGHT_SECOND_REVIEW_V1.csv; second-review=GLOBAL_EXACT_COPYRIGHT_SECOND_REVIEW_V1.csv; key=usavich; candidate_root_hint=usavich; state=PASS,SAFE_TO_MIGRATE
Family,ushio_to_tora,FAMILY_HOME,ushio_to_tora,EXACT_COPYRIGHT_REVIEWED,REVIEWED_QUALIFIER_COPYRIGHT,,Second-reviewed Issue #180 exact qualifier review: family key 'ushio_to_tora' equals the unique in-catalog Copyright root 'ushio_to_tora'; candidate_authority=EXACT_QUALIFIER_EQUALS_COPYRIGHT_TAG.,VALIDATED,GLOBAL_EXACT_COPYRIGHT_SECOND_REVIEW_V1.csv; second-review=GLOBAL_EXACT_COPYRIGHT_SECOND_REVIEW_V1.csv; key=ushio_to_tora; candidate_root_hint=ushio_to_tora; state=PASS,SAFE_TO_MIGRATE
Family,uta_no_prince-sama,FAMILY_HOME,uta_no_prince-sama,EXACT_COPYRIGHT_REVIEWED,REVIEWED_QUALIFIER_COPYRIGHT,,Second-reviewed Issue #180 exact qualifier review: family key 'uta_no_prince-sama' equals the unique in-catalog Copyright root 'uta_no_prince-sama'; candidate_authority=EXACT_QUALIFIER_EQUALS_COPYRIGHT_TAG.,VALIDATED,GLOBAL_EXACT_COPYRIGHT_SECOND_REVIEW_V1.csv; second-review=GLOBAL_EXACT_COPYRIGHT_SECOND_REVIEW_V1.csv; key=uta_no_prince-sama; candidate_root_hint=uta_no_prince-sama; state=PASS,SAFE_TO_MIGRATE
Family,va-11_hall-a,FAMILY_HOME,va-11_hall-a,EXACT_COPYRIGHT_REVIEWED,REVIEWED_QUALIFIER_COPYRIGHT,,Second-reviewed Issue #180 exact qualifier review: family key 'va-11_hall-a' equals the unique in-catalog Copyright root 'va-11_hall-a'; candidate_authority=EXACT_QUALIFIER_EQUALS_COPYRIGHT_TAG.,VALIDATED,GLOBAL_EXACT_COPYRIGHT_SECOND_REVIEW_V1.csv; second-review=GLOBAL_EXACT_COPYRIGHT_SECOND_REVIEW_V1.csv; key=va-11_hall-a; candidate_root_hint=va-11_hall-a; state=PASS,SAFE_TO_MIGRATE
Family,vagabond,FAMILY_HOME,vagabond,EXACT_COPYRIGHT_REVIEWED,REVIEWED_QUALIFIER_COPYRIGHT,,Second-reviewed Issue #180 exact qualifier review: family key 'vagabond' equals the unique in-catalog Copyright root 'vagabond'; candidate_authority=EXACT_QUALIFIER_EQUALS_COPYRIGHT_TAG.,VALIDATED,GLOBAL_EXACT_COPYRIGHT_SECOND_REVIEW_V1.csv; second-review=GLOBAL_EXACT_COPYRIGHT_SECOND_REVIEW_V1.csv; key=vagabond; candidate_root_hint=vagabond; state=PASS,SAFE_TO_MIGRATE
Family,valkyrie_drive_-mermaid-,FAMILY_HOME,valkyrie_drive_-mermaid-,EXACT_COPYRIGHT_REVIEWED,REVIEWED_QUALIFIER_COPYRIGHT,,Second-reviewed Issue #180 exact qualifier review: family key 'valkyrie_drive_-mermaid-' equals the unique in-catalog Copyright root 'valkyrie_drive_-mermaid-'; candidate_authority=EXACT_QUALIFIER_EQUALS_COPYRIGHT_TAG.,VALIDATED,GLOBAL_EXACT_COPYRIGHT_SECOND_REVIEW_V1.csv; second-review=GLOBAL_EXACT_COPYRIGHT_SECOND_REVIEW_V1.csv; key=valkyrie_drive_-mermaid-; candidate_root_hint=valkyrie_drive_-mermaid-; state=PASS,SAFE_TO_MIGRATE
Family,valorant,FAMILY_HOME,valorant,EXACT_COPYRIGHT_REVIEWED,REVIEWED_QUALIFIER_COPYRIGHT,,Second-reviewed Issue #180 exact qualifier review: family key 'valorant' equals the unique in-catalog Copyright root 'valorant'; candidate_authority=EXACT_QUALIFIER_EQUALS_COPYRIGHT_TAG.,VALIDATED,GLOBAL_EXACT_COPYRIGHT_SECOND_REVIEW_V1.csv; second-review=GLOBAL_EXACT_COPYRIGHT_SECOND_REVIEW_V1.csv; key=valorant; candidate_root_hint=valorant; state=PASS,SAFE_TO_MIGRATE
Family,vampeerz,FAMILY_HOME,vampeerz,EXACT_COPYRIGHT_REVIEWED,REVIEWED_QUALIFIER_COPYRIGHT,,Second-reviewed Issue #180 exact qualifier review: family key 'vampeerz' equals the unique in-catalog Copyright root 'vampeerz'; candidate_authority=EXACT_QUALIFIER_EQUALS_COPYRIGHT_TAG.,VALIDATED,GLOBAL_EXACT_COPYRIGHT_SECOND_REVIEW_V1.csv; second-review=GLOBAL_EXACT_COPYRIGHT_SECOND_REVIEW_V1.csv; key=vampeerz; candidate_root_hint=vampeerz; state=PASS,SAFE_TO_MIGRATE
Family,vampire_hunter_d,FAMILY_HOME,vampire_hunter_d,EXACT_COPYRIGHT_REVIEWED,REVIEWED_QUALIFIER_COPYRIGHT,,Second-reviewed Issue #180 exact qualifier review: family key 'vampire_hunter_d' equals the unique in-catalog Copyright root 'vampire_hunter_d'; candidate_authority=EXACT_QUALIFIER_EQUALS_COPYRIGHT_TAG.,VALIDATED,GLOBAL_EXACT_COPYRIGHT_SECOND_REVIEW_V1.csv; second-review=GLOBAL_EXACT_COPYRIGHT_SECOND_REVIEW_V1.csv; key=vampire_hunter_d; candidate_root_hint=vampire_hunter_d; state=PASS,SAFE_TO_MIGRATE
Family,vampire_princess_miyu,FAMILY_HOME,vampire_princess_miyu,EXACT_COPYRIGHT_REVIEWED,REVIEWED_QUALIFIER_COPYRIGHT,,Second-reviewed Issue #180 exact qualifier review: family key 'vampire_princess_miyu' equals the unique in-catalog Copyright root 'vampire_princess_miyu'; candidate_authority=EXACT_QUALIFIER_EQUALS_COPYRIGHT_TAG.,VALIDATED,GLOBAL_EXACT_COPYRIGHT_SECOND_REVIEW_V1.csv; second-review=GLOBAL_EXACT_COPYRIGHT_SECOND_REVIEW_V1.csv; key=vampire_princess_miyu; candidate_root_hint=vampire_princess_miyu; state=PASS,SAFE_TO_MIGRATE
Family,vanitas_no_carte,FAMILY_HOME,vanitas_no_carte,EXACT_COPYRIGHT_REVIEWED,REVIEWED_QUALIFIER_COPYRIGHT,,Second-reviewed Issue #180 exact qualifier review: family key 'vanitas_no_carte' equals the unique in-catalog Copyright root 'vanitas_no_carte'; candidate_authority=EXACT_QUALIFIER_EQUALS_COPYRIGHT_TAG.,VALIDATED,GLOBAL_EXACT_COPYRIGHT_SECOND_REVIEW_V1.csv; second-review=GLOBAL_EXACT_COPYRIGHT_SECOND_REVIEW_V1.csv; key=vanitas_no_carte; candidate_root_hint=vanitas_no_carte; state=PASS,SAFE_TO_MIGRATE
Family,vesperbell,FAMILY_HOME,vesperbell,EXACT_COPYRIGHT_REVIEWED,REVIEWED_QUALIFIER_COPYRIGHT,,Second-reviewed Issue #180 exact qualifier review: family key 'vesperbell' equals the unique in-catalog Copyright root 'vesperbell'; candidate_authority=EXACT_QUALIFIER_EQUALS_COPYRIGHT_TAG.,VALIDATED,GLOBAL_EXACT_COPYRIGHT_SECOND_REVIEW_V1.csv; second-review=GLOBAL_EXACT_COPYRIGHT_SECOND_REVIEW_V1.csv; key=vesperbell; candidate_root_hint=vesperbell; state=PASS,SAFE_TO_MIGRATE
Family,victorian_romance_emma,FAMILY_HOME,victorian_romance_emma,EXACT_COPYRIGHT_REVIEWED,REVIEWED_QUALIFIER_COPYRIGHT,,Second-reviewed Issue #180 exact qualifier review: family key 'victorian_romance_emma' equals the unique in-catalog Copyright root 'victorian_romance_emma'; candidate_authority=EXACT_QUALIFIER_EQUALS_COPYRIGHT_TAG.,VALIDATED,GLOBAL_EXACT_COPYRIGHT_SECOND_REVIEW_V1.csv; second-review=GLOBAL_EXACT_COPYRIGHT_SECOND_REVIEW_V1.csv; key=victorian_romance_emma; candidate_root_hint=victorian_romance_emma; state=PASS,SAFE_TO_MIGRATE
Family,villainous,FAMILY_HOME,villainous,EXACT_COPYRIGHT_REVIEWED,REVIEWED_QUALIFIER_COPYRIGHT,,Second-reviewed Issue #180 exact qualifier review: family key 'villainous' equals the unique in-catalog Copyright root 'villainous'; candidate_authority=EXACT_QUALIFIER_EQUALS_COPYRIGHT_TAG.,VALIDATED,GLOBAL_EXACT_COPYRIGHT_SECOND_REVIEW_V1.csv; second-review=GLOBAL_EXACT_COPYRIGHT_SECOND_REVIEW_V1.csv; key=villainous; candidate_root_hint=villainous; state=PASS,SAFE_TO_MIGRATE
Family,vinland_saga,FAMILY_HOME,vinland_saga,EXACT_COPYRIGHT_REVIEWED,REVIEWED_QUALIFIER_COPYRIGHT,,Second-reviewed Issue #180 exact qualifier review: family key 'vinland_saga' equals the unique in-catalog Copyright root 'vinland_saga'; candidate_authority=EXACT_QUALIFIER_EQUALS_COPYRIGHT_TAG.,VALIDATED,GLOBAL_EXACT_COPYRIGHT_SECOND_REVIEW_V1.csv; second-review=GLOBAL_EXACT_COPYRIGHT_SECOND_REVIEW_V1.csv; key=vinland_saga; candidate_root_hint=vinland_saga; state=PASS,SAFE_TO_MIGRATE
Family,virtuareal,FAMILY_HOME,virtuareal,EXACT_COPYRIGHT_REVIEWED,REVIEWED_QUALIFIER_COPYRIGHT,,Second-reviewed Issue #180 exact qualifier review: family key 'virtuareal' equals the unique in-catalog Copyright root 'virtuareal'; candidate_authority=EXACT_QUALIFIER_EQUALS_COPYRIGHT_TAG.,VALIDATED,GLOBAL_EXACT_COPYRIGHT_SECOND_REVIEW_V1.csv; second-review=GLOBAL_EXACT_COPYRIGHT_SECOND_REVIEW_V1.csv; key=virtuareal; candidate_root_hint=virtuareal; state=PASS,SAFE_TO_MIGRATE
Family,vividred_operation,FAMILY_HOME,vividred_operation,EXACT_COPYRIGHT_REVIEWED,REVIEWED_QUALIFIER_COPYRIGHT,,Second-reviewed Issue #180 exact qualifier review: family key 'vividred_operation' equals the unique in-catalog Copyright root 'vividred_operation'; candidate_authority=EXACT_QUALIFIER_EQUALS_COPYRIGHT_TAG.,VALIDATED,GLOBAL_EXACT_COPYRIGHT_SECOND_REVIEW_V1.csv; second-review=GLOBAL_EXACT_COPYRIGHT_SECOND_REVIEW_V1.csv; key=vividred_operation; candidate_root_hint=vividred_operation; state=PASS,SAFE_TO_MIGRATE
Family,vspo!,FAMILY_HOME,vspo!,EXACT_COPYRIGHT_REVIEWED,REVIEWED_QUALIFIER_COPYRIGHT,,Second-reviewed Issue #180 exact qualifier review: family key 'vspo!' equals the unique in-catalog Copyright root 'vspo!'; candidate_authority=EXACT_QUALIFIER_EQUALS_COPYRIGHT_TAG.,VALIDATED,GLOBAL_EXACT_COPYRIGHT_SECOND_REVIEW_V1.csv; second-review=GLOBAL_EXACT_COPYRIGHT_SECOND_REVIEW_V1.csv; key=vspo!; candidate_root_hint=vspo!; state=PASS,SAFE_TO_MIGRATE
Family,wakfu,FAMILY_HOME,wakfu,EXACT_COPYRIGHT_REVIEWED,REVIEWED_QUALIFIER_COPYRIGHT,,Second-reviewed Issue #180 exact qualifier review: family key 'wakfu' equals the unique in-catalog Copyright root 'wakfu'; candidate_authority=EXACT_QUALIFIER_EQUALS_COPYRIGHT_TAG.,VALIDATED,GLOBAL_EXACT_COPYRIGHT_SECOND_REVIEW_V1.csv; second-review=GLOBAL_EXACT_COPYRIGHT_SECOND_REVIEW_V1.csv; key=wakfu; candidate_root_hint=wakfu; state=PASS,SAFE_TO_MIGRATE
Family,waktaverse,FAMILY_HOME,waktaverse,EXACT_COPYRIGHT_REVIEWED,REVIEWED_QUALIFIER_COPYRIGHT,,Second-reviewed Issue #180 exact qualifier review: family key 'waktaverse' equals the unique in-catalog Copyright root 'waktaverse'; candidate_authority=EXACT_QUALIFIER_EQUALS_COPYRIGHT_TAG.,VALIDATED,GLOBAL_EXACT_COPYRIGHT_SECOND_REVIEW_V1.csv; second-review=GLOBAL_EXACT_COPYRIGHT_SECOND_REVIEW_V1.csv; key=waktaverse; candidate_root_hint=waktaverse; state=PASS,SAFE_TO_MIGRATE
Family,wall-e,FAMILY_HOME,wall-e,EXACT_COPYRIGHT_REVIEWED,REVIEWED_QUALIFIER_COPYRIGHT,,Second-reviewed Issue #180 exact qualifier review: family key 'wall-e' equals the unique in-catalog Copyright root 'wall-e'; candidate_authority=EXACT_QUALIFIER_EQUALS_COPYRIGHT_TAG.,VALIDATED,GLOBAL_EXACT_COPYRIGHT_SECOND_REVIEW_V1.csv; second-review=GLOBAL_EXACT_COPYRIGHT_SECOND_REVIEW_V1.csv; key=wall-e; candidate_root_hint=wall-e; state=PASS,SAFE_TO_MIGRATE
Family,wander_over_yonder,FAMILY_HOME,wander_over_yonder,EXACT_COPYRIGHT_REVIEWED,REVIEWED_QUALIFIER_COPYRIGHT,,Second-reviewed Issue #180 exact qualifier review: family key 'wander_over_yonder' equals the unique in-catalog Copyright root 'wander_over_yonder'; candidate_authority=EXACT_QUALIFIER_EQUALS_COPYRIGHT_TAG.,VALIDATED,GLOBAL_EXACT_COPYRIGHT_SECOND_REVIEW_V1.csv; second-review=GLOBAL_EXACT_COPYRIGHT_SECOND_REVIEW_V1.csv; key=wander_over_yonder; candidate_root_hint=wander_over_yonder; state=PASS,SAFE_TO_MIGRATE
Family,wanmei_shijie,FAMILY_HOME,wanmei_shijie,EXACT_COPYRIGHT_REVIEWED,REVIEWED_QUALIFIER_COPYRIGHT,,Second-reviewed Issue #180 exact qualifier review: family key 'wanmei_shijie' equals the unique in-catalog Copyright root 'wanmei_shijie'; candidate_authority=EXACT_QUALIFIER_EQUALS_COPYRIGHT_TAG.,VALIDATED,GLOBAL_EXACT_COPYRIGHT_SECOND_REVIEW_V1.csv; second-review=GLOBAL_EXACT_COPYRIGHT_SECOND_REVIEW_V1.csv; key=wanmei_shijie; candidate_root_hint=wanmei_shijie; state=PASS,SAFE_TO_MIGRATE
Family,warcraft,FAMILY_HOME,warcraft,EXACT_COPYRIGHT_REVIEWED,REVIEWED_QUALIFIER_COPYRIGHT,,Second-reviewed Issue #180 exact qualifier review: family key 'warcraft' equals the unique in-catalog Copyright root 'warcraft'; candidate_authority=EXACT_QUALIFIER_EQUALS_COPYRIGHT_TAG.,VALIDATED,GLOBAL_EXACT_COPYRIGHT_SECOND_REVIEW_V1.csv; second-review=GLOBAL_EXACT_COPYRIGHT_SECOND_REVIEW_V1.csv; key=warcraft; candidate_root_hint=warcraft; state=PASS,SAFE_TO_MIGRATE
Family,warhammer_40k,FAMILY_HOME,warhammer_40k,EXACT_COPYRIGHT_REVIEWED,REVIEWED_QUALIFIER_COPYRIGHT,,Second-reviewed Issue #180 exact qualifier review: family key 'warhammer_40k' equals the unique in-catalog Copyright root 'warhammer_40k'; candidate_authority=EXACT_QUALIFIER_EQUALS_COPYRIGHT_TAG.,VALIDATED,GLOBAL_EXACT_COPYRIGHT_SECOND_REVIEW_V1.csv; second-review=GLOBAL_EXACT_COPYRIGHT_SECOND_REVIEW_V1.csv; key=warhammer_40k; candidate_root_hint=warhammer_40k; state=PASS,SAFE_TO_MIGRATE
Family,warioware,FAMILY_HOME,warioware,EXACT_COPYRIGHT_REVIEWED,REVIEWED_QUALIFIER_COPYRIGHT,,Second-reviewed Issue #180 exact qualifier review: family key 'warioware' equals the unique in-catalog Copyright root 'warioware'; candidate_authority=EXACT_QUALIFIER_EQUALS_COPYRIGHT_TAG.,VALIDATED,GLOBAL_EXACT_COPYRIGHT_SECOND_REVIEW_V1.csv; second-review=GLOBAL_EXACT_COPYRIGHT_SECOND_REVIEW_V1.csv; key=warioware; candidate_root_hint=warioware; state=PASS,SAFE_TO_MIGRATE
Family,warrior_cats,FAMILY_HOME,warrior_cats,EXACT_COPYRIGHT_REVIEWED,REVIEWED_QUALIFIER_COPYRIGHT,,Second-reviewed Issue #180 exact qualifier review: family key 'warrior_cats' equals the unique in-catalog Copyright root 'warrior_cats'; candidate_authority=EXACT_QUALIFIER_EQUALS_COPYRIGHT_TAG.,VALIDATED,GLOBAL_EXACT_COPYRIGHT_SECOND_REVIEW_V1.csv; second-review=GLOBAL_EXACT_COPYRIGHT_SECOND_REVIEW_V1.csv; key=warrior_cats; candidate_root_hint=warrior_cats; state=PASS,SAFE_TO_MIGRATE
Family,warship_girls_r,FAMILY_HOME,warship_girls_r,FIRST_PARTY_REVIEWED,EXTERNAL_AUTHORITY,https://www.moefantasy.co.jp/,Official publisher site establishes Warship Girls R product context.,VALIDATED,P1_P3_AUTHORITY_SECOND_REVIEW_V1.csv; second-review=P1_P3_AUTHORITY_SECOND_REVIEW_V1.csv; key=warship_girls_r; candidate_root=warship_girls_r; state=PASS,SAFE_TO_MIGRATE
Family,warzard,FAMILY_HOME,warzard,EXACT_COPYRIGHT_REVIEWED,REVIEWED_QUALIFIER_COPYRIGHT,,Second-reviewed Issue #180 exact qualifier review: family key 'warzard' equals the unique in-catalog Copyright root 'warzard'; candidate_authority=EXACT_QUALIFIER_EQUALS_COPYRIGHT_TAG.,VALIDATED,GLOBAL_EXACT_COPYRIGHT_SECOND_REVIEW_V1.csv; second-review=GLOBAL_EXACT_COPYRIGHT_SECOND_REVIEW_V1.csv; key=warzard; candidate_root_hint=warzard; state=PASS,SAFE_TO_MIGRATE
Family,wendy's,FAMILY_HOME,wendy's,EXACT_COPYRIGHT_REVIEWED,REVIEWED_QUALIFIER_COPYRIGHT,,"Second-reviewed Issue #180 exact qualifier review: family key ""wendy's"" equals the unique in-catalog Copyright root ""wendy's""; candidate_authority=EXACT_QUALIFIER_EQUALS_COPYRIGHT_TAG.",VALIDATED,GLOBAL_EXACT_COPYRIGHT_SECOND_REVIEW_V1.csv; second-review=GLOBAL_EXACT_COPYRIGHT_SECOND_REVIEW_V1.csv; key=wendy's; candidate_root_hint=wendy's; state=PASS,SAFE_TO_MIGRATE
Family,where's_wally?,FAMILY_HOME,where's_wally?,EXACT_COPYRIGHT_REVIEWED,REVIEWED_QUALIFIER_COPYRIGHT,,"Second-reviewed Issue #180 exact qualifier review: family key ""where's_wally?"" equals the unique in-catalog Copyright root ""where's_wally?""; candidate_authority=EXACT_QUALIFIER_EQUALS_COPYRIGHT_TAG.",VALIDATED,GLOBAL_EXACT_COPYRIGHT_SECOND_REVIEW_V1.csv; second-review=GLOBAL_EXACT_COPYRIGHT_SECOND_REVIEW_V1.csv; key=where's_wally?; candidate_root_hint=where's_wally?; state=PASS,SAFE_TO_MIGRATE
Family,wild_and_horned_hermit,FAMILY_HOME,wild_and_horned_hermit,EXACT_COPYRIGHT_REVIEWED,REVIEWED_QUALIFIER_COPYRIGHT,,Second-reviewed Issue #180 exact qualifier review: family key 'wild_and_horned_hermit' equals the unique in-catalog Copyright root 'wild_and_horned_hermit'; candidate_authority=EXACT_QUALIFIER_EQUALS_COPYRIGHT_TAG.,VALIDATED,GLOBAL_EXACT_COPYRIGHT_SECOND_REVIEW_V1.csv; second-review=GLOBAL_EXACT_COPYRIGHT_SECOND_REVIEW_V1.csv; key=wild_and_horned_hermit; candidate_root_hint=wild_and_horned_hermit; state=PASS,SAFE_TO_MIGRATE
Family,wild_arms,FAMILY_HOME,wild_arms,EXACT_COPYRIGHT_REVIEWED,REVIEWED_QUALIFIER_COPYRIGHT,,Second-reviewed Issue #180 exact qualifier review: family key 'wild_arms' equals the unique in-catalog Copyright root 'wild_arms'; candidate_authority=EXACT_QUALIFIER_EQUALS_COPYRIGHT_TAG.,VALIDATED,GLOBAL_EXACT_COPYRIGHT_SECOND_REVIEW_V1.csv; second-review=GLOBAL_EXACT_COPYRIGHT_SECOND_REVIEW_V1.csv; key=wild_arms; candidate_root_hint=wild_arms; state=PASS,SAFE_TO_MIGRATE
Family,wild_arms_2,FAMILY_HOME,wild_arms_2,EXACT_COPYRIGHT_REVIEWED,REVIEWED_QUALIFIER_COPYRIGHT,,Second-reviewed Issue #180 exact qualifier review: family key 'wild_arms_2' equals the unique in-catalog Copyright root 'wild_arms_2'; candidate_authority=EXACT_QUALIFIER_EQUALS_COPYRIGHT_TAG.,VALIDATED,GLOBAL_EXACT_COPYRIGHT_SECOND_REVIEW_V1.csv; second-review=GLOBAL_EXACT_COPYRIGHT_SECOND_REVIEW_V1.csv; key=wild_arms_2; candidate_root_hint=wild_arms_2; state=PASS,SAFE_TO_MIGRATE
Family,winnie_the_pooh,FAMILY_HOME,winnie_the_pooh,EXACT_COPYRIGHT_REVIEWED,REVIEWED_QUALIFIER_COPYRIGHT,,Second-reviewed Issue #180 exact qualifier review: family key 'winnie_the_pooh' equals the unique in-catalog Copyright root 'winnie_the_pooh'; candidate_authority=EXACT_QUALIFIER_EQUALS_COPYRIGHT_TAG.,VALIDATED,GLOBAL_EXACT_COPYRIGHT_SECOND_REVIEW_V1.csv; second-review=GLOBAL_EXACT_COPYRIGHT_SECOND_REVIEW_V1.csv; key=winnie_the_pooh; candidate_root_hint=winnie_the_pooh; state=PASS,SAFE_TO_MIGRATE
Family,winx_club,FAMILY_HOME,winx_club,EXACT_COPYRIGHT_REVIEWED,REVIEWED_QUALIFIER_COPYRIGHT,,Second-reviewed Issue #180 exact qualifier review: family key 'winx_club' equals the unique in-catalog Copyright root 'winx_club'; candidate_authority=EXACT_QUALIFIER_EQUALS_COPYRIGHT_TAG.,VALIDATED,GLOBAL_EXACT_COPYRIGHT_SECOND_REVIEW_V1.csv; second-review=GLOBAL_EXACT_COPYRIGHT_SECOND_REVIEW_V1.csv; key=winx_club; candidate_root_hint=winx_club; state=PASS,SAFE_TO_MIGRATE
Family,witch,FAMILY_HOME,w.i.t.c.h.,EXACT_COPYRIGHT_REVIEWED,REVIEWED_QUALIFIER_COPYRIGHT,,Second-reviewed Issue #180 exact qualifier review: family key 'witch' equals the unique in-catalog Copyright root 'w.i.t.c.h.'; candidate_authority=EXACT_QUALIFIER_EQUALS_COPYRIGHT_TAG.,VALIDATED,GLOBAL_EXACT_COPYRIGHT_SECOND_REVIEW_V1.csv; second-review=GLOBAL_EXACT_COPYRIGHT_SECOND_REVIEW_V1.csv; key=witch; candidate_root_hint=w.i.t.c.h.; state=PASS,SAFE_TO_MIGRATE
Family,witch's_island,FAMILY_HOME,witch's_island,EXACT_COPYRIGHT_REVIEWED,REVIEWED_QUALIFIER_COPYRIGHT,,"Second-reviewed Issue #180 exact qualifier review: family key ""witch's_island"" equals the unique in-catalog Copyright root ""witch's_island""; candidate_authority=EXACT_QUALIFIER_EQUALS_COPYRIGHT_TAG.",VALIDATED,GLOBAL_EXACT_COPYRIGHT_SECOND_REVIEW_V1.csv; second-review=GLOBAL_EXACT_COPYRIGHT_SECOND_REVIEW_V1.csv; key=witch's_island; candidate_root_hint=witch's_island; state=PASS,SAFE_TO_MIGRATE
Family,witch's_weapon,FAMILY_HOME,witch's_weapon,EXACT_COPYRIGHT_REVIEWED,REVIEWED_QUALIFIER_COPYRIGHT,,"Second-reviewed Issue #180 exact qualifier review: family key ""witch's_weapon"" equals the unique in-catalog Copyright root ""witch's_weapon""; candidate_authority=EXACT_QUALIFIER_EQUALS_COPYRIGHT_TAG.",VALIDATED,GLOBAL_EXACT_COPYRIGHT_SECOND_REVIEW_V1.csv; second-review=GLOBAL_EXACT_COPYRIGHT_SECOND_REVIEW_V1.csv; key=witch's_weapon; candidate_root_hint=witch's_weapon; state=PASS,SAFE_TO_MIGRATE
Family,wixoss,FAMILY_HOME,wixoss,EXACT_COPYRIGHT_REVIEWED,REVIEWED_QUALIFIER_COPYRIGHT,,Second-reviewed Issue #180 exact qualifier review: family key 'wixoss' equals the unique in-catalog Copyright root 'wixoss'; candidate_authority=EXACT_QUALIFIER_EQUALS_COPYRIGHT_TAG.,VALIDATED,GLOBAL_EXACT_COPYRIGHT_SECOND_REVIEW_V1.csv; second-review=GLOBAL_EXACT_COPYRIGHT_SECOND_REVIEW_V1.csv; key=wixoss; candidate_root_hint=wixoss; state=PASS,SAFE_TO_MIGRATE
Family,wolf's_rain,FAMILY_HOME,wolf's_rain,EXACT_COPYRIGHT_REVIEWED,REVIEWED_QUALIFIER_COPYRIGHT,,"Second-reviewed Issue #180 exact qualifier review: family key ""wolf's_rain"" equals the unique in-catalog Copyright root ""wolf's_rain""; candidate_authority=EXACT_QUALIFIER_EQUALS_COPYRIGHT_TAG.",VALIDATED,GLOBAL_EXACT_COPYRIGHT_SECOND_REVIEW_V1.csv; second-review=GLOBAL_EXACT_COPYRIGHT_SECOND_REVIEW_V1.csv; key=wolf's_rain; candidate_root_hint=wolf's_rain; state=PASS,SAFE_TO_MIGRATE
Family,wonderful_precure!,FAMILY_HOME,wonderful_precure!,EXACT_COPYRIGHT_REVIEWED,REVIEWED_QUALIFIER_COPYRIGHT,,Second-reviewed Issue #180 exact qualifier review: family key 'wonderful_precure!' equals the unique in-catalog Copyright root 'wonderful_precure!'; candidate_authority=EXACT_QUALIFIER_EQUALS_COPYRIGHT_TAG.,VALIDATED,GLOBAL_EXACT_COPYRIGHT_SECOND_REVIEW_V1.csv; second-review=GLOBAL_EXACT_COPYRIGHT_SECOND_REVIEW_V1.csv; key=wonderful_precure!; candidate_root_hint=wonderful_precure!; state=PASS,SAFE_TO_MIGRATE
Family,words_worth,FAMILY_HOME,words_worth,EXACT_COPYRIGHT_REVIEWED,REVIEWED_QUALIFIER_COPYRIGHT,,Second-reviewed Issue #180 exact qualifier review: family key 'words_worth' equals the unique in-catalog Copyright root 'words_worth'; candidate_authority=EXACT_QUALIFIER_EQUALS_COPYRIGHT_TAG.,VALIDATED,GLOBAL_EXACT_COPYRIGHT_SECOND_REVIEW_V1.csv; second-review=GLOBAL_EXACT_COPYRIGHT_SECOND_REVIEW_V1.csv; key=words_worth; candidate_root_hint=words_worth; state=PASS,SAFE_TO_MIGRATE
Family,working!!,FAMILY_HOME,working!!,EXACT_COPYRIGHT_REVIEWED,REVIEWED_QUALIFIER_COPYRIGHT,,Second-reviewed Issue #180 exact qualifier review: family key 'working!!' equals the unique in-catalog Copyright root 'working!!'; candidate_authority=EXACT_QUALIFIER_EQUALS_COPYRIGHT_TAG.,VALIDATED,GLOBAL_EXACT_COPYRIGHT_SECOND_REVIEW_V1.csv; second-review=GLOBAL_EXACT_COPYRIGHT_SECOND_REVIEW_V1.csv; key=working!!; candidate_root_hint=working!!; state=PASS,SAFE_TO_MIGRATE
Family,world_dai_star,FAMILY_HOME,world_dai_star,EXACT_COPYRIGHT_REVIEWED,REVIEWED_QUALIFIER_COPYRIGHT,,Second-reviewed Issue #180 exact qualifier review: family key 'world_dai_star' equals the unique in-catalog Copyright root 'world_dai_star'; candidate_authority=EXACT_QUALIFIER_EQUALS_COPYRIGHT_TAG.,VALIDATED,GLOBAL_EXACT_COPYRIGHT_SECOND_REVIEW_V1.csv; second-review=GLOBAL_EXACT_COPYRIGHT_SECOND_REVIEW_V1.csv; key=world_dai_star; candidate_root_hint=world_dai_star; state=PASS,SAFE_TO_MIGRATE
Family,world_flipper,FAMILY_HOME,world_flipper,EXACT_COPYRIGHT_REVIEWED,REVIEWED_QUALIFIER_COPYRIGHT,,Second-reviewed Issue #180 exact qualifier review: family key 'world_flipper' equals the unique in-catalog Copyright root 'world_flipper'; candidate_authority=EXACT_QUALIFIER_EQUALS_COPYRIGHT_TAG.,VALIDATED,GLOBAL_EXACT_COPYRIGHT_SECOND_REVIEW_V1.csv; second-review=GLOBAL_EXACT_COPYRIGHT_SECOND_REVIEW_V1.csv; key=world_flipper; candidate_root_hint=world_flipper; state=PASS,SAFE_TO_MIGRATE
Family,world_trigger,FAMILY_HOME,world_trigger,EXACT_COPYRIGHT_REVIEWED,REVIEWED_QUALIFIER_COPYRIGHT,,Second-reviewed Issue #180 exact qualifier review: family key 'world_trigger' equals the unique in-catalog Copyright root 'world_trigger'; candidate_authority=EXACT_QUALIFIER_EQUALS_COPYRIGHT_TAG.,VALIDATED,GLOBAL_EXACT_COPYRIGHT_SECOND_REVIEW_V1.csv; second-review=GLOBAL_EXACT_COPYRIGHT_SECOND_REVIEW_V1.csv; key=world_trigger; candidate_root_hint=world_trigger; state=PASS,SAFE_TO_MIGRATE
Family,wuhua_mixin,FAMILY_HOME,wuhua_mixin,EXACT_COPYRIGHT_REVIEWED,REVIEWED_QUALIFIER_COPYRIGHT,,Second-reviewed Issue #180 exact qualifier review: family key 'wuhua_mixin' equals the unique in-catalog Copyright root 'wuhua_mixin'; candidate_authority=EXACT_QUALIFIER_EQUALS_COPYRIGHT_TAG.,VALIDATED,GLOBAL_EXACT_COPYRIGHT_SECOND_REVIEW_V1.csv; second-review=GLOBAL_EXACT_COPYRIGHT_SECOND_REVIEW_V1.csv; key=wuhua_mixin; candidate_root_hint=wuhua_mixin; state=PASS,SAFE_TO_MIGRATE
Family,wuthering_waves,FAMILY_HOME,wuthering_waves,EXACT_COPYRIGHT_REVIEWED,REVIEWED_QUALIFIER_COPYRIGHT,,Second-reviewed Issue #180 exact qualifier review: family key 'wuthering_waves' equals the unique in-catalog Copyright root 'wuthering_waves'; candidate_authority=EXACT_QUALIFIER_EQUALS_COPYRIGHT_TAG.,VALIDATED,GLOBAL_EXACT_COPYRIGHT_SECOND_REVIEW_V1.csv; second-review=GLOBAL_EXACT_COPYRIGHT_SECOND_REVIEW_V1.csv; key=wuthering_waves; candidate_root_hint=wuthering_waves; state=PASS,SAFE_TO_MIGRATE
Family,xblaze,FAMILY_HOME,xblaze,EXACT_COPYRIGHT_REVIEWED,REVIEWED_QUALIFIER_COPYRIGHT,,Second-reviewed Issue #180 exact qualifier review: family key 'xblaze' equals the unique in-catalog Copyright root 'xblaze'; candidate_authority=EXACT_QUALIFIER_EQUALS_COPYRIGHT_TAG.,VALIDATED,GLOBAL_EXACT_COPYRIGHT_SECOND_REVIEW_V1.csv; second-review=GLOBAL_EXACT_COPYRIGHT_SECOND_REVIEW_V1.csv; key=xblaze; candidate_root_hint=xblaze; state=PASS,SAFE_TO_MIGRATE
Family,xenogears,FAMILY_HOME,xenogears,EXACT_COPYRIGHT_REVIEWED,REVIEWED_QUALIFIER_COPYRIGHT,,Second-reviewed Issue #180 exact qualifier review: family key 'xenogears' equals the unique in-catalog Copyright root 'xenogears'; candidate_authority=EXACT_QUALIFIER_EQUALS_COPYRIGHT_TAG.,VALIDATED,GLOBAL_EXACT_COPYRIGHT_SECOND_REVIEW_V1.csv; second-review=GLOBAL_EXACT_COPYRIGHT_SECOND_REVIEW_V1.csv; key=xenogears; candidate_root_hint=xenogears; state=PASS,SAFE_TO_MIGRATE
Family,xenosaga,FAMILY_HOME,xenosaga,EXACT_COPYRIGHT_REVIEWED,REVIEWED_QUALIFIER_COPYRIGHT,,Second-reviewed Issue #180 exact qualifier review: family key 'xenosaga' equals the unique in-catalog Copyright root 'xenosaga'; candidate_authority=EXACT_QUALIFIER_EQUALS_COPYRIGHT_TAG.,VALIDATED,GLOBAL_EXACT_COPYRIGHT_SECOND_REVIEW_V1.csv; second-review=GLOBAL_EXACT_COPYRIGHT_SECOND_REVIEW_V1.csv; key=xenosaga; candidate_root_hint=xenosaga; state=PASS,SAFE_TO_MIGRATE
Family,xinyue_tongxing,FAMILY_HOME,xinyue_tongxing,EXACT_COPYRIGHT_REVIEWED,REVIEWED_QUALIFIER_COPYRIGHT,,Second-reviewed Issue #180 exact qualifier review: family key 'xinyue_tongxing' equals the unique in-catalog Copyright root 'xinyue_tongxing'; candidate_authority=EXACT_QUALIFIER_EQUALS_COPYRIGHT_TAG.,VALIDATED,GLOBAL_EXACT_COPYRIGHT_SECOND_REVIEW_V1.csv; second-review=GLOBAL_EXACT_COPYRIGHT_SECOND_REVIEW_V1.csv; key=xinyue_tongxing; candidate_root_hint=xinyue_tongxing; state=PASS,SAFE_TO_MIGRATE
Family,yakusoku_no_neverland,FAMILY_HOME,yakusoku_no_neverland,EXACT_COPYRIGHT_REVIEWED,REVIEWED_QUALIFIER_COPYRIGHT,,Second-reviewed Issue #180 exact qualifier review: family key 'yakusoku_no_neverland' equals the unique in-catalog Copyright root 'yakusoku_no_neverland'; candidate_authority=EXACT_QUALIFIER_EQUALS_COPYRIGHT_TAG.,VALIDATED,GLOBAL_EXACT_COPYRIGHT_SECOND_REVIEW_V1.csv; second-review=GLOBAL_EXACT_COPYRIGHT_SECOND_REVIEW_V1.csv; key=yakusoku_no_neverland; candidate_root_hint=yakusoku_no_neverland; state=PASS,SAFE_TO_MIGRATE
Family,yama_no_susume,FAMILY_HOME,yama_no_susume,EXACT_COPYRIGHT_REVIEWED,REVIEWED_QUALIFIER_COPYRIGHT,,Second-reviewed Issue #180 exact qualifier review: family key 'yama_no_susume' equals the unique in-catalog Copyright root 'yama_no_susume'; candidate_authority=EXACT_QUALIFIER_EQUALS_COPYRIGHT_TAG.,VALIDATED,GLOBAL_EXACT_COPYRIGHT_SECOND_REVIEW_V1.csv; second-review=GLOBAL_EXACT_COPYRIGHT_SECOND_REVIEW_V1.csv; key=yama_no_susume; candidate_root_hint=yama_no_susume; state=PASS,SAFE_TO_MIGRATE
Family,yandere_simulator,FAMILY_HOME,yandere_simulator,EXACT_COPYRIGHT_REVIEWED,REVIEWED_QUALIFIER_COPYRIGHT,,Second-reviewed Issue #180 exact qualifier review: family key 'yandere_simulator' equals the unique in-catalog Copyright root 'yandere_simulator'; candidate_authority=EXACT_QUALIFIER_EQUALS_COPYRIGHT_TAG.,VALIDATED,GLOBAL_EXACT_COPYRIGHT_SECOND_REVIEW_V1.csv; second-review=GLOBAL_EXACT_COPYRIGHT_SECOND_REVIEW_V1.csv; key=yandere_simulator; candidate_root_hint=yandere_simulator; state=PASS,SAFE_TO_MIGRATE
Family,yatterman,FAMILY_HOME,yatterman,EXACT_COPYRIGHT_REVIEWED,REVIEWED_QUALIFIER_COPYRIGHT,,Second-reviewed Issue #180 exact qualifier review: family key 'yatterman' equals the unique in-catalog Copyright root 'yatterman'; candidate_authority=EXACT_QUALIFIER_EQUALS_COPYRIGHT_TAG.,VALIDATED,GLOBAL_EXACT_COPYRIGHT_SECOND_REVIEW_V1.csv; second-review=GLOBAL_EXACT_COPYRIGHT_SECOND_REVIEW_V1.csv; key=yatterman; candidate_root_hint=yatterman; state=PASS,SAFE_TO_MIGRATE
Family,yofukashi_no_uta,FAMILY_HOME,yofukashi_no_uta,EXACT_COPYRIGHT_REVIEWED,REVIEWED_QUALIFIER_COPYRIGHT,,Second-reviewed Issue #180 exact qualifier review: family key 'yofukashi_no_uta' equals the unique in-catalog Copyright root 'yofukashi_no_uta'; candidate_authority=EXACT_QUALIFIER_EQUALS_COPYRIGHT_TAG.,VALIDATED,GLOBAL_EXACT_COPYRIGHT_SECOND_REVIEW_V1.csv; second-review=GLOBAL_EXACT_COPYRIGHT_SECOND_REVIEW_V1.csv; key=yofukashi_no_uta; candidate_root_hint=yofukashi_no_uta; state=PASS,SAFE_TO_MIGRATE
Family,yomawari,FAMILY_HOME,yomawari,EXACT_COPYRIGHT_REVIEWED,REVIEWED_QUALIFIER_COPYRIGHT,,Second-reviewed Issue #180 exact qualifier review: family key 'yomawari' equals the unique in-catalog Copyright root 'yomawari'; candidate_authority=EXACT_QUALIFIER_EQUALS_COPYRIGHT_TAG.,VALIDATED,GLOBAL_EXACT_COPYRIGHT_SECOND_REVIEW_V1.csv; second-review=GLOBAL_EXACT_COPYRIGHT_SECOND_REVIEW_V1.csv; key=yomawari; candidate_root_hint=yomawari; state=PASS,SAFE_TO_MIGRATE
Family,yomi_no_tsugai,FAMILY_HOME,yomi_no_tsugai,EXACT_COPYRIGHT_REVIEWED,REVIEWED_QUALIFIER_COPYRIGHT,,Second-reviewed Issue #180 exact qualifier review: family key 'yomi_no_tsugai' equals the unique in-catalog Copyright root 'yomi_no_tsugai'; candidate_authority=EXACT_QUALIFIER_EQUALS_COPYRIGHT_TAG.,VALIDATED,GLOBAL_EXACT_COPYRIGHT_SECOND_REVIEW_V1.csv; second-review=GLOBAL_EXACT_COPYRIGHT_SECOND_REVIEW_V1.csv; key=yomi_no_tsugai; candidate_root_hint=yomi_no_tsugai; state=PASS,SAFE_TO_MIGRATE
Family,yoru_mac,FAMILY_HOME,yoru_mac,EXACT_COPYRIGHT_REVIEWED,REVIEWED_QUALIFIER_COPYRIGHT,,Second-reviewed Issue #180 exact qualifier review: family key 'yoru_mac' equals the unique in-catalog Copyright root 'yoru_mac'; candidate_authority=EXACT_QUALIFIER_EQUALS_COPYRIGHT_TAG.,VALIDATED,GLOBAL_EXACT_COPYRIGHT_SECOND_REVIEW_V1.csv; second-review=GLOBAL_EXACT_COPYRIGHT_SECOND_REVIEW_V1.csv; key=yoru_mac; candidate_root_hint=yoru_mac; state=PASS,SAFE_TO_MIGRATE
Family,yoru_no_nai_kuni,FAMILY_HOME,yoru_no_nai_kuni,EXACT_COPYRIGHT_REVIEWED,REVIEWED_QUALIFIER_COPYRIGHT,,Second-reviewed Issue #180 exact qualifier review: family key 'yoru_no_nai_kuni' equals the unique in-catalog Copyright root 'yoru_no_nai_kuni'; candidate_authority=EXACT_QUALIFIER_EQUALS_COPYRIGHT_TAG.,VALIDATED,GLOBAL_EXACT_COPYRIGHT_SECOND_REVIEW_V1.csv; second-review=GLOBAL_EXACT_COPYRIGHT_SECOND_REVIEW_V1.csv; key=yoru_no_nai_kuni; candidate_root_hint=yoru_no_nai_kuni; state=PASS,SAFE_TO_MIGRATE
Family,yotsubato!,FAMILY_HOME,yotsubato!,EXACT_COPYRIGHT_REVIEWED,REVIEWED_QUALIFIER_COPYRIGHT,,Second-reviewed Issue #180 exact qualifier review: family key 'yotsubato!' equals the unique in-catalog Copyright root 'yotsubato!'; candidate_authority=EXACT_QUALIFIER_EQUALS_COPYRIGHT_TAG.,VALIDATED,GLOBAL_EXACT_COPYRIGHT_SECOND_REVIEW_V1.csv; second-review=GLOBAL_EXACT_COPYRIGHT_SECOND_REVIEW_V1.csv; key=yotsubato!; candidate_root_hint=yotsubato!; state=PASS,SAFE_TO_MIGRATE
Family,you_can_eat_the_girl,FAMILY_HOME,you_can_eat_the_girl,EXACT_COPYRIGHT_REVIEWED,REVIEWED_QUALIFIER_COPYRIGHT,,Second-reviewed Issue #180 exact qualifier review: family key 'you_can_eat_the_girl' equals the unique in-catalog Copyright root 'you_can_eat_the_girl'; candidate_authority=EXACT_QUALIFIER_EQUALS_COPYRIGHT_TAG.,VALIDATED,GLOBAL_EXACT_COPYRIGHT_SECOND_REVIEW_V1.csv; second-review=GLOBAL_EXACT_COPYRIGHT_SECOND_REVIEW_V1.csv; key=you_can_eat_the_girl; candidate_root_hint=you_can_eat_the_girl; state=PASS,SAFE_TO_MIGRATE
Family,youkai_watch,FAMILY_HOME,youkai_watch,EXACT_COPYRIGHT_REVIEWED,REVIEWED_QUALIFIER_COPYRIGHT,,Second-reviewed Issue #180 exact qualifier review: family key 'youkai_watch' equals the unique in-catalog Copyright root 'youkai_watch'; candidate_authority=EXACT_QUALIFIER_EQUALS_COPYRIGHT_TAG.,VALIDATED,GLOBAL_EXACT_COPYRIGHT_SECOND_REVIEW_V1.csv; second-review=GLOBAL_EXACT_COPYRIGHT_SECOND_REVIEW_V1.csv; key=youkai_watch; candidate_root_hint=youkai_watch; state=PASS,SAFE_TO_MIGRATE
Family,your_diary,FAMILY_HOME,your_diary,EXACT_COPYRIGHT_REVIEWED,REVIEWED_QUALIFIER_COPYRIGHT,,Second-reviewed Issue #180 exact qualifier review: family key 'your_diary' equals the unique in-catalog Copyright root 'your_diary'; candidate_authority=EXACT_QUALIFIER_EQUALS_COPYRIGHT_TAG.,VALIDATED,GLOBAL_EXACT_COPYRIGHT_SECOND_REVIEW_V1.csv; second-review=GLOBAL_EXACT_COPYRIGHT_SECOND_REVIEW_V1.csv; key=your_diary; candidate_root_hint=your_diary; state=PASS,SAFE_TO_MIGRATE
Family,ys,FAMILY_HOME,ys,EXACT_COPYRIGHT_REVIEWED,REVIEWED_QUALIFIER_COPYRIGHT,,Second-reviewed Issue #180 exact qualifier review: family key 'ys' equals the unique in-catalog Copyright root 'ys'; candidate_authority=EXACT_QUALIFIER_EQUALS_COPYRIGHT_TAG.,VALIDATED,GLOBAL_EXACT_COPYRIGHT_SECOND_REVIEW_V1.csv; second-review=GLOBAL_EXACT_COPYRIGHT_SECOND_REVIEW_V1.csv; key=ys; candidate_root_hint=ys; state=PASS,SAFE_TO_MIGRATE
Family,yu-gi-oh!_gx,FAMILY_HOME,yu-gi-oh!_gx,EXACT_COPYRIGHT_REVIEWED,REVIEWED_QUALIFIER_COPYRIGHT,,Second-reviewed Issue #180 exact qualifier review: family key 'yu-gi-oh!_gx' equals the unique in-catalog Copyright root 'yu-gi-oh!_gx'; candidate_authority=EXACT_QUALIFIER_EQUALS_COPYRIGHT_TAG.,VALIDATED,GLOBAL_EXACT_COPYRIGHT_SECOND_REVIEW_V1.csv; second-review=GLOBAL_EXACT_COPYRIGHT_SECOND_REVIEW_V1.csv; key=yu-gi-oh!_gx; candidate_root_hint=yu-gi-oh!_gx; state=PASS,SAFE_TO_MIGRATE
Family,yu_yu_hakusho,FAMILY_HOME,yu_yu_hakusho,EXACT_COPYRIGHT_REVIEWED,REVIEWED_QUALIFIER_COPYRIGHT,,Second-reviewed Issue #180 exact qualifier review: family key 'yu_yu_hakusho' equals the unique in-catalog Copyright root 'yu_yu_hakusho'; candidate_authority=EXACT_QUALIFIER_EQUALS_COPYRIGHT_TAG.,VALIDATED,GLOBAL_EXACT_COPYRIGHT_SECOND_REVIEW_V1.csv; second-review=GLOBAL_EXACT_COPYRIGHT_SECOND_REVIEW_V1.csv; key=yu_yu_hakusho; candidate_root_hint=yu_yu_hakusho; state=PASS,SAFE_TO_MIGRATE
Family,yukata_to_rape_to_aniki_to_ore_to.,FAMILY_HOME,yukata_to_rape_to_aniki_to_ore_to.,EXACT_COPYRIGHT_REVIEWED,REVIEWED_QUALIFIER_COPYRIGHT,,Second-reviewed Issue #180 exact qualifier review: family key 'yukata_to_rape_to_aniki_to_ore_to.' equals the unique in-catalog Copyright root 'yukata_to_rape_to_aniki_to_ore_to.'; candidate_authority=EXACT_QUALIFIER_EQUALS_COPYRIGHT_TAG.,VALIDATED,GLOBAL_EXACT_COPYRIGHT_SECOND_REVIEW_V1.csv; second-review=GLOBAL_EXACT_COPYRIGHT_SECOND_REVIEW_V1.csv; key=yukata_to_rape_to_aniki_to_ore_to.; candidate_root_hint=yukata_to_rape_to_aniki_to_ore_to.; state=PASS,SAFE_TO_MIGRATE
Family,yume_2kki,FAMILY_HOME,yume_2kki,EXACT_COPYRIGHT_REVIEWED,REVIEWED_QUALIFIER_COPYRIGHT,,Second-reviewed Issue #180 exact qualifier review: family key 'yume_2kki' equals the unique in-catalog Copyright root 'yume_2kki'; candidate_authority=EXACT_QUALIFIER_EQUALS_COPYRIGHT_TAG.,VALIDATED,GLOBAL_EXACT_COPYRIGHT_SECOND_REVIEW_V1.csv; second-review=GLOBAL_EXACT_COPYRIGHT_SECOND_REVIEW_V1.csv; key=yume_2kki; candidate_root_hint=yume_2kki; state=PASS,SAFE_TO_MIGRATE
Family,yumenokessho,FAMILY_HOME,yumenokessho,EXACT_COPYRIGHT_REVIEWED,REVIEWED_QUALIFIER_COPYRIGHT,,Second-reviewed Issue #180 exact qualifier review: family key 'yumenokessho' equals the unique in-catalog Copyright root 'yumenokessho'; candidate_authority=EXACT_QUALIFIER_EQUALS_COPYRIGHT_TAG.,VALIDATED,GLOBAL_EXACT_COPYRIGHT_SECOND_REVIEW_V1.csv; second-review=GLOBAL_EXACT_COPYRIGHT_SECOND_REVIEW_V1.csv; key=yumenokessho; candidate_root_hint=yumenokessho; state=PASS,SAFE_TO_MIGRATE
Family,yuni_channel,FAMILY_HOME,yuni_channel,EXACT_COPYRIGHT_REVIEWED,REVIEWED_QUALIFIER_COPYRIGHT,,Second-reviewed Issue #180 exact qualifier review: family key 'yuni_channel' equals the unique in-catalog Copyright root 'yuni_channel'; candidate_authority=EXACT_QUALIFIER_EQUALS_COPYRIGHT_TAG.,VALIDATED,GLOBAL_EXACT_COPYRIGHT_SECOND_REVIEW_V1.csv; second-review=GLOBAL_EXACT_COPYRIGHT_SECOND_REVIEW_V1.csv; key=yuni_channel; candidate_root_hint=yuni_channel; state=PASS,SAFE_TO_MIGRATE
Family,yunyun_denpa_syndrome,FAMILY_HOME,yunyun_denpa_syndrome,EXACT_COPYRIGHT_REVIEWED,REVIEWED_QUALIFIER_COPYRIGHT,,Second-reviewed Issue #180 exact qualifier review: family key 'yunyun_denpa_syndrome' equals the unique in-catalog Copyright root 'yunyun_denpa_syndrome'; candidate_authority=EXACT_QUALIFIER_EQUALS_COPYRIGHT_TAG.,VALIDATED,GLOBAL_EXACT_COPYRIGHT_SECOND_REVIEW_V1.csv; second-review=GLOBAL_EXACT_COPYRIGHT_SECOND_REVIEW_V1.csv; key=yunyun_denpa_syndrome; candidate_root_hint=yunyun_denpa_syndrome; state=PASS,SAFE_TO_MIGRATE
Family,yurucamp,FAMILY_HOME,yurucamp,EXACT_COPYRIGHT_REVIEWED,REVIEWED_QUALIFIER_COPYRIGHT,,Second-reviewed Issue #180 exact qualifier review: family key 'yurucamp' equals the unique in-catalog Copyright root 'yurucamp'; candidate_authority=EXACT_QUALIFIER_EQUALS_COPYRIGHT_TAG.,VALIDATED,GLOBAL_EXACT_COPYRIGHT_SECOND_REVIEW_V1.csv; second-review=GLOBAL_EXACT_COPYRIGHT_SECOND_REVIEW_V1.csv; key=yurucamp; candidate_root_hint=yurucamp; state=PASS,SAFE_TO_MIGRATE
Family,yuruyuri,FAMILY_HOME,yuruyuri,EXACT_COPYRIGHT_REVIEWED,REVIEWED_QUALIFIER_COPYRIGHT,,Second-reviewed Issue #180 exact qualifier review: family key 'yuruyuri' equals the unique in-catalog Copyright root 'yuruyuri'; candidate_authority=EXACT_QUALIFIER_EQUALS_COPYRIGHT_TAG.,VALIDATED,GLOBAL_EXACT_COPYRIGHT_SECOND_REVIEW_V1.csv; second-review=GLOBAL_EXACT_COPYRIGHT_SECOND_REVIEW_V1.csv; key=yuruyuri; candidate_root_hint=yuruyuri; state=PASS,SAFE_TO_MIGRATE
Family,yuushakei_ni_shosu,FAMILY_HOME,yuushakei_ni_shosu,EXACT_COPYRIGHT_REVIEWED,REVIEWED_QUALIFIER_COPYRIGHT,,Second-reviewed Issue #180 exact qualifier review: family key 'yuushakei_ni_shosu' equals the unique in-catalog Copyright root 'yuushakei_ni_shosu'; candidate_authority=EXACT_QUALIFIER_EQUALS_COPYRIGHT_TAG.,VALIDATED,GLOBAL_EXACT_COPYRIGHT_SECOND_REVIEW_V1.csv; second-review=GLOBAL_EXACT_COPYRIGHT_SECOND_REVIEW_V1.csv; key=yuushakei_ni_shosu; candidate_root_hint=yuushakei_ni_shosu; state=PASS,SAFE_TO_MIGRATE
Family,yuuwaku_namaiki_lolita,FAMILY_HOME,yuuwaku_namaiki_lolita,EXACT_COPYRIGHT_REVIEWED,REVIEWED_QUALIFIER_COPYRIGHT,,Second-reviewed Issue #180 exact qualifier review: family key 'yuuwaku_namaiki_lolita' equals the unique in-catalog Copyright root 'yuuwaku_namaiki_lolita'; candidate_authority=EXACT_QUALIFIER_EQUALS_COPYRIGHT_TAG.,VALIDATED,GLOBAL_EXACT_COPYRIGHT_SECOND_REVIEW_V1.csv; second-review=GLOBAL_EXACT_COPYRIGHT_SECOND_REVIEW_V1.csv; key=yuuwaku_namaiki_lolita; candidate_root_hint=yuuwaku_namaiki_lolita; state=PASS,SAFE_TO_MIGRATE
Family,z/x,FAMILY_HOME,z/x,EXACT_COPYRIGHT_REVIEWED,REVIEWED_QUALIFIER_COPYRIGHT,,Second-reviewed Issue #180 exact qualifier review: family key 'z/x' equals the unique in-catalog Copyright root 'z/x'; candidate_authority=EXACT_QUALIFIER_EQUALS_COPYRIGHT_TAG.,VALIDATED,GLOBAL_EXACT_COPYRIGHT_SECOND_REVIEW_V1.csv; second-review=GLOBAL_EXACT_COPYRIGHT_SECOND_REVIEW_V1.csv; key=z/x; candidate_root_hint=z/x; state=PASS,SAFE_TO_MIGRATE
Family,zannen_onna-kanbu_black_general-san,FAMILY_HOME,zannen_onna-kanbu_black_general-san,EXACT_COPYRIGHT_REVIEWED,REVIEWED_QUALIFIER_COPYRIGHT,,Second-reviewed Issue #180 exact qualifier review: family key 'zannen_onna-kanbu_black_general-san' equals the unique in-catalog Copyright root 'zannen_onna-kanbu_black_general-san'; candidate_authority=EXACT_QUALIFIER_EQUALS_COPYRIGHT_TAG.,VALIDATED,GLOBAL_EXACT_COPYRIGHT_SECOND_REVIEW_V1.csv; second-review=GLOBAL_EXACT_COPYRIGHT_SECOND_REVIEW_V1.csv; key=zannen_onna-kanbu_black_general-san; candidate_root_hint=zannen_onna-kanbu_black_general-san; state=PASS,SAFE_TO_MIGRATE
Family,zegapain,FAMILY_HOME,zegapain,EXACT_COPYRIGHT_REVIEWED,REVIEWED_QUALIFIER_COPYRIGHT,,Second-reviewed Issue #180 exact qualifier review: family key 'zegapain' equals the unique in-catalog Copyright root 'zegapain'; candidate_authority=EXACT_QUALIFIER_EQUALS_COPYRIGHT_TAG.,VALIDATED,GLOBAL_EXACT_COPYRIGHT_SECOND_REVIEW_V1.csv; second-review=GLOBAL_EXACT_COPYRIGHT_SECOND_REVIEW_V1.csv; key=zegapain; candidate_root_hint=zegapain; state=PASS,SAFE_TO_MIGRATE
Family,zenbu_kowashite_jigoku_de_aishite,FAMILY_HOME,zenbu_kowashite_jigoku_de_aishite,EXACT_COPYRIGHT_REVIEWED,REVIEWED_QUALIFIER_COPYRIGHT,,Second-reviewed Issue #180 exact qualifier review: family key 'zenbu_kowashite_jigoku_de_aishite' equals the unique in-catalog Copyright root 'zenbu_kowashite_jigoku_de_aishite'; candidate_authority=EXACT_QUALIFIER_EQUALS_COPYRIGHT_TAG.,VALIDATED,GLOBAL_EXACT_COPYRIGHT_SECOND_REVIEW_V1.csv; second-review=GLOBAL_EXACT_COPYRIGHT_SECOND_REVIEW_V1.csv; key=zenbu_kowashite_jigoku_de_aishite; candidate_root_hint=zenbu_kowashite_jigoku_de_aishite; state=PASS,SAFE_TO_MIGRATE
Family,zenless_zone_zero,FAMILY_HOME,zenless_zone_zero,FIRST_PARTY_REVIEWED,EXTERNAL_AUTHORITY,https://zenless.hoyoverse.com/ja-jp/character,Official HoYoverse ZZZ site provides character introductions.,VALIDATED,ROOT_REVIEW_BATCH_A_SECOND_REVIEW_V1.csv; second-review=ROOT_REVIEW_BATCH_A_SECOND_REVIEW_V1.csv; key=zenless_zone_zero; candidate_root=zenless_zone_zero; state=PASS,SAFE_TO_MIGRATE
Family,zero_kara_hajimeru_mahou_no_sho,FAMILY_HOME,zero_kara_hajimeru_mahou_no_sho,EXACT_COPYRIGHT_REVIEWED,REVIEWED_QUALIFIER_COPYRIGHT,,Second-reviewed Issue #180 exact qualifier review: family key 'zero_kara_hajimeru_mahou_no_sho' equals the unique in-catalog Copyright root 'zero_kara_hajimeru_mahou_no_sho'; candidate_authority=EXACT_QUALIFIER_EQUALS_COPYRIGHT_TAG.,VALIDATED,GLOBAL_EXACT_COPYRIGHT_SECOND_REVIEW_V1.csv; second-review=GLOBAL_EXACT_COPYRIGHT_SECOND_REVIEW_V1.csv; key=zero_kara_hajimeru_mahou_no_sho; candidate_root_hint=zero_kara_hajimeru_mahou_no_sho; state=PASS,SAFE_TO_MIGRATE
Family,zero_no_tsukaima,FAMILY_HOME,zero_no_tsukaima,EXACT_COPYRIGHT_REVIEWED,REVIEWED_QUALIFIER_COPYRIGHT,,Second-reviewed Issue #180 exact qualifier review: family key 'zero_no_tsukaima' equals the unique in-catalog Copyright root 'zero_no_tsukaima'; candidate_authority=EXACT_QUALIFIER_EQUALS_COPYRIGHT_TAG.,VALIDATED,GLOBAL_EXACT_COPYRIGHT_SECOND_REVIEW_V1.csv; second-review=GLOBAL_EXACT_COPYRIGHT_SECOND_REVIEW_V1.csv; key=zero_no_tsukaima; candidate_root_hint=zero_no_tsukaima; state=PASS,SAFE_TO_MIGRATE
Family,zhu_xian,FAMILY_HOME,zhu_xian,EXACT_COPYRIGHT_REVIEWED,REVIEWED_QUALIFIER_COPYRIGHT,,Second-reviewed Issue #180 exact qualifier review: family key 'zhu_xian' equals the unique in-catalog Copyright root 'zhu_xian'; candidate_authority=EXACT_QUALIFIER_EQUALS_COPYRIGHT_TAG.,VALIDATED,GLOBAL_EXACT_COPYRIGHT_SECOND_REVIEW_V1.csv; second-review=GLOBAL_EXACT_COPYRIGHT_SECOND_REVIEW_V1.csv; key=zhu_xian; candidate_root_hint=zhu_xian; state=PASS,SAFE_TO_MIGRATE
Family,zoids,FAMILY_HOME,zoids,EXACT_COPYRIGHT_REVIEWED,REVIEWED_QUALIFIER_COPYRIGHT,,Second-reviewed Issue #180 exact qualifier review: family key 'zoids' equals the unique in-catalog Copyright root 'zoids'; candidate_authority=EXACT_QUALIFIER_EQUALS_COPYRIGHT_TAG.,VALIDATED,GLOBAL_EXACT_COPYRIGHT_SECOND_REVIEW_V1.csv; second-review=GLOBAL_EXACT_COPYRIGHT_SECOND_REVIEW_V1.csv; key=zoids; candidate_root_hint=zoids; state=PASS,SAFE_TO_MIGRATE
Family,zombie_high_school,FAMILY_HOME,zombie_high_school,EXACT_COPYRIGHT_REVIEWED,REVIEWED_QUALIFIER_COPYRIGHT,,Second-reviewed Issue #180 exact qualifier review: family key 'zombie_high_school' equals the unique in-catalog Copyright root 'zombie_high_school'; candidate_authority=EXACT_QUALIFIER_EQUALS_COPYRIGHT_TAG.,VALIDATED,GLOBAL_EXACT_COPYRIGHT_SECOND_REVIEW_V1.csv; second-review=GLOBAL_EXACT_COPYRIGHT_SECOND_REVIEW_V1.csv; key=zombie_high_school; candidate_root_hint=zombie_high_school; state=PASS,SAFE_TO_MIGRATE
Family,zombie_land_saga,FAMILY_HOME,zombie_land_saga,EXACT_COPYRIGHT_REVIEWED,REVIEWED_QUALIFIER_COPYRIGHT,,Second-reviewed Issue #180 exact qualifier review: family key 'zombie_land_saga' equals the unique in-catalog Copyright root 'zombie_land_saga'; candidate_authority=EXACT_QUALIFIER_EQUALS_COPYRIGHT_TAG.,VALIDATED,GLOBAL_EXACT_COPYRIGHT_SECOND_REVIEW_V1.csv; second-review=GLOBAL_EXACT_COPYRIGHT_SECOND_REVIEW_V1.csv; key=zombie_land_saga; candidate_root_hint=zombie_land_saga; state=PASS,SAFE_TO_MIGRATE
Family,zombie_stage,FAMILY_HOME,zombie_stage,EXACT_COPYRIGHT_REVIEWED,REVIEWED_QUALIFIER_COPYRIGHT,,Second-reviewed Issue #180 exact qualifier review: family key 'zombie_stage' equals the unique in-catalog Copyright root 'zombie_stage'; candidate_authority=EXACT_QUALIFIER_EQUALS_COPYRIGHT_TAG.,VALIDATED,GLOBAL_EXACT_COPYRIGHT_SECOND_REVIEW_V1.csv; second-review=GLOBAL_EXACT_COPYRIGHT_SECOND_REVIEW_V1.csv; key=zombie_stage; candidate_root_hint=zombie_stage; state=PASS,SAFE_TO_MIGRATE
